Numero_Documento__c,Codigo_Materia,ID_Importacion,Anio_Lectivo
34223113,IA-400,34223113_IA-400_2025-1,2025-1
41907942,NEG-400,41907942_NEG-400_2025-1,2025-1
31153469,UX-100,31153469_UX-100_2025-1,2025-1
36511898,DAT-305,36511898_DAT-305_2025-1,2025-1
44383216,UX-100,44383216_UX-100_2025-1,2025-1
40284355,NEG-400,40284355_NEG-400_2025-1,2025-1
46410216,GEN-101,46410216_GEN-101_2025-1,2025-1
44844263,UX-100,44844263_UX-100_2025-1,2025-1
40833222,DAT-305,40833222_DAT-305_2025-1,2025-1
40852091,DAT-305,40852091_DAT-305_2025-1,2025-1
43342517,DAT-305,43342517_DAT-305_2025-1,2025-1
44730308,NEG-400,44730308_NEG-400_2025-1,2025-1
44445238,DAT-101,44445238_DAT-101_2025-1,2025-1
40269989,DAT-201,40269989_DAT-201_2025-1,2025-1
30277884,MKT-200,30277884_MKT-200_2025-1,2025-1
35310111,DAT-305,35310111_DAT-305_2025-1,2025-1
33362152,DAT-201,33362152_DAT-201_2025-1,2025-1
40204911,DEV-101,40204911_DEV-101_2025-1,2025-1
47320705,NEG-400,47320705_NEG-400_2025-1,2025-1
44724307,DAT-101,44724307_DAT-101_2025-1,2025-1
41016204,DAT-305,41016204_DAT-305_2025-1,2025-1
32844429,DAT-305,32844429_DAT-305_2025-1,2025-1
44286872,GEN-101,44286872_GEN-101_2025-1,2025-1
37090862,DAT-201,37090862_DAT-201_2025-1,2025-1
32027618,GEN-101,32027618_GEN-101_2025-1,2025-1
45280236,DEV-101,45280236_DEV-101_2025-1,2025-1
30224289,MKT-200,30224289_MKT-200_2025-1,2025-1
40437078,DAT-101,40437078_DAT-101_2025-1,2025-1
30808375,UX-100,30808375_UX-100_2025-1,2025-1
34223113,DAT-101,34223113_DAT-101_2025-1,2025-1
37412229,IA-400,37412229_IA-400_2025-1,2025-1
33697024,MKT-200,33697024_MKT-200_2025-1,2025-1
30520054,DEV-101,30520054_DEV-101_2025-1,2025-1
35077928,IA-400,35077928_IA-400_2025-1,2025-1
44343339,DAT-201,44343339_DAT-201_2025-1,2025-1
43729856,NEG-400,43729856_NEG-400_2025-1,2025-1
31445923,IA-300,31445923_IA-300_2025-1,2025-1
38405437,IA-300,38405437_IA-300_2025-1,2025-1
46585675,IA-300,46585675_IA-300_2025-1,2025-1
40235116,DAT-201,40235116_DAT-201_2025-1,2025-1
31221480,IA-400,31221480_IA-400_2025-1,2025-1
40104822,MKT-200,40104822_MKT-200_2025-1,2025-1
37639684,DAT-305,37639684_DAT-305_2025-1,2025-1
33800391,IA-300,33800391_IA-300_2025-1,2025-1
44415606,GEN-101,44415606_GEN-101_2025-1,2025-1
31136038,DAT-201,31136038_DAT-201_2025-1,2025-1
32459600,DAT-101,32459600_DAT-101_2025-1,2025-1
33568791,IA-300,33568791_IA-300_2025-1,2025-1
43507384,DAT-101,43507384_DAT-101_2025-1,2025-1
32604998,IA-400,32604998_IA-400_2025-1,2025-1
44544802,IA-300,44544802_IA-300_2025-1,2025-1
33418893,GEN-101,33418893_GEN-101_2025-1,2025-1
33201122,DAT-101,33201122_DAT-101_2025-1,2025-1
33792064,DAT-101,33792064_DAT-101_2025-1,2025-1
31786305,NEG-400,31786305_NEG-400_2025-1,2025-1
43678310,DAT-305,43678310_DAT-305_2025-1,2025-1
43690930,DAT-101,43690930_DAT-101_2025-1,2025-1
31221561,GEN-101,31221561_GEN-101_2025-1,2025-1
47731681,DAT-305,47731681_DAT-305_2025-1,2025-1
41016204,UX-100,41016204_UX-100_2025-1,2025-1
37799625,DEV-101,37799625_DEV-101_2025-1,2025-1
46890428,DEV-101,46890428_DEV-101_2025-1,2025-1
34316765,DAT-305,34316765_DAT-305_2025-1,2025-1
32935035,DAT-101,32935035_DAT-101_2025-1,2025-1
44190336,DAT-305,44190336_DAT-305_2025-1,2025-1
40175984,IA-400,40175984_IA-400_2025-1,2025-1
31239788,DEV-101,31239788_DEV-101_2025-1,2025-1
30674136,NEG-400,30674136_NEG-400_2025-1,2025-1
44197978,IA-400,44197978_IA-400_2025-1,2025-1
45663240,GEN-101,45663240_GEN-101_2025-1,2025-1
36996781,IA-400,36996781_IA-400_2025-1,2025-1
33518284,DAT-201,33518284_DAT-201_2025-1,2025-1
38714246,IA-300,38714246_IA-300_2025-1,2025-1
33614240,GEN-101,33614240_GEN-101_2025-1,2025-1
47075635,DAT-305,47075635_DAT-305_2025-1,2025-1
38040781,NEG-400,38040781_NEG-400_2025-1,2025-1
34364066,NEG-400,34364066_NEG-400_2025-1,2025-1
43558573,DAT-201,43558573_DAT-201_2025-1,2025-1
45280236,NEG-400,45280236_NEG-400_2025-1,2025-1
32270986,MKT-200,32270986_MKT-200_2025-1,2025-1
45225711,UX-100,45225711_UX-100_2025-1,2025-1
46193548,DAT-305,46193548_DAT-305_2025-1,2025-1
43037722,DAT-101,43037722_DAT-101_2025-1,2025-1
36742732,DAT-101,36742732_DAT-101_2025-1,2025-1
37091816,DAT-305,37091816_DAT-305_2025-1,2025-1
43871938,DEV-101,43871938_DEV-101_2025-1,2025-1
37335497,IA-400,37335497_IA-400_2025-1,2025-1
37639684,DAT-101,37639684_DAT-101_2025-1,2025-1
44086116,UX-100,44086116_UX-100_2025-1,2025-1
31681085,DEV-101,31681085_DEV-101_2025-1,2025-1
41785959,IA-300,41785959_IA-300_2025-1,2025-1
47223646,DAT-101,47223646_DAT-101_2025-1,2025-1
35844073,NEG-400,35844073_NEG-400_2025-1,2025-1
34341037,IA-400,34341037_IA-400_2025-1,2025-1
44476887,GEN-101,44476887_GEN-101_2025-1,2025-1
37412229,DEV-101,37412229_DEV-101_2025-1,2025-1
45311516,IA-400,45311516_IA-400_2025-1,2025-1
45368291,UX-100,45368291_UX-100_2025-1,2025-1
39796864,IA-400,39796864_IA-400_2025-1,2025-1
43652049,NEG-400,43652049_NEG-400_2025-1,2025-1
31332769,UX-100,31332769_UX-100_2025-1,2025-1
36219416,MKT-200,36219416_MKT-200_2025-1,2025-1
47221206,GEN-101,47221206_GEN-101_2025-1,2025-1
31239788,GEN-101,31239788_GEN-101_2025-1,2025-1
30301798,DEV-101,30301798_DEV-101_2025-1,2025-1
31848115,DAT-305,31848115_DAT-305_2025-1,2025-1
47075635,UX-100,47075635_UX-100_2025-1,2025-1
32028866,IA-400,32028866_IA-400_2025-1,2025-1
46193548,IA-400,46193548_IA-400_2025-1,2025-1
36234502,DAT-201,36234502_DAT-201_2025-1,2025-1
40531804,DEV-101,40531804_DEV-101_2025-1,2025-1
45544606,DAT-101,45544606_DAT-101_2025-1,2025-1
45259638,DAT-201,45259638_DAT-201_2025-1,2025-1
37095694,GEN-101,37095694_GEN-101_2025-1,2025-1
40192554,IA-300,40192554_IA-300_2025-1,2025-1
32496231,DAT-201,32496231_DAT-201_2025-1,2025-1
31332769,NEG-400,31332769_NEG-400_2025-1,2025-1
31681085,UX-100,31681085_UX-100_2025-1,2025-1
33201122,DAT-305,33201122_DAT-305_2025-1,2025-1
36858459,DAT-101,36858459_DAT-101_2025-1,2025-1
33594873,GEN-101,33594873_GEN-101_2025-1,2025-1
44490644,NEG-400,44490644_NEG-400_2025-1,2025-1
33479160,DAT-305,33479160_DAT-305_2025-1,2025-1
32789755,DAT-305,32789755_DAT-305_2025-1,2025-1
34197558,IA-400,34197558_IA-400_2025-1,2025-1
43344838,DAT-305,43344838_DAT-305_2025-1,2025-1
38531146,GEN-101,38531146_GEN-101_2025-1,2025-1
36145210,GEN-101,36145210_GEN-101_2025-1,2025-1
47909977,UX-100,47909977_UX-100_2025-1,2025-1
30395149,DEV-101,30395149_DEV-101_2025-1,2025-1
37659718,NEG-400,37659718_NEG-400_2025-1,2025-1
41912939,IA-400,41912939_IA-400_2025-1,2025-1
31559920,DAT-201,31559920_DAT-201_2025-1,2025-1
43605753,DAT-101,43605753_DAT-101_2025-1,2025-1
44284579,GEN-101,44284579_GEN-101_2025-1,2025-1
40305444,DAT-201,40305444_DAT-201_2025-1,2025-1
39820530,NEG-400,39820530_NEG-400_2025-1,2025-1
43498834,NEG-400,43498834_NEG-400_2025-1,2025-1
31349203,MKT-200,31349203_MKT-200_2025-1,2025-1
44521729,UX-100,44521729_UX-100_2025-1,2025-1
44965151,IA-400,44965151_IA-400_2025-1,2025-1
34441439,GEN-101,34441439_GEN-101_2025-1,2025-1
44101321,DEV-101,44101321_DEV-101_2025-1,2025-1
30125745,DEV-101,30125745_DEV-101_2025-1,2025-1
37679372,IA-400,37679372_IA-400_2025-1,2025-1
46572742,DEV-101,46572742_DEV-101_2025-1,2025-1
30064860,DAT-201,30064860_DAT-201_2025-1,2025-1
46966361,DAT-201,46966361_DAT-201_2025-1,2025-1
34057124,MKT-200,34057124_MKT-200_2025-1,2025-1
46193548,DAT-201,46193548_DAT-201_2025-1,2025-1
33381581,GEN-101,33381581_GEN-101_2025-1,2025-1
41234290,DEV-101,41234290_DEV-101_2025-1,2025-1
31486885,DEV-101,31486885_DEV-101_2025-1,2025-1
37013243,DAT-201,37013243_DAT-201_2025-1,2025-1
38946448,DAT-201,38946448_DAT-201_2025-1,2025-1
33379578,DAT-305,33379578_DAT-305_2025-1,2025-1
39220415,DEV-101,39220415_DEV-101_2025-1,2025-1
45711997,MKT-200,45711997_MKT-200_2025-1,2025-1
47221206,DAT-201,47221206_DAT-201_2025-1,2025-1
45539704,NEG-400,45539704_NEG-400_2025-1,2025-1
44490644,UX-100,44490644_UX-100_2025-1,2025-1
45775192,IA-300,45775192_IA-300_2025-1,2025-1
34316765,NEG-400,34316765_NEG-400_2025-1,2025-1
38020693,DAT-201,38020693_DAT-201_2025-1,2025-1
43690930,GEN-101,43690930_GEN-101_2025-1,2025-1
34577564,DAT-101,34577564_DAT-101_2025-1,2025-1
34832335,IA-400,34832335_IA-400_2025-1,2025-1
34841664,DEV-101,34841664_DEV-101_2025-1,2025-1
40774819,DAT-201,40774819_DAT-201_2025-1,2025-1
44025027,DAT-201,44025027_DAT-201_2025-1,2025-1
36659434,GEN-101,36659434_GEN-101_2025-1,2025-1
34923335,NEG-400,34923335_NEG-400_2025-1,2025-1
47607767,DAT-101,47607767_DAT-101_2025-1,2025-1
39160706,MKT-200,39160706_MKT-200_2025-1,2025-1
30713710,DAT-201,30713710_DAT-201_2025-1,2025-1
46762093,NEG-400,46762093_NEG-400_2025-1,2025-1
39068971,DAT-101,39068971_DAT-101_2025-1,2025-1
31153469,IA-400,31153469_IA-400_2025-1,2025-1
40916647,DAT-305,40916647_DAT-305_2025-1,2025-1
36971688,DEV-101,36971688_DEV-101_2025-1,2025-1
34785335,MKT-200,34785335_MKT-200_2025-1,2025-1
32098690,IA-300,32098690_IA-300_2025-1,2025-1
40283838,IA-300,40283838_IA-300_2025-1,2025-1
43615605,MKT-200,43615605_MKT-200_2025-1,2025-1
46398361,GEN-101,46398361_GEN-101_2025-1,2025-1
33452954,DAT-305,33452954_DAT-305_2025-1,2025-1
34944058,DAT-201,34944058_DAT-201_2025-1,2025-1
37799625,GEN-101,37799625_GEN-101_2025-1,2025-1
34888999,IA-300,34888999_IA-300_2025-1,2025-1
44216431,DAT-101,44216431_DAT-101_2025-1,2025-1
43456083,MKT-200,43456083_MKT-200_2025-1,2025-1
31318273,MKT-200,31318273_MKT-200_2025-1,2025-1
40287807,DAT-201,40287807_DAT-201_2025-1,2025-1
36745278,DEV-101,36745278_DEV-101_2025-1,2025-1
43558573,GEN-101,43558573_GEN-101_2025-1,2025-1
46314784,NEG-400,46314784_NEG-400_2025-1,2025-1
45759579,DAT-101,45759579_DAT-101_2025-1,2025-1
36257669,DAT-305,36257669_DAT-305_2025-1,2025-1
45311516,IA-300,45311516_IA-300_2025-1,2025-1
44827801,IA-300,44827801_IA-300_2025-1,2025-1
33179098,DAT-101,33179098_DAT-101_2025-1,2025-1
46518516,DEV-101,46518516_DEV-101_2025-1,2025-1
44229724,DEV-101,44229724_DEV-101_2025-1,2025-1
47611874,GEN-101,47611874_GEN-101_2025-1,2025-1
44221505,DEV-101,44221505_DEV-101_2025-1,2025-1
35930527,DAT-101,35930527_DAT-101_2025-1,2025-1
40400092,DAT-101,40400092_DAT-101_2025-1,2025-1
41132630,UX-100,41132630_UX-100_2025-1,2025-1
44345701,DAT-305,44345701_DAT-305_2025-1,2025-1
32816822,DAT-201,32816822_DAT-201_2025-1,2025-1
40745106,UX-100,40745106_UX-100_2025-1,2025-1
34869838,DAT-201,34869838_DAT-201_2025-1,2025-1
46256042,IA-400,46256042_IA-400_2025-1,2025-1
35850567,IA-400,35850567_IA-400_2025-1,2025-1
30677244,NEG-400,30677244_NEG-400_2025-1,2025-1
32776935,IA-400,32776935_IA-400_2025-1,2025-1
34130787,MKT-200,34130787_MKT-200_2025-1,2025-1
35951430,NEG-400,35951430_NEG-400_2025-1,2025-1
37456292,DAT-201,37456292_DAT-201_2025-1,2025-1
38531146,DAT-305,38531146_DAT-305_2025-1,2025-1
35038799,DEV-101,35038799_DEV-101_2025-1,2025-1
33362152,IA-300,33362152_IA-300_2025-1,2025-1
43871165,GEN-101,43871165_GEN-101_2025-1,2025-1
31864701,IA-300,31864701_IA-300_2025-1,2025-1
32905120,DAT-201,32905120_DAT-201_2025-1,2025-1
31355414,UX-100,31355414_UX-100_2025-1,2025-1
31360651,DAT-101,31360651_DAT-101_2025-1,2025-1
43652049,DAT-101,43652049_DAT-101_2025-1,2025-1
41398180,UX-100,41398180_UX-100_2025-1,2025-1
31297438,UX-100,31297438_UX-100_2025-1,2025-1
37226510,NEG-400,37226510_NEG-400_2025-1,2025-1
47826221,GEN-101,47826221_GEN-101_2025-1,2025-1
32986537,IA-300,32986537_IA-300_2025-1,2025-1
34353357,NEG-400,34353357_NEG-400_2025-1,2025-1
37639684,MKT-200,37639684_MKT-200_2025-1,2025-1
40967959,NEG-400,40967959_NEG-400_2025-1,2025-1
35809204,IA-400,35809204_IA-400_2025-1,2025-1
44224033,DAT-305,44224033_DAT-305_2025-1,2025-1
40228309,NEG-400,40228309_NEG-400_2025-1,2025-1
43496203,GEN-101,43496203_GEN-101_2025-1,2025-1
43831919,UX-100,43831919_UX-100_2025-1,2025-1
36304118,DEV-101,36304118_DEV-101_2025-1,2025-1
47649810,NEG-400,47649810_NEG-400_2025-1,2025-1
40253163,IA-300,40253163_IA-300_2025-1,2025-1
43615605,IA-300,43615605_IA-300_2025-1,2025-1
35077928,DAT-305,35077928_DAT-305_2025-1,2025-1
39126892,DAT-201,39126892_DAT-201_2025-1,2025-1
38002503,IA-300,38002503_IA-300_2025-1,2025-1
31379839,DAT-101,31379839_DAT-101_2025-1,2025-1
47454606,DAT-201,47454606_DAT-201_2025-1,2025-1
37974144,IA-300,37974144_IA-300_2025-1,2025-1
44730308,DAT-305,44730308_DAT-305_2025-1,2025-1
31848115,IA-400,31848115_IA-400_2025-1,2025-1
45474619,GEN-101,45474619_GEN-101_2025-1,2025-1
33568791,DAT-305,33568791_DAT-305_2025-1,2025-1
47021675,MKT-200,47021675_MKT-200_2025-1,2025-1
43991288,IA-400,43991288_IA-400_2025-1,2025-1
32705831,DAT-305,32705831_DAT-305_2025-1,2025-1
38452657,DAT-101,38452657_DAT-101_2025-1,2025-1
39820530,UX-100,39820530_UX-100_2025-1,2025-1
32965831,UX-100,32965831_UX-100_2025-1,2025-1
35821025,DAT-201,35821025_DAT-201_2025-1,2025-1
41785959,GEN-101,41785959_GEN-101_2025-1,2025-1
36745278,UX-100,36745278_UX-100_2025-1,2025-1
32463030,MKT-200,32463030_MKT-200_2025-1,2025-1
34896530,DAT-305,34896530_DAT-305_2025-1,2025-1
31278420,DAT-101,31278420_DAT-101_2025-1,2025-1
46828583,DAT-305,46828583_DAT-305_2025-1,2025-1
36421707,IA-300,36421707_IA-300_2025-1,2025-1
44101321,UX-100,44101321_UX-100_2025-1,2025-1
39107282,GEN-101,39107282_GEN-101_2025-1,2025-1
40176154,IA-300,40176154_IA-300_2025-1,2025-1
46890428,DAT-101,46890428_DAT-101_2025-1,2025-1
34355144,UX-100,34355144_UX-100_2025-1,2025-1
38693211,GEN-101,38693211_GEN-101_2025-1,2025-1
35608376,DAT-201,35608376_DAT-201_2025-1,2025-1
30811908,UX-100,30811908_UX-100_2025-1,2025-1
33175574,DAT-101,33175574_DAT-101_2025-1,2025-1
46780927,IA-300,46780927_IA-300_2025-1,2025-1
40045468,GEN-101,40045468_GEN-101_2025-1,2025-1
34648956,GEN-101,34648956_GEN-101_2025-1,2025-1
37008739,IA-300,37008739_IA-300_2025-1,2025-1
47022459,DEV-101,47022459_DEV-101_2025-1,2025-1
31020972,IA-300,31020972_IA-300_2025-1,2025-1
47122979,DAT-201,47122979_DAT-201_2025-1,2025-1
39255922,GEN-101,39255922_GEN-101_2025-1,2025-1
32581169,UX-100,32581169_UX-100_2025-1,2025-1
30923193,DAT-305,30923193_DAT-305_2025-1,2025-1
40253163,IA-400,40253163_IA-400_2025-1,2025-1
31313953,IA-300,31313953_IA-300_2025-1,2025-1
43492230,DAT-305,43492230_DAT-305_2025-1,2025-1
33088513,DEV-101,33088513_DEV-101_2025-1,2025-1
35837738,NEG-400,35837738_NEG-400_2025-1,2025-1
36996781,GEN-101,36996781_GEN-101_2025-1,2025-1
30395149,UX-100,30395149_UX-100_2025-1,2025-1
43286289,DAT-201,43286289_DAT-201_2025-1,2025-1
47908881,MKT-200,47908881_MKT-200_2025-1,2025-1
39337175,DAT-101,39337175_DAT-101_2025-1,2025-1
38661719,GEN-101,38661719_GEN-101_2025-1,2025-1
34869838,DEV-101,34869838_DEV-101_2025-1,2025-1
37458197,GEN-101,37458197_GEN-101_2025-1,2025-1
30268860,IA-400,30268860_IA-400_2025-1,2025-1
37098062,DAT-305,37098062_DAT-305_2025-1,2025-1
39647120,DAT-101,39647120_DAT-101_2025-1,2025-1
34647475,IA-400,34647475_IA-400_2025-1,2025-1
30074046,DAT-305,30074046_DAT-305_2025-1,2025-1
47367569,NEG-400,47367569_NEG-400_2025-1,2025-1
37561242,DEV-101,37561242_DEV-101_2025-1,2025-1
47915465,IA-300,47915465_IA-300_2025-1,2025-1
31547849,MKT-200,31547849_MKT-200_2025-1,2025-1
31081090,UX-100,31081090_UX-100_2025-1,2025-1
37286941,DEV-101,37286941_DEV-101_2025-1,2025-1
38070258,DAT-305,38070258_DAT-305_2025-1,2025-1
40140970,NEG-400,40140970_NEG-400_2025-1,2025-1
34987487,DAT-305,34987487_DAT-305_2025-1,2025-1
38940969,GEN-101,38940969_GEN-101_2025-1,2025-1
36257669,IA-400,36257669_IA-400_2025-1,2025-1
39905167,DAT-201,39905167_DAT-201_2025-1,2025-1
34057124,NEG-400,34057124_NEG-400_2025-1,2025-1
44101321,GEN-101,44101321_GEN-101_2025-1,2025-1
30528419,UX-100,30528419_UX-100_2025-1,2025-1
35410565,UX-100,35410565_UX-100_2025-1,2025-1
44190336,MKT-200,44190336_MKT-200_2025-1,2025-1
32281165,DAT-201,32281165_DAT-201_2025-1,2025-1
39547835,MKT-200,39547835_MKT-200_2025-1,2025-1
46997300,IA-300,46997300_IA-300_2025-1,2025-1
37095694,DEV-101,37095694_DEV-101_2025-1,2025-1
33610212,IA-400,33610212_IA-400_2025-1,2025-1
33418893,DAT-101,33418893_DAT-101_2025-1,2025-1
43831919,DAT-305,43831919_DAT-305_2025-1,2025-1
37057932,NEG-400,37057932_NEG-400_2025-1,2025-1
37456292,DEV-101,37456292_DEV-101_2025-1,2025-1
47556368,MKT-200,47556368_MKT-200_2025-1,2025-1
34353357,MKT-200,34353357_MKT-200_2025-1,2025-1
38393487,DAT-101,38393487_DAT-101_2025-1,2025-1
31185628,UX-100,31185628_UX-100_2025-1,2025-1
39195104,MKT-200,39195104_MKT-200_2025-1,2025-1
33594873,DEV-101,33594873_DEV-101_2025-1,2025-1
30173121,IA-400,30173121_IA-400_2025-1,2025-1
38452657,IA-300,38452657_IA-300_2025-1,2025-1
45711997,IA-400,45711997_IA-400_2025-1,2025-1
44492127,IA-400,44492127_IA-400_2025-1,2025-1
38549006,DAT-305,38549006_DAT-305_2025-1,2025-1
40745106,DAT-101,40745106_DAT-101_2025-1,2025-1
37098062,IA-400,37098062_IA-400_2025-1,2025-1
39337175,UX-100,39337175_UX-100_2025-1,2025-1
43069128,DAT-101,43069128_DAT-101_2025-1,2025-1
41337962,IA-400,41337962_IA-400_2025-1,2025-1
36570791,UX-100,36570791_UX-100_2025-1,2025-1
32286145,IA-300,32286145_IA-300_2025-1,2025-1
44407218,NEG-400,44407218_NEG-400_2025-1,2025-1
39733145,IA-300,39733145_IA-300_2025-1,2025-1
41051648,GEN-101,41051648_GEN-101_2025-1,2025-1
35608376,DAT-101,35608376_DAT-101_2025-1,2025-1
43402603,DAT-305,43402603_DAT-305_2025-1,2025-1
32108581,GEN-101,32108581_GEN-101_2025-1,2025-1
31909036,IA-300,31909036_IA-300_2025-1,2025-1
33362152,NEG-400,33362152_NEG-400_2025-1,2025-1
39473672,DAT-101,39473672_DAT-101_2025-1,2025-1
34355689,GEN-101,34355689_GEN-101_2025-1,2025-1
37874267,MKT-200,37874267_MKT-200_2025-1,2025-1
39817999,IA-400,39817999_IA-400_2025-1,2025-1
33714793,GEN-101,33714793_GEN-101_2025-1,2025-1
34151433,DEV-101,34151433_DEV-101_2025-1,2025-1
45404573,DAT-201,45404573_DAT-201_2025-1,2025-1
45011218,DEV-101,45011218_DEV-101_2025-1,2025-1
36421707,GEN-101,36421707_GEN-101_2025-1,2025-1
31748817,IA-400,31748817_IA-400_2025-1,2025-1
38340878,MKT-200,38340878_MKT-200_2025-1,2025-1
37219780,IA-300,37219780_IA-300_2025-1,2025-1
33594873,NEG-400,33594873_NEG-400_2025-1,2025-1
40358538,DEV-101,40358538_DEV-101_2025-1,2025-1
46329934,MKT-200,46329934_MKT-200_2025-1,2025-1
47163691,MKT-200,47163691_MKT-200_2025-1,2025-1
46024126,IA-300,46024126_IA-300_2025-1,2025-1
45444903,IA-400,45444903_IA-400_2025-1,2025-1
47633067,UX-100,47633067_UX-100_2025-1,2025-1
34887945,MKT-200,34887945_MKT-200_2025-1,2025-1
44398280,DAT-305,44398280_DAT-305_2025-1,2025-1
30639152,DAT-201,30639152_DAT-201_2025-1,2025-1
47199649,MKT-200,47199649_MKT-200_2025-1,2025-1
35054932,GEN-101,35054932_GEN-101_2025-1,2025-1
41337962,NEG-400,41337962_NEG-400_2025-1,2025-1
39195104,IA-400,39195104_IA-400_2025-1,2025-1
36169395,DAT-101,36169395_DAT-101_2025-1,2025-1
32935035,DEV-101,32935035_DEV-101_2025-1,2025-1
34648956,NEG-400,34648956_NEG-400_2025-1,2025-1
38002503,DAT-201,38002503_DAT-201_2025-1,2025-1
38066467,UX-100,38066467_UX-100_2025-1,2025-1
34873483,IA-300,34873483_IA-300_2025-1,2025-1
47700089,MKT-200,47700089_MKT-200_2025-1,2025-1
37572605,NEG-400,37572605_NEG-400_2025-1,2025-1
30649167,MKT-200,30649167_MKT-200_2025-1,2025-1
46345360,UX-100,46345360_UX-100_2025-1,2025-1
37802380,UX-100,37802380_UX-100_2025-1,2025-1
32459600,UX-100,32459600_UX-100_2025-1,2025-1
33683627,DAT-101,33683627_DAT-101_2025-1,2025-1
45890411,NEG-400,45890411_NEG-400_2025-1,2025-1
46909132,NEG-400,46909132_NEG-400_2025-1,2025-1
31153469,NEG-400,31153469_NEG-400_2025-1,2025-1
35629692,NEG-400,35629692_NEG-400_2025-1,2025-1
40116733,DEV-101,40116733_DEV-101_2025-1,2025-1
31662806,IA-400,31662806_IA-400_2025-1,2025-1
35385278,UX-100,35385278_UX-100_2025-1,2025-1
32889452,MKT-200,32889452_MKT-200_2025-1,2025-1
31864701,DAT-201,31864701_DAT-201_2025-1,2025-1
45291864,IA-400,45291864_IA-400_2025-1,2025-1
41132630,DEV-101,41132630_DEV-101_2025-1,2025-1
41083641,UX-100,41083641_UX-100_2025-1,2025-1
44182964,MKT-200,44182964_MKT-200_2025-1,2025-1
39046561,DAT-305,39046561_DAT-305_2025-1,2025-1
33846409,DAT-101,33846409_DAT-101_2025-1,2025-1
31742344,NEG-400,31742344_NEG-400_2025-1,2025-1
34197558,DEV-101,34197558_DEV-101_2025-1,2025-1
39733145,GEN-101,39733145_GEN-101_2025-1,2025-1
36443537,NEG-400,36443537_NEG-400_2025-1,2025-1
39278348,UX-100,39278348_UX-100_2025-1,2025-1
34696467,IA-300,34696467_IA-300_2025-1,2025-1
45711997,DAT-305,45711997_DAT-305_2025-1,2025-1
43185797,DAT-201,43185797_DAT-201_2025-1,2025-1
47481163,IA-400,47481163_IA-400_2025-1,2025-1
34933614,UX-100,34933614_UX-100_2025-1,2025-1
43751737,IA-400,43751737_IA-400_2025-1,2025-1
47707678,DAT-101,47707678_DAT-101_2025-1,2025-1
39407484,UX-100,39407484_UX-100_2025-1,2025-1
47776360,GEN-101,47776360_GEN-101_2025-1,2025-1
44754301,NEG-400,44754301_NEG-400_2025-1,2025-1
36780964,DAT-201,36780964_DAT-201_2025-1,2025-1
45825230,IA-400,45825230_IA-400_2025-1,2025-1
43647497,DAT-305,43647497_DAT-305_2025-1,2025-1
35407054,MKT-200,35407054_MKT-200_2025-1,2025-1
30356437,DAT-101,30356437_DAT-101_2025-1,2025-1
47649810,GEN-101,47649810_GEN-101_2025-1,2025-1
31445923,DEV-101,31445923_DEV-101_2025-1,2025-1
46193548,DAT-101,46193548_DAT-101_2025-1,2025-1
32839194,DAT-101,32839194_DAT-101_2025-1,2025-1
30219683,DAT-305,30219683_DAT-305_2025-1,2025-1
45338648,MKT-200,45338648_MKT-200_2025-1,2025-1
35410565,NEG-400,35410565_NEG-400_2025-1,2025-1
32329071,DAT-201,32329071_DAT-201_2025-1,2025-1
37947511,NEG-400,37947511_NEG-400_2025-1,2025-1
33353197,DAT-305,33353197_DAT-305_2025-1,2025-1
47182282,DEV-101,47182282_DEV-101_2025-1,2025-1
41084438,DEV-101,41084438_DEV-101_2025-1,2025-1
30506698,UX-100,30506698_UX-100_2025-1,2025-1
32034364,GEN-101,32034364_GEN-101_2025-1,2025-1
30703214,DEV-101,30703214_DEV-101_2025-1,2025-1
30187041,DAT-305,30187041_DAT-305_2025-1,2025-1
44334164,NEG-400,44334164_NEG-400_2025-1,2025-1
39023389,UX-100,39023389_UX-100_2025-1,2025-1
35147199,NEG-400,35147199_NEG-400_2025-1,2025-1
41994164,DAT-201,41994164_DAT-201_2025-1,2025-1
32986537,DEV-101,32986537_DEV-101_2025-1,2025-1
36600824,UX-100,36600824_UX-100_2025-1,2025-1
33179098,MKT-200,33179098_MKT-200_2025-1,2025-1
31898350,DAT-201,31898350_DAT-201_2025-1,2025-1
43537356,DAT-305,43537356_DAT-305_2025-1,2025-1
37725025,NEG-400,37725025_NEG-400_2025-1,2025-1
37763133,GEN-101,37763133_GEN-101_2025-1,2025-1
32723334,DAT-101,32723334_DAT-101_2025-1,2025-1
33896639,DAT-101,33896639_DAT-101_2025-1,2025-1
45150526,UX-100,45150526_UX-100_2025-1,2025-1
44754060,DAT-305,44754060_DAT-305_2025-1,2025-1
40045468,IA-400,40045468_IA-400_2025-1,2025-1
44830567,DEV-101,44830567_DEV-101_2025-1,2025-1
37171122,MKT-200,37171122_MKT-200_2025-1,2025-1
32821847,IA-400,32821847_IA-400_2025-1,2025-1
34294158,UX-100,34294158_UX-100_2025-1,2025-1
40804778,DAT-201,40804778_DAT-201_2025-1,2025-1
43704659,GEN-101,43704659_GEN-101_2025-1,2025-1
40330349,MKT-200,40330349_MKT-200_2025-1,2025-1
38089426,IA-400,38089426_IA-400_2025-1,2025-1
44049715,DAT-101,44049715_DAT-101_2025-1,2025-1
46418357,DEV-101,46418357_DEV-101_2025-1,2025-1
33520372,DAT-201,33520372_DAT-201_2025-1,2025-1
45041443,IA-300,45041443_IA-300_2025-1,2025-1
36701529,DAT-305,36701529_DAT-305_2025-1,2025-1
41132630,DAT-305,41132630_DAT-305_2025-1,2025-1
36065546,NEG-400,36065546_NEG-400_2025-1,2025-1
47207202,DEV-101,47207202_DEV-101_2025-1,2025-1
31355414,DAT-305,31355414_DAT-305_2025-1,2025-1
44376034,IA-300,44376034_IA-300_2025-1,2025-1
33566074,DAT-305,33566074_DAT-305_2025-1,2025-1
41066323,IA-300,41066323_IA-300_2025-1,2025-1
36858459,NEG-400,36858459_NEG-400_2025-1,2025-1
41051244,DAT-201,41051244_DAT-201_2025-1,2025-1
45076705,GEN-101,45076705_GEN-101_2025-1,2025-1
46886132,NEG-400,46886132_NEG-400_2025-1,2025-1
38531623,DAT-201,38531623_DAT-201_2025-1,2025-1
39412125,GEN-101,39412125_GEN-101_2025-1,2025-1
44512365,MKT-200,44512365_MKT-200_2025-1,2025-1
31992185,NEG-400,31992185_NEG-400_2025-1,2025-1
36996781,DAT-101,36996781_DAT-101_2025-1,2025-1
30268860,NEG-400,30268860_NEG-400_2025-1,2025-1
41816794,DAT-101,41816794_DAT-101_2025-1,2025-1
37659718,GEN-101,37659718_GEN-101_2025-1,2025-1
43249808,DAT-201,43249808_DAT-201_2025-1,2025-1
44988509,DEV-101,44988509_DEV-101_2025-1,2025-1
41056827,GEN-101,41056827_GEN-101_2025-1,2025-1
34108557,GEN-101,34108557_GEN-101_2025-1,2025-1
33614240,IA-400,33614240_IA-400_2025-1,2025-1
32664172,MKT-200,32664172_MKT-200_2025-1,2025-1
39073370,NEG-400,39073370_NEG-400_2025-1,2025-1
30163309,GEN-101,30163309_GEN-101_2025-1,2025-1
45820668,DEV-101,45820668_DEV-101_2025-1,2025-1
32098690,DAT-305,32098690_DAT-305_2025-1,2025-1
30344498,IA-400,30344498_IA-400_2025-1,2025-1
33714793,NEG-400,33714793_NEG-400_2025-1,2025-1
37162747,NEG-400,37162747_NEG-400_2025-1,2025-1
40305444,UX-100,40305444_UX-100_2025-1,2025-1
47633067,DAT-101,47633067_DAT-101_2025-1,2025-1
43662150,IA-400,43662150_IA-400_2025-1,2025-1
46435125,MKT-200,46435125_MKT-200_2025-1,2025-1
32362905,DEV-101,32362905_DEV-101_2025-1,2025-1
43704659,DAT-101,43704659_DAT-101_2025-1,2025-1
34615409,DAT-305,34615409_DAT-305_2025-1,2025-1
35850567,DAT-305,35850567_DAT-305_2025-1,2025-1
39473672,DAT-305,39473672_DAT-305_2025-1,2025-1
39023389,IA-400,39023389_IA-400_2025-1,2025-1
32283744,IA-300,32283744_IA-300_2025-1,2025-1
47983495,DAT-101,47983495_DAT-101_2025-1,2025-1
44454123,IA-300,44454123_IA-300_2025-1,2025-1
38773709,NEG-400,38773709_NEG-400_2025-1,2025-1
47582243,GEN-101,47582243_GEN-101_2025-1,2025-1
35809204,NEG-400,35809204_NEG-400_2025-1,2025-1
46321118,MKT-200,46321118_MKT-200_2025-1,2025-1
45980462,NEG-400,45980462_NEG-400_2025-1,2025-1
40454674,UX-100,40454674_UX-100_2025-1,2025-1
41721070,DAT-201,41721070_DAT-201_2025-1,2025-1
40915348,DAT-101,40915348_DAT-101_2025-1,2025-1
34883029,DAT-305,34883029_DAT-305_2025-1,2025-1
33143242,DAT-101,33143242_DAT-101_2025-1,2025-1
43558573,MKT-200,43558573_MKT-200_2025-1,2025-1
43678310,DAT-201,43678310_DAT-201_2025-1,2025-1
44115122,NEG-400,44115122_NEG-400_2025-1,2025-1
47404191,UX-100,47404191_UX-100_2025-1,2025-1
33831924,UX-100,33831924_UX-100_2025-1,2025-1
40804778,DAT-305,40804778_DAT-305_2025-1,2025-1
31909036,NEG-400,31909036_NEG-400_2025-1,2025-1
31239788,IA-400,31239788_IA-400_2025-1,2025-1
33143242,DEV-101,33143242_DEV-101_2025-1,2025-1
36511898,GEN-101,36511898_GEN-101_2025-1,2025-1
40039504,GEN-101,40039504_GEN-101_2025-1,2025-1
40235116,MKT-200,40235116_MKT-200_2025-1,2025-1
30430162,DEV-101,30430162_DEV-101_2025-1,2025-1
45825230,MKT-200,45825230_MKT-200_2025-1,2025-1
46170762,NEG-400,46170762_NEG-400_2025-1,2025-1
33418893,DAT-201,33418893_DAT-201_2025-1,2025-1
44235496,MKT-200,44235496_MKT-200_2025-1,2025-1
32498967,GEN-101,32498967_GEN-101_2025-1,2025-1
37370656,MKT-200,37370656_MKT-200_2025-1,2025-1
36542829,DEV-101,36542829_DEV-101_2025-1,2025-1
45841815,DEV-101,45841815_DEV-101_2025-1,2025-1
39087618,UX-100,39087618_UX-100_2025-1,2025-1
32705831,DAT-101,32705831_DAT-101_2025-1,2025-1
37839367,GEN-101,37839367_GEN-101_2025-1,2025-1
46069202,DEV-101,46069202_DEV-101_2025-1,2025-1
43871938,DAT-305,43871938_DAT-305_2025-1,2025-1
34401288,DAT-101,34401288_DAT-101_2025-1,2025-1
38042975,NEG-400,38042975_NEG-400_2025-1,2025-1
34814097,DAT-305,34814097_DAT-305_2025-1,2025-1
39407484,MKT-200,39407484_MKT-200_2025-1,2025-1
32201924,IA-400,32201924_IA-400_2025-1,2025-1
30430162,UX-100,30430162_UX-100_2025-1,2025-1
39684156,DAT-101,39684156_DAT-101_2025-1,2025-1
35994686,DAT-201,35994686_DAT-201_2025-1,2025-1
31908414,IA-300,31908414_IA-300_2025-1,2025-1
34743897,DAT-305,34743897_DAT-305_2025-1,2025-1
46965600,IA-300,46965600_IA-300_2025-1,2025-1
46233381,NEG-400,46233381_NEG-400_2025-1,2025-1
46585675,DEV-101,46585675_DEV-101_2025-1,2025-1
39337175,DAT-305,39337175_DAT-305_2025-1,2025-1
41066323,IA-400,41066323_IA-400_2025-1,2025-1
47103537,UX-100,47103537_UX-100_2025-1,2025-1
45694620,IA-300,45694620_IA-300_2025-1,2025-1
31261719,IA-400,31261719_IA-400_2025-1,2025-1
32965831,NEG-400,32965831_NEG-400_2025-1,2025-1
33320861,IA-400,33320861_IA-400_2025-1,2025-1
44651662,NEG-400,44651662_NEG-400_2025-1,2025-1
43521267,DEV-101,43521267_DEV-101_2025-1,2025-1
38695540,GEN-101,38695540_GEN-101_2025-1,2025-1
39996815,IA-300,39996815_IA-300_2025-1,2025-1
36617253,GEN-101,36617253_GEN-101_2025-1,2025-1
47582243,IA-300,47582243_IA-300_2025-1,2025-1
45654702,MKT-200,45654702_MKT-200_2025-1,2025-1
47707678,IA-300,47707678_IA-300_2025-1,2025-1
34661132,DAT-101,34661132_DAT-101_2025-1,2025-1
37095694,UX-100,37095694_UX-100_2025-1,2025-1
36998955,GEN-101,36998955_GEN-101_2025-1,2025-1
40846299,GEN-101,40846299_GEN-101_2025-1,2025-1
39475622,DAT-201,39475622_DAT-201_2025-1,2025-1
46281181,IA-300,46281181_IA-300_2025-1,2025-1
45654702,IA-400,45654702_IA-400_2025-1,2025-1
32451951,IA-300,32451951_IA-300_2025-1,2025-1
34089245,IA-400,34089245_IA-400_2025-1,2025-1
33984071,MKT-200,33984071_MKT-200_2025-1,2025-1
43991288,MKT-200,43991288_MKT-200_2025-1,2025-1
40204911,MKT-200,40204911_MKT-200_2025-1,2025-1
33745990,GEN-101,33745990_GEN-101_2025-1,2025-1
39765048,DAT-201,39765048_DAT-201_2025-1,2025-1
30946573,MKT-200,30946573_MKT-200_2025-1,2025-1
44115122,MKT-200,44115122_MKT-200_2025-1,2025-1
35383408,IA-400,35383408_IA-400_2025-1,2025-1
46155741,NEG-400,46155741_NEG-400_2025-1,2025-1
37039481,DEV-101,37039481_DEV-101_2025-1,2025-1
32986537,DAT-101,32986537_DAT-101_2025-1,2025-1
34316765,GEN-101,34316765_GEN-101_2025-1,2025-1
39006974,UX-100,39006974_UX-100_2025-1,2025-1
33582066,DAT-101,33582066_DAT-101_2025-1,2025-1
30268860,DEV-101,30268860_DEV-101_2025-1,2025-1
40175984,UX-100,40175984_UX-100_2025-1,2025-1
32441127,NEG-400,32441127_NEG-400_2025-1,2025-1
41016204,DAT-201,41016204_DAT-201_2025-1,2025-1
46762093,DAT-305,46762093_DAT-305_2025-1,2025-1
34288472,DAT-201,34288472_DAT-201_2025-1,2025-1
45820009,DEV-101,45820009_DEV-101_2025-1,2025-1
32100445,DAT-305,32100445_DAT-305_2025-1,2025-1
47733210,DAT-201,47733210_DAT-201_2025-1,2025-1
45459710,IA-300,45459710_IA-300_2025-1,2025-1
31261719,DEV-101,31261719_DEV-101_2025-1,2025-1
40774819,DAT-101,40774819_DAT-101_2025-1,2025-1
46992814,IA-300,46992814_IA-300_2025-1,2025-1
35930527,NEG-400,35930527_NEG-400_2025-1,2025-1
32860968,UX-100,32860968_UX-100_2025-1,2025-1
47214050,GEN-101,47214050_GEN-101_2025-1,2025-1
35199789,NEG-400,35199789_NEG-400_2025-1,2025-1
40998609,DEV-101,40998609_DEV-101_2025-1,2025-1
40358538,IA-300,40358538_IA-300_2025-1,2025-1
30520054,MKT-200,30520054_MKT-200_2025-1,2025-1
39335040,IA-300,39335040_IA-300_2025-1,2025-1
35077928,GEN-101,35077928_GEN-101_2025-1,2025-1
47162613,DAT-305,47162613_DAT-305_2025-1,2025-1
36971688,UX-100,36971688_UX-100_2025-1,2025-1
43162851,UX-100,43162851_UX-100_2025-1,2025-1
44702371,DAT-201,44702371_DAT-201_2025-1,2025-1
41273545,DEV-101,41273545_DEV-101_2025-1,2025-1
31471846,NEG-400,31471846_NEG-400_2025-1,2025-1
44998271,NEG-400,44998271_NEG-400_2025-1,2025-1
32839404,NEG-400,32839404_NEG-400_2025-1,2025-1
36974458,UX-100,36974458_UX-100_2025-1,2025-1
37392794,NEG-400,37392794_NEG-400_2025-1,2025-1
40661993,MKT-200,40661993_MKT-200_2025-1,2025-1
34343190,IA-300,34343190_IA-300_2025-1,2025-1
45820009,DAT-305,45820009_DAT-305_2025-1,2025-1
33714793,IA-400,33714793_IA-400_2025-1,2025-1
45309663,DEV-101,45309663_DEV-101_2025-1,2025-1
43832291,DEV-101,43832291_DEV-101_2025-1,2025-1
44229724,NEG-400,44229724_NEG-400_2025-1,2025-1
47517294,NEG-400,47517294_NEG-400_2025-1,2025-1
47399378,NEG-400,47399378_NEG-400_2025-1,2025-1
33895965,MKT-200,33895965_MKT-200_2025-1,2025-1
34627342,IA-300,34627342_IA-300_2025-1,2025-1
36028849,NEG-400,36028849_NEG-400_2025-1,2025-1
34057124,UX-100,34057124_UX-100_2025-1,2025-1
35580984,DEV-101,35580984_DEV-101_2025-1,2025-1
37672436,DEV-101,37672436_DEV-101_2025-1,2025-1
40597857,DAT-201,40597857_DAT-201_2025-1,2025-1
45563814,DAT-305,45563814_DAT-305_2025-1,2025-1
38070258,UX-100,38070258_UX-100_2025-1,2025-1
36200569,IA-300,36200569_IA-300_2025-1,2025-1
45865176,IA-400,45865176_IA-400_2025-1,2025-1
31324108,NEG-400,31324108_NEG-400_2025-1,2025-1
40140970,IA-400,40140970_IA-400_2025-1,2025-1
37412229,UX-100,37412229_UX-100_2025-1,2025-1
33229738,NEG-400,33229738_NEG-400_2025-1,2025-1
37335497,NEG-400,37335497_NEG-400_2025-1,2025-1
30483176,DEV-101,30483176_DEV-101_2025-1,2025-1
43416171,GEN-101,43416171_GEN-101_2025-1,2025-1
39311402,IA-300,39311402_IA-300_2025-1,2025-1
45663240,DAT-305,45663240_DAT-305_2025-1,2025-1
46762093,IA-400,46762093_IA-400_2025-1,2025-1
45820009,NEG-400,45820009_NEG-400_2025-1,2025-1
46762093,DAT-101,46762093_DAT-101_2025-1,2025-1
30301798,DAT-101,30301798_DAT-101_2025-1,2025-1
32441127,UX-100,32441127_UX-100_2025-1,2025-1
40409948,IA-300,40409948_IA-300_2025-1,2025-1
37370656,UX-100,37370656_UX-100_2025-1,2025-1
41559534,DAT-305,41559534_DAT-305_2025-1,2025-1
44454123,NEG-400,44454123_NEG-400_2025-1,2025-1
40014561,DAT-201,40014561_DAT-201_2025-1,2025-1
36718901,NEG-400,36718901_NEG-400_2025-1,2025-1
45589540,UX-100,45589540_UX-100_2025-1,2025-1
46170762,IA-400,46170762_IA-400_2025-1,2025-1
34108557,IA-400,34108557_IA-400_2025-1,2025-1
47199649,IA-300,47199649_IA-300_2025-1,2025-1
32776935,MKT-200,32776935_MKT-200_2025-1,2025-1
43507384,IA-400,43507384_IA-400_2025-1,2025-1
43286289,DAT-305,43286289_DAT-305_2025-1,2025-1
35115152,DAT-101,35115152_DAT-101_2025-1,2025-1
37829833,NEG-400,37829833_NEG-400_2025-1,2025-1
30958838,DAT-201,30958838_DAT-201_2025-1,2025-1
43652049,MKT-200,43652049_MKT-200_2025-1,2025-1
35994686,MKT-200,35994686_MKT-200_2025-1,2025-1
40366603,NEG-400,40366603_NEG-400_2025-1,2025-1
45499218,DEV-101,45499218_DEV-101_2025-1,2025-1
35476879,UX-100,35476879_UX-100_2025-1,2025-1
30713710,UX-100,30713710_UX-100_2025-1,2025-1
30382587,IA-300,30382587_IA-300_2025-1,2025-1
36304118,GEN-101,36304118_GEN-101_2025-1,2025-1
33596181,MKT-200,33596181_MKT-200_2025-1,2025-1
36992557,DEV-101,36992557_DEV-101_2025-1,2025-1
41234290,DAT-305,41234290_DAT-305_2025-1,2025-1
40099804,IA-400,40099804_IA-400_2025-1,2025-1
43714584,IA-300,43714584_IA-300_2025-1,2025-1
41422321,MKT-200,41422321_MKT-200_2025-1,2025-1
45186536,IA-300,45186536_IA-300_2025-1,2025-1
40423919,DAT-201,40423919_DAT-201_2025-1,2025-1
43506692,DEV-101,43506692_DEV-101_2025-1,2025-1
47556368,NEG-400,47556368_NEG-400_2025-1,2025-1
46992814,DAT-201,46992814_DAT-201_2025-1,2025-1
45256600,GEN-101,45256600_GEN-101_2025-1,2025-1
40950154,NEG-400,40950154_NEG-400_2025-1,2025-1
40904939,DAT-101,40904939_DAT-101_2025-1,2025-1
31864701,GEN-101,31864701_GEN-101_2025-1,2025-1
35667236,IA-400,35667236_IA-400_2025-1,2025-1
45474619,DAT-101,45474619_DAT-101_2025-1,2025-1
41627786,DAT-305,41627786_DAT-305_2025-1,2025-1
33452954,GEN-101,33452954_GEN-101_2025-1,2025-1
39281798,DAT-305,39281798_DAT-305_2025-1,2025-1
35509748,IA-400,35509748_IA-400_2025-1,2025-1
33914516,DAT-201,33914516_DAT-201_2025-1,2025-1
46653953,NEG-400,46653953_NEG-400_2025-1,2025-1
41001006,UX-100,41001006_UX-100_2025-1,2025-1
37090862,UX-100,37090862_UX-100_2025-1,2025-1
41671067,DAT-101,41671067_DAT-101_2025-1,2025-1
40296795,MKT-200,40296795_MKT-200_2025-1,2025-1
31425696,DAT-201,31425696_DAT-201_2025-1,2025-1
39297755,UX-100,39297755_UX-100_2025-1,2025-1
46329934,IA-300,46329934_IA-300_2025-1,2025-1
32027618,UX-100,32027618_UX-100_2025-1,2025-1
39765048,NEG-400,39765048_NEG-400_2025-1,2025-1
32100445,NEG-400,32100445_NEG-400_2025-1,2025-1
38017139,NEG-400,38017139_NEG-400_2025-1,2025-1
32171676,DAT-201,32171676_DAT-201_2025-1,2025-1
46828583,DEV-101,46828583_DEV-101_2025-1,2025-1
30294943,MKT-200,30294943_MKT-200_2025-1,2025-1
30703214,GEN-101,30703214_GEN-101_2025-1,2025-1
31206140,GEN-101,31206140_GEN-101_2025-1,2025-1
34130787,UX-100,34130787_UX-100_2025-1,2025-1
30301798,IA-400,30301798_IA-400_2025-1,2025-1
38964128,DAT-201,38964128_DAT-201_2025-1,2025-1
36156003,UX-100,36156003_UX-100_2025-1,2025-1
44284431,DAT-101,44284431_DAT-101_2025-1,2025-1
39480865,DEV-101,39480865_DEV-101_2025-1,2025-1
34883029,UX-100,34883029_UX-100_2025-1,2025-1
46398361,DAT-201,46398361_DAT-201_2025-1,2025-1
31531992,DAT-201,31531992_DAT-201_2025-1,2025-1
38313159,UX-100,38313159_UX-100_2025-1,2025-1
41994956,NEG-400,41994956_NEG-400_2025-1,2025-1
43889224,DAT-305,43889224_DAT-305_2025-1,2025-1
32839194,NEG-400,32839194_NEG-400_2025-1,2025-1
31615043,MKT-200,31615043_MKT-200_2025-1,2025-1
43721576,UX-100,43721576_UX-100_2025-1,2025-1
30703214,NEG-400,30703214_NEG-400_2025-1,2025-1
47582243,DEV-101,47582243_DEV-101_2025-1,2025-1
41641503,IA-300,41641503_IA-300_2025-1,2025-1
35147199,DAT-201,35147199_DAT-201_2025-1,2025-1
43542829,DAT-101,43542829_DAT-101_2025-1,2025-1
35667236,DEV-101,35667236_DEV-101_2025-1,2025-1
37106276,IA-300,37106276_IA-300_2025-1,2025-1
32805911,DEV-101,32805911_DEV-101_2025-1,2025-1
38002503,DAT-305,38002503_DAT-305_2025-1,2025-1
36065546,DAT-201,36065546_DAT-201_2025-1,2025-1
43871938,IA-400,43871938_IA-400_2025-1,2025-1
35450908,IA-300,35450908_IA-300_2025-1,2025-1
34577564,UX-100,34577564_UX-100_2025-1,2025-1
32119317,DAT-305,32119317_DAT-305_2025-1,2025-1
31278420,NEG-400,31278420_NEG-400_2025-1,2025-1
46356164,DEV-101,46356164_DEV-101_2025-1,2025-1
33520372,DAT-305,33520372_DAT-305_2025-1,2025-1
43941263,DAT-305,43941263_DAT-305_2025-1,2025-1
38780853,NEG-400,38780853_NEG-400_2025-1,2025-1
45694620,GEN-101,45694620_GEN-101_2025-1,2025-1
44101321,NEG-400,44101321_NEG-400_2025-1,2025-1
37370656,DAT-305,37370656_DAT-305_2025-1,2025-1
41833461,IA-400,41833461_IA-400_2025-1,2025-1
47199649,DEV-101,47199649_DEV-101_2025-1,2025-1
38310176,NEG-400,38310176_NEG-400_2025-1,2025-1
44197978,UX-100,44197978_UX-100_2025-1,2025-1
33276302,GEN-101,33276302_GEN-101_2025-1,2025-1
44376034,GEN-101,44376034_GEN-101_2025-1,2025-1
40311533,GEN-101,40311533_GEN-101_2025-1,2025-1
47233498,DEV-101,47233498_DEV-101_2025-1,2025-1
31110381,DAT-305,31110381_DAT-305_2025-1,2025-1
46225626,MKT-200,46225626_MKT-200_2025-1,2025-1
44049715,DAT-305,44049715_DAT-305_2025-1,2025-1
45315237,DAT-101,45315237_DAT-101_2025-1,2025-1
39623347,IA-300,39623347_IA-300_2025-1,2025-1
34089245,NEG-400,34089245_NEG-400_2025-1,2025-1
47733210,DAT-305,47733210_DAT-305_2025-1,2025-1
37907386,NEG-400,37907386_NEG-400_2025-1,2025-1
35294128,IA-300,35294128_IA-300_2025-1,2025-1
40253163,DAT-101,40253163_DAT-101_2025-1,2025-1
31349203,DAT-101,31349203_DAT-101_2025-1,2025-1
31221480,UX-100,31221480_UX-100_2025-1,2025-1
39396593,DAT-201,39396593_DAT-201_2025-1,2025-1
34814097,IA-400,34814097_IA-400_2025-1,2025-1
32441127,DAT-101,32441127_DAT-101_2025-1,2025-1
31221480,DAT-305,31221480_DAT-305_2025-1,2025-1
43055426,DAT-101,43055426_DAT-101_2025-1,2025-1
39407484,IA-400,39407484_IA-400_2025-1,2025-1
35532629,DAT-101,35532629_DAT-101_2025-1,2025-1
37098062,DAT-101,37098062_DAT-101_2025-1,2025-1
45499218,DAT-201,45499218_DAT-201_2025-1,2025-1
47517294,GEN-101,47517294_GEN-101_2025-1,2025-1
46410216,NEG-400,46410216_NEG-400_2025-1,2025-1
32860968,DAT-201,32860968_DAT-201_2025-1,2025-1
36600824,DAT-201,36600824_DAT-201_2025-1,2025-1
44811354,DAT-101,44811354_DAT-101_2025-1,2025-1
38275238,DEV-101,38275238_DEV-101_2025-1,2025-1
36858459,DAT-305,36858459_DAT-305_2025-1,2025-1
36882138,UX-100,36882138_UX-100_2025-1,2025-1
47582243,DAT-201,47582243_DAT-201_2025-1,2025-1
32201924,MKT-200,32201924_MKT-200_2025-1,2025-1
34508579,GEN-101,34508579_GEN-101_2025-1,2025-1
39335040,MKT-200,39335040_MKT-200_2025-1,2025-1
36092237,MKT-200,36092237_MKT-200_2025-1,2025-1
36659434,MKT-200,36659434_MKT-200_2025-1,2025-1
37151523,MKT-200,37151523_MKT-200_2025-1,2025-1
30781172,IA-300,30781172_IA-300_2025-1,2025-1
39195104,GEN-101,39195104_GEN-101_2025-1,2025-1
43671566,DEV-101,43671566_DEV-101_2025-1,2025-1
44911255,DAT-201,44911255_DAT-201_2025-1,2025-1
46270211,DAT-305,46270211_DAT-305_2025-1,2025-1
44443284,NEG-400,44443284_NEG-400_2025-1,2025-1
44407218,IA-400,44407218_IA-400_2025-1,2025-1
37952540,DEV-101,37952540_DEV-101_2025-1,2025-1
44878225,DAT-101,44878225_DAT-101_2025-1,2025-1
41532385,UX-100,41532385_UX-100_2025-1,2025-1
37880219,DEV-101,37880219_DEV-101_2025-1,2025-1
30523625,DAT-101,30523625_DAT-101_2025-1,2025-1
34764302,DAT-305,34764302_DAT-305_2025-1,2025-1
45759579,DAT-305,45759579_DAT-305_2025-1,2025-1
41818271,DAT-101,41818271_DAT-101_2025-1,2025-1
43647497,NEG-400,43647497_NEG-400_2025-1,2025-1
37381074,IA-300,37381074_IA-300_2025-1,2025-1
30781172,DAT-305,30781172_DAT-305_2025-1,2025-1
41671067,DAT-305,41671067_DAT-305_2025-1,2025-1
32108581,DAT-305,32108581_DAT-305_2025-1,2025-1
47197652,IA-300,47197652_IA-300_2025-1,2025-1
46372785,MKT-200,46372785_MKT-200_2025-1,2025-1
47022459,UX-100,47022459_UX-100_2025-1,2025-1
35425422,UX-100,35425422_UX-100_2025-1,2025-1
39231072,UX-100,39231072_UX-100_2025-1,2025-1
32101106,IA-300,32101106_IA-300_2025-1,2025-1
32318137,DAT-201,32318137_DAT-201_2025-1,2025-1
44998271,IA-300,44998271_IA-300_2025-1,2025-1
39416795,GEN-101,39416795_GEN-101_2025-1,2025-1
38181190,DAT-101,38181190_DAT-101_2025-1,2025-1
30800017,IA-300,30800017_IA-300_2025-1,2025-1
46137809,GEN-101,46137809_GEN-101_2025-1,2025-1
39480865,IA-400,39480865_IA-400_2025-1,2025-1
43941263,IA-400,43941263_IA-400_2025-1,2025-1
36443537,MKT-200,36443537_MKT-200_2025-1,2025-1
45694620,NEG-400,45694620_NEG-400_2025-1,2025-1
32028866,GEN-101,32028866_GEN-101_2025-1,2025-1
46556662,UX-100,46556662_UX-100_2025-1,2025-1
39145092,NEG-400,39145092_NEG-400_2025-1,2025-1
36780964,NEG-400,36780964_NEG-400_2025-1,2025-1
44986230,MKT-200,44986230_MKT-200_2025-1,2025-1
45482430,NEG-400,45482430_NEG-400_2025-1,2025-1
30344498,MKT-200,30344498_MKT-200_2025-1,2025-1
46706919,UX-100,46706919_UX-100_2025-1,2025-1
36480390,DEV-101,36480390_DEV-101_2025-1,2025-1
32966903,DAT-305,32966903_DAT-305_2025-1,2025-1
38902809,UX-100,38902809_UX-100_2025-1,2025-1
44221505,DAT-305,44221505_DAT-305_2025-1,2025-1
32027618,DAT-305,32027618_DAT-305_2025-1,2025-1
37907386,DAT-305,37907386_DAT-305_2025-1,2025-1
43249808,NEG-400,43249808_NEG-400_2025-1,2025-1
38693211,DAT-201,38693211_DAT-201_2025-1,2025-1
41051648,MKT-200,41051648_MKT-200_2025-1,2025-1
41398180,DAT-101,41398180_DAT-101_2025-1,2025-1
36594251,IA-400,36594251_IA-400_2025-1,2025-1
35563087,MKT-200,35563087_MKT-200_2025-1,2025-1
47199649,DAT-201,47199649_DAT-201_2025-1,2025-1
39265874,NEG-400,39265874_NEG-400_2025-1,2025-1
43267084,GEN-101,43267084_GEN-101_2025-1,2025-1
47416283,DAT-101,47416283_DAT-101_2025-1,2025-1
36858459,IA-300,36858459_IA-300_2025-1,2025-1
45351925,DAT-305,45351925_DAT-305_2025-1,2025-1
37725025,DAT-101,37725025_DAT-101_2025-1,2025-1
37774603,GEN-101,37774603_GEN-101_2025-1,2025-1
43744263,MKT-200,43744263_MKT-200_2025-1,2025-1
44811661,UX-100,44811661_UX-100_2025-1,2025-1
37013243,DAT-305,37013243_DAT-305_2025-1,2025-1
44216431,MKT-200,44216431_MKT-200_2025-1,2025-1
46647366,IA-400,46647366_IA-400_2025-1,2025-1
45679679,DAT-201,45679679_DAT-201_2025-1,2025-1
45417606,MKT-200,45417606_MKT-200_2025-1,2025-1
39160706,GEN-101,39160706_GEN-101_2025-1,2025-1
35722006,IA-300,35722006_IA-300_2025-1,2025-1
31332769,DAT-305,31332769_DAT-305_2025-1,2025-1
41314648,IA-400,41314648_IA-400_2025-1,2025-1
32119317,UX-100,32119317_UX-100_2025-1,2025-1
36617253,DEV-101,36617253_DEV-101_2025-1,2025-1
30958838,IA-300,30958838_IA-300_2025-1,2025-1
37763133,DEV-101,37763133_DEV-101_2025-1,2025-1
46069202,NEG-400,46069202_NEG-400_2025-1,2025-1
45890411,DAT-305,45890411_DAT-305_2025-1,2025-1
43342517,MKT-200,43342517_MKT-200_2025-1,2025-1
40904939,MKT-200,40904939_MKT-200_2025-1,2025-1
39733145,IA-400,39733145_IA-400_2025-1,2025-1
39908813,IA-300,39908813_IA-300_2025-1,2025-1
36421707,UX-100,36421707_UX-100_2025-1,2025-1
43671566,NEG-400,43671566_NEG-400_2025-1,2025-1
43827991,DEV-101,43827991_DEV-101_2025-1,2025-1
37561794,UX-100,37561794_UX-100_2025-1,2025-1
37606348,DAT-305,37606348_DAT-305_2025-1,2025-1
31510273,DEV-101,31510273_DEV-101_2025-1,2025-1
33745990,DAT-201,33745990_DAT-201_2025-1,2025-1
31992185,MKT-200,31992185_MKT-200_2025-1,2025-1
37059839,GEN-101,37059839_GEN-101_2025-1,2025-1
37606348,IA-400,37606348_IA-400_2025-1,2025-1
44305990,DAT-201,44305990_DAT-201_2025-1,2025-1
34353357,DEV-101,34353357_DEV-101_2025-1,2025-1
33247551,GEN-101,33247551_GEN-101_2025-1,2025-1
30973506,IA-400,30973506_IA-400_2025-1,2025-1
37059839,MKT-200,37059839_MKT-200_2025-1,2025-1
30703214,UX-100,30703214_UX-100_2025-1,2025-1
44419143,IA-400,44419143_IA-400_2025-1,2025-1
46952948,DAT-305,46952948_DAT-305_2025-1,2025-1
43267084,MKT-200,43267084_MKT-200_2025-1,2025-1
45488677,GEN-101,45488677_GEN-101_2025-1,2025-1
45256600,MKT-200,45256600_MKT-200_2025-1,2025-1
37351522,DEV-101,37351522_DEV-101_2025-1,2025-1
40201800,DAT-101,40201800_DAT-101_2025-1,2025-1
44640011,DAT-101,44640011_DAT-101_2025-1,2025-1
46170762,DAT-201,46170762_DAT-201_2025-1,2025-1
38671585,DAT-305,38671585_DAT-305_2025-1,2025-1
38695540,DAT-101,38695540_DAT-101_2025-1,2025-1
30973506,NEG-400,30973506_NEG-400_2025-1,2025-1
40176154,GEN-101,40176154_GEN-101_2025-1,2025-1
41950319,IA-400,41950319_IA-400_2025-1,2025-1
46669980,DAT-201,46669980_DAT-201_2025-1,2025-1
39068971,GEN-101,39068971_GEN-101_2025-1,2025-1
43549346,DAT-201,43549346_DAT-201_2025-1,2025-1
30356437,DAT-201,30356437_DAT-201_2025-1,2025-1
34919210,UX-100,34919210_UX-100_2025-1,2025-1
46210812,IA-400,46210812_IA-400_2025-1,2025-1
39416795,NEG-400,39416795_NEG-400_2025-1,2025-1
30125745,IA-300,30125745_IA-300_2025-1,2025-1
41340763,NEG-400,41340763_NEG-400_2025-1,2025-1
45280236,DAT-201,45280236_DAT-201_2025-1,2025-1
46966361,MKT-200,46966361_MKT-200_2025-1,2025-1
44490644,DAT-201,44490644_DAT-201_2025-1,2025-1
47221206,DEV-101,47221206_DEV-101_2025-1,2025-1
30186819,DAT-101,30186819_DAT-101_2025-1,2025-1
39171997,IA-400,39171997_IA-400_2025-1,2025-1
45177328,NEG-400,45177328_NEG-400_2025-1,2025-1
35580984,DAT-305,35580984_DAT-305_2025-1,2025-1
33916616,IA-400,33916616_IA-400_2025-1,2025-1
30271801,NEG-400,30271801_NEG-400_2025-1,2025-1
44754301,DAT-305,44754301_DAT-305_2025-1,2025-1
35722006,GEN-101,35722006_GEN-101_2025-1,2025-1
41830154,NEG-400,41830154_NEG-400_2025-1,2025-1
40854875,GEN-101,40854875_GEN-101_2025-1,2025-1
34356341,DAT-305,34356341_DAT-305_2025-1,2025-1
43456083,DAT-305,43456083_DAT-305_2025-1,2025-1
44554637,DAT-201,44554637_DAT-201_2025-1,2025-1
31909036,GEN-101,31909036_GEN-101_2025-1,2025-1
44754060,DAT-201,44754060_DAT-201_2025-1,2025-1
43542829,NEG-400,43542829_NEG-400_2025-1,2025-1
43624314,UX-100,43624314_UX-100_2025-1,2025-1
31177427,UX-100,31177427_UX-100_2025-1,2025-1
41641503,NEG-400,41641503_NEG-400_2025-1,2025-1
43521267,DAT-305,43521267_DAT-305_2025-1,2025-1
45711997,IA-300,45711997_IA-300_2025-1,2025-1
44998271,UX-100,44998271_UX-100_2025-1,2025-1
32073901,GEN-101,32073901_GEN-101_2025-1,2025-1
41890956,IA-300,41890956_IA-300_2025-1,2025-1
46858102,IA-400,46858102_IA-400_2025-1,2025-1
43098716,DEV-101,43098716_DEV-101_2025-1,2025-1
41396027,UX-100,41396027_UX-100_2025-1,2025-1
37182051,IA-400,37182051_IA-400_2025-1,2025-1
41289442,DEV-101,41289442_DEV-101_2025-1,2025-1
47483336,DAT-201,47483336_DAT-201_2025-1,2025-1
43098716,GEN-101,43098716_GEN-101_2025-1,2025-1
30713710,NEG-400,30713710_NEG-400_2025-1,2025-1
34785335,DAT-305,34785335_DAT-305_2025-1,2025-1
40099804,GEN-101,40099804_GEN-101_2025-1,2025-1
35129843,DAT-101,35129843_DAT-101_2025-1,2025-1
39412125,NEG-400,39412125_NEG-400_2025-1,2025-1
30781172,MKT-200,30781172_MKT-200_2025-1,2025-1
30528419,IA-300,30528419_IA-300_2025-1,2025-1
32108581,DAT-101,32108581_DAT-101_2025-1,2025-1
31961540,NEG-400,31961540_NEG-400_2025-1,2025-1
34705463,DAT-305,34705463_DAT-305_2025-1,2025-1
34935270,MKT-200,34935270_MKT-200_2025-1,2025-1
34401288,DAT-305,34401288_DAT-305_2025-1,2025-1
44286872,MKT-200,44286872_MKT-200_2025-1,2025-1
45763623,DAT-305,45763623_DAT-305_2025-1,2025-1
44512365,DAT-201,44512365_DAT-201_2025-1,2025-1
30283834,GEN-101,30283834_GEN-101_2025-1,2025-1
35722006,DAT-101,35722006_DAT-101_2025-1,2025-1
43889224,DAT-201,43889224_DAT-201_2025-1,2025-1
43537356,UX-100,43537356_UX-100_2025-1,2025-1
34151433,DAT-201,34151433_DAT-201_2025-1,2025-1
31221561,IA-400,31221561_IA-400_2025-1,2025-1
46435125,DAT-305,46435125_DAT-305_2025-1,2025-1
37412229,IA-300,37412229_IA-300_2025-1,2025-1
30205757,DAT-201,30205757_DAT-201_2025-1,2025-1
33745990,UX-100,33745990_UX-100_2025-1,2025-1
46377357,IA-400,46377357_IA-400_2025-1,2025-1
40915348,IA-300,40915348_IA-300_2025-1,2025-1
40305444,IA-400,40305444_IA-400_2025-1,2025-1
44988381,UX-100,44988381_UX-100_2025-1,2025-1
40454674,DAT-201,40454674_DAT-201_2025-1,2025-1
32911130,DAT-305,32911130_DAT-305_2025-1,2025-1
30227674,UX-100,30227674_UX-100_2025-1,2025-1
47197652,MKT-200,47197652_MKT-200_2025-1,2025-1
41084438,DAT-101,41084438_DAT-101_2025-1,2025-1
46780927,IA-400,46780927_IA-400_2025-1,2025-1
44107875,DAT-201,44107875_DAT-201_2025-1,2025-1
43040142,DAT-201,43040142_DAT-201_2025-1,2025-1
33247551,UX-100,33247551_UX-100_2025-1,2025-1
32905120,MKT-200,32905120_MKT-200_2025-1,2025-1
32664172,DEV-101,32664172_DEV-101_2025-1,2025-1
32583779,DAT-101,32583779_DAT-101_2025-1,2025-1
36300221,DEV-101,36300221_DEV-101_2025-1,2025-1
37448077,DAT-201,37448077_DAT-201_2025-1,2025-1
39547835,NEG-400,39547835_NEG-400_2025-1,2025-1
43254348,NEG-400,43254348_NEG-400_2025-1,2025-1
43506692,NEG-400,43506692_NEG-400_2025-1,2025-1
30342609,DAT-305,30342609_DAT-305_2025-1,2025-1
44613692,DAT-305,44613692_DAT-305_2025-1,2025-1
43549346,DAT-305,43549346_DAT-305_2025-1,2025-1
33304657,IA-400,33304657_IA-400_2025-1,2025-1
44059178,GEN-101,44059178_GEN-101_2025-1,2025-1
34356341,IA-400,34356341_IA-400_2025-1,2025-1
31528064,NEG-400,31528064_NEG-400_2025-1,2025-1
38066467,DAT-201,38066467_DAT-201_2025-1,2025-1
33505185,UX-100,33505185_UX-100_2025-1,2025-1
46278232,IA-400,46278232_IA-400_2025-1,2025-1
44190336,UX-100,44190336_UX-100_2025-1,2025-1
34341037,GEN-101,34341037_GEN-101_2025-1,2025-1
31992185,DAT-101,31992185_DAT-101_2025-1,2025-1
47061751,DAT-201,47061751_DAT-201_2025-1,2025-1
31318273,UX-100,31318273_UX-100_2025-1,2025-1
44811661,MKT-200,44811661_MKT-200_2025-1,2025-1
46521420,IA-400,46521420_IA-400_2025-1,2025-1
32330822,DAT-305,32330822_DAT-305_2025-1,2025-1
33379578,IA-400,33379578_IA-400_2025-1,2025-1
30649167,NEG-400,30649167_NEG-400_2025-1,2025-1
47186211,DAT-101,47186211_DAT-101_2025-1,2025-1
30713710,MKT-200,30713710_MKT-200_2025-1,2025-1
43462497,IA-400,43462497_IA-400_2025-1,2025-1
30283834,DEV-101,30283834_DEV-101_2025-1,2025-1
30278086,DAT-101,30278086_DAT-101_2025-1,2025-1
34508579,IA-400,34508579_IA-400_2025-1,2025-1
39244530,MKT-200,39244530_MKT-200_2025-1,2025-1
45186536,DAT-201,45186536_DAT-201_2025-1,2025-1
32460250,IA-400,32460250_IA-400_2025-1,2025-1
32905120,DAT-101,32905120_DAT-101_2025-1,2025-1
44754060,UX-100,44754060_UX-100_2025-1,2025-1
39121001,NEG-400,39121001_NEG-400_2025-1,2025-1
31181222,MKT-200,31181222_MKT-200_2025-1,2025-1
39220415,IA-300,39220415_IA-300_2025-1,2025-1
36534604,DAT-201,36534604_DAT-201_2025-1,2025-1
45417367,IA-300,45417367_IA-300_2025-1,2025-1
43597806,GEN-101,43597806_GEN-101_2025-1,2025-1
47579509,UX-100,47579509_UX-100_2025-1,2025-1
40014561,DAT-101,40014561_DAT-101_2025-1,2025-1
32034364,DEV-101,32034364_DEV-101_2025-1,2025-1
44343339,DAT-305,44343339_DAT-305_2025-1,2025-1
37639684,NEG-400,37639684_NEG-400_2025-1,2025-1
45198757,UX-100,45198757_UX-100_2025-1,2025-1
30294943,DAT-305,30294943_DAT-305_2025-1,2025-1
34318077,DAT-101,34318077_DAT-101_2025-1,2025-1
44242960,DAT-201,44242960_DAT-201_2025-1,2025-1
34341037,IA-300,34341037_IA-300_2025-1,2025-1
37057932,UX-100,37057932_UX-100_2025-1,2025-1
33479160,DAT-101,33479160_DAT-101_2025-1,2025-1
44811354,NEG-400,44811354_NEG-400_2025-1,2025-1
38991597,IA-400,38991597_IA-400_2025-1,2025-1
46411752,IA-300,46411752_IA-300_2025-1,2025-1
38714246,DAT-201,38714246_DAT-201_2025-1,2025-1
33381581,IA-300,33381581_IA-300_2025-1,2025-1
39752062,UX-100,39752062_UX-100_2025-1,2025-1
47633067,IA-400,47633067_IA-400_2025-1,2025-1
31909036,DEV-101,31909036_DEV-101_2025-1,2025-1
30268860,IA-300,30268860_IA-300_2025-1,2025-1
43059176,UX-100,43059176_UX-100_2025-1,2025-1
41559534,DEV-101,41559534_DEV-101_2025-1,2025-1
34627342,MKT-200,34627342_MKT-200_2025-1,2025-1
43652049,DAT-201,43652049_DAT-201_2025-1,2025-1
31576981,NEG-400,31576981_NEG-400_2025-1,2025-1
34290854,IA-300,34290854_IA-300_2025-1,2025-1
30173121,MKT-200,30173121_MKT-200_2025-1,2025-1
33717161,DAT-305,33717161_DAT-305_2025-1,2025-1
36003291,IA-300,36003291_IA-300_2025-1,2025-1
35834047,DEV-101,35834047_DEV-101_2025-1,2025-1
45759579,DEV-101,45759579_DEV-101_2025-1,2025-1
36314879,DEV-101,36314879_DEV-101_2025-1,2025-1
33520372,IA-400,33520372_IA-400_2025-1,2025-1
41051244,IA-300,41051244_IA-300_2025-1,2025-1
33816707,DAT-201,33816707_DAT-201_2025-1,2025-1
44717216,DEV-101,44717216_DEV-101_2025-1,2025-1
38625723,UX-100,38625723_UX-100_2025-1,2025-1
37840610,DEV-101,37840610_DEV-101_2025-1,2025-1
31185628,IA-300,31185628_IA-300_2025-1,2025-1
44904960,DAT-201,44904960_DAT-201_2025-1,2025-1
33800391,DAT-201,33800391_DAT-201_2025-1,2025-1
46026190,MKT-200,46026190_MKT-200_2025-1,2025-1
43558573,UX-100,43558573_UX-100_2025-1,2025-1
36780964,GEN-101,36780964_GEN-101_2025-1,2025-1
35129843,NEG-400,35129843_NEG-400_2025-1,2025-1
44454123,GEN-101,44454123_GEN-101_2025-1,2025-1
45763623,DAT-201,45763623_DAT-201_2025-1,2025-1
33084765,DEV-101,33084765_DEV-101_2025-1,2025-1
36003291,DAT-305,36003291_DAT-305_2025-1,2025-1
31318273,DAT-305,31318273_DAT-305_2025-1,2025-1
37733861,NEG-400,37733861_NEG-400_2025-1,2025-1
37829833,UX-100,37829833_UX-100_2025-1,2025-1
36200569,DAT-101,36200569_DAT-101_2025-1,2025-1
39737785,GEN-101,39737785_GEN-101_2025-1,2025-1
40531804,DAT-305,40531804_DAT-305_2025-1,2025-1
30820105,GEN-101,30820105_GEN-101_2025-1,2025-1
30074046,IA-400,30074046_IA-400_2025-1,2025-1
37584867,DAT-305,37584867_DAT-305_2025-1,2025-1
46669980,UX-100,46669980_UX-100_2025-1,2025-1
44224033,IA-400,44224033_IA-400_2025-1,2025-1
36092237,NEG-400,36092237_NEG-400_2025-1,2025-1
35450908,IA-400,35450908_IA-400_2025-1,2025-1
34743406,DAT-305,34743406_DAT-305_2025-1,2025-1
37280564,NEG-400,37280564_NEG-400_2025-1,2025-1
47182282,UX-100,47182282_UX-100_2025-1,2025-1
39647120,DAT-201,39647120_DAT-201_2025-1,2025-1
43624314,IA-300,43624314_IA-300_2025-1,2025-1
47983613,GEN-101,47983613_GEN-101_2025-1,2025-1
39407484,GEN-101,39407484_GEN-101_2025-1,2025-1
44724307,DAT-305,44724307_DAT-305_2025-1,2025-1
46894068,DAT-101,46894068_DAT-101_2025-1,2025-1
35643961,NEG-400,35643961_NEG-400_2025-1,2025-1
38030283,DAT-101,38030283_DAT-101_2025-1,2025-1
40948220,DAT-101,40948220_DAT-101_2025-1,2025-1
39752062,MKT-200,39752062_MKT-200_2025-1,2025-1
34089245,DAT-305,34089245_DAT-305_2025-1,2025-1
31685297,IA-400,31685297_IA-400_2025-1,2025-1
35643961,DEV-101,35643961_DEV-101_2025-1,2025-1
47399378,DAT-201,47399378_DAT-201_2025-1,2025-1
46775879,IA-300,46775879_IA-300_2025-1,2025-1
38181190,DEV-101,38181190_DEV-101_2025-1,2025-1
45459710,DEV-101,45459710_DEV-101_2025-1,2025-1
32976983,GEN-101,32976983_GEN-101_2025-1,2025-1
43276053,IA-300,43276053_IA-300_2025-1,2025-1
45153061,IA-400,45153061_IA-400_2025-1,2025-1
32498967,UX-100,32498967_UX-100_2025-1,2025-1
33649881,DAT-201,33649881_DAT-201_2025-1,2025-1
39835913,DAT-201,39835913_DAT-201_2025-1,2025-1
31961540,IA-300,31961540_IA-300_2025-1,2025-1
45024595,IA-400,45024595_IA-400_2025-1,2025-1
41815317,NEG-400,41815317_NEG-400_2025-1,2025-1
35115152,DAT-201,35115152_DAT-201_2025-1,2025-1
35476879,GEN-101,35476879_GEN-101_2025-1,2025-1
30377321,DAT-101,30377321_DAT-101_2025-1,2025-1
37148568,IA-300,37148568_IA-300_2025-1,2025-1
46183284,DAT-201,46183284_DAT-201_2025-1,2025-1
43889224,GEN-101,43889224_GEN-101_2025-1,2025-1
39647120,DEV-101,39647120_DEV-101_2025-1,2025-1
31662806,GEN-101,31662806_GEN-101_2025-1,2025-1
46345360,GEN-101,46345360_GEN-101_2025-1,2025-1
31594339,UX-100,31594339_UX-100_2025-1,2025-1
36040952,IA-300,36040952_IA-300_2025-1,2025-1
43098716,NEG-400,43098716_NEG-400_2025-1,2025-1
45259638,MKT-200,45259638_MKT-200_2025-1,2025-1
35069582,MKT-200,35069582_MKT-200_2025-1,2025-1
32817735,UX-100,32817735_UX-100_2025-1,2025-1
33895965,NEG-400,33895965_NEG-400_2025-1,2025-1
31898350,DEV-101,31898350_DEV-101_2025-1,2025-1
43744263,DAT-101,43744263_DAT-101_2025-1,2025-1
45763623,UX-100,45763623_UX-100_2025-1,2025-1
40253163,MKT-200,40253163_MKT-200_2025-1,2025-1
33247551,IA-300,33247551_IA-300_2025-1,2025-1
36040952,DAT-101,36040952_DAT-101_2025-1,2025-1
46271176,IA-400,46271176_IA-400_2025-1,2025-1
33088513,DAT-201,33088513_DAT-201_2025-1,2025-1
30205757,NEG-400,30205757_NEG-400_2025-1,2025-1
33742338,IA-400,33742338_IA-400_2025-1,2025-1
30163309,DAT-305,30163309_DAT-305_2025-1,2025-1
44858776,IA-300,44858776_IA-300_2025-1,2025-1
35608376,DEV-101,35608376_DEV-101_2025-1,2025-1
39996815,GEN-101,39996815_GEN-101_2025-1,2025-1
32604998,DEV-101,32604998_DEV-101_2025-1,2025-1
47607767,UX-100,47607767_UX-100_2025-1,2025-1
41204894,MKT-200,41204894_MKT-200_2025-1,2025-1
44049715,DAT-201,44049715_DAT-201_2025-1,2025-1
41890956,DAT-305,41890956_DAT-305_2025-1,2025-1
39255922,NEG-400,39255922_NEG-400_2025-1,2025-1
47607767,DAT-201,47607767_DAT-201_2025-1,2025-1
47911334,DEV-101,47911334_DEV-101_2025-1,2025-1
46599245,NEG-400,46599245_NEG-400_2025-1,2025-1
45496689,GEN-101,45496689_GEN-101_2025-1,2025-1
47983613,DAT-101,47983613_DAT-101_2025-1,2025-1
33614240,DEV-101,33614240_DEV-101_2025-1,2025-1
37121626,NEG-400,37121626_NEG-400_2025-1,2025-1
46541120,NEG-400,46541120_NEG-400_2025-1,2025-1
41132630,GEN-101,41132630_GEN-101_2025-1,2025-1
41627786,IA-300,41627786_IA-300_2025-1,2025-1
45544606,DAT-305,45544606_DAT-305_2025-1,2025-1
40846299,MKT-200,40846299_MKT-200_2025-1,2025-1
44491570,DAT-101,44491570_DAT-101_2025-1,2025-1
38405437,MKT-200,38405437_MKT-200_2025-1,2025-1
32183463,IA-300,32183463_IA-300_2025-1,2025-1
45619097,DAT-201,45619097_DAT-201_2025-1,2025-1
35267675,GEN-101,35267675_GEN-101_2025-1,2025-1
43249808,GEN-101,43249808_GEN-101_2025-1,2025-1
44059178,IA-400,44059178_IA-400_2025-1,2025-1
31177427,MKT-200,31177427_MKT-200_2025-1,2025-1
30416964,DAT-101,30416964_DAT-101_2025-1,2025-1
40681899,DAT-305,40681899_DAT-305_2025-1,2025-1
38171209,DAT-201,38171209_DAT-201_2025-1,2025-1
38315775,NEG-400,38315775_NEG-400_2025-1,2025-1
40330349,GEN-101,40330349_GEN-101_2025-1,2025-1
45090752,GEN-101,45090752_GEN-101_2025-1,2025-1
43831919,DAT-101,43831919_DAT-101_2025-1,2025-1
44115122,DEV-101,44115122_DEV-101_2025-1,2025-1
38292751,DAT-201,38292751_DAT-201_2025-1,2025-1
46894068,MKT-200,46894068_MKT-200_2025-1,2025-1
37024576,DEV-101,37024576_DEV-101_2025-1,2025-1
47103537,DAT-305,47103537_DAT-305_2025-1,2025-1
32349636,DAT-201,32349636_DAT-201_2025-1,2025-1
30227674,NEG-400,30227674_NEG-400_2025-1,2025-1
45890411,UX-100,45890411_UX-100_2025-1,2025-1
31355414,DAT-101,31355414_DAT-101_2025-1,2025-1
39195104,DEV-101,39195104_DEV-101_2025-1,2025-1
31313953,UX-100,31313953_UX-100_2025-1,2025-1
40305444,DAT-305,40305444_DAT-305_2025-1,2025-1
44726166,DAT-305,44726166_DAT-305_2025-1,2025-1
46060979,UX-100,46060979_UX-100_2025-1,2025-1
35276014,NEG-400,35276014_NEG-400_2025-1,2025-1
30808375,DAT-201,30808375_DAT-201_2025-1,2025-1
30672524,UX-100,30672524_UX-100_2025-1,2025-1
46329934,DAT-305,46329934_DAT-305_2025-1,2025-1
46649401,MKT-200,46649401_MKT-200_2025-1,2025-1
33452954,IA-300,33452954_IA-300_2025-1,2025-1
32723334,IA-300,32723334_IA-300_2025-1,2025-1
36727561,UX-100,36727561_UX-100_2025-1,2025-1
36992557,DAT-201,36992557_DAT-201_2025-1,2025-1
37907386,UX-100,37907386_UX-100_2025-1,2025-1
40756585,UX-100,40756585_UX-100_2025-1,2025-1
35115152,UX-100,35115152_UX-100_2025-1,2025-1
35994686,DEV-101,35994686_DEV-101_2025-1,2025-1
37370656,GEN-101,37370656_GEN-101_2025-1,2025-1
45417606,NEG-400,45417606_NEG-400_2025-1,2025-1
47506119,UX-100,47506119_UX-100_2025-1,2025-1
36971688,GEN-101,36971688_GEN-101_2025-1,2025-1
44173257,IA-300,44173257_IA-300_2025-1,2025-1
37774603,DAT-101,37774603_DAT-101_2025-1,2025-1
37584867,UX-100,37584867_UX-100_2025-1,2025-1
30055439,DAT-305,30055439_DAT-305_2025-1,2025-1
40014561,IA-300,40014561_IA-300_2025-1,2025-1
43521267,IA-300,43521267_IA-300_2025-1,2025-1
45775192,IA-400,45775192_IA-400_2025-1,2025-1
44242960,UX-100,44242960_UX-100_2025-1,2025-1
31015246,IA-400,31015246_IA-400_2025-1,2025-1
46170762,MKT-200,46170762_MKT-200_2025-1,2025-1
40401825,DAT-305,40401825_DAT-305_2025-1,2025-1
34294158,NEG-400,34294158_NEG-400_2025-1,2025-1
33507272,MKT-200,33507272_MKT-200_2025-1,2025-1
37874267,IA-400,37874267_IA-400_2025-1,2025-1
35054932,DAT-201,35054932_DAT-201_2025-1,2025-1
45459710,DAT-305,45459710_DAT-305_2025-1,2025-1
46829066,NEG-400,46829066_NEG-400_2025-1,2025-1
36434636,UX-100,36434636_UX-100_2025-1,2025-1
34743897,IA-300,34743897_IA-300_2025-1,2025-1
44291013,NEG-400,44291013_NEG-400_2025-1,2025-1
46278232,MKT-200,46278232_MKT-200_2025-1,2025-1
47908881,DAT-101,47908881_DAT-101_2025-1,2025-1
40874592,NEG-400,40874592_NEG-400_2025-1,2025-1
33594873,IA-300,33594873_IA-300_2025-1,2025-1
34832335,DEV-101,34832335_DEV-101_2025-1,2025-1
34873483,IA-400,34873483_IA-400_2025-1,2025-1
32935035,UX-100,32935035_UX-100_2025-1,2025-1
33127447,UX-100,33127447_UX-100_2025-1,2025-1
31365812,IA-300,31365812_IA-300_2025-1,2025-1
45647473,MKT-200,45647473_MKT-200_2025-1,2025-1
39297755,DAT-101,39297755_DAT-101_2025-1,2025-1
37381074,IA-400,37381074_IA-400_2025-1,2025-1
44241859,IA-300,44241859_IA-300_2025-1,2025-1
32581169,DAT-201,32581169_DAT-201_2025-1,2025-1
47217063,DAT-201,47217063_DAT-201_2025-1,2025-1
38549006,GEN-101,38549006_GEN-101_2025-1,2025-1
33594873,DAT-201,33594873_DAT-201_2025-1,2025-1
44064200,DEV-101,44064200_DEV-101_2025-1,2025-1
38869750,UX-100,38869750_UX-100_2025-1,2025-1
31332769,GEN-101,31332769_GEN-101_2025-1,2025-1
44473224,DEV-101,44473224_DEV-101_2025-1,2025-1
40116733,UX-100,40116733_UX-100_2025-1,2025-1
34498415,DAT-101,34498415_DAT-101_2025-1,2025-1
44197978,IA-300,44197978_IA-300_2025-1,2025-1
40204911,DAT-305,40204911_DAT-305_2025-1,2025-1
38818793,DAT-201,38818793_DAT-201_2025-1,2025-1
35951430,IA-400,35951430_IA-400_2025-1,2025-1
34858008,MKT-200,34858008_MKT-200_2025-1,2025-1
43191267,DAT-101,43191267_DAT-101_2025-1,2025-1
31277192,NEG-400,31277192_NEG-400_2025-1,2025-1
34411929,DAT-305,34411929_DAT-305_2025-1,2025-1
33276302,DAT-305,33276302_DAT-305_2025-1,2025-1
39337175,IA-400,39337175_IA-400_2025-1,2025-1
34919210,DAT-305,34919210_DAT-305_2025-1,2025-1
33511174,UX-100,33511174_UX-100_2025-1,2025-1
34661132,DAT-305,34661132_DAT-305_2025-1,2025-1
34743897,DAT-101,34743897_DAT-101_2025-1,2025-1
45813207,DEV-101,45813207_DEV-101_2025-1,2025-1
37679372,DEV-101,37679372_DEV-101_2025-1,2025-1
39068971,UX-100,39068971_UX-100_2025-1,2025-1
35720054,IA-300,35720054_IA-300_2025-1,2025-1
47061751,IA-300,47061751_IA-300_2025-1,2025-1
37952540,IA-300,37952540_IA-300_2025-1,2025-1
40582609,DEV-101,40582609_DEV-101_2025-1,2025-1
38111908,DAT-201,38111908_DAT-201_2025-1,2025-1
41559534,NEG-400,41559534_NEG-400_2025-1,2025-1
44911255,MKT-200,44911255_MKT-200_2025-1,2025-1
32339744,DEV-101,32339744_DEV-101_2025-1,2025-1
34486034,MKT-200,34486034_MKT-200_2025-1,2025-1
36780964,DEV-101,36780964_DEV-101_2025-1,2025-1
43284866,IA-400,43284866_IA-400_2025-1,2025-1
39835913,NEG-400,39835913_NEG-400_2025-1,2025-1
38648189,UX-100,38648189_UX-100_2025-1,2025-1
30186819,DAT-201,30186819_DAT-201_2025-1,2025-1
32839404,DEV-101,32839404_DEV-101_2025-1,2025-1
32965831,DAT-305,32965831_DAT-305_2025-1,2025-1
31681085,MKT-200,31681085_MKT-200_2025-1,2025-1
30386246,DAT-101,30386246_DAT-101_2025-1,2025-1
31136038,NEG-400,31136038_NEG-400_2025-1,2025-1
32329071,DAT-101,32329071_DAT-101_2025-1,2025-1
31924807,DEV-101,31924807_DEV-101_2025-1,2025-1
36998955,DAT-305,36998955_DAT-305_2025-1,2025-1
46510451,MKT-200,46510451_MKT-200_2025-1,2025-1
44224033,IA-300,44224033_IA-300_2025-1,2025-1
32496231,UX-100,32496231_UX-100_2025-1,2025-1
31067946,IA-300,31067946_IA-300_2025-1,2025-1
34944058,NEG-400,34944058_NEG-400_2025-1,2025-1
37392794,DAT-201,37392794_DAT-201_2025-1,2025-1
40606935,DEV-101,40606935_DEV-101_2025-1,2025-1
32454237,DAT-305,32454237_DAT-305_2025-1,2025-1
44811354,DAT-201,44811354_DAT-201_2025-1,2025-1
40852091,MKT-200,40852091_MKT-200_2025-1,2025-1
45177548,DAT-305,45177548_DAT-305_2025-1,2025-1
44911255,UX-100,44911255_UX-100_2025-1,2025-1
44345701,UX-100,44345701_UX-100_2025-1,2025-1
30506698,GEN-101,30506698_GEN-101_2025-1,2025-1
38693211,NEG-400,38693211_NEG-400_2025-1,2025-1
45417606,UX-100,45417606_UX-100_2025-1,2025-1
46147941,MKT-200,46147941_MKT-200_2025-1,2025-1
40333573,GEN-101,40333573_GEN-101_2025-1,2025-1
43331228,DEV-101,43331228_DEV-101_2025-1,2025-1
39557640,DAT-305,39557640_DAT-305_2025-1,2025-1
30923193,GEN-101,30923193_GEN-101_2025-1,2025-1
39160706,DAT-305,39160706_DAT-305_2025-1,2025-1
45256600,DEV-101,45256600_DEV-101_2025-1,2025-1
30820105,DAT-201,30820105_DAT-201_2025-1,2025-1
35038799,DAT-101,35038799_DAT-101_2025-1,2025-1
39278348,IA-400,39278348_IA-400_2025-1,2025-1
33247551,DAT-201,33247551_DAT-201_2025-1,2025-1
37392794,IA-300,37392794_IA-300_2025-1,2025-1
31547849,NEG-400,31547849_NEG-400_2025-1,2025-1
37952315,IA-300,37952315_IA-300_2025-1,2025-1
47817560,MKT-200,47817560_MKT-200_2025-1,2025-1
30386246,DAT-305,30386246_DAT-305_2025-1,2025-1
35983804,MKT-200,35983804_MKT-200_2025-1,2025-1
45847470,IA-400,45847470_IA-400_2025-1,2025-1
39412125,DAT-101,39412125_DAT-101_2025-1,2025-1
45198757,DAT-305,45198757_DAT-305_2025-1,2025-1
33507272,IA-400,33507272_IA-400_2025-1,2025-1
34355689,DAT-201,34355689_DAT-201_2025-1,2025-1
32459600,IA-300,32459600_IA-300_2025-1,2025-1
33276302,UX-100,33276302_UX-100_2025-1,2025-1
34785335,DAT-101,34785335_DAT-101_2025-1,2025-1
43679905,DEV-101,43679905_DEV-101_2025-1,2025-1
34705463,DAT-201,34705463_DAT-201_2025-1,2025-1
31099331,GEN-101,31099331_GEN-101_2025-1,2025-1
30055089,DAT-101,30055089_DAT-101_2025-1,2025-1
41532385,DAT-305,41532385_DAT-305_2025-1,2025-1
31425696,IA-300,31425696_IA-300_2025-1,2025-1
38030283,MKT-200,38030283_MKT-200_2025-1,2025-1
35486815,IA-400,35486815_IA-400_2025-1,2025-1
47822229,IA-300,47822229_IA-300_2025-1,2025-1
43721576,IA-400,43721576_IA-400_2025-1,2025-1
37162747,DAT-101,37162747_DAT-101_2025-1,2025-1
40102789,DEV-101,40102789_DEV-101_2025-1,2025-1
30789190,IA-300,30789190_IA-300_2025-1,2025-1
37017626,DAT-201,37017626_DAT-201_2025-1,2025-1
41166199,IA-400,41166199_IA-400_2025-1,2025-1
38211223,NEG-400,38211223_NEG-400_2025-1,2025-1
46314784,IA-300,46314784_IA-300_2025-1,2025-1
41641503,MKT-200,41641503_MKT-200_2025-1,2025-1
37515292,DEV-101,37515292_DEV-101_2025-1,2025-1
45663240,MKT-200,45663240_MKT-200_2025-1,2025-1
39278348,NEG-400,39278348_NEG-400_2025-1,2025-1
32816822,IA-300,32816822_IA-300_2025-1,2025-1
45563814,MKT-200,45563814_MKT-200_2025-1,2025-1
44059178,NEG-400,44059178_NEG-400_2025-1,2025-1
37057932,GEN-101,37057932_GEN-101_2025-1,2025-1
40582609,IA-300,40582609_IA-300_2025-1,2025-1
30064860,DEV-101,30064860_DEV-101_2025-1,2025-1
31528064,DAT-305,31528064_DAT-305_2025-1,2025-1
41830154,DAT-305,41830154_DAT-305_2025-1,2025-1
44115909,MKT-200,44115909_MKT-200_2025-1,2025-1
35983804,IA-300,35983804_IA-300_2025-1,2025-1
39040140,DAT-305,39040140_DAT-305_2025-1,2025-1
30789190,GEN-101,30789190_GEN-101_2025-1,2025-1
44959844,MKT-200,44959844_MKT-200_2025-1,2025-1
45488677,DAT-101,45488677_DAT-101_2025-1,2025-1
46225626,DAT-305,46225626_DAT-305_2025-1,2025-1
43744263,IA-300,43744263_IA-300_2025-1,2025-1
30766010,IA-300,30766010_IA-300_2025-1,2025-1
31015246,UX-100,31015246_UX-100_2025-1,2025-1
38531623,NEG-400,38531623_NEG-400_2025-1,2025-1
43941263,DAT-101,43941263_DAT-101_2025-1,2025-1
46233381,MKT-200,46233381_MKT-200_2025-1,2025-1
35207049,UX-100,35207049_UX-100_2025-1,2025-1
30719634,MKT-200,30719634_MKT-200_2025-1,2025-1
37672436,MKT-200,37672436_MKT-200_2025-1,2025-1
31313953,NEG-400,31313953_NEG-400_2025-1,2025-1
34705463,MKT-200,34705463_MKT-200_2025-1,2025-1
32318137,DEV-101,32318137_DEV-101_2025-1,2025-1
30224289,GEN-101,30224289_GEN-101_2025-1,2025-1
39796864,GEN-101,39796864_GEN-101_2025-1,2025-1
36727561,NEG-400,36727561_NEG-400_2025-1,2025-1
34364066,MKT-200,34364066_MKT-200_2025-1,2025-1
43597806,DAT-101,43597806_DAT-101_2025-1,2025-1
36858459,MKT-200,36858459_MKT-200_2025-1,2025-1
32592763,IA-300,32592763_IA-300_2025-1,2025-1
44726166,IA-300,44726166_IA-300_2025-1,2025-1
32454237,DAT-201,32454237_DAT-201_2025-1,2025-1
34696467,UX-100,34696467_UX-100_2025-1,2025-1
40753275,DEV-101,40753275_DEV-101_2025-1,2025-1
32027618,IA-300,32027618_IA-300_2025-1,2025-1
31379839,MKT-200,31379839_MKT-200_2025-1,2025-1
43496203,DEV-101,43496203_DEV-101_2025-1,2025-1
33846409,DAT-305,33846409_DAT-305_2025-1,2025-1
45711997,UX-100,45711997_UX-100_2025-1,2025-1
45694620,DAT-201,45694620_DAT-201_2025-1,2025-1
39335040,DAT-101,39335040_DAT-101_2025-1,2025-1
31261719,IA-300,31261719_IA-300_2025-1,2025-1
32108581,NEG-400,32108581_NEG-400_2025-1,2025-1
34130787,NEG-400,34130787_NEG-400_2025-1,2025-1
39579172,IA-400,39579172_IA-400_2025-1,2025-1
34858008,DAT-201,34858008_DAT-201_2025-1,2025-1
44305990,IA-300,44305990_IA-300_2025-1,2025-1
44820591,IA-300,44820591_IA-300_2025-1,2025-1
30294943,NEG-400,30294943_NEG-400_2025-1,2025-1
34432017,GEN-101,34432017_GEN-101_2025-1,2025-1
34933614,IA-400,34933614_IA-400_2025-1,2025-1
35450908,UX-100,35450908_UX-100_2025-1,2025-1
32911130,DAT-201,32911130_DAT-201_2025-1,2025-1
40989234,DAT-201,40989234_DAT-201_2025-1,2025-1
47911334,MKT-200,47911334_MKT-200_2025-1,2025-1
35821025,NEG-400,35821025_NEG-400_2025-1,2025-1
40948220,DEV-101,40948220_DEV-101_2025-1,2025-1
35834047,IA-400,35834047_IA-400_2025-1,2025-1
39159460,IA-400,39159460_IA-400_2025-1,2025-1
44340522,DEV-101,44340522_DEV-101_2025-1,2025-1
47700089,IA-400,47700089_IA-400_2025-1,2025-1
39220415,MKT-200,39220415_MKT-200_2025-1,2025-1
43037722,DAT-201,43037722_DAT-201_2025-1,2025-1
37059839,NEG-400,37059839_NEG-400_2025-1,2025-1
38002503,NEG-400,38002503_NEG-400_2025-1,2025-1
34729179,GEN-101,34729179_GEN-101_2025-1,2025-1
36434636,IA-400,36434636_IA-400_2025-1,2025-1
45663240,DAT-101,45663240_DAT-101_2025-1,2025-1
36227478,NEG-400,36227478_NEG-400_2025-1,2025-1
45444903,GEN-101,45444903_GEN-101_2025-1,2025-1
40753275,DAT-305,40753275_DAT-305_2025-1,2025-1
46372785,DAT-101,46372785_DAT-101_2025-1,2025-1
33800391,GEN-101,33800391_GEN-101_2025-1,2025-1
43284866,DAT-201,43284866_DAT-201_2025-1,2025-1
32183463,DAT-101,32183463_DAT-101_2025-1,2025-1
34223113,IA-300,34223113_IA-300_2025-1,2025-1
41818271,UX-100,41818271_UX-100_2025-1,2025-1
37515292,GEN-101,37515292_GEN-101_2025-1,2025-1
31360651,DAT-201,31360651_DAT-201_2025-1,2025-1
34977085,DAT-201,34977085_DAT-201_2025-1,2025-1
34883029,DAT-101,34883029_DAT-101_2025-1,2025-1
41782307,DAT-201,41782307_DAT-201_2025-1,2025-1
38661719,UX-100,38661719_UX-100_2025-1,2025-1
34869838,MKT-200,34869838_MKT-200_2025-1,2025-1
32128322,MKT-200,32128322_MKT-200_2025-1,2025-1
41721070,DEV-101,41721070_DEV-101_2025-1,2025-1
44235496,DEV-101,44235496_DEV-101_2025-1,2025-1
39908813,MKT-200,39908813_MKT-200_2025-1,2025-1
47969954,UX-100,47969954_UX-100_2025-1,2025-1
40451762,UX-100,40451762_UX-100_2025-1,2025-1
40661993,DAT-101,40661993_DAT-101_2025-1,2025-1
43498834,DAT-101,43498834_DAT-101_2025-1,2025-1
45404573,MKT-200,45404573_MKT-200_2025-1,2025-1
39107282,DAT-305,39107282_DAT-305_2025-1,2025-1
32228319,DAT-305,32228319_DAT-305_2025-1,2025-1
44754060,NEG-400,44754060_NEG-400_2025-1,2025-1
36907961,DAT-201,36907961_DAT-201_2025-1,2025-1
39046561,IA-400,39046561_IA-400_2025-1,2025-1
37381074,DAT-101,37381074_DAT-101_2025-1,2025-1
44858776,GEN-101,44858776_GEN-101_2025-1,2025-1
40783770,DAT-201,40783770_DAT-201_2025-1,2025-1
38967997,DEV-101,38967997_DEV-101_2025-1,2025-1
32139544,GEN-101,32139544_GEN-101_2025-1,2025-1
45225711,DEV-101,45225711_DEV-101_2025-1,2025-1
40874592,DEV-101,40874592_DEV-101_2025-1,2025-1
45474521,DAT-101,45474521_DAT-101_2025-1,2025-1
39337175,IA-300,39337175_IA-300_2025-1,2025-1
43276053,UX-100,43276053_UX-100_2025-1,2025-1
31492591,DAT-305,31492591_DAT-305_2025-1,2025-1
45746833,NEG-400,45746833_NEG-400_2025-1,2025-1
30789190,DAT-305,30789190_DAT-305_2025-1,2025-1
38340878,GEN-101,38340878_GEN-101_2025-1,2025-1
44923903,DEV-101,44923903_DEV-101_2025-1,2025-1
44442488,DAT-201,44442488_DAT-201_2025-1,2025-1
43456083,DAT-201,43456083_DAT-201_2025-1,2025-1
30277884,GEN-101,30277884_GEN-101_2025-1,2025-1
45746833,IA-300,45746833_IA-300_2025-1,2025-1
39145092,MKT-200,39145092_MKT-200_2025-1,2025-1
39475622,MKT-200,39475622_MKT-200_2025-1,2025-1
32496231,DEV-101,32496231_DEV-101_2025-1,2025-1
31020972,MKT-200,31020972_MKT-200_2025-1,2025-1
43871938,DAT-101,43871938_DAT-101_2025-1,2025-1
47061751,UX-100,47061751_UX-100_2025-1,2025-1
31594339,GEN-101,31594339_GEN-101_2025-1,2025-1
45291864,DAT-201,45291864_DAT-201_2025-1,2025-1
43008590,DAT-101,43008590_DAT-101_2025-1,2025-1
32130223,MKT-200,32130223_MKT-200_2025-1,2025-1
32839194,DEV-101,32839194_DEV-101_2025-1,2025-1
39040140,IA-300,39040140_IA-300_2025-1,2025-1
34888999,UX-100,34888999_UX-100_2025-1,2025-1
46653953,UX-100,46653953_UX-100_2025-1,2025-1
41289442,NEG-400,41289442_NEG-400_2025-1,2025-1
34531843,IA-400,34531843_IA-400_2025-1,2025-1
30808375,DEV-101,30808375_DEV-101_2025-1,2025-1
32034364,DAT-101,32034364_DAT-101_2025-1,2025-1
43678310,DAT-101,43678310_DAT-101_2025-1,2025-1
39255922,DAT-101,39255922_DAT-101_2025-1,2025-1
31467025,IA-400,31467025_IA-400_2025-1,2025-1
35834047,UX-100,35834047_UX-100_2025-1,2025-1
47217063,GEN-101,47217063_GEN-101_2025-1,2025-1
43827991,DAT-305,43827991_DAT-305_2025-1,2025-1
44754301,DAT-101,44754301_DAT-101_2025-1,2025-1
40531804,DAT-201,40531804_DAT-201_2025-1,2025-1
37527174,IA-300,37527174_IA-300_2025-1,2025-1
41815317,GEN-101,41815317_GEN-101_2025-1,2025-1
45177548,MKT-200,45177548_MKT-200_2025-1,2025-1
38417833,DAT-101,38417833_DAT-101_2025-1,2025-1
47707678,MKT-200,47707678_MKT-200_2025-1,2025-1
33418893,IA-400,33418893_IA-400_2025-1,2025-1
45024595,NEG-400,45024595_NEG-400_2025-1,2025-1
31531992,DEV-101,31531992_DEV-101_2025-1,2025-1
40296795,DEV-101,40296795_DEV-101_2025-1,2025-1
41890956,UX-100,41890956_UX-100_2025-1,2025-1
44820591,DEV-101,44820591_DEV-101_2025-1,2025-1
40140970,DAT-305,40140970_DAT-305_2025-1,2025-1
44229724,UX-100,44229724_UX-100_2025-1,2025-1
45311516,DAT-101,45311516_DAT-101_2025-1,2025-1
41023707,UX-100,41023707_UX-100_2025-1,2025-1
37583844,DEV-101,37583844_DEV-101_2025-1,2025-1
30356437,NEG-400,30356437_NEG-400_2025-1,2025-1
30268860,MKT-200,30268860_MKT-200_2025-1,2025-1
36092237,IA-400,36092237_IA-400_2025-1,2025-1
34353357,DAT-305,34353357_DAT-305_2025-1,2025-1
30301798,IA-300,30301798_IA-300_2025-1,2025-1
41950319,DEV-101,41950319_DEV-101_2025-1,2025-1
45177328,MKT-200,45177328_MKT-200_2025-1,2025-1
31528064,MKT-200,31528064_MKT-200_2025-1,2025-1
38559625,DEV-101,38559625_DEV-101_2025-1,2025-1
40451762,DAT-101,40451762_DAT-101_2025-1,2025-1
47061751,DAT-305,47061751_DAT-305_2025-1,2025-1
43721576,DEV-101,43721576_DEV-101_2025-1,2025-1
35753821,DAT-305,35753821_DAT-305_2025-1,2025-1
46538783,NEG-400,46538783_NEG-400_2025-1,2025-1
35608376,UX-100,35608376_UX-100_2025-1,2025-1
36532331,NEG-400,36532331_NEG-400_2025-1,2025-1
34294158,IA-400,34294158_IA-400_2025-1,2025-1
45568950,DAT-201,45568950_DAT-201_2025-1,2025-1
44442488,DEV-101,44442488_DEV-101_2025-1,2025-1
45225711,GEN-101,45225711_GEN-101_2025-1,2025-1
38393487,DEV-101,38393487_DEV-101_2025-1,2025-1
36133533,DAT-201,36133533_DAT-201_2025-1,2025-1
36701529,MKT-200,36701529_MKT-200_2025-1,2025-1
46585675,DAT-101,46585675_DAT-101_2025-1,2025-1
38111908,DAT-101,38111908_DAT-101_2025-1,2025-1
30278086,IA-300,30278086_IA-300_2025-1,2025-1
46890428,DAT-305,46890428_DAT-305_2025-1,2025-1
30301798,GEN-101,30301798_GEN-101_2025-1,2025-1
37515292,DAT-305,37515292_DAT-305_2025-1,2025-1
37515292,DAT-201,37515292_DAT-201_2025-1,2025-1
33683627,IA-400,33683627_IA-400_2025-1,2025-1
45499218,MKT-200,45499218_MKT-200_2025-1,2025-1
46966361,GEN-101,46966361_GEN-101_2025-1,2025-1
32664172,NEG-400,32664172_NEG-400_2025-1,2025-1
45024595,DEV-101,45024595_DEV-101_2025-1,2025-1
37412229,GEN-101,37412229_GEN-101_2025-1,2025-1
44197978,DAT-201,44197978_DAT-201_2025-1,2025-1
47556368,IA-300,47556368_IA-300_2025-1,2025-1
41016204,GEN-101,41016204_GEN-101_2025-1,2025-1
45225711,DAT-101,45225711_DAT-101_2025-1,2025-1
45984678,IA-300,45984678_IA-300_2025-1,2025-1
38648189,NEG-400,38648189_NEG-400_2025-1,2025-1
37039481,NEG-400,37039481_NEG-400_2025-1,2025-1
41340763,GEN-101,41340763_GEN-101_2025-1,2025-1
35199789,UX-100,35199789_UX-100_2025-1,2025-1
39623347,GEN-101,39623347_GEN-101_2025-1,2025-1
36882138,NEG-400,36882138_NEG-400_2025-1,2025-1
32139544,DEV-101,32139544_DEV-101_2025-1,2025-1
38405437,DAT-305,38405437_DAT-305_2025-1,2025-1
40451762,DEV-101,40451762_DEV-101_2025-1,2025-1
35580984,NEG-400,35580984_NEG-400_2025-1,2025-1
37226510,DAT-201,37226510_DAT-201_2025-1,2025-1
37412229,DAT-201,37412229_DAT-201_2025-1,2025-1
47075635,IA-300,47075635_IA-300_2025-1,2025-1
31576981,DAT-201,31576981_DAT-201_2025-1,2025-1
46080609,IA-400,46080609_IA-400_2025-1,2025-1
35486815,MKT-200,35486815_MKT-200_2025-1,2025-1
45679679,NEG-400,45679679_NEG-400_2025-1,2025-1
45838988,DEV-101,45838988_DEV-101_2025-1,2025-1
45186536,GEN-101,45186536_GEN-101_2025-1,2025-1
40201800,DAT-305,40201800_DAT-305_2025-1,2025-1
45105658,UX-100,45105658_UX-100_2025-1,2025-1
44491570,MKT-200,44491570_MKT-200_2025-1,2025-1
31846333,NEG-400,31846333_NEG-400_2025-1,2025-1
38020693,NEG-400,38020693_NEG-400_2025-1,2025-1
32789755,IA-300,32789755_IA-300_2025-1,2025-1
33379578,NEG-400,33379578_NEG-400_2025-1,2025-1
31313953,IA-400,31313953_IA-400_2025-1,2025-1
32844429,NEG-400,32844429_NEG-400_2025-1,2025-1
44988381,DAT-101,44988381_DAT-101_2025-1,2025-1
40998609,DAT-305,40998609_DAT-305_2025-1,2025-1
44959844,DAT-201,44959844_DAT-201_2025-1,2025-1
44965151,DEV-101,44965151_DEV-101_2025-1,2025-1
45704555,DAT-305,45704555_DAT-305_2025-1,2025-1
34896530,MKT-200,34896530_MKT-200_2025-1,2025-1
44640011,DAT-201,44640011_DAT-201_2025-1,2025-1
45225711,NEG-400,45225711_NEG-400_2025-1,2025-1
40104822,DEV-101,40104822_DEV-101_2025-1,2025-1
46069202,DAT-201,46069202_DAT-201_2025-1,2025-1
30382587,DEV-101,30382587_DEV-101_2025-1,2025-1
33276302,NEG-400,33276302_NEG-400_2025-1,2025-1
39623347,DEV-101,39623347_DEV-101_2025-1,2025-1
47163691,DAT-305,47163691_DAT-305_2025-1,2025-1
41904080,DAT-201,41904080_DAT-201_2025-1,2025-1
46698472,DEV-101,46698472_DEV-101_2025-1,2025-1
44107875,IA-300,44107875_IA-300_2025-1,2025-1
32034364,NEG-400,32034364_NEG-400_2025-1,2025-1
38500035,GEN-101,38500035_GEN-101_2025-1,2025-1
40366603,DAT-201,40366603_DAT-201_2025-1,2025-1
35415212,NEG-400,35415212_NEG-400_2025-1,2025-1
30430162,IA-300,30430162_IA-300_2025-1,2025-1
34498415,UX-100,34498415_UX-100_2025-1,2025-1
38417833,DEV-101,38417833_DEV-101_2025-1,2025-1
36765559,IA-400,36765559_IA-400_2025-1,2025-1
44086116,IA-300,44086116_IA-300_2025-1,2025-1
47826221,DAT-305,47826221_DAT-305_2025-1,2025-1
30430162,DAT-305,30430162_DAT-305_2025-1,2025-1
33397920,IA-300,33397920_IA-300_2025-1,2025-1
36594251,DAT-101,36594251_DAT-101_2025-1,2025-1
41314648,DAT-201,41314648_DAT-201_2025-1,2025-1
35574653,GEN-101,35574653_GEN-101_2025-1,2025-1
46346975,DEV-101,46346975_DEV-101_2025-1,2025-1
39759071,MKT-200,39759071_MKT-200_2025-1,2025-1
30163309,DEV-101,30163309_DEV-101_2025-1,2025-1
44830567,MKT-200,44830567_MKT-200_2025-1,2025-1
44115909,IA-400,44115909_IA-400_2025-1,2025-1
46860457,UX-100,46860457_UX-100_2025-1,2025-1
40753275,IA-300,40753275_IA-300_2025-1,2025-1
36510557,UX-100,36510557_UX-100_2025-1,2025-1
30342609,GEN-101,30342609_GEN-101_2025-1,2025-1
35115152,MKT-200,35115152_MKT-200_2025-1,2025-1
44076200,IA-400,44076200_IA-400_2025-1,2025-1
39265874,DAT-201,39265874_DAT-201_2025-1,2025-1
31531992,IA-400,31531992_IA-400_2025-1,2025-1
43647497,DAT-201,43647497_DAT-201_2025-1,2025-1
32028866,DAT-201,32028866_DAT-201_2025-1,2025-1
36892333,IA-400,36892333_IA-400_2025-1,2025-1
44490644,IA-400,44490644_IA-400_2025-1,2025-1
38275238,IA-400,38275238_IA-400_2025-1,2025-1
36701529,DAT-201,36701529_DAT-201_2025-1,2025-1
47122979,UX-100,47122979_UX-100_2025-1,2025-1
35994686,DAT-101,35994686_DAT-101_2025-1,2025-1
36443537,UX-100,36443537_UX-100_2025-1,2025-1
38549006,MKT-200,38549006_MKT-200_2025-1,2025-1
39547835,DEV-101,39547835_DEV-101_2025-1,2025-1
38292751,NEG-400,38292751_NEG-400_2025-1,2025-1
36676918,DAT-305,36676918_DAT-305_2025-1,2025-1
46263687,DAT-201,46263687_DAT-201_2025-1,2025-1
36691364,IA-400,36691364_IA-400_2025-1,2025-1
46153310,NEG-400,46153310_NEG-400_2025-1,2025-1
38780853,MKT-200,38780853_MKT-200_2025-1,2025-1
35821025,DEV-101,35821025_DEV-101_2025-1,2025-1
35839853,DAT-101,35839853_DAT-101_2025-1,2025-1
30672524,IA-300,30672524_IA-300_2025-1,2025-1
45090752,NEG-400,45090752_NEG-400_2025-1,2025-1
34702143,DEV-101,34702143_DEV-101_2025-1,2025-1
46256042,DAT-101,46256042_DAT-101_2025-1,2025-1
37952315,NEG-400,37952315_NEG-400_2025-1,2025-1
43037722,MKT-200,43037722_MKT-200_2025-1,2025-1
35809204,UX-100,35809204_UX-100_2025-1,2025-1
43498834,GEN-101,43498834_GEN-101_2025-1,2025-1
40423919,DAT-305,40423919_DAT-305_2025-1,2025-1
30277884,DAT-305,30277884_DAT-305_2025-1,2025-1
31015246,DAT-201,31015246_DAT-201_2025-1,2025-1
43652049,IA-300,43652049_IA-300_2025-1,2025-1
39265874,UX-100,39265874_UX-100_2025-1,2025-1
43711417,DAT-305,43711417_DAT-305_2025-1,2025-1
43040142,UX-100,43040142_UX-100_2025-1,2025-1
38559625,IA-300,38559625_IA-300_2025-1,2025-1
31634609,DAT-305,31634609_DAT-305_2025-1,2025-1
47764924,NEG-400,47764924_NEG-400_2025-1,2025-1
47075635,IA-400,47075635_IA-400_2025-1,2025-1
30055439,IA-300,30055439_IA-300_2025-1,2025-1
38181190,IA-300,38181190_IA-300_2025-1,2025-1
45980462,DAT-201,45980462_DAT-201_2025-1,2025-1
32171052,IA-400,32171052_IA-400_2025-1,2025-1
47678899,DAT-305,47678899_DAT-305_2025-1,2025-1
38589344,DAT-201,38589344_DAT-201_2025-1,2025-1
35643961,UX-100,35643961_UX-100_2025-1,2025-1
40039504,DAT-305,40039504_DAT-305_2025-1,2025-1
43831919,IA-400,43831919_IA-400_2025-1,2025-1
30923193,IA-300,30923193_IA-300_2025-1,2025-1
47517294,MKT-200,47517294_MKT-200_2025-1,2025-1
36349336,DAT-101,36349336_DAT-101_2025-1,2025-1
31067946,DAT-101,31067946_DAT-101_2025-1,2025-1
30800017,UX-100,30800017_UX-100_2025-1,2025-1
43711417,NEG-400,43711417_NEG-400_2025-1,2025-1
37763133,DAT-201,37763133_DAT-201_2025-1,2025-1
32592763,NEG-400,32592763_NEG-400_2025-1,2025-1
41721378,NEG-400,41721378_NEG-400_2025-1,2025-1
36971688,DAT-101,36971688_DAT-101_2025-1,2025-1
37840610,GEN-101,37840610_GEN-101_2025-1,2025-1
40102789,UX-100,40102789_UX-100_2025-1,2025-1
46858102,DAT-101,46858102_DAT-101_2025-1,2025-1
31365812,MKT-200,31365812_MKT-200_2025-1,2025-1
40852091,UX-100,40852091_UX-100_2025-1,2025-1
45825230,DAT-201,45825230_DAT-201_2025-1,2025-1
30839312,IA-400,30839312_IA-400_2025-1,2025-1
31559920,NEG-400,31559920_NEG-400_2025-1,2025-1
31562676,GEN-101,31562676_GEN-101_2025-1,2025-1
41532385,NEG-400,41532385_NEG-400_2025-1,2025-1
30677244,UX-100,30677244_UX-100_2025-1,2025-1
40401825,DEV-101,40401825_DEV-101_2025-1,2025-1
35199789,DEV-101,35199789_DEV-101_2025-1,2025-1
43506692,IA-300,43506692_IA-300_2025-1,2025-1
36364003,IA-400,36364003_IA-400_2025-1,2025-1
47826221,DAT-101,47826221_DAT-101_2025-1,2025-1
45007686,IA-300,45007686_IA-300_2025-1,2025-1
43713231,IA-400,43713231_IA-400_2025-1,2025-1
33683627,DAT-201,33683627_DAT-201_2025-1,2025-1
37606348,DEV-101,37606348_DEV-101_2025-1,2025-1
38181190,NEG-400,38181190_NEG-400_2025-1,2025-1
43331228,DAT-201,43331228_DAT-201_2025-1,2025-1
45589540,NEG-400,45589540_NEG-400_2025-1,2025-1
31685119,MKT-200,31685119_MKT-200_2025-1,2025-1
46137809,NEG-400,46137809_NEG-400_2025-1,2025-1
36858459,DEV-101,36858459_DEV-101_2025-1,2025-1
44700314,UX-100,44700314_UX-100_2025-1,2025-1
46210812,DAT-101,46210812_DAT-101_2025-1,2025-1
43528816,IA-400,43528816_IA-400_2025-1,2025-1
32658531,DAT-201,32658531_DAT-201_2025-1,2025-1
31660305,GEN-101,31660305_GEN-101_2025-1,2025-1
46518516,IA-400,46518516_IA-400_2025-1,2025-1
35115152,DEV-101,35115152_DEV-101_2025-1,2025-1
46599245,DAT-201,46599245_DAT-201_2025-1,2025-1
43991288,DAT-201,43991288_DAT-201_2025-1,2025-1
40400092,DAT-201,40400092_DAT-201_2025-1,2025-1
34364066,GEN-101,34364066_GEN-101_2025-1,2025-1
40658261,DAT-101,40658261_DAT-101_2025-1,2025-1
30483176,GEN-101,30483176_GEN-101_2025-1,2025-1
34148661,IA-300,34148661_IA-300_2025-1,2025-1
40661993,IA-300,40661993_IA-300_2025-1,2025-1
30800017,MKT-200,30800017_MKT-200_2025-1,2025-1
38625723,MKT-200,38625723_MKT-200_2025-1,2025-1
46647366,DAT-201,46647366_DAT-201_2025-1,2025-1
45589540,MKT-200,45589540_MKT-200_2025-1,2025-1
40832369,NEG-400,40832369_NEG-400_2025-1,2025-1
37091816,GEN-101,37091816_GEN-101_2025-1,2025-1
45474521,MKT-200,45474521_MKT-200_2025-1,2025-1
36185529,DAT-101,36185529_DAT-101_2025-1,2025-1
37351522,IA-300,37351522_IA-300_2025-1,2025-1
32805911,IA-300,32805911_IA-300_2025-1,2025-1
37952540,DAT-305,37952540_DAT-305_2025-1,2025-1
44107875,GEN-101,44107875_GEN-101_2025-1,2025-1
45417606,DAT-101,45417606_DAT-101_2025-1,2025-1
41213341,IA-300,41213341_IA-300_2025-1,2025-1
32889452,DEV-101,32889452_DEV-101_2025-1,2025-1
47206312,DEV-101,47206312_DEV-101_2025-1,2025-1
35284612,DEV-101,35284612_DEV-101_2025-1,2025-1
45417367,MKT-200,45417367_MKT-200_2025-1,2025-1
37013243,DAT-101,37013243_DAT-101_2025-1,2025-1
44702371,DAT-305,44702371_DAT-305_2025-1,2025-1
33175574,IA-400,33175574_IA-400_2025-1,2025-1
47103537,DEV-101,47103537_DEV-101_2025-1,2025-1
44419143,NEG-400,44419143_NEG-400_2025-1,2025-1
44174755,GEN-101,44174755_GEN-101_2025-1,2025-1
41907942,DAT-201,41907942_DAT-201_2025-1,2025-1
47468880,DAT-305,47468880_DAT-305_2025-1,2025-1
31332769,MKT-200,31332769_MKT-200_2025-1,2025-1
39473672,IA-400,39473672_IA-400_2025-1,2025-1
46278232,IA-300,46278232_IA-300_2025-1,2025-1
36532331,DEV-101,36532331_DEV-101_2025-1,2025-1
38559625,UX-100,38559625_UX-100_2025-1,2025-1
33717161,MKT-200,33717161_MKT-200_2025-1,2025-1
39737785,MKT-200,39737785_MKT-200_2025-1,2025-1
32171676,DAT-101,32171676_DAT-101_2025-1,2025-1
44492127,DAT-101,44492127_DAT-101_2025-1,2025-1
34793173,DAT-201,34793173_DAT-201_2025-1,2025-1
40330349,IA-400,40330349_IA-400_2025-1,2025-1
32171052,UX-100,32171052_UX-100_2025-1,2025-1
36028849,DAT-201,36028849_DAT-201_2025-1,2025-1
34933614,NEG-400,34933614_NEG-400_2025-1,2025-1
46145128,DAT-101,46145128_DAT-101_2025-1,2025-1
41396027,DEV-101,41396027_DEV-101_2025-1,2025-1
36200569,DEV-101,36200569_DEV-101_2025-1,2025-1
37280564,IA-400,37280564_IA-400_2025-1,2025-1
41818271,GEN-101,41818271_GEN-101_2025-1,2025-1
35951430,DAT-201,35951430_DAT-201_2025-1,2025-1
46965600,GEN-101,46965600_GEN-101_2025-1,2025-1
41803813,GEN-101,41803813_GEN-101_2025-1,2025-1
40832369,DAT-305,40832369_DAT-305_2025-1,2025-1
41066323,MKT-200,41066323_MKT-200_2025-1,2025-1
39073064,GEN-101,39073064_GEN-101_2025-1,2025-1
31076430,DAT-101,31076430_DAT-101_2025-1,2025-1
46435125,UX-100,46435125_UX-100_2025-1,2025-1
35218002,DAT-201,35218002_DAT-201_2025-1,2025-1
41016204,MKT-200,41016204_MKT-200_2025-1,2025-1
34401288,DEV-101,34401288_DEV-101_2025-1,2025-1
47430513,GEN-101,47430513_GEN-101_2025-1,2025-1
30187041,IA-400,30187041_IA-400_2025-1,2025-1
38794221,DAT-305,38794221_DAT-305_2025-1,2025-1
37584867,DAT-101,37584867_DAT-101_2025-1,2025-1
36028849,DAT-305,36028849_DAT-305_2025-1,2025-1
32281165,MKT-200,32281165_MKT-200_2025-1,2025-1
34044850,NEG-400,34044850_NEG-400_2025-1,2025-1
36169395,IA-300,36169395_IA-300_2025-1,2025-1
33916616,UX-100,33916616_UX-100_2025-1,2025-1
39121001,DAT-201,39121001_DAT-201_2025-1,2025-1
37527174,UX-100,37527174_UX-100_2025-1,2025-1
39901527,DAT-101,39901527_DAT-101_2025-1,2025-1
39752062,GEN-101,39752062_GEN-101_2025-1,2025-1
46886132,IA-300,46886132_IA-300_2025-1,2025-1
43895529,UX-100,43895529_UX-100_2025-1,2025-1
32329071,IA-400,32329071_IA-400_2025-1,2025-1
43713231,DAT-305,43713231_DAT-305_2025-1,2025-1
35821025,DAT-101,35821025_DAT-101_2025-1,2025-1
36907961,DEV-101,36907961_DEV-101_2025-1,2025-1
47556368,DEV-101,47556368_DEV-101_2025-1,2025-1
34729179,IA-300,34729179_IA-300_2025-1,2025-1
47776360,DAT-101,47776360_DAT-101_2025-1,2025-1
47404191,IA-400,47404191_IA-400_2025-1,2025-1
43904377,IA-300,43904377_IA-300_2025-1,2025-1
46886132,IA-400,46886132_IA-400_2025-1,2025-1
40333573,UX-100,40333573_UX-100_2025-1,2025-1
36765559,IA-300,36765559_IA-300_2025-1,2025-1
43832291,IA-400,43832291_IA-400_2025-1,2025-1
39623347,UX-100,39623347_UX-100_2025-1,2025-1
40333573,IA-400,40333573_IA-400_2025-1,2025-1
38869750,DAT-101,38869750_DAT-101_2025-1,2025-1
37057932,IA-400,37057932_IA-400_2025-1,2025-1
40783770,DEV-101,40783770_DEV-101_2025-1,2025-1
37280564,GEN-101,37280564_GEN-101_2025-1,2025-1
39040140,DAT-101,39040140_DAT-101_2025-1,2025-1
30163309,IA-400,30163309_IA-400_2025-1,2025-1
37017626,NEG-400,37017626_NEG-400_2025-1,2025-1
41661140,MKT-200,41661140_MKT-200_2025-1,2025-1
40400092,DEV-101,40400092_DEV-101_2025-1,2025-1
35419862,NEG-400,35419862_NEG-400_2025-1,2025-1
47162613,DAT-101,47162613_DAT-101_2025-1,2025-1
35385278,GEN-101,35385278_GEN-101_2025-1,2025-1
39796864,IA-300,39796864_IA-300_2025-1,2025-1
47649810,DEV-101,47649810_DEV-101_2025-1,2025-1
47399378,IA-400,47399378_IA-400_2025-1,2025-1
46411752,DAT-201,46411752_DAT-201_2025-1,2025-1
43331228,GEN-101,43331228_GEN-101_2025-1,2025-1
33698941,GEN-101,33698941_GEN-101_2025-1,2025-1
46637531,DAT-305,46637531_DAT-305_2025-1,2025-1
47247100,DAT-305,47247100_DAT-305_2025-1,2025-1
33683627,IA-300,33683627_IA-300_2025-1,2025-1
44115909,DAT-101,44115909_DAT-101_2025-1,2025-1
46435125,DEV-101,46435125_DEV-101_2025-1,2025-1
35837738,GEN-101,35837738_GEN-101_2025-1,2025-1
32108581,DEV-101,32108581_DEV-101_2025-1,2025-1
35839853,GEN-101,35839853_GEN-101_2025-1,2025-1
41166199,DAT-305,41166199_DAT-305_2025-1,2025-1
32454237,DAT-101,32454237_DAT-101_2025-1,2025-1
36727561,DAT-201,36727561_DAT-201_2025-1,2025-1
31898350,IA-400,31898350_IA-400_2025-1,2025-1
40284355,IA-300,40284355_IA-300_2025-1,2025-1
33962182,GEN-101,33962182_GEN-101_2025-1,2025-1
47733210,IA-300,47733210_IA-300_2025-1,2025-1
43871165,DAT-201,43871165_DAT-201_2025-1,2025-1
38940969,IA-300,38940969_IA-300_2025-1,2025-1
34935270,IA-300,34935270_IA-300_2025-1,2025-1
31324108,DAT-101,31324108_DAT-101_2025-1,2025-1
32567561,NEG-400,32567561_NEG-400_2025-1,2025-1
40852091,IA-300,40852091_IA-300_2025-1,2025-1
40719473,MKT-200,40719473_MKT-200_2025-1,2025-1
35383408,NEG-400,35383408_NEG-400_2025-1,2025-1
44811661,IA-400,44811661_IA-400_2025-1,2025-1
33641153,UX-100,33641153_UX-100_2025-1,2025-1
34832335,MKT-200,34832335_MKT-200_2025-1,2025-1
33296162,DAT-201,33296162_DAT-201_2025-1,2025-1
46591765,DAT-201,46591765_DAT-201_2025-1,2025-1
47707678,DEV-101,47707678_DEV-101_2025-1,2025-1
41006133,GEN-101,41006133_GEN-101_2025-1,2025-1
34486034,UX-100,34486034_UX-100_2025-1,2025-1
47983613,NEG-400,47983613_NEG-400_2025-1,2025-1
45763623,DEV-101,45763623_DEV-101_2025-1,2025-1
36349336,NEG-400,36349336_NEG-400_2025-1,2025-1
33816707,DAT-101,33816707_DAT-101_2025-1,2025-1
40612010,DEV-101,40612010_DEV-101_2025-1,2025-1
37885100,DAT-201,37885100_DAT-201_2025-1,2025-1
44291013,IA-300,44291013_IA-300_2025-1,2025-1
38549006,IA-400,38549006_IA-400_2025-1,2025-1
39908813,DAT-305,39908813_DAT-305_2025-1,2025-1
34987487,IA-300,34987487_IA-300_2025-1,2025-1
47969954,GEN-101,47969954_GEN-101_2025-1,2025-1
41051244,NEG-400,41051244_NEG-400_2025-1,2025-1
37725025,DAT-201,37725025_DAT-201_2025-1,2025-1
44101321,DAT-201,44101321_DAT-201_2025-1,2025-1
33914516,DEV-101,33914516_DEV-101_2025-1,2025-1
41803813,DAT-305,41803813_DAT-305_2025-1,2025-1
44830567,IA-300,44830567_IA-300_2025-1,2025-1
31349203,UX-100,31349203_UX-100_2025-1,2025-1
45076705,UX-100,45076705_UX-100_2025-1,2025-1
41785959,DAT-101,41785959_DAT-101_2025-1,2025-1
31961540,DAT-201,31961540_DAT-201_2025-1,2025-1
40284355,IA-400,40284355_IA-400_2025-1,2025-1
33127447,GEN-101,33127447_GEN-101_2025-1,2025-1
30386246,NEG-400,30386246_NEG-400_2025-1,2025-1
30224289,IA-300,30224289_IA-300_2025-1,2025-1
34923335,DEV-101,34923335_DEV-101_2025-1,2025-1
31660305,NEG-400,31660305_NEG-400_2025-1,2025-1
38622475,NEG-400,38622475_NEG-400_2025-1,2025-1
39171997,DAT-201,39171997_DAT-201_2025-1,2025-1
43521267,DAT-101,43521267_DAT-101_2025-1,2025-1
34148661,DAT-101,34148661_DAT-101_2025-1,2025-1
47506119,MKT-200,47506119_MKT-200_2025-1,2025-1
46894068,DEV-101,46894068_DEV-101_2025-1,2025-1
40804778,UX-100,40804778_UX-100_2025-1,2025-1
34615409,DAT-101,34615409_DAT-101_2025-1,2025-1
45177548,NEG-400,45177548_NEG-400_2025-1,2025-1
35757363,DEV-101,35757363_DEV-101_2025-2,2025-2
32839194,DAT-305,32839194_DAT-305_2025-2,2025-2
40337941,MKT-200,40337941_MKT-200_2025-2,2025-2
46026190,GEN-101,46026190_GEN-101_2025-2,2025-2
37008739,IA-300,37008739_IA-300_2025-2,2025-2
40358538,IA-300,40358538_IA-300_2025-2,2025-2
32726810,DAT-305,32726810_DAT-305_2025-2,2025-2
44811354,UX-100,44811354_UX-100_2025-2,2025-2
44521729,UX-100,44521729_UX-100_2025-2,2025-2
41398180,GEN-101,41398180_GEN-101_2025-2,2025-2
30528419,NEG-400,30528419_NEG-400_2025-2,2025-2
40989234,DAT-305,40989234_DAT-305_2025-2,2025-2
44490644,DAT-101,44490644_DAT-101_2025-2,2025-2
40531804,UX-100,40531804_UX-100_2025-2,2025-2
44858776,IA-300,44858776_IA-300_2025-2,2025-2
32349636,DEV-101,32349636_DEV-101_2025-2,2025-2
40833222,IA-400,40833222_IA-400_2025-2,2025-2
31355414,MKT-200,31355414_MKT-200_2025-2,2025-2
38042975,UX-100,38042975_UX-100_2025-2,2025-2
47731681,GEN-101,47731681_GEN-101_2025-2,2025-2
33479160,DAT-305,33479160_DAT-305_2025-2,2025-2
39901527,GEN-101,39901527_GEN-101_2025-2,2025-2
46599245,DAT-201,46599245_DAT-201_2025-2,2025-2
38589344,MKT-200,38589344_MKT-200_2025-2,2025-2
38648189,NEG-400,38648189_NEG-400_2025-2,2025-2
31185628,GEN-101,31185628_GEN-101_2025-2,2025-2
41532385,NEG-400,41532385_NEG-400_2025-2,2025-2
36434636,GEN-101,36434636_GEN-101_2025-2,2025-2
30713710,MKT-200,30713710_MKT-200_2025-2,2025-2
31486885,DEV-101,31486885_DEV-101_2025-2,2025-2
34832335,DAT-101,34832335_DAT-101_2025-2,2025-2
47163691,MKT-200,47163691_MKT-200_2025-2,2025-2
43344838,DAT-201,43344838_DAT-201_2025-2,2025-2
47233498,MKT-200,47233498_MKT-200_2025-2,2025-2
43098716,IA-400,43098716_IA-400_2025-2,2025-2
47700089,IA-300,47700089_IA-300_2025-2,2025-2
38500035,MKT-200,38500035_MKT-200_2025-2,2025-2
38693211,UX-100,38693211_UX-100_2025-2,2025-2
35033683,NEG-400,35033683_NEG-400_2025-2,2025-2
45763623,DAT-305,45763623_DAT-305_2025-2,2025-2
33596181,NEG-400,33596181_NEG-400_2025-2,2025-2
37335497,DEV-101,37335497_DEV-101_2025-2,2025-2
32454237,IA-400,32454237_IA-400_2025-2,2025-2
35419862,DAT-305,35419862_DAT-305_2025-2,2025-2
30811908,IA-400,30811908_IA-400_2025-2,2025-2
32726810,MKT-200,32726810_MKT-200_2025-2,2025-2
47826221,IA-300,47826221_IA-300_2025-2,2025-2
32703610,IA-300,32703610_IA-300_2025-2,2025-2
44959844,NEG-400,44959844_NEG-400_2025-2,2025-2
33511174,DAT-101,33511174_DAT-101_2025-2,2025-2
46649401,IA-300,46649401_IA-300_2025-2,2025-2
46271176,DEV-101,46271176_DEV-101_2025-2,2025-2
44702371,NEG-400,44702371_NEG-400_2025-2,2025-2
47909977,GEN-101,47909977_GEN-101_2025-2,2025-2
31360651,GEN-101,31360651_GEN-101_2025-2,2025-2
46382860,DAT-201,46382860_DAT-201_2025-2,2025-2
45663240,IA-300,45663240_IA-300_2025-2,2025-2
32496231,DAT-101,32496231_DAT-101_2025-2,2025-2
46556662,DEV-101,46556662_DEV-101_2025-2,2025-2
38275238,DAT-201,38275238_DAT-201_2025-2,2025-2
33418893,GEN-101,33418893_GEN-101_2025-2,2025-2
31379839,UX-100,31379839_UX-100_2025-2,2025-2
36314879,IA-300,36314879_IA-300_2025-2,2025-2
46521420,NEG-400,46521420_NEG-400_2025-2,2025-2
37392794,IA-300,37392794_IA-300_2025-2,2025-2
40201800,UX-100,40201800_UX-100_2025-2,2025-2
32128322,DAT-101,32128322_DAT-101_2025-2,2025-2
34288472,MKT-200,34288472_MKT-200_2025-2,2025-2
30173121,UX-100,30173121_UX-100_2025-2,2025-2
45775192,UX-100,45775192_UX-100_2025-2,2025-2
32726810,DAT-201,32726810_DAT-201_2025-2,2025-2
34702143,DAT-201,34702143_DAT-201_2025-2,2025-2
37840610,DAT-101,37840610_DAT-101_2025-2,2025-2
35054932,UX-100,35054932_UX-100_2025-2,2025-2
44415606,DEV-101,44415606_DEV-101_2025-2,2025-2
46649401,MKT-200,46649401_MKT-200_2025-2,2025-2
31221480,GEN-101,31221480_GEN-101_2025-2,2025-2
31685297,DAT-305,31685297_DAT-305_2025-2,2025-2
40948220,MKT-200,40948220_MKT-200_2025-2,2025-2
44476887,IA-400,44476887_IA-400_2025-2,2025-2
46596607,GEN-101,46596607_GEN-101_2025-2,2025-2
47826221,DEV-101,47826221_DEV-101_2025-2,2025-2
31924807,DAT-101,31924807_DAT-101_2025-2,2025-2
43651947,IA-300,43651947_IA-300_2025-2,2025-2
43827991,IA-400,43827991_IA-400_2025-2,2025-2
46706919,IA-300,46706919_IA-300_2025-2,2025-2
47022459,DAT-305,47022459_DAT-305_2025-2,2025-2
44419143,IA-400,44419143_IA-400_2025-2,2025-2
41166199,IA-300,41166199_IA-300_2025-2,2025-2
45459710,DAT-201,45459710_DAT-201_2025-2,2025-2
37561242,NEG-400,37561242_NEG-400_2025-2,2025-2
32283744,GEN-101,32283744_GEN-101_2025-2,2025-2
32318137,GEN-101,32318137_GEN-101_2025-2,2025-2
41818271,UX-100,41818271_UX-100_2025-2,2025-2
40287807,UX-100,40287807_UX-100_2025-2,2025-2
36510557,DAT-201,36510557_DAT-201_2025-2,2025-2
43344838,UX-100,43344838_UX-100_2025-2,2025-2
31206140,MKT-200,31206140_MKT-200_2025-2,2025-2
30672524,GEN-101,30672524_GEN-101_2025-2,2025-2
38292751,DAT-305,38292751_DAT-305_2025-2,2025-2
35069582,IA-300,35069582_IA-300_2025-2,2025-2
46992814,DAT-201,46992814_DAT-201_2025-2,2025-2
40366603,IA-400,40366603_IA-400_2025-2,2025-2
32139544,UX-100,32139544_UX-100_2025-2,2025-2
35033683,DAT-305,35033683_DAT-305_2025-2,2025-2
34508579,IA-300,34508579_IA-300_2025-2,2025-2
31297438,NEG-400,31297438_NEG-400_2025-2,2025-2
44454123,DAT-305,44454123_DAT-305_2025-2,2025-2
43344838,IA-400,43344838_IA-400_2025-2,2025-2
39281798,GEN-101,39281798_GEN-101_2025-2,2025-2
34446896,DAT-305,34446896_DAT-305_2025-2,2025-2
36971688,GEN-101,36971688_GEN-101_2025-2,2025-2
31277192,IA-400,31277192_IA-400_2025-2,2025-2
38263069,DEV-101,38263069_DEV-101_2025-2,2025-2
39214817,DAT-305,39214817_DAT-305_2025-2,2025-2
36364003,DAT-101,36364003_DAT-101_2025-2,2025-2
34223113,NEG-400,34223113_NEG-400_2025-2,2025-2
41051244,DAT-201,41051244_DAT-201_2025-2,2025-2
47022459,DAT-101,47022459_DAT-101_2025-2,2025-2
31471846,NEG-400,31471846_NEG-400_2025-2,2025-2
32592763,DAT-305,32592763_DAT-305_2025-2,2025-2
46346975,MKT-200,46346975_MKT-200_2025-2,2025-2
33742338,DAT-201,33742338_DAT-201_2025-2,2025-2
36892333,UX-100,36892333_UX-100_2025-2,2025-2
36594251,DEV-101,36594251_DEV-101_2025-2,2025-2
39335040,DAT-101,39335040_DAT-101_2025-2,2025-2
34631520,UX-100,34631520_UX-100_2025-2,2025-2
45315237,GEN-101,45315237_GEN-101_2025-2,2025-2
36331097,DAT-101,36331097_DAT-101_2025-2,2025-2
44115909,DAT-201,44115909_DAT-201_2025-2,2025-2
46894068,DAT-101,46894068_DAT-101_2025-2,2025-2
31559920,DAT-201,31559920_DAT-201_2025-2,2025-2
36511898,DEV-101,36511898_DEV-101_2025-2,2025-2
35683885,GEN-101,35683885_GEN-101_2025-2,2025-2
34441439,DEV-101,34441439_DEV-101_2025-2,2025-2
39073370,UX-100,39073370_UX-100_2025-2,2025-2
32776935,UX-100,32776935_UX-100_2025-2,2025-2
43344838,MKT-200,43344838_MKT-200_2025-2,2025-2
30125745,DAT-305,30125745_DAT-305_2025-2,2025-2
44730308,MKT-200,44730308_MKT-200_2025-2,2025-2
41912939,DAT-305,41912939_DAT-305_2025-2,2025-2
33201122,IA-300,33201122_IA-300_2025-2,2025-2
36349336,DEV-101,36349336_DEV-101_2025-2,2025-2
44827801,UX-100,44827801_UX-100_2025-2,2025-2
32201924,NEG-400,32201924_NEG-400_2025-2,2025-2
41627786,DEV-101,41627786_DEV-101_2025-2,2025-2
35983804,GEN-101,35983804_GEN-101_2025-2,2025-2
34764302,IA-400,34764302_IA-400_2025-2,2025-2
45619097,IA-400,45619097_IA-400_2025-2,2025-2
39407484,MKT-200,39407484_MKT-200_2025-2,2025-2
33698941,MKT-200,33698941_MKT-200_2025-2,2025-2
31547849,DEV-101,31547849_DEV-101_2025-2,2025-2
46218945,GEN-101,46218945_GEN-101_2025-2,2025-2
43162851,DAT-101,43162851_DAT-101_2025-2,2025-2
36158027,DAT-305,36158027_DAT-305_2025-2,2025-2
39337175,NEG-400,39337175_NEG-400_2025-2,2025-2
35722006,IA-300,35722006_IA-300_2025-2,2025-2
46284693,DEV-101,46284693_DEV-101_2025-2,2025-2
46040721,NEG-400,46040721_NEG-400_2025-2,2025-2
44284431,GEN-101,44284431_GEN-101_2025-2,2025-2
30851248,IA-400,30851248_IA-400_2025-2,2025-2
37039481,IA-300,37039481_IA-300_2025-2,2025-2
39535799,DAT-101,39535799_DAT-101_2025-2,2025-2
47021675,DAT-101,47021675_DAT-101_2025-2,2025-2
34841664,UX-100,34841664_UX-100_2025-2,2025-2
34743406,IA-400,34743406_IA-400_2025-2,2025-2
40099804,DAT-305,40099804_DAT-305_2025-2,2025-2
37280564,DAT-201,37280564_DAT-201_2025-2,2025-2
38648189,UX-100,38648189_UX-100_2025-2,2025-2
41785959,DAT-305,41785959_DAT-305_2025-2,2025-2
31961540,IA-300,31961540_IA-300_2025-2,2025-2
46653953,DAT-305,46653953_DAT-305_2025-2,2025-2
44445238,DAT-201,44445238_DAT-201_2025-2,2025-2
40283838,DEV-101,40283838_DEV-101_2025-2,2025-2
41671067,NEG-400,41671067_NEG-400_2025-2,2025-2
38393487,IA-400,38393487_IA-400_2025-2,2025-2
36145210,NEG-400,36145210_NEG-400_2025-2,2025-2
33520255,GEN-101,33520255_GEN-101_2025-2,2025-2
47826221,DAT-305,47826221_DAT-305_2025-2,2025-2
37335497,GEN-101,37335497_GEN-101_2025-2,2025-2
40296795,NEG-400,40296795_NEG-400_2025-2,2025-2
44286872,DEV-101,44286872_DEV-101_2025-2,2025-2
33511174,GEN-101,33511174_GEN-101_2025-2,2025-2
46669980,GEN-101,46669980_GEN-101_2025-2,2025-2
45619097,UX-100,45619097_UX-100_2025-2,2025-2
40293144,IA-300,40293144_IA-300_2025-2,2025-2
31634609,IA-300,31634609_IA-300_2025-2,2025-2
34883029,DEV-101,34883029_DEV-101_2025-2,2025-2
30800017,DAT-305,30800017_DAT-305_2025-2,2025-2
33353197,IA-300,33353197_IA-300_2025-2,2025-2
44844263,IA-400,44844263_IA-400_2025-2,2025-2
37171122,NEG-400,37171122_NEG-400_2025-2,2025-2
30851248,UX-100,30851248_UX-100_2025-2,2025-2
37039481,DAT-201,37039481_DAT-201_2025-2,2025-2
44291013,MKT-200,44291013_MKT-200_2025-2,2025-2
46564562,NEG-400,46564562_NEG-400_2025-2,2025-2
38452657,DEV-101,38452657_DEV-101_2025-2,2025-2
46847177,GEN-101,46847177_GEN-101_2025-2,2025-2
47162613,IA-300,47162613_IA-300_2025-2,2025-2
37121626,GEN-101,37121626_GEN-101_2025-2,2025-2
33916616,DAT-101,33916616_DAT-101_2025-2,2025-2
38991597,DEV-101,38991597_DEV-101_2025-2,2025-2
45663240,DEV-101,45663240_DEV-101_2025-2,2025-2
40582609,GEN-101,40582609_GEN-101_2025-2,2025-2
47517294,DAT-305,47517294_DAT-305_2025-2,2025-2
39835913,MKT-200,39835913_MKT-200_2025-2,2025-2
37381074,NEG-400,37381074_NEG-400_2025-2,2025-2
39908813,NEG-400,39908813_NEG-400_2025-2,2025-2
41907942,IA-300,41907942_IA-300_2025-2,2025-2
44062737,IA-300,44062737_IA-300_2025-2,2025-2
46225626,MKT-200,46225626_MKT-200_2025-2,2025-2
31177427,DAT-305,31177427_DAT-305_2025-2,2025-2
32592763,DAT-101,32592763_DAT-101_2025-2,2025-2
32451951,GEN-101,32451951_GEN-101_2025-2,2025-2
41661140,IA-400,41661140_IA-400_2025-2,2025-2
33596181,DAT-101,33596181_DAT-101_2025-2,2025-2
46775879,IA-400,46775879_IA-400_2025-2,2025-2
34299183,NEG-400,34299183_NEG-400_2025-2,2025-2
44613692,DEV-101,44613692_DEV-101_2025-2,2025-2
41084438,UX-100,41084438_UX-100_2025-2,2025-2
40358538,GEN-101,40358538_GEN-101_2025-2,2025-2
30216143,MKT-200,30216143_MKT-200_2025-2,2025-2
40284355,DAT-201,40284355_DAT-201_2025-2,2025-2
30789190,UX-100,30789190_UX-100_2025-2,2025-2
37090862,IA-300,37090862_IA-300_2025-2,2025-2
44221505,GEN-101,44221505_GEN-101_2025-2,2025-2
30851248,DAT-305,30851248_DAT-305_2025-2,2025-2
43344838,IA-300,43344838_IA-300_2025-2,2025-2
30271801,GEN-101,30271801_GEN-101_2025-2,2025-2
37131375,UX-100,37131375_UX-100_2025-2,2025-2
39684156,DAT-201,39684156_DAT-201_2025-2,2025-2
30679979,IA-300,30679979_IA-300_2025-2,2025-2
34705463,DAT-201,34705463_DAT-201_2025-2,2025-2
34696467,DEV-101,34696467_DEV-101_2025-2,2025-2
46860457,DEV-101,46860457_DEV-101_2025-2,2025-2
33201122,UX-100,33201122_UX-100_2025-2,2025-2
31076430,GEN-101,31076430_GEN-101_2025-2,2025-2
39297755,DAT-201,39297755_DAT-201_2025-2,2025-2
32139544,NEG-400,32139544_NEG-400_2025-2,2025-2
40655822,DEV-101,40655822_DEV-101_2025-2,2025-2
32454237,IA-300,32454237_IA-300_2025-2,2025-2
33614240,DAT-101,33614240_DAT-101_2025-2,2025-2
41083641,IA-300,41083641_IA-300_2025-2,2025-2
37017626,DEV-101,37017626_DEV-101_2025-2,2025-2
35598065,DEV-101,35598065_DEV-101_2025-2,2025-2
35809204,DAT-305,35809204_DAT-305_2025-2,2025-2
45647473,DAT-201,45647473_DAT-201_2025-2,2025-2
32935035,GEN-101,32935035_GEN-101_2025-2,2025-2
36200569,NEG-400,36200569_NEG-400_2025-2,2025-2
32108581,MKT-200,32108581_MKT-200_2025-2,2025-2
44786123,DEV-101,44786123_DEV-101_2025-2,2025-2
47993064,NEG-400,47993064_NEG-400_2025-2,2025-2
44988509,NEG-400,44988509_NEG-400_2025-2,2025-2
38340878,NEG-400,38340878_NEG-400_2025-2,2025-2
38002503,DAT-201,38002503_DAT-201_2025-2,2025-2
43662150,GEN-101,43662150_GEN-101_2025-2,2025-2
44115909,UX-100,44115909_UX-100_2025-2,2025-2
44224033,UX-100,44224033_UX-100_2025-2,2025-2
38648189,DAT-201,38648189_DAT-201_2025-2,2025-2
43008590,DAT-101,43008590_DAT-101_2025-2,2025-2
33698941,IA-400,33698941_IA-400_2025-2,2025-2
31908414,NEG-400,31908414_NEG-400_2025-2,2025-2
37572605,IA-300,37572605_IA-300_2025-2,2025-2
46069202,MKT-200,46069202_MKT-200_2025-2,2025-2
31848115,IA-400,31848115_IA-400_2025-2,2025-2
32166416,IA-400,32166416_IA-400_2025-2,2025-2
32330822,DAT-101,32330822_DAT-101_2025-2,2025-2
45186536,DAT-101,45186536_DAT-101_2025-2,2025-2
30283834,DAT-101,30283834_DAT-101_2025-2,2025-2
32101106,IA-400,32101106_IA-400_2025-2,2025-2
43008590,DEV-101,43008590_DEV-101_2025-2,2025-2
43678310,DEV-101,43678310_DEV-101_2025-2,2025-2
33304657,IA-400,33304657_IA-400_2025-2,2025-2
33818954,DEV-101,33818954_DEV-101_2025-2,2025-2
40902797,DEV-101,40902797_DEV-101_2025-2,2025-2
44827801,IA-300,44827801_IA-300_2025-2,2025-2
46256042,MKT-200,46256042_MKT-200_2025-2,2025-2
37460819,MKT-200,37460819_MKT-200_2025-2,2025-2
44111228,DEV-101,44111228_DEV-101_2025-2,2025-2
40989234,NEG-400,40989234_NEG-400_2025-2,2025-2
46155741,DAT-305,46155741_DAT-305_2025-2,2025-2
47645473,NEG-400,47645473_NEG-400_2025-2,2025-2
33714793,UX-100,33714793_UX-100_2025-2,2025-2
38002503,DAT-305,38002503_DAT-305_2025-2,2025-2
32966903,DEV-101,32966903_DEV-101_2025-2,2025-2
36443537,NEG-400,36443537_NEG-400_2025-2,2025-2
37774603,DAT-201,37774603_DAT-201_2025-2,2025-2
32966903,NEG-400,32966903_NEG-400_2025-2,2025-2
32435922,IA-400,32435922_IA-400_2025-2,2025-2
45474619,DAT-305,45474619_DAT-305_2025-2,2025-2
33143242,UX-100,33143242_UX-100_2025-2,2025-2
40848361,IA-300,40848361_IA-300_2025-2,2025-2
40681899,MKT-200,40681899_MKT-200_2025-2,2025-2
34057124,MKT-200,34057124_MKT-200_2025-2,2025-2
46600954,IA-300,46600954_IA-300_2025-2,2025-2
32550613,MKT-200,32550613_MKT-200_2025-2,2025-2
30506698,DAT-101,30506698_DAT-101_2025-2,2025-2
46218945,DAT-305,46218945_DAT-305_2025-2,2025-2
31355414,DAT-101,31355414_DAT-101_2025-2,2025-2
46909132,DAT-101,46909132_DAT-101_2025-2,2025-2
32911130,IA-300,32911130_IA-300_2025-2,2025-2
38500035,IA-400,38500035_IA-400_2025-2,2025-2
30923193,IA-300,30923193_IA-300_2025-2,2025-2
37171122,MKT-200,37171122_MKT-200_2025-2,2025-2
46270211,NEG-400,46270211_NEG-400_2025-2,2025-2
45024595,IA-400,45024595_IA-400_2025-2,2025-2
34355144,UX-100,34355144_UX-100_2025-2,2025-2
37090862,DEV-101,37090862_DEV-101_2025-2,2025-2
32329071,MKT-200,32329071_MKT-200_2025-2,2025-2
41273545,DAT-305,41273545_DAT-305_2025-2,2025-2
33397920,IA-400,33397920_IA-400_2025-2,2025-2
44407218,IA-400,44407218_IA-400_2025-2,2025-2
34832335,IA-400,34832335_IA-400_2025-2,2025-2
47162613,NEG-400,47162613_NEG-400_2025-2,2025-2
34299183,DAT-101,34299183_DAT-101_2025-2,2025-2
35608376,NEG-400,35608376_NEG-400_2025-2,2025-2
45011218,DAT-305,45011218_DAT-305_2025-2,2025-2
32119317,DAT-101,32119317_DAT-101_2025-2,2025-2
46997300,DEV-101,46997300_DEV-101_2025-2,2025-2
44754301,MKT-200,44754301_MKT-200_2025-2,2025-2
34151433,NEG-400,34151433_NEG-400_2025-2,2025-2
30483176,IA-400,30483176_IA-400_2025-2,2025-2
40998609,DAT-101,40998609_DAT-101_2025-2,2025-2
43249808,GEN-101,43249808_GEN-101_2025-2,2025-2
39831826,IA-400,39831826_IA-400_2025-2,2025-2
31067946,UX-100,31067946_UX-100_2025-2,2025-2
35720054,DAT-305,35720054_DAT-305_2025-2,2025-2
35310111,IA-400,35310111_IA-400_2025-2,2025-2
43751737,DAT-305,43751737_DAT-305_2025-2,2025-2
43473683,MKT-200,43473683_MKT-200_2025-2,2025-2
39820530,IA-400,39820530_IA-400_2025-2,2025-2
32976983,UX-100,32976983_UX-100_2025-2,2025-2
40235116,IA-300,40235116_IA-300_2025-2,2025-2
41907942,MKT-200,41907942_MKT-200_2025-2,2025-2
34850967,DAT-201,34850967_DAT-201_2025-2,2025-2
41273545,DAT-201,41273545_DAT-201_2025-2,2025-2
39416795,UX-100,39416795_UX-100_2025-2,2025-2
41830154,DAT-101,41830154_DAT-101_2025-2,2025-2
32034364,MKT-200,32034364_MKT-200_2025-2,2025-2
46833655,MKT-200,46833655_MKT-200_2025-2,2025-2
31662806,DAT-201,31662806_DAT-201_2025-2,2025-2
32604998,DEV-101,32604998_DEV-101_2025-2,2025-2
33948364,DAT-201,33948364_DAT-201_2025-2,2025-2
39557640,NEG-400,39557640_NEG-400_2025-2,2025-2
34814097,IA-400,34814097_IA-400_2025-2,2025-2
35951430,DAT-201,35951430_DAT-201_2025-2,2025-2
46170762,MKT-200,46170762_MKT-200_2025-2,2025-2
32459600,DAT-305,32459600_DAT-305_2025-2,2025-2
39214817,IA-300,39214817_IA-300_2025-2,2025-2
46026190,DEV-101,46026190_DEV-101_2025-2,2025-2
32664172,DAT-101,32664172_DAT-101_2025-2,2025-2
36701529,MKT-200,36701529_MKT-200_2025-2,2025-2
33948364,DEV-101,33948364_DEV-101_2025-2,2025-2
43008590,IA-300,43008590_IA-300_2025-2,2025-2
43254348,DAT-201,43254348_DAT-201_2025-2,2025-2
38869750,NEG-400,38869750_NEG-400_2025-2,2025-2
35821025,IA-400,35821025_IA-400_2025-2,2025-2
31173022,DAT-305,31173022_DAT-305_2025-2,2025-2
44858776,DAT-201,44858776_DAT-201_2025-2,2025-2
36003291,DAT-305,36003291_DAT-305_2025-2,2025-2
31486885,NEG-400,31486885_NEG-400_2025-2,2025-2
33984071,DAT-101,33984071_DAT-101_2025-2,2025-2
45482430,IA-400,45482430_IA-400_2025-2,2025-2
37874267,IA-400,37874267_IA-400_2025-2,2025-2
33641153,GEN-101,33641153_GEN-101_2025-2,2025-2
44049715,GEN-101,44049715_GEN-101_2025-2,2025-2
38340878,DAT-201,38340878_DAT-201_2025-2,2025-2
32098690,IA-300,32098690_IA-300_2025-2,2025-2
33800391,MKT-200,33800391_MKT-200_2025-2,2025-2
44651662,NEG-400,44651662_NEG-400_2025-2,2025-2
33698941,DAT-201,33698941_DAT-201_2025-2,2025-2
44490644,UX-100,44490644_UX-100_2025-2,2025-2
37151523,UX-100,37151523_UX-100_2025-2,2025-2
30639152,IA-300,30639152_IA-300_2025-2,2025-2
44340522,DEV-101,44340522_DEV-101_2025-2,2025-2
45645475,GEN-101,45645475_GEN-101_2025-2,2025-2
35926356,DEV-101,35926356_DEV-101_2025-2,2025-2
40045468,IA-300,40045468_IA-300_2025-2,2025-2
45041476,DAT-201,45041476_DAT-201_2025-2,2025-2
32101106,DAT-305,32101106_DAT-305_2025-2,2025-2
46385782,GEN-101,46385782_GEN-101_2025-2,2025-2
44398280,GEN-101,44398280_GEN-101_2025-2,2025-2
35457839,DEV-101,35457839_DEV-101_2025-2,2025-2
31445923,DEV-101,31445923_DEV-101_2025-2,2025-2
40366603,GEN-101,40366603_GEN-101_2025-2,2025-2
40582609,UX-100,40582609_UX-100_2025-2,2025-2
39831826,DAT-101,39831826_DAT-101_2025-2,2025-2
40523492,GEN-101,40523492_GEN-101_2025-2,2025-2
39006974,DAT-201,39006974_DAT-201_2025-2,2025-2
32201924,IA-400,32201924_IA-400_2025-2,2025-2
31324108,DEV-101,31324108_DEV-101_2025-2,2025-2
46649401,DAT-305,46649401_DAT-305_2025-2,2025-2
38315775,UX-100,38315775_UX-100_2025-2,2025-2
45488677,NEG-400,45488677_NEG-400_2025-2,2025-2
35930527,IA-300,35930527_IA-300_2025-2,2025-2
43098716,NEG-400,43098716_NEG-400_2025-2,2025-2
39297755,IA-400,39297755_IA-400_2025-2,2025-2
38531146,IA-400,38531146_IA-400_2025-2,2025-2
40039504,IA-300,40039504_IA-300_2025-2,2025-2
45002798,IA-400,45002798_IA-400_2025-2,2025-2
37659718,UX-100,37659718_UX-100_2025-2,2025-2
34316765,IA-300,34316765_IA-300_2025-2,2025-2
47122979,UX-100,47122979_UX-100_2025-2,2025-2
39047069,DEV-101,39047069_DEV-101_2025-2,2025-2
38648189,MKT-200,38648189_MKT-200_2025-2,2025-2
40437937,MKT-200,40437937_MKT-200_2025-2,2025-2
47775711,GEN-101,47775711_GEN-101_2025-2,2025-2
40719473,IA-300,40719473_IA-300_2025-2,2025-2
30205757,GEN-101,30205757_GEN-101_2025-2,2025-2
41084438,IA-400,41084438_IA-400_2025-2,2025-2
32839194,IA-300,32839194_IA-300_2025-2,2025-2
30639152,GEN-101,30639152_GEN-101_2025-2,2025-2
40661993,UX-100,40661993_UX-100_2025-2,2025-2
47915465,IA-400,47915465_IA-400_2025-2,2025-2
32170253,DEV-101,32170253_DEV-101_2025-2,2025-2
46572742,DAT-305,46572742_DAT-305_2025-2,2025-2
34764302,GEN-101,34764302_GEN-101_2025-2,2025-2
34219114,GEN-101,34219114_GEN-101_2025-2,2025-2
45225711,DAT-305,45225711_DAT-305_2025-2,2025-2
37119833,IA-300,37119833_IA-300_2025-2,2025-2
43721576,DAT-305,43721576_DAT-305_2025-2,2025-2
43889224,IA-400,43889224_IA-400_2025-2,2025-2
43059176,IA-400,43059176_IA-400_2025-2,2025-2
39087618,GEN-101,39087618_GEN-101_2025-2,2025-2
37412229,DAT-101,37412229_DAT-101_2025-2,2025-2
44923903,GEN-101,44923903_GEN-101_2025-2,2025-2
33276302,NEG-400,33276302_NEG-400_2025-2,2025-2
43037722,DEV-101,43037722_DEV-101_2025-2,2025-2
34987487,DEV-101,34987487_DEV-101_2025-2,2025-2
31559920,NEG-400,31559920_NEG-400_2025-2,2025-2
34883029,IA-400,34883029_IA-400_2025-2,2025-2
38417833,MKT-200,38417833_MKT-200_2025-2,2025-2
31277192,MKT-200,31277192_MKT-200_2025-2,2025-2
46411752,MKT-200,46411752_MKT-200_2025-2,2025-2
35385278,MKT-200,35385278_MKT-200_2025-2,2025-2
34933614,IA-300,34933614_IA-300_2025-2,2025-2
32817735,IA-400,32817735_IA-400_2025-2,2025-2
46271176,UX-100,46271176_UX-100_2025-2,2025-2
44490644,IA-300,44490644_IA-300_2025-2,2025-2
37606348,DAT-201,37606348_DAT-201_2025-2,2025-2
45820668,DEV-101,45820668_DEV-101_2025-2,2025-2
39335040,IA-400,39335040_IA-400_2025-2,2025-2
36974458,UX-100,36974458_UX-100_2025-2,2025-2
40681899,UX-100,40681899_UX-100_2025-2,2025-2
40745106,GEN-101,40745106_GEN-101_2025-2,2025-2
47416283,DAT-101,47416283_DAT-101_2025-2,2025-2
46210812,DAT-101,46210812_DAT-101_2025-2,2025-2
38405437,DAT-101,38405437_DAT-101_2025-2,2025-2
36863273,NEG-400,36863273_NEG-400_2025-2,2025-2
47764924,DEV-101,47764924_DEV-101_2025-2,2025-2
35284612,DEV-101,35284612_DEV-101_2025-2,2025-2
47122979,DEV-101,47122979_DEV-101_2025-2,2025-2
39473672,NEG-400,39473672_NEG-400_2025-2,2025-2
33143242,DAT-305,33143242_DAT-305_2025-2,2025-2
31015246,DAT-201,31015246_DAT-201_2025-2,2025-2
39265874,IA-400,39265874_IA-400_2025-2,2025-2
44197978,UX-100,44197978_UX-100_2025-2,2025-2
46708439,IA-300,46708439_IA-300_2025-2,2025-2
46647366,IA-400,46647366_IA-400_2025-2,2025-2
46382860,DEV-101,46382860_DEV-101_2025-2,2025-2
33697024,GEN-101,33697024_GEN-101_2025-2,2025-2
30271801,DAT-201,30271801_DAT-201_2025-2,2025-2
34288472,NEG-400,34288472_NEG-400_2025-2,2025-2
46153310,DAT-201,46153310_DAT-201_2025-2,2025-2
31615043,DAT-201,31615043_DAT-201_2025-2,2025-2
33191684,IA-400,33191684_IA-400_2025-2,2025-2
32844429,UX-100,32844429_UX-100_2025-2,2025-2
45763623,DEV-101,45763623_DEV-101_2025-2,2025-2
47983613,IA-300,47983613_IA-300_2025-2,2025-2
31209670,MKT-200,31209670_MKT-200_2025-2,2025-2
38964128,IA-400,38964128_IA-400_2025-2,2025-2
40762250,IA-400,40762250_IA-400_2025-2,2025-2
41416545,IA-300,41416545_IA-300_2025-2,2025-2
38818793,UX-100,38818793_UX-100_2025-2,2025-2
39733145,DAT-305,39733145_DAT-305_2025-2,2025-2
34729179,IA-400,34729179_IA-400_2025-2,2025-2
40287807,MKT-200,40287807_MKT-200_2025-2,2025-2
34577564,UX-100,34577564_UX-100_2025-2,2025-2
47700089,MKT-200,47700089_MKT-200_2025-2,2025-2
40451762,IA-300,40451762_IA-300_2025-2,2025-2
40305444,NEG-400,40305444_NEG-400_2025-2,2025-2
36765559,DAT-101,36765559_DAT-101_2025-2,2025-2
44692963,DAT-101,44692963_DAT-101_2025-2,2025-2
33320861,DEV-101,33320861_DEV-101_2025-2,2025-2
41204894,MKT-200,41204894_MKT-200_2025-2,2025-2
32108581,IA-300,32108581_IA-300_2025-2,2025-2
30377321,UX-100,30377321_UX-100_2025-2,2025-2
44173257,IA-300,44173257_IA-300_2025-2,2025-2
36156003,GEN-101,36156003_GEN-101_2025-2,2025-2
44454123,IA-300,44454123_IA-300_2025-2,2025-2
46706919,IA-400,46706919_IA-400_2025-2,2025-2
43690930,DAT-201,43690930_DAT-201_2025-2,2025-2
39159460,MKT-200,39159460_MKT-200_2025-2,2025-2
44811354,IA-300,44811354_IA-300_2025-2,2025-2
35629692,NEG-400,35629692_NEG-400_2025-2,2025-2
30789190,IA-400,30789190_IA-400_2025-2,2025-2
46024126,NEG-400,46024126_NEG-400_2025-2,2025-2
44241859,NEG-400,44241859_NEG-400_2025-2,2025-2
44442488,NEG-400,44442488_NEG-400_2025-2,2025-2
31662806,IA-400,31662806_IA-400_2025-2,2025-2
46564562,IA-300,46564562_IA-300_2025-2,2025-2
39297755,GEN-101,39297755_GEN-101_2025-2,2025-2
43471496,NEG-400,43471496_NEG-400_2025-2,2025-2
45259638,IA-300,45259638_IA-300_2025-2,2025-2
45444903,MKT-200,45444903_MKT-200_2025-2,2025-2
34057124,IA-300,34057124_IA-300_2025-2,2025-2
40756585,NEG-400,40756585_NEG-400_2025-2,2025-2
44724307,IA-300,44724307_IA-300_2025-2,2025-2
36219416,DAT-101,36219416_DAT-101_2025-2,2025-2
31185628,MKT-200,31185628_MKT-200_2025-2,2025-2
38780853,MKT-200,38780853_MKT-200_2025-2,2025-2
46828583,IA-300,46828583_IA-300_2025-2,2025-2
37335497,MKT-200,37335497_MKT-200_2025-2,2025-2
41830154,DEV-101,41830154_DEV-101_2025-2,2025-2
41904080,DAT-101,41904080_DAT-101_2025-2,2025-2
34089245,DAT-305,34089245_DAT-305_2025-2,2025-2
38089426,DAT-201,38089426_DAT-201_2025-2,2025-2
37799625,DAT-201,37799625_DAT-201_2025-2,2025-2
45311516,IA-300,45311516_IA-300_2025-2,2025-2
36156003,MKT-200,36156003_MKT-200_2025-2,2025-2
36235580,DAT-305,36235580_DAT-305_2025-2,2025-2
36570791,DAT-101,36570791_DAT-101_2025-2,2025-2
37515292,IA-400,37515292_IA-400_2025-2,2025-2
33518284,MKT-200,33518284_MKT-200_2025-2,2025-2
37885100,DAT-101,37885100_DAT-101_2025-2,2025-2
33831924,UX-100,33831924_UX-100_2025-2,2025-2
30173121,DAT-201,30173121_DAT-201_2025-2,2025-2
46920666,DAT-101,46920666_DAT-101_2025-2,2025-2
38714246,UX-100,38714246_UX-100_2025-2,2025-2
47367569,DEV-101,47367569_DEV-101_2025-2,2025-2
32130223,IA-300,32130223_IA-300_2025-2,2025-2
46920666,IA-300,46920666_IA-300_2025-2,2025-2
36907961,IA-300,36907961_IA-300_2025-2,2025-2
31221561,DAT-305,31221561_DAT-305_2025-2,2025-2
47993064,UX-100,47993064_UX-100_2025-2,2025-2
46060979,DAT-101,46060979_DAT-101_2025-2,2025-2
33397920,GEN-101,33397920_GEN-101_2025-2,2025-2
30839312,MKT-200,30839312_MKT-200_2025-2,2025-2
45890411,DEV-101,45890411_DEV-101_2025-2,2025-2
47247100,DAT-305,47247100_DAT-305_2025-2,2025-2
37091816,NEG-400,37091816_NEG-400_2025-2,2025-2
46541120,UX-100,46541120_UX-100_2025-2,2025-2
30344498,DAT-101,30344498_DAT-101_2025-2,2025-2
31467025,DAT-305,31467025_DAT-305_2025-2,2025-2
31278420,MKT-200,31278420_MKT-200_2025-2,2025-2
44473224,IA-300,44473224_IA-300_2025-2,2025-2
47199649,DAT-101,47199649_DAT-101_2025-2,2025-2
33742338,NEG-400,33742338_NEG-400_2025-2,2025-2
47633067,UX-100,47633067_UX-100_2025-2,2025-2
32098690,DAT-101,32098690_DAT-101_2025-2,2025-2
31221480,IA-300,31221480_IA-300_2025-2,2025-2
46377357,NEG-400,46377357_NEG-400_2025-2,2025-2
33831924,GEN-101,33831924_GEN-101_2025-2,2025-2
39684156,UX-100,39684156_UX-100_2025-2,2025-2
35218002,IA-400,35218002_IA-400_2025-2,2025-2
45259638,IA-400,45259638_IA-400_2025-2,2025-2
41416545,DAT-305,41416545_DAT-305_2025-2,2025-2
44025027,NEG-400,44025027_NEG-400_2025-2,2025-2
35199789,GEN-101,35199789_GEN-101_2025-2,2025-2
31864701,GEN-101,31864701_GEN-101_2025-2,2025-2
44911255,UX-100,44911255_UX-100_2025-2,2025-2
34148661,DEV-101,34148661_DEV-101_2025-2,2025-2
35753821,NEG-400,35753821_NEG-400_2025-2,2025-2
35809204,DAT-201,35809204_DAT-201_2025-2,2025-2
44064200,DAT-101,44064200_DAT-101_2025-2,2025-2
38794221,IA-400,38794221_IA-400_2025-2,2025-2
47221206,MKT-200,47221206_MKT-200_2025-2,2025-2
46026190,DAT-305,46026190_DAT-305_2025-2,2025-2
33846409,DEV-101,33846409_DEV-101_2025-2,2025-2
34661132,DAT-201,34661132_DAT-201_2025-2,2025-2
34841664,DEV-101,34841664_DEV-101_2025-2,2025-2
44107875,DAT-305,44107875_DAT-305_2025-2,2025-2
36092237,GEN-101,36092237_GEN-101_2025-2,2025-2
31067946,IA-300,31067946_IA-300_2025-2,2025-2
44878225,UX-100,44878225_UX-100_2025-2,2025-2
40655822,DAT-201,40655822_DAT-201_2025-2,2025-2
37774603,UX-100,37774603_UX-100_2025-2,2025-2
32171676,NEG-400,32171676_NEG-400_2025-2,2025-2
32027618,UX-100,32027618_UX-100_2025-2,2025-2
43342517,IA-400,43342517_IA-400_2025-2,2025-2
46647366,MKT-200,46647366_MKT-200_2025-2,2025-2
31332769,MKT-200,31332769_MKT-200_2025-2,2025-2
33914516,GEN-101,33914516_GEN-101_2025-2,2025-2
46345360,DAT-201,46345360_DAT-201_2025-2,2025-2
30958838,IA-300,30958838_IA-300_2025-2,2025-2
40948220,DAT-305,40948220_DAT-305_2025-2,2025-2
46382860,GEN-101,46382860_GEN-101_2025-2,2025-2
34743897,NEG-400,34743897_NEG-400_2025-2,2025-2
45841815,DEV-101,45841815_DEV-101_2025-2,2025-2
47700089,DEV-101,47700089_DEV-101_2025-2,2025-2
33304657,NEG-400,33304657_NEG-400_2025-2,2025-2
45645475,DAT-201,45645475_DAT-201_2025-2,2025-2
37013243,IA-400,37013243_IA-400_2025-2,2025-2
39449899,DAT-305,39449899_DAT-305_2025-2,2025-2
40283838,MKT-200,40283838_MKT-200_2025-2,2025-2
39737785,DAT-201,39737785_DAT-201_2025-2,2025-2
32567561,DAT-305,32567561_DAT-305_2025-2,2025-2
38549006,IA-400,38549006_IA-400_2025-2,2025-2
31864701,UX-100,31864701_UX-100_2025-2,2025-2
38695540,NEG-400,38695540_NEG-400_2025-2,2025-2
43721576,IA-400,43721576_IA-400_2025-2,2025-2
33895965,UX-100,33895965_UX-100_2025-2,2025-2
39087618,DEV-101,39087618_DEV-101_2025-2,2025-2
35994686,GEN-101,35994686_GEN-101_2025-2,2025-2
43690930,UX-100,43690930_UX-100_2025-2,2025-2
40175984,UX-100,40175984_UX-100_2025-2,2025-2
35983804,DEV-101,35983804_DEV-101_2025-2,2025-2
32817735,NEG-400,32817735_NEG-400_2025-2,2025-2
35983804,DAT-101,35983804_DAT-101_2025-2,2025-2
35410565,UX-100,35410565_UX-100_2025-2,2025-2
33362152,IA-300,33362152_IA-300_2025-2,2025-2
40409948,MKT-200,40409948_MKT-200_2025-2,2025-2
36511898,DAT-201,36511898_DAT-201_2025-2,2025-2
30703214,IA-400,30703214_IA-400_2025-2,2025-2
44476887,NEG-400,44476887_NEG-400_2025-2,2025-2
32228319,DAT-101,32228319_DAT-101_2025-2,2025-2
45482430,DEV-101,45482430_DEV-101_2025-2,2025-2
41641503,DAT-201,41641503_DAT-201_2025-2,2025-2
39046561,NEG-400,39046561_NEG-400_2025-2,2025-2
35267675,DEV-101,35267675_DEV-101_2025-2,2025-2
45417606,UX-100,45417606_UX-100_2025-2,2025-2
44182964,UX-100,44182964_UX-100_2025-2,2025-2
31324108,UX-100,31324108_UX-100_2025-2,2025-2
36169395,NEG-400,36169395_NEG-400_2025-2,2025-2
43647497,NEG-400,43647497_NEG-400_2025-2,2025-2
38695540,DEV-101,38695540_DEV-101_2025-2,2025-2
44965151,IA-300,44965151_IA-300_2025-2,2025-2
47864391,DAT-305,47864391_DAT-305_2025-2,2025-2
47788251,UX-100,47788251_UX-100_2025-2,2025-2
30703214,DAT-101,30703214_DAT-101_2025-2,2025-2
47826221,UX-100,47826221_UX-100_2025-2,2025-2
39817999,DAT-305,39817999_DAT-305_2025-2,2025-2
39121001,UX-100,39121001_UX-100_2025-2,2025-2
47122979,GEN-101,47122979_GEN-101_2025-2,2025-2
37121626,IA-400,37121626_IA-400_2025-2,2025-2
43331228,DAT-201,43331228_DAT-201_2025-2,2025-2
34508579,DEV-101,34508579_DEV-101_2025-2,2025-2
39623347,MKT-200,39623347_MKT-200_2025-2,2025-2
41815317,GEN-101,41815317_GEN-101_2025-2,2025-2
45309663,IA-400,45309663_IA-400_2025-2,2025-2
43537356,NEG-400,43537356_NEG-400_2025-2,2025-2
33709759,NEG-400,33709759_NEG-400_2025-2,2025-2
32435922,UX-100,32435922_UX-100_2025-2,2025-2
33191684,DEV-101,33191684_DEV-101_2025-2,2025-2
30639152,NEG-400,30639152_NEG-400_2025-2,2025-2
33127447,UX-100,33127447_UX-100_2025-2,2025-2
30283080,DAT-201,30283080_DAT-201_2025-2,2025-2
43597806,MKT-200,43597806_MKT-200_2025-2,2025-2
46398361,MKT-200,46398361_MKT-200_2025-2,2025-2
32816822,MKT-200,32816822_MKT-200_2025-2,2025-2
45474521,DAT-101,45474521_DAT-101_2025-2,2025-2
44305990,MKT-200,44305990_MKT-200_2025-2,2025-2
32581169,DAT-101,32581169_DAT-101_2025-2,2025-2
35077928,MKT-200,35077928_MKT-200_2025-2,2025-2
40394280,DAT-305,40394280_DAT-305_2025-2,2025-2
41083641,NEG-400,41083641_NEG-400_2025-2,2025-2
39195104,IA-300,39195104_IA-300_2025-2,2025-2
45820668,DAT-305,45820668_DAT-305_2025-2,2025-2
46385782,DAT-305,46385782_DAT-305_2025-2,2025-2
47690351,DAT-201,47690351_DAT-201_2025-2,2025-2
30851248,DAT-201,30851248_DAT-201_2025-2,2025-2
30173121,DAT-101,30173121_DAT-101_2025-2,2025-2
33333250,IA-300,33333250_IA-300_2025-2,2025-2
35415212,DEV-101,35415212_DEV-101_2025-2,2025-2
41627786,DAT-305,41627786_DAT-305_2025-2,2025-2
44111228,NEG-400,44111228_NEG-400_2025-2,2025-2
33717161,DAT-201,33717161_DAT-201_2025-2,2025-2
36314879,DAT-201,36314879_DAT-201_2025-2,2025-2
41083641,DAT-305,41083641_DAT-305_2025-2,2025-2
31742344,IA-400,31742344_IA-400_2025-2,2025-2
46600954,DAT-201,46600954_DAT-201_2025-2,2025-2
40350483,IA-400,40350483_IA-400_2025-2,2025-2
32028866,IA-300,32028866_IA-300_2025-2,2025-2
43647497,DAT-305,43647497_DAT-305_2025-2,2025-2
32480780,MKT-200,32480780_MKT-200_2025-2,2025-2
31848115,DAT-305,31848115_DAT-305_2025-2,2025-2
36617253,UX-100,36617253_UX-100_2025-2,2025-2
44118742,GEN-101,44118742_GEN-101_2025-2,2025-2
33614240,IA-300,33614240_IA-300_2025-2,2025-2
41006133,NEG-400,41006133_NEG-400_2025-2,2025-2
34793173,IA-400,34793173_IA-400_2025-2,2025-2
44334164,MKT-200,44334164_MKT-200_2025-2,2025-2
35310111,UX-100,35310111_UX-100_2025-2,2025-2
41994164,IA-300,41994164_IA-300_2025-2,2025-2
32997790,NEG-400,32997790_NEG-400_2025-2,2025-2
35947218,MKT-200,35947218_MKT-200_2025-2,2025-2
43185797,MKT-200,43185797_MKT-200_2025-2,2025-2
35837738,NEG-400,35837738_NEG-400_2025-2,2025-2
40915348,IA-300,40915348_IA-300_2025-2,2025-2
43751737,GEN-101,43751737_GEN-101_2025-2,2025-2
30820105,DEV-101,30820105_DEV-101_2025-2,2025-2
32703610,DAT-305,32703610_DAT-305_2025-2,2025-2
32388706,NEG-400,32388706_NEG-400_2025-2,2025-2
35133995,IA-300,35133995_IA-300_2025-2,2025-2
44115909,MKT-200,44115909_MKT-200_2025-2,2025-2
35720054,NEG-400,35720054_NEG-400_2025-2,2025-2
44717216,DEV-101,44717216_DEV-101_2025-2,2025-2
33379578,DAT-101,33379578_DAT-101_2025-2,2025-2
31181222,UX-100,31181222_UX-100_2025-2,2025-2
46653953,DAT-201,46653953_DAT-201_2025-2,2025-2
36971688,MKT-200,36971688_MKT-200_2025-2,2025-2
34401288,DEV-101,34401288_DEV-101_2025-2,2025-2
46233381,IA-400,46233381_IA-400_2025-2,2025-2
30386246,GEN-101,30386246_GEN-101_2025-2,2025-2
31239788,DAT-101,31239788_DAT-101_2025-2,2025-2
36691364,DAT-201,36691364_DAT-201_2025-2,2025-2
33717161,UX-100,33717161_UX-100_2025-2,2025-2
46410216,DEV-101,46410216_DEV-101_2025-2,2025-2
32270986,UX-100,32270986_UX-100_2025-2,2025-2
47358131,IA-400,47358131_IA-400_2025-2,2025-2
32460250,IA-300,32460250_IA-300_2025-2,2025-2
32284312,UX-100,32284312_UX-100_2025-2,2025-2
40804778,MKT-200,40804778_MKT-200_2025-2,2025-2
35753821,UX-100,35753821_UX-100_2025-2,2025-2
34401288,IA-400,34401288_IA-400_2025-2,2025-2
35837738,DAT-101,35837738_DAT-101_2025-2,2025-2
38940969,DAT-201,38940969_DAT-201_2025-2,2025-2
45474521,IA-400,45474521_IA-400_2025-2,2025-2
37947511,DAT-101,37947511_DAT-101_2025-2,2025-2
43037722,IA-400,43037722_IA-400_2025-2,2025-2
46596607,IA-300,46596607_IA-300_2025-2,2025-2
39265874,DAT-305,39265874_DAT-305_2025-2,2025-2
33520372,DAT-101,33520372_DAT-101_2025-2,2025-2
45496689,DAT-101,45496689_DAT-101_2025-2,2025-2
30662919,IA-400,30662919_IA-400_2025-2,2025-2
40330349,IA-300,40330349_IA-300_2025-2,2025-2
47906696,IA-400,47906696_IA-400_2025-2,2025-2
36040952,DAT-201,36040952_DAT-201_2025-2,2025-2
43008590,MKT-200,43008590_MKT-200_2025-2,2025-2
44544802,UX-100,44544802_UX-100_2025-2,2025-2
40437078,UX-100,40437078_UX-100_2025-2,2025-2
38111908,IA-300,38111908_IA-300_2025-2,2025-2
34858008,MKT-200,34858008_MKT-200_2025-2,2025-2
40902797,NEG-400,40902797_NEG-400_2025-2,2025-2
47776360,DAT-201,47776360_DAT-201_2025-2,2025-2
33698941,IA-300,33698941_IA-300_2025-2,2025-2
30055439,GEN-101,30055439_GEN-101_2025-2,2025-2
39195104,IA-400,39195104_IA-400_2025-2,2025-2
44613692,IA-400,44613692_IA-400_2025-2,2025-2
32098690,NEG-400,32098690_NEG-400_2025-2,2025-2
36145210,IA-300,36145210_IA-300_2025-2,2025-2
46147941,UX-100,46147941_UX-100_2025-2,2025-2
47969954,DAT-305,47969954_DAT-305_2025-2,2025-2
46521420,DEV-101,46521420_DEV-101_2025-2,2025-2
47649810,MKT-200,47649810_MKT-200_2025-2,2025-2
35930527,NEG-400,35930527_NEG-400_2025-2,2025-2
45589540,DEV-101,45589540_DEV-101_2025-2,2025-2
46263687,IA-300,46263687_IA-300_2025-2,2025-2
37725025,DAT-101,37725025_DAT-101_2025-2,2025-2
43624314,MKT-200,43624314_MKT-200_2025-2,2025-2
39449899,NEG-400,39449899_NEG-400_2025-2,2025-2
43711417,NEG-400,43711417_NEG-400_2025-2,2025-2
30800017,DAT-101,30800017_DAT-101_2025-2,2025-2
40140970,MKT-200,40140970_MKT-200_2025-2,2025-2
37057932,DEV-101,37057932_DEV-101_2025-2,2025-2
45134203,UX-100,45134203_UX-100_2025-2,2025-2
31324108,DAT-101,31324108_DAT-101_2025-2,2025-2
43037722,DAT-305,43037722_DAT-305_2025-2,2025-2
31136038,UX-100,31136038_UX-100_2025-2,2025-2
32997790,IA-400,32997790_IA-400_2025-2,2025-2
33353197,NEG-400,33353197_NEG-400_2025-2,2025-2
47633067,IA-400,47633067_IA-400_2025-2,2025-2
31924807,GEN-101,31924807_GEN-101_2025-2,2025-2
39817999,IA-400,39817999_IA-400_2025-2,2025-2
43679905,IA-300,43679905_IA-300_2025-2,2025-2
33229738,MKT-200,33229738_MKT-200_2025-2,2025-2
36583358,GEN-101,36583358_GEN-101_2025-2,2025-2
43904377,GEN-101,43904377_GEN-101_2025-2,2025-2
38030283,DEV-101,38030283_DEV-101_2025-2,2025-2
37672436,MKT-200,37672436_MKT-200_2025-2,2025-2
36138156,IA-300,36138156_IA-300_2025-2,2025-2
45186536,IA-400,45186536_IA-400_2025-2,2025-2
47206312,UX-100,47206312_UX-100_2025-2,2025-2
43528816,DEV-101,43528816_DEV-101_2025-2,2025-2
34883029,NEG-400,34883029_NEG-400_2025-2,2025-2
44878225,DEV-101,44878225_DEV-101_2025-2,2025-2
45647473,DEV-101,45647473_DEV-101_2025-2,2025-2
35608376,MKT-200,35608376_MKT-200_2025-2,2025-2
43711417,DAT-305,43711417_DAT-305_2025-2,2025-2
34743897,MKT-200,34743897_MKT-200_2025-2,2025-2
38991597,NEG-400,38991597_NEG-400_2025-2,2025-2
46346975,IA-300,46346975_IA-300_2025-2,2025-2
35115152,DAT-101,35115152_DAT-101_2025-2,2025-2
36003291,DAT-201,36003291_DAT-201_2025-2,2025-2
46780927,DEV-101,46780927_DEV-101_2025-2,2025-2
47416283,GEN-101,47416283_GEN-101_2025-2,2025-2
44554637,DEV-101,44554637_DEV-101_2025-2,2025-2
36300221,UX-100,36300221_UX-100_2025-2,2025-2
34648956,DEV-101,34648956_DEV-101_2025-2,2025-2
38111908,DAT-305,38111908_DAT-305_2025-2,2025-2
40531804,DAT-201,40531804_DAT-201_2025-2,2025-2
43615605,DAT-201,43615605_DAT-201_2025-2,2025-2
39901527,IA-400,39901527_IA-400_2025-2,2025-2
45654702,UX-100,45654702_UX-100_2025-2,2025-2
47162613,GEN-101,47162613_GEN-101_2025-2,2025-2
40874592,DAT-101,40874592_DAT-101_2025-2,2025-2
30811908,GEN-101,30811908_GEN-101_2025-2,2025-2
43281049,MKT-200,43281049_MKT-200_2025-2,2025-2
35850567,DEV-101,35850567_DEV-101_2025-2,2025-2
41994164,DAT-101,41994164_DAT-101_2025-2,2025-2
46920666,DEV-101,46920666_DEV-101_2025-2,2025-2
46329934,IA-400,46329934_IA-400_2025-2,2025-2
47909977,UX-100,47909977_UX-100_2025-2,2025-2
37918142,DAT-101,37918142_DAT-101_2025-2,2025-2
33714793,NEG-400,33714793_NEG-400_2025-2,2025-2
33505185,NEG-400,33505185_NEG-400_2025-2,2025-2
33320861,UX-100,33320861_UX-100_2025-2,2025-2
45280236,NEG-400,45280236_NEG-400_2025-2,2025-2
41066323,IA-400,41066323_IA-400_2025-2,2025-2
35509748,DAT-201,35509748_DAT-201_2025-2,2025-2
32139544,MKT-200,32139544_MKT-200_2025-2,2025-2
45066439,NEG-400,45066439_NEG-400_2025-2,2025-2
37162747,GEN-101,37162747_GEN-101_2025-2,2025-2
44443284,GEN-101,44443284_GEN-101_2025-2,2025-2
47733210,IA-400,47733210_IA-400_2025-2,2025-2
46706919,NEG-400,46706919_NEG-400_2025-2,2025-2
30677244,IA-400,30677244_IA-400_2025-2,2025-2
34647475,DAT-201,34647475_DAT-201_2025-2,2025-2
46024126,IA-400,46024126_IA-400_2025-2,2025-2
30506698,IA-400,30506698_IA-400_2025-2,2025-2
46653953,IA-400,46653953_IA-400_2025-2,2025-2
32241129,DAT-305,32241129_DAT-305_2025-2,2025-2
46218945,NEG-400,46218945_NEG-400_2025-2,2025-2
40250893,MKT-200,40250893_MKT-200_2025-2,2025-2
45766160,NEG-400,45766160_NEG-400_2025-2,2025-2
47320705,DEV-101,47320705_DEV-101_2025-2,2025-2
41815317,UX-100,41815317_UX-100_2025-2,2025-2
35470566,NEG-400,35470566_NEG-400_2025-2,2025-2
41340763,DEV-101,41340763_DEV-101_2025-2,2025-2
32703610,NEG-400,32703610_NEG-400_2025-2,2025-2
44491570,DAT-305,44491570_DAT-305_2025-2,2025-2
39535799,UX-100,39535799_UX-100_2025-2,2025-2
37763133,MKT-200,37763133_MKT-200_2025-2,2025-2
37874267,IA-300,37874267_IA-300_2025-2,2025-2
45368291,GEN-101,45368291_GEN-101_2025-2,2025-2
40832369,DEV-101,40832369_DEV-101_2025-2,2025-2
32170253,GEN-101,32170253_GEN-101_2025-2,2025-2
40230385,MKT-200,40230385_MKT-200_2025-2,2025-2
36858459,IA-300,36858459_IA-300_2025-2,2025-2
30781172,UX-100,30781172_UX-100_2025-2,2025-2
44445238,DEV-101,44445238_DEV-101_2025-2,2025-2
38353870,MKT-200,38353870_MKT-200_2025-2,2025-2
43615605,NEG-400,43615605_NEG-400_2025-2,2025-2
33896639,DAT-201,33896639_DAT-201_2025-2,2025-2
46314784,DAT-101,46314784_DAT-101_2025-2,2025-2
34933614,IA-400,34933614_IA-400_2025-2,2025-2
31153469,GEN-101,31153469_GEN-101_2025-2,2025-2
44988509,UX-100,44988509_UX-100_2025-2,2025-2
36092237,IA-400,36092237_IA-400_2025-2,2025-2
43904377,DAT-305,43904377_DAT-305_2025-2,2025-2
45847170,DAT-305,45847170_DAT-305_2025-2,2025-2
39535799,IA-400,39535799_IA-400_2025-2,2025-2
46828583,MKT-200,46828583_MKT-200_2025-2,2025-2
32349636,MKT-200,32349636_MKT-200_2025-2,2025-2
39765048,IA-400,39765048_IA-400_2025-2,2025-2
35415212,MKT-200,35415212_MKT-200_2025-2,2025-2
33229738,IA-300,33229738_IA-300_2025-2,2025-2
30946573,NEG-400,30946573_NEG-400_2025-2,2025-2
45984678,DEV-101,45984678_DEV-101_2025-2,2025-2
46314784,DAT-201,46314784_DAT-201_2025-2,2025-2
45539704,DAT-201,45539704_DAT-201_2025-2,2025-2
41079498,UX-100,41079498_UX-100_2025-2,2025-2
46271176,IA-400,46271176_IA-400_2025-2,2025-2
44443284,DEV-101,44443284_DEV-101_2025-2,2025-2
39407484,DEV-101,39407484_DEV-101_2025-2,2025-2
46284693,DAT-305,46284693_DAT-305_2025-2,2025-2
39335040,IA-300,39335040_IA-300_2025-2,2025-2
40102789,IA-400,40102789_IA-400_2025-2,2025-2
45041443,IA-300,45041443_IA-300_2025-2,2025-2
41627786,NEG-400,41627786_NEG-400_2025-2,2025-2
47182282,GEN-101,47182282_GEN-101_2025-2,2025-2
39901527,NEG-400,39901527_NEG-400_2025-2,2025-2
41641503,DAT-101,41641503_DAT-101_2025-2,2025-2
43399661,MKT-200,43399661_MKT-200_2025-2,2025-2
32170253,DAT-101,32170253_DAT-101_2025-2,2025-2
44640011,MKT-200,44640011_MKT-200_2025-2,2025-2
46329934,DAT-101,46329934_DAT-101_2025-2,2025-2
44512365,IA-300,44512365_IA-300_2025-2,2025-2
35450908,GEN-101,35450908_GEN-101_2025-2,2025-2
44717216,IA-400,44717216_IA-400_2025-2,2025-2
31803019,UX-100,31803019_UX-100_2025-2,2025-2
40948220,DAT-201,40948220_DAT-201_2025-2,2025-2
37829833,DAT-305,37829833_DAT-305_2025-2,2025-2
43632991,IA-400,43632991_IA-400_2025-2,2025-2
33479160,IA-400,33479160_IA-400_2025-2,2025-2
45474619,GEN-101,45474619_GEN-101_2025-2,2025-2
45711997,DAT-101,45711997_DAT-101_2025-2,2025-2
35951430,NEG-400,35951430_NEG-400_2025-2,2025-2
46153310,DEV-101,46153310_DEV-101_2025-2,2025-2
32388706,MKT-200,32388706_MKT-200_2025-2,2025-2
34977085,IA-400,34977085_IA-400_2025-2,2025-2
32073901,DAT-201,32073901_DAT-201_2025-2,2025-2
45694620,IA-400,45694620_IA-400_2025-2,2025-2
31020972,NEG-400,31020972_NEG-400_2025-2,2025-2
31730204,DAT-201,31730204_DAT-201_2025-2,2025-2
40874592,IA-300,40874592_IA-300_2025-2,2025-2
39214817,DEV-101,39214817_DEV-101_2025-2,2025-2
38313159,GEN-101,38313159_GEN-101_2025-2,2025-2
39107282,UX-100,39107282_UX-100_2025-2,2025-2
43679905,DEV-101,43679905_DEV-101_2025-2,2025-2
45452257,DAT-305,45452257_DAT-305_2025-2,2025-2
32099939,NEG-400,32099939_NEG-400_2025-2,2025-2
32028866,GEN-101,32028866_GEN-101_2025-2,2025-2
39592778,DAT-201,39592778_DAT-201_2025-2,2025-2
46698472,IA-300,46698472_IA-300_2025-2,2025-2
41721070,DAT-201,41721070_DAT-201_2025-2,2025-2
45679679,MKT-200,45679679_MKT-200_2025-2,2025-2
47762723,GEN-101,47762723_GEN-101_2025-2,2025-2
47207202,IA-400,47207202_IA-400_2025-2,2025-2
44264848,IA-300,44264848_IA-300_2025-2,2025-2
35303961,IA-300,35303961_IA-300_2025-2,2025-2
41204894,UX-100,41204894_UX-100_2025-2,2025-2
41340763,GEN-101,41340763_GEN-101_2025-2,2025-2
35951430,MKT-200,35951430_MKT-200_2025-2,2025-2
44062737,MKT-200,44062737_MKT-200_2025-2,2025-2
47969954,GEN-101,47969954_GEN-101_2025-2,2025-2
34631520,IA-400,34631520_IA-400_2025-2,2025-2
32860968,DEV-101,32860968_DEV-101_2025-2,2025-2
45311516,UX-100,45311516_UX-100_2025-2,2025-2
35839853,DEV-101,35839853_DEV-101_2025-2,2025-2
39231072,GEN-101,39231072_GEN-101_2025-2,2025-2
36421707,DAT-305,36421707_DAT-305_2025-2,2025-2
32170253,IA-300,32170253_IA-300_2025-2,2025-2
47061751,MKT-200,47061751_MKT-200_2025-2,2025-2
46435125,IA-400,46435125_IA-400_2025-2,2025-2
39255922,DAT-101,39255922_DAT-101_2025-2,2025-2
46137809,DAT-201,46137809_DAT-201_2025-2,2025-2
38902809,MKT-200,38902809_MKT-200_2025-2,2025-2
32228319,UX-100,32228319_UX-100_2025-2,2025-2
40284355,NEG-400,40284355_NEG-400_2025-2,2025-2
45813207,DEV-101,45813207_DEV-101_2025-2,2025-2
39733145,IA-400,39733145_IA-400_2025-2,2025-2
44241859,DAT-201,44241859_DAT-201_2025-2,2025-2
39547835,DAT-201,39547835_DAT-201_2025-2,2025-2
37829833,MKT-200,37829833_MKT-200_2025-2,2025-2
36314879,DAT-305,36314879_DAT-305_2025-2,2025-2
33683627,DAT-201,33683627_DAT-201_2025-2,2025-2
30060967,DAT-101,30060967_DAT-101_2025-2,2025-2
37182051,DAT-201,37182051_DAT-201_2025-2,2025-2
35580984,MKT-200,35580984_MKT-200_2025-2,2025-2
39093550,DAT-101,39093550_DAT-101_2025-2,2025-2
37802380,DEV-101,37802380_DEV-101_2025-2,2025-2
39835913,IA-400,39835913_IA-400_2025-2,2025-2
47993064,DAT-201,47993064_DAT-201_2025-2,2025-2
39337175,DAT-101,39337175_DAT-101_2025-2,2025-2
36133533,DEV-101,36133533_DEV-101_2025-2,2025-2
34627342,NEG-400,34627342_NEG-400_2025-2,2025-2
37351522,NEG-400,37351522_NEG-400_2025-2,2025-2
45011218,NEG-400,45011218_NEG-400_2025-2,2025-2
40409948,IA-300,40409948_IA-300_2025-2,2025-2
38181190,MKT-200,38181190_MKT-200_2025-2,2025-2
47481163,DAT-101,47481163_DAT-101_2025-2,2025-2
35574653,DAT-201,35574653_DAT-201_2025-2,2025-2
45417606,NEG-400,45417606_NEG-400_2025-2,2025-2
39278348,GEN-101,39278348_GEN-101_2025-2,2025-2
38498499,DAT-101,38498499_DAT-101_2025-2,2025-2
34832335,DAT-305,34832335_DAT-305_2025-2,2025-2
44176621,DAT-101,44176621_DAT-101_2025-2,2025-2
47822229,DAT-201,47822229_DAT-201_2025-2,2025-2
32409630,DAT-201,32409630_DAT-201_2025-2,2025-2
31634609,DAT-101,31634609_DAT-101_2025-2,2025-2
31730204,IA-400,31730204_IA-400_2025-2,2025-2
31221561,UX-100,31221561_UX-100_2025-2,2025-2
37584867,DAT-201,37584867_DAT-201_2025-2,2025-2
35330350,DAT-201,35330350_DAT-201_2025-2,2025-2
33353197,DAT-201,33353197_DAT-201_2025-2,2025-2
39449899,IA-400,39449899_IA-400_2025-2,2025-2
41950319,DAT-201,41950319_DAT-201_2025-2,2025-2
35207049,IA-400,35207049_IA-400_2025-2,2025-2
34577564,DAT-305,34577564_DAT-305_2025-2,2025-2
47199896,DAT-305,47199896_DAT-305_2025-2,2025-2
39449899,DAT-101,39449899_DAT-101_2025-2,2025-2
38066467,GEN-101,38066467_GEN-101_2025-2,2025-2
34696467,DAT-101,34696467_DAT-101_2025-2,2025-2
40582609,DAT-305,40582609_DAT-305_2025-2,2025-2
45890411,IA-300,45890411_IA-300_2025-2,2025-2
35147199,NEG-400,35147199_NEG-400_2025-2,2025-2
36138156,DAT-101,36138156_DAT-101_2025-2,2025-2
46418357,DAT-201,46418357_DAT-201_2025-2,2025-2
34288472,DAT-305,34288472_DAT-305_2025-2,2025-2
30858543,MKT-200,30858543_MKT-200_2025-2,2025-2
35407054,IA-400,35407054_IA-400_2025-2,2025-2
40293144,DEV-101,40293144_DEV-101_2025-2,2025-2
45474521,MKT-200,45474521_MKT-200_2025-2,2025-2
46847177,DEV-101,46847177_DEV-101_2025-2,2025-2
41912939,DEV-101,41912939_DEV-101_2025-2,2025-2
36992557,IA-400,36992557_IA-400_2025-2,2025-2
45007686,DAT-101,45007686_DAT-101_2025-2,2025-2
44853849,IA-400,44853849_IA-400_2025-2,2025-2
47775711,DAT-101,47775711_DAT-101_2025-2,2025-2
37458197,DEV-101,37458197_DEV-101_2025-2,2025-2
39278348,DAT-201,39278348_DAT-201_2025-2,2025-2
32028866,DAT-201,32028866_DAT-201_2025-2,2025-2
45763623,DAT-201,45763623_DAT-201_2025-2,2025-2
31681085,NEG-400,31681085_NEG-400_2025-2,2025-2
35532629,MKT-200,35532629_MKT-200_2025-2,2025-2
38936509,DEV-101,38936509_DEV-101_2025-2,2025-2
44025027,DAT-305,44025027_DAT-305_2025-2,2025-2
39159460,DEV-101,39159460_DEV-101_2025-2,2025-2
46708439,DAT-101,46708439_DAT-101_2025-2,2025-2
32108581,GEN-101,32108581_GEN-101_2025-2,2025-2
44692963,GEN-101,44692963_GEN-101_2025-2,2025-2
40451762,UX-100,40451762_UX-100_2025-2,2025-2
30278086,DAT-201,30278086_DAT-201_2025-2,2025-2
37952540,DAT-201,37952540_DAT-201_2025-2,2025-2
37017626,DAT-101,37017626_DAT-101_2025-2,2025-2
35450908,DAT-101,35450908_DAT-101_2025-2,2025-2
46966361,DEV-101,46966361_DEV-101_2025-2,2025-2
32171052,IA-300,32171052_IA-300_2025-2,2025-2
37039481,DAT-101,37039481_DAT-101_2025-2,2025-2
44343339,IA-300,44343339_IA-300_2025-2,2025-2
40228309,IA-300,40228309_IA-300_2025-2,2025-2
30858543,IA-300,30858543_IA-300_2025-2,2025-2
35486815,DEV-101,35486815_DEV-101_2025-2,2025-2
32567561,GEN-101,32567561_GEN-101_2025-2,2025-2
39265874,UX-100,39265874_UX-100_2025-2,2025-2
44490644,DAT-201,44490644_DAT-201_2025-2,2025-2
32997790,DAT-305,32997790_DAT-305_2025-2,2025-2
35580984,DAT-201,35580984_DAT-201_2025-2,2025-2
30839312,UX-100,30839312_UX-100_2025-2,2025-2
39160706,IA-400,39160706_IA-400_2025-2,2025-2
33709759,IA-300,33709759_IA-300_2025-2,2025-2
38631479,DAT-101,38631479_DAT-101_2025-2,2025-2
37952540,DEV-101,37952540_DEV-101_2025-2,2025-2
45539704,DEV-101,45539704_DEV-101_2025-2,2025-2
40804778,DEV-101,40804778_DEV-101_2025-2,2025-2
36570791,IA-400,36570791_IA-400_2025-2,2025-2
30186819,IA-400,30186819_IA-400_2025-2,2025-2
37880219,UX-100,37880219_UX-100_2025-2,2025-2
36443537,DAT-305,36443537_DAT-305_2025-2,2025-2
36691364,MKT-200,36691364_MKT-200_2025-2,2025-2
33143242,NEG-400,33143242_NEG-400_2025-2,2025-2
31445923,GEN-101,31445923_GEN-101_2025-2,2025-2
37679372,DAT-305,37679372_DAT-305_2025-2,2025-2
35207049,MKT-200,35207049_MKT-200_2025-2,2025-2
43191267,DAT-305,43191267_DAT-305_2025-2,2025-2
40967959,IA-400,40967959_IA-400_2025-2,2025-2
35598065,DAT-305,35598065_DAT-305_2025-2,2025-2
35407054,DEV-101,35407054_DEV-101_2025-2,2025-2
39214817,MKT-200,39214817_MKT-200_2025-2,2025-2
43624806,NEG-400,43624806_NEG-400_2025-2,2025-2
35147199,UX-100,35147199_UX-100_2025-2,2025-2
44118742,NEG-400,44118742_NEG-400_2025-2,2025-2
43528816,IA-300,43528816_IA-300_2025-2,2025-2
45865176,GEN-101,45865176_GEN-101_2025-2,2025-2
46829066,MKT-200,46829066_MKT-200_2025-2,2025-2
31576981,DAT-101,31576981_DAT-101_2025-2,2025-2
47517294,DEV-101,47517294_DEV-101_2025-2,2025-2
33984071,GEN-101,33984071_GEN-101_2025-2,2025-2
31177427,MKT-200,31177427_MKT-200_2025-2,2025-2
32098690,IA-400,32098690_IA-400_2025-2,2025-2
46411752,DAT-101,46411752_DAT-101_2025-2,2025-2
34705463,DAT-101,34705463_DAT-101_2025-2,2025-2
33418893,UX-100,33418893_UX-100_2025-2,2025-2
32284312,IA-300,32284312_IA-300_2025-2,2025-2
47530910,DAT-305,47530910_DAT-305_2025-2,2025-2
32108581,NEG-400,32108581_NEG-400_2025-2,2025-2
46833655,IA-400,46833655_IA-400_2025-2,2025-2
45474619,IA-300,45474619_IA-300_2025-2,2025-2
39820530,GEN-101,39820530_GEN-101_2025-2,2025-2
37632339,UX-100,37632339_UX-100_2025-2,2025-2
45309663,DEV-101,45309663_DEV-101_2025-2,2025-2
41289442,UX-100,41289442_UX-100_2025-2,2025-2
33397920,DEV-101,33397920_DEV-101_2025-2,2025-2
46706919,MKT-200,46706919_MKT-200_2025-2,2025-2
47908881,DAT-101,47908881_DAT-101_2025-2,2025-2
40451762,DAT-201,40451762_DAT-201_2025-2,2025-2
41051244,MKT-200,41051244_MKT-200_2025-2,2025-2
39835913,DAT-201,39835913_DAT-201_2025-2,2025-2
33610212,IA-300,33610212_IA-300_2025-2,2025-2
35115152,DEV-101,35115152_DEV-101_2025-2,2025-2
32284312,IA-400,32284312_IA-400_2025-2,2025-2
40967959,NEG-400,40967959_NEG-400_2025-2,2025-2
45694620,DAT-201,45694620_DAT-201_2025-2,2025-2
40269989,IA-400,40269989_IA-400_2025-2,2025-2
32329071,IA-300,32329071_IA-300_2025-2,2025-2
43462497,DAT-101,43462497_DAT-101_2025-2,2025-2
34577564,DAT-101,34577564_DAT-101_2025-2,2025-2
40437078,DAT-305,40437078_DAT-305_2025-2,2025-2
44988381,IA-300,44988381_IA-300_2025-2,2025-2
39396593,DAT-201,39396593_DAT-201_2025-2,2025-2
46281181,DAT-101,46281181_DAT-101_2025-2,2025-2
39752062,GEN-101,39752062_GEN-101_2025-2,2025-2
39073064,DEV-101,39073064_DEV-101_2025-2,2025-2
31015246,DAT-101,31015246_DAT-101_2025-2,2025-2
39047069,DAT-201,39047069_DAT-201_2025-2,2025-2
37370656,IA-300,37370656_IA-300_2025-2,2025-2
37370656,DAT-101,37370656_DAT-101_2025-2,2025-2
45679679,IA-400,45679679_IA-400_2025-2,2025-2
31846333,IA-300,31846333_IA-300_2025-2,2025-2
45351925,IA-300,45351925_IA-300_2025-2,2025-2
44443284,NEG-400,44443284_NEG-400_2025-2,2025-2
45105658,DAT-101,45105658_DAT-101_2025-2,2025-2
40582609,IA-300,40582609_IA-300_2025-2,2025-2
37106276,DEV-101,37106276_DEV-101_2025-2,2025-2
39647120,UX-100,39647120_UX-100_2025-2,2025-2
33714793,IA-300,33714793_IA-300_2025-2,2025-2
32270986,IA-300,32270986_IA-300_2025-2,2025-2
33984071,IA-400,33984071_IA-400_2025-2,2025-2
38531623,MKT-200,38531623_MKT-200_2025-2,2025-2
41204894,DEV-101,41204894_DEV-101_2025-2,2025-2
34432017,IA-400,34432017_IA-400_2025-2,2025-2
34531843,GEN-101,34531843_GEN-101_2025-2,2025-2
43904377,MKT-200,43904377_MKT-200_2025-2,2025-2
31425696,NEG-400,31425696_NEG-400_2025-2,2025-2
31136038,MKT-200,31136038_MKT-200_2025-2,2025-2
44227115,NEG-400,44227115_NEG-400_2025-2,2025-2
45076705,IA-400,45076705_IA-400_2025-2,2025-2
38818793,DAT-305,38818793_DAT-305_2025-2,2025-2
32498967,MKT-200,32498967_MKT-200_2025-2,2025-2
31209670,DAT-101,31209670_DAT-101_2025-2,2025-2
46780927,DAT-101,46780927_DAT-101_2025-2,2025-2
44190336,IA-400,44190336_IA-400_2025-2,2025-2
45198757,IA-400,45198757_IA-400_2025-2,2025-2
46210812,UX-100,46210812_UX-100_2025-2,2025-2
36235580,GEN-101,36235580_GEN-101_2025-2,2025-2
32441127,MKT-200,32441127_MKT-200_2025-2,2025-2
44235496,DAT-305,44235496_DAT-305_2025-2,2025-2
33175574,IA-400,33175574_IA-400_2025-2,2025-2
31803019,DAT-305,31803019_DAT-305_2025-2,2025-2
33375552,DAT-101,33375552_DAT-101_2025-2,2025-2
31313953,IA-300,31313953_IA-300_2025-2,2025-2
34888999,GEN-101,34888999_GEN-101_2025-2,2025-2
33717161,DEV-101,33717161_DEV-101_2025-2,2025-2
33247551,GEN-101,33247551_GEN-101_2025-2,2025-2
33846409,UX-100,33846409_UX-100_2025-2,2025-2
43284866,IA-400,43284866_IA-400_2025-2,2025-2
36996781,IA-400,36996781_IA-400_2025-2,2025-2
46103571,NEG-400,46103571_NEG-400_2025-2,2025-2
40235116,IA-400,40235116_IA-400_2025-2,2025-2
47983613,IA-400,47983613_IA-400_2025-2,2025-2
38417833,IA-300,38417833_IA-300_2025-2,2025-2
41448781,UX-100,41448781_UX-100_2025-2,2025-2
41398180,NEG-400,41398180_NEG-400_2025-2,2025-2
35994686,DAT-201,35994686_DAT-201_2025-2,2025-2
40597857,DAT-101,40597857_DAT-101_2025-2,2025-2
38171209,DAT-101,38171209_DAT-101_2025-2,2025-2
46345360,DEV-101,46345360_DEV-101_2025-2,2025-2
46410216,MKT-200,46410216_MKT-200_2025-2,2025-2
36532331,DAT-101,36532331_DAT-101_2025-2,2025-2
47517294,NEG-400,47517294_NEG-400_2025-2,2025-2
35994686,IA-300,35994686_IA-300_2025-2,2025-2
39068971,DAT-101,39068971_DAT-101_2025-2,2025-2
36092237,UX-100,36092237_UX-100_2025-2,2025-2
31313953,DAT-101,31313953_DAT-101_2025-2,2025-2
44923903,DAT-305,44923903_DAT-305_2025-2,2025-2
30377321,IA-300,30377321_IA-300_2025-2,2025-2
47206312,MKT-200,47206312_MKT-200_2025-2,2025-2
43558573,DAT-101,43558573_DAT-101_2025-2,2025-2
45865176,DAT-305,45865176_DAT-305_2025-2,2025-2
44229724,NEG-400,44229724_NEG-400_2025-2,2025-2
32592763,MKT-200,32592763_MKT-200_2025-2,2025-2
36160142,DAT-305,36160142_DAT-305_2025-2,2025-2
31846333,DAT-101,31846333_DAT-101_2025-2,2025-2
36992557,UX-100,36992557_UX-100_2025-2,2025-2
40451762,IA-400,40451762_IA-400_2025-2,2025-2
39796864,IA-300,39796864_IA-300_2025-2,2025-2
43941263,IA-300,43941263_IA-300_2025-2,2025-2
46345360,NEG-400,46345360_NEG-400_2025-2,2025-2
39592778,UX-100,39592778_UX-100_2025-2,2025-2
46762093,NEG-400,46762093_NEG-400_2025-2,2025-2
34486034,IA-400,34486034_IA-400_2025-2,2025-2
44343101,UX-100,44343101_UX-100_2025-2,2025-2
46706919,DAT-305,46706919_DAT-305_2025-2,2025-2
39046561,IA-400,39046561_IA-400_2025-2,2025-2
41833461,IA-400,41833461_IA-400_2025-2,2025-2
32339744,MKT-200,32339744_MKT-200_2025-2,2025-2
35276014,MKT-200,35276014_MKT-200_2025-2,2025-2
32329071,GEN-101,32329071_GEN-101_2025-2,2025-2
36160142,NEG-400,36160142_NEG-400_2025-2,2025-2
40230385,DAT-201,40230385_DAT-201_2025-2,2025-2
39278348,IA-400,39278348_IA-400_2025-2,2025-2
45368291,MKT-200,45368291_MKT-200_2025-2,2025-2
35580984,DAT-305,35580984_DAT-305_2025-2,2025-2
44443284,DAT-201,44443284_DAT-201_2025-2,2025-2
35457839,MKT-200,35457839_MKT-200_2025-2,2025-2
40230385,DEV-101,40230385_DEV-101_2025-2,2025-2
32905120,DAT-305,32905120_DAT-305_2025-2,2025-2
40330349,DAT-101,40330349_DAT-101_2025-2,2025-2
38042975,MKT-200,38042975_MKT-200_2025-2,2025-2
46890428,DEV-101,46890428_DEV-101_2025-2,2025-2
36304118,DEV-101,36304118_DEV-101_2025-2,2025-2
45417367,MKT-200,45417367_MKT-200_2025-2,2025-2
37095694,MKT-200,37095694_MKT-200_2025-2,2025-2
33229738,DEV-101,33229738_DEV-101_2025-2,2025-2
33259158,UX-100,33259158_UX-100_2025-2,2025-2
37981847,IA-400,37981847_IA-400_2025-2,2025-2
33895965,DAT-101,33895965_DAT-101_2025-2,2025-2
46706919,GEN-101,46706919_GEN-101_2025-2,2025-2
34858008,DEV-101,34858008_DEV-101_2025-2,2025-2
30639152,DAT-101,30639152_DAT-101_2025-2,2025-2
36511898,GEN-101,36511898_GEN-101_2025-2,2025-2
45160188,IA-400,45160188_IA-400_2025-2,2025-2
35850567,IA-300,35850567_IA-300_2025-2,2025-2
43162851,DAT-305,43162851_DAT-305_2025-2,2025-2
37639684,DEV-101,37639684_DEV-101_2025-2,2025-2
41234290,IA-300,41234290_IA-300_2025-2,2025-2
39297755,NEG-400,39297755_NEG-400_2025-2,2025-2
43941263,IA-400,43941263_IA-400_2025-2,2025-2
43174343,IA-300,43174343_IA-300_2025-2,2025-2
46329934,NEG-400,46329934_NEG-400_2025-2,2025-2
44197978,DAT-201,44197978_DAT-201_2025-2,2025-2
39831826,DAT-201,39831826_DAT-201_2025-2,2025-2
30301798,GEN-101,30301798_GEN-101_2025-2,2025-2
45820668,MKT-200,45820668_MKT-200_2025-2,2025-2
35069582,UX-100,35069582_UX-100_2025-2,2025-2
39592778,DAT-101,39592778_DAT-101_2025-2,2025-2
39996815,GEN-101,39996815_GEN-101_2025-2,2025-2
41204894,IA-400,41204894_IA-400_2025-2,2025-2
32726810,UX-100,32726810_UX-100_2025-2,2025-2
38452657,MKT-200,38452657_MKT-200_2025-2,2025-2
47700089,DAT-201,47700089_DAT-201_2025-2,2025-2
38625723,IA-300,38625723_IA-300_2025-2,2025-2
34148661,GEN-101,34148661_GEN-101_2025-2,2025-2
44811661,NEG-400,44811661_NEG-400_2025-2,2025-2
32592763,UX-100,32592763_UX-100_2025-2,2025-2
35837738,DEV-101,35837738_DEV-101_2025-2,2025-2
34627342,DAT-201,34627342_DAT-201_2025-2,2025-2
31748817,NEG-400,31748817_NEG-400_2025-2,2025-2
41234886,MKT-200,41234886_MKT-200_2025-2,2025-2
40833222,NEG-400,40833222_NEG-400_2025-2,2025-2
38661719,GEN-101,38661719_GEN-101_2025-2,2025-2
32705831,MKT-200,32705831_MKT-200_2025-2,2025-2
36780964,DEV-101,36780964_DEV-101_2025-2,2025-2
44241859,IA-400,44241859_IA-400_2025-2,2025-2
31020972,DAT-201,31020972_DAT-201_2025-2,2025-2
31297438,DAT-305,31297438_DAT-305_2025-2,2025-2
30278086,IA-400,30278086_IA-400_2025-2,2025-2
32860968,NEG-400,32860968_NEG-400_2025-2,2025-2
34873483,IA-400,34873483_IA-400_2025-2,2025-2
44730308,DAT-305,44730308_DAT-305_2025-2,2025-2
36185529,NEG-400,36185529_NEG-400_2025-2,2025-2
46992814,GEN-101,46992814_GEN-101_2025-2,2025-2
36160142,DEV-101,36160142_DEV-101_2025-2,2025-2
35683885,IA-300,35683885_IA-300_2025-2,2025-2
45663240,DAT-201,45663240_DAT-201_2025-2,2025-2
39592778,IA-400,39592778_IA-400_2025-2,2025-2
43624806,UX-100,43624806_UX-100_2025-2,2025-2
46040721,DAT-305,46040721_DAT-305_2025-2,2025-2
30020248,DAT-101,30020248_DAT-101_2025-2,2025-2
35284612,NEG-400,35284612_NEG-400_2025-2,2025-2
38211223,GEN-101,38211223_GEN-101_2025-2,2025-2
46271176,GEN-101,46271176_GEN-101_2025-2,2025-2
46281181,MKT-200,46281181_MKT-200_2025-2,2025-2
45539704,MKT-200,45539704_MKT-200_2025-2,2025-2
46372785,UX-100,46372785_UX-100_2025-2,2025-2
40848361,MKT-200,40848361_MKT-200_2025-2,2025-2
35667236,IA-300,35667236_IA-300_2025-2,2025-2
44284431,MKT-200,44284431_MKT-200_2025-2,2025-2
43651947,UX-100,43651947_UX-100_2025-2,2025-2
44291013,DAT-101,44291013_DAT-101_2025-2,2025-2
35572715,UX-100,35572715_UX-100_2025-2,2025-2
38680320,DAT-305,38680320_DAT-305_2025-2,2025-2
39145092,DEV-101,39145092_DEV-101_2025-2,2025-2
32658531,IA-400,32658531_IA-400_2025-2,2025-2
44235496,DAT-101,44235496_DAT-101_2025-2,2025-2
41204894,GEN-101,41204894_GEN-101_2025-2,2025-2
32604998,MKT-200,32604998_MKT-200_2025-2,2025-2
30789190,IA-300,30789190_IA-300_2025-2,2025-2
30020248,NEG-400,30020248_NEG-400_2025-2,2025-2
43456083,DAT-101,43456083_DAT-101_2025-2,2025-2
46137809,DAT-305,46137809_DAT-305_2025-2,2025-2
32723334,GEN-101,32723334_GEN-101_2025-2,2025-2
33846409,IA-400,33846409_IA-400_2025-2,2025-2
44988381,MKT-200,44988381_MKT-200_2025-2,2025-2
30808375,IA-400,30808375_IA-400_2025-2,2025-2
31318273,MKT-200,31318273_MKT-200_2025-2,2025-2
39416795,MKT-200,39416795_MKT-200_2025-2,2025-2
34887945,DAT-305,34887945_DAT-305_2025-2,2025-2
44340522,DAT-201,44340522_DAT-201_2025-2,2025-2
34355689,NEG-400,34355689_NEG-400_2025-2,2025-2
46435125,DEV-101,46435125_DEV-101_2025-2,2025-2
43498834,MKT-200,43498834_MKT-200_2025-2,2025-2
32997790,DAT-201,32997790_DAT-201_2025-2,2025-2
46281181,GEN-101,46281181_GEN-101_2025-2,2025-2
39442545,DAT-201,39442545_DAT-201_2025-2,2025-2
34661132,IA-300,34661132_IA-300_2025-2,2025-2
33518284,GEN-101,33518284_GEN-101_2025-2,2025-2
39919057,UX-100,39919057_UX-100_2025-2,2025-2
30224289,DAT-101,30224289_DAT-101_2025-2,2025-2
38549006,DEV-101,38549006_DEV-101_2025-2,2025-2
30520054,MKT-200,30520054_MKT-200_2025-2,2025-2
30283834,DAT-201,30283834_DAT-201_2025-2,2025-2
36169395,DAT-305,36169395_DAT-305_2025-2,2025-2
36511898,MKT-200,36511898_MKT-200_2025-2,2025-2
30946573,DAT-201,30946573_DAT-201_2025-2,2025-2
44025027,MKT-200,44025027_MKT-200_2025-2,2025-2
35608376,GEN-101,35608376_GEN-101_2025-2,2025-2
31332769,IA-300,31332769_IA-300_2025-2,2025-2
44197978,DEV-101,44197978_DEV-101_2025-2,2025-2
43471496,UX-100,43471496_UX-100_2025-2,2025-2
36158027,UX-100,36158027_UX-100_2025-2,2025-2
45474619,MKT-200,45474619_MKT-200_2025-2,2025-2
32171676,DAT-201,32171676_DAT-201_2025-2,2025-2
44853849,NEG-400,44853849_NEG-400_2025-2,2025-2
30382587,NEG-400,30382587_NEG-400_2025-2,2025-2
35753821,IA-400,35753821_IA-400_2025-2,2025-2
40230385,IA-400,40230385_IA-400_2025-2,2025-2
30064860,DAT-305,30064860_DAT-305_2025-2,2025-2
30789190,GEN-101,30789190_GEN-101_2025-2,2025-2
39087618,DAT-201,39087618_DAT-201_2025-2,2025-2
31313953,UX-100,31313953_UX-100_2025-2,2025-2
33698941,DAT-101,33698941_DAT-101_2025-2,2025-2
43331228,UX-100,43331228_UX-100_2025-2,2025-2
46137809,NEG-400,46137809_NEG-400_2025-2,2025-2
44415606,UX-100,44415606_UX-100_2025-2,2025-2
36617253,IA-400,36617253_IA-400_2025-2,2025-2
36534604,UX-100,36534604_UX-100_2025-2,2025-2
31297438,IA-400,31297438_IA-400_2025-2,2025-2
32128322,DAT-305,32128322_DAT-305_2025-2,2025-2
47163691,DAT-101,47163691_DAT-101_2025-2,2025-2
34814097,DAT-305,34814097_DAT-305_2025-2,2025-2
40437078,NEG-400,40437078_NEG-400_2025-2,2025-2
37632339,GEN-101,37632339_GEN-101_2025-2,2025-2
37639684,IA-300,37639684_IA-300_2025-2,2025-2
41803813,IA-400,41803813_IA-400_2025-2,2025-2
30430162,UX-100,30430162_UX-100_2025-2,2025-2
40902797,IA-400,40902797_IA-400_2025-2,2025-2
30074046,DAT-305,30074046_DAT-305_2025-2,2025-2
32776935,DEV-101,32776935_DEV-101_2025-2,2025-2
30356437,DEV-101,30356437_DEV-101_2025-2,2025-2
31297438,DAT-101,31297438_DAT-101_2025-2,2025-2
45654702,IA-400,45654702_IA-400_2025-2,2025-2
47908881,NEG-400,47908881_NEG-400_2025-2,2025-2
31660305,NEG-400,31660305_NEG-400_2025-2,2025-2
46860457,NEG-400,46860457_NEG-400_2025-2,2025-2
44190336,NEG-400,44190336_NEG-400_2025-2,2025-2
36532331,DAT-201,36532331_DAT-201_2025-2,2025-2
34057124,DAT-101,34057124_DAT-101_2025-2,2025-2
41833461,DAT-305,41833461_DAT-305_2025-2,2025-2
44454123,NEG-400,44454123_NEG-400_2025-2,2025-2
43003702,NEG-400,43003702_NEG-400_2025-2,2025-2
43254348,IA-300,43254348_IA-300_2025-2,2025-2
41721378,DAT-201,41721378_DAT-201_2025-2,2025-2
46233381,MKT-200,46233381_MKT-200_2025-2,2025-2
39396593,UX-100,39396593_UX-100_2025-2,2025-2
40854875,IA-300,40854875_IA-300_2025-2,2025-2
45746833,DAT-101,45746833_DAT-101_2025-2,2025-2
36691364,IA-300,36691364_IA-300_2025-2,2025-2
39160706,NEG-400,39160706_NEG-400_2025-2,2025-2
41079498,DAT-101,41079498_DAT-101_2025-2,2025-2
39592778,DAT-305,39592778_DAT-305_2025-2,2025-2
41234886,IA-300,41234886_IA-300_2025-2,2025-2
39047069,NEG-400,39047069_NEG-400_2025-2,2025-2
35994686,DEV-101,35994686_DEV-101_2025-2,2025-2
38263069,DAT-201,38263069_DAT-201_2025-2,2025-2
46596607,MKT-200,46596607_MKT-200_2025-2,2025-2
30283834,DEV-101,30283834_DEV-101_2025-2,2025-2
44343339,GEN-101,44343339_GEN-101_2025-2,2025-2
30060967,IA-300,30060967_IA-300_2025-2,2025-2
47399378,NEG-400,47399378_NEG-400_2025-2,2025-2
43185797,DAT-101,43185797_DAT-101_2025-2,2025-2
45280236,MKT-200,45280236_MKT-200_2025-2,2025-2
46965600,DEV-101,46965600_DEV-101_2025-2,2025-2
37567816,IA-300,37567816_IA-300_2025-2,2025-2
30808375,NEG-400,30808375_NEG-400_2025-2,2025-2
43721576,MKT-200,43721576_MKT-200_2025-2,2025-2
32976983,IA-400,32976983_IA-400_2025-2,2025-2
46218945,DEV-101,46218945_DEV-101_2025-2,2025-2
36002678,DAT-305,36002678_DAT-305_2025-2,2025-2
41994956,IA-300,41994956_IA-300_2025-2,2025-2
45351925,DAT-305,45351925_DAT-305_2025-2,2025-2
37632339,IA-300,37632339_IA-300_2025-2,2025-2
36257669,MKT-200,36257669_MKT-200_2025-2,2025-2
37584867,GEN-101,37584867_GEN-101_2025-2,2025-2
38780853,IA-300,38780853_IA-300_2025-2,2025-2
37286941,NEG-400,37286941_NEG-400_2025-2,2025-2
43040142,IA-400,43040142_IA-400_2025-2,2025-2
37335497,IA-300,37335497_IA-300_2025-2,2025-2
44381082,DAT-305,44381082_DAT-305_2025-2,2025-2
46321118,DEV-101,46321118_DEV-101_2025-2,2025-2
33984071,DAT-305,33984071_DAT-305_2025-2,2025-2
31486885,DAT-101,31486885_DAT-101_2025-2,2025-2
45076705,DEV-101,45076705_DEV-101_2025-2,2025-2
31076430,DAT-305,31076430_DAT-305_2025-2,2025-2
32099939,DEV-101,32099939_DEV-101_2025-2,2025-2
43991288,DAT-305,43991288_DAT-305_2025-2,2025-2
47247100,IA-400,47247100_IA-400_2025-2,2025-2
39145092,DAT-201,39145092_DAT-201_2025-2,2025-2
30811908,DEV-101,30811908_DEV-101_2025-2,2025-2
41234290,MKT-200,41234290_MKT-200_2025-2,2025-2
36659434,DAT-201,36659434_DAT-201_2025-2,2025-2
36003291,DAT-101,36003291_DAT-101_2025-2,2025-2
41422321,GEN-101,41422321_GEN-101_2025-2,2025-2
32101106,NEG-400,32101106_NEG-400_2025-2,2025-2
34411929,IA-300,34411929_IA-300_2025-2,2025-2
37091816,IA-400,37091816_IA-400_2025-2,2025-2
44754060,MKT-200,44754060_MKT-200_2025-2,2025-2
46329934,DAT-201,46329934_DAT-201_2025-2,2025-2
39996815,DAT-101,39996815_DAT-101_2025-2,2025-2
43624806,MKT-200,43624806_MKT-200_2025-2,2025-2
45280236,IA-300,45280236_IA-300_2025-2,2025-2
38622475,DAT-201,38622475_DAT-201_2025-2,2025-2
30283080,DAT-101,30283080_DAT-101_2025-2,2025-2
45134203,DAT-305,45134203_DAT-305_2025-2,2025-2
40854875,DAT-305,40854875_DAT-305_2025-2,2025-2
37017626,DAT-201,37017626_DAT-201_2025-2,2025-2
41907942,DAT-201,41907942_DAT-201_2025-2,2025-2
47983613,MKT-200,47983613_MKT-200_2025-2,2025-2
36235580,DAT-101,36235580_DAT-101_2025-2,2025-2
39047069,DAT-305,39047069_DAT-305_2025-2,2025-2
37515292,DAT-201,37515292_DAT-201_2025-2,2025-2
39765048,DAT-305,39765048_DAT-305_2025-2,2025-2
44544802,DAT-201,44544802_DAT-201_2025-2,2025-2
44197978,DAT-305,44197978_DAT-305_2025-2,2025-2
44242960,NEG-400,44242960_NEG-400_2025-2,2025-2
36882138,IA-300,36882138_IA-300_2025-2,2025-2
36158027,IA-400,36158027_IA-400_2025-2,2025-2
32119317,IA-300,32119317_IA-300_2025-2,2025-2
32201924,GEN-101,32201924_GEN-101_2025-2,2025-2
43098716,DAT-305,43098716_DAT-305_2025-2,2025-2
41950319,MKT-200,41950319_MKT-200_2025-2,2025-2
44488443,IA-300,44488443_IA-300_2025-2,2025-2
43492230,IA-300,43492230_IA-300_2025-2,2025-2
34648956,DAT-305,34648956_DAT-305_2025-2,2025-2
43496203,IA-300,43496203_IA-300_2025-2,2025-2
43605753,IA-300,43605753_IA-300_2025-2,2025-2
34841664,GEN-101,34841664_GEN-101_2025-2,2025-2
43098716,IA-300,43098716_IA-300_2025-2,2025-2
36480390,NEG-400,36480390_NEG-400_2025-2,2025-2
44959844,UX-100,44959844_UX-100_2025-2,2025-2
44754060,UX-100,44754060_UX-100_2025-2,2025-2
46780927,DAT-305,46780927_DAT-305_2025-2,2025-2
32459600,DAT-201,32459600_DAT-201_2025-2,2025-2
47481163,DEV-101,47481163_DEV-101_2025-2,2025-2
40967959,DAT-201,40967959_DAT-201_2025-2,2025-2
44407218,DEV-101,44407218_DEV-101_2025-2,2025-2
46952948,DAT-101,46952948_DAT-101_2025-2,2025-2
44398280,IA-300,44398280_IA-300_2025-2,2025-2
30186819,DAT-101,30186819_DAT-101_2025-2,2025-2
47075635,DEV-101,47075635_DEV-101_2025-2,2025-2
37059839,IA-300,37059839_IA-300_2025-2,2025-2
44700314,GEN-101,44700314_GEN-101_2025-2,2025-2
32454237,MKT-200,32454237_MKT-200_2025-2,2025-2
33191684,MKT-200,33191684_MKT-200_2025-2,2025-2
46886132,UX-100,46886132_UX-100_2025-2,2025-2
44182964,DAT-305,44182964_DAT-305_2025-2,2025-2
43624314,DAT-305,43624314_DAT-305_2025-2,2025-2
37885100,GEN-101,37885100_GEN-101_2025-2,2025-2
40039504,DAT-305,40039504_DAT-305_2025-2,2025-2
35054932,IA-300,35054932_IA-300_2025-2,2025-2
45539704,NEG-400,45539704_NEG-400_2025-2,2025-2
30672524,IA-300,30672524_IA-300_2025-2,2025-2
35486815,IA-400,35486815_IA-400_2025-2,2025-2
44477303,GEN-101,44477303_GEN-101_2025-2,2025-2
44878225,IA-300,44878225_IA-300_2025-2,2025-2
40915348,DAT-201,40915348_DAT-201_2025-2,2025-2
46278232,UX-100,46278232_UX-100_2025-2,2025-2
30719634,DAT-305,30719634_DAT-305_2025-2,2025-2
30271801,DEV-101,30271801_DEV-101_2025-2,2025-2
40719473,IA-400,40719473_IA-400_2025-2,2025-2
33511174,DEV-101,33511174_DEV-101_2025-2,2025-2
46510451,MKT-200,46510451_MKT-200_2025-2,2025-2
34108557,UX-100,34108557_UX-100_2025-2,2025-2
36257669,DAT-101,36257669_DAT-101_2025-2,2025-2
30283080,UX-100,30283080_UX-100_2025-2,2025-2
40451762,DEV-101,40451762_DEV-101_2025-2,2025-2
38680320,IA-300,38680320_IA-300_2025-2,2025-2
37095694,IA-300,37095694_IA-300_2025-2,2025-2
44443284,UX-100,44443284_UX-100_2025-2,2025-2
40967959,DAT-305,40967959_DAT-305_2025-2,2025-2
31748817,IA-300,31748817_IA-300_2025-2,2025-2
44343101,DAT-201,44343101_DAT-201_2025-2,2025-2
30163309,GEN-101,30163309_GEN-101_2025-2,2025-2
44343101,DAT-101,44343101_DAT-101_2025-2,2025-2
30381511,IA-400,30381511_IA-400_2025-2,2025-2
32460250,DEV-101,32460250_DEV-101_2025-2,2025-2
43069128,DAT-101,43069128_DAT-101_2025-2,2025-2
36907961,DAT-305,36907961_DAT-305_2025-2,2025-2
40337941,DAT-101,40337941_DAT-101_2025-2,2025-2
41273545,UX-100,41273545_UX-100_2025-2,2025-2
41904080,DAT-201,41904080_DAT-201_2025-2,2025-2
37119833,DAT-305,37119833_DAT-305_2025-2,2025-2
39412125,DAT-305,39412125_DAT-305_2025-2,2025-2
30055089,GEN-101,30055089_GEN-101_2025-2,2025-2
46080609,MKT-200,46080609_MKT-200_2025-2,2025-2
47320705,UX-100,47320705_UX-100_2025-2,2025-2
37131375,DAT-101,37131375_DAT-101_2025-2,2025-2
34869838,IA-400,34869838_IA-400_2025-2,2025-2
35608376,DAT-305,35608376_DAT-305_2025-2,2025-2
47707678,DAT-305,47707678_DAT-305_2025-2,2025-2
40904939,NEG-400,40904939_NEG-400_2025-2,2025-2
39265874,DEV-101,39265874_DEV-101_2025-2,2025-2
41023707,IA-300,41023707_IA-300_2025-2,2025-2
35218002,MKT-200,35218002_MKT-200_2025-2,2025-2
32362905,IA-300,32362905_IA-300_2025-2,2025-2
38631479,NEG-400,38631479_NEG-400_2025-2,2025-2
40305444,MKT-200,40305444_MKT-200_2025-2,2025-2
33831924,IA-400,33831924_IA-400_2025-2,2025-2
32726810,DAT-101,32726810_DAT-101_2025-2,2025-2
40998609,UX-100,40998609_UX-100_2025-2,2025-2
47775711,UX-100,47775711_UX-100_2025-2,2025-2
31909036,DAT-101,31909036_DAT-101_2025-2,2025-2
36138156,IA-400,36138156_IA-400_2025-2,2025-2
40401825,DAT-305,40401825_DAT-305_2025-2,2025-2
39244530,DAT-305,39244530_DAT-305_2025-2,2025-2
38531623,DAT-101,38531623_DAT-101_2025-2,2025-2
36532331,IA-400,36532331_IA-400_2025-2,2025-2
33143242,IA-400,33143242_IA-400_2025-2,2025-2
34501518,DAT-201,34501518_DAT-201_2025-2,2025-2
32388706,IA-300,32388706_IA-300_2025-2,2025-2
43185797,NEG-400,43185797_NEG-400_2025-2,2025-2
39335040,MKT-200,39335040_MKT-200_2025-2,2025-2
39396593,DEV-101,39396593_DEV-101_2025-2,2025-2
44544802,DAT-305,44544802_DAT-305_2025-2,2025-2
44115122,DEV-101,44115122_DEV-101_2025-2,2025-2
40783770,NEG-400,40783770_NEG-400_2025-2,2025-2
44717216,GEN-101,44717216_GEN-101_2025-2,2025-2
34089245,IA-300,34089245_IA-300_2025-2,2025-2
31786305,DAT-101,31786305_DAT-101_2025-2,2025-2
31116340,DEV-101,31116340_DEV-101_2025-2,2025-2
34896530,GEN-101,34896530_GEN-101_2025-2,2025-2
34764302,DAT-201,34764302_DAT-201_2025-2,2025-2
43830930,DAT-305,43830930_DAT-305_2025-2,2025-2
40333573,MKT-200,40333573_MKT-200_2025-2,2025-2
44692963,NEG-400,44692963_NEG-400_2025-2,2025-2
46637531,IA-400,46637531_IA-400_2025-2,2025-2
33792064,MKT-200,33792064_MKT-200_2025-2,2025-2
45311516,MKT-200,45311516_MKT-200_2025-2,2025-2
37733861,DAT-101,37733861_DAT-101_2025-2,2025-2
46965600,DAT-305,46965600_DAT-305_2025-2,2025-2
44490644,DAT-305,44490644_DAT-305_2025-2,2025-2
41213341,DEV-101,41213341_DEV-101_2025-2,2025-2
35419862,MKT-200,35419862_MKT-200_2025-2,2025-2
45225711,DAT-101,45225711_DAT-101_2025-2,2025-2
34355689,DEV-101,34355689_DEV-101_2025-2,2025-2
31846283,IA-400,31846283_IA-400_2025-2,2025-2
44343101,MKT-200,44343101_MKT-200_2025-2,2025-2
31067946,MKT-200,31067946_MKT-200_2025-2,2025-2
34696467,NEG-400,34696467_NEG-400_2025-2,2025-2
32496231,IA-400,32496231_IA-400_2025-2,2025-2
46024126,MKT-200,46024126_MKT-200_2025-2,2025-2
32583779,IA-300,32583779_IA-300_2025-2,2025-2
33296162,IA-300,33296162_IA-300_2025-2,2025-2
44820591,UX-100,44820591_UX-100_2025-2,2025-2
40846299,DAT-305,40846299_DAT-305_2025-2,2025-2
47788251,DEV-101,47788251_DEV-101_2025-2,2025-2
44049715,NEG-400,44049715_NEG-400_2025-2,2025-2
36780964,DAT-101,36780964_DAT-101_2025-2,2025-2
44911255,IA-300,44911255_IA-300_2025-2,2025-2
46890428,UX-100,46890428_UX-100_2025-2,2025-2
32349636,NEG-400,32349636_NEG-400_2025-2,2025-2
32844429,DEV-101,32844429_DEV-101_2025-2,2025-2
39579172,UX-100,39579172_UX-100_2025-2,2025-2
39073370,DAT-101,39073370_DAT-101_2025-2,2025-2
32130223,DAT-101,32130223_DAT-101_2025-2,2025-2
43537356,DAT-101,43537356_DAT-101_2025-2,2025-2
37106276,GEN-101,37106276_GEN-101_2025-2,2025-2
46329934,UX-100,46329934_UX-100_2025-2,2025-2
30649167,IA-400,30649167_IA-400_2025-2,2025-2
46510451,GEN-101,46510451_GEN-101_2025-2,2025-2
35951430,UX-100,35951430_UX-100_2025-2,2025-2
46372785,DEV-101,46372785_DEV-101_2025-2,2025-2
30342609,NEG-400,30342609_NEG-400_2025-2,2025-2
40733106,DAT-201,40733106_DAT-201_2025-2,2025-2
38695540,DAT-305,38695540_DAT-305_2025-2,2025-2
35199789,UX-100,35199789_UX-100_2025-2,2025-2
40998609,NEG-400,40998609_NEG-400_2025-2,2025-2
46119042,GEN-101,46119042_GEN-101_2025-2,2025-2
43254348,UX-100,43254348_UX-100_2025-2,2025-2
31786305,DAT-305,31786305_DAT-305_2025-2,2025-2
44490644,MKT-200,44490644_MKT-200_2025-2,2025-2
45177548,MKT-200,45177548_MKT-200_2025-2,2025-2
34288472,IA-300,34288472_IA-300_2025-2,2025-2
41166199,DAT-201,41166199_DAT-201_2025-2,2025-2
38085164,NEG-400,38085164_NEG-400_2025-2,2025-2
43462497,DAT-305,43462497_DAT-305_2025-2,2025-2
33683627,IA-400,33683627_IA-400_2025-2,2025-2
46564562,DEV-101,46564562_DEV-101_2025-2,2025-2
37596799,IA-400,37596799_IA-400_2025-2,2025-2
38940969,IA-300,38940969_IA-300_2025-2,2025-2
39623347,IA-300,39623347_IA-300_2025-2,2025-2
31547849,UX-100,31547849_UX-100_2025-2,2025-2
33568791,IA-300,33568791_IA-300_2025-2,2025-2
37059839,NEG-400,37059839_NEG-400_2025-2,2025-2
32905120,IA-300,32905120_IA-300_2025-2,2025-2
31365812,NEG-400,31365812_NEG-400_2025-2,2025-2
40916647,DEV-101,40916647_DEV-101_2025-2,2025-2
38964128,DAT-201,38964128_DAT-201_2025-2,2025-2
45984678,IA-300,45984678_IA-300_2025-2,2025-2
36858459,IA-400,36858459_IA-400_2025-2,2025-2
30639152,DEV-101,30639152_DEV-101_2025-2,2025-2
44473224,UX-100,44473224_UX-100_2025-2,2025-2
41890956,GEN-101,41890956_GEN-101_2025-2,2025-2
39737785,DEV-101,39737785_DEV-101_2025-2,2025-2
36780964,IA-300,36780964_IA-300_2025-2,2025-2
31278420,GEN-101,31278420_GEN-101_2025-2,2025-2
36858459,GEN-101,36858459_GEN-101_2025-2,2025-2
47217063,GEN-101,47217063_GEN-101_2025-2,2025-2
39817999,DAT-101,39817999_DAT-101_2025-2,2025-2
47822229,DAT-101,47822229_DAT-101_2025-2,2025-2
43008590,UX-100,43008590_UX-100_2025-2,2025-2
40756585,GEN-101,40756585_GEN-101_2025-2,2025-2
31332769,UX-100,31332769_UX-100_2025-2,2025-2
47906696,NEG-400,47906696_NEG-400_2025-2,2025-2
32441127,DEV-101,32441127_DEV-101_2025-2,2025-2
43098716,MKT-200,43098716_MKT-200_2025-2,2025-2
39047069,MKT-200,39047069_MKT-200_2025-2,2025-2
30946573,IA-300,30946573_IA-300_2025-2,2025-2
45041476,IA-300,45041476_IA-300_2025-2,2025-2
34130787,DEV-101,34130787_DEV-101_2025-2,2025-2
33229738,UX-100,33229738_UX-100_2025-2,2025-2
45002798,GEN-101,45002798_GEN-101_2025-2,2025-2
33201122,DAT-305,33201122_DAT-305_2025-2,2025-2
31908414,DAT-305,31908414_DAT-305_2025-2,2025-2
47197652,UX-100,47197652_UX-100_2025-2,2025-2
34987487,DAT-305,34987487_DAT-305_2025-2,2025-2
40104822,GEN-101,40104822_GEN-101_2025-2,2025-2
36480390,IA-400,36480390_IA-400_2025-2,2025-2
40833222,MKT-200,40833222_MKT-200_2025-2,2025-2
39396593,MKT-200,39396593_MKT-200_2025-2,2025-2
34883029,UX-100,34883029_UX-100_2025-2,2025-2
40854875,DAT-101,40854875_DAT-101_2025-2,2025-2
33614240,IA-400,33614240_IA-400_2025-2,2025-2
43549346,UX-100,43549346_UX-100_2025-2,2025-2
35683885,IA-400,35683885_IA-400_2025-2,2025-2
31486885,MKT-200,31486885_MKT-200_2025-2,2025-2
46797195,DAT-101,46797195_DAT-101_2025-2,2025-2
32817735,DAT-305,32817735_DAT-305_2025-2,2025-2
33649881,UX-100,33649881_UX-100_2025-2,2025-2
38714246,IA-300,38714246_IA-300_2025-2,2025-2
44988509,DEV-101,44988509_DEV-101_2025-2,2025-2
39073064,IA-400,39073064_IA-400_2025-2,2025-2
31848115,IA-300,31848115_IA-300_2025-2,2025-2
39107282,GEN-101,39107282_GEN-101_2025-2,2025-2
40399678,GEN-101,40399678_GEN-101_2025-2,2025-2
43471496,DEV-101,43471496_DEV-101_2025-2,2025-2
33507272,NEG-400,33507272_NEG-400_2025-2,2025-2
41204894,NEG-400,41204894_NEG-400_2025-2,2025-2
44176621,IA-300,44176621_IA-300_2025-2,2025-2
44692963,DEV-101,44692963_DEV-101_2025-2,2025-2
41815317,IA-400,41815317_IA-400_2025-2,2025-2
35486815,DAT-101,35486815_DAT-101_2025-2,2025-2
43714584,IA-400,43714584_IA-400_2025-2,2025-2
40523492,DAT-305,40523492_DAT-305_2025-2,2025-2
40175984,DAT-305,40175984_DAT-305_2025-2,2025-2
31365812,DEV-101,31365812_DEV-101_2025-2,2025-2
41833461,UX-100,41833461_UX-100_2025-2,2025-2
30278086,DAT-305,30278086_DAT-305_2025-2,2025-2
47733210,MKT-200,47733210_MKT-200_2025-2,2025-2
32844429,NEG-400,32844429_NEG-400_2025-2,2025-2
37947511,IA-300,37947511_IA-300_2025-2,2025-2
44443284,DAT-305,44443284_DAT-305_2025-2,2025-2
36156003,NEG-400,36156003_NEG-400_2025-2,2025-2
45496689,DAT-305,45496689_DAT-305_2025-2,2025-2
35470566,UX-100,35470566_UX-100_2025-2,2025-2
35425422,DEV-101,35425422_DEV-101_2025-2,2025-2
43729856,GEN-101,43729856_GEN-101_2025-2,2025-2
36676918,IA-400,36676918_IA-400_2025-2,2025-2
44241859,MKT-200,44241859_MKT-200_2025-2,2025-2
40039504,DAT-101,40039504_DAT-101_2025-2,2025-2
43496203,DEV-101,43496203_DEV-101_2025-2,2025-2
40330349,UX-100,40330349_UX-100_2025-2,2025-2
43492230,DAT-305,43492230_DAT-305_2025-2,2025-2
44754301,DAT-201,44754301_DAT-201_2025-2,2025-2
35133995,IA-400,35133995_IA-400_2025-2,2025-2
30506698,MKT-200,30506698_MKT-200_2025-2,2025-2
46538783,IA-300,46538783_IA-300_2025-2,2025-2
30679979,IA-400,30679979_IA-400_2025-2,2025-2
35629692,GEN-101,35629692_GEN-101_2025-2,2025-2
40284355,DEV-101,40284355_DEV-101_2025-2,2025-2
36532331,GEN-101,36532331_GEN-101_2025-2,2025-2
38786481,DAT-101,38786481_DAT-101_2025-2,2025-2
32201924,DEV-101,32201924_DEV-101_2025-2,2025-2
47611874,IA-400,47611874_IA-400_2025-2,2025-2
45820009,DEV-101,45820009_DEV-101_2025-2,2025-2
40437078,DEV-101,40437078_DEV-101_2025-2,2025-2
40582609,DEV-101,40582609_DEV-101_2025-2,2025-2
31277192,DEV-101,31277192_DEV-101_2025-2,2025-2
44724307,DAT-201,44724307_DAT-201_2025-2,2025-2
44811354,NEG-400,44811354_NEG-400_2025-2,2025-2
30219683,DEV-101,30219683_DEV-101_2025-2,2025-2
46833655,DAT-201,46833655_DAT-201_2025-2,2025-2
33247551,UX-100,33247551_UX-100_2025-2,2025-2
34743897,DEV-101,34743897_DEV-101_2025-2,2025-2
31528900,DAT-201,31528900_DAT-201_2025-2,2025-2
31748817,DAT-101,31748817_DAT-101_2025-2,2025-2
37460819,GEN-101,37460819_GEN-101_2025-2,2025-2
40350483,DAT-101,40350483_DAT-101_2025-2,2025-2
41016204,IA-300,41016204_IA-300_2025-2,2025-2
39835913,NEG-400,39835913_NEG-400_2025-2,2025-2
36882138,GEN-101,36882138_GEN-101_2025-2,2025-2
35207049,UX-100,35207049_UX-100_2025-2,2025-2
31885715,DAT-201,31885715_DAT-201_2025-2,2025-2
40642269,UX-100,40642269_UX-100_2025-2,2025-2
37874267,DEV-101,37874267_DEV-101_2025-2,2025-2
44454123,DAT-101,44454123_DAT-101_2025-2,2025-2
35930527,DAT-305,35930527_DAT-305_2025-2,2025-2
32329071,UX-100,32329071_UX-100_2025-2,2025-2
32027618,NEG-400,32027618_NEG-400_2025-2,2025-2
34764302,DAT-305,34764302_DAT-305_2025-2,2025-2
31531992,DEV-101,31531992_DEV-101_2025-2,2025-2
39006974,DAT-305,39006974_DAT-305_2025-2,2025-2
32166416,MKT-200,32166416_MKT-200_2025-2,2025-2
30125745,MKT-200,30125745_MKT-200_2025-2,2025-2
39901527,IA-300,39901527_IA-300_2025-2,2025-2
45153061,IA-300,45153061_IA-300_2025-2,2025-2
36765559,IA-300,36765559_IA-300_2025-2,2025-2
43055426,DEV-101,43055426_DEV-101_2025-2,2025-2
40756585,MKT-200,40756585_MKT-200_2025-2,2025-2
35077928,UX-100,35077928_UX-100_2025-2,2025-2
40854875,GEN-101,40854875_GEN-101_2025-2,2025-2
34108557,DAT-101,34108557_DAT-101_2025-2,2025-2
40099804,NEG-400,40099804_NEG-400_2025-2,2025-2
45177548,NEG-400,45177548_NEG-400_2025-2,2025-2
35284612,DAT-201,35284612_DAT-201_2025-2,2025-2
46510451,NEG-400,46510451_NEG-400_2025-2,2025-2
40915348,DAT-305,40915348_DAT-305_2025-2,2025-2
43647497,GEN-101,43647497_GEN-101_2025-2,2025-2
44488443,DEV-101,44488443_DEV-101_2025-2,2025-2
46538783,MKT-200,46538783_MKT-200_2025-2,2025-2
45984678,MKT-200,45984678_MKT-200_2025-2,2025-2
45291864,NEG-400,45291864_NEG-400_2025-2,2025-2
36092237,NEG-400,36092237_NEG-400_2025-2,2025-2
37392794,DAT-101,37392794_DAT-101_2025-2,2025-2
45766160,IA-300,45766160_IA-300_2025-2,2025-2
39195104,MKT-200,39195104_MKT-200_2025-2,2025-2
45797473,UX-100,45797473_UX-100_2025-2,2025-2
46377357,DAT-305,46377357_DAT-305_2025-2,2025-2
38085164,GEN-101,38085164_GEN-101_2025-2,2025-2
44700314,DAT-305,44700314_DAT-305_2025-2,2025-2
40014561,NEG-400,40014561_NEG-400_2025-2,2025-2
36727561,DAT-101,36727561_DAT-101_2025-2,2025-2
43331228,MKT-200,43331228_MKT-200_2025-2,2025-2
31485455,NEG-400,31485455_NEG-400_2025-2,2025-2
37799625,DAT-305,37799625_DAT-305_2025-2,2025-2
33816707,DEV-101,33816707_DEV-101_2025-2,2025-2
43040142,DAT-305,43040142_DAT-305_2025-2,2025-2
43191267,NEG-400,43191267_NEG-400_2025-2,2025-2
44118742,IA-300,44118742_IA-300_2025-2,2025-2
47700089,GEN-101,47700089_GEN-101_2025-2,2025-2
43498834,UX-100,43498834_UX-100_2025-2,2025-2
30381511,GEN-101,30381511_GEN-101_2025-2,2025-2
47909977,MKT-200,47909977_MKT-200_2025-2,2025-2
34873483,GEN-101,34873483_GEN-101_2025-2,2025-2
44986230,GEN-101,44986230_GEN-101_2025-2,2025-2
33745990,IA-400,33745990_IA-400_2025-2,2025-2
35629692,IA-300,35629692_IA-300_2025-2,2025-2
44544802,GEN-101,44544802_GEN-101_2025-2,2025-2
32480780,DAT-201,32480780_DAT-201_2025-2,2025-2
39250711,DAT-201,39250711_DAT-201_2025-2,2025-2
39311402,GEN-101,39311402_GEN-101_2025-2,2025-2
35951430,IA-400,35951430_IA-400_2025-2,2025-2
32286145,DAT-305,32286145_DAT-305_2025-2,2025-2
34888999,MKT-200,34888999_MKT-200_2025-2,2025-2
38714246,MKT-200,38714246_MKT-200_2025-2,2025-2
46952948,GEN-101,46952948_GEN-101_2025-2,2025-2
33528686,NEG-400,33528686_NEG-400_2025-2,2025-2
44730308,NEG-400,44730308_NEG-400_2025-2,2025-2
40846299,DEV-101,40846299_DEV-101_2025-2,2025-2
43507384,DEV-101,43507384_DEV-101_2025-2,2025-2
37981847,IA-300,37981847_IA-300_2025-2,2025-2
44491570,IA-300,44491570_IA-300_2025-2,2025-2
43542829,DAT-201,43542829_DAT-201_2025-2,2025-2
33397920,DAT-201,33397920_DAT-201_2025-2,2025-2
47864391,UX-100,47864391_UX-100_2025-2,2025-2
36257669,IA-300,36257669_IA-300_2025-2,2025-2
32171676,DEV-101,32171676_DEV-101_2025-2,2025-2
44811661,MKT-200,44811661_MKT-200_2025-2,2025-2
40848361,DAT-101,40848361_DAT-101_2025-2,2025-2
40140970,GEN-101,40140970_GEN-101_2025-2,2025-2
35470566,MKT-200,35470566_MKT-200_2025-2,2025-2
46411752,IA-300,46411752_IA-300_2025-2,2025-2
30674136,UX-100,30674136_UX-100_2025-2,2025-2
36219416,GEN-101,36219416_GEN-101_2025-2,2025-2
36998955,DAT-305,36998955_DAT-305_2025-2,2025-2
39159460,GEN-101,39159460_GEN-101_2025-2,2025-2
44651662,IA-300,44651662_IA-300_2025-2,2025-2
46572742,UX-100,46572742_UX-100_2025-2,2025-2
47483336,DEV-101,47483336_DEV-101_2025-2,2025-2
33792064,DAT-101,33792064_DAT-101_2025-2,2025-2
33505185,DAT-201,33505185_DAT-201_2025-2,2025-2
33896639,DAT-305,33896639_DAT-305_2025-2,2025-2
43372972,DAT-201,43372972_DAT-201_2025-2,2025-2
44221505,DAT-101,44221505_DAT-101_2025-2,2025-2
35199789,DAT-305,35199789_DAT-305_2025-2,2025-2
45589540,IA-400,45589540_IA-400_2025-2,2025-2
46418357,DAT-101,46418357_DAT-101_2025-2,2025-2
36434636,IA-400,36434636_IA-400_2025-2,2025-2
43402603,DAT-201,43402603_DAT-201_2025-2,2025-2
45847470,NEG-400,45847470_NEG-400_2025-2,2025-2
39040140,MKT-200,39040140_MKT-200_2025-2,2025-2
37561794,NEG-400,37561794_NEG-400_2025-2,2025-2
34148661,DAT-201,34148661_DAT-201_2025-2,2025-2
40998609,DAT-201,40998609_DAT-201_2025-2,2025-2
45704555,GEN-101,45704555_GEN-101_2025-2,2025-2
36200569,IA-300,36200569_IA-300_2025-2,2025-2
38275238,DAT-101,38275238_DAT-101_2025-2,2025-2
46372785,GEN-101,46372785_GEN-101_2025-2,2025-2
45838988,MKT-200,45838988_MKT-200_2025-2,2025-2
43558573,MKT-200,43558573_MKT-200_2025-2,2025-2
30394856,UX-100,30394856_UX-100_2025-2,2025-2
33641153,IA-400,33641153_IA-400_2025-2,2025-2
46218945,IA-300,46218945_IA-300_2025-2,2025-2
47822229,MKT-200,47822229_MKT-200_2025-2,2025-2
47044309,MKT-200,47044309_MKT-200_2025-2,2025-2
32108581,DEV-101,32108581_DEV-101_2025-2,2025-2
40305444,DAT-101,40305444_DAT-101_2025-2,2025-2
31681085,DAT-305,31681085_DAT-305_2025-2,2025-2
43713231,DAT-201,43713231_DAT-201_2025-2,2025-2
31355414,GEN-101,31355414_GEN-101_2025-2,2025-2
32583779,DAT-305,32583779_DAT-305_2025-2,2025-2
46599245,IA-400,46599245_IA-400_2025-2,2025-2
40337941,NEG-400,40337941_NEG-400_2025-2,2025-2
43827991,GEN-101,43827991_GEN-101_2025-2,2025-2
38869750,IA-400,38869750_IA-400_2025-2,2025-2
30713710,DAT-201,30713710_DAT-201_2025-2,2025-2
43871938,NEG-400,43871938_NEG-400_2025-2,2025-2
30277884,GEN-101,30277884_GEN-101_2025-2,2025-2
39121001,DAT-305,39121001_DAT-305_2025-2,2025-2
39579172,NEG-400,39579172_NEG-400_2025-2,2025-2
44182964,DAT-201,44182964_DAT-201_2025-2,2025-2
34343190,DAT-201,34343190_DAT-201_2025-2,2025-2
45105658,DAT-305,45105658_DAT-305_2025-2,2025-2
43652049,IA-400,43652049_IA-400_2025-2,2025-2
30020248,UX-100,30020248_UX-100_2025-2,2025-2
39337175,DAT-201,39337175_DAT-201_2025-2,2025-2
36745278,NEG-400,36745278_NEG-400_2025-2,2025-2
40904939,DAT-305,40904939_DAT-305_2025-2,2025-2
41396027,DAT-201,41396027_DAT-201_2025-2,2025-2
37918142,DEV-101,37918142_DEV-101_2025-2,2025-2
39073370,MKT-200,39073370_MKT-200_2025-2,2025-2
46060979,UX-100,46060979_UX-100_2025-2,2025-2
32522161,NEG-400,32522161_NEG-400_2025-2,2025-2
36742732,NEG-400,36742732_NEG-400_2025-2,2025-2
30074046,MKT-200,30074046_MKT-200_2025-2,2025-2
44986230,DAT-201,44986230_DAT-201_2025-2,2025-2
35383408,DAT-101,35383408_DAT-101_2025-2,2025-2
39480865,DAT-101,39480865_DAT-101_2025-2,2025-2
46952948,UX-100,46952948_UX-100_2025-2,2025-2
45066439,MKT-200,45066439_MKT-200_2025-2,2025-2
46669980,DAT-305,46669980_DAT-305_2025-2,2025-2
47233498,DAT-305,47233498_DAT-305_2025-2,2025-2
34294158,DAT-101,34294158_DAT-101_2025-2,2025-2
41084438,DEV-101,41084438_DEV-101_2025-2,2025-2
33566074,DAT-101,33566074_DAT-101_2025-2,2025-2
44076200,DAT-201,44076200_DAT-201_2025-2,2025-2
45552569,DEV-101,45552569_DEV-101_2025-2,2025-2
46024126,GEN-101,46024126_GEN-101_2025-2,2025-2
45679679,IA-300,45679679_IA-300_2025-2,2025-2
30219683,UX-100,30219683_UX-100_2025-2,2025-2
37799625,GEN-101,37799625_GEN-101_2025-2,2025-2
37774603,GEN-101,37774603_GEN-101_2025-2,2025-2
36300221,DAT-305,36300221_DAT-305_2025-2,2025-2
45709038,DAT-305,45709038_DAT-305_2025-2,2025-2
39145092,IA-400,39145092_IA-400_2025-2,2025-2
41815317,MKT-200,41815317_MKT-200_2025-2,2025-2
34631520,DAT-305,34631520_DAT-305_2025-2,2025-2
35930527,IA-400,35930527_IA-400_2025-2,2025-2
45076705,IA-300,45076705_IA-300_2025-2,2025-2
34401288,MKT-200,34401288_MKT-200_2025-2,2025-2
44286872,UX-100,44286872_UX-100_2025-2,2025-2
46556662,MKT-200,46556662_MKT-200_2025-2,2025-2
44305990,IA-400,44305990_IA-400_2025-2,2025-2
35133995,DAT-201,35133995_DAT-201_2025-2,2025-2
33175574,IA-300,33175574_IA-300_2025-2,2025-2
40400092,MKT-200,40400092_MKT-200_2025-2,2025-2
34923335,NEG-400,34923335_NEG-400_2025-2,2025-2
43941263,GEN-101,43941263_GEN-101_2025-2,2025-2
32805911,IA-300,32805911_IA-300_2025-2,2025-2
35563087,DEV-101,35563087_DEV-101_2025-2,2025-2
34219114,NEG-400,34219114_NEG-400_2025-2,2025-2
44986230,MKT-200,44986230_MKT-200_2025-2,2025-2
30173121,IA-400,30173121_IA-400_2025-2,2025-2
43471496,DAT-201,43471496_DAT-201_2025-2,2025-2
44827801,NEG-400,44827801_NEG-400_2025-2,2025-2
35947218,IA-300,35947218_IA-300_2025-2,2025-2
44492127,IA-400,44492127_IA-400_2025-2,2025-2
34294158,DAT-201,34294158_DAT-201_2025-2,2025-2
30649167,DAT-201,30649167_DAT-201_2025-2,2025-2
36691364,DAT-101,36691364_DAT-101_2025-2,2025-2
47983613,DAT-201,47983613_DAT-201_2025-2,2025-2
43605753,NEG-400,43605753_NEG-400_2025-2,2025-2
33201122,MKT-200,33201122_MKT-200_2025-2,2025-2
41671067,DAT-101,41671067_DAT-101_2025-2,2025-2
44173257,IA-400,44173257_IA-400_2025-2,2025-2
37182051,IA-400,37182051_IA-400_2025-2,2025-2
43615605,IA-400,43615605_IA-400_2025-2,2025-2
33800391,GEN-101,33800391_GEN-101_2025-2,2025-2
46829066,DAT-305,46829066_DAT-305_2025-2,2025-2
46518516,DAT-101,46518516_DAT-101_2025-2,2025-2
46382860,UX-100,46382860_UX-100_2025-2,2025-2
36421707,DAT-101,36421707_DAT-101_2025-2,2025-2
32171052,DAT-101,32171052_DAT-101_2025-2,2025-2
36971688,IA-400,36971688_IA-400_2025-2,2025-2
34130787,GEN-101,34130787_GEN-101_2025-2,2025-2
36882138,NEG-400,36882138_NEG-400_2025-2,2025-2
32027618,MKT-200,32027618_MKT-200_2025-2,2025-2
33742338,DEV-101,33742338_DEV-101_2025-2,2025-2
36701529,DAT-101,36701529_DAT-101_2025-2,2025-2
46372785,IA-300,46372785_IA-300_2025-2,2025-2
46145128,IA-400,46145128_IA-400_2025-2,2025-2
40950154,MKT-200,40950154_MKT-200_2025-2,2025-2
44407218,DAT-201,44407218_DAT-201_2025-2,2025-2
40606935,GEN-101,40606935_GEN-101_2025-2,2025-2
31099331,GEN-101,31099331_GEN-101_2025-2,2025-2
40235116,DAT-305,40235116_DAT-305_2025-2,2025-2
37182051,UX-100,37182051_UX-100_2025-2,2025-2
44235496,DAT-201,44235496_DAT-201_2025-2,2025-2
46521420,DAT-201,46521420_DAT-201_2025-2,2025-2
32997790,GEN-101,32997790_GEN-101_2025-2,2025-2
30672524,DAT-201,30672524_DAT-201_2025-2,2025-2
36892333,DAT-305,36892333_DAT-305_2025-2,2025-2
37952540,NEG-400,37952540_NEG-400_2025-2,2025-2
46698472,UX-100,46698472_UX-100_2025-2,2025-2
45177548,DAT-201,45177548_DAT-201_2025-2,2025-2
31324108,GEN-101,31324108_GEN-101_2025-2,2025-2
33229738,DAT-201,33229738_DAT-201_2025-2,2025-2
44305990,IA-300,44305990_IA-300_2025-2,2025-2
46410216,NEG-400,46410216_NEG-400_2025-2,2025-2
47207202,IA-300,47207202_IA-300_2025-2,2025-2
36234502,MKT-200,36234502_MKT-200_2025-2,2025-2
39820530,DAT-201,39820530_DAT-201_2025-2,2025-2
31349203,DAT-201,31349203_DAT-201_2025-2,2025-2
43331228,DEV-101,43331228_DEV-101_2025-2,2025-2
33175574,DEV-101,33175574_DEV-101_2025-2,2025-2
32816822,IA-300,32816822_IA-300_2025-2,2025-2
45984678,NEG-400,45984678_NEG-400_2025-2,2025-2
32119317,NEG-400,32119317_NEG-400_2025-2,2025-2
36480390,GEN-101,36480390_GEN-101_2025-2,2025-2
32454237,DAT-101,32454237_DAT-101_2025-2,2025-2
35844073,DAT-305,35844073_DAT-305_2025-2,2025-2
46183284,DEV-101,46183284_DEV-101_2025-2,2025-2
30362736,DAT-101,30362736_DAT-101_2025-2,2025-2
44878225,MKT-200,44878225_MKT-200_2025-2,2025-2
45865176,IA-300,45865176_IA-300_2025-2,2025-2
47707678,DAT-101,47707678_DAT-101_2025-2,2025-2
47186211,DEV-101,47186211_DEV-101_2025-2,2025-2
35809204,GEN-101,35809204_GEN-101_2025-2,2025-2
44190336,DAT-201,44190336_DAT-201_2025-2,2025-2
46997300,DAT-305,46997300_DAT-305_2025-2,2025-2
40846299,GEN-101,40846299_GEN-101_2025-2,2025-2
34702143,IA-300,34702143_IA-300_2025-2,2025-2
43276053,UX-100,43276053_UX-100_2025-2,2025-2
40399678,IA-400,40399678_IA-400_2025-2,2025-2
31467025,DEV-101,31467025_DEV-101_2025-2,2025-2
40401825,NEG-400,40401825_NEG-400_2025-2,2025-2
39475622,DAT-305,39475622_DAT-305_2025-2,2025-2
38559625,DEV-101,38559625_DEV-101_2025-2,2025-2
35218002,GEN-101,35218002_GEN-101_2025-2,2025-2
40846299,IA-400,40846299_IA-400_2025-2,2025-2
31531992,IA-400,31531992_IA-400_2025-2,2025-2
34508579,DAT-101,34508579_DAT-101_2025-2,2025-2
37091816,IA-300,37091816_IA-300_2025-2,2025-2
44923903,NEG-400,44923903_NEG-400_2025-2,2025-2
43830930,UX-100,43830930_UX-100_2025-2,2025-2
41314648,DEV-101,41314648_DEV-101_2025-2,2025-2
34873483,DAT-101,34873483_DAT-101_2025-2,2025-2
44224033,DEV-101,44224033_DEV-101_2025-2,2025-2
44264848,DAT-101,44264848_DAT-101_2025-2,2025-2
45444903,IA-300,45444903_IA-300_2025-2,2025-2
43941263,DEV-101,43941263_DEV-101_2025-2,2025-2
36600824,DAT-305,36600824_DAT-305_2025-2,2025-2
33683627,DAT-101,33683627_DAT-101_2025-2,2025-2
31562676,IA-300,31562676_IA-300_2025-2,2025-2
30677244,DAT-101,30677244_DAT-101_2025-2,2025-2
34446896,NEG-400,34446896_NEG-400_2025-2,2025-2
45499218,UX-100,45499218_UX-100_2025-2,2025-2
31332769,IA-400,31332769_IA-400_2025-2,2025-2
33127447,NEG-400,33127447_NEG-400_2025-2,2025-2
35629692,DEV-101,35629692_DEV-101_2025-2,2025-2
36227478,GEN-101,36227478_GEN-101_2025-2,2025-2
35951430,DAT-305,35951430_DAT-305_2025-2,2025-2
46572742,DAT-201,46572742_DAT-201_2025-2,2025-2
43191267,IA-300,43191267_IA-300_2025-2,2025-2
32171052,IA-400,32171052_IA-400_2025-2,2025-2
46909132,DAT-201,46909132_DAT-201_2025-2,2025-2
39023389,IA-300,39023389_IA-300_2025-2,2025-2
45417606,GEN-101,45417606_GEN-101_2025-2,2025-2
32201924,MKT-200,32201924_MKT-200_2025-2,2025-2
34501518,MKT-200,34501518_MKT-200_2025-2,2025-2
36185529,DAT-305,36185529_DAT-305_2025-2,2025-2
39250711,IA-300,39250711_IA-300_2025-2,2025-2
44376034,IA-400,44376034_IA-400_2025-2,2025-2
30271801,DAT-101,30271801_DAT-101_2025-2,2025-2
47690351,GEN-101,47690351_GEN-101_2025-2,2025-2
40756585,UX-100,40756585_UX-100_2025-2,2025-2
39759071,UX-100,39759071_UX-100_2025-2,2025-2
39412125,DAT-201,39412125_DAT-201_2025-2,2025-2
36617253,DAT-101,36617253_DAT-101_2025-2,2025-2
35077928,DEV-101,35077928_DEV-101_2025-2,2025-2
40719473,GEN-101,40719473_GEN-101_2025-2,2025-2
30205757,NEG-400,30205757_NEG-400_2025-2,2025-2
39281798,NEG-400,39281798_NEG-400_2025-2,2025-2
41213341,DAT-305,41213341_DAT-305_2025-2,2025-2
45002798,DAT-305,45002798_DAT-305_2025-2,2025-2
35407054,DAT-305,35407054_DAT-305_2025-2,2025-2
39126892,GEN-101,39126892_GEN-101_2025-2,2025-2
32986537,UX-100,32986537_UX-100_2025-2,2025-2
41661140,IA-300,41661140_IA-300_2025-2,2025-2
32099939,DAT-101,32099939_DAT-101_2025-2,2025-2
40980489,DEV-101,40980489_DEV-101_2025-2,2025-2
44340522,IA-300,44340522_IA-300_2025-2,2025-2
44227115,MKT-200,44227115_MKT-200_2025-2,2025-2
35926356,DAT-305,35926356_DAT-305_2025-2,2025-2
30713710,IA-300,30713710_IA-300_2025-2,2025-2
32522161,IA-400,32522161_IA-400_2025-2,2025-2
31206140,DAT-201,31206140_DAT-201_2025-2,2025-2
46145128,DAT-305,46145128_DAT-305_2025-2,2025-2
41833461,GEN-101,41833461_GEN-101_2025-2,2025-2
35385278,DAT-201,35385278_DAT-201_2025-2,2025-2
32349636,DAT-101,32349636_DAT-101_2025-2,2025-2
43286289,GEN-101,43286289_GEN-101_2025-2,2025-2
47645473,MKT-200,47645473_MKT-200_2025-2,2025-2
45444903,IA-400,45444903_IA-400_2025-2,2025-2
43651947,DAT-305,43651947_DAT-305_2025-2,2025-2
45315237,UX-100,45315237_UX-100_2025-2,2025-2
32496231,DAT-305,32496231_DAT-305_2025-2,2025-2
41626422,GEN-101,41626422_GEN-101_2025-2,2025-2
38714246,DEV-101,38714246_DEV-101_2025-2,2025-2
39126892,DAT-305,39126892_DAT-305_2025-2,2025-2
32119317,DAT-305,32119317_DAT-305_2025-2,2025-2
40612010,IA-400,40612010_IA-400_2025-2,2025-2
38002503,IA-400,38002503_IA-400_2025-2,2025-2
33709759,DAT-305,33709759_DAT-305_2025-2,2025-2
44827801,DAT-201,44827801_DAT-201_2025-2,2025-2
38964128,MKT-200,38964128_MKT-200_2025-2,2025-2
38111908,DEV-101,38111908_DEV-101_2025-2,2025-2
33818954,DAT-201,33818954_DAT-201_2025-2,2025-2
44345701,DAT-101,44345701_DAT-101_2025-2,2025-2
33582066,GEN-101,33582066_GEN-101_2025-2,2025-2
37763133,DAT-305,37763133_DAT-305_2025-2,2025-2
37017626,IA-400,37017626_IA-400_2025-2,2025-2
34341037,UX-100,34341037_UX-100_2025-2,2025-2
43711417,IA-300,43711417_IA-300_2025-2,2025-2
37515292,MKT-200,37515292_MKT-200_2025-2,2025-2
36907961,DAT-101,36907961_DAT-101_2025-2,2025-2
44221505,NEG-400,44221505_NEG-400_2025-2,2025-2
44398280,DAT-101,44398280_DAT-101_2025-2,2025-2
43895529,DAT-305,43895529_DAT-305_2025-2,2025-2
38263069,MKT-200,38263069_MKT-200_2025-2,2025-2
34148661,IA-300,34148661_IA-300_2025-2,2025-2
47483336,DAT-101,47483336_DAT-101_2025-2,2025-2
34647475,MKT-200,34647475_MKT-200_2025-2,2025-2
41079498,DAT-305,41079498_DAT-305_2025-2,2025-2
40039504,UX-100,40039504_UX-100_2025-2,2025-2
36234502,NEG-400,36234502_NEG-400_2025-2,2025-2
46382860,DAT-101,46382860_DAT-101_2025-2,2025-2
36727561,MKT-200,36727561_MKT-200_2025-2,2025-2
39996815,IA-400,39996815_IA-400_2025-2,2025-2
43008590,NEG-400,43008590_NEG-400_2025-2,2025-2
46538783,DAT-201,46538783_DAT-201_2025-2,2025-2
31365812,DAT-101,31365812_DAT-101_2025-2,2025-2
46314784,IA-400,46314784_IA-400_2025-2,2025-2
44473224,MKT-200,44473224_MKT-200_2025-2,2025-2
43528816,UX-100,43528816_UX-100_2025-2,2025-2
32966903,MKT-200,32966903_MKT-200_2025-2,2025-2
37286941,DAT-101,37286941_DAT-101_2025-2,2025-2
46281181,DAT-305,46281181_DAT-305_2025-2,2025-2
35821025,DEV-101,35821025_DEV-101_2025-2,2025-2
46321118,IA-400,46321118_IA-400_2025-2,2025-2
41994956,IA-400,41994956_IA-400_2025-2,2025-2
34343190,DEV-101,34343190_DEV-101_2025-2,2025-2
39820530,DAT-101,39820530_DAT-101_2025-2,2025-2
39311402,DAT-201,39311402_DAT-201_2025-2,2025-2
46155741,DAT-101,46155741_DAT-101_2025-2,2025-2
40612010,NEG-400,40612010_NEG-400_2025-2,2025-2
31528064,IA-400,31528064_IA-400_2025-2,2025-2
30342609,UX-100,30342609_UX-100_2025-2,2025-2
37947511,MKT-200,37947511_MKT-200_2025-2,2025-2
47430513,DAT-305,47430513_DAT-305_2025-2,2025-2
37907386,DAT-201,37907386_DAT-201_2025-2,2025-2
44726166,UX-100,44726166_UX-100_2025-2,2025-2
47556368,MKT-200,47556368_MKT-200_2025-2,2025-2
32339744,IA-400,32339744_IA-400_2025-2,2025-2
43711417,DAT-101,43711417_DAT-101_2025-2,2025-2
37918142,IA-400,37918142_IA-400_2025-2,2025-2
31846283,IA-300,31846283_IA-300_2025-2,2025-2
45315237,DEV-101,45315237_DEV-101_2025-2,2025-2
40531804,NEG-400,40531804_NEG-400_2025-2,2025-2
30060967,DEV-101,30060967_DEV-101_2025-2,2025-2
45865176,UX-100,45865176_UX-100_2025-2,2025-2
39107282,IA-400,39107282_IA-400_2025-2,2025-2
39919057,MKT-200,39919057_MKT-200_2025-2,2025-2
36534604,IA-400,36534604_IA-400_2025-2,2025-2
38559625,GEN-101,38559625_GEN-101_2025-2,2025-2
36040952,MKT-200,36040952_MKT-200_2025-2,2025-2
45539704,IA-400,45539704_IA-400_2025-2,2025-2
30060967,IA-400,30060967_IA-400_2025-2,2025-2
37606348,IA-400,37606348_IA-400_2025-2,2025-2
43624806,DAT-101,43624806_DAT-101_2025-2,2025-2
39068971,IA-400,39068971_IA-400_2025-2,2025-2
40745106,NEG-400,40745106_NEG-400_2025-2,2025-2
38936509,DAT-101,38936509_DAT-101_2025-2,2025-2
46890428,GEN-101,46890428_GEN-101_2025-2,2025-2
40733106,DAT-101,40733106_DAT-101_2025-2,2025-2
44118742,DAT-101,44118742_DAT-101_2025-2,2025-2
35837738,DAT-201,35837738_DAT-201_2025-2,2025-2
43871165,MKT-200,43871165_MKT-200_2025-2,2025-2
40253163,GEN-101,40253163_GEN-101_2025-2,2025-2
43558573,GEN-101,43558573_GEN-101_2025-2,2025-2
45417367,IA-400,45417367_IA-400_2025-2,2025-2
35476879,DAT-201,35476879_DAT-201_2025-2,2025-2
44286872,NEG-400,44286872_NEG-400_2025-2,2025-2
41016204,DAT-305,41016204_DAT-305_2025-2,2025-2
32935035,NEG-400,32935035_NEG-400_2025-2,2025-2
46377357,MKT-200,46377357_MKT-200_2025-2,2025-2
37679372,UX-100,37679372_UX-100_2025-2,2025-2
36331097,UX-100,36331097_UX-100_2025-2,2025-2
40228309,IA-400,40228309_IA-400_2025-2,2025-2
36349336,IA-300,36349336_IA-300_2025-2,2025-2
40606935,DAT-305,40606935_DAT-305_2025-2,2025-2
46649401,IA-400,46649401_IA-400_2025-2,2025-2
36745278,DAT-101,36745278_DAT-101_2025-2,2025-2
35720054,DEV-101,35720054_DEV-101_2025-2,2025-2
47826221,DAT-201,47826221_DAT-201_2025-2,2025-2
46398361,NEG-400,46398361_NEG-400_2025-2,2025-2
34577564,NEG-400,34577564_NEG-400_2025-2,2025-2
47186211,GEN-101,47186211_GEN-101_2025-2,2025-2
45076705,DAT-201,45076705_DAT-201_2025-2,2025-2
37567816,DAT-101,37567816_DAT-101_2025-2,2025-2
37219780,UX-100,37219780_UX-100_2025-2,2025-2
46669980,DAT-201,46669980_DAT-201_2025-2,2025-2
38275238,DAT-305,38275238_DAT-305_2025-2,2025-2
43847977,DEV-101,43847977_DEV-101_2025-2,2025-2
46281181,IA-400,46281181_IA-400_2025-2,2025-2
44726166,IA-400,44726166_IA-400_2025-2,2025-2
39765048,IA-300,39765048_IA-300_2025-2,2025-2
45474619,DAT-101,45474619_DAT-101_2025-2,2025-2
33247551,DAT-101,33247551_DAT-101_2025-2,2025-2
43331228,IA-300,43331228_IA-300_2025-2,2025-2
35643961,DAT-201,35643961_DAT-201_2025-2,2025-2
47775711,IA-300,47775711_IA-300_2025-2,2025-2
31467025,NEG-400,31467025_NEG-400_2025-2,2025-2
40833222,IA-300,40833222_IA-300_2025-2,2025-2
40437078,MKT-200,40437078_MKT-200_2025-2,2025-2
38531146,DEV-101,38531146_DEV-101_2025-2,2025-2
31742344,DEV-101,31742344_DEV-101_2025-2,2025-2
41912939,MKT-200,41912939_MKT-200_2025-2,2025-2
33641153,DEV-101,33641153_DEV-101_2025-2,2025-2
44730308,DAT-201,44730308_DAT-201_2025-2,2025-2
44786123,DAT-305,44786123_DAT-305_2025-2,2025-2
35069582,DEV-101,35069582_DEV-101_2025-2,2025-2
47983495,IA-300,47983495_IA-300_2025-2,2025-2
32860968,MKT-200,32860968_MKT-200_2025-2,2025-2
38964128,DAT-305,38964128_DAT-305_2025-2,2025-2
34223113,GEN-101,34223113_GEN-101_2025-2,2025-2
47707678,UX-100,47707678_UX-100_2025-2,2025-2
31547849,IA-400,31547849_IA-400_2025-2,2025-2
33818954,NEG-400,33818954_NEG-400_2025-2,2025-2
36028849,NEG-400,36028849_NEG-400_2025-2,2025-2
38500035,DAT-305,38500035_DAT-305_2025-2,2025-2
44291013,IA-300,44291013_IA-300_2025-2,2025-2
41661140,GEN-101,41661140_GEN-101_2025-2,2025-2
40045468,UX-100,40045468_UX-100_2025-2,2025-2
33247551,DAT-305,33247551_DAT-305_2025-2,2025-2
43342517,GEN-101,43342517_GEN-101_2025-2,2025-2
41051648,DAT-305,41051648_DAT-305_2025-2,2025-2
34531843,NEG-400,34531843_NEG-400_2025-2,2025-2
30483176,DAT-305,30483176_DAT-305_2025-2,2025-2
37766757,IA-300,37766757_IA-300_2025-2,2025-2
34923335,UX-100,34923335_UX-100_2025-2,2025-2
40451762,GEN-101,40451762_GEN-101_2025-2,2025-2
45694620,UX-100,45694620_UX-100_2025-2,2025-2
45007686,GEN-101,45007686_GEN-101_2025-2,2025-2
45007686,IA-400,45007686_IA-400_2025-2,2025-2
40230385,DAT-101,40230385_DAT-101_2025-2,2025-2
45838988,UX-100,45838988_UX-100_2025-2,2025-2
45066282,IA-400,45066282_IA-400_2025-2,2025-2
31360651,IA-400,31360651_IA-400_2025-2,2025-2
45007686,DEV-101,45007686_DEV-101_2025-2,2025-2
37572605,NEG-400,37572605_NEG-400_2025-2,2025-2
47649810,IA-400,47649810_IA-400_2025-2,2025-2
46828583,DEV-101,46828583_DEV-101_2025-2,2025-2
45291864,DAT-201,45291864_DAT-201_2025-2,2025-2
36971688,UX-100,36971688_UX-100_2025-2,2025-2
31081090,NEG-400,31081090_NEG-400_2025-2,2025-2
43162851,IA-400,43162851_IA-400_2025-2,2025-2
43174343,UX-100,43174343_UX-100_2025-2,2025-2
30382587,DAT-101,30382587_DAT-101_2025-2,2025-2
35667236,MKT-200,35667236_MKT-200_2025-2,2025-2
44998271,DAT-101,44998271_DAT-101_2025-2,2025-2
37017626,NEG-400,37017626_NEG-400_2025-2,2025-2
47206312,GEN-101,47206312_GEN-101_2025-2,2025-2
41398180,DAT-305,41398180_DAT-305_2025-2,2025-2
34318077,IA-400,34318077_IA-400_2025-2,2025-2
35284612,UX-100,35284612_UX-100_2025-2,2025-2
31445923,IA-400,31445923_IA-400_2025-2,2025-2
39442545,IA-400,39442545_IA-400_2025-2,2025-2
47817560,IA-400,47817560_IA-400_2025-2,2025-2
30163309,DEV-101,30163309_DEV-101_2025-2,2025-2
43059176,NEG-400,43059176_NEG-400_2025-2,2025-2
43597806,GEN-101,43597806_GEN-101_2025-2,2025-2
31662806,DEV-101,31662806_DEV-101_2025-2,2025-2
46892690,MKT-200,46892690_MKT-200_2025-2,2025-2
33582066,MKT-200,33582066_MKT-200_2025-2,2025-2
38531146,NEG-400,38531146_NEG-400_2025-2,2025-2
41213341,IA-400,41213341_IA-400_2025-2,2025-2
38967997,NEG-400,38967997_NEG-400_2025-2,2025-2
32705831,GEN-101,32705831_GEN-101_2025-2,2025-2
30283834,IA-400,30283834_IA-400_2025-2,2025-2
46860457,DAT-201,46860457_DAT-201_2025-2,2025-2
40253163,DEV-101,40253163_DEV-101_2025-2,2025-2
36257669,DAT-305,36257669_DAT-305_2025-2,2025-2
45090752,DAT-305,45090752_DAT-305_2025-2,2025-2
32911130,DEV-101,32911130_DEV-101_2025-2,2025-2
30187041,NEG-400,30187041_NEG-400_2025-2,2025-2
45459710,MKT-200,45459710_MKT-200_2025-2,2025-2
41785959,DAT-101,41785959_DAT-101_2025-2,2025-2
37458197,NEG-400,37458197_NEG-400_2025-2,2025-2
38531146,DAT-305,38531146_DAT-305_2025-2,2025-2
36028849,DAT-101,36028849_DAT-101_2025-2,2025-2
44284431,DEV-101,44284431_DEV-101_2025-2,2025-2
40762250,DAT-305,40762250_DAT-305_2025-2,2025-2
44998271,IA-400,44998271_IA-400_2025-2,2025-2
41870584,IA-400,41870584_IA-400_2025-2,2025-2
31864701,MKT-200,31864701_MKT-200_2025-2,2025-2
38393487,UX-100,38393487_UX-100_2025-2,2025-2
44651662,MKT-200,44651662_MKT-200_2025-2,2025-2
40333573,DAT-101,40333573_DAT-101_2025-2,2025-2
39796864,DAT-101,39796864_DAT-101_2025-2,2025-2
43679905,MKT-200,43679905_MKT-200_2025-2,2025-2
37280564,UX-100,37280564_UX-100_2025-2,2025-2
44998271,DEV-101,44998271_DEV-101_2025-2,2025-2
43537356,IA-400,43537356_IA-400_2025-2,2025-2
38040781,NEG-400,38040781_NEG-400_2025-2,2025-2
46585675,DAT-101,46585675_DAT-101_2025-2,2025-2
35407054,IA-300,35407054_IA-300_2025-2,2025-2
36331097,GEN-101,36331097_GEN-101_2025-2,2025-2
36594251,DAT-201,36594251_DAT-201_2025-2,2025-2
30820105,DAT-201,30820105_DAT-201_2025-2,2025-2
44986230,IA-400,44986230_IA-400_2025-2,2025-2
32170253,IA-400,32170253_IA-400_2025-2,2025-2
37098062,NEG-400,37098062_NEG-400_2025-2,2025-2
38313159,MKT-200,38313159_MKT-200_2025-2,2025-2
35410565,IA-400,35410565_IA-400_2025-2,2025-2
46040721,DAT-101,46040721_DAT-101_2025-2,2025-2
45746833,DAT-201,45746833_DAT-201_2025-2,2025-2
31221480,IA-400,31221480_IA-400_2025-2,2025-2
40400092,DAT-305,40400092_DAT-305_2025-2,2025-2
43597806,DEV-101,43597806_DEV-101_2025-2,2025-2
45704555,MKT-200,45704555_MKT-200_2025-2,2025-2
46271176,MKT-200,46271176_MKT-200_2025-2,2025-2
31528900,GEN-101,31528900_GEN-101_2025-2,2025-2
36992557,GEN-101,36992557_GEN-101_2025-2,2025-2
41016204,MKT-200,41016204_MKT-200_2025-2,2025-2
30858543,GEN-101,30858543_GEN-101_2025-2,2025-2
33962182,GEN-101,33962182_GEN-101_2025-2,2025-2
33333250,IA-400,33333250_IA-400_2025-2,2025-2
45474619,DAT-201,45474619_DAT-201_2025-2,2025-2
30125745,UX-100,30125745_UX-100_2025-2,2025-2
44811354,MKT-200,44811354_MKT-200_2025-2,2025-2
43871165,DAT-101,43871165_DAT-101_2025-2,2025-2
33984071,UX-100,33984071_UX-100_2025-2,2025-2
32451951,NEG-400,32451951_NEG-400_2025-2,2025-2
47678899,GEN-101,47678899_GEN-101_2025-2,2025-2
44216431,GEN-101,44216431_GEN-101_2025-2,2025-2
38794221,DAT-305,38794221_DAT-305_2025-2,2025-2
47762723,MKT-200,47762723_MKT-200_2025-2,2025-2
36701529,UX-100,36701529_UX-100_2025-2,2025-2
43671566,DAT-305,43671566_DAT-305_2025-2,2025-2
31492591,DAT-101,31492591_DAT-101_2025-2,2025-2
43889224,DAT-305,43889224_DAT-305_2025-2,2025-2
31961540,IA-400,31961540_IA-400_2025-2,2025-2
41671067,DAT-201,41671067_DAT-201_2025-2,2025-2
32839194,IA-400,32839194_IA-400_2025-2,2025-2
30766010,IA-400,30766010_IA-400_2025-2,2025-2
47162613,DAT-201,47162613_DAT-201_2025-2,2025-2
34316765,GEN-101,34316765_GEN-101_2025-2,2025-2
39195104,GEN-101,39195104_GEN-101_2025-2,2025-2
39160706,MKT-200,39160706_MKT-200_2025-2,2025-2
46858102,DAT-101,46858102_DAT-101_2025-2,2025-2
33247551,IA-300,33247551_IA-300_2025-2,2025-2
41289442,IA-400,41289442_IA-400_2025-2,2025-2
37981847,UX-100,37981847_UX-100_2025-2,2025-2
37596799,DAT-101,37596799_DAT-101_2025-2,2025-2
44343339,MKT-200,44343339_MKT-200_2025-2,2025-2
37131375,MKT-200,37131375_MKT-200_2025-2,2025-2
30958838,DEV-101,30958838_DEV-101_2025-2,2025-2
44343339,IA-400,44343339_IA-400_2025-2,2025-2
43744263,DAT-305,43744263_DAT-305_2025-2,2025-2
33594873,DAT-305,33594873_DAT-305_2025-2,2025-2
34057124,IA-400,34057124_IA-400_2025-2,2025-2
38040781,DAT-305,38040781_DAT-305_2025-2,2025-2
38310176,MKT-200,38310176_MKT-200_2025-2,2025-2
37351522,GEN-101,37351522_GEN-101_2025-2,2025-2
34341037,MKT-200,34341037_MKT-200_2025-2,2025-2
44343339,DAT-101,44343339_DAT-101_2025-2,2025-2
33397920,DAT-101,33397920_DAT-101_2025-2,2025-2
44064200,DAT-305,44064200_DAT-305_2025-2,2025-2
37725025,IA-300,37725025_IA-300_2025-2,2025-2
31748817,GEN-101,31748817_GEN-101_2025-2,2025-2
43506692,DAT-305,43506692_DAT-305_2025-2,2025-2
41016204,IA-400,41016204_IA-400_2025-2,2025-2
30187041,IA-400,30187041_IA-400_2025-2,2025-2
38393487,NEG-400,38393487_NEG-400_2025-2,2025-2
44111228,IA-300,44111228_IA-300_2025-2,2025-2
39040140,IA-400,39040140_IA-400_2025-2,2025-2
39255922,MKT-200,39255922_MKT-200_2025-2,2025-2
44454123,IA-400,44454123_IA-400_2025-2,2025-2
35683885,MKT-200,35683885_MKT-200_2025-2,2025-2
37763133,GEN-101,37763133_GEN-101_2025-2,2025-2
37039481,GEN-101,37039481_GEN-101_2025-2,2025-2
43399661,IA-300,43399661_IA-300_2025-2,2025-2
44442488,IA-400,44442488_IA-400_2025-2,2025-2
32821847,NEG-400,32821847_NEG-400_2025-2,2025-2
39820530,DAT-305,39820530_DAT-305_2025-2,2025-2
36996781,GEN-101,36996781_GEN-101_2025-2,2025-2
46698472,DEV-101,46698472_DEV-101_2025-2,2025-2
41396027,DAT-305,41396027_DAT-305_2025-2,2025-2
44488443,DAT-101,44488443_DAT-101_2025-2,2025-2
31528900,DEV-101,31528900_DEV-101_2025-2,2025-2
41782307,MKT-200,41782307_MKT-200_2025-2,2025-2
43711417,UX-100,43711417_UX-100_2025-2,2025-2
45041443,DAT-201,45041443_DAT-201_2025-2,2025-2
34353357,IA-300,34353357_IA-300_2025-2,2025-2
34785335,DEV-101,34785335_DEV-101_2025-2,2025-2
35419862,DAT-101,35419862_DAT-101_2025-2,2025-2
30271801,UX-100,30271801_UX-100_2025-2,2025-2
43542829,MKT-200,43542829_MKT-200_2025-2,2025-2
33818954,GEN-101,33818954_GEN-101_2025-2,2025-2
47221206,GEN-101,47221206_GEN-101_2025-2,2025-2
38452657,GEN-101,38452657_GEN-101_2025-2,2025-2
30506698,DAT-201,30506698_DAT-201_2025-2,2025-2
41907942,IA-400,41907942_IA-400_2025-2,2025-2
32550613,IA-300,32550613_IA-300_2025-2,2025-2
43624314,DAT-101,43624314_DAT-101_2025-2,2025-2
31662806,GEN-101,31662806_GEN-101_2025-2,2025-2
31510273,IA-400,31510273_IA-400_2025-2,2025-2
39220415,DAT-305,39220415_DAT-305_2025-2,2025-2
34793173,DAT-201,34793173_DAT-201_2025-2,2025-2
30416964,IA-300,30416964_IA-300_2025-2,2025-2
41815317,DAT-305,41815317_DAT-305_2025-2,2025-2
32860968,IA-400,32860968_IA-400_2025-2,2025-2
30674136,IA-400,30674136_IA-400_2025-2,2025-2
35199789,IA-400,35199789_IA-400_2025-2,2025-2
35038799,DEV-101,35038799_DEV-101_2025-2,2025-2
35207049,DEV-101,35207049_DEV-101_2025-2,2025-2
45499218,MKT-200,45499218_MKT-200_2025-2,2025-2
44965151,GEN-101,44965151_GEN-101_2025-2,2025-2
46271176,NEG-400,46271176_NEG-400_2025-2,2025-2
41626422,DAT-305,41626422_DAT-305_2025-2,2025-2
32965831,IA-300,32965831_IA-300_2025-2,2025-2
47864391,IA-400,47864391_IA-400_2025-2,2025-2
46435125,GEN-101,46435125_GEN-101_2025-2,2025-2
43678310,UX-100,43678310_UX-100_2025-2,2025-2
32581169,GEN-101,32581169_GEN-101_2025-2,2025-2
35330350,NEG-400,35330350_NEG-400_2025-2,2025-2
40102789,DAT-305,40102789_DAT-305_2025-2,2025-2
45177328,DAT-305,45177328_DAT-305_2025-2,2025-2
45694620,NEG-400,45694620_NEG-400_2025-2,2025-2
36992557,DAT-305,36992557_DAT-305_2025-2,2025-2
35115152,IA-300,35115152_IA-300_2025-2,2025-2
33614240,DAT-201,33614240_DAT-201_2025-2,2025-2
32816822,IA-400,32816822_IA-400_2025-2,2025-2
45865176,DAT-201,45865176_DAT-201_2025-2,2025-2
33084765,DAT-101,33084765_DAT-101_2025-2,2025-2
31528064,DAT-201,31528064_DAT-201_2025-2,2025-2
41213341,MKT-200,41213341_MKT-200_2025-2,2025-2
35532629,DAT-201,35532629_DAT-201_2025-2,2025-2
46833655,NEG-400,46833655_NEG-400_2025-2,2025-2
32031851,IA-300,32031851_IA-300_2025-2,2025-2
45225711,DEV-101,45225711_DEV-101_2025-2,2025-2
43991288,MKT-200,43991288_MKT-200_2025-2,2025-2
33641153,UX-100,33641153_UX-100_2025-2,2025-2
30377321,DAT-305,30377321_DAT-305_2025-2,2025-2
44415606,DAT-201,44415606_DAT-201_2025-2,2025-2
41083641,MKT-200,41083641_MKT-200_2025-2,2025-2
43059176,DEV-101,43059176_DEV-101_2025-2,2025-2
34355689,DAT-305,34355689_DAT-305_2025-2,2025-2
43558573,NEG-400,43558573_NEG-400_2025-2,2025-2
40235116,NEG-400,40235116_NEG-400_2025-2,2025-2
35419862,IA-400,35419862_IA-400_2025-2,2025-2
33818954,DAT-305,33818954_DAT-305_2025-2,2025-2
45709038,UX-100,45709038_UX-100_2025-2,2025-2
39255922,IA-300,39255922_IA-300_2025-2,2025-2
31898350,GEN-101,31898350_GEN-101_2025-2,2025-2
47404191,DAT-201,47404191_DAT-201_2025-2,2025-2
40269989,DAT-305,40269989_DAT-305_2025-2,2025-2
44820591,NEG-400,44820591_NEG-400_2025-2,2025-2
36510557,UX-100,36510557_UX-100_2025-2,2025-2
39278348,DEV-101,39278348_DEV-101_2025-2,2025-2
47906696,GEN-101,47906696_GEN-101_2025-2,2025-2
41006133,DEV-101,41006133_DEV-101_2025-2,2025-2
46585675,UX-100,46585675_UX-100_2025-2,2025-2
46564562,DAT-201,46564562_DAT-201_2025-2,2025-2
47044309,IA-400,47044309_IA-400_2025-2,2025-2
37584867,DAT-101,37584867_DAT-101_2025-2,2025-2
31081090,DAT-201,31081090_DAT-201_2025-2,2025-2
33816707,DAT-305,33816707_DAT-305_2025-2,2025-2
47163691,NEG-400,47163691_NEG-400_2025-2,2025-2
47762723,DAT-201,47762723_DAT-201_2025-2,2025-2
46828583,NEG-400,46828583_NEG-400_2025-2,2025-2
33229738,GEN-101,33229738_GEN-101_2025-2,2025-2
33641153,IA-300,33641153_IA-300_2025-2,2025-2
32805911,UX-100,32805911_UX-100_2025-2,2025-2
30958838,DAT-305,30958838_DAT-305_2025-2,2025-2
37952540,MKT-200,37952540_MKT-200_2025-2,2025-2
34888999,DAT-101,34888999_DAT-101_2025-2,2025-2
40531804,DEV-101,40531804_DEV-101_2025-2,2025-2
32166416,IA-300,32166416_IA-300_2025-2,2025-2
43331228,NEG-400,43331228_NEG-400_2025-2,2025-2
46890428,IA-300,46890428_IA-300_2025-2,2025-2
45838988,DAT-305,45838988_DAT-305_2025-2,2025-2
32658531,GEN-101,32658531_GEN-101_2025-2,2025-2
39412125,IA-300,39412125_IA-300_2025-2,2025-2
41337962,DAT-101,41337962_DAT-101_2025-2,2025-2
44754301,DAT-101,44754301_DAT-101_2025-2,2025-2
33143242,IA-300,33143242_IA-300_2025-2,2025-2
31803019,IA-300,31803019_IA-300_2025-2,2025-2
44176621,NEG-400,44176621_NEG-400_2025-2,2025-2
46518516,GEN-101,46518516_GEN-101_2025-2,2025-2
40204911,DAT-305,40204911_DAT-305_2025-2,2025-2
36848058,DAT-305,36848058_DAT-305_2025-2,2025-2
32839404,DEV-101,32839404_DEV-101_2025-2,2025-2
40756585,IA-400,40756585_IA-400_2025-2,2025-2
44786123,DAT-101,44786123_DAT-101_2025-2,2025-2
30703214,DAT-305,30703214_DAT-305_2025-2,2025-2
35470566,DEV-101,35470566_DEV-101_2025-2,2025-2
44488443,UX-100,44488443_UX-100_2025-2,2025-2
35383408,MKT-200,35383408_MKT-200_2025-2,2025-2
37039481,IA-400,37039481_IA-400_2025-2,2025-2
41671067,DEV-101,41671067_DEV-101_2025-2,2025-2
44407218,DAT-305,44407218_DAT-305_2025-2,2025-2
32318137,NEG-400,32318137_NEG-400_2025-2,2025-2
46263687,GEN-101,46263687_GEN-101_2025-2,2025-2
43744263,DAT-101,43744263_DAT-101_2025-2,2025-2
46833655,GEN-101,46833655_GEN-101_2025-2,2025-2
33088513,UX-100,33088513_UX-100_2025-2,2025-2
33816707,UX-100,33816707_UX-100_2025-2,2025-2
43889224,NEG-400,43889224_NEG-400_2025-2,2025-2
44242960,DAT-101,44242960_DAT-101_2025-2,2025-2
43605753,DAT-101,43605753_DAT-101_2025-2,2025-2
38773709,DAT-201,38773709_DAT-201_2025-2,2025-2
32201924,DAT-201,32201924_DAT-201_2025-2,2025-2
31076430,MKT-200,31076430_MKT-200_2025-2,2025-2
37286941,DAT-201,37286941_DAT-201_2025-2,2025-2
40989234,IA-300,40989234_IA-300_2025-2,2025-2
35844073,DAT-201,35844073_DAT-201_2025-2,2025-2
40116733,IA-300,40116733_IA-300_2025-2,2025-2
45153061,UX-100,45153061_UX-100_2025-2,2025-2
37981847,DEV-101,37981847_DEV-101_2025-2,2025-2
36156003,DAT-101,36156003_DAT-101_2025-2,2025-2
33084765,DAT-201,33084765_DAT-201_2025-2,2025-2
33229738,NEG-400,33229738_NEG-400_2025-2,2025-2
37527174,IA-400,37527174_IA-400_2025-2,2025-2
33614240,GEN-101,33614240_GEN-101_2025-2,2025-2
41023707,NEG-400,41023707_NEG-400_2025-2,2025-2
41782307,DAT-305,41782307_DAT-305_2025-2,2025-2
35310111,NEG-400,35310111_NEG-400_2025-2,2025-2
44284431,IA-300,44284431_IA-300_2025-2,2025-2
39407484,IA-400,39407484_IA-400_2025-2,2025-2
39733145,DAT-201,39733145_DAT-201_2025-2,2025-2
46193548,DAT-305,46193548_DAT-305_2025-2,2025-2
47983613,DAT-101,47983613_DAT-101_2025-2,2025-2
38417833,DEV-101,38417833_DEV-101_2025-2,2025-2
40774819,DEV-101,40774819_DEV-101_2025-2,2025-2
43281049,GEN-101,43281049_GEN-101_2025-2,2025-2
47817560,IA-300,47817560_IA-300_2025-2,2025-2
30205757,DAT-201,30205757_DAT-201_2025-2,2025-2
43254348,GEN-101,43254348_GEN-101_2025-2,2025-2
31206140,GEN-101,31206140_GEN-101_2025-2,2025-2
46649401,GEN-101,46649401_GEN-101_2025-2,2025-2
35054932,IA-400,35054932_IA-400_2025-2,2025-2
39473672,DEV-101,39473672_DEV-101_2025-2,2025-2
43831919,NEG-400,43831919_NEG-400_2025-2,2025-2
47969954,DAT-201,47969954_DAT-201_2025-2,2025-2
30649167,MKT-200,30649167_MKT-200_2025-2,2025-2
32986537,NEG-400,32986537_NEG-400_2025-2,2025-2
45679679,GEN-101,45679679_GEN-101_2025-2,2025-2
38589344,DAT-101,38589344_DAT-101_2025-2,2025-2
31136038,DAT-305,31136038_DAT-305_2025-2,2025-2
34294158,GEN-101,34294158_GEN-101_2025-2,2025-2
31662806,IA-300,31662806_IA-300_2025-2,2025-2
43399661,DAT-101,43399661_DAT-101_2025-2,2025-2
34411929,DAT-101,34411929_DAT-101_2025-2,2025-2
44492127,DAT-101,44492127_DAT-101_2025-2,2025-2
33818954,UX-100,33818954_UX-100_2025-2,2025-2
46965600,NEG-400,46965600_NEG-400_2025-2,2025-2
33792064,IA-400,33792064_IA-400_2025-2,2025-2
46637531,DAT-101,46637531_DAT-101_2025-2,2025-2
30395149,MKT-200,30395149_MKT-200_2025-2,2025-2
35218002,UX-100,35218002_UX-100_2025-2,2025-2
40283838,DAT-305,40283838_DAT-305_2025-2,2025-2
33568791,GEN-101,33568791_GEN-101_2025-2,2025-2
44811661,DAT-201,44811661_DAT-201_2025-2,2025-2
43276053,NEG-400,43276053_NEG-400_2025-2,2025-2
31748817,DEV-101,31748817_DEV-101_2025-2,2025-2
39820530,IA-300,39820530_IA-300_2025-2,2025-2
47199896,NEG-400,47199896_NEG-400_2025-2,2025-2
44827801,DAT-101,44827801_DAT-101_2025-2,2025-2
34627342,DAT-101,34627342_DAT-101_2025-2,2025-2
41818271,DEV-101,41818271_DEV-101_2025-2,2025-2
30677244,DEV-101,30677244_DEV-101_2025-2,2025-2
36848058,GEN-101,36848058_GEN-101_2025-2,2025-2
38955588,MKT-200,38955588_MKT-200_2025-2,2025-2
37351522,DAT-201,37351522_DAT-201_2025-2,2025-2
32171676,IA-300,32171676_IA-300_2025-2,2025-2
35643961,IA-400,35643961_IA-400_2025-2,2025-2
38964128,IA-300,38964128_IA-300_2025-2,2025-2
44224033,NEG-400,44224033_NEG-400_2025-2,2025-2
44904960,IA-300,44904960_IA-300_2025-2,2025-2
33610212,UX-100,33610212_UX-100_2025-2,2025-2
43605753,IA-400,43605753_IA-400_2025-2,2025-2
31485455,GEN-101,31485455_GEN-101_2025-2,2025-2
45177328,DEV-101,45177328_DEV-101_2025-2,2025-2
47103537,UX-100,47103537_UX-100_2025-2,2025-2
33507272,DEV-101,33507272_DEV-101_2025-2,2025-2
45225711,IA-400,45225711_IA-400_2025-2,2025-2
32966903,UX-100,32966903_UX-100_2025-2,2025-2
46909132,DEV-101,46909132_DEV-101_2025-2,2025-2
39752062,IA-400,39752062_IA-400_2025-2,2025-2
30430162,MKT-200,30430162_MKT-200_2025-2,2025-2
45066439,IA-300,45066439_IA-300_2025-2,2025-2
40916647,DAT-201,40916647_DAT-201_2025-2,2025-2
43521267,GEN-101,43521267_GEN-101_2025-2,2025-2
37119833,MKT-200,37119833_MKT-200_2025-2,2025-2
30394856,IA-300,30394856_IA-300_2025-2,2025-2
32805911,DAT-101,32805911_DAT-101_2025-2,2025-2
30381511,UX-100,30381511_UX-100_2025-2,2025-2
30382587,DEV-101,30382587_DEV-101_2025-2,2025-2
38622475,DAT-101,38622475_DAT-101_2025-2,2025-2
38869750,DAT-305,38869750_DAT-305_2025-2,2025-2
31961540,DEV-101,31961540_DEV-101_2025-2,2025-2
32480780,DAT-305,32480780_DAT-305_2025-2,2025-2
45709038,GEN-101,45709038_GEN-101_2025-2,2025-2
36304118,MKT-200,36304118_MKT-200_2025-2,2025-2
30781172,DAT-101,30781172_DAT-101_2025-2,2025-2
47983495,GEN-101,47983495_GEN-101_2025-2,2025-2
31898350,IA-300,31898350_IA-300_2025-2,2025-2
33127447,DAT-305,33127447_DAT-305_2025-2,2025-2
30283080,DEV-101,30283080_DEV-101_2025-2,2025-2
45150526,GEN-101,45150526_GEN-101_2025-2,2025-2
30851248,MKT-200,30851248_MKT-200_2025-2,2025-2
37840610,MKT-200,37840610_MKT-200_2025-2,2025-2
46860457,MKT-200,46860457_MKT-200_2025-2,2025-2
31349203,NEG-400,31349203_NEG-400_2025-2,2025-2
32860968,GEN-101,32860968_GEN-101_2025-2,2025-2
34935270,MKT-200,34935270_MKT-200_2025-2,2025-2
41904080,DAT-305,41904080_DAT-305_2025-2,2025-2
45847470,DAT-305,45847470_DAT-305_2025-2,2025-2
33320861,DAT-305,33320861_DAT-305_2025-2,2025-2
30186819,GEN-101,30186819_GEN-101_2025-2,2025-2
45041476,IA-400,45041476_IA-400_2025-2,2025-2
31528900,DAT-101,31528900_DAT-101_2025-2,2025-2
38531623,DEV-101,38531623_DEV-101_2025-2,2025-2
34364066,IA-300,34364066_IA-300_2025-2,2025-2
46920666,MKT-200,46920666_MKT-200_2025-2,2025-2
45563814,IA-400,45563814_IA-400_2025-2,2025-2
44111228,IA-400,44111228_IA-400_2025-2,2025-2
39579172,DAT-305,39579172_DAT-305_2025-2,2025-2
47678899,UX-100,47678899_UX-100_2025-2,2025-2
40287807,DAT-305,40287807_DAT-305_2025-2,2025-2
45890411,DAT-305,45890411_DAT-305_2025-2,2025-2
33594873,DAT-101,33594873_DAT-101_2025-2,2025-2
34290854,GEN-101,34290854_GEN-101_2025-2,2025-2
39961417,UX-100,39961417_UX-100_2025-2,2025-2
46775879,DAT-201,46775879_DAT-201_2025-2,2025-2
45488677,GEN-101,45488677_GEN-101_2025-2,2025-2
30064860,DAT-101,30064860_DAT-101_2025-2,2025-2
37679372,MKT-200,37679372_MKT-200_2025-2,2025-2
44512365,GEN-101,44512365_GEN-101_2025-2,2025-2
41641503,DEV-101,41641503_DEV-101_2025-2,2025-2
43344838,DAT-101,43344838_DAT-101_2025-2,2025-2
44264848,DAT-201,44264848_DAT-201_2025-2,2025-2
40950154,DAT-305,40950154_DAT-305_2025-2,2025-2
44512365,UX-100,44512365_UX-100_2025-2,2025-2
36542829,IA-400,36542829_IA-400_2025-2,2025-2
43492230,DAT-201,43492230_DAT-201_2025-2,2025-2
32139544,DAT-201,32139544_DAT-201_2025-2,2025-2
32986537,DAT-305,32986537_DAT-305_2025-2,2025-2
39996815,NEG-400,39996815_NEG-400_2025-2,2025-2
