ID_Evaluacion,ID_Inscripcion,Fecha_Lista,Nota,Estado
34223113_IA-400_2025-1_2025-03-01,34223113_IA-400_2025-1,2025-03-01,8,Aprobado
41907942_NEG-400_2025-1_2025-03-01,41907942_NEG-400_2025-1,2025-03-01,1,Desaprobado
31153469_UX-100_2025-1_2025-03-01,31153469_UX-100_2025-1,2025-03-01,7,Aprobado
36511898_DAT-305_2025-1_2025-03-01,36511898_DAT-305_2025-1,2025-03-01,10,Aprobado
44383216_UX-100_2025-1_2025-03-01,44383216_UX-100_2025-1,2025-03-01,7,Aprobado
40284355_NEG-400_2025-1_2025-03-01,40284355_NEG-400_2025-1,2025-03-01,4,Aprobado
46410216_GEN-101_2025-1_2025-03-01,46410216_GEN-101_2025-1,2025-03-01,2,Desaprobado
44844263_UX-100_2025-1_2025-03-01,44844263_UX-100_2025-1,2025-03-01,7,Aprobado
40833222_DAT-305_2025-1_2025-03-01,40833222_DAT-305_2025-1,2025-03-01,2,Desaprobado
40852091_DAT-305_2025-1_2025-03-01,40852091_DAT-305_2025-1,2025-03-01,10,Aprobado
43342517_DAT-305_2025-1_2025-03-01,43342517_DAT-305_2025-1,2025-03-01,8,Aprobado
44730308_NEG-400_2025-1_2025-03-01,44730308_NEG-400_2025-1,2025-03-01,3,Desaprobado
44445238_DAT-101_2025-1_2025-03-01,44445238_DAT-101_2025-1,2025-03-01,1,Desaprobado
40269989_DAT-201_2025-1_2025-03-01,40269989_DAT-201_2025-1,2025-03-01,1,Desaprobado
30277884_MKT-200_2025-1_2025-03-01,30277884_MKT-200_2025-1,2025-03-01,3,Desaprobado
35310111_DAT-305_2025-1_2025-03-01,35310111_DAT-305_2025-1,2025-03-01,8,Aprobado
33362152_DAT-201_2025-1_2025-03-01,33362152_DAT-201_2025-1,2025-03-01,4,Aprobado
40204911_DEV-101_2025-1_2025-03-01,40204911_DEV-101_2025-1,2025-03-01,9,Aprobado
47320705_NEG-400_2025-1_2025-03-01,47320705_NEG-400_2025-1,2025-03-01,9,Aprobado
44724307_DAT-101_2025-1_2025-03-01,44724307_DAT-101_2025-1,2025-03-01,8,Aprobado
41016204_DAT-305_2025-1_2025-03-01,41016204_DAT-305_2025-1,2025-03-01,9,Aprobado
32844429_DAT-305_2025-1_2025-03-01,32844429_DAT-305_2025-1,2025-03-01,1,Desaprobado
44286872_GEN-101_2025-1_2025-03-02,44286872_GEN-101_2025-1,2025-03-02,1,Desaprobado
37090862_DAT-201_2025-1_2025-03-02,37090862_DAT-201_2025-1,2025-03-02,1,Desaprobado
32027618_GEN-101_2025-1_2025-03-02,32027618_GEN-101_2025-1,2025-03-02,6,Aprobado
45280236_DEV-101_2025-1_2025-03-02,45280236_DEV-101_2025-1,2025-03-02,9,Aprobado
30224289_MKT-200_2025-1_2025-03-02,30224289_MKT-200_2025-1,2025-03-02,10,Aprobado
40437078_DAT-101_2025-1_2025-03-02,40437078_DAT-101_2025-1,2025-03-02,1,Desaprobado
30808375_UX-100_2025-1_2025-03-02,30808375_UX-100_2025-1,2025-03-02,5,Aprobado
34223113_DAT-101_2025-1_2025-03-02,34223113_DAT-101_2025-1,2025-03-02,3,Desaprobado
37412229_IA-400_2025-1_2025-03-02,37412229_IA-400_2025-1,2025-03-02,3,Desaprobado
33697024_MKT-200_2025-1_2025-03-02,33697024_MKT-200_2025-1,2025-03-02,8,Aprobado
30520054_DEV-101_2025-1_2025-03-02,30520054_DEV-101_2025-1,2025-03-02,7,Aprobado
35077928_IA-400_2025-1_2025-03-02,35077928_IA-400_2025-1,2025-03-02,6,Aprobado
44343339_DAT-201_2025-1_2025-03-02,44343339_DAT-201_2025-1,2025-03-02,5,Aprobado
43729856_NEG-400_2025-1_2025-03-03,43729856_NEG-400_2025-1,2025-03-03,2,Desaprobado
31445923_IA-300_2025-1_2025-03-03,31445923_IA-300_2025-1,2025-03-03,10,Aprobado
38405437_IA-300_2025-1_2025-03-03,38405437_IA-300_2025-1,2025-03-03,2,Desaprobado
46585675_IA-300_2025-1_2025-03-03,46585675_IA-300_2025-1,2025-03-03,4,Aprobado
40235116_DAT-201_2025-1_2025-03-03,40235116_DAT-201_2025-1,2025-03-03,6,Aprobado
31221480_IA-400_2025-1_2025-03-03,31221480_IA-400_2025-1,2025-03-03,3,Desaprobado
40104822_MKT-200_2025-1_2025-03-03,40104822_MKT-200_2025-1,2025-03-03,8,Aprobado
37639684_DAT-305_2025-1_2025-03-03,37639684_DAT-305_2025-1,2025-03-03,1,Desaprobado
33800391_IA-300_2025-1_2025-03-03,33800391_IA-300_2025-1,2025-03-03,5,Aprobado
44415606_GEN-101_2025-1_2025-03-03,44415606_GEN-101_2025-1,2025-03-03,1,Desaprobado
31136038_DAT-201_2025-1_2025-03-03,31136038_DAT-201_2025-1,2025-03-03,5,Aprobado
32459600_DAT-101_2025-1_2025-03-03,32459600_DAT-101_2025-1,2025-03-03,9,Aprobado
33568791_IA-300_2025-1_2025-03-03,33568791_IA-300_2025-1,2025-03-03,4,Aprobado
43507384_DAT-101_2025-1_2025-03-03,43507384_DAT-101_2025-1,2025-03-03,7,Aprobado
32604998_IA-400_2025-1_2025-03-03,32604998_IA-400_2025-1,2025-03-03,1,Desaprobado
44544802_IA-300_2025-1_2025-03-04,44544802_IA-300_2025-1,2025-03-04,7,Aprobado
33418893_GEN-101_2025-1_2025-03-04,33418893_GEN-101_2025-1,2025-03-04,6,Aprobado
33201122_DAT-101_2025-1_2025-03-04,33201122_DAT-101_2025-1,2025-03-04,1,Desaprobado
33792064_DAT-101_2025-1_2025-03-04,33792064_DAT-101_2025-1,2025-03-04,9,Aprobado
31786305_NEG-400_2025-1_2025-03-04,31786305_NEG-400_2025-1,2025-03-04,2,Desaprobado
43678310_DAT-305_2025-1_2025-03-04,43678310_DAT-305_2025-1,2025-03-04,10,Aprobado
43690930_DAT-101_2025-1_2025-03-04,43690930_DAT-101_2025-1,2025-03-04,9,Aprobado
31221561_GEN-101_2025-1_2025-03-04,31221561_GEN-101_2025-1,2025-03-04,9,Aprobado
47731681_DAT-305_2025-1_2025-03-04,47731681_DAT-305_2025-1,2025-03-04,1,Desaprobado
41016204_UX-100_2025-1_2025-03-04,41016204_UX-100_2025-1,2025-03-04,6,Aprobado
37799625_DEV-101_2025-1_2025-03-04,37799625_DEV-101_2025-1,2025-03-04,3,Desaprobado
46890428_DEV-101_2025-1_2025-03-04,46890428_DEV-101_2025-1,2025-03-04,9,Aprobado
34316765_DAT-305_2025-1_2025-03-04,34316765_DAT-305_2025-1,2025-03-04,4,Aprobado
32935035_DAT-101_2025-1_2025-03-04,32935035_DAT-101_2025-1,2025-03-04,7,Aprobado
44190336_DAT-305_2025-1_2025-03-04,44190336_DAT-305_2025-1,2025-03-04,9,Aprobado
40175984_IA-400_2025-1_2025-03-05,40175984_IA-400_2025-1,2025-03-05,9,Aprobado
31239788_DEV-101_2025-1_2025-03-05,31239788_DEV-101_2025-1,2025-03-05,3,Desaprobado
30674136_NEG-400_2025-1_2025-03-05,30674136_NEG-400_2025-1,2025-03-05,10,Aprobado
44197978_IA-400_2025-1_2025-03-05,44197978_IA-400_2025-1,2025-03-05,3,Desaprobado
45663240_GEN-101_2025-1_2025-03-05,45663240_GEN-101_2025-1,2025-03-05,9,Aprobado
36996781_IA-400_2025-1_2025-03-05,36996781_IA-400_2025-1,2025-03-05,9,Aprobado
33518284_DAT-201_2025-1_2025-03-05,33518284_DAT-201_2025-1,2025-03-05,7,Aprobado
38714246_IA-300_2025-1_2025-03-05,38714246_IA-300_2025-1,2025-03-05,2,Desaprobado
33614240_GEN-101_2025-1_2025-03-05,33614240_GEN-101_2025-1,2025-03-05,5,Aprobado
47075635_DAT-305_2025-1_2025-03-05,47075635_DAT-305_2025-1,2025-03-05,4,Aprobado
38040781_NEG-400_2025-1_2025-03-05,38040781_NEG-400_2025-1,2025-03-05,4,Aprobado
34364066_NEG-400_2025-1_2025-03-05,34364066_NEG-400_2025-1,2025-03-05,2,Desaprobado
43558573_DAT-201_2025-1_2025-03-05,43558573_DAT-201_2025-1,2025-03-05,6,Aprobado
45280236_NEG-400_2025-1_2025-03-06,45280236_NEG-400_2025-1,2025-03-06,2,Desaprobado
32270986_MKT-200_2025-1_2025-03-06,32270986_MKT-200_2025-1,2025-03-06,5,Aprobado
45225711_UX-100_2025-1_2025-03-06,45225711_UX-100_2025-1,2025-03-06,2,Desaprobado
46193548_DAT-305_2025-1_2025-03-06,46193548_DAT-305_2025-1,2025-03-06,1,Desaprobado
43037722_DAT-101_2025-1_2025-03-06,43037722_DAT-101_2025-1,2025-03-06,9,Aprobado
36742732_DAT-101_2025-1_2025-03-06,36742732_DAT-101_2025-1,2025-03-06,4,Aprobado
37091816_DAT-305_2025-1_2025-03-06,37091816_DAT-305_2025-1,2025-03-06,1,Desaprobado
43871938_DEV-101_2025-1_2025-03-06,43871938_DEV-101_2025-1,2025-03-06,4,Aprobado
37335497_IA-400_2025-1_2025-03-06,37335497_IA-400_2025-1,2025-03-06,9,Aprobado
37639684_DAT-101_2025-1_2025-03-06,37639684_DAT-101_2025-1,2025-03-06,9,Aprobado
44086116_UX-100_2025-1_2025-03-06,44086116_UX-100_2025-1,2025-03-06,1,Desaprobado
31681085_DEV-101_2025-1_2025-03-06,31681085_DEV-101_2025-1,2025-03-06,5,Aprobado
41785959_IA-300_2025-1_2025-03-06,41785959_IA-300_2025-1,2025-03-06,2,Desaprobado
47223646_DAT-101_2025-1_2025-03-06,47223646_DAT-101_2025-1,2025-03-06,8,Aprobado
35844073_NEG-400_2025-1_2025-03-06,35844073_NEG-400_2025-1,2025-03-06,10,Aprobado
34341037_IA-400_2025-1_2025-03-06,34341037_IA-400_2025-1,2025-03-06,2,Desaprobado
44476887_GEN-101_2025-1_2025-03-06,44476887_GEN-101_2025-1,2025-03-06,5,Aprobado
37412229_DEV-101_2025-1_2025-03-06,37412229_DEV-101_2025-1,2025-03-06,4,Aprobado
45311516_IA-400_2025-1_2025-03-06,45311516_IA-400_2025-1,2025-03-06,4,Aprobado
45368291_UX-100_2025-1_2025-03-06,45368291_UX-100_2025-1,2025-03-06,7,Aprobado
39796864_IA-400_2025-1_2025-03-06,39796864_IA-400_2025-1,2025-03-06,10,Aprobado
43652049_NEG-400_2025-1_2025-03-06,43652049_NEG-400_2025-1,2025-03-06,6,Aprobado
31332769_UX-100_2025-1_2025-03-06,31332769_UX-100_2025-1,2025-03-06,1,Desaprobado
36219416_MKT-200_2025-1_2025-03-06,36219416_MKT-200_2025-1,2025-03-06,6,Aprobado
47221206_GEN-101_2025-1_2025-03-06,47221206_GEN-101_2025-1,2025-03-06,8,Aprobado
31239788_GEN-101_2025-1_2025-03-06,31239788_GEN-101_2025-1,2025-03-06,10,Aprobado
30301798_DEV-101_2025-1_2025-03-07,30301798_DEV-101_2025-1,2025-03-07,5,Aprobado
31848115_DAT-305_2025-1_2025-03-07,31848115_DAT-305_2025-1,2025-03-07,7,Aprobado
47075635_UX-100_2025-1_2025-03-07,47075635_UX-100_2025-1,2025-03-07,7,Aprobado
32028866_IA-400_2025-1_2025-03-07,32028866_IA-400_2025-1,2025-03-07,4,Aprobado
46193548_IA-400_2025-1_2025-03-07,46193548_IA-400_2025-1,2025-03-07,5,Aprobado
36234502_DAT-201_2025-1_2025-03-07,36234502_DAT-201_2025-1,2025-03-07,8,Aprobado
40531804_DEV-101_2025-1_2025-03-07,40531804_DEV-101_2025-1,2025-03-07,2,Desaprobado
45544606_DAT-101_2025-1_2025-03-07,45544606_DAT-101_2025-1,2025-03-07,1,Desaprobado
45259638_DAT-201_2025-1_2025-03-07,45259638_DAT-201_2025-1,2025-03-07,4,Aprobado
37095694_GEN-101_2025-1_2025-03-07,37095694_GEN-101_2025-1,2025-03-07,5,Aprobado
40192554_IA-300_2025-1_2025-03-07,40192554_IA-300_2025-1,2025-03-07,5,Aprobado
32496231_DAT-201_2025-1_2025-03-08,32496231_DAT-201_2025-1,2025-03-08,4,Aprobado
31332769_NEG-400_2025-1_2025-03-08,31332769_NEG-400_2025-1,2025-03-08,4,Aprobado
31681085_UX-100_2025-1_2025-03-08,31681085_UX-100_2025-1,2025-03-08,4,Aprobado
33201122_DAT-305_2025-1_2025-03-08,33201122_DAT-305_2025-1,2025-03-08,1,Desaprobado
36858459_DAT-101_2025-1_2025-03-08,36858459_DAT-101_2025-1,2025-03-08,4,Aprobado
33594873_GEN-101_2025-1_2025-03-08,33594873_GEN-101_2025-1,2025-03-08,3,Desaprobado
44490644_NEG-400_2025-1_2025-03-08,44490644_NEG-400_2025-1,2025-03-08,5,Aprobado
33479160_DAT-305_2025-1_2025-03-08,33479160_DAT-305_2025-1,2025-03-08,7,Aprobado
32789755_DAT-305_2025-1_2025-03-08,32789755_DAT-305_2025-1,2025-03-08,7,Aprobado
34197558_IA-400_2025-1_2025-03-08,34197558_IA-400_2025-1,2025-03-08,5,Aprobado
43344838_DAT-305_2025-1_2025-03-08,43344838_DAT-305_2025-1,2025-03-08,6,Aprobado
38531146_GEN-101_2025-1_2025-03-08,38531146_GEN-101_2025-1,2025-03-08,8,Aprobado
36145210_GEN-101_2025-1_2025-03-08,36145210_GEN-101_2025-1,2025-03-08,9,Aprobado
47909977_UX-100_2025-1_2025-03-08,47909977_UX-100_2025-1,2025-03-08,5,Aprobado
30395149_DEV-101_2025-1_2025-03-08,30395149_DEV-101_2025-1,2025-03-08,6,Aprobado
37659718_NEG-400_2025-1_2025-03-08,37659718_NEG-400_2025-1,2025-03-08,8,Aprobado
41912939_IA-400_2025-1_2025-03-08,41912939_IA-400_2025-1,2025-03-08,6,Aprobado
31559920_DAT-201_2025-1_2025-03-09,31559920_DAT-201_2025-1,2025-03-09,10,Aprobado
43605753_DAT-101_2025-1_2025-03-09,43605753_DAT-101_2025-1,2025-03-09,6,Aprobado
44284579_GEN-101_2025-1_2025-03-09,44284579_GEN-101_2025-1,2025-03-09,9,Aprobado
40305444_DAT-201_2025-1_2025-03-09,40305444_DAT-201_2025-1,2025-03-09,1,Desaprobado
39820530_NEG-400_2025-1_2025-03-09,39820530_NEG-400_2025-1,2025-03-09,4,Aprobado
43498834_NEG-400_2025-1_2025-03-09,43498834_NEG-400_2025-1,2025-03-09,8,Aprobado
31349203_MKT-200_2025-1_2025-03-09,31349203_MKT-200_2025-1,2025-03-09,8,Aprobado
44521729_UX-100_2025-1_2025-03-09,44521729_UX-100_2025-1,2025-03-09,3,Desaprobado
44965151_IA-400_2025-1_2025-03-09,44965151_IA-400_2025-1,2025-03-09,1,Desaprobado
34441439_GEN-101_2025-1_2025-03-09,34441439_GEN-101_2025-1,2025-03-09,2,Desaprobado
39796864_IA-400_2025-1_2025-03-09,39796864_IA-400_2025-1,2025-03-09,2,Desaprobado
44101321_DEV-101_2025-1_2025-03-10,44101321_DEV-101_2025-1,2025-03-10,7,Aprobado
30125745_DEV-101_2025-1_2025-03-10,30125745_DEV-101_2025-1,2025-03-10,4,Aprobado
37679372_IA-400_2025-1_2025-03-10,37679372_IA-400_2025-1,2025-03-10,8,Aprobado
46572742_DEV-101_2025-1_2025-03-10,46572742_DEV-101_2025-1,2025-03-10,1,Desaprobado
30064860_DAT-201_2025-1_2025-03-10,30064860_DAT-201_2025-1,2025-03-10,3,Desaprobado
46966361_DAT-201_2025-1_2025-03-10,46966361_DAT-201_2025-1,2025-03-10,9,Aprobado
34057124_MKT-200_2025-1_2025-03-10,34057124_MKT-200_2025-1,2025-03-10,6,Aprobado
46193548_DAT-201_2025-1_2025-03-10,46193548_DAT-201_2025-1,2025-03-10,2,Desaprobado
33381581_GEN-101_2025-1_2025-03-10,33381581_GEN-101_2025-1,2025-03-10,5,Aprobado
41234290_DEV-101_2025-1_2025-03-10,41234290_DEV-101_2025-1,2025-03-10,8,Aprobado
31486885_DEV-101_2025-1_2025-03-10,31486885_DEV-101_2025-1,2025-03-10,3,Desaprobado
37013243_DAT-201_2025-1_2025-03-10,37013243_DAT-201_2025-1,2025-03-10,9,Aprobado
38946448_DAT-201_2025-1_2025-03-10,38946448_DAT-201_2025-1,2025-03-10,9,Aprobado
33379578_DAT-305_2025-1_2025-03-10,33379578_DAT-305_2025-1,2025-03-10,4,Aprobado
39220415_DEV-101_2025-1_2025-03-10,39220415_DEV-101_2025-1,2025-03-10,8,Aprobado
45711997_MKT-200_2025-1_2025-03-10,45711997_MKT-200_2025-1,2025-03-10,4,Aprobado
47221206_DAT-201_2025-1_2025-03-10,47221206_DAT-201_2025-1,2025-03-10,3,Desaprobado
45539704_NEG-400_2025-1_2025-03-10,45539704_NEG-400_2025-1,2025-03-10,8,Aprobado
44490644_UX-100_2025-1_2025-03-10,44490644_UX-100_2025-1,2025-03-10,1,Desaprobado
45775192_IA-300_2025-1_2025-03-10,45775192_IA-300_2025-1,2025-03-10,3,Desaprobado
34316765_NEG-400_2025-1_2025-03-10,34316765_NEG-400_2025-1,2025-03-10,8,Aprobado
38020693_DAT-201_2025-1_2025-03-10,38020693_DAT-201_2025-1,2025-03-10,7,Aprobado
43690930_GEN-101_2025-1_2025-03-11,43690930_GEN-101_2025-1,2025-03-11,4,Aprobado
34577564_DAT-101_2025-1_2025-03-11,34577564_DAT-101_2025-1,2025-03-11,1,Desaprobado
34832335_IA-400_2025-1_2025-03-11,34832335_IA-400_2025-1,2025-03-11,8,Aprobado
34841664_DEV-101_2025-1_2025-03-11,34841664_DEV-101_2025-1,2025-03-11,10,Aprobado
40774819_DAT-201_2025-1_2025-03-11,40774819_DAT-201_2025-1,2025-03-11,7,Aprobado
44025027_DAT-201_2025-1_2025-03-11,44025027_DAT-201_2025-1,2025-03-11,1,Desaprobado
36659434_GEN-101_2025-1_2025-03-11,36659434_GEN-101_2025-1,2025-03-11,6,Aprobado
34923335_NEG-400_2025-1_2025-03-11,34923335_NEG-400_2025-1,2025-03-11,10,Aprobado
47607767_DAT-101_2025-1_2025-03-11,47607767_DAT-101_2025-1,2025-03-11,8,Aprobado
39160706_MKT-200_2025-1_2025-03-11,39160706_MKT-200_2025-1,2025-03-11,2,Desaprobado
30713710_DAT-201_2025-1_2025-03-11,30713710_DAT-201_2025-1,2025-03-11,2,Desaprobado
46762093_NEG-400_2025-1_2025-03-11,46762093_NEG-400_2025-1,2025-03-11,10,Aprobado
39068971_DAT-101_2025-1_2025-03-11,39068971_DAT-101_2025-1,2025-03-11,5,Aprobado
31153469_IA-400_2025-1_2025-03-11,31153469_IA-400_2025-1,2025-03-11,3,Desaprobado
40916647_DAT-305_2025-1_2025-03-11,40916647_DAT-305_2025-1,2025-03-11,5,Aprobado
36971688_DEV-101_2025-1_2025-03-12,36971688_DEV-101_2025-1,2025-03-12,6,Aprobado
34785335_MKT-200_2025-1_2025-03-12,34785335_MKT-200_2025-1,2025-03-12,6,Aprobado
32098690_IA-300_2025-1_2025-03-12,32098690_IA-300_2025-1,2025-03-12,6,Aprobado
40283838_IA-300_2025-1_2025-03-12,40283838_IA-300_2025-1,2025-03-12,10,Aprobado
43615605_MKT-200_2025-1_2025-03-12,43615605_MKT-200_2025-1,2025-03-12,8,Aprobado
46398361_GEN-101_2025-1_2025-03-12,46398361_GEN-101_2025-1,2025-03-12,6,Aprobado
33452954_DAT-305_2025-1_2025-03-12,33452954_DAT-305_2025-1,2025-03-12,9,Aprobado
34944058_DAT-201_2025-1_2025-03-12,34944058_DAT-201_2025-1,2025-03-12,8,Aprobado
37799625_GEN-101_2025-1_2025-03-12,37799625_GEN-101_2025-1,2025-03-12,6,Aprobado
34888999_IA-300_2025-1_2025-03-12,34888999_IA-300_2025-1,2025-03-12,2,Desaprobado
44216431_DAT-101_2025-1_2025-03-12,44216431_DAT-101_2025-1,2025-03-12,9,Aprobado
43456083_MKT-200_2025-1_2025-03-12,43456083_MKT-200_2025-1,2025-03-12,3,Desaprobado
31318273_MKT-200_2025-1_2025-03-12,31318273_MKT-200_2025-1,2025-03-12,7,Aprobado
40287807_DAT-201_2025-1_2025-03-12,40287807_DAT-201_2025-1,2025-03-12,1,Desaprobado
36745278_DEV-101_2025-1_2025-03-12,36745278_DEV-101_2025-1,2025-03-12,10,Aprobado
43558573_GEN-101_2025-1_2025-03-12,43558573_GEN-101_2025-1,2025-03-12,1,Desaprobado
46314784_NEG-400_2025-1_2025-03-12,46314784_NEG-400_2025-1,2025-03-12,3,Desaprobado
45759579_DAT-101_2025-1_2025-03-12,45759579_DAT-101_2025-1,2025-03-12,1,Desaprobado
36257669_DAT-305_2025-1_2025-03-12,36257669_DAT-305_2025-1,2025-03-12,2,Desaprobado
45311516_IA-300_2025-1_2025-03-12,45311516_IA-300_2025-1,2025-03-12,1,Desaprobado
44827801_IA-300_2025-1_2025-03-12,44827801_IA-300_2025-1,2025-03-12,7,Aprobado
33179098_DAT-101_2025-1_2025-03-12,33179098_DAT-101_2025-1,2025-03-12,4,Aprobado
46518516_DEV-101_2025-1_2025-03-12,46518516_DEV-101_2025-1,2025-03-12,3,Desaprobado
44229724_DEV-101_2025-1_2025-03-12,44229724_DEV-101_2025-1,2025-03-12,9,Aprobado
47611874_GEN-101_2025-1_2025-03-13,47611874_GEN-101_2025-1,2025-03-13,5,Aprobado
44221505_DEV-101_2025-1_2025-03-13,44221505_DEV-101_2025-1,2025-03-13,5,Aprobado
35930527_DAT-101_2025-1_2025-03-13,35930527_DAT-101_2025-1,2025-03-13,10,Aprobado
40400092_DAT-101_2025-1_2025-03-13,40400092_DAT-101_2025-1,2025-03-13,7,Aprobado
41132630_UX-100_2025-1_2025-03-13,41132630_UX-100_2025-1,2025-03-13,4,Aprobado
44345701_DAT-305_2025-1_2025-03-13,44345701_DAT-305_2025-1,2025-03-13,6,Aprobado
32816822_DAT-201_2025-1_2025-03-13,32816822_DAT-201_2025-1,2025-03-13,3,Desaprobado
40745106_UX-100_2025-1_2025-03-13,40745106_UX-100_2025-1,2025-03-13,9,Aprobado
34869838_DAT-201_2025-1_2025-03-13,34869838_DAT-201_2025-1,2025-03-13,4,Aprobado
46256042_IA-400_2025-1_2025-03-13,46256042_IA-400_2025-1,2025-03-13,8,Aprobado
35850567_IA-400_2025-1_2025-03-13,35850567_IA-400_2025-1,2025-03-13,9,Aprobado
30677244_NEG-400_2025-1_2025-03-13,30677244_NEG-400_2025-1,2025-03-13,9,Aprobado
32776935_IA-400_2025-1_2025-03-13,32776935_IA-400_2025-1,2025-03-13,2,Desaprobado
34130787_MKT-200_2025-1_2025-03-13,34130787_MKT-200_2025-1,2025-03-13,2,Desaprobado
35951430_NEG-400_2025-1_2025-03-13,35951430_NEG-400_2025-1,2025-03-13,7,Aprobado
37456292_DAT-201_2025-1_2025-03-13,37456292_DAT-201_2025-1,2025-03-13,6,Aprobado
38531146_DAT-305_2025-1_2025-03-13,38531146_DAT-305_2025-1,2025-03-13,2,Desaprobado
35038799_DEV-101_2025-1_2025-03-13,35038799_DEV-101_2025-1,2025-03-13,1,Desaprobado
33362152_IA-300_2025-1_2025-03-14,33362152_IA-300_2025-1,2025-03-14,8,Aprobado
43871165_GEN-101_2025-1_2025-03-14,43871165_GEN-101_2025-1,2025-03-14,8,Aprobado
31864701_IA-300_2025-1_2025-03-14,31864701_IA-300_2025-1,2025-03-14,6,Aprobado
32905120_DAT-201_2025-1_2025-03-14,32905120_DAT-201_2025-1,2025-03-14,3,Desaprobado
31355414_UX-100_2025-1_2025-03-14,31355414_UX-100_2025-1,2025-03-14,2,Desaprobado
31360651_DAT-101_2025-1_2025-03-14,31360651_DAT-101_2025-1,2025-03-14,9,Aprobado
43652049_DAT-101_2025-1_2025-03-14,43652049_DAT-101_2025-1,2025-03-14,10,Aprobado
41398180_UX-100_2025-1_2025-03-14,41398180_UX-100_2025-1,2025-03-14,2,Desaprobado
31297438_UX-100_2025-1_2025-03-14,31297438_UX-100_2025-1,2025-03-14,2,Desaprobado
37226510_NEG-400_2025-1_2025-03-14,37226510_NEG-400_2025-1,2025-03-14,5,Aprobado
47826221_GEN-101_2025-1_2025-03-14,47826221_GEN-101_2025-1,2025-03-14,8,Aprobado
32986537_IA-300_2025-1_2025-03-14,32986537_IA-300_2025-1,2025-03-14,10,Aprobado
34353357_NEG-400_2025-1_2025-03-14,34353357_NEG-400_2025-1,2025-03-14,6,Aprobado
37639684_MKT-200_2025-1_2025-03-14,37639684_MKT-200_2025-1,2025-03-14,4,Aprobado
40967959_NEG-400_2025-1_2025-03-14,40967959_NEG-400_2025-1,2025-03-14,6,Aprobado
35809204_IA-400_2025-1_2025-03-14,35809204_IA-400_2025-1,2025-03-14,10,Aprobado
44224033_DAT-305_2025-1_2025-03-14,44224033_DAT-305_2025-1,2025-03-14,2,Desaprobado
40228309_NEG-400_2025-1_2025-03-14,40228309_NEG-400_2025-1,2025-03-14,3,Desaprobado
43496203_GEN-101_2025-1_2025-03-14,43496203_GEN-101_2025-1,2025-03-14,10,Aprobado
43831919_UX-100_2025-1_2025-03-14,43831919_UX-100_2025-1,2025-03-14,7,Aprobado
36304118_DEV-101_2025-1_2025-03-15,36304118_DEV-101_2025-1,2025-03-15,7,Aprobado
47649810_NEG-400_2025-1_2025-03-15,47649810_NEG-400_2025-1,2025-03-15,2,Desaprobado
40253163_IA-300_2025-1_2025-03-15,40253163_IA-300_2025-1,2025-03-15,10,Aprobado
43615605_IA-300_2025-1_2025-03-15,43615605_IA-300_2025-1,2025-03-15,10,Aprobado
35077928_DAT-305_2025-1_2025-03-15,35077928_DAT-305_2025-1,2025-03-15,7,Aprobado
39126892_DAT-201_2025-1_2025-03-15,39126892_DAT-201_2025-1,2025-03-15,8,Aprobado
38002503_IA-300_2025-1_2025-03-15,38002503_IA-300_2025-1,2025-03-15,7,Aprobado
31379839_DAT-101_2025-1_2025-03-15,31379839_DAT-101_2025-1,2025-03-15,6,Aprobado
47454606_DAT-201_2025-1_2025-03-15,47454606_DAT-201_2025-1,2025-03-15,10,Aprobado
37974144_IA-300_2025-1_2025-03-15,37974144_IA-300_2025-1,2025-03-15,5,Aprobado
44730308_DAT-305_2025-1_2025-03-15,44730308_DAT-305_2025-1,2025-03-15,2,Desaprobado
31848115_IA-400_2025-1_2025-03-15,31848115_IA-400_2025-1,2025-03-15,4,Aprobado
45474619_GEN-101_2025-1_2025-03-15,45474619_GEN-101_2025-1,2025-03-15,7,Aprobado
33568791_DAT-305_2025-1_2025-03-15,33568791_DAT-305_2025-1,2025-03-15,2,Desaprobado
47021675_MKT-200_2025-1_2025-03-15,47021675_MKT-200_2025-1,2025-03-15,3,Desaprobado
43991288_IA-400_2025-1_2025-03-15,43991288_IA-400_2025-1,2025-03-15,5,Aprobado
32705831_DAT-305_2025-1_2025-03-15,32705831_DAT-305_2025-1,2025-03-15,7,Aprobado
38452657_DAT-101_2025-1_2025-03-16,38452657_DAT-101_2025-1,2025-03-16,2,Desaprobado
39820530_UX-100_2025-1_2025-03-16,39820530_UX-100_2025-1,2025-03-16,6,Aprobado
32965831_UX-100_2025-1_2025-03-16,32965831_UX-100_2025-1,2025-03-16,10,Aprobado
35821025_DAT-201_2025-1_2025-03-16,35821025_DAT-201_2025-1,2025-03-16,7,Aprobado
43729856_NEG-400_2025-1_2025-03-16,43729856_NEG-400_2025-1,2025-03-16,5,Aprobado
41785959_GEN-101_2025-1_2025-03-16,41785959_GEN-101_2025-1,2025-03-16,6,Aprobado
36745278_UX-100_2025-1_2025-03-16,36745278_UX-100_2025-1,2025-03-16,4,Aprobado
32463030_MKT-200_2025-1_2025-03-16,32463030_MKT-200_2025-1,2025-03-16,2,Desaprobado
34896530_DAT-305_2025-1_2025-03-16,34896530_DAT-305_2025-1,2025-03-16,6,Aprobado
31278420_DAT-101_2025-1_2025-03-16,31278420_DAT-101_2025-1,2025-03-16,5,Aprobado
46828583_DAT-305_2025-1_2025-03-16,46828583_DAT-305_2025-1,2025-03-16,3,Desaprobado
36421707_IA-300_2025-1_2025-03-16,36421707_IA-300_2025-1,2025-03-16,2,Desaprobado
44101321_UX-100_2025-1_2025-03-16,44101321_UX-100_2025-1,2025-03-16,2,Desaprobado
39107282_GEN-101_2025-1_2025-03-16,39107282_GEN-101_2025-1,2025-03-16,7,Aprobado
40176154_IA-300_2025-1_2025-03-16,40176154_IA-300_2025-1,2025-03-16,4,Aprobado
46890428_DAT-101_2025-1_2025-03-16,46890428_DAT-101_2025-1,2025-03-16,9,Aprobado
34355144_UX-100_2025-1_2025-03-16,34355144_UX-100_2025-1,2025-03-16,7,Aprobado
38693211_GEN-101_2025-1_2025-03-16,38693211_GEN-101_2025-1,2025-03-16,2,Desaprobado
35608376_DAT-201_2025-1_2025-03-16,35608376_DAT-201_2025-1,2025-03-16,7,Aprobado
30811908_UX-100_2025-1_2025-03-17,30811908_UX-100_2025-1,2025-03-17,8,Aprobado
33175574_DAT-101_2025-1_2025-03-17,33175574_DAT-101_2025-1,2025-03-17,3,Desaprobado
46780927_IA-300_2025-1_2025-03-17,46780927_IA-300_2025-1,2025-03-17,3,Desaprobado
40045468_GEN-101_2025-1_2025-03-17,40045468_GEN-101_2025-1,2025-03-17,7,Aprobado
34648956_GEN-101_2025-1_2025-03-17,34648956_GEN-101_2025-1,2025-03-17,8,Aprobado
37008739_IA-300_2025-1_2025-03-17,37008739_IA-300_2025-1,2025-03-17,5,Aprobado
47022459_DEV-101_2025-1_2025-03-17,47022459_DEV-101_2025-1,2025-03-17,4,Aprobado
31020972_IA-300_2025-1_2025-03-17,31020972_IA-300_2025-1,2025-03-17,9,Aprobado
47122979_DAT-201_2025-1_2025-03-17,47122979_DAT-201_2025-1,2025-03-17,6,Aprobado
39255922_GEN-101_2025-1_2025-03-17,39255922_GEN-101_2025-1,2025-03-17,3,Desaprobado
32581169_UX-100_2025-1_2025-03-17,32581169_UX-100_2025-1,2025-03-17,3,Desaprobado
30923193_DAT-305_2025-1_2025-03-17,30923193_DAT-305_2025-1,2025-03-17,8,Aprobado
40253163_IA-400_2025-1_2025-03-17,40253163_IA-400_2025-1,2025-03-17,9,Aprobado
31313953_IA-300_2025-1_2025-03-18,31313953_IA-300_2025-1,2025-03-18,4,Aprobado
43492230_DAT-305_2025-1_2025-03-18,43492230_DAT-305_2025-1,2025-03-18,7,Aprobado
33088513_DEV-101_2025-1_2025-03-18,33088513_DEV-101_2025-1,2025-03-18,7,Aprobado
35837738_NEG-400_2025-1_2025-03-18,35837738_NEG-400_2025-1,2025-03-18,8,Aprobado
36996781_GEN-101_2025-1_2025-03-18,36996781_GEN-101_2025-1,2025-03-18,1,Desaprobado
30395149_UX-100_2025-1_2025-03-18,30395149_UX-100_2025-1,2025-03-18,4,Aprobado
43286289_DAT-201_2025-1_2025-03-18,43286289_DAT-201_2025-1,2025-03-18,2,Desaprobado
47908881_MKT-200_2025-1_2025-03-18,47908881_MKT-200_2025-1,2025-03-18,10,Aprobado
47649810_NEG-400_2025-1_2025-03-18,47649810_NEG-400_2025-1,2025-03-18,8,Aprobado
39337175_DAT-101_2025-1_2025-03-18,39337175_DAT-101_2025-1,2025-03-18,10,Aprobado
38661719_GEN-101_2025-1_2025-03-18,38661719_GEN-101_2025-1,2025-03-18,2,Desaprobado
34869838_DEV-101_2025-1_2025-03-18,34869838_DEV-101_2025-1,2025-03-18,7,Aprobado
37679372_IA-400_2025-1_2025-03-18,37679372_IA-400_2025-1,2025-03-18,5,Aprobado
37458197_GEN-101_2025-1_2025-03-18,37458197_GEN-101_2025-1,2025-03-18,8,Aprobado
30268860_IA-400_2025-1_2025-03-18,30268860_IA-400_2025-1,2025-03-18,2,Desaprobado
37098062_DAT-305_2025-1_2025-03-18,37098062_DAT-305_2025-1,2025-03-18,2,Desaprobado
39647120_DAT-101_2025-1_2025-03-18,39647120_DAT-101_2025-1,2025-03-18,7,Aprobado
34647475_IA-400_2025-1_2025-03-18,34647475_IA-400_2025-1,2025-03-18,9,Aprobado
30074046_DAT-305_2025-1_2025-03-18,30074046_DAT-305_2025-1,2025-03-18,8,Aprobado
47367569_NEG-400_2025-1_2025-03-18,47367569_NEG-400_2025-1,2025-03-18,9,Aprobado
37561242_DEV-101_2025-1_2025-03-18,37561242_DEV-101_2025-1,2025-03-18,3,Desaprobado
47915465_IA-300_2025-1_2025-03-19,47915465_IA-300_2025-1,2025-03-19,8,Aprobado
31547849_MKT-200_2025-1_2025-03-19,31547849_MKT-200_2025-1,2025-03-19,1,Desaprobado
31081090_UX-100_2025-1_2025-03-19,31081090_UX-100_2025-1,2025-03-19,5,Aprobado
37286941_DEV-101_2025-1_2025-03-19,37286941_DEV-101_2025-1,2025-03-19,6,Aprobado
38070258_DAT-305_2025-1_2025-03-19,38070258_DAT-305_2025-1,2025-03-19,1,Desaprobado
40140970_NEG-400_2025-1_2025-03-19,40140970_NEG-400_2025-1,2025-03-19,4,Aprobado
34987487_DAT-305_2025-1_2025-03-19,34987487_DAT-305_2025-1,2025-03-19,3,Desaprobado
38940969_GEN-101_2025-1_2025-03-19,38940969_GEN-101_2025-1,2025-03-19,2,Desaprobado
36257669_IA-400_2025-1_2025-03-19,36257669_IA-400_2025-1,2025-03-19,7,Aprobado
39905167_DAT-201_2025-1_2025-03-19,39905167_DAT-201_2025-1,2025-03-19,8,Aprobado
34057124_NEG-400_2025-1_2025-03-19,34057124_NEG-400_2025-1,2025-03-19,9,Aprobado
44101321_GEN-101_2025-1_2025-03-19,44101321_GEN-101_2025-1,2025-03-19,1,Desaprobado
30528419_UX-100_2025-1_2025-03-19,30528419_UX-100_2025-1,2025-03-19,9,Aprobado
35410565_UX-100_2025-1_2025-03-19,35410565_UX-100_2025-1,2025-03-19,10,Aprobado
44190336_MKT-200_2025-1_2025-03-19,44190336_MKT-200_2025-1,2025-03-19,6,Aprobado
32281165_DAT-201_2025-1_2025-03-19,32281165_DAT-201_2025-1,2025-03-19,3,Desaprobado
39547835_MKT-200_2025-1_2025-03-19,39547835_MKT-200_2025-1,2025-03-19,1,Desaprobado
46997300_IA-300_2025-1_2025-03-19,46997300_IA-300_2025-1,2025-03-19,10,Aprobado
37095694_DEV-101_2025-1_2025-03-19,37095694_DEV-101_2025-1,2025-03-19,4,Aprobado
33610212_IA-400_2025-1_2025-03-19,33610212_IA-400_2025-1,2025-03-19,4,Aprobado
33418893_DAT-101_2025-1_2025-03-19,33418893_DAT-101_2025-1,2025-03-19,10,Aprobado
43831919_DAT-305_2025-1_2025-03-19,43831919_DAT-305_2025-1,2025-03-19,8,Aprobado
37057932_NEG-400_2025-1_2025-03-19,37057932_NEG-400_2025-1,2025-03-19,2,Desaprobado
37456292_DEV-101_2025-1_2025-03-19,37456292_DEV-101_2025-1,2025-03-19,8,Aprobado
47556368_MKT-200_2025-1_2025-03-19,47556368_MKT-200_2025-1,2025-03-19,7,Aprobado
34353357_MKT-200_2025-1_2025-03-20,34353357_MKT-200_2025-1,2025-03-20,4,Aprobado
38393487_DAT-101_2025-1_2025-03-20,38393487_DAT-101_2025-1,2025-03-20,4,Aprobado
31185628_UX-100_2025-1_2025-03-20,31185628_UX-100_2025-1,2025-03-20,8,Aprobado
39195104_MKT-200_2025-1_2025-03-20,39195104_MKT-200_2025-1,2025-03-20,4,Aprobado
33594873_DEV-101_2025-1_2025-03-20,33594873_DEV-101_2025-1,2025-03-20,7,Aprobado
30173121_IA-400_2025-1_2025-03-20,30173121_IA-400_2025-1,2025-03-20,2,Desaprobado
38452657_IA-300_2025-1_2025-03-20,38452657_IA-300_2025-1,2025-03-20,5,Aprobado
45711997_IA-400_2025-1_2025-03-20,45711997_IA-400_2025-1,2025-03-20,2,Desaprobado
44492127_IA-400_2025-1_2025-03-20,44492127_IA-400_2025-1,2025-03-20,9,Aprobado
38549006_DAT-305_2025-1_2025-03-20,38549006_DAT-305_2025-1,2025-03-20,3,Desaprobado
40745106_DAT-101_2025-1_2025-03-20,40745106_DAT-101_2025-1,2025-03-20,7,Aprobado
37098062_IA-400_2025-1_2025-03-20,37098062_IA-400_2025-1,2025-03-20,8,Aprobado
39337175_UX-100_2025-1_2025-03-20,39337175_UX-100_2025-1,2025-03-20,9,Aprobado
43069128_DAT-101_2025-1_2025-03-20,43069128_DAT-101_2025-1,2025-03-20,8,Aprobado
41337962_IA-400_2025-1_2025-03-20,41337962_IA-400_2025-1,2025-03-20,4,Aprobado
36570791_UX-100_2025-1_2025-03-20,36570791_UX-100_2025-1,2025-03-20,9,Aprobado
32286145_IA-300_2025-1_2025-03-20,32286145_IA-300_2025-1,2025-03-20,4,Aprobado
44407218_NEG-400_2025-1_2025-03-20,44407218_NEG-400_2025-1,2025-03-20,5,Aprobado
39733145_IA-300_2025-1_2025-03-21,39733145_IA-300_2025-1,2025-03-21,8,Aprobado
41051648_GEN-101_2025-1_2025-03-21,41051648_GEN-101_2025-1,2025-03-21,6,Aprobado
35608376_DAT-101_2025-1_2025-03-21,35608376_DAT-101_2025-1,2025-03-21,6,Aprobado
43402603_DAT-305_2025-1_2025-03-21,43402603_DAT-305_2025-1,2025-03-21,8,Aprobado
32108581_GEN-101_2025-1_2025-03-21,32108581_GEN-101_2025-1,2025-03-21,2,Desaprobado
31909036_IA-300_2025-1_2025-03-21,31909036_IA-300_2025-1,2025-03-21,1,Desaprobado
33362152_NEG-400_2025-1_2025-03-21,33362152_NEG-400_2025-1,2025-03-21,7,Aprobado
39473672_DAT-101_2025-1_2025-03-21,39473672_DAT-101_2025-1,2025-03-21,6,Aprobado
34355689_GEN-101_2025-1_2025-03-21,34355689_GEN-101_2025-1,2025-03-21,4,Aprobado
37874267_MKT-200_2025-1_2025-03-21,37874267_MKT-200_2025-1,2025-03-21,2,Desaprobado
39817999_IA-400_2025-1_2025-03-21,39817999_IA-400_2025-1,2025-03-21,1,Desaprobado
33714793_GEN-101_2025-1_2025-03-21,33714793_GEN-101_2025-1,2025-03-21,6,Aprobado
34151433_DEV-101_2025-1_2025-03-21,34151433_DEV-101_2025-1,2025-03-21,6,Aprobado
45404573_DAT-201_2025-1_2025-03-21,45404573_DAT-201_2025-1,2025-03-21,5,Aprobado
45011218_DEV-101_2025-1_2025-03-21,45011218_DEV-101_2025-1,2025-03-21,1,Desaprobado
36421707_GEN-101_2025-1_2025-03-21,36421707_GEN-101_2025-1,2025-03-21,7,Aprobado
31748817_IA-400_2025-1_2025-03-22,31748817_IA-400_2025-1,2025-03-22,4,Aprobado
38340878_MKT-200_2025-1_2025-03-22,38340878_MKT-200_2025-1,2025-03-22,5,Aprobado
37219780_IA-300_2025-1_2025-03-22,37219780_IA-300_2025-1,2025-03-22,1,Desaprobado
41785959_IA-300_2025-1_2025-03-22,41785959_IA-300_2025-1,2025-03-22,10,Aprobado
33594873_NEG-400_2025-1_2025-03-22,33594873_NEG-400_2025-1,2025-03-22,7,Aprobado
40358538_DEV-101_2025-1_2025-03-22,40358538_DEV-101_2025-1,2025-03-22,2,Desaprobado
46329934_MKT-200_2025-1_2025-03-22,46329934_MKT-200_2025-1,2025-03-22,9,Aprobado
47163691_MKT-200_2025-1_2025-03-22,47163691_MKT-200_2025-1,2025-03-22,1,Desaprobado
46024126_IA-300_2025-1_2025-03-22,46024126_IA-300_2025-1,2025-03-22,7,Aprobado
45444903_IA-400_2025-1_2025-03-22,45444903_IA-400_2025-1,2025-03-22,8,Aprobado
47633067_UX-100_2025-1_2025-03-22,47633067_UX-100_2025-1,2025-03-22,3,Desaprobado
34887945_MKT-200_2025-1_2025-03-22,34887945_MKT-200_2025-1,2025-03-22,6,Aprobado
44398280_DAT-305_2025-1_2025-03-22,44398280_DAT-305_2025-1,2025-03-22,5,Aprobado
30639152_DAT-201_2025-1_2025-03-22,30639152_DAT-201_2025-1,2025-03-22,9,Aprobado
47199649_MKT-200_2025-1_2025-03-22,47199649_MKT-200_2025-1,2025-03-22,10,Aprobado
35054932_GEN-101_2025-1_2025-03-22,35054932_GEN-101_2025-1,2025-03-22,7,Aprobado
41337962_NEG-400_2025-1_2025-03-22,41337962_NEG-400_2025-1,2025-03-22,2,Desaprobado
39195104_IA-400_2025-1_2025-03-22,39195104_IA-400_2025-1,2025-03-22,10,Aprobado
36169395_DAT-101_2025-1_2025-03-22,36169395_DAT-101_2025-1,2025-03-22,9,Aprobado
32935035_DEV-101_2025-1_2025-03-22,32935035_DEV-101_2025-1,2025-03-22,10,Aprobado
34648956_NEG-400_2025-1_2025-03-23,34648956_NEG-400_2025-1,2025-03-23,4,Aprobado
38002503_DAT-201_2025-1_2025-03-23,38002503_DAT-201_2025-1,2025-03-23,10,Aprobado
38066467_UX-100_2025-1_2025-03-23,38066467_UX-100_2025-1,2025-03-23,10,Aprobado
34873483_IA-300_2025-1_2025-03-23,34873483_IA-300_2025-1,2025-03-23,9,Aprobado
47700089_MKT-200_2025-1_2025-03-23,47700089_MKT-200_2025-1,2025-03-23,6,Aprobado
37572605_NEG-400_2025-1_2025-03-23,37572605_NEG-400_2025-1,2025-03-23,9,Aprobado
30649167_MKT-200_2025-1_2025-03-23,30649167_MKT-200_2025-1,2025-03-23,3,Desaprobado
46345360_UX-100_2025-1_2025-03-23,46345360_UX-100_2025-1,2025-03-23,10,Aprobado
37802380_UX-100_2025-1_2025-03-23,37802380_UX-100_2025-1,2025-03-23,6,Aprobado
32459600_UX-100_2025-1_2025-03-23,32459600_UX-100_2025-1,2025-03-23,1,Desaprobado
33683627_DAT-101_2025-1_2025-03-23,33683627_DAT-101_2025-1,2025-03-23,5,Aprobado
45890411_NEG-400_2025-1_2025-03-23,45890411_NEG-400_2025-1,2025-03-23,4,Aprobado
46909132_NEG-400_2025-1_2025-03-23,46909132_NEG-400_2025-1,2025-03-23,8,Aprobado
31153469_NEG-400_2025-1_2025-03-23,31153469_NEG-400_2025-1,2025-03-23,7,Aprobado
35629692_NEG-400_2025-1_2025-03-24,35629692_NEG-400_2025-1,2025-03-24,2,Desaprobado
40116733_DEV-101_2025-1_2025-03-24,40116733_DEV-101_2025-1,2025-03-24,10,Aprobado
31662806_IA-400_2025-1_2025-03-24,31662806_IA-400_2025-1,2025-03-24,4,Aprobado
35385278_UX-100_2025-1_2025-03-24,35385278_UX-100_2025-1,2025-03-24,2,Desaprobado
32889452_MKT-200_2025-1_2025-03-24,32889452_MKT-200_2025-1,2025-03-24,5,Aprobado
31864701_DAT-201_2025-1_2025-03-24,31864701_DAT-201_2025-1,2025-03-24,5,Aprobado
45291864_IA-400_2025-1_2025-03-24,45291864_IA-400_2025-1,2025-03-24,1,Desaprobado
41132630_DEV-101_2025-1_2025-03-24,41132630_DEV-101_2025-1,2025-03-24,5,Aprobado
41083641_UX-100_2025-1_2025-03-24,41083641_UX-100_2025-1,2025-03-24,2,Desaprobado
44182964_MKT-200_2025-1_2025-03-24,44182964_MKT-200_2025-1,2025-03-24,10,Aprobado
39046561_DAT-305_2025-1_2025-03-24,39046561_DAT-305_2025-1,2025-03-24,5,Aprobado
33846409_DAT-101_2025-1_2025-03-24,33846409_DAT-101_2025-1,2025-03-24,2,Desaprobado
31742344_NEG-400_2025-1_2025-03-24,31742344_NEG-400_2025-1,2025-03-24,4,Aprobado
34197558_DEV-101_2025-1_2025-03-24,34197558_DEV-101_2025-1,2025-03-24,2,Desaprobado
39733145_GEN-101_2025-1_2025-03-24,39733145_GEN-101_2025-1,2025-03-24,10,Aprobado
36443537_NEG-400_2025-1_2025-03-24,36443537_NEG-400_2025-1,2025-03-24,9,Aprobado
39278348_UX-100_2025-1_2025-03-24,39278348_UX-100_2025-1,2025-03-24,8,Aprobado
34696467_IA-300_2025-1_2025-03-24,34696467_IA-300_2025-1,2025-03-24,5,Aprobado
45711997_DAT-305_2025-1_2025-03-24,45711997_DAT-305_2025-1,2025-03-24,2,Desaprobado
43185797_DAT-201_2025-1_2025-03-24,43185797_DAT-201_2025-1,2025-03-24,8,Aprobado
47481163_IA-400_2025-1_2025-03-25,47481163_IA-400_2025-1,2025-03-25,4,Aprobado
34933614_UX-100_2025-1_2025-03-25,34933614_UX-100_2025-1,2025-03-25,6,Aprobado
43751737_IA-400_2025-1_2025-03-25,43751737_IA-400_2025-1,2025-03-25,9,Aprobado
47707678_DAT-101_2025-1_2025-03-25,47707678_DAT-101_2025-1,2025-03-25,6,Aprobado
39407484_UX-100_2025-1_2025-03-25,39407484_UX-100_2025-1,2025-03-25,6,Aprobado
47776360_GEN-101_2025-1_2025-03-25,47776360_GEN-101_2025-1,2025-03-25,1,Desaprobado
44754301_NEG-400_2025-1_2025-03-25,44754301_NEG-400_2025-1,2025-03-25,5,Aprobado
36780964_DAT-201_2025-1_2025-03-25,36780964_DAT-201_2025-1,2025-03-25,9,Aprobado
45825230_IA-400_2025-1_2025-03-25,45825230_IA-400_2025-1,2025-03-25,1,Desaprobado
43647497_DAT-305_2025-1_2025-03-25,43647497_DAT-305_2025-1,2025-03-25,9,Aprobado
35407054_MKT-200_2025-1_2025-03-25,35407054_MKT-200_2025-1,2025-03-25,5,Aprobado
30356437_DAT-101_2025-1_2025-03-25,30356437_DAT-101_2025-1,2025-03-25,10,Aprobado
47649810_GEN-101_2025-1_2025-03-26,47649810_GEN-101_2025-1,2025-03-26,9,Aprobado
31445923_DEV-101_2025-1_2025-03-26,31445923_DEV-101_2025-1,2025-03-26,5,Aprobado
46193548_DAT-101_2025-1_2025-03-26,46193548_DAT-101_2025-1,2025-03-26,4,Aprobado
32839194_DAT-101_2025-1_2025-03-26,32839194_DAT-101_2025-1,2025-03-26,4,Aprobado
30219683_DAT-305_2025-1_2025-03-26,30219683_DAT-305_2025-1,2025-03-26,6,Aprobado
45338648_MKT-200_2025-1_2025-03-26,45338648_MKT-200_2025-1,2025-03-26,6,Aprobado
35410565_NEG-400_2025-1_2025-03-26,35410565_NEG-400_2025-1,2025-03-26,5,Aprobado
32329071_DAT-201_2025-1_2025-03-26,32329071_DAT-201_2025-1,2025-03-26,7,Aprobado
37947511_NEG-400_2025-1_2025-03-26,37947511_NEG-400_2025-1,2025-03-26,7,Aprobado
33353197_DAT-305_2025-1_2025-03-26,33353197_DAT-305_2025-1,2025-03-26,10,Aprobado
47182282_DEV-101_2025-1_2025-03-26,47182282_DEV-101_2025-1,2025-03-26,4,Aprobado
41084438_DEV-101_2025-1_2025-03-26,41084438_DEV-101_2025-1,2025-03-26,10,Aprobado
30506698_UX-100_2025-1_2025-03-26,30506698_UX-100_2025-1,2025-03-26,4,Aprobado
32034364_GEN-101_2025-1_2025-03-26,32034364_GEN-101_2025-1,2025-03-26,1,Desaprobado
30703214_DEV-101_2025-1_2025-03-26,30703214_DEV-101_2025-1,2025-03-26,3,Desaprobado
30187041_DAT-305_2025-1_2025-03-26,30187041_DAT-305_2025-1,2025-03-26,6,Aprobado
44334164_NEG-400_2025-1_2025-03-27,44334164_NEG-400_2025-1,2025-03-27,8,Aprobado
39023389_UX-100_2025-1_2025-03-27,39023389_UX-100_2025-1,2025-03-27,8,Aprobado
35147199_NEG-400_2025-1_2025-03-27,35147199_NEG-400_2025-1,2025-03-27,1,Desaprobado
41994164_DAT-201_2025-1_2025-03-27,41994164_DAT-201_2025-1,2025-03-27,2,Desaprobado
32986537_DEV-101_2025-1_2025-03-27,32986537_DEV-101_2025-1,2025-03-27,5,Aprobado
36600824_UX-100_2025-1_2025-03-27,36600824_UX-100_2025-1,2025-03-27,7,Aprobado
33179098_MKT-200_2025-1_2025-03-27,33179098_MKT-200_2025-1,2025-03-27,10,Aprobado
31898350_DAT-201_2025-1_2025-03-27,31898350_DAT-201_2025-1,2025-03-27,3,Desaprobado
43537356_DAT-305_2025-1_2025-03-27,43537356_DAT-305_2025-1,2025-03-27,7,Aprobado
37725025_NEG-400_2025-1_2025-03-27,37725025_NEG-400_2025-1,2025-03-27,10,Aprobado
37763133_GEN-101_2025-1_2025-03-27,37763133_GEN-101_2025-1,2025-03-27,3,Desaprobado
32723334_DAT-101_2025-1_2025-03-27,32723334_DAT-101_2025-1,2025-03-27,9,Aprobado
33896639_DAT-101_2025-1_2025-03-27,33896639_DAT-101_2025-1,2025-03-27,9,Aprobado
45150526_UX-100_2025-1_2025-03-27,45150526_UX-100_2025-1,2025-03-27,3,Desaprobado
44965151_IA-400_2025-1_2025-03-27,44965151_IA-400_2025-1,2025-03-27,2,Desaprobado
44754060_DAT-305_2025-1_2025-03-27,44754060_DAT-305_2025-1,2025-03-27,1,Desaprobado
40045468_IA-400_2025-1_2025-03-28,40045468_IA-400_2025-1,2025-03-28,4,Aprobado
44830567_DEV-101_2025-1_2025-03-28,44830567_DEV-101_2025-1,2025-03-28,8,Aprobado
37171122_MKT-200_2025-1_2025-03-28,37171122_MKT-200_2025-1,2025-03-28,10,Aprobado
32821847_IA-400_2025-1_2025-03-28,32821847_IA-400_2025-1,2025-03-28,5,Aprobado
34294158_UX-100_2025-1_2025-03-28,34294158_UX-100_2025-1,2025-03-28,3,Desaprobado
40804778_DAT-201_2025-1_2025-03-28,40804778_DAT-201_2025-1,2025-03-28,2,Desaprobado
43704659_GEN-101_2025-1_2025-03-28,43704659_GEN-101_2025-1,2025-03-28,2,Desaprobado
40330349_MKT-200_2025-1_2025-03-28,40330349_MKT-200_2025-1,2025-03-28,7,Aprobado
38089426_IA-400_2025-1_2025-03-28,38089426_IA-400_2025-1,2025-03-28,3,Desaprobado
44049715_DAT-101_2025-1_2025-03-28,44049715_DAT-101_2025-1,2025-03-28,2,Desaprobado
46418357_DEV-101_2025-1_2025-03-28,46418357_DEV-101_2025-1,2025-03-28,6,Aprobado
33520372_DAT-201_2025-1_2025-03-28,33520372_DAT-201_2025-1,2025-03-28,4,Aprobado
45041443_IA-300_2025-1_2025-03-29,45041443_IA-300_2025-1,2025-03-29,5,Aprobado
36701529_DAT-305_2025-1_2025-03-29,36701529_DAT-305_2025-1,2025-03-29,4,Aprobado
41132630_DAT-305_2025-1_2025-03-29,41132630_DAT-305_2025-1,2025-03-29,5,Aprobado
36065546_NEG-400_2025-1_2025-03-29,36065546_NEG-400_2025-1,2025-03-29,7,Aprobado
47207202_DEV-101_2025-1_2025-03-29,47207202_DEV-101_2025-1,2025-03-29,2,Desaprobado
31355414_DAT-305_2025-1_2025-03-29,31355414_DAT-305_2025-1,2025-03-29,7,Aprobado
44376034_IA-300_2025-1_2025-03-29,44376034_IA-300_2025-1,2025-03-29,3,Desaprobado
33566074_DAT-305_2025-1_2025-03-29,33566074_DAT-305_2025-1,2025-03-29,3,Desaprobado
41066323_IA-300_2025-1_2025-03-29,41066323_IA-300_2025-1,2025-03-29,9,Aprobado
36858459_NEG-400_2025-1_2025-03-29,36858459_NEG-400_2025-1,2025-03-29,10,Aprobado
41051244_DAT-201_2025-1_2025-03-30,41051244_DAT-201_2025-1,2025-03-30,4,Aprobado
45076705_GEN-101_2025-1_2025-03-30,45076705_GEN-101_2025-1,2025-03-30,9,Aprobado
46886132_NEG-400_2025-1_2025-03-30,46886132_NEG-400_2025-1,2025-03-30,10,Aprobado
38531623_DAT-201_2025-1_2025-03-30,38531623_DAT-201_2025-1,2025-03-30,1,Desaprobado
39412125_GEN-101_2025-1_2025-03-30,39412125_GEN-101_2025-1,2025-03-30,8,Aprobado
44512365_MKT-200_2025-1_2025-03-30,44512365_MKT-200_2025-1,2025-03-30,3,Desaprobado
46518516_DEV-101_2025-1_2025-03-30,46518516_DEV-101_2025-1,2025-03-30,9,Aprobado
31992185_NEG-400_2025-1_2025-03-30,31992185_NEG-400_2025-1,2025-03-30,9,Aprobado
36996781_DAT-101_2025-1_2025-03-30,36996781_DAT-101_2025-1,2025-03-30,9,Aprobado
30268860_NEG-400_2025-1_2025-03-30,30268860_NEG-400_2025-1,2025-03-30,8,Aprobado
41816794_DAT-101_2025-1_2025-03-30,41816794_DAT-101_2025-1,2025-03-30,7,Aprobado
37659718_GEN-101_2025-1_2025-03-30,37659718_GEN-101_2025-1,2025-03-30,10,Aprobado
43249808_DAT-201_2025-1_2025-03-30,43249808_DAT-201_2025-1,2025-03-30,1,Desaprobado
44988509_DEV-101_2025-1_2025-03-30,44988509_DEV-101_2025-1,2025-03-30,5,Aprobado
41056827_GEN-101_2025-1_2025-03-30,41056827_GEN-101_2025-1,2025-03-30,5,Aprobado
34108557_GEN-101_2025-1_2025-03-30,34108557_GEN-101_2025-1,2025-03-30,1,Desaprobado
33614240_IA-400_2025-1_2025-03-30,33614240_IA-400_2025-1,2025-03-30,4,Aprobado
32664172_MKT-200_2025-1_2025-03-30,32664172_MKT-200_2025-1,2025-03-30,3,Desaprobado
39073370_NEG-400_2025-1_2025-03-30,39073370_NEG-400_2025-1,2025-03-30,7,Aprobado
30163309_GEN-101_2025-1_2025-03-31,30163309_GEN-101_2025-1,2025-03-31,5,Aprobado
45820668_DEV-101_2025-1_2025-03-31,45820668_DEV-101_2025-1,2025-03-31,3,Desaprobado
32098690_DAT-305_2025-1_2025-03-31,32098690_DAT-305_2025-1,2025-03-31,1,Desaprobado
44398280_DAT-305_2025-1_2025-03-31,44398280_DAT-305_2025-1,2025-03-31,4,Aprobado
30344498_IA-400_2025-1_2025-03-31,30344498_IA-400_2025-1,2025-03-31,6,Aprobado
33714793_NEG-400_2025-1_2025-03-31,33714793_NEG-400_2025-1,2025-03-31,3,Desaprobado
37162747_NEG-400_2025-1_2025-03-31,37162747_NEG-400_2025-1,2025-03-31,1,Desaprobado
40305444_UX-100_2025-1_2025-03-31,40305444_UX-100_2025-1,2025-03-31,7,Aprobado
47633067_DAT-101_2025-1_2025-03-31,47633067_DAT-101_2025-1,2025-03-31,4,Aprobado
43662150_IA-400_2025-1_2025-03-31,43662150_IA-400_2025-1,2025-03-31,6,Aprobado
46435125_MKT-200_2025-1_2025-03-31,46435125_MKT-200_2025-1,2025-03-31,6,Aprobado
44476887_GEN-101_2025-1_2025-03-31,44476887_GEN-101_2025-1,2025-03-31,10,Aprobado
32362905_DEV-101_2025-1_2025-03-31,32362905_DEV-101_2025-1,2025-03-31,6,Aprobado
43704659_DAT-101_2025-1_2025-03-31,43704659_DAT-101_2025-1,2025-03-31,10,Aprobado
34615409_DAT-305_2025-1_2025-03-31,34615409_DAT-305_2025-1,2025-03-31,1,Desaprobado
35850567_DAT-305_2025-1_2025-03-31,35850567_DAT-305_2025-1,2025-03-31,8,Aprobado
39473672_DAT-305_2025-1_2025-03-31,39473672_DAT-305_2025-1,2025-03-31,8,Aprobado
39023389_IA-400_2025-1_2025-03-31,39023389_IA-400_2025-1,2025-03-31,10,Aprobado
32283744_IA-300_2025-1_2025-04-01,32283744_IA-300_2025-1,2025-04-01,2,Desaprobado
47983495_DAT-101_2025-1_2025-04-01,47983495_DAT-101_2025-1,2025-04-01,5,Aprobado
44454123_IA-300_2025-1_2025-04-01,44454123_IA-300_2025-1,2025-04-01,7,Aprobado
38773709_NEG-400_2025-1_2025-04-01,38773709_NEG-400_2025-1,2025-04-01,1,Desaprobado
47582243_GEN-101_2025-1_2025-04-01,47582243_GEN-101_2025-1,2025-04-01,10,Aprobado
35809204_NEG-400_2025-1_2025-04-01,35809204_NEG-400_2025-1,2025-04-01,10,Aprobado
46321118_MKT-200_2025-1_2025-04-01,46321118_MKT-200_2025-1,2025-04-01,6,Aprobado
45980462_NEG-400_2025-1_2025-04-01,45980462_NEG-400_2025-1,2025-04-01,7,Aprobado
40454674_UX-100_2025-1_2025-04-01,40454674_UX-100_2025-1,2025-04-01,8,Aprobado
41721070_DAT-201_2025-1_2025-04-01,41721070_DAT-201_2025-1,2025-04-01,5,Aprobado
40915348_DAT-101_2025-1_2025-04-01,40915348_DAT-101_2025-1,2025-04-01,8,Aprobado
34883029_DAT-305_2025-1_2025-04-01,34883029_DAT-305_2025-1,2025-04-01,2,Desaprobado
33143242_DAT-101_2025-1_2025-04-01,33143242_DAT-101_2025-1,2025-04-01,3,Desaprobado
43558573_MKT-200_2025-1_2025-04-01,43558573_MKT-200_2025-1,2025-04-01,3,Desaprobado
43678310_DAT-201_2025-1_2025-04-01,43678310_DAT-201_2025-1,2025-04-01,5,Aprobado
44115122_NEG-400_2025-1_2025-04-01,44115122_NEG-400_2025-1,2025-04-01,7,Aprobado
47404191_UX-100_2025-1_2025-04-01,47404191_UX-100_2025-1,2025-04-01,2,Desaprobado
33831924_UX-100_2025-1_2025-04-01,33831924_UX-100_2025-1,2025-04-01,3,Desaprobado
40804778_DAT-305_2025-1_2025-04-01,40804778_DAT-305_2025-1,2025-04-01,6,Aprobado
31909036_NEG-400_2025-1_2025-04-01,31909036_NEG-400_2025-1,2025-04-01,2,Desaprobado
31239788_IA-400_2025-1_2025-04-01,31239788_IA-400_2025-1,2025-04-01,2,Desaprobado
33143242_DEV-101_2025-1_2025-04-01,33143242_DEV-101_2025-1,2025-04-01,5,Aprobado
36511898_GEN-101_2025-1_2025-04-02,36511898_GEN-101_2025-1,2025-04-02,2,Desaprobado
40039504_GEN-101_2025-1_2025-04-02,40039504_GEN-101_2025-1,2025-04-02,2,Desaprobado
40235116_MKT-200_2025-1_2025-04-02,40235116_MKT-200_2025-1,2025-04-02,5,Aprobado
30430162_DEV-101_2025-1_2025-04-02,30430162_DEV-101_2025-1,2025-04-02,10,Aprobado
45825230_MKT-200_2025-1_2025-04-02,45825230_MKT-200_2025-1,2025-04-02,6,Aprobado
46170762_NEG-400_2025-1_2025-04-02,46170762_NEG-400_2025-1,2025-04-02,6,Aprobado
33418893_DAT-201_2025-1_2025-04-02,33418893_DAT-201_2025-1,2025-04-02,10,Aprobado
44235496_MKT-200_2025-1_2025-04-02,44235496_MKT-200_2025-1,2025-04-02,6,Aprobado
32498967_GEN-101_2025-1_2025-04-02,32498967_GEN-101_2025-1,2025-04-02,2,Desaprobado
37370656_MKT-200_2025-1_2025-04-02,37370656_MKT-200_2025-1,2025-04-02,7,Aprobado
36542829_DEV-101_2025-1_2025-04-02,36542829_DEV-101_2025-1,2025-04-02,7,Aprobado
45841815_DEV-101_2025-1_2025-04-02,45841815_DEV-101_2025-1,2025-04-02,5,Aprobado
39087618_UX-100_2025-1_2025-04-02,39087618_UX-100_2025-1,2025-04-02,2,Desaprobado
32705831_DAT-101_2025-1_2025-04-02,32705831_DAT-101_2025-1,2025-04-02,7,Aprobado
37839367_GEN-101_2025-1_2025-04-02,37839367_GEN-101_2025-1,2025-04-02,9,Aprobado
46069202_DEV-101_2025-1_2025-04-02,46069202_DEV-101_2025-1,2025-04-02,6,Aprobado
43871938_DAT-305_2025-1_2025-04-02,43871938_DAT-305_2025-1,2025-04-02,8,Aprobado
34401288_DAT-101_2025-1_2025-04-02,34401288_DAT-101_2025-1,2025-04-02,5,Aprobado
38042975_NEG-400_2025-1_2025-04-02,38042975_NEG-400_2025-1,2025-04-02,3,Desaprobado
34814097_DAT-305_2025-1_2025-04-02,34814097_DAT-305_2025-1,2025-04-02,1,Desaprobado
39407484_MKT-200_2025-1_2025-04-02,39407484_MKT-200_2025-1,2025-04-02,4,Aprobado
32201924_IA-400_2025-1_2025-04-02,32201924_IA-400_2025-1,2025-04-02,3,Desaprobado
30430162_UX-100_2025-1_2025-04-02,30430162_UX-100_2025-1,2025-04-02,7,Aprobado
39684156_DAT-101_2025-1_2025-04-03,39684156_DAT-101_2025-1,2025-04-03,3,Desaprobado
35994686_DAT-201_2025-1_2025-04-03,35994686_DAT-201_2025-1,2025-04-03,7,Aprobado
31908414_IA-300_2025-1_2025-04-03,31908414_IA-300_2025-1,2025-04-03,5,Aprobado
34743897_DAT-305_2025-1_2025-04-03,34743897_DAT-305_2025-1,2025-04-03,1,Desaprobado
46965600_IA-300_2025-1_2025-04-03,46965600_IA-300_2025-1,2025-04-03,4,Aprobado
46233381_NEG-400_2025-1_2025-04-03,46233381_NEG-400_2025-1,2025-04-03,9,Aprobado
46585675_DEV-101_2025-1_2025-04-03,46585675_DEV-101_2025-1,2025-04-03,8,Aprobado
39337175_DAT-305_2025-1_2025-04-03,39337175_DAT-305_2025-1,2025-04-03,9,Aprobado
41066323_IA-400_2025-1_2025-04-03,41066323_IA-400_2025-1,2025-04-03,7,Aprobado
47103537_UX-100_2025-1_2025-04-03,47103537_UX-100_2025-1,2025-04-03,2,Desaprobado
45694620_IA-300_2025-1_2025-04-04,45694620_IA-300_2025-1,2025-04-04,5,Aprobado
31261719_IA-400_2025-1_2025-04-04,31261719_IA-400_2025-1,2025-04-04,8,Aprobado
32965831_NEG-400_2025-1_2025-04-04,32965831_NEG-400_2025-1,2025-04-04,7,Aprobado
33320861_IA-400_2025-1_2025-04-04,33320861_IA-400_2025-1,2025-04-04,5,Aprobado
44651662_NEG-400_2025-1_2025-04-04,44651662_NEG-400_2025-1,2025-04-04,5,Aprobado
43521267_DEV-101_2025-1_2025-04-04,43521267_DEV-101_2025-1,2025-04-04,10,Aprobado
38695540_GEN-101_2025-1_2025-04-04,38695540_GEN-101_2025-1,2025-04-04,4,Aprobado
39996815_IA-300_2025-1_2025-04-04,39996815_IA-300_2025-1,2025-04-04,2,Desaprobado
36617253_GEN-101_2025-1_2025-04-04,36617253_GEN-101_2025-1,2025-04-04,3,Desaprobado
47582243_IA-300_2025-1_2025-04-04,47582243_IA-300_2025-1,2025-04-04,5,Aprobado
45654702_MKT-200_2025-1_2025-04-04,45654702_MKT-200_2025-1,2025-04-04,4,Aprobado
47707678_IA-300_2025-1_2025-04-04,47707678_IA-300_2025-1,2025-04-04,4,Aprobado
34661132_DAT-101_2025-1_2025-04-04,34661132_DAT-101_2025-1,2025-04-04,1,Desaprobado
37095694_UX-100_2025-1_2025-04-04,37095694_UX-100_2025-1,2025-04-04,2,Desaprobado
36998955_GEN-101_2025-1_2025-04-05,36998955_GEN-101_2025-1,2025-04-05,7,Aprobado
40846299_GEN-101_2025-1_2025-04-05,40846299_GEN-101_2025-1,2025-04-05,3,Desaprobado
39475622_DAT-201_2025-1_2025-04-05,39475622_DAT-201_2025-1,2025-04-05,10,Aprobado
46281181_IA-300_2025-1_2025-04-05,46281181_IA-300_2025-1,2025-04-05,5,Aprobado
45654702_IA-400_2025-1_2025-04-05,45654702_IA-400_2025-1,2025-04-05,8,Aprobado
32451951_IA-300_2025-1_2025-04-05,32451951_IA-300_2025-1,2025-04-05,2,Desaprobado
34089245_IA-400_2025-1_2025-04-05,34089245_IA-400_2025-1,2025-04-05,5,Aprobado
33984071_MKT-200_2025-1_2025-04-05,33984071_MKT-200_2025-1,2025-04-05,8,Aprobado
43991288_MKT-200_2025-1_2025-04-05,43991288_MKT-200_2025-1,2025-04-05,7,Aprobado
40204911_MKT-200_2025-1_2025-04-05,40204911_MKT-200_2025-1,2025-04-05,4,Aprobado
33745990_GEN-101_2025-1_2025-04-05,33745990_GEN-101_2025-1,2025-04-05,4,Aprobado
39765048_DAT-201_2025-1_2025-04-05,39765048_DAT-201_2025-1,2025-04-05,7,Aprobado
30946573_MKT-200_2025-1_2025-04-05,30946573_MKT-200_2025-1,2025-04-05,6,Aprobado
44115122_MKT-200_2025-1_2025-04-05,44115122_MKT-200_2025-1,2025-04-05,10,Aprobado
35383408_IA-400_2025-1_2025-04-05,35383408_IA-400_2025-1,2025-04-05,7,Aprobado
46155741_NEG-400_2025-1_2025-04-05,46155741_NEG-400_2025-1,2025-04-05,4,Aprobado
37039481_DEV-101_2025-1_2025-04-05,37039481_DEV-101_2025-1,2025-04-05,3,Desaprobado
32986537_DAT-101_2025-1_2025-04-05,32986537_DAT-101_2025-1,2025-04-05,3,Desaprobado
34316765_GEN-101_2025-1_2025-04-05,34316765_GEN-101_2025-1,2025-04-05,2,Desaprobado
39006974_UX-100_2025-1_2025-04-05,39006974_UX-100_2025-1,2025-04-05,4,Aprobado
34696467_IA-300_2025-1_2025-04-06,34696467_IA-300_2025-1,2025-04-06,1,Desaprobado
33582066_DAT-101_2025-1_2025-04-06,33582066_DAT-101_2025-1,2025-04-06,9,Aprobado
30268860_DEV-101_2025-1_2025-04-06,30268860_DEV-101_2025-1,2025-04-06,9,Aprobado
40175984_UX-100_2025-1_2025-04-06,40175984_UX-100_2025-1,2025-04-06,4,Aprobado
32441127_NEG-400_2025-1_2025-04-06,32441127_NEG-400_2025-1,2025-04-06,9,Aprobado
41016204_DAT-201_2025-1_2025-04-06,41016204_DAT-201_2025-1,2025-04-06,10,Aprobado
46762093_DAT-305_2025-1_2025-04-06,46762093_DAT-305_2025-1,2025-04-06,2,Desaprobado
34288472_DAT-201_2025-1_2025-04-06,34288472_DAT-201_2025-1,2025-04-06,2,Desaprobado
45820009_DEV-101_2025-1_2025-04-06,45820009_DEV-101_2025-1,2025-04-06,1,Desaprobado
32100445_DAT-305_2025-1_2025-04-06,32100445_DAT-305_2025-1,2025-04-06,2,Desaprobado
47733210_DAT-201_2025-1_2025-04-06,47733210_DAT-201_2025-1,2025-04-06,3,Desaprobado
45459710_IA-300_2025-1_2025-04-06,45459710_IA-300_2025-1,2025-04-06,7,Aprobado
31261719_DEV-101_2025-1_2025-04-06,31261719_DEV-101_2025-1,2025-04-06,8,Aprobado
40774819_DAT-101_2025-1_2025-04-06,40774819_DAT-101_2025-1,2025-04-06,7,Aprobado
46992814_IA-300_2025-1_2025-04-06,46992814_IA-300_2025-1,2025-04-06,4,Aprobado
35930527_NEG-400_2025-1_2025-04-06,35930527_NEG-400_2025-1,2025-04-06,4,Aprobado
32860968_UX-100_2025-1_2025-04-06,32860968_UX-100_2025-1,2025-04-06,3,Desaprobado
47214050_GEN-101_2025-1_2025-04-06,47214050_GEN-101_2025-1,2025-04-06,1,Desaprobado
32098690_IA-300_2025-1_2025-04-06,32098690_IA-300_2025-1,2025-04-06,7,Aprobado
35199789_NEG-400_2025-1_2025-04-06,35199789_NEG-400_2025-1,2025-04-06,3,Desaprobado
40998609_DEV-101_2025-1_2025-04-07,40998609_DEV-101_2025-1,2025-04-07,6,Aprobado
40358538_IA-300_2025-1_2025-04-07,40358538_IA-300_2025-1,2025-04-07,10,Aprobado
30520054_MKT-200_2025-1_2025-04-07,30520054_MKT-200_2025-1,2025-04-07,10,Aprobado
39335040_IA-300_2025-1_2025-04-07,39335040_IA-300_2025-1,2025-04-07,5,Aprobado
35077928_GEN-101_2025-1_2025-04-07,35077928_GEN-101_2025-1,2025-04-07,6,Aprobado
47162613_DAT-305_2025-1_2025-04-07,47162613_DAT-305_2025-1,2025-04-07,6,Aprobado
36971688_UX-100_2025-1_2025-04-07,36971688_UX-100_2025-1,2025-04-07,4,Aprobado
43162851_UX-100_2025-1_2025-04-07,43162851_UX-100_2025-1,2025-04-07,3,Desaprobado
44702371_DAT-201_2025-1_2025-04-07,44702371_DAT-201_2025-1,2025-04-07,9,Aprobado
41273545_DEV-101_2025-1_2025-04-07,41273545_DEV-101_2025-1,2025-04-07,1,Desaprobado
31471846_NEG-400_2025-1_2025-04-07,31471846_NEG-400_2025-1,2025-04-07,1,Desaprobado
30268860_DEV-101_2025-1_2025-04-07,30268860_DEV-101_2025-1,2025-04-07,1,Desaprobado
44998271_NEG-400_2025-1_2025-04-07,44998271_NEG-400_2025-1,2025-04-07,9,Aprobado
32839404_NEG-400_2025-1_2025-04-07,32839404_NEG-400_2025-1,2025-04-07,5,Aprobado
36974458_UX-100_2025-1_2025-04-07,36974458_UX-100_2025-1,2025-04-07,6,Aprobado
37392794_NEG-400_2025-1_2025-04-07,37392794_NEG-400_2025-1,2025-04-07,2,Desaprobado
40661993_MKT-200_2025-1_2025-04-07,40661993_MKT-200_2025-1,2025-04-07,8,Aprobado
34343190_IA-300_2025-1_2025-04-07,34343190_IA-300_2025-1,2025-04-07,9,Aprobado
45820009_DAT-305_2025-1_2025-04-07,45820009_DAT-305_2025-1,2025-04-07,5,Aprobado
33714793_IA-400_2025-1_2025-04-07,33714793_IA-400_2025-1,2025-04-07,9,Aprobado
45309663_DEV-101_2025-1_2025-04-07,45309663_DEV-101_2025-1,2025-04-07,5,Aprobado
43832291_DEV-101_2025-1_2025-04-07,43832291_DEV-101_2025-1,2025-04-07,10,Aprobado
44229724_NEG-400_2025-1_2025-04-08,44229724_NEG-400_2025-1,2025-04-08,5,Aprobado
47517294_NEG-400_2025-1_2025-04-08,47517294_NEG-400_2025-1,2025-04-08,6,Aprobado
33614240_GEN-101_2025-1_2025-04-08,33614240_GEN-101_2025-1,2025-04-08,4,Aprobado
47399378_NEG-400_2025-1_2025-04-08,47399378_NEG-400_2025-1,2025-04-08,7,Aprobado
33895965_MKT-200_2025-1_2025-04-08,33895965_MKT-200_2025-1,2025-04-08,5,Aprobado
34627342_IA-300_2025-1_2025-04-08,34627342_IA-300_2025-1,2025-04-08,6,Aprobado
36028849_NEG-400_2025-1_2025-04-08,36028849_NEG-400_2025-1,2025-04-08,7,Aprobado
34057124_UX-100_2025-1_2025-04-08,34057124_UX-100_2025-1,2025-04-08,6,Aprobado
35580984_DEV-101_2025-1_2025-04-08,35580984_DEV-101_2025-1,2025-04-08,1,Desaprobado
37672436_DEV-101_2025-1_2025-04-08,37672436_DEV-101_2025-1,2025-04-08,5,Aprobado
40597857_DAT-201_2025-1_2025-04-08,40597857_DAT-201_2025-1,2025-04-08,1,Desaprobado
45563814_DAT-305_2025-1_2025-04-08,45563814_DAT-305_2025-1,2025-04-08,10,Aprobado
38070258_UX-100_2025-1_2025-04-08,38070258_UX-100_2025-1,2025-04-08,1,Desaprobado
36200569_IA-300_2025-1_2025-04-08,36200569_IA-300_2025-1,2025-04-08,4,Aprobado
45865176_IA-400_2025-1_2025-04-08,45865176_IA-400_2025-1,2025-04-08,2,Desaprobado
31324108_NEG-400_2025-1_2025-04-08,31324108_NEG-400_2025-1,2025-04-08,2,Desaprobado
40140970_IA-400_2025-1_2025-04-08,40140970_IA-400_2025-1,2025-04-08,7,Aprobado
37412229_UX-100_2025-1_2025-04-08,37412229_UX-100_2025-1,2025-04-08,10,Aprobado
33229738_NEG-400_2025-1_2025-04-09,33229738_NEG-400_2025-1,2025-04-09,7,Aprobado
37335497_NEG-400_2025-1_2025-04-09,37335497_NEG-400_2025-1,2025-04-09,5,Aprobado
30483176_DEV-101_2025-1_2025-04-09,30483176_DEV-101_2025-1,2025-04-09,2,Desaprobado
43416171_GEN-101_2025-1_2025-04-09,43416171_GEN-101_2025-1,2025-04-09,2,Desaprobado
39311402_IA-300_2025-1_2025-04-09,39311402_IA-300_2025-1,2025-04-09,3,Desaprobado
45663240_DAT-305_2025-1_2025-04-09,45663240_DAT-305_2025-1,2025-04-09,9,Aprobado
46762093_IA-400_2025-1_2025-04-09,46762093_IA-400_2025-1,2025-04-09,1,Desaprobado
39126892_DAT-201_2025-1_2025-04-09,39126892_DAT-201_2025-1,2025-04-09,2,Desaprobado
45820009_NEG-400_2025-1_2025-04-09,45820009_NEG-400_2025-1,2025-04-09,4,Aprobado
46762093_DAT-101_2025-1_2025-04-09,46762093_DAT-101_2025-1,2025-04-09,7,Aprobado
34933614_UX-100_2025-1_2025-04-09,34933614_UX-100_2025-1,2025-04-09,3,Desaprobado
30301798_DAT-101_2025-1_2025-04-09,30301798_DAT-101_2025-1,2025-04-09,10,Aprobado
32441127_UX-100_2025-1_2025-04-09,32441127_UX-100_2025-1,2025-04-09,7,Aprobado
40409948_IA-300_2025-1_2025-04-09,40409948_IA-300_2025-1,2025-04-09,1,Desaprobado
37370656_UX-100_2025-1_2025-04-09,37370656_UX-100_2025-1,2025-04-09,1,Desaprobado
41559534_DAT-305_2025-1_2025-04-09,41559534_DAT-305_2025-1,2025-04-09,5,Aprobado
44454123_NEG-400_2025-1_2025-04-09,44454123_NEG-400_2025-1,2025-04-09,3,Desaprobado
40014561_DAT-201_2025-1_2025-04-09,40014561_DAT-201_2025-1,2025-04-09,2,Desaprobado
36718901_NEG-400_2025-1_2025-04-09,36718901_NEG-400_2025-1,2025-04-09,2,Desaprobado
45589540_UX-100_2025-1_2025-04-09,45589540_UX-100_2025-1,2025-04-09,9,Aprobado
46170762_IA-400_2025-1_2025-04-09,46170762_IA-400_2025-1,2025-04-09,4,Aprobado
34108557_IA-400_2025-1_2025-04-09,34108557_IA-400_2025-1,2025-04-09,2,Desaprobado
47199649_IA-300_2025-1_2025-04-09,47199649_IA-300_2025-1,2025-04-09,3,Desaprobado
32776935_MKT-200_2025-1_2025-04-10,32776935_MKT-200_2025-1,2025-04-10,10,Aprobado
43507384_IA-400_2025-1_2025-04-10,43507384_IA-400_2025-1,2025-04-10,2,Desaprobado
43286289_DAT-305_2025-1_2025-04-10,43286289_DAT-305_2025-1,2025-04-10,8,Aprobado
35115152_DAT-101_2025-1_2025-04-10,35115152_DAT-101_2025-1,2025-04-10,9,Aprobado
37829833_NEG-400_2025-1_2025-04-10,37829833_NEG-400_2025-1,2025-04-10,1,Desaprobado
30958838_DAT-201_2025-1_2025-04-10,30958838_DAT-201_2025-1,2025-04-10,3,Desaprobado
43652049_MKT-200_2025-1_2025-04-10,43652049_MKT-200_2025-1,2025-04-10,4,Aprobado
35994686_MKT-200_2025-1_2025-04-10,35994686_MKT-200_2025-1,2025-04-10,5,Aprobado
40366603_NEG-400_2025-1_2025-04-10,40366603_NEG-400_2025-1,2025-04-10,9,Aprobado
45499218_DEV-101_2025-1_2025-04-10,45499218_DEV-101_2025-1,2025-04-10,1,Desaprobado
35476879_UX-100_2025-1_2025-04-10,35476879_UX-100_2025-1,2025-04-10,10,Aprobado
30713710_UX-100_2025-1_2025-04-10,30713710_UX-100_2025-1,2025-04-10,9,Aprobado
30382587_IA-300_2025-1_2025-04-10,30382587_IA-300_2025-1,2025-04-10,9,Aprobado
36304118_GEN-101_2025-1_2025-04-10,36304118_GEN-101_2025-1,2025-04-10,10,Aprobado
33596181_MKT-200_2025-1_2025-04-10,33596181_MKT-200_2025-1,2025-04-10,8,Aprobado
36992557_DEV-101_2025-1_2025-04-10,36992557_DEV-101_2025-1,2025-04-10,8,Aprobado
41234290_DAT-305_2025-1_2025-04-10,41234290_DAT-305_2025-1,2025-04-10,9,Aprobado
40099804_IA-400_2025-1_2025-04-10,40099804_IA-400_2025-1,2025-04-10,5,Aprobado
43991288_MKT-200_2025-1_2025-04-11,43991288_MKT-200_2025-1,2025-04-11,8,Aprobado
43714584_IA-300_2025-1_2025-04-11,43714584_IA-300_2025-1,2025-04-11,6,Aprobado
45544606_DAT-101_2025-1_2025-04-11,45544606_DAT-101_2025-1,2025-04-11,9,Aprobado
45890411_NEG-400_2025-1_2025-04-11,45890411_NEG-400_2025-1,2025-04-11,3,Desaprobado
41422321_MKT-200_2025-1_2025-04-11,41422321_MKT-200_2025-1,2025-04-11,2,Desaprobado
45186536_IA-300_2025-1_2025-04-11,45186536_IA-300_2025-1,2025-04-11,5,Aprobado
40423919_DAT-201_2025-1_2025-04-11,40423919_DAT-201_2025-1,2025-04-11,3,Desaprobado
43506692_DEV-101_2025-1_2025-04-11,43506692_DEV-101_2025-1,2025-04-11,4,Aprobado
47556368_NEG-400_2025-1_2025-04-11,47556368_NEG-400_2025-1,2025-04-11,4,Aprobado
46992814_DAT-201_2025-1_2025-04-11,46992814_DAT-201_2025-1,2025-04-11,1,Desaprobado
45256600_GEN-101_2025-1_2025-04-11,45256600_GEN-101_2025-1,2025-04-11,4,Aprobado
40950154_NEG-400_2025-1_2025-04-11,40950154_NEG-400_2025-1,2025-04-11,4,Aprobado
40904939_DAT-101_2025-1_2025-04-11,40904939_DAT-101_2025-1,2025-04-11,3,Desaprobado
31864701_GEN-101_2025-1_2025-04-11,31864701_GEN-101_2025-1,2025-04-11,7,Aprobado
35667236_IA-400_2025-1_2025-04-11,35667236_IA-400_2025-1,2025-04-11,1,Desaprobado
45474619_DAT-101_2025-1_2025-04-11,45474619_DAT-101_2025-1,2025-04-11,6,Aprobado
36742732_DAT-101_2025-1_2025-04-11,36742732_DAT-101_2025-1,2025-04-11,9,Aprobado
41627786_DAT-305_2025-1_2025-04-11,41627786_DAT-305_2025-1,2025-04-11,2,Desaprobado
33452954_GEN-101_2025-1_2025-04-11,33452954_GEN-101_2025-1,2025-04-11,8,Aprobado
39281798_DAT-305_2025-1_2025-04-11,39281798_DAT-305_2025-1,2025-04-11,2,Desaprobado
35509748_IA-400_2025-1_2025-04-11,35509748_IA-400_2025-1,2025-04-11,10,Aprobado
33914516_DAT-201_2025-1_2025-04-11,33914516_DAT-201_2025-1,2025-04-11,6,Aprobado
46653953_NEG-400_2025-1_2025-04-11,46653953_NEG-400_2025-1,2025-04-11,5,Aprobado
41001006_UX-100_2025-1_2025-04-11,41001006_UX-100_2025-1,2025-04-11,1,Desaprobado
37090862_UX-100_2025-1_2025-04-11,37090862_UX-100_2025-1,2025-04-11,6,Aprobado
41671067_DAT-101_2025-1_2025-04-12,41671067_DAT-101_2025-1,2025-04-12,4,Aprobado
40296795_MKT-200_2025-1_2025-04-12,40296795_MKT-200_2025-1,2025-04-12,1,Desaprobado
31425696_DAT-201_2025-1_2025-04-12,31425696_DAT-201_2025-1,2025-04-12,5,Aprobado
39297755_UX-100_2025-1_2025-04-12,39297755_UX-100_2025-1,2025-04-12,7,Aprobado
33596181_MKT-200_2025-1_2025-04-12,33596181_MKT-200_2025-1,2025-04-12,9,Aprobado
46329934_IA-300_2025-1_2025-04-12,46329934_IA-300_2025-1,2025-04-12,1,Desaprobado
32027618_UX-100_2025-1_2025-04-12,32027618_UX-100_2025-1,2025-04-12,4,Aprobado
39765048_NEG-400_2025-1_2025-04-12,39765048_NEG-400_2025-1,2025-04-12,2,Desaprobado
32100445_NEG-400_2025-1_2025-04-12,32100445_NEG-400_2025-1,2025-04-12,7,Aprobado
38017139_NEG-400_2025-1_2025-04-12,38017139_NEG-400_2025-1,2025-04-12,7,Aprobado
32171676_DAT-201_2025-1_2025-04-12,32171676_DAT-201_2025-1,2025-04-12,7,Aprobado
46828583_DEV-101_2025-1_2025-04-12,46828583_DEV-101_2025-1,2025-04-12,8,Aprobado
30294943_MKT-200_2025-1_2025-04-12,30294943_MKT-200_2025-1,2025-04-12,3,Desaprobado
30703214_GEN-101_2025-1_2025-04-12,30703214_GEN-101_2025-1,2025-04-12,8,Aprobado
32100445_DAT-305_2025-1_2025-04-12,32100445_DAT-305_2025-1,2025-04-12,10,Aprobado
31206140_GEN-101_2025-1_2025-04-12,31206140_GEN-101_2025-1,2025-04-12,4,Aprobado
34130787_UX-100_2025-1_2025-04-12,34130787_UX-100_2025-1,2025-04-12,2,Desaprobado
30301798_IA-400_2025-1_2025-04-13,30301798_IA-400_2025-1,2025-04-13,7,Aprobado
38964128_DAT-201_2025-1_2025-04-13,38964128_DAT-201_2025-1,2025-04-13,5,Aprobado
36156003_UX-100_2025-1_2025-04-13,36156003_UX-100_2025-1,2025-04-13,8,Aprobado
47122979_DAT-201_2025-1_2025-04-13,47122979_DAT-201_2025-1,2025-04-13,3,Desaprobado
44284431_DAT-101_2025-1_2025-04-13,44284431_DAT-101_2025-1,2025-04-13,7,Aprobado
39480865_DEV-101_2025-1_2025-04-13,39480865_DEV-101_2025-1,2025-04-13,3,Desaprobado
34883029_UX-100_2025-1_2025-04-13,34883029_UX-100_2025-1,2025-04-13,9,Aprobado
46398361_DAT-201_2025-1_2025-04-13,46398361_DAT-201_2025-1,2025-04-13,1,Desaprobado
31531992_DAT-201_2025-1_2025-04-13,31531992_DAT-201_2025-1,2025-04-13,3,Desaprobado
38313159_UX-100_2025-1_2025-04-13,38313159_UX-100_2025-1,2025-04-13,8,Aprobado
41994956_NEG-400_2025-1_2025-04-13,41994956_NEG-400_2025-1,2025-04-13,8,Aprobado
43889224_DAT-305_2025-1_2025-04-13,43889224_DAT-305_2025-1,2025-04-13,3,Desaprobado
32839194_NEG-400_2025-1_2025-04-14,32839194_NEG-400_2025-1,2025-04-14,5,Aprobado
31615043_MKT-200_2025-1_2025-04-14,31615043_MKT-200_2025-1,2025-04-14,7,Aprobado
43492230_DAT-305_2025-1_2025-04-14,43492230_DAT-305_2025-1,2025-04-14,3,Desaprobado
43721576_UX-100_2025-1_2025-04-14,43721576_UX-100_2025-1,2025-04-14,3,Desaprobado
30703214_NEG-400_2025-1_2025-04-14,30703214_NEG-400_2025-1,2025-04-14,4,Aprobado
47582243_DEV-101_2025-1_2025-04-14,47582243_DEV-101_2025-1,2025-04-14,4,Aprobado
41641503_IA-300_2025-1_2025-04-14,41641503_IA-300_2025-1,2025-04-14,8,Aprobado
35147199_DAT-201_2025-1_2025-04-14,35147199_DAT-201_2025-1,2025-04-14,3,Desaprobado
43542829_DAT-101_2025-1_2025-04-14,43542829_DAT-101_2025-1,2025-04-14,10,Aprobado
35667236_DEV-101_2025-1_2025-04-14,35667236_DEV-101_2025-1,2025-04-14,8,Aprobado
37106276_IA-300_2025-1_2025-04-14,37106276_IA-300_2025-1,2025-04-14,6,Aprobado
32805911_DEV-101_2025-1_2025-04-14,32805911_DEV-101_2025-1,2025-04-14,5,Aprobado
38002503_DAT-305_2025-1_2025-04-14,38002503_DAT-305_2025-1,2025-04-14,1,Desaprobado
36065546_DAT-201_2025-1_2025-04-14,36065546_DAT-201_2025-1,2025-04-14,4,Aprobado
43871938_IA-400_2025-1_2025-04-14,43871938_IA-400_2025-1,2025-04-14,8,Aprobado
35450908_IA-300_2025-1_2025-04-14,35450908_IA-300_2025-1,2025-04-14,4,Aprobado
34577564_UX-100_2025-1_2025-04-14,34577564_UX-100_2025-1,2025-04-14,6,Aprobado
32119317_DAT-305_2025-1_2025-04-14,32119317_DAT-305_2025-1,2025-04-14,8,Aprobado
31278420_NEG-400_2025-1_2025-04-14,31278420_NEG-400_2025-1,2025-04-14,1,Desaprobado
46356164_DEV-101_2025-1_2025-04-14,46356164_DEV-101_2025-1,2025-04-14,8,Aprobado
33520372_DAT-305_2025-1_2025-04-14,33520372_DAT-305_2025-1,2025-04-14,10,Aprobado
43941263_DAT-305_2025-1_2025-04-15,43941263_DAT-305_2025-1,2025-04-15,8,Aprobado
38780853_NEG-400_2025-1_2025-04-15,38780853_NEG-400_2025-1,2025-04-15,5,Aprobado
45694620_GEN-101_2025-1_2025-04-15,45694620_GEN-101_2025-1,2025-04-15,5,Aprobado
44101321_NEG-400_2025-1_2025-04-15,44101321_NEG-400_2025-1,2025-04-15,7,Aprobado
37370656_DAT-305_2025-1_2025-04-15,37370656_DAT-305_2025-1,2025-04-15,7,Aprobado
41833461_IA-400_2025-1_2025-04-15,41833461_IA-400_2025-1,2025-04-15,3,Desaprobado
47199649_DEV-101_2025-1_2025-04-15,47199649_DEV-101_2025-1,2025-04-15,7,Aprobado
38310176_NEG-400_2025-1_2025-04-15,38310176_NEG-400_2025-1,2025-04-15,9,Aprobado
44521729_UX-100_2025-1_2025-04-15,44521729_UX-100_2025-1,2025-04-15,10,Aprobado
44197978_UX-100_2025-1_2025-04-15,44197978_UX-100_2025-1,2025-04-15,3,Desaprobado
33276302_GEN-101_2025-1_2025-04-15,33276302_GEN-101_2025-1,2025-04-15,1,Desaprobado
44376034_GEN-101_2025-1_2025-04-15,44376034_GEN-101_2025-1,2025-04-15,9,Aprobado
40311533_GEN-101_2025-1_2025-04-15,40311533_GEN-101_2025-1,2025-04-15,6,Aprobado
47233498_DEV-101_2025-1_2025-04-15,47233498_DEV-101_2025-1,2025-04-15,5,Aprobado
31110381_DAT-305_2025-1_2025-04-15,31110381_DAT-305_2025-1,2025-04-15,9,Aprobado
46225626_MKT-200_2025-1_2025-04-15,46225626_MKT-200_2025-1,2025-04-15,2,Desaprobado
44049715_DAT-305_2025-1_2025-04-15,44049715_DAT-305_2025-1,2025-04-15,8,Aprobado
45315237_DAT-101_2025-1_2025-04-15,45315237_DAT-101_2025-1,2025-04-15,3,Desaprobado
39623347_IA-300_2025-1_2025-04-15,39623347_IA-300_2025-1,2025-04-15,3,Desaprobado
34089245_NEG-400_2025-1_2025-04-15,34089245_NEG-400_2025-1,2025-04-15,2,Desaprobado
47733210_DAT-305_2025-1_2025-04-15,47733210_DAT-305_2025-1,2025-04-15,3,Desaprobado
37907386_NEG-400_2025-1_2025-04-15,37907386_NEG-400_2025-1,2025-04-15,4,Aprobado
35294128_IA-300_2025-1_2025-04-15,35294128_IA-300_2025-1,2025-04-15,4,Aprobado
40253163_DAT-101_2025-1_2025-04-15,40253163_DAT-101_2025-1,2025-04-15,1,Desaprobado
31349203_DAT-101_2025-1_2025-04-15,31349203_DAT-101_2025-1,2025-04-15,6,Aprobado
31221480_UX-100_2025-1_2025-04-16,31221480_UX-100_2025-1,2025-04-16,10,Aprobado
39396593_DAT-201_2025-1_2025-04-16,39396593_DAT-201_2025-1,2025-04-16,10,Aprobado
34814097_IA-400_2025-1_2025-04-16,34814097_IA-400_2025-1,2025-04-16,10,Aprobado
32441127_DAT-101_2025-1_2025-04-16,32441127_DAT-101_2025-1,2025-04-16,7,Aprobado
31221480_DAT-305_2025-1_2025-04-16,31221480_DAT-305_2025-1,2025-04-16,2,Desaprobado
40745106_DAT-101_2025-1_2025-04-16,40745106_DAT-101_2025-1,2025-04-16,3,Desaprobado
43055426_DAT-101_2025-1_2025-04-16,43055426_DAT-101_2025-1,2025-04-16,10,Aprobado
39407484_IA-400_2025-1_2025-04-16,39407484_IA-400_2025-1,2025-04-16,4,Aprobado
35532629_DAT-101_2025-1_2025-04-16,35532629_DAT-101_2025-1,2025-04-16,9,Aprobado
37098062_DAT-101_2025-1_2025-04-16,37098062_DAT-101_2025-1,2025-04-16,9,Aprobado
45499218_DAT-201_2025-1_2025-04-16,45499218_DAT-201_2025-1,2025-04-16,6,Aprobado
47517294_GEN-101_2025-1_2025-04-16,47517294_GEN-101_2025-1,2025-04-16,4,Aprobado
46410216_NEG-400_2025-1_2025-04-16,46410216_NEG-400_2025-1,2025-04-16,9,Aprobado
32860968_DAT-201_2025-1_2025-04-16,32860968_DAT-201_2025-1,2025-04-16,1,Desaprobado
36600824_DAT-201_2025-1_2025-04-16,36600824_DAT-201_2025-1,2025-04-16,1,Desaprobado
44811354_DAT-101_2025-1_2025-04-16,44811354_DAT-101_2025-1,2025-04-16,7,Aprobado
38275238_DEV-101_2025-1_2025-04-16,38275238_DEV-101_2025-1,2025-04-16,3,Desaprobado
36858459_DAT-305_2025-1_2025-04-16,36858459_DAT-305_2025-1,2025-04-16,3,Desaprobado
36882138_UX-100_2025-1_2025-04-16,36882138_UX-100_2025-1,2025-04-16,7,Aprobado
47582243_DAT-201_2025-1_2025-04-17,47582243_DAT-201_2025-1,2025-04-17,8,Aprobado
32201924_MKT-200_2025-1_2025-04-17,32201924_MKT-200_2025-1,2025-04-17,4,Aprobado
34508579_GEN-101_2025-1_2025-04-17,34508579_GEN-101_2025-1,2025-04-17,1,Desaprobado
39335040_MKT-200_2025-1_2025-04-17,39335040_MKT-200_2025-1,2025-04-17,10,Aprobado
36092237_MKT-200_2025-1_2025-04-17,36092237_MKT-200_2025-1,2025-04-17,10,Aprobado
36659434_MKT-200_2025-1_2025-04-17,36659434_MKT-200_2025-1,2025-04-17,4,Aprobado
37151523_MKT-200_2025-1_2025-04-17,37151523_MKT-200_2025-1,2025-04-17,1,Desaprobado
30781172_IA-300_2025-1_2025-04-17,30781172_IA-300_2025-1,2025-04-17,2,Desaprobado
39195104_GEN-101_2025-1_2025-04-17,39195104_GEN-101_2025-1,2025-04-17,8,Aprobado
43671566_DEV-101_2025-1_2025-04-17,43671566_DEV-101_2025-1,2025-04-17,2,Desaprobado
47517294_NEG-400_2025-1_2025-04-17,47517294_NEG-400_2025-1,2025-04-17,6,Aprobado
44911255_DAT-201_2025-1_2025-04-17,44911255_DAT-201_2025-1,2025-04-17,1,Desaprobado
46270211_DAT-305_2025-1_2025-04-17,46270211_DAT-305_2025-1,2025-04-17,10,Aprobado
44443284_NEG-400_2025-1_2025-04-17,44443284_NEG-400_2025-1,2025-04-17,3,Desaprobado
44407218_IA-400_2025-1_2025-04-17,44407218_IA-400_2025-1,2025-04-17,1,Desaprobado
37952540_DEV-101_2025-1_2025-04-17,37952540_DEV-101_2025-1,2025-04-17,3,Desaprobado
43286289_DAT-201_2025-1_2025-04-17,43286289_DAT-201_2025-1,2025-04-17,7,Aprobado
44878225_DAT-101_2025-1_2025-04-17,44878225_DAT-101_2025-1,2025-04-17,6,Aprobado
41532385_UX-100_2025-1_2025-04-17,41532385_UX-100_2025-1,2025-04-17,5,Aprobado
37880219_DEV-101_2025-1_2025-04-17,37880219_DEV-101_2025-1,2025-04-17,10,Aprobado
30523625_DAT-101_2025-1_2025-04-17,30523625_DAT-101_2025-1,2025-04-17,4,Aprobado
34764302_DAT-305_2025-1_2025-04-18,34764302_DAT-305_2025-1,2025-04-18,5,Aprobado
45759579_DAT-305_2025-1_2025-04-18,45759579_DAT-305_2025-1,2025-04-18,7,Aprobado
41818271_DAT-101_2025-1_2025-04-18,41818271_DAT-101_2025-1,2025-04-18,10,Aprobado
43647497_NEG-400_2025-1_2025-04-18,43647497_NEG-400_2025-1,2025-04-18,5,Aprobado
37381074_IA-300_2025-1_2025-04-18,37381074_IA-300_2025-1,2025-04-18,3,Desaprobado
30781172_DAT-305_2025-1_2025-04-18,30781172_DAT-305_2025-1,2025-04-18,1,Desaprobado
41671067_DAT-305_2025-1_2025-04-18,41671067_DAT-305_2025-1,2025-04-18,4,Aprobado
32108581_DAT-305_2025-1_2025-04-18,32108581_DAT-305_2025-1,2025-04-18,5,Aprobado
47197652_IA-300_2025-1_2025-04-18,47197652_IA-300_2025-1,2025-04-18,4,Aprobado
46372785_MKT-200_2025-1_2025-04-18,46372785_MKT-200_2025-1,2025-04-18,10,Aprobado
47022459_UX-100_2025-1_2025-04-18,47022459_UX-100_2025-1,2025-04-18,8,Aprobado
31136038_DAT-201_2025-1_2025-04-18,31136038_DAT-201_2025-1,2025-04-18,5,Aprobado
35425422_UX-100_2025-1_2025-04-18,35425422_UX-100_2025-1,2025-04-18,1,Desaprobado
39231072_UX-100_2025-1_2025-04-18,39231072_UX-100_2025-1,2025-04-18,5,Aprobado
32101106_IA-300_2025-1_2025-04-18,32101106_IA-300_2025-1,2025-04-18,10,Aprobado
32318137_DAT-201_2025-1_2025-04-19,32318137_DAT-201_2025-1,2025-04-19,10,Aprobado
43690930_GEN-101_2025-1_2025-04-19,43690930_GEN-101_2025-1,2025-04-19,10,Aprobado
44998271_IA-300_2025-1_2025-04-19,44998271_IA-300_2025-1,2025-04-19,7,Aprobado
39416795_GEN-101_2025-1_2025-04-19,39416795_GEN-101_2025-1,2025-04-19,1,Desaprobado
33381581_GEN-101_2025-1_2025-04-19,33381581_GEN-101_2025-1,2025-04-19,7,Aprobado
31360651_DAT-101_2025-1_2025-04-19,31360651_DAT-101_2025-1,2025-04-19,5,Aprobado
32986537_IA-300_2025-1_2025-04-19,32986537_IA-300_2025-1,2025-04-19,2,Desaprobado
38181190_DAT-101_2025-1_2025-04-19,38181190_DAT-101_2025-1,2025-04-19,5,Aprobado
30800017_IA-300_2025-1_2025-04-19,30800017_IA-300_2025-1,2025-04-19,1,Desaprobado
46137809_GEN-101_2025-1_2025-04-19,46137809_GEN-101_2025-1,2025-04-19,4,Aprobado
39480865_IA-400_2025-1_2025-04-19,39480865_IA-400_2025-1,2025-04-19,1,Desaprobado
39311402_IA-300_2025-1_2025-04-19,39311402_IA-300_2025-1,2025-04-19,1,Desaprobado
43941263_IA-400_2025-1_2025-04-19,43941263_IA-400_2025-1,2025-04-19,4,Aprobado
39046561_DAT-305_2025-1_2025-04-19,39046561_DAT-305_2025-1,2025-04-19,1,Desaprobado
36443537_MKT-200_2025-1_2025-04-19,36443537_MKT-200_2025-1,2025-04-19,2,Desaprobado
45694620_NEG-400_2025-1_2025-04-19,45694620_NEG-400_2025-1,2025-04-19,6,Aprobado
32028866_GEN-101_2025-1_2025-04-19,32028866_GEN-101_2025-1,2025-04-19,3,Desaprobado
46556662_UX-100_2025-1_2025-04-19,46556662_UX-100_2025-1,2025-04-19,6,Aprobado
39145092_NEG-400_2025-1_2025-04-19,39145092_NEG-400_2025-1,2025-04-19,3,Desaprobado
44830567_DEV-101_2025-1_2025-04-19,44830567_DEV-101_2025-1,2025-04-19,8,Aprobado
36780964_NEG-400_2025-1_2025-04-19,36780964_NEG-400_2025-1,2025-04-19,9,Aprobado
44986230_MKT-200_2025-1_2025-04-19,44986230_MKT-200_2025-1,2025-04-19,1,Desaprobado
45482430_NEG-400_2025-1_2025-04-19,45482430_NEG-400_2025-1,2025-04-19,4,Aprobado
30344498_MKT-200_2025-1_2025-04-19,30344498_MKT-200_2025-1,2025-04-19,3,Desaprobado
46706919_UX-100_2025-1_2025-04-19,46706919_UX-100_2025-1,2025-04-19,8,Aprobado
36480390_DEV-101_2025-1_2025-04-20,36480390_DEV-101_2025-1,2025-04-20,6,Aprobado
32966903_DAT-305_2025-1_2025-04-20,32966903_DAT-305_2025-1,2025-04-20,9,Aprobado
38902809_UX-100_2025-1_2025-04-20,38902809_UX-100_2025-1,2025-04-20,5,Aprobado
44221505_DAT-305_2025-1_2025-04-20,44221505_DAT-305_2025-1,2025-04-20,6,Aprobado
32027618_DAT-305_2025-1_2025-04-20,32027618_DAT-305_2025-1,2025-04-20,10,Aprobado
46572742_DEV-101_2025-1_2025-04-20,46572742_DEV-101_2025-1,2025-04-20,7,Aprobado
37907386_DAT-305_2025-1_2025-04-20,37907386_DAT-305_2025-1,2025-04-20,8,Aprobado
43249808_NEG-400_2025-1_2025-04-20,43249808_NEG-400_2025-1,2025-04-20,10,Aprobado
38693211_DAT-201_2025-1_2025-04-20,38693211_DAT-201_2025-1,2025-04-20,1,Desaprobado
41051648_MKT-200_2025-1_2025-04-20,41051648_MKT-200_2025-1,2025-04-20,9,Aprobado
41398180_DAT-101_2025-1_2025-04-20,41398180_DAT-101_2025-1,2025-04-20,7,Aprobado
36594251_IA-400_2025-1_2025-04-20,36594251_IA-400_2025-1,2025-04-20,1,Desaprobado
35563087_MKT-200_2025-1_2025-04-20,35563087_MKT-200_2025-1,2025-04-20,5,Aprobado
47199649_DAT-201_2025-1_2025-04-20,47199649_DAT-201_2025-1,2025-04-20,8,Aprobado
39265874_NEG-400_2025-1_2025-04-20,39265874_NEG-400_2025-1,2025-04-20,8,Aprobado
43267084_GEN-101_2025-1_2025-04-20,43267084_GEN-101_2025-1,2025-04-20,9,Aprobado
47416283_DAT-101_2025-1_2025-04-20,47416283_DAT-101_2025-1,2025-04-20,6,Aprobado
36858459_IA-300_2025-1_2025-04-21,36858459_IA-300_2025-1,2025-04-21,1,Desaprobado
45351925_DAT-305_2025-1_2025-04-21,45351925_DAT-305_2025-1,2025-04-21,8,Aprobado
37725025_DAT-101_2025-1_2025-04-21,37725025_DAT-101_2025-1,2025-04-21,3,Desaprobado
37774603_GEN-101_2025-1_2025-04-21,37774603_GEN-101_2025-1,2025-04-21,1,Desaprobado
43744263_MKT-200_2025-1_2025-04-21,43744263_MKT-200_2025-1,2025-04-21,7,Aprobado
44811661_UX-100_2025-1_2025-04-21,44811661_UX-100_2025-1,2025-04-21,1,Desaprobado
36858459_NEG-400_2025-1_2025-04-21,36858459_NEG-400_2025-1,2025-04-21,7,Aprobado
37013243_DAT-305_2025-1_2025-04-21,37013243_DAT-305_2025-1,2025-04-21,4,Aprobado
44216431_MKT-200_2025-1_2025-04-21,44216431_MKT-200_2025-1,2025-04-21,3,Desaprobado
46647366_IA-400_2025-1_2025-04-21,46647366_IA-400_2025-1,2025-04-21,10,Aprobado
45679679_DAT-201_2025-1_2025-04-21,45679679_DAT-201_2025-1,2025-04-21,8,Aprobado
45417606_MKT-200_2025-1_2025-04-21,45417606_MKT-200_2025-1,2025-04-21,8,Aprobado
39160706_GEN-101_2025-1_2025-04-22,39160706_GEN-101_2025-1,2025-04-22,5,Aprobado
35722006_IA-300_2025-1_2025-04-22,35722006_IA-300_2025-1,2025-04-22,3,Desaprobado
31332769_DAT-305_2025-1_2025-04-22,31332769_DAT-305_2025-1,2025-04-22,1,Desaprobado
41314648_IA-400_2025-1_2025-04-22,41314648_IA-400_2025-1,2025-04-22,9,Aprobado
32119317_UX-100_2025-1_2025-04-22,32119317_UX-100_2025-1,2025-04-22,1,Desaprobado
36617253_DEV-101_2025-1_2025-04-22,36617253_DEV-101_2025-1,2025-04-22,9,Aprobado
30958838_IA-300_2025-1_2025-04-22,30958838_IA-300_2025-1,2025-04-22,8,Aprobado
37763133_DEV-101_2025-1_2025-04-22,37763133_DEV-101_2025-1,2025-04-22,5,Aprobado
44724307_DAT-101_2025-1_2025-04-22,44724307_DAT-101_2025-1,2025-04-22,6,Aprobado
46069202_NEG-400_2025-1_2025-04-22,46069202_NEG-400_2025-1,2025-04-22,3,Desaprobado
31786305_NEG-400_2025-1_2025-04-22,31786305_NEG-400_2025-1,2025-04-22,9,Aprobado
45890411_DAT-305_2025-1_2025-04-22,45890411_DAT-305_2025-1,2025-04-22,4,Aprobado
43342517_MKT-200_2025-1_2025-04-22,43342517_MKT-200_2025-1,2025-04-22,1,Desaprobado
40904939_MKT-200_2025-1_2025-04-22,40904939_MKT-200_2025-1,2025-04-22,7,Aprobado
39733145_IA-400_2025-1_2025-04-22,39733145_IA-400_2025-1,2025-04-22,2,Desaprobado
32889452_MKT-200_2025-1_2025-04-22,32889452_MKT-200_2025-1,2025-04-22,9,Aprobado
39908813_IA-300_2025-1_2025-04-22,39908813_IA-300_2025-1,2025-04-22,6,Aprobado
36421707_UX-100_2025-1_2025-04-22,36421707_UX-100_2025-1,2025-04-22,7,Aprobado
43671566_NEG-400_2025-1_2025-04-22,43671566_NEG-400_2025-1,2025-04-22,6,Aprobado
43827991_DEV-101_2025-1_2025-04-22,43827991_DEV-101_2025-1,2025-04-22,8,Aprobado
37561794_UX-100_2025-1_2025-04-22,37561794_UX-100_2025-1,2025-04-22,10,Aprobado
37606348_DAT-305_2025-1_2025-04-23,37606348_DAT-305_2025-1,2025-04-23,8,Aprobado
31510273_DEV-101_2025-1_2025-04-23,31510273_DEV-101_2025-1,2025-04-23,9,Aprobado
33745990_DAT-201_2025-1_2025-04-23,33745990_DAT-201_2025-1,2025-04-23,8,Aprobado
43055426_DAT-101_2025-1_2025-04-23,43055426_DAT-101_2025-1,2025-04-23,8,Aprobado
31992185_MKT-200_2025-1_2025-04-23,31992185_MKT-200_2025-1,2025-04-23,7,Aprobado
37059839_GEN-101_2025-1_2025-04-23,37059839_GEN-101_2025-1,2025-04-23,4,Aprobado
37606348_IA-400_2025-1_2025-04-23,37606348_IA-400_2025-1,2025-04-23,7,Aprobado
44305990_DAT-201_2025-1_2025-04-23,44305990_DAT-201_2025-1,2025-04-23,9,Aprobado
38070258_UX-100_2025-1_2025-04-23,38070258_UX-100_2025-1,2025-04-23,9,Aprobado
31445923_IA-300_2025-1_2025-04-23,31445923_IA-300_2025-1,2025-04-23,7,Aprobado
39311402_IA-300_2025-1_2025-04-23,39311402_IA-300_2025-1,2025-04-23,1,Desaprobado
34353357_DEV-101_2025-1_2025-04-23,34353357_DEV-101_2025-1,2025-04-23,5,Aprobado
33247551_GEN-101_2025-1_2025-04-23,33247551_GEN-101_2025-1,2025-04-23,8,Aprobado
30973506_IA-400_2025-1_2025-04-23,30973506_IA-400_2025-1,2025-04-23,7,Aprobado
37059839_MKT-200_2025-1_2025-04-23,37059839_MKT-200_2025-1,2025-04-23,1,Desaprobado
30703214_UX-100_2025-1_2025-04-24,30703214_UX-100_2025-1,2025-04-24,4,Aprobado
44419143_IA-400_2025-1_2025-04-24,44419143_IA-400_2025-1,2025-04-24,7,Aprobado
46952948_DAT-305_2025-1_2025-04-24,46952948_DAT-305_2025-1,2025-04-24,5,Aprobado
43267084_MKT-200_2025-1_2025-04-24,43267084_MKT-200_2025-1,2025-04-24,4,Aprobado
45488677_GEN-101_2025-1_2025-04-24,45488677_GEN-101_2025-1,2025-04-24,8,Aprobado
45256600_MKT-200_2025-1_2025-04-24,45256600_MKT-200_2025-1,2025-04-24,9,Aprobado
37171122_MKT-200_2025-1_2025-04-24,37171122_MKT-200_2025-1,2025-04-24,6,Aprobado
37351522_DEV-101_2025-1_2025-04-24,37351522_DEV-101_2025-1,2025-04-24,9,Aprobado
40201800_DAT-101_2025-1_2025-04-24,40201800_DAT-101_2025-1,2025-04-24,6,Aprobado
44640011_DAT-101_2025-1_2025-04-24,44640011_DAT-101_2025-1,2025-04-24,4,Aprobado
46170762_DAT-201_2025-1_2025-04-24,46170762_DAT-201_2025-1,2025-04-24,9,Aprobado
38671585_DAT-305_2025-1_2025-04-24,38671585_DAT-305_2025-1,2025-04-24,10,Aprobado
38695540_DAT-101_2025-1_2025-04-24,38695540_DAT-101_2025-1,2025-04-24,7,Aprobado
30973506_NEG-400_2025-1_2025-04-24,30973506_NEG-400_2025-1,2025-04-24,8,Aprobado
40176154_GEN-101_2025-1_2025-04-24,40176154_GEN-101_2025-1,2025-04-24,1,Desaprobado
41950319_IA-400_2025-1_2025-04-24,41950319_IA-400_2025-1,2025-04-24,7,Aprobado
31332769_UX-100_2025-1_2025-04-24,31332769_UX-100_2025-1,2025-04-24,2,Desaprobado
46669980_DAT-201_2025-1_2025-04-24,46669980_DAT-201_2025-1,2025-04-24,5,Aprobado
39068971_GEN-101_2025-1_2025-04-25,39068971_GEN-101_2025-1,2025-04-25,6,Aprobado
43549346_DAT-201_2025-1_2025-04-25,43549346_DAT-201_2025-1,2025-04-25,8,Aprobado
30356437_DAT-201_2025-1_2025-04-25,30356437_DAT-201_2025-1,2025-04-25,1,Desaprobado
34919210_UX-100_2025-1_2025-04-25,34919210_UX-100_2025-1,2025-04-25,7,Aprobado
46210812_IA-400_2025-1_2025-04-25,46210812_IA-400_2025-1,2025-04-25,2,Desaprobado
45841815_DEV-101_2025-1_2025-04-25,45841815_DEV-101_2025-1,2025-04-25,7,Aprobado
39416795_NEG-400_2025-1_2025-04-25,39416795_NEG-400_2025-1,2025-04-25,8,Aprobado
30125745_IA-300_2025-1_2025-04-25,30125745_IA-300_2025-1,2025-04-25,6,Aprobado
41340763_NEG-400_2025-1_2025-04-25,41340763_NEG-400_2025-1,2025-04-25,7,Aprobado
45280236_DAT-201_2025-1_2025-04-25,45280236_DAT-201_2025-1,2025-04-25,4,Aprobado
46966361_MKT-200_2025-1_2025-04-25,46966361_MKT-200_2025-1,2025-04-25,1,Desaprobado
44490644_DAT-201_2025-1_2025-04-25,44490644_DAT-201_2025-1,2025-04-25,2,Desaprobado
47221206_DEV-101_2025-1_2025-04-25,47221206_DEV-101_2025-1,2025-04-25,3,Desaprobado
41016204_DAT-305_2025-1_2025-04-25,41016204_DAT-305_2025-1,2025-04-25,4,Aprobado
30186819_DAT-101_2025-1_2025-04-25,30186819_DAT-101_2025-1,2025-04-25,2,Desaprobado
39171997_IA-400_2025-1_2025-04-25,39171997_IA-400_2025-1,2025-04-25,3,Desaprobado
45177328_NEG-400_2025-1_2025-04-25,45177328_NEG-400_2025-1,2025-04-25,3,Desaprobado
35580984_DAT-305_2025-1_2025-04-25,35580984_DAT-305_2025-1,2025-04-25,9,Aprobado
44998271_IA-300_2025-1_2025-04-25,44998271_IA-300_2025-1,2025-04-25,3,Desaprobado
33916616_IA-400_2025-1_2025-04-25,33916616_IA-400_2025-1,2025-04-25,10,Aprobado
30271801_NEG-400_2025-1_2025-04-25,30271801_NEG-400_2025-1,2025-04-25,1,Desaprobado
44754301_DAT-305_2025-1_2025-04-25,44754301_DAT-305_2025-1,2025-04-25,4,Aprobado
46966361_DAT-201_2025-1_2025-04-26,46966361_DAT-201_2025-1,2025-04-26,6,Aprobado
35722006_GEN-101_2025-1_2025-04-26,35722006_GEN-101_2025-1,2025-04-26,3,Desaprobado
41830154_NEG-400_2025-1_2025-04-26,41830154_NEG-400_2025-1,2025-04-26,3,Desaprobado
40854875_GEN-101_2025-1_2025-04-26,40854875_GEN-101_2025-1,2025-04-26,5,Aprobado
34356341_DAT-305_2025-1_2025-04-26,34356341_DAT-305_2025-1,2025-04-26,2,Desaprobado
43456083_DAT-305_2025-1_2025-04-26,43456083_DAT-305_2025-1,2025-04-26,2,Desaprobado
44554637_DAT-201_2025-1_2025-04-26,44554637_DAT-201_2025-1,2025-04-26,4,Aprobado
31909036_GEN-101_2025-1_2025-04-26,31909036_GEN-101_2025-1,2025-04-26,2,Desaprobado
44754060_DAT-201_2025-1_2025-04-26,44754060_DAT-201_2025-1,2025-04-26,3,Desaprobado
43542829_NEG-400_2025-1_2025-04-26,43542829_NEG-400_2025-1,2025-04-26,3,Desaprobado
43624314_UX-100_2025-1_2025-04-26,43624314_UX-100_2025-1,2025-04-26,7,Aprobado
31177427_UX-100_2025-1_2025-04-26,31177427_UX-100_2025-1,2025-04-26,10,Aprobado
41641503_NEG-400_2025-1_2025-04-26,41641503_NEG-400_2025-1,2025-04-26,2,Desaprobado
43521267_DAT-305_2025-1_2025-04-26,43521267_DAT-305_2025-1,2025-04-26,5,Aprobado
45711997_IA-300_2025-1_2025-04-26,45711997_IA-300_2025-1,2025-04-26,7,Aprobado
44998271_UX-100_2025-1_2025-04-26,44998271_UX-100_2025-1,2025-04-26,10,Aprobado
37381074_IA-300_2025-1_2025-04-26,37381074_IA-300_2025-1,2025-04-26,4,Aprobado
32073901_GEN-101_2025-1_2025-04-26,32073901_GEN-101_2025-1,2025-04-26,5,Aprobado
41890956_IA-300_2025-1_2025-04-26,41890956_IA-300_2025-1,2025-04-26,7,Aprobado
46858102_IA-400_2025-1_2025-04-26,46858102_IA-400_2025-1,2025-04-26,8,Aprobado
43098716_DEV-101_2025-1_2025-04-26,43098716_DEV-101_2025-1,2025-04-26,8,Aprobado
41396027_UX-100_2025-1_2025-04-26,41396027_UX-100_2025-1,2025-04-26,10,Aprobado
37182051_IA-400_2025-1_2025-04-27,37182051_IA-400_2025-1,2025-04-27,4,Aprobado
41289442_DEV-101_2025-1_2025-04-27,41289442_DEV-101_2025-1,2025-04-27,7,Aprobado
47483336_DAT-201_2025-1_2025-04-27,47483336_DAT-201_2025-1,2025-04-27,4,Aprobado
40915348_DAT-101_2025-1_2025-04-27,40915348_DAT-101_2025-1,2025-04-27,2,Desaprobado
43098716_GEN-101_2025-1_2025-04-27,43098716_GEN-101_2025-1,2025-04-27,5,Aprobado
30713710_NEG-400_2025-1_2025-04-27,30713710_NEG-400_2025-1,2025-04-27,6,Aprobado
34785335_DAT-305_2025-1_2025-04-27,34785335_DAT-305_2025-1,2025-04-27,2,Desaprobado
40099804_GEN-101_2025-1_2025-04-27,40099804_GEN-101_2025-1,2025-04-27,5,Aprobado
35129843_DAT-101_2025-1_2025-04-27,35129843_DAT-101_2025-1,2025-04-27,10,Aprobado
39412125_NEG-400_2025-1_2025-04-27,39412125_NEG-400_2025-1,2025-04-27,2,Desaprobado
30781172_MKT-200_2025-1_2025-04-27,30781172_MKT-200_2025-1,2025-04-27,1,Desaprobado
30528419_IA-300_2025-1_2025-04-27,30528419_IA-300_2025-1,2025-04-27,9,Aprobado
32108581_DAT-101_2025-1_2025-04-27,32108581_DAT-101_2025-1,2025-04-27,9,Aprobado
31961540_NEG-400_2025-1_2025-04-27,31961540_NEG-400_2025-1,2025-04-27,10,Aprobado
34705463_DAT-305_2025-1_2025-04-27,34705463_DAT-305_2025-1,2025-04-27,10,Aprobado
34935270_MKT-200_2025-1_2025-04-27,34935270_MKT-200_2025-1,2025-04-27,3,Desaprobado
34401288_DAT-305_2025-1_2025-04-27,34401288_DAT-305_2025-1,2025-04-27,6,Aprobado
44286872_MKT-200_2025-1_2025-04-28,44286872_MKT-200_2025-1,2025-04-28,5,Aprobado
45763623_DAT-305_2025-1_2025-04-28,45763623_DAT-305_2025-1,2025-04-28,4,Aprobado
44512365_DAT-201_2025-1_2025-04-28,44512365_DAT-201_2025-1,2025-04-28,2,Desaprobado
30283834_GEN-101_2025-1_2025-04-28,30283834_GEN-101_2025-1,2025-04-28,5,Aprobado
35722006_DAT-101_2025-1_2025-04-28,35722006_DAT-101_2025-1,2025-04-28,6,Aprobado
43889224_DAT-201_2025-1_2025-04-28,43889224_DAT-201_2025-1,2025-04-28,6,Aprobado
43537356_UX-100_2025-1_2025-04-28,43537356_UX-100_2025-1,2025-04-28,5,Aprobado
34151433_DAT-201_2025-1_2025-04-28,34151433_DAT-201_2025-1,2025-04-28,1,Desaprobado
31221561_IA-400_2025-1_2025-04-28,31221561_IA-400_2025-1,2025-04-28,3,Desaprobado
46435125_DAT-305_2025-1_2025-04-28,46435125_DAT-305_2025-1,2025-04-28,9,Aprobado
37412229_IA-300_2025-1_2025-04-28,37412229_IA-300_2025-1,2025-04-28,6,Aprobado
30205757_DAT-201_2025-1_2025-04-28,30205757_DAT-201_2025-1,2025-04-28,8,Aprobado
33745990_UX-100_2025-1_2025-04-29,33745990_UX-100_2025-1,2025-04-29,7,Aprobado
46377357_IA-400_2025-1_2025-04-29,46377357_IA-400_2025-1,2025-04-29,5,Aprobado
40915348_IA-300_2025-1_2025-04-29,40915348_IA-300_2025-1,2025-04-29,3,Desaprobado
40305444_IA-400_2025-1_2025-04-29,40305444_IA-400_2025-1,2025-04-29,6,Aprobado
47320705_NEG-400_2025-1_2025-04-29,47320705_NEG-400_2025-1,2025-04-29,6,Aprobado
44988381_UX-100_2025-1_2025-04-29,44988381_UX-100_2025-1,2025-04-29,9,Aprobado
40454674_DAT-201_2025-1_2025-04-29,40454674_DAT-201_2025-1,2025-04-29,5,Aprobado
32911130_DAT-305_2025-1_2025-04-29,32911130_DAT-305_2025-1,2025-04-29,1,Desaprobado
30227674_UX-100_2025-1_2025-04-29,30227674_UX-100_2025-1,2025-04-29,8,Aprobado
47197652_MKT-200_2025-1_2025-04-29,47197652_MKT-200_2025-1,2025-04-29,8,Aprobado
41084438_DAT-101_2025-1_2025-04-29,41084438_DAT-101_2025-1,2025-04-29,1,Desaprobado
39297755_UX-100_2025-1_2025-04-29,39297755_UX-100_2025-1,2025-04-29,10,Aprobado
46780927_IA-400_2025-1_2025-04-29,46780927_IA-400_2025-1,2025-04-29,10,Aprobado
44107875_DAT-201_2025-1_2025-04-29,44107875_DAT-201_2025-1,2025-04-29,1,Desaprobado
45459710_IA-300_2025-1_2025-04-29,45459710_IA-300_2025-1,2025-04-29,4,Aprobado
43040142_DAT-201_2025-1_2025-04-30,43040142_DAT-201_2025-1,2025-04-30,3,Desaprobado
33247551_UX-100_2025-1_2025-04-30,33247551_UX-100_2025-1,2025-04-30,5,Aprobado
32905120_MKT-200_2025-1_2025-04-30,32905120_MKT-200_2025-1,2025-04-30,7,Aprobado
32664172_DEV-101_2025-1_2025-04-30,32664172_DEV-101_2025-1,2025-04-30,4,Aprobado
32583779_DAT-101_2025-1_2025-04-30,32583779_DAT-101_2025-1,2025-04-30,10,Aprobado
36300221_DEV-101_2025-1_2025-04-30,36300221_DEV-101_2025-1,2025-04-30,9,Aprobado
37448077_DAT-201_2025-1_2025-04-30,37448077_DAT-201_2025-1,2025-04-30,5,Aprobado
39547835_NEG-400_2025-1_2025-04-30,39547835_NEG-400_2025-1,2025-04-30,2,Desaprobado
43254348_NEG-400_2025-1_2025-04-30,43254348_NEG-400_2025-1,2025-04-30,2,Desaprobado
43506692_NEG-400_2025-1_2025-04-30,43506692_NEG-400_2025-1,2025-04-30,10,Aprobado
30342609_DAT-305_2025-1_2025-04-30,30342609_DAT-305_2025-1,2025-04-30,2,Desaprobado
44613692_DAT-305_2025-1_2025-04-30,44613692_DAT-305_2025-1,2025-04-30,10,Aprobado
43549346_DAT-305_2025-1_2025-04-30,43549346_DAT-305_2025-1,2025-04-30,2,Desaprobado
33304657_IA-400_2025-1_2025-04-30,33304657_IA-400_2025-1,2025-04-30,6,Aprobado
44059178_GEN-101_2025-1_2025-04-30,44059178_GEN-101_2025-1,2025-04-30,6,Aprobado
34356341_IA-400_2025-1_2025-05-01,34356341_IA-400_2025-1,2025-05-01,10,Aprobado
31528064_NEG-400_2025-1_2025-05-01,31528064_NEG-400_2025-1,2025-05-01,5,Aprobado
38066467_DAT-201_2025-1_2025-05-01,38066467_DAT-201_2025-1,2025-05-01,5,Aprobado
33505185_UX-100_2025-1_2025-05-01,33505185_UX-100_2025-1,2025-05-01,2,Desaprobado
46278232_IA-400_2025-1_2025-05-01,46278232_IA-400_2025-1,2025-05-01,3,Desaprobado
31864701_IA-300_2025-1_2025-05-01,31864701_IA-300_2025-1,2025-05-01,4,Aprobado
44190336_UX-100_2025-1_2025-05-01,44190336_UX-100_2025-1,2025-05-01,7,Aprobado
34341037_GEN-101_2025-1_2025-05-01,34341037_GEN-101_2025-1,2025-05-01,8,Aprobado
31992185_DAT-101_2025-1_2025-05-01,31992185_DAT-101_2025-1,2025-05-01,4,Aprobado
47061751_DAT-201_2025-1_2025-05-01,47061751_DAT-201_2025-1,2025-05-01,6,Aprobado
31318273_UX-100_2025-1_2025-05-01,31318273_UX-100_2025-1,2025-05-01,4,Aprobado
44811661_MKT-200_2025-1_2025-05-02,44811661_MKT-200_2025-1,2025-05-02,4,Aprobado
46521420_IA-400_2025-1_2025-05-02,46521420_IA-400_2025-1,2025-05-02,4,Aprobado
32330822_DAT-305_2025-1_2025-05-02,32330822_DAT-305_2025-1,2025-05-02,6,Aprobado
33379578_IA-400_2025-1_2025-05-02,33379578_IA-400_2025-1,2025-05-02,2,Desaprobado
30649167_NEG-400_2025-1_2025-05-02,30649167_NEG-400_2025-1,2025-05-02,5,Aprobado
47186211_DAT-101_2025-1_2025-05-02,47186211_DAT-101_2025-1,2025-05-02,8,Aprobado
30713710_MKT-200_2025-1_2025-05-02,30713710_MKT-200_2025-1,2025-05-02,5,Aprobado
43462497_IA-400_2025-1_2025-05-02,43462497_IA-400_2025-1,2025-05-02,10,Aprobado
39337175_UX-100_2025-1_2025-05-02,39337175_UX-100_2025-1,2025-05-02,5,Aprobado
30283834_DEV-101_2025-1_2025-05-02,30283834_DEV-101_2025-1,2025-05-02,7,Aprobado
30278086_DAT-101_2025-1_2025-05-02,30278086_DAT-101_2025-1,2025-05-02,5,Aprobado
34508579_IA-400_2025-1_2025-05-02,34508579_IA-400_2025-1,2025-05-02,9,Aprobado
39244530_MKT-200_2025-1_2025-05-02,39244530_MKT-200_2025-1,2025-05-02,3,Desaprobado
45186536_DAT-201_2025-1_2025-05-02,45186536_DAT-201_2025-1,2025-05-02,2,Desaprobado
32460250_IA-400_2025-1_2025-05-02,32460250_IA-400_2025-1,2025-05-02,7,Aprobado
30973506_IA-400_2025-1_2025-05-02,30973506_IA-400_2025-1,2025-05-02,9,Aprobado
32905120_DAT-101_2025-1_2025-05-02,32905120_DAT-101_2025-1,2025-05-02,10,Aprobado
44754060_UX-100_2025-1_2025-05-02,44754060_UX-100_2025-1,2025-05-02,4,Aprobado
39121001_NEG-400_2025-1_2025-05-02,39121001_NEG-400_2025-1,2025-05-02,8,Aprobado
31181222_MKT-200_2025-1_2025-05-02,31181222_MKT-200_2025-1,2025-05-02,1,Desaprobado
39220415_IA-300_2025-1_2025-05-02,39220415_IA-300_2025-1,2025-05-02,6,Aprobado
36534604_DAT-201_2025-1_2025-05-02,36534604_DAT-201_2025-1,2025-05-02,5,Aprobado
45417367_IA-300_2025-1_2025-05-03,45417367_IA-300_2025-1,2025-05-03,10,Aprobado
43597806_GEN-101_2025-1_2025-05-03,43597806_GEN-101_2025-1,2025-05-03,4,Aprobado
47579509_UX-100_2025-1_2025-05-03,47579509_UX-100_2025-1,2025-05-03,4,Aprobado
40014561_DAT-101_2025-1_2025-05-03,40014561_DAT-101_2025-1,2025-05-03,5,Aprobado
32034364_DEV-101_2025-1_2025-05-03,32034364_DEV-101_2025-1,2025-05-03,5,Aprobado
45186536_DAT-201_2025-1_2025-05-03,45186536_DAT-201_2025-1,2025-05-03,1,Desaprobado
44343339_DAT-305_2025-1_2025-05-03,44343339_DAT-305_2025-1,2025-05-03,2,Desaprobado
37639684_NEG-400_2025-1_2025-05-03,37639684_NEG-400_2025-1,2025-05-03,9,Aprobado
45198757_UX-100_2025-1_2025-05-03,45198757_UX-100_2025-1,2025-05-03,4,Aprobado
30294943_DAT-305_2025-1_2025-05-03,30294943_DAT-305_2025-1,2025-05-03,10,Aprobado
34318077_DAT-101_2025-1_2025-05-03,34318077_DAT-101_2025-1,2025-05-03,6,Aprobado
33175574_DAT-101_2025-1_2025-05-03,33175574_DAT-101_2025-1,2025-05-03,9,Aprobado
44242960_DAT-201_2025-1_2025-05-03,44242960_DAT-201_2025-1,2025-05-03,1,Desaprobado
34341037_IA-300_2025-1_2025-05-03,34341037_IA-300_2025-1,2025-05-03,1,Desaprobado
37057932_UX-100_2025-1_2025-05-03,37057932_UX-100_2025-1,2025-05-03,2,Desaprobado
33479160_DAT-101_2025-1_2025-05-03,33479160_DAT-101_2025-1,2025-05-03,5,Aprobado
44811354_NEG-400_2025-1_2025-05-03,44811354_NEG-400_2025-1,2025-05-03,3,Desaprobado
31864701_GEN-101_2025-1_2025-05-03,31864701_GEN-101_2025-1,2025-05-03,2,Desaprobado
38991597_IA-400_2025-1_2025-05-03,38991597_IA-400_2025-1,2025-05-03,10,Aprobado
46411752_IA-300_2025-1_2025-05-03,46411752_IA-300_2025-1,2025-05-03,3,Desaprobado
38714246_DAT-201_2025-1_2025-05-03,38714246_DAT-201_2025-1,2025-05-03,10,Aprobado
33381581_IA-300_2025-1_2025-05-03,33381581_IA-300_2025-1,2025-05-03,8,Aprobado
39752062_UX-100_2025-1_2025-05-04,39752062_UX-100_2025-1,2025-05-04,1,Desaprobado
47633067_IA-400_2025-1_2025-05-04,47633067_IA-400_2025-1,2025-05-04,5,Aprobado
31909036_DEV-101_2025-1_2025-05-04,31909036_DEV-101_2025-1,2025-05-04,10,Aprobado
30268860_IA-300_2025-1_2025-05-04,30268860_IA-300_2025-1,2025-05-04,8,Aprobado
43059176_UX-100_2025-1_2025-05-04,43059176_UX-100_2025-1,2025-05-04,6,Aprobado
41559534_DEV-101_2025-1_2025-05-04,41559534_DEV-101_2025-1,2025-05-04,8,Aprobado
34627342_MKT-200_2025-1_2025-05-04,34627342_MKT-200_2025-1,2025-05-04,7,Aprobado
43652049_DAT-201_2025-1_2025-05-04,43652049_DAT-201_2025-1,2025-05-04,2,Desaprobado
31576981_NEG-400_2025-1_2025-05-04,31576981_NEG-400_2025-1,2025-05-04,10,Aprobado
34290854_IA-300_2025-1_2025-05-04,34290854_IA-300_2025-1,2025-05-04,3,Desaprobado
30173121_MKT-200_2025-1_2025-05-04,30173121_MKT-200_2025-1,2025-05-04,2,Desaprobado
33717161_DAT-305_2025-1_2025-05-04,33717161_DAT-305_2025-1,2025-05-04,2,Desaprobado
36003291_IA-300_2025-1_2025-05-04,36003291_IA-300_2025-1,2025-05-04,9,Aprobado
35834047_DEV-101_2025-1_2025-05-04,35834047_DEV-101_2025-1,2025-05-04,2,Desaprobado
45759579_DEV-101_2025-1_2025-05-04,45759579_DEV-101_2025-1,2025-05-04,7,Aprobado
36314879_DEV-101_2025-1_2025-05-04,36314879_DEV-101_2025-1,2025-05-04,6,Aprobado
33520372_IA-400_2025-1_2025-05-05,33520372_IA-400_2025-1,2025-05-05,7,Aprobado
41051244_IA-300_2025-1_2025-05-05,41051244_IA-300_2025-1,2025-05-05,10,Aprobado
44998271_NEG-400_2025-1_2025-05-05,44998271_NEG-400_2025-1,2025-05-05,6,Aprobado
33816707_DAT-201_2025-1_2025-05-05,33816707_DAT-201_2025-1,2025-05-05,5,Aprobado
44717216_DEV-101_2025-1_2025-05-05,44717216_DEV-101_2025-1,2025-05-05,10,Aprobado
38625723_UX-100_2025-1_2025-05-05,38625723_UX-100_2025-1,2025-05-05,4,Aprobado
37840610_DEV-101_2025-1_2025-05-05,37840610_DEV-101_2025-1,2025-05-05,3,Desaprobado
35115152_DAT-101_2025-1_2025-05-05,35115152_DAT-101_2025-1,2025-05-05,9,Aprobado
31185628_IA-300_2025-1_2025-05-05,31185628_IA-300_2025-1,2025-05-05,7,Aprobado
44904960_DAT-201_2025-1_2025-05-05,44904960_DAT-201_2025-1,2025-05-05,6,Aprobado
33800391_DAT-201_2025-1_2025-05-05,33800391_DAT-201_2025-1,2025-05-05,2,Desaprobado
46026190_MKT-200_2025-1_2025-05-05,46026190_MKT-200_2025-1,2025-05-05,5,Aprobado
43558573_UX-100_2025-1_2025-05-05,43558573_UX-100_2025-1,2025-05-05,2,Desaprobado
36780964_GEN-101_2025-1_2025-05-05,36780964_GEN-101_2025-1,2025-05-05,2,Desaprobado
35129843_NEG-400_2025-1_2025-05-05,35129843_NEG-400_2025-1,2025-05-05,9,Aprobado
44454123_GEN-101_2025-1_2025-05-05,44454123_GEN-101_2025-1,2025-05-05,4,Aprobado
45763623_DAT-201_2025-1_2025-05-05,45763623_DAT-201_2025-1,2025-05-05,7,Aprobado
33084765_DEV-101_2025-1_2025-05-05,33084765_DEV-101_2025-1,2025-05-05,6,Aprobado
36003291_DAT-305_2025-1_2025-05-05,36003291_DAT-305_2025-1,2025-05-05,5,Aprobado
31318273_DAT-305_2025-1_2025-05-05,31318273_DAT-305_2025-1,2025-05-05,6,Aprobado
37733861_NEG-400_2025-1_2025-05-06,37733861_NEG-400_2025-1,2025-05-06,8,Aprobado
37829833_UX-100_2025-1_2025-05-06,37829833_UX-100_2025-1,2025-05-06,7,Aprobado
36200569_DAT-101_2025-1_2025-05-06,36200569_DAT-101_2025-1,2025-05-06,6,Aprobado
39737785_GEN-101_2025-1_2025-05-06,39737785_GEN-101_2025-1,2025-05-06,6,Aprobado
40531804_DAT-305_2025-1_2025-05-06,40531804_DAT-305_2025-1,2025-05-06,7,Aprobado
30820105_GEN-101_2025-1_2025-05-06,30820105_GEN-101_2025-1,2025-05-06,8,Aprobado
30074046_IA-400_2025-1_2025-05-06,30074046_IA-400_2025-1,2025-05-06,1,Desaprobado
37584867_DAT-305_2025-1_2025-05-06,37584867_DAT-305_2025-1,2025-05-06,9,Aprobado
46669980_UX-100_2025-1_2025-05-06,46669980_UX-100_2025-1,2025-05-06,2,Desaprobado
44224033_IA-400_2025-1_2025-05-06,44224033_IA-400_2025-1,2025-05-06,8,Aprobado
36092237_NEG-400_2025-1_2025-05-06,36092237_NEG-400_2025-1,2025-05-06,6,Aprobado
35450908_IA-400_2025-1_2025-05-06,35450908_IA-400_2025-1,2025-05-06,9,Aprobado
34743406_DAT-305_2025-1_2025-05-06,34743406_DAT-305_2025-1,2025-05-06,6,Aprobado
38773709_NEG-400_2025-1_2025-05-06,38773709_NEG-400_2025-1,2025-05-06,4,Aprobado
37280564_NEG-400_2025-1_2025-05-06,37280564_NEG-400_2025-1,2025-05-06,5,Aprobado
34883029_UX-100_2025-1_2025-05-06,34883029_UX-100_2025-1,2025-05-06,10,Aprobado
47182282_UX-100_2025-1_2025-05-06,47182282_UX-100_2025-1,2025-05-06,1,Desaprobado
39647120_DAT-201_2025-1_2025-05-06,39647120_DAT-201_2025-1,2025-05-06,1,Desaprobado
43624314_IA-300_2025-1_2025-05-06,43624314_IA-300_2025-1,2025-05-06,1,Desaprobado
47983613_GEN-101_2025-1_2025-05-06,47983613_GEN-101_2025-1,2025-05-06,2,Desaprobado
39407484_GEN-101_2025-1_2025-05-06,39407484_GEN-101_2025-1,2025-05-06,1,Desaprobado
44724307_DAT-305_2025-1_2025-05-06,44724307_DAT-305_2025-1,2025-05-06,5,Aprobado
46894068_DAT-101_2025-1_2025-05-06,46894068_DAT-101_2025-1,2025-05-06,8,Aprobado
31486885_DEV-101_2025-1_2025-05-06,31486885_DEV-101_2025-1,2025-05-06,5,Aprobado
35643961_NEG-400_2025-1_2025-05-06,35643961_NEG-400_2025-1,2025-05-06,5,Aprobado
38030283_DAT-101_2025-1_2025-05-06,38030283_DAT-101_2025-1,2025-05-06,5,Aprobado
40948220_DAT-101_2025-1_2025-05-06,40948220_DAT-101_2025-1,2025-05-06,8,Aprobado
39752062_MKT-200_2025-1_2025-05-07,39752062_MKT-200_2025-1,2025-05-07,9,Aprobado
37725025_DAT-101_2025-1_2025-05-07,37725025_DAT-101_2025-1,2025-05-07,4,Aprobado
34089245_DAT-305_2025-1_2025-05-07,34089245_DAT-305_2025-1,2025-05-07,3,Desaprobado
31685297_IA-400_2025-1_2025-05-07,31685297_IA-400_2025-1,2025-05-07,7,Aprobado
35643961_DEV-101_2025-1_2025-05-07,35643961_DEV-101_2025-1,2025-05-07,5,Aprobado
47399378_DAT-201_2025-1_2025-05-07,47399378_DAT-201_2025-1,2025-05-07,3,Desaprobado
46775879_IA-300_2025-1_2025-05-07,46775879_IA-300_2025-1,2025-05-07,9,Aprobado
38181190_DEV-101_2025-1_2025-05-07,38181190_DEV-101_2025-1,2025-05-07,5,Aprobado
45459710_DEV-101_2025-1_2025-05-07,45459710_DEV-101_2025-1,2025-05-07,3,Desaprobado
32976983_GEN-101_2025-1_2025-05-07,32976983_GEN-101_2025-1,2025-05-07,1,Desaprobado
31786305_NEG-400_2025-1_2025-05-07,31786305_NEG-400_2025-1,2025-05-07,2,Desaprobado
43276053_IA-300_2025-1_2025-05-07,43276053_IA-300_2025-1,2025-05-07,8,Aprobado
45153061_IA-400_2025-1_2025-05-07,45153061_IA-400_2025-1,2025-05-07,4,Aprobado
32498967_UX-100_2025-1_2025-05-07,32498967_UX-100_2025-1,2025-05-07,7,Aprobado
33649881_DAT-201_2025-1_2025-05-07,33649881_DAT-201_2025-1,2025-05-07,4,Aprobado
39835913_DAT-201_2025-1_2025-05-08,39835913_DAT-201_2025-1,2025-05-08,9,Aprobado
31961540_IA-300_2025-1_2025-05-08,31961540_IA-300_2025-1,2025-05-08,10,Aprobado
45024595_IA-400_2025-1_2025-05-08,45024595_IA-400_2025-1,2025-05-08,1,Desaprobado
41815317_NEG-400_2025-1_2025-05-08,41815317_NEG-400_2025-1,2025-05-08,6,Aprobado
35115152_DAT-201_2025-1_2025-05-08,35115152_DAT-201_2025-1,2025-05-08,8,Aprobado
35476879_GEN-101_2025-1_2025-05-08,35476879_GEN-101_2025-1,2025-05-08,6,Aprobado
30377321_DAT-101_2025-1_2025-05-08,30377321_DAT-101_2025-1,2025-05-08,1,Desaprobado
37148568_IA-300_2025-1_2025-05-08,37148568_IA-300_2025-1,2025-05-08,6,Aprobado
46183284_DAT-201_2025-1_2025-05-08,46183284_DAT-201_2025-1,2025-05-08,4,Aprobado
43889224_GEN-101_2025-1_2025-05-08,43889224_GEN-101_2025-1,2025-05-08,4,Aprobado
39647120_DEV-101_2025-1_2025-05-08,39647120_DEV-101_2025-1,2025-05-08,3,Desaprobado
31662806_GEN-101_2025-1_2025-05-08,31662806_GEN-101_2025-1,2025-05-08,10,Aprobado
46345360_GEN-101_2025-1_2025-05-08,46345360_GEN-101_2025-1,2025-05-08,8,Aprobado
31594339_UX-100_2025-1_2025-05-08,31594339_UX-100_2025-1,2025-05-08,3,Desaprobado
36040952_IA-300_2025-1_2025-05-08,36040952_IA-300_2025-1,2025-05-08,3,Desaprobado
43098716_NEG-400_2025-1_2025-05-08,43098716_NEG-400_2025-1,2025-05-08,7,Aprobado
45259638_MKT-200_2025-1_2025-05-08,45259638_MKT-200_2025-1,2025-05-08,2,Desaprobado
35069582_MKT-200_2025-1_2025-05-08,35069582_MKT-200_2025-1,2025-05-08,1,Desaprobado
32817735_UX-100_2025-1_2025-05-09,32817735_UX-100_2025-1,2025-05-09,7,Aprobado
33895965_NEG-400_2025-1_2025-05-09,33895965_NEG-400_2025-1,2025-05-09,10,Aprobado
31898350_DEV-101_2025-1_2025-05-09,31898350_DEV-101_2025-1,2025-05-09,4,Aprobado
43744263_DAT-101_2025-1_2025-05-09,43744263_DAT-101_2025-1,2025-05-09,6,Aprobado
45763623_UX-100_2025-1_2025-05-09,45763623_UX-100_2025-1,2025-05-09,8,Aprobado
40253163_MKT-200_2025-1_2025-05-09,40253163_MKT-200_2025-1,2025-05-09,7,Aprobado
33247551_IA-300_2025-1_2025-05-09,33247551_IA-300_2025-1,2025-05-09,5,Aprobado
36040952_DAT-101_2025-1_2025-05-09,36040952_DAT-101_2025-1,2025-05-09,8,Aprobado
46271176_IA-400_2025-1_2025-05-09,46271176_IA-400_2025-1,2025-05-09,5,Aprobado
43040142_DAT-201_2025-1_2025-05-09,43040142_DAT-201_2025-1,2025-05-09,6,Aprobado
33088513_DAT-201_2025-1_2025-05-09,33088513_DAT-201_2025-1,2025-05-09,7,Aprobado
30205757_NEG-400_2025-1_2025-05-09,30205757_NEG-400_2025-1,2025-05-09,9,Aprobado
33742338_IA-400_2025-1_2025-05-09,33742338_IA-400_2025-1,2025-05-09,8,Aprobado
30163309_DAT-305_2025-1_2025-05-09,30163309_DAT-305_2025-1,2025-05-09,5,Aprobado
44858776_IA-300_2025-1_2025-05-10,44858776_IA-300_2025-1,2025-05-10,9,Aprobado
35608376_DEV-101_2025-1_2025-05-10,35608376_DEV-101_2025-1,2025-05-10,9,Aprobado
36003291_IA-300_2025-1_2025-05-10,36003291_IA-300_2025-1,2025-05-10,7,Aprobado
39996815_GEN-101_2025-1_2025-05-10,39996815_GEN-101_2025-1,2025-05-10,6,Aprobado
32604998_DEV-101_2025-1_2025-05-10,32604998_DEV-101_2025-1,2025-05-10,1,Desaprobado
47607767_UX-100_2025-1_2025-05-10,47607767_UX-100_2025-1,2025-05-10,1,Desaprobado
41204894_MKT-200_2025-1_2025-05-10,41204894_MKT-200_2025-1,2025-05-10,7,Aprobado
44049715_DAT-201_2025-1_2025-05-10,44049715_DAT-201_2025-1,2025-05-10,2,Desaprobado
41890956_DAT-305_2025-1_2025-05-10,41890956_DAT-305_2025-1,2025-05-10,4,Aprobado
39255922_NEG-400_2025-1_2025-05-10,39255922_NEG-400_2025-1,2025-05-10,8,Aprobado
47607767_DAT-201_2025-1_2025-05-10,47607767_DAT-201_2025-1,2025-05-10,4,Aprobado
32976983_GEN-101_2025-1_2025-05-10,32976983_GEN-101_2025-1,2025-05-10,5,Aprobado
47911334_DEV-101_2025-1_2025-05-10,47911334_DEV-101_2025-1,2025-05-10,5,Aprobado
46599245_NEG-400_2025-1_2025-05-10,46599245_NEG-400_2025-1,2025-05-10,9,Aprobado
45496689_GEN-101_2025-1_2025-05-10,45496689_GEN-101_2025-1,2025-05-10,5,Aprobado
47983613_DAT-101_2025-1_2025-05-10,47983613_DAT-101_2025-1,2025-05-10,4,Aprobado
33614240_DEV-101_2025-1_2025-05-10,33614240_DEV-101_2025-1,2025-05-10,7,Aprobado
32460250_IA-400_2025-1_2025-05-10,32460250_IA-400_2025-1,2025-05-10,6,Aprobado
37121626_NEG-400_2025-1_2025-05-10,37121626_NEG-400_2025-1,2025-05-10,1,Desaprobado
46541120_NEG-400_2025-1_2025-05-11,46541120_NEG-400_2025-1,2025-05-11,5,Aprobado
41132630_GEN-101_2025-1_2025-05-11,41132630_GEN-101_2025-1,2025-05-11,2,Desaprobado
41627786_IA-300_2025-1_2025-05-11,41627786_IA-300_2025-1,2025-05-11,6,Aprobado
45544606_DAT-305_2025-1_2025-05-11,45544606_DAT-305_2025-1,2025-05-11,1,Desaprobado
40846299_MKT-200_2025-1_2025-05-11,40846299_MKT-200_2025-1,2025-05-11,6,Aprobado
39647120_DEV-101_2025-1_2025-05-11,39647120_DEV-101_2025-1,2025-05-11,3,Desaprobado
44491570_DAT-101_2025-1_2025-05-11,44491570_DAT-101_2025-1,2025-05-11,4,Aprobado
38405437_MKT-200_2025-1_2025-05-11,38405437_MKT-200_2025-1,2025-05-11,5,Aprobado
32183463_IA-300_2025-1_2025-05-11,32183463_IA-300_2025-1,2025-05-11,5,Aprobado
45619097_DAT-201_2025-1_2025-05-11,45619097_DAT-201_2025-1,2025-05-11,4,Aprobado
35267675_GEN-101_2025-1_2025-05-11,35267675_GEN-101_2025-1,2025-05-11,4,Aprobado
43249808_GEN-101_2025-1_2025-05-11,43249808_GEN-101_2025-1,2025-05-11,8,Aprobado
44059178_IA-400_2025-1_2025-05-11,44059178_IA-400_2025-1,2025-05-11,4,Aprobado
31177427_MKT-200_2025-1_2025-05-11,31177427_MKT-200_2025-1,2025-05-11,3,Desaprobado
30416964_DAT-101_2025-1_2025-05-11,30416964_DAT-101_2025-1,2025-05-11,10,Aprobado
40681899_DAT-305_2025-1_2025-05-11,40681899_DAT-305_2025-1,2025-05-11,4,Aprobado
38171209_DAT-201_2025-1_2025-05-11,38171209_DAT-201_2025-1,2025-05-11,10,Aprobado
38315775_NEG-400_2025-1_2025-05-11,38315775_NEG-400_2025-1,2025-05-11,10,Aprobado
40330349_GEN-101_2025-1_2025-05-11,40330349_GEN-101_2025-1,2025-05-11,3,Desaprobado
45090752_GEN-101_2025-1_2025-05-11,45090752_GEN-101_2025-1,2025-05-11,1,Desaprobado
43831919_DAT-101_2025-1_2025-05-11,43831919_DAT-101_2025-1,2025-05-11,10,Aprobado
44115122_DEV-101_2025-1_2025-05-11,44115122_DEV-101_2025-1,2025-05-11,7,Aprobado
38292751_DAT-201_2025-1_2025-05-12,38292751_DAT-201_2025-1,2025-05-12,5,Aprobado
46894068_MKT-200_2025-1_2025-05-12,46894068_MKT-200_2025-1,2025-05-12,10,Aprobado
37024576_DEV-101_2025-1_2025-05-12,37024576_DEV-101_2025-1,2025-05-12,2,Desaprobado
47103537_DAT-305_2025-1_2025-05-12,47103537_DAT-305_2025-1,2025-05-12,6,Aprobado
32349636_DAT-201_2025-1_2025-05-12,32349636_DAT-201_2025-1,2025-05-12,9,Aprobado
30227674_NEG-400_2025-1_2025-05-12,30227674_NEG-400_2025-1,2025-05-12,7,Aprobado
45890411_UX-100_2025-1_2025-05-12,45890411_UX-100_2025-1,2025-05-12,5,Aprobado
31355414_DAT-101_2025-1_2025-05-12,31355414_DAT-101_2025-1,2025-05-12,10,Aprobado
31355414_UX-100_2025-1_2025-05-12,31355414_UX-100_2025-1,2025-05-12,5,Aprobado
39220415_IA-300_2025-1_2025-05-12,39220415_IA-300_2025-1,2025-05-12,9,Aprobado
39195104_DEV-101_2025-1_2025-05-12,39195104_DEV-101_2025-1,2025-05-12,4,Aprobado
31313953_UX-100_2025-1_2025-05-12,31313953_UX-100_2025-1,2025-05-12,10,Aprobado
40305444_DAT-305_2025-1_2025-05-12,40305444_DAT-305_2025-1,2025-05-12,5,Aprobado
44726166_DAT-305_2025-1_2025-05-12,44726166_DAT-305_2025-1,2025-05-12,4,Aprobado
46060979_UX-100_2025-1_2025-05-12,46060979_UX-100_2025-1,2025-05-12,5,Aprobado
35276014_NEG-400_2025-1_2025-05-12,35276014_NEG-400_2025-1,2025-05-12,9,Aprobado
30808375_DAT-201_2025-1_2025-05-12,30808375_DAT-201_2025-1,2025-05-12,4,Aprobado
30672524_UX-100_2025-1_2025-05-13,30672524_UX-100_2025-1,2025-05-13,4,Aprobado
46329934_DAT-305_2025-1_2025-05-13,46329934_DAT-305_2025-1,2025-05-13,6,Aprobado
46649401_MKT-200_2025-1_2025-05-13,46649401_MKT-200_2025-1,2025-05-13,1,Desaprobado
33452954_IA-300_2025-1_2025-05-13,33452954_IA-300_2025-1,2025-05-13,3,Desaprobado
32723334_IA-300_2025-1_2025-05-13,32723334_IA-300_2025-1,2025-05-13,10,Aprobado
36727561_UX-100_2025-1_2025-05-13,36727561_UX-100_2025-1,2025-05-13,9,Aprobado
36992557_DAT-201_2025-1_2025-05-13,36992557_DAT-201_2025-1,2025-05-13,9,Aprobado
37907386_UX-100_2025-1_2025-05-13,37907386_UX-100_2025-1,2025-05-13,2,Desaprobado
40756585_UX-100_2025-1_2025-05-13,40756585_UX-100_2025-1,2025-05-13,6,Aprobado
35115152_UX-100_2025-1_2025-05-13,35115152_UX-100_2025-1,2025-05-13,1,Desaprobado
35994686_DEV-101_2025-1_2025-05-13,35994686_DEV-101_2025-1,2025-05-13,3,Desaprobado
37370656_GEN-101_2025-1_2025-05-13,37370656_GEN-101_2025-1,2025-05-13,8,Aprobado
45417606_NEG-400_2025-1_2025-05-13,45417606_NEG-400_2025-1,2025-05-13,8,Aprobado
47506119_UX-100_2025-1_2025-05-13,47506119_UX-100_2025-1,2025-05-13,3,Desaprobado
36971688_GEN-101_2025-1_2025-05-13,36971688_GEN-101_2025-1,2025-05-13,6,Aprobado
44345701_DAT-305_2025-1_2025-05-13,44345701_DAT-305_2025-1,2025-05-13,1,Desaprobado
44173257_IA-300_2025-1_2025-05-13,44173257_IA-300_2025-1,2025-05-13,10,Aprobado
37774603_DAT-101_2025-1_2025-05-13,37774603_DAT-101_2025-1,2025-05-13,3,Desaprobado
37584867_UX-100_2025-1_2025-05-13,37584867_UX-100_2025-1,2025-05-13,9,Aprobado
30055439_DAT-305_2025-1_2025-05-13,30055439_DAT-305_2025-1,2025-05-13,4,Aprobado
40014561_IA-300_2025-1_2025-05-13,40014561_IA-300_2025-1,2025-05-13,7,Aprobado
43521267_IA-300_2025-1_2025-05-13,43521267_IA-300_2025-1,2025-05-13,10,Aprobado
45775192_IA-400_2025-1_2025-05-14,45775192_IA-400_2025-1,2025-05-14,9,Aprobado
44242960_UX-100_2025-1_2025-05-14,44242960_UX-100_2025-1,2025-05-14,5,Aprobado
31015246_IA-400_2025-1_2025-05-14,31015246_IA-400_2025-1,2025-05-14,3,Desaprobado
46170762_MKT-200_2025-1_2025-05-14,46170762_MKT-200_2025-1,2025-05-14,1,Desaprobado
40401825_DAT-305_2025-1_2025-05-14,40401825_DAT-305_2025-1,2025-05-14,4,Aprobado
34294158_NEG-400_2025-1_2025-05-14,34294158_NEG-400_2025-1,2025-05-14,4,Aprobado
33507272_MKT-200_2025-1_2025-05-14,33507272_MKT-200_2025-1,2025-05-14,7,Aprobado
37874267_IA-400_2025-1_2025-05-14,37874267_IA-400_2025-1,2025-05-14,10,Aprobado
35054932_DAT-201_2025-1_2025-05-14,35054932_DAT-201_2025-1,2025-05-14,8,Aprobado
45459710_DAT-305_2025-1_2025-05-14,45459710_DAT-305_2025-1,2025-05-14,2,Desaprobado
46829066_NEG-400_2025-1_2025-05-14,46829066_NEG-400_2025-1,2025-05-14,1,Desaprobado
36434636_UX-100_2025-1_2025-05-14,36434636_UX-100_2025-1,2025-05-14,5,Aprobado
34743897_IA-300_2025-1_2025-05-14,34743897_IA-300_2025-1,2025-05-14,10,Aprobado
44291013_NEG-400_2025-1_2025-05-14,44291013_NEG-400_2025-1,2025-05-14,5,Aprobado
46278232_MKT-200_2025-1_2025-05-14,46278232_MKT-200_2025-1,2025-05-14,7,Aprobado
47908881_DAT-101_2025-1_2025-05-14,47908881_DAT-101_2025-1,2025-05-14,6,Aprobado
40874592_NEG-400_2025-1_2025-05-14,40874592_NEG-400_2025-1,2025-05-14,9,Aprobado
33594873_IA-300_2025-1_2025-05-14,33594873_IA-300_2025-1,2025-05-14,8,Aprobado
34832335_DEV-101_2025-1_2025-05-15,34832335_DEV-101_2025-1,2025-05-15,9,Aprobado
34873483_IA-400_2025-1_2025-05-15,34873483_IA-400_2025-1,2025-05-15,10,Aprobado
32935035_UX-100_2025-1_2025-05-15,32935035_UX-100_2025-1,2025-05-15,9,Aprobado
33127447_UX-100_2025-1_2025-05-15,33127447_UX-100_2025-1,2025-05-15,3,Desaprobado
31365812_IA-300_2025-1_2025-05-15,31365812_IA-300_2025-1,2025-05-15,7,Aprobado
45647473_MKT-200_2025-1_2025-05-15,45647473_MKT-200_2025-1,2025-05-15,2,Desaprobado
39297755_DAT-101_2025-1_2025-05-15,39297755_DAT-101_2025-1,2025-05-15,8,Aprobado
37381074_IA-400_2025-1_2025-05-15,37381074_IA-400_2025-1,2025-05-15,2,Desaprobado
44241859_IA-300_2025-1_2025-05-15,44241859_IA-300_2025-1,2025-05-15,8,Aprobado
32581169_DAT-201_2025-1_2025-05-16,32581169_DAT-201_2025-1,2025-05-16,4,Aprobado
47217063_DAT-201_2025-1_2025-05-16,47217063_DAT-201_2025-1,2025-05-16,5,Aprobado
38549006_GEN-101_2025-1_2025-05-16,38549006_GEN-101_2025-1,2025-05-16,10,Aprobado
33594873_DAT-201_2025-1_2025-05-16,33594873_DAT-201_2025-1,2025-05-16,9,Aprobado
44064200_DEV-101_2025-1_2025-05-16,44064200_DEV-101_2025-1,2025-05-16,2,Desaprobado
38869750_UX-100_2025-1_2025-05-16,38869750_UX-100_2025-1,2025-05-16,4,Aprobado
31332769_GEN-101_2025-1_2025-05-16,31332769_GEN-101_2025-1,2025-05-16,9,Aprobado
44473224_DEV-101_2025-1_2025-05-16,44473224_DEV-101_2025-1,2025-05-16,4,Aprobado
40116733_UX-100_2025-1_2025-05-16,40116733_UX-100_2025-1,2025-05-16,8,Aprobado
34498415_DAT-101_2025-1_2025-05-16,34498415_DAT-101_2025-1,2025-05-16,4,Aprobado
44197978_IA-300_2025-1_2025-05-16,44197978_IA-300_2025-1,2025-05-16,8,Aprobado
45368291_UX-100_2025-1_2025-05-16,45368291_UX-100_2025-1,2025-05-16,6,Aprobado
32723334_DAT-101_2025-1_2025-05-16,32723334_DAT-101_2025-1,2025-05-16,1,Desaprobado
40204911_DAT-305_2025-1_2025-05-17,40204911_DAT-305_2025-1,2025-05-17,4,Aprobado
38818793_DAT-201_2025-1_2025-05-17,38818793_DAT-201_2025-1,2025-05-17,6,Aprobado
35951430_IA-400_2025-1_2025-05-17,35951430_IA-400_2025-1,2025-05-17,9,Aprobado
34858008_MKT-200_2025-1_2025-05-17,34858008_MKT-200_2025-1,2025-05-17,2,Desaprobado
43191267_DAT-101_2025-1_2025-05-17,43191267_DAT-101_2025-1,2025-05-17,7,Aprobado
31277192_NEG-400_2025-1_2025-05-17,31277192_NEG-400_2025-1,2025-05-17,7,Aprobado
34411929_DAT-305_2025-1_2025-05-17,34411929_DAT-305_2025-1,2025-05-17,2,Desaprobado
33276302_DAT-305_2025-1_2025-05-17,33276302_DAT-305_2025-1,2025-05-17,7,Aprobado
39337175_IA-400_2025-1_2025-05-17,39337175_IA-400_2025-1,2025-05-17,4,Aprobado
34919210_DAT-305_2025-1_2025-05-17,34919210_DAT-305_2025-1,2025-05-17,8,Aprobado
33511174_UX-100_2025-1_2025-05-17,33511174_UX-100_2025-1,2025-05-17,2,Desaprobado
34661132_DAT-305_2025-1_2025-05-17,34661132_DAT-305_2025-1,2025-05-17,5,Aprobado
34743897_DAT-101_2025-1_2025-05-18,34743897_DAT-101_2025-1,2025-05-18,6,Aprobado
45813207_DEV-101_2025-1_2025-05-18,45813207_DEV-101_2025-1,2025-05-18,6,Aprobado
37679372_DEV-101_2025-1_2025-05-18,37679372_DEV-101_2025-1,2025-05-18,7,Aprobado
39068971_UX-100_2025-1_2025-05-18,39068971_UX-100_2025-1,2025-05-18,10,Aprobado
35720054_IA-300_2025-1_2025-05-18,35720054_IA-300_2025-1,2025-05-18,1,Desaprobado
47061751_IA-300_2025-1_2025-05-18,47061751_IA-300_2025-1,2025-05-18,9,Aprobado
37952540_IA-300_2025-1_2025-05-18,37952540_IA-300_2025-1,2025-05-18,2,Desaprobado
40582609_DEV-101_2025-1_2025-05-18,40582609_DEV-101_2025-1,2025-05-18,10,Aprobado
38111908_DAT-201_2025-1_2025-05-18,38111908_DAT-201_2025-1,2025-05-18,4,Aprobado
41559534_NEG-400_2025-1_2025-05-18,41559534_NEG-400_2025-1,2025-05-18,7,Aprobado
44911255_MKT-200_2025-1_2025-05-18,44911255_MKT-200_2025-1,2025-05-18,7,Aprobado
32339744_DEV-101_2025-1_2025-05-18,32339744_DEV-101_2025-1,2025-05-18,6,Aprobado
34486034_MKT-200_2025-1_2025-05-18,34486034_MKT-200_2025-1,2025-05-18,8,Aprobado
36780964_DEV-101_2025-1_2025-05-18,36780964_DEV-101_2025-1,2025-05-18,6,Aprobado
43284866_IA-400_2025-1_2025-05-18,43284866_IA-400_2025-1,2025-05-18,8,Aprobado
39835913_NEG-400_2025-1_2025-05-19,39835913_NEG-400_2025-1,2025-05-19,2,Desaprobado
40400092_DAT-101_2025-1_2025-05-19,40400092_DAT-101_2025-1,2025-05-19,4,Aprobado
38648189_UX-100_2025-1_2025-05-19,38648189_UX-100_2025-1,2025-05-19,9,Aprobado
36992557_DEV-101_2025-1_2025-05-19,36992557_DEV-101_2025-1,2025-05-19,8,Aprobado
30186819_DAT-201_2025-1_2025-05-19,30186819_DAT-201_2025-1,2025-05-19,9,Aprobado
47915465_IA-300_2025-1_2025-05-19,47915465_IA-300_2025-1,2025-05-19,1,Desaprobado
32839404_DEV-101_2025-1_2025-05-19,32839404_DEV-101_2025-1,2025-05-19,6,Aprobado
32965831_DAT-305_2025-1_2025-05-19,32965831_DAT-305_2025-1,2025-05-19,8,Aprobado
31681085_MKT-200_2025-1_2025-05-19,31681085_MKT-200_2025-1,2025-05-19,8,Aprobado
30386246_DAT-101_2025-1_2025-05-19,30386246_DAT-101_2025-1,2025-05-19,6,Aprobado
31136038_NEG-400_2025-1_2025-05-19,31136038_NEG-400_2025-1,2025-05-19,8,Aprobado
32329071_DAT-101_2025-1_2025-05-19,32329071_DAT-101_2025-1,2025-05-19,7,Aprobado
43871938_DEV-101_2025-1_2025-05-19,43871938_DEV-101_2025-1,2025-05-19,7,Aprobado
31924807_DEV-101_2025-1_2025-05-19,31924807_DEV-101_2025-1,2025-05-19,9,Aprobado
36998955_DAT-305_2025-1_2025-05-19,36998955_DAT-305_2025-1,2025-05-19,7,Aprobado
46510451_MKT-200_2025-1_2025-05-19,46510451_MKT-200_2025-1,2025-05-19,10,Aprobado
44224033_IA-300_2025-1_2025-05-19,44224033_IA-300_2025-1,2025-05-19,6,Aprobado
32496231_UX-100_2025-1_2025-05-19,32496231_UX-100_2025-1,2025-05-19,4,Aprobado
31067946_IA-300_2025-1_2025-05-19,31067946_IA-300_2025-1,2025-05-19,4,Aprobado
34944058_NEG-400_2025-1_2025-05-19,34944058_NEG-400_2025-1,2025-05-19,9,Aprobado
37392794_DAT-201_2025-1_2025-05-20,37392794_DAT-201_2025-1,2025-05-20,10,Aprobado
40606935_DEV-101_2025-1_2025-05-20,40606935_DEV-101_2025-1,2025-05-20,2,Desaprobado
32454237_DAT-305_2025-1_2025-05-20,32454237_DAT-305_2025-1,2025-05-20,3,Desaprobado
44811354_DAT-201_2025-1_2025-05-20,44811354_DAT-201_2025-1,2025-05-20,2,Desaprobado
40852091_MKT-200_2025-1_2025-05-20,40852091_MKT-200_2025-1,2025-05-20,9,Aprobado
34705463_DAT-305_2025-1_2025-05-20,34705463_DAT-305_2025-1,2025-05-20,8,Aprobado
45177548_DAT-305_2025-1_2025-05-20,45177548_DAT-305_2025-1,2025-05-20,2,Desaprobado
44911255_UX-100_2025-1_2025-05-20,44911255_UX-100_2025-1,2025-05-20,2,Desaprobado
44345701_UX-100_2025-1_2025-05-20,44345701_UX-100_2025-1,2025-05-20,5,Aprobado
30506698_GEN-101_2025-1_2025-05-20,30506698_GEN-101_2025-1,2025-05-20,2,Desaprobado
38693211_NEG-400_2025-1_2025-05-20,38693211_NEG-400_2025-1,2025-05-20,7,Aprobado
45417606_UX-100_2025-1_2025-05-20,45417606_UX-100_2025-1,2025-05-20,9,Aprobado
46147941_MKT-200_2025-1_2025-05-20,46147941_MKT-200_2025-1,2025-05-20,4,Aprobado
40333573_GEN-101_2025-1_2025-05-20,40333573_GEN-101_2025-1,2025-05-20,4,Aprobado
43331228_DEV-101_2025-1_2025-05-20,43331228_DEV-101_2025-1,2025-05-20,4,Aprobado
39557640_DAT-305_2025-1_2025-05-20,39557640_DAT-305_2025-1,2025-05-20,6,Aprobado
30923193_GEN-101_2025-1_2025-05-20,30923193_GEN-101_2025-1,2025-05-20,5,Aprobado
40915348_DAT-101_2025-1_2025-05-20,40915348_DAT-101_2025-1,2025-05-20,5,Aprobado
39160706_DAT-305_2025-1_2025-05-21,39160706_DAT-305_2025-1,2025-05-21,9,Aprobado
45256600_DEV-101_2025-1_2025-05-21,45256600_DEV-101_2025-1,2025-05-21,3,Desaprobado
30820105_DAT-201_2025-1_2025-05-21,30820105_DAT-201_2025-1,2025-05-21,3,Desaprobado
35038799_DAT-101_2025-1_2025-05-21,35038799_DAT-101_2025-1,2025-05-21,4,Aprobado
39278348_IA-400_2025-1_2025-05-21,39278348_IA-400_2025-1,2025-05-21,6,Aprobado
33247551_DAT-201_2025-1_2025-05-21,33247551_DAT-201_2025-1,2025-05-21,2,Desaprobado
37392794_IA-300_2025-1_2025-05-21,37392794_IA-300_2025-1,2025-05-21,5,Aprobado
31547849_NEG-400_2025-1_2025-05-21,31547849_NEG-400_2025-1,2025-05-21,6,Aprobado
37952315_IA-300_2025-1_2025-05-21,37952315_IA-300_2025-1,2025-05-21,1,Desaprobado
47817560_MKT-200_2025-1_2025-05-21,47817560_MKT-200_2025-1,2025-05-21,5,Aprobado
30386246_DAT-305_2025-1_2025-05-21,30386246_DAT-305_2025-1,2025-05-21,5,Aprobado
35983804_MKT-200_2025-1_2025-05-21,35983804_MKT-200_2025-1,2025-05-21,4,Aprobado
45847470_IA-400_2025-1_2025-05-21,45847470_IA-400_2025-1,2025-05-21,5,Aprobado
39412125_DAT-101_2025-1_2025-05-21,39412125_DAT-101_2025-1,2025-05-21,3,Desaprobado
45198757_DAT-305_2025-1_2025-05-21,45198757_DAT-305_2025-1,2025-05-21,6,Aprobado
33507272_IA-400_2025-1_2025-05-21,33507272_IA-400_2025-1,2025-05-21,5,Aprobado
34355689_DAT-201_2025-1_2025-05-21,34355689_DAT-201_2025-1,2025-05-21,10,Aprobado
32459600_IA-300_2025-1_2025-05-22,32459600_IA-300_2025-1,2025-05-22,7,Aprobado
33276302_UX-100_2025-1_2025-05-22,33276302_UX-100_2025-1,2025-05-22,5,Aprobado
34785335_DAT-101_2025-1_2025-05-22,34785335_DAT-101_2025-1,2025-05-22,9,Aprobado
43679905_DEV-101_2025-1_2025-05-22,43679905_DEV-101_2025-1,2025-05-22,2,Desaprobado
34705463_DAT-201_2025-1_2025-05-22,34705463_DAT-201_2025-1,2025-05-22,8,Aprobado
31099331_GEN-101_2025-1_2025-05-22,31099331_GEN-101_2025-1,2025-05-22,5,Aprobado
30055089_DAT-101_2025-1_2025-05-22,30055089_DAT-101_2025-1,2025-05-22,7,Aprobado
41532385_DAT-305_2025-1_2025-05-22,41532385_DAT-305_2025-1,2025-05-22,2,Desaprobado
31425696_IA-300_2025-1_2025-05-22,31425696_IA-300_2025-1,2025-05-22,5,Aprobado
33697024_MKT-200_2025-1_2025-05-22,33697024_MKT-200_2025-1,2025-05-22,7,Aprobado
38030283_MKT-200_2025-1_2025-05-22,38030283_MKT-200_2025-1,2025-05-22,6,Aprobado
35486815_IA-400_2025-1_2025-05-22,35486815_IA-400_2025-1,2025-05-22,1,Desaprobado
47822229_IA-300_2025-1_2025-05-22,47822229_IA-300_2025-1,2025-05-22,7,Aprobado
43721576_IA-400_2025-1_2025-05-22,43721576_IA-400_2025-1,2025-05-22,2,Desaprobado
37162747_DAT-101_2025-1_2025-05-22,37162747_DAT-101_2025-1,2025-05-22,1,Desaprobado
38066467_DAT-201_2025-1_2025-05-23,38066467_DAT-201_2025-1,2025-05-23,6,Aprobado
35722006_GEN-101_2025-1_2025-05-23,35722006_GEN-101_2025-1,2025-05-23,6,Aprobado
40102789_DEV-101_2025-1_2025-05-23,40102789_DEV-101_2025-1,2025-05-23,7,Aprobado
30789190_IA-300_2025-1_2025-05-23,30789190_IA-300_2025-1,2025-05-23,3,Desaprobado
37017626_DAT-201_2025-1_2025-05-23,37017626_DAT-201_2025-1,2025-05-23,2,Desaprobado
43331228_DEV-101_2025-1_2025-05-23,43331228_DEV-101_2025-1,2025-05-23,5,Aprobado
31685297_IA-400_2025-1_2025-05-23,31685297_IA-400_2025-1,2025-05-23,8,Aprobado
41166199_IA-400_2025-1_2025-05-23,41166199_IA-400_2025-1,2025-05-23,9,Aprobado
38211223_NEG-400_2025-1_2025-05-23,38211223_NEG-400_2025-1,2025-05-23,2,Desaprobado
46314784_IA-300_2025-1_2025-05-23,46314784_IA-300_2025-1,2025-05-23,9,Aprobado
41641503_MKT-200_2025-1_2025-05-23,41641503_MKT-200_2025-1,2025-05-23,5,Aprobado
37515292_DEV-101_2025-1_2025-05-23,37515292_DEV-101_2025-1,2025-05-23,6,Aprobado
45663240_MKT-200_2025-1_2025-05-23,45663240_MKT-200_2025-1,2025-05-23,9,Aprobado
39278348_NEG-400_2025-1_2025-05-23,39278348_NEG-400_2025-1,2025-05-23,4,Aprobado
32816822_IA-300_2025-1_2025-05-23,32816822_IA-300_2025-1,2025-05-23,6,Aprobado
45563814_MKT-200_2025-1_2025-05-23,45563814_MKT-200_2025-1,2025-05-23,5,Aprobado
44059178_NEG-400_2025-1_2025-05-23,44059178_NEG-400_2025-1,2025-05-23,3,Desaprobado
37057932_GEN-101_2025-1_2025-05-23,37057932_GEN-101_2025-1,2025-05-23,4,Aprobado
40582609_IA-300_2025-1_2025-05-23,40582609_IA-300_2025-1,2025-05-23,3,Desaprobado
30064860_DEV-101_2025-1_2025-05-24,30064860_DEV-101_2025-1,2025-05-24,10,Aprobado
31528064_DAT-305_2025-1_2025-05-24,31528064_DAT-305_2025-1,2025-05-24,7,Aprobado
41830154_DAT-305_2025-1_2025-05-24,41830154_DAT-305_2025-1,2025-05-24,3,Desaprobado
44115909_MKT-200_2025-1_2025-05-24,44115909_MKT-200_2025-1,2025-05-24,2,Desaprobado
35983804_IA-300_2025-1_2025-05-24,35983804_IA-300_2025-1,2025-05-24,9,Aprobado
39040140_DAT-305_2025-1_2025-05-24,39040140_DAT-305_2025-1,2025-05-24,8,Aprobado
43624314_UX-100_2025-1_2025-05-24,43624314_UX-100_2025-1,2025-05-24,10,Aprobado
30789190_GEN-101_2025-1_2025-05-24,30789190_GEN-101_2025-1,2025-05-24,10,Aprobado
44959844_MKT-200_2025-1_2025-05-24,44959844_MKT-200_2025-1,2025-05-24,5,Aprobado
45488677_DAT-101_2025-1_2025-05-24,45488677_DAT-101_2025-1,2025-05-24,7,Aprobado
46225626_DAT-305_2025-1_2025-05-24,46225626_DAT-305_2025-1,2025-05-24,5,Aprobado
43744263_IA-300_2025-1_2025-05-24,43744263_IA-300_2025-1,2025-05-24,6,Aprobado
30766010_IA-300_2025-1_2025-05-24,30766010_IA-300_2025-1,2025-05-24,5,Aprobado
31015246_UX-100_2025-1_2025-05-24,31015246_UX-100_2025-1,2025-05-24,10,Aprobado
38531623_NEG-400_2025-1_2025-05-24,38531623_NEG-400_2025-1,2025-05-24,8,Aprobado
43941263_DAT-101_2025-1_2025-05-24,43941263_DAT-101_2025-1,2025-05-24,2,Desaprobado
46233381_MKT-200_2025-1_2025-05-24,46233381_MKT-200_2025-1,2025-05-24,10,Aprobado
43831919_UX-100_2025-1_2025-05-24,43831919_UX-100_2025-1,2025-05-24,2,Desaprobado
45256600_DEV-101_2025-1_2025-05-24,45256600_DEV-101_2025-1,2025-05-24,3,Desaprobado
46398361_DAT-201_2025-1_2025-05-24,46398361_DAT-201_2025-1,2025-05-24,1,Desaprobado
35207049_UX-100_2025-1_2025-05-25,35207049_UX-100_2025-1,2025-05-25,6,Aprobado
30719634_MKT-200_2025-1_2025-05-25,30719634_MKT-200_2025-1,2025-05-25,1,Desaprobado
37672436_MKT-200_2025-1_2025-05-25,37672436_MKT-200_2025-1,2025-05-25,9,Aprobado
31313953_NEG-400_2025-1_2025-05-25,31313953_NEG-400_2025-1,2025-05-25,1,Desaprobado
34705463_MKT-200_2025-1_2025-05-25,34705463_MKT-200_2025-1,2025-05-25,3,Desaprobado
43286289_DAT-305_2025-1_2025-05-25,43286289_DAT-305_2025-1,2025-05-25,8,Aprobado
32318137_DEV-101_2025-1_2025-05-25,32318137_DEV-101_2025-1,2025-05-25,4,Aprobado
30224289_GEN-101_2025-1_2025-05-25,30224289_GEN-101_2025-1,2025-05-25,7,Aprobado
39796864_GEN-101_2025-1_2025-05-25,39796864_GEN-101_2025-1,2025-05-25,6,Aprobado
36727561_NEG-400_2025-1_2025-05-25,36727561_NEG-400_2025-1,2025-05-25,8,Aprobado
34364066_MKT-200_2025-1_2025-05-25,34364066_MKT-200_2025-1,2025-05-25,8,Aprobado
45820009_DAT-305_2025-1_2025-05-25,45820009_DAT-305_2025-1,2025-05-25,5,Aprobado
43597806_DAT-101_2025-1_2025-05-25,43597806_DAT-101_2025-1,2025-05-25,2,Desaprobado
36858459_MKT-200_2025-1_2025-05-25,36858459_MKT-200_2025-1,2025-05-25,1,Desaprobado
32592763_IA-300_2025-1_2025-05-25,32592763_IA-300_2025-1,2025-05-25,2,Desaprobado
44726166_IA-300_2025-1_2025-05-25,44726166_IA-300_2025-1,2025-05-25,1,Desaprobado
32454237_DAT-201_2025-1_2025-05-25,32454237_DAT-201_2025-1,2025-05-25,2,Desaprobado
34696467_UX-100_2025-1_2025-05-25,34696467_UX-100_2025-1,2025-05-25,9,Aprobado
32839194_DAT-101_2025-1_2025-05-25,32839194_DAT-101_2025-1,2025-05-25,5,Aprobado
47197652_IA-300_2025-1_2025-05-25,47197652_IA-300_2025-1,2025-05-25,10,Aprobado
40753275_DEV-101_2025-1_2025-05-26,40753275_DEV-101_2025-1,2025-05-26,6,Aprobado
32027618_IA-300_2025-1_2025-05-26,32027618_IA-300_2025-1,2025-05-26,6,Aprobado
31379839_MKT-200_2025-1_2025-05-26,31379839_MKT-200_2025-1,2025-05-26,3,Desaprobado
43496203_DEV-101_2025-1_2025-05-26,43496203_DEV-101_2025-1,2025-05-26,8,Aprobado
33846409_DAT-305_2025-1_2025-05-26,33846409_DAT-305_2025-1,2025-05-26,9,Aprobado
45711997_UX-100_2025-1_2025-05-26,45711997_UX-100_2025-1,2025-05-26,2,Desaprobado
45694620_DAT-201_2025-1_2025-05-26,45694620_DAT-201_2025-1,2025-05-26,6,Aprobado
39335040_DAT-101_2025-1_2025-05-26,39335040_DAT-101_2025-1,2025-05-26,5,Aprobado
31261719_IA-300_2025-1_2025-05-26,31261719_IA-300_2025-1,2025-05-26,5,Aprobado
32108581_NEG-400_2025-1_2025-05-26,32108581_NEG-400_2025-1,2025-05-26,9,Aprobado
40014561_IA-300_2025-1_2025-05-26,40014561_IA-300_2025-1,2025-05-26,9,Aprobado
34130787_NEG-400_2025-1_2025-05-26,34130787_NEG-400_2025-1,2025-05-26,9,Aprobado
39579172_IA-400_2025-1_2025-05-26,39579172_IA-400_2025-1,2025-05-26,5,Aprobado
34858008_DAT-201_2025-1_2025-05-26,34858008_DAT-201_2025-1,2025-05-26,3,Desaprobado
44305990_IA-300_2025-1_2025-05-26,44305990_IA-300_2025-1,2025-05-26,4,Aprobado
44820591_IA-300_2025-1_2025-05-26,44820591_IA-300_2025-1,2025-05-26,1,Desaprobado
30294943_NEG-400_2025-1_2025-05-26,30294943_NEG-400_2025-1,2025-05-26,6,Aprobado
34432017_GEN-101_2025-1_2025-05-27,34432017_GEN-101_2025-1,2025-05-27,6,Aprobado
34933614_IA-400_2025-1_2025-05-27,34933614_IA-400_2025-1,2025-05-27,3,Desaprobado
35450908_UX-100_2025-1_2025-05-27,35450908_UX-100_2025-1,2025-05-27,4,Aprobado
32911130_DAT-201_2025-1_2025-05-27,32911130_DAT-201_2025-1,2025-05-27,7,Aprobado
40989234_DAT-201_2025-1_2025-05-27,40989234_DAT-201_2025-1,2025-05-27,10,Aprobado
47911334_MKT-200_2025-1_2025-05-27,47911334_MKT-200_2025-1,2025-05-27,4,Aprobado
35821025_NEG-400_2025-1_2025-05-27,35821025_NEG-400_2025-1,2025-05-27,6,Aprobado
40948220_DEV-101_2025-1_2025-05-27,40948220_DEV-101_2025-1,2025-05-27,9,Aprobado
35834047_IA-400_2025-1_2025-05-27,35834047_IA-400_2025-1,2025-05-27,3,Desaprobado
39159460_IA-400_2025-1_2025-05-27,39159460_IA-400_2025-1,2025-05-27,8,Aprobado
44340522_DEV-101_2025-1_2025-05-27,44340522_DEV-101_2025-1,2025-05-27,5,Aprobado
47700089_IA-400_2025-1_2025-05-27,47700089_IA-400_2025-1,2025-05-27,1,Desaprobado
39220415_MKT-200_2025-1_2025-05-28,39220415_MKT-200_2025-1,2025-05-28,3,Desaprobado
43037722_DAT-201_2025-1_2025-05-28,43037722_DAT-201_2025-1,2025-05-28,1,Desaprobado
37059839_NEG-400_2025-1_2025-05-28,37059839_NEG-400_2025-1,2025-05-28,1,Desaprobado
38002503_NEG-400_2025-1_2025-05-28,38002503_NEG-400_2025-1,2025-05-28,9,Aprobado
34729179_GEN-101_2025-1_2025-05-28,34729179_GEN-101_2025-1,2025-05-28,5,Aprobado
30227674_UX-100_2025-1_2025-05-28,30227674_UX-100_2025-1,2025-05-28,2,Desaprobado
36434636_IA-400_2025-1_2025-05-28,36434636_IA-400_2025-1,2025-05-28,7,Aprobado
45663240_DAT-101_2025-1_2025-05-28,45663240_DAT-101_2025-1,2025-05-28,1,Desaprobado
36227478_NEG-400_2025-1_2025-05-28,36227478_NEG-400_2025-1,2025-05-28,1,Desaprobado
45444903_GEN-101_2025-1_2025-05-28,45444903_GEN-101_2025-1,2025-05-28,3,Desaprobado
40753275_DAT-305_2025-1_2025-05-28,40753275_DAT-305_2025-1,2025-05-28,4,Aprobado
46372785_DAT-101_2025-1_2025-05-28,46372785_DAT-101_2025-1,2025-05-28,10,Aprobado
33800391_GEN-101_2025-1_2025-05-28,33800391_GEN-101_2025-1,2025-05-28,2,Desaprobado
43284866_DAT-201_2025-1_2025-05-28,43284866_DAT-201_2025-1,2025-05-28,5,Aprobado
32183463_DAT-101_2025-1_2025-05-28,32183463_DAT-101_2025-1,2025-05-28,9,Aprobado
34223113_IA-300_2025-1_2025-05-28,34223113_IA-300_2025-1,2025-05-28,3,Desaprobado
41818271_UX-100_2025-1_2025-05-28,41818271_UX-100_2025-1,2025-05-28,7,Aprobado
37515292_GEN-101_2025-1_2025-05-28,37515292_GEN-101_2025-1,2025-05-28,9,Aprobado
31360651_DAT-201_2025-1_2025-05-28,31360651_DAT-201_2025-1,2025-05-28,7,Aprobado
34977085_DAT-201_2025-1_2025-05-29,34977085_DAT-201_2025-1,2025-05-29,3,Desaprobado
34197558_IA-400_2025-1_2025-05-29,34197558_IA-400_2025-1,2025-05-29,4,Aprobado
34883029_DAT-101_2025-1_2025-05-29,34883029_DAT-101_2025-1,2025-05-29,4,Aprobado
41782307_DAT-201_2025-1_2025-05-29,41782307_DAT-201_2025-1,2025-05-29,9,Aprobado
38661719_UX-100_2025-1_2025-05-29,38661719_UX-100_2025-1,2025-05-29,1,Desaprobado
34869838_MKT-200_2025-1_2025-05-29,34869838_MKT-200_2025-1,2025-05-29,2,Desaprobado
32128322_MKT-200_2025-1_2025-05-29,32128322_MKT-200_2025-1,2025-05-29,8,Aprobado
41721070_DEV-101_2025-1_2025-05-29,41721070_DEV-101_2025-1,2025-05-29,2,Desaprobado
44235496_DEV-101_2025-1_2025-05-29,44235496_DEV-101_2025-1,2025-05-29,9,Aprobado
39908813_MKT-200_2025-1_2025-05-29,39908813_MKT-200_2025-1,2025-05-29,6,Aprobado
47969954_UX-100_2025-1_2025-05-29,47969954_UX-100_2025-1,2025-05-29,4,Aprobado
40451762_UX-100_2025-1_2025-05-29,40451762_UX-100_2025-1,2025-05-29,3,Desaprobado
40661993_DAT-101_2025-1_2025-05-29,40661993_DAT-101_2025-1,2025-05-29,10,Aprobado
43498834_DAT-101_2025-1_2025-05-29,43498834_DAT-101_2025-1,2025-05-29,3,Desaprobado
45404573_MKT-200_2025-1_2025-05-30,45404573_MKT-200_2025-1,2025-05-30,7,Aprobado
39107282_DAT-305_2025-1_2025-05-30,39107282_DAT-305_2025-1,2025-05-30,4,Aprobado
32228319_DAT-305_2025-1_2025-05-30,32228319_DAT-305_2025-1,2025-05-30,4,Aprobado
44754060_NEG-400_2025-1_2025-05-30,44754060_NEG-400_2025-1,2025-05-30,5,Aprobado
41396027_UX-100_2025-1_2025-05-30,41396027_UX-100_2025-1,2025-05-30,4,Aprobado
36907961_DAT-201_2025-1_2025-05-30,36907961_DAT-201_2025-1,2025-05-30,3,Desaprobado
39046561_IA-400_2025-1_2025-05-30,39046561_IA-400_2025-1,2025-05-30,3,Desaprobado
37381074_DAT-101_2025-1_2025-05-30,37381074_DAT-101_2025-1,2025-05-30,5,Aprobado
46170762_DAT-201_2025-1_2025-05-30,46170762_DAT-201_2025-1,2025-05-30,6,Aprobado
46997300_IA-300_2025-1_2025-05-30,46997300_IA-300_2025-1,2025-05-30,1,Desaprobado
44858776_GEN-101_2025-1_2025-05-30,44858776_GEN-101_2025-1,2025-05-30,2,Desaprobado
40783770_DAT-201_2025-1_2025-05-30,40783770_DAT-201_2025-1,2025-05-30,8,Aprobado
38967997_DEV-101_2025-1_2025-05-30,38967997_DEV-101_2025-1,2025-05-30,10,Aprobado
32139544_GEN-101_2025-1_2025-05-30,32139544_GEN-101_2025-1,2025-05-30,10,Aprobado
45225711_DEV-101_2025-1_2025-05-30,45225711_DEV-101_2025-1,2025-05-30,4,Aprobado
40874592_DEV-101_2025-1_2025-05-31,40874592_DEV-101_2025-1,2025-05-31,5,Aprobado
45474521_DAT-101_2025-1_2025-05-31,45474521_DAT-101_2025-1,2025-05-31,6,Aprobado
39337175_IA-300_2025-1_2025-05-31,39337175_IA-300_2025-1,2025-05-31,6,Aprobado
43276053_UX-100_2025-1_2025-05-31,43276053_UX-100_2025-1,2025-05-31,5,Aprobado
31492591_DAT-305_2025-1_2025-05-31,31492591_DAT-305_2025-1,2025-05-31,6,Aprobado
45746833_NEG-400_2025-1_2025-05-31,45746833_NEG-400_2025-1,2025-05-31,8,Aprobado
30789190_DAT-305_2025-1_2025-05-31,30789190_DAT-305_2025-1,2025-05-31,5,Aprobado
38340878_GEN-101_2025-1_2025-05-31,38340878_GEN-101_2025-1,2025-05-31,7,Aprobado
47075635_UX-100_2025-1_2025-05-31,47075635_UX-100_2025-1,2025-05-31,8,Aprobado
44923903_DEV-101_2025-1_2025-05-31,44923903_DEV-101_2025-1,2025-05-31,9,Aprobado
35844073_NEG-400_2025-1_2025-05-31,35844073_NEG-400_2025-1,2025-05-31,9,Aprobado
31324108_NEG-400_2025-1_2025-05-31,31324108_NEG-400_2025-1,2025-05-31,10,Aprobado
44442488_DAT-201_2025-1_2025-05-31,44442488_DAT-201_2025-1,2025-05-31,3,Desaprobado
34294158_NEG-400_2025-1_2025-05-31,34294158_NEG-400_2025-1,2025-05-31,4,Aprobado
43456083_DAT-201_2025-1_2025-06-01,43456083_DAT-201_2025-1,2025-06-01,5,Aprobado
30277884_GEN-101_2025-1_2025-06-01,30277884_GEN-101_2025-1,2025-06-01,6,Aprobado
45746833_IA-300_2025-1_2025-06-01,45746833_IA-300_2025-1,2025-06-01,6,Aprobado
39145092_MKT-200_2025-1_2025-06-01,39145092_MKT-200_2025-1,2025-06-01,9,Aprobado
39475622_MKT-200_2025-1_2025-06-01,39475622_MKT-200_2025-1,2025-06-01,6,Aprobado
32496231_DEV-101_2025-1_2025-06-01,32496231_DEV-101_2025-1,2025-06-01,6,Aprobado
30703214_DEV-101_2025-1_2025-06-01,30703214_DEV-101_2025-1,2025-06-01,9,Aprobado
31020972_MKT-200_2025-1_2025-06-01,31020972_MKT-200_2025-1,2025-06-01,1,Desaprobado
32776935_MKT-200_2025-1_2025-06-01,32776935_MKT-200_2025-1,2025-06-01,2,Desaprobado
43871938_DAT-101_2025-1_2025-06-01,43871938_DAT-101_2025-1,2025-06-01,3,Desaprobado
47061751_UX-100_2025-1_2025-06-01,47061751_UX-100_2025-1,2025-06-01,7,Aprobado
31594339_GEN-101_2025-1_2025-06-01,31594339_GEN-101_2025-1,2025-06-01,9,Aprobado
31961540_NEG-400_2025-1_2025-06-01,31961540_NEG-400_2025-1,2025-06-01,8,Aprobado
45291864_DAT-201_2025-1_2025-06-01,45291864_DAT-201_2025-1,2025-06-01,4,Aprobado
43008590_DAT-101_2025-1_2025-06-01,43008590_DAT-101_2025-1,2025-06-01,2,Desaprobado
32130223_MKT-200_2025-1_2025-06-01,32130223_MKT-200_2025-1,2025-06-01,3,Desaprobado
32839194_DEV-101_2025-1_2025-06-01,32839194_DEV-101_2025-1,2025-06-01,2,Desaprobado
39040140_IA-300_2025-1_2025-06-01,39040140_IA-300_2025-1,2025-06-01,7,Aprobado
34888999_UX-100_2025-1_2025-06-01,34888999_UX-100_2025-1,2025-06-01,1,Desaprobado
46653953_UX-100_2025-1_2025-06-01,46653953_UX-100_2025-1,2025-06-01,4,Aprobado
41289442_NEG-400_2025-1_2025-06-01,41289442_NEG-400_2025-1,2025-06-01,5,Aprobado
34531843_IA-400_2025-1_2025-06-01,34531843_IA-400_2025-1,2025-06-01,9,Aprobado
30808375_DEV-101_2025-1_2025-06-01,30808375_DEV-101_2025-1,2025-06-01,8,Aprobado
32034364_DAT-101_2025-1_2025-06-02,32034364_DAT-101_2025-1,2025-06-02,4,Aprobado
43678310_DAT-101_2025-1_2025-06-02,43678310_DAT-101_2025-1,2025-06-02,9,Aprobado
39255922_DAT-101_2025-1_2025-06-02,39255922_DAT-101_2025-1,2025-06-02,2,Desaprobado
31467025_IA-400_2025-1_2025-06-02,31467025_IA-400_2025-1,2025-06-02,6,Aprobado
35834047_UX-100_2025-1_2025-06-02,35834047_UX-100_2025-1,2025-06-02,1,Desaprobado
47217063_GEN-101_2025-1_2025-06-02,47217063_GEN-101_2025-1,2025-06-02,7,Aprobado
43827991_DAT-305_2025-1_2025-06-02,43827991_DAT-305_2025-1,2025-06-02,6,Aprobado
44754301_DAT-101_2025-1_2025-06-02,44754301_DAT-101_2025-1,2025-06-02,2,Desaprobado
40531804_DAT-201_2025-1_2025-06-02,40531804_DAT-201_2025-1,2025-06-02,1,Desaprobado
37527174_IA-300_2025-1_2025-06-02,37527174_IA-300_2025-1,2025-06-02,1,Desaprobado
41815317_GEN-101_2025-1_2025-06-02,41815317_GEN-101_2025-1,2025-06-02,6,Aprobado
45177548_MKT-200_2025-1_2025-06-02,45177548_MKT-200_2025-1,2025-06-02,2,Desaprobado
38417833_DAT-101_2025-1_2025-06-02,38417833_DAT-101_2025-1,2025-06-02,6,Aprobado
47707678_MKT-200_2025-1_2025-06-03,47707678_MKT-200_2025-1,2025-06-03,10,Aprobado
33418893_IA-400_2025-1_2025-06-03,33418893_IA-400_2025-1,2025-06-03,5,Aprobado
45024595_NEG-400_2025-1_2025-06-03,45024595_NEG-400_2025-1,2025-06-03,4,Aprobado
31531992_DEV-101_2025-1_2025-06-03,31531992_DEV-101_2025-1,2025-06-03,4,Aprobado
40296795_DEV-101_2025-1_2025-06-03,40296795_DEV-101_2025-1,2025-06-03,9,Aprobado
41890956_UX-100_2025-1_2025-06-03,41890956_UX-100_2025-1,2025-06-03,9,Aprobado
44820591_DEV-101_2025-1_2025-06-03,44820591_DEV-101_2025-1,2025-06-03,3,Desaprobado
36594251_IA-400_2025-1_2025-06-03,36594251_IA-400_2025-1,2025-06-03,10,Aprobado
40140970_DAT-305_2025-1_2025-06-03,40140970_DAT-305_2025-1,2025-06-03,7,Aprobado
44229724_UX-100_2025-1_2025-06-03,44229724_UX-100_2025-1,2025-06-03,7,Aprobado
45311516_DAT-101_2025-1_2025-06-03,45311516_DAT-101_2025-1,2025-06-03,6,Aprobado
41023707_UX-100_2025-1_2025-06-03,41023707_UX-100_2025-1,2025-06-03,7,Aprobado
37583844_DEV-101_2025-1_2025-06-03,37583844_DEV-101_2025-1,2025-06-03,7,Aprobado
30356437_NEG-400_2025-1_2025-06-04,30356437_NEG-400_2025-1,2025-06-04,10,Aprobado
30268860_MKT-200_2025-1_2025-06-04,30268860_MKT-200_2025-1,2025-06-04,9,Aprobado
37874267_IA-400_2025-1_2025-06-04,37874267_IA-400_2025-1,2025-06-04,3,Desaprobado
36092237_IA-400_2025-1_2025-06-04,36092237_IA-400_2025-1,2025-06-04,2,Desaprobado
34353357_DAT-305_2025-1_2025-06-04,34353357_DAT-305_2025-1,2025-06-04,4,Aprobado
30301798_IA-300_2025-1_2025-06-04,30301798_IA-300_2025-1,2025-06-04,6,Aprobado
41950319_DEV-101_2025-1_2025-06-04,41950319_DEV-101_2025-1,2025-06-04,10,Aprobado
45177328_MKT-200_2025-1_2025-06-04,45177328_MKT-200_2025-1,2025-06-04,1,Desaprobado
31528064_MKT-200_2025-1_2025-06-04,31528064_MKT-200_2025-1,2025-06-04,6,Aprobado
45177548_MKT-200_2025-1_2025-06-04,45177548_MKT-200_2025-1,2025-06-04,6,Aprobado
38559625_DEV-101_2025-1_2025-06-04,38559625_DEV-101_2025-1,2025-06-04,9,Aprobado
38070258_UX-100_2025-1_2025-06-04,38070258_UX-100_2025-1,2025-06-04,8,Aprobado
44059178_IA-400_2025-1_2025-06-04,44059178_IA-400_2025-1,2025-06-04,10,Aprobado
40451762_DAT-101_2025-1_2025-06-04,40451762_DAT-101_2025-1,2025-06-04,4,Aprobado
47061751_DAT-305_2025-1_2025-06-04,47061751_DAT-305_2025-1,2025-06-04,9,Aprobado
43721576_DEV-101_2025-1_2025-06-04,43721576_DEV-101_2025-1,2025-06-04,6,Aprobado
35753821_DAT-305_2025-1_2025-06-04,35753821_DAT-305_2025-1,2025-06-04,4,Aprobado
46538783_NEG-400_2025-1_2025-06-04,46538783_NEG-400_2025-1,2025-06-04,2,Desaprobado
35608376_UX-100_2025-1_2025-06-04,35608376_UX-100_2025-1,2025-06-04,8,Aprobado
36532331_NEG-400_2025-1_2025-06-04,36532331_NEG-400_2025-1,2025-06-04,8,Aprobado
34294158_IA-400_2025-1_2025-06-05,34294158_IA-400_2025-1,2025-06-05,2,Desaprobado
45568950_DAT-201_2025-1_2025-06-05,45568950_DAT-201_2025-1,2025-06-05,2,Desaprobado
44442488_DEV-101_2025-1_2025-06-05,44442488_DEV-101_2025-1,2025-06-05,4,Aprobado
45225711_GEN-101_2025-1_2025-06-05,45225711_GEN-101_2025-1,2025-06-05,2,Desaprobado
40409948_IA-300_2025-1_2025-06-05,40409948_IA-300_2025-1,2025-06-05,6,Aprobado
38393487_DEV-101_2025-1_2025-06-05,38393487_DEV-101_2025-1,2025-06-05,5,Aprobado
36133533_DAT-201_2025-1_2025-06-05,36133533_DAT-201_2025-1,2025-06-05,3,Desaprobado
36701529_MKT-200_2025-1_2025-06-05,36701529_MKT-200_2025-1,2025-06-05,6,Aprobado
46585675_DAT-101_2025-1_2025-06-05,46585675_DAT-101_2025-1,2025-06-05,4,Aprobado
38111908_DAT-101_2025-1_2025-06-05,38111908_DAT-101_2025-1,2025-06-05,8,Aprobado
30278086_IA-300_2025-1_2025-06-05,30278086_IA-300_2025-1,2025-06-05,3,Desaprobado
46890428_DAT-305_2025-1_2025-06-05,46890428_DAT-305_2025-1,2025-06-05,3,Desaprobado
30301798_GEN-101_2025-1_2025-06-05,30301798_GEN-101_2025-1,2025-06-05,7,Aprobado
44049715_DAT-201_2025-1_2025-06-05,44049715_DAT-201_2025-1,2025-06-05,5,Aprobado
37515292_DAT-305_2025-1_2025-06-05,37515292_DAT-305_2025-1,2025-06-05,7,Aprobado
37515292_DAT-201_2025-1_2025-06-05,37515292_DAT-201_2025-1,2025-06-05,1,Desaprobado
33683627_IA-400_2025-1_2025-06-05,33683627_IA-400_2025-1,2025-06-05,7,Aprobado
45499218_MKT-200_2025-1_2025-06-06,45499218_MKT-200_2025-1,2025-06-06,8,Aprobado
46966361_GEN-101_2025-1_2025-06-06,46966361_GEN-101_2025-1,2025-06-06,5,Aprobado
32664172_NEG-400_2025-1_2025-06-06,32664172_NEG-400_2025-1,2025-06-06,6,Aprobado
45024595_DEV-101_2025-1_2025-06-06,45024595_DEV-101_2025-1,2025-06-06,5,Aprobado
37412229_GEN-101_2025-1_2025-06-06,37412229_GEN-101_2025-1,2025-06-06,1,Desaprobado
44197978_DAT-201_2025-1_2025-06-06,44197978_DAT-201_2025-1,2025-06-06,5,Aprobado
47556368_IA-300_2025-1_2025-06-06,47556368_IA-300_2025-1,2025-06-06,6,Aprobado
41016204_GEN-101_2025-1_2025-06-06,41016204_GEN-101_2025-1,2025-06-06,8,Aprobado
45225711_DAT-101_2025-1_2025-06-06,45225711_DAT-101_2025-1,2025-06-06,5,Aprobado
44190336_MKT-200_2025-1_2025-06-06,44190336_MKT-200_2025-1,2025-06-06,9,Aprobado
45984678_IA-300_2025-1_2025-06-06,45984678_IA-300_2025-1,2025-06-06,1,Desaprobado
38648189_NEG-400_2025-1_2025-06-06,38648189_NEG-400_2025-1,2025-06-06,2,Desaprobado
37039481_NEG-400_2025-1_2025-06-06,37039481_NEG-400_2025-1,2025-06-06,4,Aprobado
41340763_GEN-101_2025-1_2025-06-07,41340763_GEN-101_2025-1,2025-06-07,1,Desaprobado
35199789_UX-100_2025-1_2025-06-07,35199789_UX-100_2025-1,2025-06-07,6,Aprobado
39623347_GEN-101_2025-1_2025-06-07,39623347_GEN-101_2025-1,2025-06-07,9,Aprobado
36882138_NEG-400_2025-1_2025-06-07,36882138_NEG-400_2025-1,2025-06-07,8,Aprobado
32139544_DEV-101_2025-1_2025-06-07,32139544_DEV-101_2025-1,2025-06-07,10,Aprobado
38405437_DAT-305_2025-1_2025-06-07,38405437_DAT-305_2025-1,2025-06-07,3,Desaprobado
40451762_DEV-101_2025-1_2025-06-07,40451762_DEV-101_2025-1,2025-06-07,6,Aprobado
35580984_NEG-400_2025-1_2025-06-07,35580984_NEG-400_2025-1,2025-06-07,4,Aprobado
37226510_DAT-201_2025-1_2025-06-07,37226510_DAT-201_2025-1,2025-06-07,9,Aprobado
37412229_DAT-201_2025-1_2025-06-07,37412229_DAT-201_2025-1,2025-06-07,6,Aprobado
45711997_DAT-305_2025-1_2025-06-07,45711997_DAT-305_2025-1,2025-06-07,2,Desaprobado
47075635_IA-300_2025-1_2025-06-07,47075635_IA-300_2025-1,2025-06-07,9,Aprobado
31576981_DAT-201_2025-1_2025-06-07,31576981_DAT-201_2025-1,2025-06-07,10,Aprobado
35207049_UX-100_2025-1_2025-06-07,35207049_UX-100_2025-1,2025-06-07,10,Aprobado
35054932_DAT-201_2025-1_2025-06-07,35054932_DAT-201_2025-1,2025-06-07,1,Desaprobado
46080609_IA-400_2025-1_2025-06-07,46080609_IA-400_2025-1,2025-06-07,6,Aprobado
35486815_MKT-200_2025-1_2025-06-07,35486815_MKT-200_2025-1,2025-06-07,7,Aprobado
45679679_NEG-400_2025-1_2025-06-07,45679679_NEG-400_2025-1,2025-06-07,8,Aprobado
45838988_DEV-101_2025-1_2025-06-08,45838988_DEV-101_2025-1,2025-06-08,2,Desaprobado
45186536_GEN-101_2025-1_2025-06-08,45186536_GEN-101_2025-1,2025-06-08,6,Aprobado
40201800_DAT-305_2025-1_2025-06-08,40201800_DAT-305_2025-1,2025-06-08,4,Aprobado
45105658_UX-100_2025-1_2025-06-08,45105658_UX-100_2025-1,2025-06-08,4,Aprobado
44491570_MKT-200_2025-1_2025-06-08,44491570_MKT-200_2025-1,2025-06-08,3,Desaprobado
31846333_NEG-400_2025-1_2025-06-08,31846333_NEG-400_2025-1,2025-06-08,5,Aprobado
38020693_NEG-400_2025-1_2025-06-08,38020693_NEG-400_2025-1,2025-06-08,5,Aprobado
32789755_IA-300_2025-1_2025-06-08,32789755_IA-300_2025-1,2025-06-08,6,Aprobado
33379578_NEG-400_2025-1_2025-06-08,33379578_NEG-400_2025-1,2025-06-08,7,Aprobado
31313953_IA-400_2025-1_2025-06-08,31313953_IA-400_2025-1,2025-06-08,6,Aprobado
32844429_NEG-400_2025-1_2025-06-08,32844429_NEG-400_2025-1,2025-06-08,1,Desaprobado
32183463_IA-300_2025-1_2025-06-08,32183463_IA-300_2025-1,2025-06-08,2,Desaprobado
44988381_DAT-101_2025-1_2025-06-09,44988381_DAT-101_2025-1,2025-06-09,9,Aprobado
40998609_DAT-305_2025-1_2025-06-09,40998609_DAT-305_2025-1,2025-06-09,5,Aprobado
44959844_DAT-201_2025-1_2025-06-09,44959844_DAT-201_2025-1,2025-06-09,7,Aprobado
44965151_DEV-101_2025-1_2025-06-09,44965151_DEV-101_2025-1,2025-06-09,8,Aprobado
38017139_NEG-400_2025-1_2025-06-09,38017139_NEG-400_2025-1,2025-06-09,5,Aprobado
45704555_DAT-305_2025-1_2025-06-09,45704555_DAT-305_2025-1,2025-06-09,9,Aprobado
34896530_MKT-200_2025-1_2025-06-09,34896530_MKT-200_2025-1,2025-06-09,7,Aprobado
44640011_DAT-201_2025-1_2025-06-09,44640011_DAT-201_2025-1,2025-06-09,4,Aprobado
45225711_NEG-400_2025-1_2025-06-09,45225711_NEG-400_2025-1,2025-06-09,8,Aprobado
40104822_DEV-101_2025-1_2025-06-09,40104822_DEV-101_2025-1,2025-06-09,10,Aprobado
46069202_DAT-201_2025-1_2025-06-09,46069202_DAT-201_2025-1,2025-06-09,8,Aprobado
47367569_NEG-400_2025-1_2025-06-10,47367569_NEG-400_2025-1,2025-06-10,3,Desaprobado
30382587_DEV-101_2025-1_2025-06-10,30382587_DEV-101_2025-1,2025-06-10,6,Aprobado
33276302_NEG-400_2025-1_2025-06-10,33276302_NEG-400_2025-1,2025-06-10,6,Aprobado
39623347_DEV-101_2025-1_2025-06-10,39623347_DEV-101_2025-1,2025-06-10,5,Aprobado
47163691_DAT-305_2025-1_2025-06-10,47163691_DAT-305_2025-1,2025-06-10,2,Desaprobado
41016204_GEN-101_2025-1_2025-06-10,41016204_GEN-101_2025-1,2025-06-10,5,Aprobado
41904080_DAT-201_2025-1_2025-06-10,41904080_DAT-201_2025-1,2025-06-10,10,Aprobado
46698472_DEV-101_2025-1_2025-06-10,46698472_DEV-101_2025-1,2025-06-10,5,Aprobado
44107875_IA-300_2025-1_2025-06-10,44107875_IA-300_2025-1,2025-06-10,9,Aprobado
38695540_DAT-101_2025-1_2025-06-10,38695540_DAT-101_2025-1,2025-06-10,3,Desaprobado
32034364_NEG-400_2025-1_2025-06-10,32034364_NEG-400_2025-1,2025-06-10,6,Aprobado
38500035_GEN-101_2025-1_2025-06-10,38500035_GEN-101_2025-1,2025-06-10,2,Desaprobado
40366603_DAT-201_2025-1_2025-06-10,40366603_DAT-201_2025-1,2025-06-10,10,Aprobado
35415212_NEG-400_2025-1_2025-06-10,35415212_NEG-400_2025-1,2025-06-10,3,Desaprobado
30430162_IA-300_2025-1_2025-06-10,30430162_IA-300_2025-1,2025-06-10,8,Aprobado
34498415_UX-100_2025-1_2025-06-10,34498415_UX-100_2025-1,2025-06-10,7,Aprobado
38417833_DEV-101_2025-1_2025-06-10,38417833_DEV-101_2025-1,2025-06-10,5,Aprobado
44064200_DEV-101_2025-1_2025-06-10,44064200_DEV-101_2025-1,2025-06-10,10,Aprobado
36765559_IA-400_2025-1_2025-06-11,36765559_IA-400_2025-1,2025-06-11,6,Aprobado
39412125_GEN-101_2025-1_2025-06-11,39412125_GEN-101_2025-1,2025-06-11,10,Aprobado
44086116_IA-300_2025-1_2025-06-11,44086116_IA-300_2025-1,2025-06-11,6,Aprobado
47826221_DAT-305_2025-1_2025-06-11,47826221_DAT-305_2025-1,2025-06-11,10,Aprobado
30430162_DAT-305_2025-1_2025-06-11,30430162_DAT-305_2025-1,2025-06-11,4,Aprobado
38002503_NEG-400_2025-1_2025-06-11,38002503_NEG-400_2025-1,2025-06-11,7,Aprobado
33397920_IA-300_2025-1_2025-06-11,33397920_IA-300_2025-1,2025-06-11,3,Desaprobado
36594251_DAT-101_2025-1_2025-06-11,36594251_DAT-101_2025-1,2025-06-11,8,Aprobado
41314648_DAT-201_2025-1_2025-06-11,41314648_DAT-201_2025-1,2025-06-11,10,Aprobado
35574653_GEN-101_2025-1_2025-06-11,35574653_GEN-101_2025-1,2025-06-11,6,Aprobado
34883029_DAT-305_2025-1_2025-06-11,34883029_DAT-305_2025-1,2025-06-11,5,Aprobado
46346975_DEV-101_2025-1_2025-06-11,46346975_DEV-101_2025-1,2025-06-11,4,Aprobado
39759071_MKT-200_2025-1_2025-06-11,39759071_MKT-200_2025-1,2025-06-11,5,Aprobado
43286289_DAT-201_2025-1_2025-06-11,43286289_DAT-201_2025-1,2025-06-11,5,Aprobado
30163309_DEV-101_2025-1_2025-06-11,30163309_DEV-101_2025-1,2025-06-11,9,Aprobado
44830567_MKT-200_2025-1_2025-06-11,44830567_MKT-200_2025-1,2025-06-11,5,Aprobado
44115909_IA-400_2025-1_2025-06-11,44115909_IA-400_2025-1,2025-06-11,5,Aprobado
46860457_UX-100_2025-1_2025-06-11,46860457_UX-100_2025-1,2025-06-11,2,Desaprobado
40753275_IA-300_2025-1_2025-06-11,40753275_IA-300_2025-1,2025-06-11,1,Desaprobado
36510557_UX-100_2025-1_2025-06-12,36510557_UX-100_2025-1,2025-06-12,5,Aprobado
33984071_MKT-200_2025-1_2025-06-12,33984071_MKT-200_2025-1,2025-06-12,10,Aprobado
30342609_GEN-101_2025-1_2025-06-12,30342609_GEN-101_2025-1,2025-06-12,7,Aprobado
35115152_MKT-200_2025-1_2025-06-12,35115152_MKT-200_2025-1,2025-06-12,7,Aprobado
44076200_IA-400_2025-1_2025-06-12,44076200_IA-400_2025-1,2025-06-12,6,Aprobado
39265874_DAT-201_2025-1_2025-06-12,39265874_DAT-201_2025-1,2025-06-12,3,Desaprobado
31531992_IA-400_2025-1_2025-06-12,31531992_IA-400_2025-1,2025-06-12,3,Desaprobado
40423919_DAT-201_2025-1_2025-06-12,40423919_DAT-201_2025-1,2025-06-12,7,Aprobado
43647497_DAT-201_2025-1_2025-06-12,43647497_DAT-201_2025-1,2025-06-12,9,Aprobado
32028866_DAT-201_2025-1_2025-06-12,32028866_DAT-201_2025-1,2025-06-12,3,Desaprobado
36892333_IA-400_2025-1_2025-06-12,36892333_IA-400_2025-1,2025-06-12,3,Desaprobado
44490644_IA-400_2025-1_2025-06-12,44490644_IA-400_2025-1,2025-06-12,8,Aprobado
38275238_IA-400_2025-1_2025-06-12,38275238_IA-400_2025-1,2025-06-12,8,Aprobado
36701529_DAT-201_2025-1_2025-06-12,36701529_DAT-201_2025-1,2025-06-12,2,Desaprobado
47122979_UX-100_2025-1_2025-06-12,47122979_UX-100_2025-1,2025-06-12,2,Desaprobado
35994686_DAT-101_2025-1_2025-06-12,35994686_DAT-101_2025-1,2025-06-12,1,Desaprobado
36443537_UX-100_2025-1_2025-06-12,36443537_UX-100_2025-1,2025-06-12,6,Aprobado
38549006_MKT-200_2025-1_2025-06-12,38549006_MKT-200_2025-1,2025-06-12,2,Desaprobado
39547835_DEV-101_2025-1_2025-06-12,39547835_DEV-101_2025-1,2025-06-12,1,Desaprobado
38292751_NEG-400_2025-1_2025-06-12,38292751_NEG-400_2025-1,2025-06-12,10,Aprobado
36676918_DAT-305_2025-1_2025-06-13,36676918_DAT-305_2025-1,2025-06-13,10,Aprobado
46263687_DAT-201_2025-1_2025-06-13,46263687_DAT-201_2025-1,2025-06-13,9,Aprobado
36691364_IA-400_2025-1_2025-06-13,36691364_IA-400_2025-1,2025-06-13,7,Aprobado
46153310_NEG-400_2025-1_2025-06-13,46153310_NEG-400_2025-1,2025-06-13,10,Aprobado
38780853_MKT-200_2025-1_2025-06-13,38780853_MKT-200_2025-1,2025-06-13,4,Aprobado
35821025_DEV-101_2025-1_2025-06-13,35821025_DEV-101_2025-1,2025-06-13,3,Desaprobado
35839853_DAT-101_2025-1_2025-06-13,35839853_DAT-101_2025-1,2025-06-13,5,Aprobado
30672524_IA-300_2025-1_2025-06-13,30672524_IA-300_2025-1,2025-06-13,4,Aprobado
45090752_NEG-400_2025-1_2025-06-13,45090752_NEG-400_2025-1,2025-06-13,5,Aprobado
34702143_DEV-101_2025-1_2025-06-13,34702143_DEV-101_2025-1,2025-06-13,9,Aprobado
37527174_IA-300_2025-1_2025-06-13,37527174_IA-300_2025-1,2025-06-13,5,Aprobado
46256042_DAT-101_2025-1_2025-06-13,46256042_DAT-101_2025-1,2025-06-13,4,Aprobado
37952315_NEG-400_2025-1_2025-06-13,37952315_NEG-400_2025-1,2025-06-13,6,Aprobado
43037722_MKT-200_2025-1_2025-06-13,43037722_MKT-200_2025-1,2025-06-13,2,Desaprobado
45488677_DAT-101_2025-1_2025-06-13,45488677_DAT-101_2025-1,2025-06-13,10,Aprobado
35809204_UX-100_2025-1_2025-06-13,35809204_UX-100_2025-1,2025-06-13,8,Aprobado
33745990_UX-100_2025-1_2025-06-13,33745990_UX-100_2025-1,2025-06-13,8,Aprobado
43498834_GEN-101_2025-1_2025-06-14,43498834_GEN-101_2025-1,2025-06-14,8,Aprobado
44512365_DAT-201_2025-1_2025-06-14,44512365_DAT-201_2025-1,2025-06-14,6,Aprobado
40423919_DAT-305_2025-1_2025-06-14,40423919_DAT-305_2025-1,2025-06-14,4,Aprobado
30277884_DAT-305_2025-1_2025-06-14,30277884_DAT-305_2025-1,2025-06-14,8,Aprobado
31015246_DAT-201_2025-1_2025-06-14,31015246_DAT-201_2025-1,2025-06-14,4,Aprobado
43652049_IA-300_2025-1_2025-06-14,43652049_IA-300_2025-1,2025-06-14,4,Aprobado
39265874_UX-100_2025-1_2025-06-14,39265874_UX-100_2025-1,2025-06-14,5,Aprobado
43711417_DAT-305_2025-1_2025-06-14,43711417_DAT-305_2025-1,2025-06-14,4,Aprobado
43040142_UX-100_2025-1_2025-06-14,43040142_UX-100_2025-1,2025-06-14,9,Aprobado
38559625_IA-300_2025-1_2025-06-14,38559625_IA-300_2025-1,2025-06-14,3,Desaprobado
31634609_DAT-305_2025-1_2025-06-14,31634609_DAT-305_2025-1,2025-06-14,8,Aprobado
34705463_MKT-200_2025-1_2025-06-14,34705463_MKT-200_2025-1,2025-06-14,6,Aprobado
47764924_NEG-400_2025-1_2025-06-14,47764924_NEG-400_2025-1,2025-06-14,4,Aprobado
47075635_IA-400_2025-1_2025-06-14,47075635_IA-400_2025-1,2025-06-14,8,Aprobado
30055439_IA-300_2025-1_2025-06-14,30055439_IA-300_2025-1,2025-06-14,8,Aprobado
38181190_IA-300_2025-1_2025-06-14,38181190_IA-300_2025-1,2025-06-14,1,Desaprobado
32935035_DAT-101_2025-1_2025-06-15,32935035_DAT-101_2025-1,2025-06-15,8,Aprobado
45980462_DAT-201_2025-1_2025-06-15,45980462_DAT-201_2025-1,2025-06-15,9,Aprobado
30528419_UX-100_2025-1_2025-06-15,30528419_UX-100_2025-1,2025-06-15,2,Desaprobado
32171052_IA-400_2025-1_2025-06-15,32171052_IA-400_2025-1,2025-06-15,9,Aprobado
47678899_DAT-305_2025-1_2025-06-15,47678899_DAT-305_2025-1,2025-06-15,10,Aprobado
38589344_DAT-201_2025-1_2025-06-15,38589344_DAT-201_2025-1,2025-06-15,5,Aprobado
35643961_UX-100_2025-1_2025-06-15,35643961_UX-100_2025-1,2025-06-15,6,Aprobado
36858459_DAT-305_2025-1_2025-06-15,36858459_DAT-305_2025-1,2025-06-15,8,Aprobado
45544606_DAT-101_2025-1_2025-06-15,45544606_DAT-101_2025-1,2025-06-15,6,Aprobado
40039504_DAT-305_2025-1_2025-06-15,40039504_DAT-305_2025-1,2025-06-15,3,Desaprobado
43831919_IA-400_2025-1_2025-06-15,43831919_IA-400_2025-1,2025-06-15,3,Desaprobado
30923193_IA-300_2025-1_2025-06-15,30923193_IA-300_2025-1,2025-06-15,7,Aprobado
47517294_MKT-200_2025-1_2025-06-15,47517294_MKT-200_2025-1,2025-06-15,6,Aprobado
30055089_DAT-101_2025-1_2025-06-15,30055089_DAT-101_2025-1,2025-06-15,1,Desaprobado
36349336_DAT-101_2025-1_2025-06-15,36349336_DAT-101_2025-1,2025-06-15,4,Aprobado
31067946_DAT-101_2025-1_2025-06-15,31067946_DAT-101_2025-1,2025-06-15,1,Desaprobado
30800017_UX-100_2025-1_2025-06-15,30800017_UX-100_2025-1,2025-06-15,4,Aprobado
35580984_NEG-400_2025-1_2025-06-15,35580984_NEG-400_2025-1,2025-06-15,10,Aprobado
43711417_NEG-400_2025-1_2025-06-15,43711417_NEG-400_2025-1,2025-06-15,8,Aprobado
37763133_DAT-201_2025-1_2025-06-15,37763133_DAT-201_2025-1,2025-06-15,7,Aprobado
32592763_NEG-400_2025-1_2025-06-16,32592763_NEG-400_2025-1,2025-06-16,10,Aprobado
41721378_NEG-400_2025-1_2025-06-16,41721378_NEG-400_2025-1,2025-06-16,9,Aprobado
36971688_DAT-101_2025-1_2025-06-16,36971688_DAT-101_2025-1,2025-06-16,6,Aprobado
37840610_GEN-101_2025-1_2025-06-16,37840610_GEN-101_2025-1,2025-06-16,2,Desaprobado
38405437_DAT-305_2025-1_2025-06-16,38405437_DAT-305_2025-1,2025-06-16,3,Desaprobado
40102789_UX-100_2025-1_2025-06-16,40102789_UX-100_2025-1,2025-06-16,6,Aprobado
46858102_DAT-101_2025-1_2025-06-16,46858102_DAT-101_2025-1,2025-06-16,9,Aprobado
31365812_MKT-200_2025-1_2025-06-16,31365812_MKT-200_2025-1,2025-06-16,2,Desaprobado
40852091_UX-100_2025-1_2025-06-16,40852091_UX-100_2025-1,2025-06-16,7,Aprobado
45825230_DAT-201_2025-1_2025-06-16,45825230_DAT-201_2025-1,2025-06-16,5,Aprobado
30839312_IA-400_2025-1_2025-06-16,30839312_IA-400_2025-1,2025-06-16,8,Aprobado
34577564_UX-100_2025-1_2025-06-16,34577564_UX-100_2025-1,2025-06-16,8,Aprobado
31559920_NEG-400_2025-1_2025-06-16,31559920_NEG-400_2025-1,2025-06-16,3,Desaprobado
31562676_GEN-101_2025-1_2025-06-16,31562676_GEN-101_2025-1,2025-06-16,3,Desaprobado
34089245_IA-400_2025-1_2025-06-17,34089245_IA-400_2025-1,2025-06-17,8,Aprobado
31365812_MKT-200_2025-1_2025-06-17,31365812_MKT-200_2025-1,2025-06-17,3,Desaprobado
41532385_NEG-400_2025-1_2025-06-17,41532385_NEG-400_2025-1,2025-06-17,2,Desaprobado
30677244_UX-100_2025-1_2025-06-17,30677244_UX-100_2025-1,2025-06-17,10,Aprobado
40401825_DEV-101_2025-1_2025-06-17,40401825_DEV-101_2025-1,2025-06-17,9,Aprobado
35199789_DEV-101_2025-1_2025-06-17,35199789_DEV-101_2025-1,2025-06-17,5,Aprobado
43506692_IA-300_2025-1_2025-06-17,43506692_IA-300_2025-1,2025-06-17,8,Aprobado
36364003_IA-400_2025-1_2025-06-17,36364003_IA-400_2025-1,2025-06-17,1,Desaprobado
47826221_DAT-101_2025-1_2025-06-17,47826221_DAT-101_2025-1,2025-06-17,10,Aprobado
45007686_IA-300_2025-1_2025-06-17,45007686_IA-300_2025-1,2025-06-17,5,Aprobado
46669980_DAT-201_2025-1_2025-06-17,46669980_DAT-201_2025-1,2025-06-17,7,Aprobado
43713231_IA-400_2025-1_2025-06-17,43713231_IA-400_2025-1,2025-06-17,8,Aprobado
33683627_DAT-201_2025-1_2025-06-17,33683627_DAT-201_2025-1,2025-06-17,9,Aprobado
37606348_DEV-101_2025-1_2025-06-17,37606348_DEV-101_2025-1,2025-06-17,9,Aprobado
38181190_NEG-400_2025-1_2025-06-17,38181190_NEG-400_2025-1,2025-06-17,9,Aprobado
43331228_DAT-201_2025-1_2025-06-17,43331228_DAT-201_2025-1,2025-06-17,8,Aprobado
45589540_NEG-400_2025-1_2025-06-17,45589540_NEG-400_2025-1,2025-06-17,4,Aprobado
31685119_MKT-200_2025-1_2025-06-17,31685119_MKT-200_2025-1,2025-06-17,5,Aprobado
46137809_NEG-400_2025-1_2025-06-17,46137809_NEG-400_2025-1,2025-06-17,5,Aprobado
36858459_DEV-101_2025-1_2025-06-17,36858459_DEV-101_2025-1,2025-06-17,7,Aprobado
44700314_UX-100_2025-1_2025-06-17,44700314_UX-100_2025-1,2025-06-17,4,Aprobado
46210812_DAT-101_2025-1_2025-06-17,46210812_DAT-101_2025-1,2025-06-17,5,Aprobado
37763133_DEV-101_2025-1_2025-06-17,37763133_DEV-101_2025-1,2025-06-17,2,Desaprobado
30839312_IA-400_2025-1_2025-06-18,30839312_IA-400_2025-1,2025-06-18,1,Desaprobado
43528816_IA-400_2025-1_2025-06-18,43528816_IA-400_2025-1,2025-06-18,7,Aprobado
32658531_DAT-201_2025-1_2025-06-18,32658531_DAT-201_2025-1,2025-06-18,8,Aprobado
31660305_GEN-101_2025-1_2025-06-18,31660305_GEN-101_2025-1,2025-06-18,9,Aprobado
46518516_IA-400_2025-1_2025-06-18,46518516_IA-400_2025-1,2025-06-18,8,Aprobado
33896639_DAT-101_2025-1_2025-06-18,33896639_DAT-101_2025-1,2025-06-18,10,Aprobado
35115152_DEV-101_2025-1_2025-06-18,35115152_DEV-101_2025-1,2025-06-18,3,Desaprobado
46599245_DAT-201_2025-1_2025-06-18,46599245_DAT-201_2025-1,2025-06-18,10,Aprobado
43991288_DAT-201_2025-1_2025-06-18,43991288_DAT-201_2025-1,2025-06-18,8,Aprobado
40400092_DAT-201_2025-1_2025-06-18,40400092_DAT-201_2025-1,2025-06-18,1,Desaprobado
34364066_GEN-101_2025-1_2025-06-18,34364066_GEN-101_2025-1,2025-06-18,2,Desaprobado
40658261_DAT-101_2025-1_2025-06-18,40658261_DAT-101_2025-1,2025-06-18,4,Aprobado
39796864_IA-400_2025-1_2025-06-18,39796864_IA-400_2025-1,2025-06-18,6,Aprobado
30483176_GEN-101_2025-1_2025-06-18,30483176_GEN-101_2025-1,2025-06-18,7,Aprobado
34148661_IA-300_2025-1_2025-06-18,34148661_IA-300_2025-1,2025-06-18,6,Aprobado
40661993_IA-300_2025-1_2025-06-19,40661993_IA-300_2025-1,2025-06-19,5,Aprobado
30800017_MKT-200_2025-1_2025-06-19,30800017_MKT-200_2025-1,2025-06-19,7,Aprobado
38625723_MKT-200_2025-1_2025-06-19,38625723_MKT-200_2025-1,2025-06-19,9,Aprobado
46647366_DAT-201_2025-1_2025-06-19,46647366_DAT-201_2025-1,2025-06-19,4,Aprobado
45589540_MKT-200_2025-1_2025-06-19,45589540_MKT-200_2025-1,2025-06-19,2,Desaprobado
44286872_MKT-200_2025-1_2025-06-19,44286872_MKT-200_2025-1,2025-06-19,3,Desaprobado
43506692_IA-300_2025-1_2025-06-19,43506692_IA-300_2025-1,2025-06-19,7,Aprobado
40832369_NEG-400_2025-1_2025-06-19,40832369_NEG-400_2025-1,2025-06-19,7,Aprobado
37091816_GEN-101_2025-1_2025-06-19,37091816_GEN-101_2025-1,2025-06-19,8,Aprobado
30677244_NEG-400_2025-1_2025-06-19,30677244_NEG-400_2025-1,2025-06-19,6,Aprobado
46669980_UX-100_2025-1_2025-06-19,46669980_UX-100_2025-1,2025-06-19,2,Desaprobado
45474521_MKT-200_2025-1_2025-06-19,45474521_MKT-200_2025-1,2025-06-19,6,Aprobado
32119317_UX-100_2025-1_2025-06-19,32119317_UX-100_2025-1,2025-06-19,6,Aprobado
36185529_DAT-101_2025-1_2025-06-19,36185529_DAT-101_2025-1,2025-06-19,4,Aprobado
32201924_IA-400_2025-1_2025-06-19,32201924_IA-400_2025-1,2025-06-19,8,Aprobado
38531623_DAT-201_2025-1_2025-06-19,38531623_DAT-201_2025-1,2025-06-19,7,Aprobado
37351522_IA-300_2025-1_2025-06-19,37351522_IA-300_2025-1,2025-06-19,6,Aprobado
32805911_IA-300_2025-1_2025-06-19,32805911_IA-300_2025-1,2025-06-19,2,Desaprobado
37952540_DAT-305_2025-1_2025-06-19,37952540_DAT-305_2025-1,2025-06-19,4,Aprobado
44107875_GEN-101_2025-1_2025-06-19,44107875_GEN-101_2025-1,2025-06-19,4,Aprobado
45417606_DAT-101_2025-1_2025-06-20,45417606_DAT-101_2025-1,2025-06-20,7,Aprobado
41213341_IA-300_2025-1_2025-06-20,41213341_IA-300_2025-1,2025-06-20,3,Desaprobado
32889452_DEV-101_2025-1_2025-06-20,32889452_DEV-101_2025-1,2025-06-20,7,Aprobado
47206312_DEV-101_2025-1_2025-06-20,47206312_DEV-101_2025-1,2025-06-20,2,Desaprobado
35284612_DEV-101_2025-1_2025-06-20,35284612_DEV-101_2025-1,2025-06-20,10,Aprobado
45417367_MKT-200_2025-1_2025-06-20,45417367_MKT-200_2025-1,2025-06-20,7,Aprobado
37013243_DAT-101_2025-1_2025-06-20,37013243_DAT-101_2025-1,2025-06-20,9,Aprobado
44702371_DAT-305_2025-1_2025-06-20,44702371_DAT-305_2025-1,2025-06-20,5,Aprobado
33175574_IA-400_2025-1_2025-06-20,33175574_IA-400_2025-1,2025-06-20,9,Aprobado
47103537_DEV-101_2025-1_2025-06-20,47103537_DEV-101_2025-1,2025-06-20,3,Desaprobado
44419143_NEG-400_2025-1_2025-06-20,44419143_NEG-400_2025-1,2025-06-20,2,Desaprobado
44174755_GEN-101_2025-1_2025-06-20,44174755_GEN-101_2025-1,2025-06-20,8,Aprobado
41907942_DAT-201_2025-1_2025-06-20,41907942_DAT-201_2025-1,2025-06-20,2,Desaprobado
47468880_DAT-305_2025-1_2025-06-20,47468880_DAT-305_2025-1,2025-06-20,7,Aprobado
31332769_MKT-200_2025-1_2025-06-20,31332769_MKT-200_2025-1,2025-06-20,4,Aprobado
39473672_IA-400_2025-1_2025-06-21,39473672_IA-400_2025-1,2025-06-21,5,Aprobado
46278232_IA-300_2025-1_2025-06-21,46278232_IA-300_2025-1,2025-06-21,4,Aprobado
36532331_DEV-101_2025-1_2025-06-21,36532331_DEV-101_2025-1,2025-06-21,6,Aprobado
38559625_UX-100_2025-1_2025-06-21,38559625_UX-100_2025-1,2025-06-21,2,Desaprobado
33717161_MKT-200_2025-1_2025-06-21,33717161_MKT-200_2025-1,2025-06-21,6,Aprobado
44345701_UX-100_2025-1_2025-06-21,44345701_UX-100_2025-1,2025-06-21,9,Aprobado
32108581_GEN-101_2025-1_2025-06-22,32108581_GEN-101_2025-1,2025-06-22,9,Aprobado
39737785_MKT-200_2025-1_2025-06-22,39737785_MKT-200_2025-1,2025-06-22,2,Desaprobado
32171676_DAT-101_2025-1_2025-06-22,32171676_DAT-101_2025-1,2025-06-22,8,Aprobado
44492127_DAT-101_2025-1_2025-06-22,44492127_DAT-101_2025-1,2025-06-22,10,Aprobado
34793173_DAT-201_2025-1_2025-06-22,34793173_DAT-201_2025-1,2025-06-22,4,Aprobado
37370656_MKT-200_2025-1_2025-06-22,37370656_MKT-200_2025-1,2025-06-22,1,Desaprobado
40330349_IA-400_2025-1_2025-06-22,40330349_IA-400_2025-1,2025-06-22,10,Aprobado
32171052_UX-100_2025-1_2025-06-22,32171052_UX-100_2025-1,2025-06-22,3,Desaprobado
39337175_DAT-101_2025-1_2025-06-22,39337175_DAT-101_2025-1,2025-06-22,4,Aprobado
36028849_DAT-201_2025-1_2025-06-22,36028849_DAT-201_2025-1,2025-06-22,5,Aprobado
34933614_NEG-400_2025-1_2025-06-22,34933614_NEG-400_2025-1,2025-06-22,5,Aprobado
46145128_DAT-101_2025-1_2025-06-22,46145128_DAT-101_2025-1,2025-06-22,9,Aprobado
41396027_DEV-101_2025-1_2025-06-22,41396027_DEV-101_2025-1,2025-06-22,10,Aprobado
38417833_DAT-101_2025-1_2025-06-22,38417833_DAT-101_2025-1,2025-06-22,10,Aprobado
36200569_DEV-101_2025-1_2025-06-22,36200569_DEV-101_2025-1,2025-06-22,8,Aprobado
37280564_IA-400_2025-1_2025-06-22,37280564_IA-400_2025-1,2025-06-22,4,Aprobado
45568950_DAT-201_2025-1_2025-06-22,45568950_DAT-201_2025-1,2025-06-22,4,Aprobado
41818271_GEN-101_2025-1_2025-06-22,41818271_GEN-101_2025-1,2025-06-22,4,Aprobado
35951430_DAT-201_2025-1_2025-06-22,35951430_DAT-201_2025-1,2025-06-22,3,Desaprobado
46965600_GEN-101_2025-1_2025-06-22,46965600_GEN-101_2025-1,2025-06-22,5,Aprobado
41803813_GEN-101_2025-1_2025-06-22,41803813_GEN-101_2025-1,2025-06-22,10,Aprobado
40832369_DAT-305_2025-1_2025-06-22,40832369_DAT-305_2025-1,2025-06-22,4,Aprobado
41066323_MKT-200_2025-1_2025-06-22,41066323_MKT-200_2025-1,2025-06-22,8,Aprobado
39073064_GEN-101_2025-1_2025-06-23,39073064_GEN-101_2025-1,2025-06-23,6,Aprobado
31076430_DAT-101_2025-1_2025-06-23,31076430_DAT-101_2025-1,2025-06-23,2,Desaprobado
37679372_IA-400_2025-1_2025-06-23,37679372_IA-400_2025-1,2025-06-23,8,Aprobado
46435125_UX-100_2025-1_2025-06-23,46435125_UX-100_2025-1,2025-06-23,7,Aprobado
35218002_DAT-201_2025-1_2025-06-23,35218002_DAT-201_2025-1,2025-06-23,10,Aprobado
37370656_MKT-200_2025-1_2025-06-23,37370656_MKT-200_2025-1,2025-06-23,5,Aprobado
41016204_MKT-200_2025-1_2025-06-23,41016204_MKT-200_2025-1,2025-06-23,1,Desaprobado
34401288_DEV-101_2025-1_2025-06-23,34401288_DEV-101_2025-1,2025-06-23,3,Desaprobado
47430513_GEN-101_2025-1_2025-06-23,47430513_GEN-101_2025-1,2025-06-23,3,Desaprobado
30187041_IA-400_2025-1_2025-06-23,30187041_IA-400_2025-1,2025-06-23,4,Aprobado
38794221_DAT-305_2025-1_2025-06-23,38794221_DAT-305_2025-1,2025-06-23,2,Desaprobado
37584867_DAT-101_2025-1_2025-06-23,37584867_DAT-101_2025-1,2025-06-23,5,Aprobado
36028849_DAT-305_2025-1_2025-06-23,36028849_DAT-305_2025-1,2025-06-23,9,Aprobado
44754301_DAT-101_2025-1_2025-06-23,44754301_DAT-101_2025-1,2025-06-23,6,Aprobado
32281165_MKT-200_2025-1_2025-06-23,32281165_MKT-200_2025-1,2025-06-23,5,Aprobado
34044850_NEG-400_2025-1_2025-06-23,34044850_NEG-400_2025-1,2025-06-23,7,Aprobado
36169395_IA-300_2025-1_2025-06-23,36169395_IA-300_2025-1,2025-06-23,2,Desaprobado
33916616_UX-100_2025-1_2025-06-23,33916616_UX-100_2025-1,2025-06-23,1,Desaprobado
43521267_DEV-101_2025-1_2025-06-23,43521267_DEV-101_2025-1,2025-06-23,1,Desaprobado
39121001_DAT-201_2025-1_2025-06-23,39121001_DAT-201_2025-1,2025-06-23,7,Aprobado
36971688_GEN-101_2025-1_2025-06-24,36971688_GEN-101_2025-1,2025-06-24,2,Desaprobado
37527174_UX-100_2025-1_2025-06-24,37527174_UX-100_2025-1,2025-06-24,10,Aprobado
39901527_DAT-101_2025-1_2025-06-24,39901527_DAT-101_2025-1,2025-06-24,5,Aprobado
39752062_GEN-101_2025-1_2025-06-24,39752062_GEN-101_2025-1,2025-06-24,8,Aprobado
46886132_IA-300_2025-1_2025-06-24,46886132_IA-300_2025-1,2025-06-24,2,Desaprobado
43895529_UX-100_2025-1_2025-06-24,43895529_UX-100_2025-1,2025-06-24,6,Aprobado
32329071_IA-400_2025-1_2025-06-24,32329071_IA-400_2025-1,2025-06-24,5,Aprobado
43713231_DAT-305_2025-1_2025-06-24,43713231_DAT-305_2025-1,2025-06-24,8,Aprobado
35821025_DAT-101_2025-1_2025-06-24,35821025_DAT-101_2025-1,2025-06-24,4,Aprobado
36907961_DEV-101_2025-1_2025-06-24,36907961_DEV-101_2025-1,2025-06-24,1,Desaprobado
47556368_DEV-101_2025-1_2025-06-24,47556368_DEV-101_2025-1,2025-06-24,5,Aprobado
34729179_IA-300_2025-1_2025-06-25,34729179_IA-300_2025-1,2025-06-25,1,Desaprobado
47776360_DAT-101_2025-1_2025-06-25,47776360_DAT-101_2025-1,2025-06-25,6,Aprobado
44754060_DAT-201_2025-1_2025-06-25,44754060_DAT-201_2025-1,2025-06-25,10,Aprobado
47404191_IA-400_2025-1_2025-06-25,47404191_IA-400_2025-1,2025-06-25,7,Aprobado
43904377_IA-300_2025-1_2025-06-25,43904377_IA-300_2025-1,2025-06-25,10,Aprobado
46886132_IA-400_2025-1_2025-06-25,46886132_IA-400_2025-1,2025-06-25,4,Aprobado
40333573_UX-100_2025-1_2025-06-25,40333573_UX-100_2025-1,2025-06-25,8,Aprobado
36765559_IA-300_2025-1_2025-06-25,36765559_IA-300_2025-1,2025-06-25,8,Aprobado
43832291_IA-400_2025-1_2025-06-25,43832291_IA-400_2025-1,2025-06-25,1,Desaprobado
39623347_UX-100_2025-1_2025-06-25,39623347_UX-100_2025-1,2025-06-25,2,Desaprobado
40333573_IA-400_2025-1_2025-06-25,40333573_IA-400_2025-1,2025-06-25,3,Desaprobado
38869750_DAT-101_2025-1_2025-06-25,38869750_DAT-101_2025-1,2025-06-25,5,Aprobado
37057932_IA-400_2025-1_2025-06-25,37057932_IA-400_2025-1,2025-06-25,4,Aprobado
40783770_DEV-101_2025-1_2025-06-26,40783770_DEV-101_2025-1,2025-06-26,4,Aprobado
37280564_GEN-101_2025-1_2025-06-26,37280564_GEN-101_2025-1,2025-06-26,5,Aprobado
39040140_DAT-101_2025-1_2025-06-26,39040140_DAT-101_2025-1,2025-06-26,3,Desaprobado
30163309_IA-400_2025-1_2025-06-26,30163309_IA-400_2025-1,2025-06-26,2,Desaprobado
44229724_UX-100_2025-1_2025-06-26,44229724_UX-100_2025-1,2025-06-26,9,Aprobado
37017626_NEG-400_2025-1_2025-06-26,37017626_NEG-400_2025-1,2025-06-26,6,Aprobado
41661140_MKT-200_2025-1_2025-06-26,41661140_MKT-200_2025-1,2025-06-26,9,Aprobado
40400092_DEV-101_2025-1_2025-06-26,40400092_DEV-101_2025-1,2025-06-26,6,Aprobado
35419862_NEG-400_2025-1_2025-06-26,35419862_NEG-400_2025-1,2025-06-26,7,Aprobado
39278348_UX-100_2025-1_2025-06-26,39278348_UX-100_2025-1,2025-06-26,9,Aprobado
47162613_DAT-101_2025-1_2025-06-26,47162613_DAT-101_2025-1,2025-06-26,1,Desaprobado
35385278_GEN-101_2025-1_2025-06-26,35385278_GEN-101_2025-1,2025-06-26,5,Aprobado
39796864_IA-300_2025-1_2025-06-26,39796864_IA-300_2025-1,2025-06-26,10,Aprobado
32860968_DAT-201_2025-1_2025-06-26,32860968_DAT-201_2025-1,2025-06-26,6,Aprobado
47649810_DEV-101_2025-1_2025-06-26,47649810_DEV-101_2025-1,2025-06-26,6,Aprobado
38869750_UX-100_2025-1_2025-06-26,38869750_UX-100_2025-1,2025-06-26,5,Aprobado
47399378_IA-400_2025-1_2025-06-26,47399378_IA-400_2025-1,2025-06-26,8,Aprobado
37057932_GEN-101_2025-1_2025-06-27,37057932_GEN-101_2025-1,2025-06-27,9,Aprobado
46411752_DAT-201_2025-1_2025-06-27,46411752_DAT-201_2025-1,2025-06-27,10,Aprobado
43331228_GEN-101_2025-1_2025-06-27,43331228_GEN-101_2025-1,2025-06-27,9,Aprobado
33698941_GEN-101_2025-1_2025-06-27,33698941_GEN-101_2025-1,2025-06-27,2,Desaprobado
46637531_DAT-305_2025-1_2025-06-27,46637531_DAT-305_2025-1,2025-06-27,8,Aprobado
47247100_DAT-305_2025-1_2025-06-27,47247100_DAT-305_2025-1,2025-06-27,3,Desaprobado
33683627_IA-300_2025-1_2025-06-27,33683627_IA-300_2025-1,2025-06-27,2,Desaprobado
44115909_DAT-101_2025-1_2025-06-27,44115909_DAT-101_2025-1,2025-06-27,7,Aprobado
36701529_DAT-305_2025-1_2025-06-27,36701529_DAT-305_2025-1,2025-06-27,3,Desaprobado
36600824_DAT-201_2025-1_2025-06-27,36600824_DAT-201_2025-1,2025-06-27,6,Aprobado
46435125_DEV-101_2025-1_2025-06-27,46435125_DEV-101_2025-1,2025-06-27,4,Aprobado
35837738_GEN-101_2025-1_2025-06-27,35837738_GEN-101_2025-1,2025-06-27,6,Aprobado
32108581_DEV-101_2025-1_2025-06-27,32108581_DEV-101_2025-1,2025-06-27,2,Desaprobado
35839853_GEN-101_2025-1_2025-06-27,35839853_GEN-101_2025-1,2025-06-27,6,Aprobado
32098690_DAT-305_2025-1_2025-06-27,32098690_DAT-305_2025-1,2025-06-27,3,Desaprobado
41166199_DAT-305_2025-1_2025-06-27,41166199_DAT-305_2025-1,2025-06-27,1,Desaprobado
32454237_DAT-101_2025-1_2025-06-27,32454237_DAT-101_2025-1,2025-06-27,2,Desaprobado
36727561_DAT-201_2025-1_2025-06-28,36727561_DAT-201_2025-1,2025-06-28,4,Aprobado
31898350_IA-400_2025-1_2025-06-28,31898350_IA-400_2025-1,2025-06-28,7,Aprobado
40284355_IA-300_2025-1_2025-06-28,40284355_IA-300_2025-1,2025-06-28,9,Aprobado
33962182_GEN-101_2025-1_2025-06-28,33962182_GEN-101_2025-1,2025-06-28,5,Aprobado
47733210_IA-300_2025-1_2025-06-28,47733210_IA-300_2025-1,2025-06-28,2,Desaprobado
43871165_DAT-201_2025-1_2025-06-28,43871165_DAT-201_2025-1,2025-06-28,7,Aprobado
44343339_DAT-201_2025-1_2025-06-28,44343339_DAT-201_2025-1,2025-06-28,4,Aprobado
38940969_IA-300_2025-1_2025-06-28,38940969_IA-300_2025-1,2025-06-28,1,Desaprobado
34935270_IA-300_2025-1_2025-06-28,34935270_IA-300_2025-1,2025-06-28,5,Aprobado
31324108_DAT-101_2025-1_2025-06-28,31324108_DAT-101_2025-1,2025-06-28,10,Aprobado
32567561_NEG-400_2025-1_2025-06-28,32567561_NEG-400_2025-1,2025-06-28,5,Aprobado
40852091_IA-300_2025-1_2025-06-28,40852091_IA-300_2025-1,2025-06-28,3,Desaprobado
40719473_MKT-200_2025-1_2025-06-28,40719473_MKT-200_2025-1,2025-06-28,4,Aprobado
35383408_NEG-400_2025-1_2025-06-28,35383408_NEG-400_2025-1,2025-06-28,5,Aprobado
44811661_IA-400_2025-1_2025-06-28,44811661_IA-400_2025-1,2025-06-28,9,Aprobado
33641153_UX-100_2025-1_2025-06-29,33641153_UX-100_2025-1,2025-06-29,6,Aprobado
34832335_MKT-200_2025-1_2025-06-29,34832335_MKT-200_2025-1,2025-06-29,9,Aprobado
46890428_DEV-101_2025-1_2025-06-29,46890428_DEV-101_2025-1,2025-06-29,5,Aprobado
46669980_DAT-201_2025-1_2025-06-29,46669980_DAT-201_2025-1,2025-06-29,8,Aprobado
33296162_DAT-201_2025-1_2025-06-29,33296162_DAT-201_2025-1,2025-06-29,6,Aprobado
46591765_DAT-201_2025-1_2025-06-29,46591765_DAT-201_2025-1,2025-06-29,9,Aprobado
47707678_DEV-101_2025-1_2025-06-29,47707678_DEV-101_2025-1,2025-06-29,5,Aprobado
41006133_GEN-101_2025-1_2025-06-29,41006133_GEN-101_2025-1,2025-06-29,8,Aprobado
34486034_UX-100_2025-1_2025-06-29,34486034_UX-100_2025-1,2025-06-29,4,Aprobado
47983613_NEG-400_2025-1_2025-06-29,47983613_NEG-400_2025-1,2025-06-29,7,Aprobado
45763623_DEV-101_2025-1_2025-06-29,45763623_DEV-101_2025-1,2025-06-29,7,Aprobado
36349336_NEG-400_2025-1_2025-06-29,36349336_NEG-400_2025-1,2025-06-29,3,Desaprobado
33816707_DAT-101_2025-1_2025-06-29,33816707_DAT-101_2025-1,2025-06-29,1,Desaprobado
40612010_DEV-101_2025-1_2025-06-29,40612010_DEV-101_2025-1,2025-06-29,3,Desaprobado
38340878_GEN-101_2025-1_2025-06-29,38340878_GEN-101_2025-1,2025-06-29,4,Aprobado
37885100_DAT-201_2025-1_2025-06-29,37885100_DAT-201_2025-1,2025-06-29,6,Aprobado
44291013_IA-300_2025-1_2025-06-29,44291013_IA-300_2025-1,2025-06-29,2,Desaprobado
38549006_IA-400_2025-1_2025-06-29,38549006_IA-400_2025-1,2025-06-29,5,Aprobado
39908813_DAT-305_2025-1_2025-06-29,39908813_DAT-305_2025-1,2025-06-29,9,Aprobado
34987487_IA-300_2025-1_2025-06-29,34987487_IA-300_2025-1,2025-06-29,1,Desaprobado
47969954_GEN-101_2025-1_2025-06-29,47969954_GEN-101_2025-1,2025-06-29,7,Aprobado
41051244_NEG-400_2025-1_2025-06-29,41051244_NEG-400_2025-1,2025-06-29,4,Aprobado
37725025_DAT-201_2025-1_2025-06-29,37725025_DAT-201_2025-1,2025-06-29,8,Aprobado
44101321_DAT-201_2025-1_2025-06-29,44101321_DAT-201_2025-1,2025-06-29,2,Desaprobado
33914516_DEV-101_2025-1_2025-06-30,33914516_DEV-101_2025-1,2025-06-30,6,Aprobado
46647366_IA-400_2025-1_2025-06-30,46647366_IA-400_2025-1,2025-06-30,3,Desaprobado
41803813_DAT-305_2025-1_2025-06-30,41803813_DAT-305_2025-1,2025-06-30,6,Aprobado
45311516_IA-400_2025-1_2025-06-30,45311516_IA-400_2025-1,2025-06-30,8,Aprobado
44830567_IA-300_2025-1_2025-06-30,44830567_IA-300_2025-1,2025-06-30,7,Aprobado
31349203_UX-100_2025-1_2025-06-30,31349203_UX-100_2025-1,2025-06-30,3,Desaprobado
47320705_NEG-400_2025-1_2025-06-30,47320705_NEG-400_2025-1,2025-06-30,8,Aprobado
45076705_UX-100_2025-1_2025-06-30,45076705_UX-100_2025-1,2025-06-30,9,Aprobado
41785959_DAT-101_2025-1_2025-06-30,41785959_DAT-101_2025-1,2025-06-30,4,Aprobado
31961540_DAT-201_2025-1_2025-06-30,31961540_DAT-201_2025-1,2025-06-30,8,Aprobado
40284355_IA-400_2025-1_2025-06-30,40284355_IA-400_2025-1,2025-06-30,1,Desaprobado
33127447_GEN-101_2025-1_2025-06-30,33127447_GEN-101_2025-1,2025-06-30,10,Aprobado
30386246_NEG-400_2025-1_2025-06-30,30386246_NEG-400_2025-1,2025-06-30,4,Aprobado
30224289_IA-300_2025-1_2025-06-30,30224289_IA-300_2025-1,2025-06-30,9,Aprobado
34923335_DEV-101_2025-1_2025-06-30,34923335_DEV-101_2025-1,2025-06-30,8,Aprobado
31660305_NEG-400_2025-1_2025-06-30,31660305_NEG-400_2025-1,2025-06-30,4,Aprobado
38622475_NEG-400_2025-1_2025-06-30,38622475_NEG-400_2025-1,2025-06-30,4,Aprobado
39171997_DAT-201_2025-1_2025-06-30,39171997_DAT-201_2025-1,2025-06-30,10,Aprobado
43521267_DAT-101_2025-1_2025-06-30,43521267_DAT-101_2025-1,2025-06-30,6,Aprobado
34148661_DAT-101_2025-1_2025-06-30,34148661_DAT-101_2025-1,2025-06-30,7,Aprobado
47506119_MKT-200_2025-1_2025-06-30,47506119_MKT-200_2025-1,2025-06-30,4,Aprobado
46894068_DEV-101_2025-1_2025-06-30,46894068_DEV-101_2025-1,2025-06-30,4,Aprobado
40804778_UX-100_2025-1_2025-06-30,40804778_UX-100_2025-1,2025-06-30,1,Desaprobado
34615409_DAT-101_2025-1_2025-06-30,34615409_DAT-101_2025-1,2025-06-30,6,Aprobado
38869750_DAT-101_2025-1_2025-06-30,38869750_DAT-101_2025-1,2025-06-30,1,Desaprobado
45177548_NEG-400_2025-1_2025-06-30,45177548_NEG-400_2025-1,2025-06-30,4,Aprobado
35757363_DEV-101_2025-2_2025-07-01,35757363_DEV-101_2025-2,2025-07-01,10,Aprobado
32839194_DAT-305_2025-2_2025-07-01,32839194_DAT-305_2025-2,2025-07-01,5,Aprobado
40337941_MKT-200_2025-2_2025-07-01,40337941_MKT-200_2025-2,2025-07-01,6,Aprobado
46026190_GEN-101_2025-2_2025-07-01,46026190_GEN-101_2025-2,2025-07-01,7,Aprobado
37008739_IA-300_2025-2_2025-07-01,37008739_IA-300_2025-2,2025-07-01,8,Aprobado
40358538_IA-300_2025-2_2025-07-01,40358538_IA-300_2025-2,2025-07-01,8,Aprobado
32726810_DAT-305_2025-2_2025-07-01,32726810_DAT-305_2025-2,2025-07-01,10,Aprobado
44811354_UX-100_2025-2_2025-07-01,44811354_UX-100_2025-2,2025-07-01,2,Desaprobado
44521729_UX-100_2025-2_2025-07-01,44521729_UX-100_2025-2,2025-07-01,5,Aprobado
41398180_GEN-101_2025-2_2025-07-01,41398180_GEN-101_2025-2,2025-07-01,6,Aprobado
30528419_NEG-400_2025-2_2025-07-01,30528419_NEG-400_2025-2,2025-07-01,8,Aprobado
40989234_DAT-305_2025-2_2025-07-01,40989234_DAT-305_2025-2,2025-07-01,6,Aprobado
44490644_DAT-101_2025-2_2025-07-01,44490644_DAT-101_2025-2,2025-07-01,10,Aprobado
40531804_UX-100_2025-2_2025-07-01,40531804_UX-100_2025-2,2025-07-01,8,Aprobado
44858776_IA-300_2025-2_2025-07-01,44858776_IA-300_2025-2,2025-07-01,3,Desaprobado
32349636_DEV-101_2025-2_2025-07-02,32349636_DEV-101_2025-2,2025-07-02,5,Aprobado
40833222_IA-400_2025-2_2025-07-02,40833222_IA-400_2025-2,2025-07-02,1,Desaprobado
31355414_MKT-200_2025-2_2025-07-02,31355414_MKT-200_2025-2,2025-07-02,4,Aprobado
38042975_UX-100_2025-2_2025-07-02,38042975_UX-100_2025-2,2025-07-02,10,Aprobado
47731681_GEN-101_2025-2_2025-07-02,47731681_GEN-101_2025-2,2025-07-02,4,Aprobado
33479160_DAT-305_2025-2_2025-07-02,33479160_DAT-305_2025-2,2025-07-02,2,Desaprobado
39901527_GEN-101_2025-2_2025-07-02,39901527_GEN-101_2025-2,2025-07-02,4,Aprobado
46599245_DAT-201_2025-2_2025-07-02,46599245_DAT-201_2025-2,2025-07-02,5,Aprobado
38589344_MKT-200_2025-2_2025-07-02,38589344_MKT-200_2025-2,2025-07-02,7,Aprobado
38648189_NEG-400_2025-2_2025-07-02,38648189_NEG-400_2025-2,2025-07-02,8,Aprobado
31185628_GEN-101_2025-2_2025-07-02,31185628_GEN-101_2025-2,2025-07-02,9,Aprobado
41532385_NEG-400_2025-2_2025-07-02,41532385_NEG-400_2025-2,2025-07-02,6,Aprobado
36434636_GEN-101_2025-2_2025-07-02,36434636_GEN-101_2025-2,2025-07-02,4,Aprobado
30713710_MKT-200_2025-2_2025-07-02,30713710_MKT-200_2025-2,2025-07-02,8,Aprobado
31486885_DEV-101_2025-2_2025-07-02,31486885_DEV-101_2025-2,2025-07-02,4,Aprobado
34832335_DAT-101_2025-2_2025-07-02,34832335_DAT-101_2025-2,2025-07-02,2,Desaprobado
47163691_MKT-200_2025-2_2025-07-03,47163691_MKT-200_2025-2,2025-07-03,2,Desaprobado
43344838_DAT-201_2025-2_2025-07-03,43344838_DAT-201_2025-2,2025-07-03,8,Aprobado
47233498_MKT-200_2025-2_2025-07-03,47233498_MKT-200_2025-2,2025-07-03,1,Desaprobado
43098716_IA-400_2025-2_2025-07-03,43098716_IA-400_2025-2,2025-07-03,3,Desaprobado
47700089_IA-300_2025-2_2025-07-03,47700089_IA-300_2025-2,2025-07-03,8,Aprobado
38500035_MKT-200_2025-2_2025-07-03,38500035_MKT-200_2025-2,2025-07-03,1,Desaprobado
38693211_UX-100_2025-2_2025-07-03,38693211_UX-100_2025-2,2025-07-03,1,Desaprobado
35033683_NEG-400_2025-2_2025-07-03,35033683_NEG-400_2025-2,2025-07-03,5,Aprobado
45763623_DAT-305_2025-2_2025-07-03,45763623_DAT-305_2025-2,2025-07-03,7,Aprobado
33596181_NEG-400_2025-2_2025-07-03,33596181_NEG-400_2025-2,2025-07-03,5,Aprobado
37335497_DEV-101_2025-2_2025-07-03,37335497_DEV-101_2025-2,2025-07-03,4,Aprobado
32454237_IA-400_2025-2_2025-07-04,32454237_IA-400_2025-2,2025-07-04,6,Aprobado
35419862_DAT-305_2025-2_2025-07-04,35419862_DAT-305_2025-2,2025-07-04,6,Aprobado
30811908_IA-400_2025-2_2025-07-04,30811908_IA-400_2025-2,2025-07-04,4,Aprobado
32726810_MKT-200_2025-2_2025-07-04,32726810_MKT-200_2025-2,2025-07-04,7,Aprobado
47826221_IA-300_2025-2_2025-07-04,47826221_IA-300_2025-2,2025-07-04,3,Desaprobado
32703610_IA-300_2025-2_2025-07-04,32703610_IA-300_2025-2,2025-07-04,7,Aprobado
44959844_NEG-400_2025-2_2025-07-04,44959844_NEG-400_2025-2,2025-07-04,5,Aprobado
33511174_DAT-101_2025-2_2025-07-04,33511174_DAT-101_2025-2,2025-07-04,6,Aprobado
46649401_IA-300_2025-2_2025-07-04,46649401_IA-300_2025-2,2025-07-04,4,Aprobado
46271176_DEV-101_2025-2_2025-07-04,46271176_DEV-101_2025-2,2025-07-04,10,Aprobado
44702371_NEG-400_2025-2_2025-07-04,44702371_NEG-400_2025-2,2025-07-04,5,Aprobado
47909977_GEN-101_2025-2_2025-07-04,47909977_GEN-101_2025-2,2025-07-04,7,Aprobado
31360651_GEN-101_2025-2_2025-07-04,31360651_GEN-101_2025-2,2025-07-04,8,Aprobado
46382860_DAT-201_2025-2_2025-07-04,46382860_DAT-201_2025-2,2025-07-04,7,Aprobado
45663240_IA-300_2025-2_2025-07-04,45663240_IA-300_2025-2,2025-07-04,4,Aprobado
32496231_DAT-101_2025-2_2025-07-04,32496231_DAT-101_2025-2,2025-07-04,8,Aprobado
46556662_DEV-101_2025-2_2025-07-04,46556662_DEV-101_2025-2,2025-07-04,6,Aprobado
38275238_DAT-201_2025-2_2025-07-04,38275238_DAT-201_2025-2,2025-07-04,9,Aprobado
33418893_GEN-101_2025-2_2025-07-04,33418893_GEN-101_2025-2,2025-07-04,8,Aprobado
31379839_UX-100_2025-2_2025-07-04,31379839_UX-100_2025-2,2025-07-04,7,Aprobado
36314879_IA-300_2025-2_2025-07-04,36314879_IA-300_2025-2,2025-07-04,1,Desaprobado
46521420_NEG-400_2025-2_2025-07-05,46521420_NEG-400_2025-2,2025-07-05,5,Aprobado
37392794_IA-300_2025-2_2025-07-05,37392794_IA-300_2025-2,2025-07-05,4,Aprobado
40201800_UX-100_2025-2_2025-07-05,40201800_UX-100_2025-2,2025-07-05,10,Aprobado
32128322_DAT-101_2025-2_2025-07-05,32128322_DAT-101_2025-2,2025-07-05,8,Aprobado
34288472_MKT-200_2025-2_2025-07-05,34288472_MKT-200_2025-2,2025-07-05,7,Aprobado
30173121_UX-100_2025-2_2025-07-05,30173121_UX-100_2025-2,2025-07-05,10,Aprobado
45775192_UX-100_2025-2_2025-07-05,45775192_UX-100_2025-2,2025-07-05,1,Desaprobado
32726810_DAT-201_2025-2_2025-07-05,32726810_DAT-201_2025-2,2025-07-05,4,Aprobado
34702143_DAT-201_2025-2_2025-07-05,34702143_DAT-201_2025-2,2025-07-05,3,Desaprobado
37840610_DAT-101_2025-2_2025-07-05,37840610_DAT-101_2025-2,2025-07-05,6,Aprobado
35054932_UX-100_2025-2_2025-07-05,35054932_UX-100_2025-2,2025-07-05,8,Aprobado
44415606_DEV-101_2025-2_2025-07-05,44415606_DEV-101_2025-2,2025-07-05,2,Desaprobado
46649401_MKT-200_2025-2_2025-07-05,46649401_MKT-200_2025-2,2025-07-05,9,Aprobado
31221480_GEN-101_2025-2_2025-07-05,31221480_GEN-101_2025-2,2025-07-05,7,Aprobado
31685297_DAT-305_2025-2_2025-07-06,31685297_DAT-305_2025-2,2025-07-06,2,Desaprobado
40948220_MKT-200_2025-2_2025-07-06,40948220_MKT-200_2025-2,2025-07-06,4,Aprobado
44476887_IA-400_2025-2_2025-07-06,44476887_IA-400_2025-2,2025-07-06,8,Aprobado
46596607_GEN-101_2025-2_2025-07-06,46596607_GEN-101_2025-2,2025-07-06,5,Aprobado
47826221_DEV-101_2025-2_2025-07-06,47826221_DEV-101_2025-2,2025-07-06,10,Aprobado
31924807_DAT-101_2025-2_2025-07-06,31924807_DAT-101_2025-2,2025-07-06,10,Aprobado
47163691_MKT-200_2025-2_2025-07-06,47163691_MKT-200_2025-2,2025-07-06,7,Aprobado
43651947_IA-300_2025-2_2025-07-06,43651947_IA-300_2025-2,2025-07-06,1,Desaprobado
43827991_IA-400_2025-2_2025-07-06,43827991_IA-400_2025-2,2025-07-06,7,Aprobado
46706919_IA-300_2025-2_2025-07-06,46706919_IA-300_2025-2,2025-07-06,4,Aprobado
47022459_DAT-305_2025-2_2025-07-06,47022459_DAT-305_2025-2,2025-07-06,1,Desaprobado
44419143_IA-400_2025-2_2025-07-06,44419143_IA-400_2025-2,2025-07-06,10,Aprobado
41166199_IA-300_2025-2_2025-07-06,41166199_IA-300_2025-2,2025-07-06,1,Desaprobado
45459710_DAT-201_2025-2_2025-07-06,45459710_DAT-201_2025-2,2025-07-06,5,Aprobado
37561242_NEG-400_2025-2_2025-07-06,37561242_NEG-400_2025-2,2025-07-06,6,Aprobado
32283744_GEN-101_2025-2_2025-07-06,32283744_GEN-101_2025-2,2025-07-06,10,Aprobado
32318137_GEN-101_2025-2_2025-07-06,32318137_GEN-101_2025-2,2025-07-06,6,Aprobado
41818271_UX-100_2025-2_2025-07-06,41818271_UX-100_2025-2,2025-07-06,4,Aprobado
40287807_UX-100_2025-2_2025-07-06,40287807_UX-100_2025-2,2025-07-06,1,Desaprobado
36510557_DAT-201_2025-2_2025-07-06,36510557_DAT-201_2025-2,2025-07-06,4,Aprobado
43344838_UX-100_2025-2_2025-07-06,43344838_UX-100_2025-2,2025-07-06,5,Aprobado
31206140_MKT-200_2025-2_2025-07-06,31206140_MKT-200_2025-2,2025-07-06,1,Desaprobado
30672524_GEN-101_2025-2_2025-07-06,30672524_GEN-101_2025-2,2025-07-06,10,Aprobado
38292751_DAT-305_2025-2_2025-07-06,38292751_DAT-305_2025-2,2025-07-06,8,Aprobado
35069582_IA-300_2025-2_2025-07-06,35069582_IA-300_2025-2,2025-07-06,10,Aprobado
46992814_DAT-201_2025-2_2025-07-06,46992814_DAT-201_2025-2,2025-07-06,9,Aprobado
40366603_IA-400_2025-2_2025-07-07,40366603_IA-400_2025-2,2025-07-07,8,Aprobado
32139544_UX-100_2025-2_2025-07-07,32139544_UX-100_2025-2,2025-07-07,5,Aprobado
35033683_DAT-305_2025-2_2025-07-07,35033683_DAT-305_2025-2,2025-07-07,10,Aprobado
34508579_IA-300_2025-2_2025-07-07,34508579_IA-300_2025-2,2025-07-07,4,Aprobado
31297438_NEG-400_2025-2_2025-07-07,31297438_NEG-400_2025-2,2025-07-07,4,Aprobado
44454123_DAT-305_2025-2_2025-07-07,44454123_DAT-305_2025-2,2025-07-07,3,Desaprobado
43344838_IA-400_2025-2_2025-07-07,43344838_IA-400_2025-2,2025-07-07,3,Desaprobado
39281798_GEN-101_2025-2_2025-07-07,39281798_GEN-101_2025-2,2025-07-07,5,Aprobado
34446896_DAT-305_2025-2_2025-07-07,34446896_DAT-305_2025-2,2025-07-07,1,Desaprobado
36971688_GEN-101_2025-2_2025-07-07,36971688_GEN-101_2025-2,2025-07-07,5,Aprobado
31277192_IA-400_2025-2_2025-07-07,31277192_IA-400_2025-2,2025-07-07,8,Aprobado
38263069_DEV-101_2025-2_2025-07-07,38263069_DEV-101_2025-2,2025-07-07,1,Desaprobado
39214817_DAT-305_2025-2_2025-07-07,39214817_DAT-305_2025-2,2025-07-07,10,Aprobado
36364003_DAT-101_2025-2_2025-07-07,36364003_DAT-101_2025-2,2025-07-07,1,Desaprobado
34223113_NEG-400_2025-2_2025-07-07,34223113_NEG-400_2025-2,2025-07-07,4,Aprobado
41051244_DAT-201_2025-2_2025-07-07,41051244_DAT-201_2025-2,2025-07-07,1,Desaprobado
47022459_DAT-101_2025-2_2025-07-07,47022459_DAT-101_2025-2,2025-07-07,8,Aprobado
31471846_NEG-400_2025-2_2025-07-07,31471846_NEG-400_2025-2,2025-07-07,3,Desaprobado
32592763_DAT-305_2025-2_2025-07-08,32592763_DAT-305_2025-2,2025-07-08,9,Aprobado
46346975_MKT-200_2025-2_2025-07-08,46346975_MKT-200_2025-2,2025-07-08,8,Aprobado
33742338_DAT-201_2025-2_2025-07-08,33742338_DAT-201_2025-2,2025-07-08,5,Aprobado
36892333_UX-100_2025-2_2025-07-08,36892333_UX-100_2025-2,2025-07-08,2,Desaprobado
36594251_DEV-101_2025-2_2025-07-08,36594251_DEV-101_2025-2,2025-07-08,7,Aprobado
39335040_DAT-101_2025-2_2025-07-08,39335040_DAT-101_2025-2,2025-07-08,8,Aprobado
34631520_UX-100_2025-2_2025-07-08,34631520_UX-100_2025-2,2025-07-08,9,Aprobado
45315237_GEN-101_2025-2_2025-07-08,45315237_GEN-101_2025-2,2025-07-08,4,Aprobado
36331097_DAT-101_2025-2_2025-07-08,36331097_DAT-101_2025-2,2025-07-08,3,Desaprobado
44115909_DAT-201_2025-2_2025-07-08,44115909_DAT-201_2025-2,2025-07-08,6,Aprobado
46894068_DAT-101_2025-2_2025-07-08,46894068_DAT-101_2025-2,2025-07-08,5,Aprobado
31559920_DAT-201_2025-2_2025-07-08,31559920_DAT-201_2025-2,2025-07-08,8,Aprobado
36511898_DEV-101_2025-2_2025-07-08,36511898_DEV-101_2025-2,2025-07-08,4,Aprobado
35683885_GEN-101_2025-2_2025-07-08,35683885_GEN-101_2025-2,2025-07-08,9,Aprobado
34441439_DEV-101_2025-2_2025-07-08,34441439_DEV-101_2025-2,2025-07-08,5,Aprobado
39073370_UX-100_2025-2_2025-07-08,39073370_UX-100_2025-2,2025-07-08,8,Aprobado
32776935_UX-100_2025-2_2025-07-08,32776935_UX-100_2025-2,2025-07-08,9,Aprobado
43344838_MKT-200_2025-2_2025-07-08,43344838_MKT-200_2025-2,2025-07-08,7,Aprobado
30125745_DAT-305_2025-2_2025-07-08,30125745_DAT-305_2025-2,2025-07-08,8,Aprobado
44730308_MKT-200_2025-2_2025-07-08,44730308_MKT-200_2025-2,2025-07-08,7,Aprobado
41912939_DAT-305_2025-2_2025-07-08,41912939_DAT-305_2025-2,2025-07-08,8,Aprobado
33201122_IA-300_2025-2_2025-07-08,33201122_IA-300_2025-2,2025-07-08,8,Aprobado
36349336_DEV-101_2025-2_2025-07-08,36349336_DEV-101_2025-2,2025-07-08,10,Aprobado
44827801_UX-100_2025-2_2025-07-08,44827801_UX-100_2025-2,2025-07-08,8,Aprobado
32201924_NEG-400_2025-2_2025-07-08,32201924_NEG-400_2025-2,2025-07-08,10,Aprobado
41627786_DEV-101_2025-2_2025-07-08,41627786_DEV-101_2025-2,2025-07-08,2,Desaprobado
35983804_GEN-101_2025-2_2025-07-08,35983804_GEN-101_2025-2,2025-07-08,6,Aprobado
34764302_IA-400_2025-2_2025-07-09,34764302_IA-400_2025-2,2025-07-09,3,Desaprobado
45619097_IA-400_2025-2_2025-07-09,45619097_IA-400_2025-2,2025-07-09,8,Aprobado
39407484_MKT-200_2025-2_2025-07-09,39407484_MKT-200_2025-2,2025-07-09,3,Desaprobado
33698941_MKT-200_2025-2_2025-07-09,33698941_MKT-200_2025-2,2025-07-09,9,Aprobado
31547849_DEV-101_2025-2_2025-07-09,31547849_DEV-101_2025-2,2025-07-09,8,Aprobado
46218945_GEN-101_2025-2_2025-07-09,46218945_GEN-101_2025-2,2025-07-09,8,Aprobado
43162851_DAT-101_2025-2_2025-07-09,43162851_DAT-101_2025-2,2025-07-09,10,Aprobado
36158027_DAT-305_2025-2_2025-07-09,36158027_DAT-305_2025-2,2025-07-09,6,Aprobado
39337175_NEG-400_2025-2_2025-07-09,39337175_NEG-400_2025-2,2025-07-09,9,Aprobado
35722006_IA-300_2025-2_2025-07-09,35722006_IA-300_2025-2,2025-07-09,2,Desaprobado
46284693_DEV-101_2025-2_2025-07-09,46284693_DEV-101_2025-2,2025-07-09,10,Aprobado
46040721_NEG-400_2025-2_2025-07-09,46040721_NEG-400_2025-2,2025-07-09,10,Aprobado
44284431_GEN-101_2025-2_2025-07-09,44284431_GEN-101_2025-2,2025-07-09,9,Aprobado
30851248_IA-400_2025-2_2025-07-09,30851248_IA-400_2025-2,2025-07-09,1,Desaprobado
37039481_IA-300_2025-2_2025-07-09,37039481_IA-300_2025-2,2025-07-09,6,Aprobado
39535799_DAT-101_2025-2_2025-07-09,39535799_DAT-101_2025-2,2025-07-09,2,Desaprobado
47021675_DAT-101_2025-2_2025-07-09,47021675_DAT-101_2025-2,2025-07-09,6,Aprobado
34841664_UX-100_2025-2_2025-07-09,34841664_UX-100_2025-2,2025-07-09,1,Desaprobado
34743406_IA-400_2025-2_2025-07-09,34743406_IA-400_2025-2,2025-07-09,7,Aprobado
40099804_DAT-305_2025-2_2025-07-10,40099804_DAT-305_2025-2,2025-07-10,8,Aprobado
37280564_DAT-201_2025-2_2025-07-10,37280564_DAT-201_2025-2,2025-07-10,4,Aprobado
38648189_UX-100_2025-2_2025-07-10,38648189_UX-100_2025-2,2025-07-10,5,Aprobado
41785959_DAT-305_2025-2_2025-07-10,41785959_DAT-305_2025-2,2025-07-10,3,Desaprobado
31961540_IA-300_2025-2_2025-07-10,31961540_IA-300_2025-2,2025-07-10,10,Aprobado
46653953_DAT-305_2025-2_2025-07-10,46653953_DAT-305_2025-2,2025-07-10,10,Aprobado
44445238_DAT-201_2025-2_2025-07-10,44445238_DAT-201_2025-2,2025-07-10,8,Aprobado
40283838_DEV-101_2025-2_2025-07-10,40283838_DEV-101_2025-2,2025-07-10,2,Desaprobado
41671067_NEG-400_2025-2_2025-07-10,41671067_NEG-400_2025-2,2025-07-10,10,Aprobado
38393487_IA-400_2025-2_2025-07-10,38393487_IA-400_2025-2,2025-07-10,2,Desaprobado
36145210_NEG-400_2025-2_2025-07-10,36145210_NEG-400_2025-2,2025-07-10,2,Desaprobado
33520255_GEN-101_2025-2_2025-07-10,33520255_GEN-101_2025-2,2025-07-10,2,Desaprobado
47826221_DAT-305_2025-2_2025-07-10,47826221_DAT-305_2025-2,2025-07-10,3,Desaprobado
37335497_GEN-101_2025-2_2025-07-10,37335497_GEN-101_2025-2,2025-07-10,4,Aprobado
40296795_NEG-400_2025-2_2025-07-10,40296795_NEG-400_2025-2,2025-07-10,3,Desaprobado
44286872_DEV-101_2025-2_2025-07-10,44286872_DEV-101_2025-2,2025-07-10,6,Aprobado
33511174_GEN-101_2025-2_2025-07-10,33511174_GEN-101_2025-2,2025-07-10,8,Aprobado
46669980_GEN-101_2025-2_2025-07-10,46669980_GEN-101_2025-2,2025-07-10,2,Desaprobado
45619097_UX-100_2025-2_2025-07-10,45619097_UX-100_2025-2,2025-07-10,3,Desaprobado
40293144_IA-300_2025-2_2025-07-10,40293144_IA-300_2025-2,2025-07-10,7,Aprobado
31634609_IA-300_2025-2_2025-07-11,31634609_IA-300_2025-2,2025-07-11,9,Aprobado
34883029_DEV-101_2025-2_2025-07-11,34883029_DEV-101_2025-2,2025-07-11,6,Aprobado
30800017_DAT-305_2025-2_2025-07-11,30800017_DAT-305_2025-2,2025-07-11,4,Aprobado
33353197_IA-300_2025-2_2025-07-11,33353197_IA-300_2025-2,2025-07-11,3,Desaprobado
44844263_IA-400_2025-2_2025-07-11,44844263_IA-400_2025-2,2025-07-11,5,Aprobado
37171122_NEG-400_2025-2_2025-07-11,37171122_NEG-400_2025-2,2025-07-11,2,Desaprobado
30851248_UX-100_2025-2_2025-07-11,30851248_UX-100_2025-2,2025-07-11,6,Aprobado
37039481_DAT-201_2025-2_2025-07-11,37039481_DAT-201_2025-2,2025-07-11,7,Aprobado
44291013_MKT-200_2025-2_2025-07-11,44291013_MKT-200_2025-2,2025-07-11,1,Desaprobado
46564562_NEG-400_2025-2_2025-07-11,46564562_NEG-400_2025-2,2025-07-11,3,Desaprobado
38452657_DEV-101_2025-2_2025-07-11,38452657_DEV-101_2025-2,2025-07-11,4,Aprobado
46847177_GEN-101_2025-2_2025-07-11,46847177_GEN-101_2025-2,2025-07-11,10,Aprobado
47162613_IA-300_2025-2_2025-07-11,47162613_IA-300_2025-2,2025-07-11,3,Desaprobado
37121626_GEN-101_2025-2_2025-07-11,37121626_GEN-101_2025-2,2025-07-11,3,Desaprobado
33916616_DAT-101_2025-2_2025-07-11,33916616_DAT-101_2025-2,2025-07-11,3,Desaprobado
38991597_DEV-101_2025-2_2025-07-11,38991597_DEV-101_2025-2,2025-07-11,6,Aprobado
45663240_DEV-101_2025-2_2025-07-11,45663240_DEV-101_2025-2,2025-07-11,10,Aprobado
40582609_GEN-101_2025-2_2025-07-11,40582609_GEN-101_2025-2,2025-07-11,8,Aprobado
47517294_DAT-305_2025-2_2025-07-11,47517294_DAT-305_2025-2,2025-07-11,4,Aprobado
39835913_MKT-200_2025-2_2025-07-11,39835913_MKT-200_2025-2,2025-07-11,9,Aprobado
37381074_NEG-400_2025-2_2025-07-11,37381074_NEG-400_2025-2,2025-07-11,8,Aprobado
39908813_NEG-400_2025-2_2025-07-12,39908813_NEG-400_2025-2,2025-07-12,2,Desaprobado
41907942_IA-300_2025-2_2025-07-12,41907942_IA-300_2025-2,2025-07-12,9,Aprobado
44062737_IA-300_2025-2_2025-07-12,44062737_IA-300_2025-2,2025-07-12,9,Aprobado
46225626_MKT-200_2025-2_2025-07-12,46225626_MKT-200_2025-2,2025-07-12,6,Aprobado
31177427_DAT-305_2025-2_2025-07-12,31177427_DAT-305_2025-2,2025-07-12,2,Desaprobado
32592763_DAT-101_2025-2_2025-07-12,32592763_DAT-101_2025-2,2025-07-12,8,Aprobado
32451951_GEN-101_2025-2_2025-07-12,32451951_GEN-101_2025-2,2025-07-12,6,Aprobado
41661140_IA-400_2025-2_2025-07-12,41661140_IA-400_2025-2,2025-07-12,10,Aprobado
33596181_DAT-101_2025-2_2025-07-12,33596181_DAT-101_2025-2,2025-07-12,10,Aprobado
46775879_IA-400_2025-2_2025-07-12,46775879_IA-400_2025-2,2025-07-12,8,Aprobado
34299183_NEG-400_2025-2_2025-07-12,34299183_NEG-400_2025-2,2025-07-12,9,Aprobado
44613692_DEV-101_2025-2_2025-07-12,44613692_DEV-101_2025-2,2025-07-12,6,Aprobado
41084438_UX-100_2025-2_2025-07-13,41084438_UX-100_2025-2,2025-07-13,8,Aprobado
40358538_GEN-101_2025-2_2025-07-13,40358538_GEN-101_2025-2,2025-07-13,8,Aprobado
30216143_MKT-200_2025-2_2025-07-13,30216143_MKT-200_2025-2,2025-07-13,10,Aprobado
40284355_DAT-201_2025-2_2025-07-13,40284355_DAT-201_2025-2,2025-07-13,8,Aprobado
30789190_UX-100_2025-2_2025-07-13,30789190_UX-100_2025-2,2025-07-13,7,Aprobado
38500035_MKT-200_2025-2_2025-07-13,38500035_MKT-200_2025-2,2025-07-13,4,Aprobado
37090862_IA-300_2025-2_2025-07-13,37090862_IA-300_2025-2,2025-07-13,4,Aprobado
44221505_GEN-101_2025-2_2025-07-13,44221505_GEN-101_2025-2,2025-07-13,2,Desaprobado
30851248_DAT-305_2025-2_2025-07-13,30851248_DAT-305_2025-2,2025-07-13,5,Aprobado
43344838_IA-300_2025-2_2025-07-13,43344838_IA-300_2025-2,2025-07-13,10,Aprobado
30271801_GEN-101_2025-2_2025-07-13,30271801_GEN-101_2025-2,2025-07-13,2,Desaprobado
37131375_UX-100_2025-2_2025-07-13,37131375_UX-100_2025-2,2025-07-13,6,Aprobado
39684156_DAT-201_2025-2_2025-07-13,39684156_DAT-201_2025-2,2025-07-13,3,Desaprobado
30679979_IA-300_2025-2_2025-07-13,30679979_IA-300_2025-2,2025-07-13,3,Desaprobado
34705463_DAT-201_2025-2_2025-07-13,34705463_DAT-201_2025-2,2025-07-13,2,Desaprobado
34696467_DEV-101_2025-2_2025-07-13,34696467_DEV-101_2025-2,2025-07-13,3,Desaprobado
46860457_DEV-101_2025-2_2025-07-13,46860457_DEV-101_2025-2,2025-07-13,6,Aprobado
33201122_UX-100_2025-2_2025-07-13,33201122_UX-100_2025-2,2025-07-13,10,Aprobado
31076430_GEN-101_2025-2_2025-07-13,31076430_GEN-101_2025-2,2025-07-13,6,Aprobado
39297755_DAT-201_2025-2_2025-07-13,39297755_DAT-201_2025-2,2025-07-13,5,Aprobado
32139544_NEG-400_2025-2_2025-07-14,32139544_NEG-400_2025-2,2025-07-14,4,Aprobado
40655822_DEV-101_2025-2_2025-07-14,40655822_DEV-101_2025-2,2025-07-14,6,Aprobado
32454237_IA-300_2025-2_2025-07-14,32454237_IA-300_2025-2,2025-07-14,5,Aprobado
33614240_DAT-101_2025-2_2025-07-14,33614240_DAT-101_2025-2,2025-07-14,7,Aprobado
41083641_IA-300_2025-2_2025-07-14,41083641_IA-300_2025-2,2025-07-14,3,Desaprobado
37017626_DEV-101_2025-2_2025-07-14,37017626_DEV-101_2025-2,2025-07-14,8,Aprobado
35598065_DEV-101_2025-2_2025-07-14,35598065_DEV-101_2025-2,2025-07-14,1,Desaprobado
35809204_DAT-305_2025-2_2025-07-14,35809204_DAT-305_2025-2,2025-07-14,7,Aprobado
45647473_DAT-201_2025-2_2025-07-14,45647473_DAT-201_2025-2,2025-07-14,9,Aprobado
32935035_GEN-101_2025-2_2025-07-14,32935035_GEN-101_2025-2,2025-07-14,2,Desaprobado
36200569_NEG-400_2025-2_2025-07-14,36200569_NEG-400_2025-2,2025-07-14,10,Aprobado
32108581_MKT-200_2025-2_2025-07-14,32108581_MKT-200_2025-2,2025-07-14,8,Aprobado
44786123_DEV-101_2025-2_2025-07-15,44786123_DEV-101_2025-2,2025-07-15,2,Desaprobado
47993064_NEG-400_2025-2_2025-07-15,47993064_NEG-400_2025-2,2025-07-15,4,Aprobado
44988509_NEG-400_2025-2_2025-07-15,44988509_NEG-400_2025-2,2025-07-15,6,Aprobado
38340878_NEG-400_2025-2_2025-07-15,38340878_NEG-400_2025-2,2025-07-15,7,Aprobado
38002503_DAT-201_2025-2_2025-07-15,38002503_DAT-201_2025-2,2025-07-15,6,Aprobado
43662150_GEN-101_2025-2_2025-07-15,43662150_GEN-101_2025-2,2025-07-15,6,Aprobado
44115909_UX-100_2025-2_2025-07-15,44115909_UX-100_2025-2,2025-07-15,2,Desaprobado
44224033_UX-100_2025-2_2025-07-15,44224033_UX-100_2025-2,2025-07-15,1,Desaprobado
38648189_DAT-201_2025-2_2025-07-15,38648189_DAT-201_2025-2,2025-07-15,2,Desaprobado
43008590_DAT-101_2025-2_2025-07-15,43008590_DAT-101_2025-2,2025-07-15,1,Desaprobado
33698941_IA-400_2025-2_2025-07-15,33698941_IA-400_2025-2,2025-07-15,5,Aprobado
31908414_NEG-400_2025-2_2025-07-15,31908414_NEG-400_2025-2,2025-07-15,8,Aprobado
37572605_IA-300_2025-2_2025-07-15,37572605_IA-300_2025-2,2025-07-15,6,Aprobado
46069202_MKT-200_2025-2_2025-07-15,46069202_MKT-200_2025-2,2025-07-15,7,Aprobado
31848115_IA-400_2025-2_2025-07-15,31848115_IA-400_2025-2,2025-07-15,7,Aprobado
32166416_IA-400_2025-2_2025-07-15,32166416_IA-400_2025-2,2025-07-15,10,Aprobado
32330822_DAT-101_2025-2_2025-07-15,32330822_DAT-101_2025-2,2025-07-15,8,Aprobado
45186536_DAT-101_2025-2_2025-07-15,45186536_DAT-101_2025-2,2025-07-15,2,Desaprobado
30283834_DAT-101_2025-2_2025-07-16,30283834_DAT-101_2025-2,2025-07-16,1,Desaprobado
32101106_IA-400_2025-2_2025-07-16,32101106_IA-400_2025-2,2025-07-16,4,Aprobado
43008590_DEV-101_2025-2_2025-07-16,43008590_DEV-101_2025-2,2025-07-16,3,Desaprobado
43678310_DEV-101_2025-2_2025-07-16,43678310_DEV-101_2025-2,2025-07-16,1,Desaprobado
33304657_IA-400_2025-2_2025-07-16,33304657_IA-400_2025-2,2025-07-16,10,Aprobado
33818954_DEV-101_2025-2_2025-07-16,33818954_DEV-101_2025-2,2025-07-16,1,Desaprobado
40902797_DEV-101_2025-2_2025-07-16,40902797_DEV-101_2025-2,2025-07-16,9,Aprobado
44827801_IA-300_2025-2_2025-07-16,44827801_IA-300_2025-2,2025-07-16,8,Aprobado
46256042_MKT-200_2025-2_2025-07-16,46256042_MKT-200_2025-2,2025-07-16,10,Aprobado
37460819_MKT-200_2025-2_2025-07-16,37460819_MKT-200_2025-2,2025-07-16,7,Aprobado
44111228_DEV-101_2025-2_2025-07-16,44111228_DEV-101_2025-2,2025-07-16,1,Desaprobado
40989234_NEG-400_2025-2_2025-07-16,40989234_NEG-400_2025-2,2025-07-16,3,Desaprobado
46155741_DAT-305_2025-2_2025-07-16,46155741_DAT-305_2025-2,2025-07-16,1,Desaprobado
47645473_NEG-400_2025-2_2025-07-16,47645473_NEG-400_2025-2,2025-07-16,2,Desaprobado
33714793_UX-100_2025-2_2025-07-16,33714793_UX-100_2025-2,2025-07-16,4,Aprobado
38002503_DAT-305_2025-2_2025-07-16,38002503_DAT-305_2025-2,2025-07-16,2,Desaprobado
32966903_DEV-101_2025-2_2025-07-16,32966903_DEV-101_2025-2,2025-07-16,7,Aprobado
36443537_NEG-400_2025-2_2025-07-16,36443537_NEG-400_2025-2,2025-07-16,9,Aprobado
37774603_DAT-201_2025-2_2025-07-17,37774603_DAT-201_2025-2,2025-07-17,8,Aprobado
32966903_NEG-400_2025-2_2025-07-17,32966903_NEG-400_2025-2,2025-07-17,1,Desaprobado
32435922_IA-400_2025-2_2025-07-17,32435922_IA-400_2025-2,2025-07-17,4,Aprobado
45474619_DAT-305_2025-2_2025-07-17,45474619_DAT-305_2025-2,2025-07-17,10,Aprobado
33143242_UX-100_2025-2_2025-07-17,33143242_UX-100_2025-2,2025-07-17,7,Aprobado
40848361_IA-300_2025-2_2025-07-17,40848361_IA-300_2025-2,2025-07-17,8,Aprobado
40681899_MKT-200_2025-2_2025-07-17,40681899_MKT-200_2025-2,2025-07-17,3,Desaprobado
34057124_MKT-200_2025-2_2025-07-17,34057124_MKT-200_2025-2,2025-07-17,3,Desaprobado
46600954_IA-300_2025-2_2025-07-17,46600954_IA-300_2025-2,2025-07-17,10,Aprobado
32550613_MKT-200_2025-2_2025-07-17,32550613_MKT-200_2025-2,2025-07-17,8,Aprobado
30506698_DAT-101_2025-2_2025-07-17,30506698_DAT-101_2025-2,2025-07-17,6,Aprobado
46218945_DAT-305_2025-2_2025-07-17,46218945_DAT-305_2025-2,2025-07-17,6,Aprobado
31355414_DAT-101_2025-2_2025-07-17,31355414_DAT-101_2025-2,2025-07-17,3,Desaprobado
46909132_DAT-101_2025-2_2025-07-17,46909132_DAT-101_2025-2,2025-07-17,4,Aprobado
32911130_IA-300_2025-2_2025-07-17,32911130_IA-300_2025-2,2025-07-17,8,Aprobado
38500035_IA-400_2025-2_2025-07-17,38500035_IA-400_2025-2,2025-07-17,4,Aprobado
30923193_IA-300_2025-2_2025-07-17,30923193_IA-300_2025-2,2025-07-17,2,Desaprobado
37171122_MKT-200_2025-2_2025-07-17,37171122_MKT-200_2025-2,2025-07-17,4,Aprobado
46270211_NEG-400_2025-2_2025-07-17,46270211_NEG-400_2025-2,2025-07-17,7,Aprobado
45024595_IA-400_2025-2_2025-07-17,45024595_IA-400_2025-2,2025-07-17,7,Aprobado
34355144_UX-100_2025-2_2025-07-17,34355144_UX-100_2025-2,2025-07-17,3,Desaprobado
37090862_DEV-101_2025-2_2025-07-17,37090862_DEV-101_2025-2,2025-07-17,7,Aprobado
32329071_MKT-200_2025-2_2025-07-17,32329071_MKT-200_2025-2,2025-07-17,9,Aprobado
41273545_DAT-305_2025-2_2025-07-17,41273545_DAT-305_2025-2,2025-07-17,2,Desaprobado
33397920_IA-400_2025-2_2025-07-17,33397920_IA-400_2025-2,2025-07-17,4,Aprobado
44407218_IA-400_2025-2_2025-07-18,44407218_IA-400_2025-2,2025-07-18,7,Aprobado
34832335_IA-400_2025-2_2025-07-18,34832335_IA-400_2025-2,2025-07-18,2,Desaprobado
47162613_NEG-400_2025-2_2025-07-18,47162613_NEG-400_2025-2,2025-07-18,7,Aprobado
34299183_DAT-101_2025-2_2025-07-18,34299183_DAT-101_2025-2,2025-07-18,6,Aprobado
35608376_NEG-400_2025-2_2025-07-18,35608376_NEG-400_2025-2,2025-07-18,7,Aprobado
45011218_DAT-305_2025-2_2025-07-18,45011218_DAT-305_2025-2,2025-07-18,7,Aprobado
32119317_DAT-101_2025-2_2025-07-18,32119317_DAT-101_2025-2,2025-07-18,4,Aprobado
46997300_DEV-101_2025-2_2025-07-18,46997300_DEV-101_2025-2,2025-07-18,10,Aprobado
44754301_MKT-200_2025-2_2025-07-18,44754301_MKT-200_2025-2,2025-07-18,3,Desaprobado
34151433_NEG-400_2025-2_2025-07-18,34151433_NEG-400_2025-2,2025-07-18,3,Desaprobado
30483176_IA-400_2025-2_2025-07-18,30483176_IA-400_2025-2,2025-07-18,9,Aprobado
46894068_DAT-101_2025-2_2025-07-18,46894068_DAT-101_2025-2,2025-07-18,6,Aprobado
40998609_DAT-101_2025-2_2025-07-18,40998609_DAT-101_2025-2,2025-07-18,8,Aprobado
43249808_GEN-101_2025-2_2025-07-18,43249808_GEN-101_2025-2,2025-07-18,10,Aprobado
39831826_IA-400_2025-2_2025-07-18,39831826_IA-400_2025-2,2025-07-18,1,Desaprobado
41907942_IA-300_2025-2_2025-07-18,41907942_IA-300_2025-2,2025-07-18,8,Aprobado
31067946_UX-100_2025-2_2025-07-18,31067946_UX-100_2025-2,2025-07-18,9,Aprobado
35720054_DAT-305_2025-2_2025-07-18,35720054_DAT-305_2025-2,2025-07-18,6,Aprobado
35310111_IA-400_2025-2_2025-07-18,35310111_IA-400_2025-2,2025-07-18,4,Aprobado
43751737_DAT-305_2025-2_2025-07-18,43751737_DAT-305_2025-2,2025-07-18,7,Aprobado
37171122_MKT-200_2025-2_2025-07-18,37171122_MKT-200_2025-2,2025-07-18,10,Aprobado
43473683_MKT-200_2025-2_2025-07-19,43473683_MKT-200_2025-2,2025-07-19,4,Aprobado
39820530_IA-400_2025-2_2025-07-19,39820530_IA-400_2025-2,2025-07-19,5,Aprobado
32976983_UX-100_2025-2_2025-07-19,32976983_UX-100_2025-2,2025-07-19,8,Aprobado
40235116_IA-300_2025-2_2025-07-19,40235116_IA-300_2025-2,2025-07-19,6,Aprobado
41907942_MKT-200_2025-2_2025-07-19,41907942_MKT-200_2025-2,2025-07-19,1,Desaprobado
34850967_DAT-201_2025-2_2025-07-19,34850967_DAT-201_2025-2,2025-07-19,7,Aprobado
41273545_DAT-201_2025-2_2025-07-19,41273545_DAT-201_2025-2,2025-07-19,1,Desaprobado
39416795_UX-100_2025-2_2025-07-19,39416795_UX-100_2025-2,2025-07-19,4,Aprobado
41830154_DAT-101_2025-2_2025-07-19,41830154_DAT-101_2025-2,2025-07-19,2,Desaprobado
32034364_MKT-200_2025-2_2025-07-19,32034364_MKT-200_2025-2,2025-07-19,7,Aprobado
46833655_MKT-200_2025-2_2025-07-19,46833655_MKT-200_2025-2,2025-07-19,6,Aprobado
31662806_DAT-201_2025-2_2025-07-19,31662806_DAT-201_2025-2,2025-07-19,2,Desaprobado
32604998_DEV-101_2025-2_2025-07-19,32604998_DEV-101_2025-2,2025-07-19,6,Aprobado
33948364_DAT-201_2025-2_2025-07-19,33948364_DAT-201_2025-2,2025-07-19,4,Aprobado
39557640_NEG-400_2025-2_2025-07-19,39557640_NEG-400_2025-2,2025-07-19,9,Aprobado
34814097_IA-400_2025-2_2025-07-19,34814097_IA-400_2025-2,2025-07-19,5,Aprobado
35951430_DAT-201_2025-2_2025-07-20,35951430_DAT-201_2025-2,2025-07-20,6,Aprobado
46170762_MKT-200_2025-2_2025-07-20,46170762_MKT-200_2025-2,2025-07-20,7,Aprobado
32459600_DAT-305_2025-2_2025-07-20,32459600_DAT-305_2025-2,2025-07-20,10,Aprobado
39214817_IA-300_2025-2_2025-07-20,39214817_IA-300_2025-2,2025-07-20,3,Desaprobado
46026190_DEV-101_2025-2_2025-07-20,46026190_DEV-101_2025-2,2025-07-20,10,Aprobado
32664172_DAT-101_2025-2_2025-07-20,32664172_DAT-101_2025-2,2025-07-20,1,Desaprobado
36701529_MKT-200_2025-2_2025-07-20,36701529_MKT-200_2025-2,2025-07-20,7,Aprobado
33948364_DEV-101_2025-2_2025-07-20,33948364_DEV-101_2025-2,2025-07-20,5,Aprobado
43008590_IA-300_2025-2_2025-07-20,43008590_IA-300_2025-2,2025-07-20,4,Aprobado
43254348_DAT-201_2025-2_2025-07-20,43254348_DAT-201_2025-2,2025-07-20,10,Aprobado
38869750_NEG-400_2025-2_2025-07-20,38869750_NEG-400_2025-2,2025-07-20,2,Desaprobado
35821025_IA-400_2025-2_2025-07-20,35821025_IA-400_2025-2,2025-07-20,4,Aprobado
31173022_DAT-305_2025-2_2025-07-20,31173022_DAT-305_2025-2,2025-07-20,8,Aprobado
44858776_DAT-201_2025-2_2025-07-20,44858776_DAT-201_2025-2,2025-07-20,8,Aprobado
36003291_DAT-305_2025-2_2025-07-20,36003291_DAT-305_2025-2,2025-07-20,8,Aprobado
31486885_NEG-400_2025-2_2025-07-20,31486885_NEG-400_2025-2,2025-07-20,4,Aprobado
33984071_DAT-101_2025-2_2025-07-20,33984071_DAT-101_2025-2,2025-07-20,6,Aprobado
45482430_IA-400_2025-2_2025-07-20,45482430_IA-400_2025-2,2025-07-20,1,Desaprobado
37874267_IA-400_2025-2_2025-07-20,37874267_IA-400_2025-2,2025-07-20,9,Aprobado
32330822_DAT-101_2025-2_2025-07-20,32330822_DAT-101_2025-2,2025-07-20,4,Aprobado
33641153_GEN-101_2025-2_2025-07-20,33641153_GEN-101_2025-2,2025-07-20,6,Aprobado
44049715_GEN-101_2025-2_2025-07-20,44049715_GEN-101_2025-2,2025-07-20,4,Aprobado
38340878_DAT-201_2025-2_2025-07-21,38340878_DAT-201_2025-2,2025-07-21,2,Desaprobado
32098690_IA-300_2025-2_2025-07-21,32098690_IA-300_2025-2,2025-07-21,5,Aprobado
33800391_MKT-200_2025-2_2025-07-21,33800391_MKT-200_2025-2,2025-07-21,5,Aprobado
44651662_NEG-400_2025-2_2025-07-21,44651662_NEG-400_2025-2,2025-07-21,4,Aprobado
33698941_DAT-201_2025-2_2025-07-21,33698941_DAT-201_2025-2,2025-07-21,1,Desaprobado
44490644_UX-100_2025-2_2025-07-21,44490644_UX-100_2025-2,2025-07-21,7,Aprobado
37151523_UX-100_2025-2_2025-07-21,37151523_UX-100_2025-2,2025-07-21,3,Desaprobado
30639152_IA-300_2025-2_2025-07-21,30639152_IA-300_2025-2,2025-07-21,8,Aprobado
44340522_DEV-101_2025-2_2025-07-21,44340522_DEV-101_2025-2,2025-07-21,5,Aprobado
45645475_GEN-101_2025-2_2025-07-21,45645475_GEN-101_2025-2,2025-07-21,2,Desaprobado
35926356_DEV-101_2025-2_2025-07-21,35926356_DEV-101_2025-2,2025-07-21,7,Aprobado
40045468_IA-300_2025-2_2025-07-21,40045468_IA-300_2025-2,2025-07-21,8,Aprobado
35983804_GEN-101_2025-2_2025-07-21,35983804_GEN-101_2025-2,2025-07-21,3,Desaprobado
45041476_DAT-201_2025-2_2025-07-21,45041476_DAT-201_2025-2,2025-07-21,2,Desaprobado
32101106_DAT-305_2025-2_2025-07-21,32101106_DAT-305_2025-2,2025-07-21,7,Aprobado
46385782_GEN-101_2025-2_2025-07-21,46385782_GEN-101_2025-2,2025-07-21,7,Aprobado
44398280_GEN-101_2025-2_2025-07-21,44398280_GEN-101_2025-2,2025-07-21,3,Desaprobado
35457839_DEV-101_2025-2_2025-07-21,35457839_DEV-101_2025-2,2025-07-21,5,Aprobado
31445923_DEV-101_2025-2_2025-07-22,31445923_DEV-101_2025-2,2025-07-22,2,Desaprobado
40366603_GEN-101_2025-2_2025-07-22,40366603_GEN-101_2025-2,2025-07-22,5,Aprobado
40582609_UX-100_2025-2_2025-07-22,40582609_UX-100_2025-2,2025-07-22,8,Aprobado
39831826_DAT-101_2025-2_2025-07-22,39831826_DAT-101_2025-2,2025-07-22,6,Aprobado
40523492_GEN-101_2025-2_2025-07-22,40523492_GEN-101_2025-2,2025-07-22,8,Aprobado
39006974_DAT-201_2025-2_2025-07-22,39006974_DAT-201_2025-2,2025-07-22,2,Desaprobado
32201924_IA-400_2025-2_2025-07-22,32201924_IA-400_2025-2,2025-07-22,10,Aprobado
31324108_DEV-101_2025-2_2025-07-22,31324108_DEV-101_2025-2,2025-07-22,9,Aprobado
46649401_DAT-305_2025-2_2025-07-22,46649401_DAT-305_2025-2,2025-07-22,7,Aprobado
38315775_UX-100_2025-2_2025-07-22,38315775_UX-100_2025-2,2025-07-22,3,Desaprobado
45488677_NEG-400_2025-2_2025-07-22,45488677_NEG-400_2025-2,2025-07-22,2,Desaprobado
35930527_IA-300_2025-2_2025-07-22,35930527_IA-300_2025-2,2025-07-22,6,Aprobado
43098716_NEG-400_2025-2_2025-07-22,43098716_NEG-400_2025-2,2025-07-22,3,Desaprobado
39297755_IA-400_2025-2_2025-07-22,39297755_IA-400_2025-2,2025-07-22,2,Desaprobado
38531146_IA-400_2025-2_2025-07-22,38531146_IA-400_2025-2,2025-07-22,3,Desaprobado
40039504_IA-300_2025-2_2025-07-22,40039504_IA-300_2025-2,2025-07-22,6,Aprobado
45002798_IA-400_2025-2_2025-07-22,45002798_IA-400_2025-2,2025-07-22,5,Aprobado
37659718_UX-100_2025-2_2025-07-22,37659718_UX-100_2025-2,2025-07-22,7,Aprobado
34316765_IA-300_2025-2_2025-07-22,34316765_IA-300_2025-2,2025-07-22,4,Aprobado
47122979_UX-100_2025-2_2025-07-22,47122979_UX-100_2025-2,2025-07-22,7,Aprobado
39047069_DEV-101_2025-2_2025-07-22,39047069_DEV-101_2025-2,2025-07-22,10,Aprobado
38648189_MKT-200_2025-2_2025-07-22,38648189_MKT-200_2025-2,2025-07-22,1,Desaprobado
40437937_MKT-200_2025-2_2025-07-22,40437937_MKT-200_2025-2,2025-07-22,8,Aprobado
47775711_GEN-101_2025-2_2025-07-22,47775711_GEN-101_2025-2,2025-07-22,4,Aprobado
44445238_DAT-201_2025-2_2025-07-22,44445238_DAT-201_2025-2,2025-07-22,8,Aprobado
40719473_IA-300_2025-2_2025-07-22,40719473_IA-300_2025-2,2025-07-22,7,Aprobado
30205757_GEN-101_2025-2_2025-07-23,30205757_GEN-101_2025-2,2025-07-23,9,Aprobado
41084438_IA-400_2025-2_2025-07-23,41084438_IA-400_2025-2,2025-07-23,9,Aprobado
32839194_IA-300_2025-2_2025-07-23,32839194_IA-300_2025-2,2025-07-23,9,Aprobado
30639152_GEN-101_2025-2_2025-07-23,30639152_GEN-101_2025-2,2025-07-23,8,Aprobado
40661993_UX-100_2025-2_2025-07-23,40661993_UX-100_2025-2,2025-07-23,8,Aprobado
47915465_IA-400_2025-2_2025-07-23,47915465_IA-400_2025-2,2025-07-23,10,Aprobado
32170253_DEV-101_2025-2_2025-07-23,32170253_DEV-101_2025-2,2025-07-23,5,Aprobado
46572742_DAT-305_2025-2_2025-07-23,46572742_DAT-305_2025-2,2025-07-23,4,Aprobado
34764302_GEN-101_2025-2_2025-07-23,34764302_GEN-101_2025-2,2025-07-23,6,Aprobado
34219114_GEN-101_2025-2_2025-07-23,34219114_GEN-101_2025-2,2025-07-23,10,Aprobado
45225711_DAT-305_2025-2_2025-07-23,45225711_DAT-305_2025-2,2025-07-23,2,Desaprobado
37119833_IA-300_2025-2_2025-07-23,37119833_IA-300_2025-2,2025-07-23,8,Aprobado
43721576_DAT-305_2025-2_2025-07-23,43721576_DAT-305_2025-2,2025-07-23,3,Desaprobado
43889224_IA-400_2025-2_2025-07-23,43889224_IA-400_2025-2,2025-07-23,10,Aprobado
43059176_IA-400_2025-2_2025-07-23,43059176_IA-400_2025-2,2025-07-23,2,Desaprobado
39087618_GEN-101_2025-2_2025-07-24,39087618_GEN-101_2025-2,2025-07-24,7,Aprobado
37412229_DAT-101_2025-2_2025-07-24,37412229_DAT-101_2025-2,2025-07-24,1,Desaprobado
44923903_GEN-101_2025-2_2025-07-24,44923903_GEN-101_2025-2,2025-07-24,7,Aprobado
33276302_NEG-400_2025-2_2025-07-24,33276302_NEG-400_2025-2,2025-07-24,9,Aprobado
43037722_DEV-101_2025-2_2025-07-24,43037722_DEV-101_2025-2,2025-07-24,10,Aprobado
34987487_DEV-101_2025-2_2025-07-24,34987487_DEV-101_2025-2,2025-07-24,1,Desaprobado
31559920_NEG-400_2025-2_2025-07-24,31559920_NEG-400_2025-2,2025-07-24,9,Aprobado
34883029_IA-400_2025-2_2025-07-24,34883029_IA-400_2025-2,2025-07-24,2,Desaprobado
38417833_MKT-200_2025-2_2025-07-24,38417833_MKT-200_2025-2,2025-07-24,4,Aprobado
31277192_MKT-200_2025-2_2025-07-24,31277192_MKT-200_2025-2,2025-07-24,10,Aprobado
38648189_MKT-200_2025-2_2025-07-24,38648189_MKT-200_2025-2,2025-07-24,6,Aprobado
46411752_MKT-200_2025-2_2025-07-24,46411752_MKT-200_2025-2,2025-07-24,7,Aprobado
35385278_MKT-200_2025-2_2025-07-24,35385278_MKT-200_2025-2,2025-07-24,1,Desaprobado
34933614_IA-300_2025-2_2025-07-24,34933614_IA-300_2025-2,2025-07-24,4,Aprobado
32817735_IA-400_2025-2_2025-07-24,32817735_IA-400_2025-2,2025-07-24,10,Aprobado
46271176_UX-100_2025-2_2025-07-24,46271176_UX-100_2025-2,2025-07-24,6,Aprobado
44490644_IA-300_2025-2_2025-07-24,44490644_IA-300_2025-2,2025-07-24,9,Aprobado
37606348_DAT-201_2025-2_2025-07-25,37606348_DAT-201_2025-2,2025-07-25,5,Aprobado
45820668_DEV-101_2025-2_2025-07-25,45820668_DEV-101_2025-2,2025-07-25,5,Aprobado
39335040_IA-400_2025-2_2025-07-25,39335040_IA-400_2025-2,2025-07-25,3,Desaprobado
36974458_UX-100_2025-2_2025-07-25,36974458_UX-100_2025-2,2025-07-25,1,Desaprobado
40681899_UX-100_2025-2_2025-07-25,40681899_UX-100_2025-2,2025-07-25,9,Aprobado
45645475_GEN-101_2025-2_2025-07-25,45645475_GEN-101_2025-2,2025-07-25,6,Aprobado
40745106_GEN-101_2025-2_2025-07-25,40745106_GEN-101_2025-2,2025-07-25,10,Aprobado
47416283_DAT-101_2025-2_2025-07-25,47416283_DAT-101_2025-2,2025-07-25,1,Desaprobado
46210812_DAT-101_2025-2_2025-07-25,46210812_DAT-101_2025-2,2025-07-25,4,Aprobado
38405437_DAT-101_2025-2_2025-07-25,38405437_DAT-101_2025-2,2025-07-25,4,Aprobado
36863273_NEG-400_2025-2_2025-07-25,36863273_NEG-400_2025-2,2025-07-25,7,Aprobado
47764924_DEV-101_2025-2_2025-07-26,47764924_DEV-101_2025-2,2025-07-26,10,Aprobado
35284612_DEV-101_2025-2_2025-07-26,35284612_DEV-101_2025-2,2025-07-26,3,Desaprobado
47122979_DEV-101_2025-2_2025-07-26,47122979_DEV-101_2025-2,2025-07-26,9,Aprobado
39473672_NEG-400_2025-2_2025-07-26,39473672_NEG-400_2025-2,2025-07-26,8,Aprobado
33143242_DAT-305_2025-2_2025-07-26,33143242_DAT-305_2025-2,2025-07-26,6,Aprobado
31015246_DAT-201_2025-2_2025-07-26,31015246_DAT-201_2025-2,2025-07-26,10,Aprobado
39265874_IA-400_2025-2_2025-07-26,39265874_IA-400_2025-2,2025-07-26,5,Aprobado
44197978_UX-100_2025-2_2025-07-26,44197978_UX-100_2025-2,2025-07-26,3,Desaprobado
46708439_IA-300_2025-2_2025-07-26,46708439_IA-300_2025-2,2025-07-26,10,Aprobado
46647366_IA-400_2025-2_2025-07-26,46647366_IA-400_2025-2,2025-07-26,9,Aprobado
46382860_DEV-101_2025-2_2025-07-26,46382860_DEV-101_2025-2,2025-07-26,5,Aprobado
33697024_GEN-101_2025-2_2025-07-26,33697024_GEN-101_2025-2,2025-07-26,6,Aprobado
30271801_DAT-201_2025-2_2025-07-27,30271801_DAT-201_2025-2,2025-07-27,10,Aprobado
34288472_NEG-400_2025-2_2025-07-27,34288472_NEG-400_2025-2,2025-07-27,6,Aprobado
46153310_DAT-201_2025-2_2025-07-27,46153310_DAT-201_2025-2,2025-07-27,4,Aprobado
31615043_DAT-201_2025-2_2025-07-27,31615043_DAT-201_2025-2,2025-07-27,9,Aprobado
33191684_IA-400_2025-2_2025-07-27,33191684_IA-400_2025-2,2025-07-27,5,Aprobado
32844429_UX-100_2025-2_2025-07-27,32844429_UX-100_2025-2,2025-07-27,8,Aprobado
45763623_DEV-101_2025-2_2025-07-27,45763623_DEV-101_2025-2,2025-07-27,8,Aprobado
47983613_IA-300_2025-2_2025-07-27,47983613_IA-300_2025-2,2025-07-27,7,Aprobado
31209670_MKT-200_2025-2_2025-07-27,31209670_MKT-200_2025-2,2025-07-27,6,Aprobado
36331097_DAT-101_2025-2_2025-07-27,36331097_DAT-101_2025-2,2025-07-27,2,Desaprobado
38292751_DAT-305_2025-2_2025-07-27,38292751_DAT-305_2025-2,2025-07-27,9,Aprobado
38964128_IA-400_2025-2_2025-07-27,38964128_IA-400_2025-2,2025-07-27,3,Desaprobado
40762250_IA-400_2025-2_2025-07-27,40762250_IA-400_2025-2,2025-07-27,3,Desaprobado
41416545_IA-300_2025-2_2025-07-27,41416545_IA-300_2025-2,2025-07-27,1,Desaprobado
38818793_UX-100_2025-2_2025-07-27,38818793_UX-100_2025-2,2025-07-27,9,Aprobado
39733145_DAT-305_2025-2_2025-07-27,39733145_DAT-305_2025-2,2025-07-27,9,Aprobado
34729179_IA-400_2025-2_2025-07-28,34729179_IA-400_2025-2,2025-07-28,5,Aprobado
40287807_MKT-200_2025-2_2025-07-28,40287807_MKT-200_2025-2,2025-07-28,3,Desaprobado
34577564_UX-100_2025-2_2025-07-28,34577564_UX-100_2025-2,2025-07-28,10,Aprobado
47700089_MKT-200_2025-2_2025-07-28,47700089_MKT-200_2025-2,2025-07-28,5,Aprobado
40451762_IA-300_2025-2_2025-07-28,40451762_IA-300_2025-2,2025-07-28,5,Aprobado
40305444_NEG-400_2025-2_2025-07-28,40305444_NEG-400_2025-2,2025-07-28,5,Aprobado
36765559_DAT-101_2025-2_2025-07-28,36765559_DAT-101_2025-2,2025-07-28,9,Aprobado
44692963_DAT-101_2025-2_2025-07-28,44692963_DAT-101_2025-2,2025-07-28,8,Aprobado
33320861_DEV-101_2025-2_2025-07-28,33320861_DEV-101_2025-2,2025-07-28,5,Aprobado
41204894_MKT-200_2025-2_2025-07-28,41204894_MKT-200_2025-2,2025-07-28,8,Aprobado
32108581_IA-300_2025-2_2025-07-28,32108581_IA-300_2025-2,2025-07-28,2,Desaprobado
30377321_UX-100_2025-2_2025-07-28,30377321_UX-100_2025-2,2025-07-28,10,Aprobado
44173257_IA-300_2025-2_2025-07-28,44173257_IA-300_2025-2,2025-07-28,1,Desaprobado
36156003_GEN-101_2025-2_2025-07-28,36156003_GEN-101_2025-2,2025-07-28,5,Aprobado
44454123_IA-300_2025-2_2025-07-28,44454123_IA-300_2025-2,2025-07-28,3,Desaprobado
46706919_IA-400_2025-2_2025-07-29,46706919_IA-400_2025-2,2025-07-29,3,Desaprobado
43690930_DAT-201_2025-2_2025-07-29,43690930_DAT-201_2025-2,2025-07-29,6,Aprobado
39159460_MKT-200_2025-2_2025-07-29,39159460_MKT-200_2025-2,2025-07-29,1,Desaprobado
44811354_IA-300_2025-2_2025-07-29,44811354_IA-300_2025-2,2025-07-29,1,Desaprobado
35629692_NEG-400_2025-2_2025-07-29,35629692_NEG-400_2025-2,2025-07-29,5,Aprobado
30789190_IA-400_2025-2_2025-07-29,30789190_IA-400_2025-2,2025-07-29,5,Aprobado
46024126_NEG-400_2025-2_2025-07-29,46024126_NEG-400_2025-2,2025-07-29,7,Aprobado
44241859_NEG-400_2025-2_2025-07-29,44241859_NEG-400_2025-2,2025-07-29,6,Aprobado
44442488_NEG-400_2025-2_2025-07-29,44442488_NEG-400_2025-2,2025-07-29,6,Aprobado
31662806_IA-400_2025-2_2025-07-29,31662806_IA-400_2025-2,2025-07-29,10,Aprobado
46564562_IA-300_2025-2_2025-07-29,46564562_IA-300_2025-2,2025-07-29,2,Desaprobado
39297755_GEN-101_2025-2_2025-07-29,39297755_GEN-101_2025-2,2025-07-29,4,Aprobado
43471496_NEG-400_2025-2_2025-07-29,43471496_NEG-400_2025-2,2025-07-29,1,Desaprobado
45259638_IA-300_2025-2_2025-07-29,45259638_IA-300_2025-2,2025-07-29,4,Aprobado
45444903_MKT-200_2025-2_2025-07-29,45444903_MKT-200_2025-2,2025-07-29,3,Desaprobado
34057124_IA-300_2025-2_2025-07-29,34057124_IA-300_2025-2,2025-07-29,1,Desaprobado
40756585_NEG-400_2025-2_2025-07-30,40756585_NEG-400_2025-2,2025-07-30,9,Aprobado
44724307_IA-300_2025-2_2025-07-30,44724307_IA-300_2025-2,2025-07-30,4,Aprobado
36219416_DAT-101_2025-2_2025-07-30,36219416_DAT-101_2025-2,2025-07-30,2,Desaprobado
31185628_MKT-200_2025-2_2025-07-30,31185628_MKT-200_2025-2,2025-07-30,8,Aprobado
38780853_MKT-200_2025-2_2025-07-30,38780853_MKT-200_2025-2,2025-07-30,7,Aprobado
46828583_IA-300_2025-2_2025-07-30,46828583_IA-300_2025-2,2025-07-30,5,Aprobado
30377321_UX-100_2025-2_2025-07-30,30377321_UX-100_2025-2,2025-07-30,6,Aprobado
37335497_MKT-200_2025-2_2025-07-30,37335497_MKT-200_2025-2,2025-07-30,1,Desaprobado
41830154_DEV-101_2025-2_2025-07-30,41830154_DEV-101_2025-2,2025-07-30,2,Desaprobado
41904080_DAT-101_2025-2_2025-07-30,41904080_DAT-101_2025-2,2025-07-30,7,Aprobado
34089245_DAT-305_2025-2_2025-07-30,34089245_DAT-305_2025-2,2025-07-30,9,Aprobado
38089426_DAT-201_2025-2_2025-07-30,38089426_DAT-201_2025-2,2025-07-30,6,Aprobado
37799625_DAT-201_2025-2_2025-07-30,37799625_DAT-201_2025-2,2025-07-30,3,Desaprobado
31015246_DAT-201_2025-2_2025-07-30,31015246_DAT-201_2025-2,2025-07-30,4,Aprobado
45311516_IA-300_2025-2_2025-07-30,45311516_IA-300_2025-2,2025-07-30,9,Aprobado
36156003_MKT-200_2025-2_2025-07-30,36156003_MKT-200_2025-2,2025-07-30,9,Aprobado
36235580_DAT-305_2025-2_2025-07-30,36235580_DAT-305_2025-2,2025-07-30,5,Aprobado
36570791_DAT-101_2025-2_2025-07-30,36570791_DAT-101_2025-2,2025-07-30,2,Desaprobado
37515292_IA-400_2025-2_2025-07-30,37515292_IA-400_2025-2,2025-07-30,2,Desaprobado
33518284_MKT-200_2025-2_2025-07-30,33518284_MKT-200_2025-2,2025-07-30,9,Aprobado
37885100_DAT-101_2025-2_2025-07-30,37885100_DAT-101_2025-2,2025-07-30,2,Desaprobado
33831924_UX-100_2025-2_2025-07-30,33831924_UX-100_2025-2,2025-07-30,9,Aprobado
30173121_DAT-201_2025-2_2025-07-30,30173121_DAT-201_2025-2,2025-07-30,7,Aprobado
46920666_DAT-101_2025-2_2025-07-30,46920666_DAT-101_2025-2,2025-07-30,6,Aprobado
38714246_UX-100_2025-2_2025-07-31,38714246_UX-100_2025-2,2025-07-31,9,Aprobado
47367569_DEV-101_2025-2_2025-07-31,47367569_DEV-101_2025-2,2025-07-31,5,Aprobado
32130223_IA-300_2025-2_2025-07-31,32130223_IA-300_2025-2,2025-07-31,6,Aprobado
46920666_IA-300_2025-2_2025-07-31,46920666_IA-300_2025-2,2025-07-31,3,Desaprobado
36907961_IA-300_2025-2_2025-07-31,36907961_IA-300_2025-2,2025-07-31,4,Aprobado
31221561_DAT-305_2025-2_2025-07-31,31221561_DAT-305_2025-2,2025-07-31,10,Aprobado
47993064_UX-100_2025-2_2025-07-31,47993064_UX-100_2025-2,2025-07-31,8,Aprobado
37460819_MKT-200_2025-2_2025-07-31,37460819_MKT-200_2025-2,2025-07-31,4,Aprobado
46060979_DAT-101_2025-2_2025-07-31,46060979_DAT-101_2025-2,2025-07-31,4,Aprobado
33397920_GEN-101_2025-2_2025-07-31,33397920_GEN-101_2025-2,2025-07-31,7,Aprobado
30839312_MKT-200_2025-2_2025-07-31,30839312_MKT-200_2025-2,2025-07-31,10,Aprobado
45890411_DEV-101_2025-2_2025-07-31,45890411_DEV-101_2025-2,2025-07-31,5,Aprobado
47247100_DAT-305_2025-2_2025-07-31,47247100_DAT-305_2025-2,2025-07-31,3,Desaprobado
37091816_NEG-400_2025-2_2025-07-31,37091816_NEG-400_2025-2,2025-07-31,5,Aprobado
46541120_UX-100_2025-2_2025-07-31,46541120_UX-100_2025-2,2025-07-31,3,Desaprobado
30344498_DAT-101_2025-2_2025-08-01,30344498_DAT-101_2025-2,2025-08-01,1,Desaprobado
31467025_DAT-305_2025-2_2025-08-01,31467025_DAT-305_2025-2,2025-08-01,9,Aprobado
31278420_MKT-200_2025-2_2025-08-01,31278420_MKT-200_2025-2,2025-08-01,3,Desaprobado
44473224_IA-300_2025-2_2025-08-01,44473224_IA-300_2025-2,2025-08-01,2,Desaprobado
47199649_DAT-101_2025-2_2025-08-01,47199649_DAT-101_2025-2,2025-08-01,1,Desaprobado
33742338_NEG-400_2025-2_2025-08-01,33742338_NEG-400_2025-2,2025-08-01,7,Aprobado
47633067_UX-100_2025-2_2025-08-01,47633067_UX-100_2025-2,2025-08-01,1,Desaprobado
32098690_DAT-101_2025-2_2025-08-01,32098690_DAT-101_2025-2,2025-08-01,2,Desaprobado
31221480_IA-300_2025-2_2025-08-01,31221480_IA-300_2025-2,2025-08-01,7,Aprobado
46377357_NEG-400_2025-2_2025-08-01,46377357_NEG-400_2025-2,2025-08-01,9,Aprobado
33831924_GEN-101_2025-2_2025-08-01,33831924_GEN-101_2025-2,2025-08-01,5,Aprobado
39684156_UX-100_2025-2_2025-08-01,39684156_UX-100_2025-2,2025-08-01,3,Desaprobado
35218002_IA-400_2025-2_2025-08-01,35218002_IA-400_2025-2,2025-08-01,5,Aprobado
45259638_IA-400_2025-2_2025-08-01,45259638_IA-400_2025-2,2025-08-01,7,Aprobado
41416545_DAT-305_2025-2_2025-08-01,41416545_DAT-305_2025-2,2025-08-01,3,Desaprobado
44025027_NEG-400_2025-2_2025-08-01,44025027_NEG-400_2025-2,2025-08-01,9,Aprobado
35199789_GEN-101_2025-2_2025-08-01,35199789_GEN-101_2025-2,2025-08-01,10,Aprobado
31864701_GEN-101_2025-2_2025-08-02,31864701_GEN-101_2025-2,2025-08-02,4,Aprobado
44911255_UX-100_2025-2_2025-08-02,44911255_UX-100_2025-2,2025-08-02,7,Aprobado
34148661_DEV-101_2025-2_2025-08-02,34148661_DEV-101_2025-2,2025-08-02,8,Aprobado
35753821_NEG-400_2025-2_2025-08-02,35753821_NEG-400_2025-2,2025-08-02,5,Aprobado
35809204_DAT-201_2025-2_2025-08-02,35809204_DAT-201_2025-2,2025-08-02,3,Desaprobado
38452657_DEV-101_2025-2_2025-08-02,38452657_DEV-101_2025-2,2025-08-02,3,Desaprobado
44064200_DAT-101_2025-2_2025-08-02,44064200_DAT-101_2025-2,2025-08-02,2,Desaprobado
38794221_IA-400_2025-2_2025-08-02,38794221_IA-400_2025-2,2025-08-02,5,Aprobado
36219416_DAT-101_2025-2_2025-08-02,36219416_DAT-101_2025-2,2025-08-02,6,Aprobado
47221206_MKT-200_2025-2_2025-08-02,47221206_MKT-200_2025-2,2025-08-02,1,Desaprobado
46026190_DAT-305_2025-2_2025-08-02,46026190_DAT-305_2025-2,2025-08-02,7,Aprobado
33846409_DEV-101_2025-2_2025-08-02,33846409_DEV-101_2025-2,2025-08-02,4,Aprobado
34661132_DAT-201_2025-2_2025-08-02,34661132_DAT-201_2025-2,2025-08-02,5,Aprobado
34841664_DEV-101_2025-2_2025-08-02,34841664_DEV-101_2025-2,2025-08-02,9,Aprobado
44107875_DAT-305_2025-2_2025-08-02,44107875_DAT-305_2025-2,2025-08-02,2,Desaprobado
36092237_GEN-101_2025-2_2025-08-03,36092237_GEN-101_2025-2,2025-08-03,3,Desaprobado
31067946_IA-300_2025-2_2025-08-03,31067946_IA-300_2025-2,2025-08-03,10,Aprobado
44878225_UX-100_2025-2_2025-08-03,44878225_UX-100_2025-2,2025-08-03,7,Aprobado
40655822_DAT-201_2025-2_2025-08-03,40655822_DAT-201_2025-2,2025-08-03,5,Aprobado
37774603_UX-100_2025-2_2025-08-03,37774603_UX-100_2025-2,2025-08-03,6,Aprobado
32171676_NEG-400_2025-2_2025-08-03,32171676_NEG-400_2025-2,2025-08-03,5,Aprobado
32027618_UX-100_2025-2_2025-08-03,32027618_UX-100_2025-2,2025-08-03,10,Aprobado
43342517_IA-400_2025-2_2025-08-03,43342517_IA-400_2025-2,2025-08-03,10,Aprobado
46647366_MKT-200_2025-2_2025-08-03,46647366_MKT-200_2025-2,2025-08-03,9,Aprobado
31332769_MKT-200_2025-2_2025-08-03,31332769_MKT-200_2025-2,2025-08-03,8,Aprobado
33914516_GEN-101_2025-2_2025-08-03,33914516_GEN-101_2025-2,2025-08-03,5,Aprobado
46345360_DAT-201_2025-2_2025-08-03,46345360_DAT-201_2025-2,2025-08-03,7,Aprobado
30958838_IA-300_2025-2_2025-08-03,30958838_IA-300_2025-2,2025-08-03,7,Aprobado
40948220_DAT-305_2025-2_2025-08-03,40948220_DAT-305_2025-2,2025-08-03,9,Aprobado
46382860_GEN-101_2025-2_2025-08-04,46382860_GEN-101_2025-2,2025-08-04,5,Aprobado
34743897_NEG-400_2025-2_2025-08-04,34743897_NEG-400_2025-2,2025-08-04,4,Aprobado
45841815_DEV-101_2025-2_2025-08-04,45841815_DEV-101_2025-2,2025-08-04,10,Aprobado
47700089_DEV-101_2025-2_2025-08-04,47700089_DEV-101_2025-2,2025-08-04,2,Desaprobado
33304657_NEG-400_2025-2_2025-08-04,33304657_NEG-400_2025-2,2025-08-04,3,Desaprobado
45645475_DAT-201_2025-2_2025-08-04,45645475_DAT-201_2025-2,2025-08-04,5,Aprobado
37013243_IA-400_2025-2_2025-08-04,37013243_IA-400_2025-2,2025-08-04,9,Aprobado
39449899_DAT-305_2025-2_2025-08-04,39449899_DAT-305_2025-2,2025-08-04,2,Desaprobado
40283838_MKT-200_2025-2_2025-08-04,40283838_MKT-200_2025-2,2025-08-04,7,Aprobado
39737785_DAT-201_2025-2_2025-08-04,39737785_DAT-201_2025-2,2025-08-04,5,Aprobado
39835913_MKT-200_2025-2_2025-08-04,39835913_MKT-200_2025-2,2025-08-04,3,Desaprobado
32567561_DAT-305_2025-2_2025-08-04,32567561_DAT-305_2025-2,2025-08-04,3,Desaprobado
38549006_IA-400_2025-2_2025-08-04,38549006_IA-400_2025-2,2025-08-04,8,Aprobado
31864701_UX-100_2025-2_2025-08-04,31864701_UX-100_2025-2,2025-08-04,4,Aprobado
38695540_NEG-400_2025-2_2025-08-04,38695540_NEG-400_2025-2,2025-08-04,5,Aprobado
43721576_IA-400_2025-2_2025-08-05,43721576_IA-400_2025-2,2025-08-05,3,Desaprobado
33895965_UX-100_2025-2_2025-08-05,33895965_UX-100_2025-2,2025-08-05,3,Desaprobado
39087618_DEV-101_2025-2_2025-08-05,39087618_DEV-101_2025-2,2025-08-05,4,Aprobado
35994686_GEN-101_2025-2_2025-08-05,35994686_GEN-101_2025-2,2025-08-05,4,Aprobado
43690930_UX-100_2025-2_2025-08-05,43690930_UX-100_2025-2,2025-08-05,7,Aprobado
40175984_UX-100_2025-2_2025-08-05,40175984_UX-100_2025-2,2025-08-05,9,Aprobado
35983804_DEV-101_2025-2_2025-08-05,35983804_DEV-101_2025-2,2025-08-05,7,Aprobado
32817735_NEG-400_2025-2_2025-08-05,32817735_NEG-400_2025-2,2025-08-05,3,Desaprobado
35983804_DAT-101_2025-2_2025-08-05,35983804_DAT-101_2025-2,2025-08-05,7,Aprobado
35410565_UX-100_2025-2_2025-08-05,35410565_UX-100_2025-2,2025-08-05,7,Aprobado
33362152_IA-300_2025-2_2025-08-05,33362152_IA-300_2025-2,2025-08-05,9,Aprobado
40409948_MKT-200_2025-2_2025-08-05,40409948_MKT-200_2025-2,2025-08-05,8,Aprobado
36511898_DAT-201_2025-2_2025-08-05,36511898_DAT-201_2025-2,2025-08-05,2,Desaprobado
30703214_IA-400_2025-2_2025-08-05,30703214_IA-400_2025-2,2025-08-05,3,Desaprobado
44476887_NEG-400_2025-2_2025-08-05,44476887_NEG-400_2025-2,2025-08-05,1,Desaprobado
32228319_DAT-101_2025-2_2025-08-05,32228319_DAT-101_2025-2,2025-08-05,7,Aprobado
45482430_DEV-101_2025-2_2025-08-05,45482430_DEV-101_2025-2,2025-08-05,9,Aprobado
31076430_GEN-101_2025-2_2025-08-05,31076430_GEN-101_2025-2,2025-08-05,8,Aprobado
41641503_DAT-201_2025-2_2025-08-05,41641503_DAT-201_2025-2,2025-08-05,4,Aprobado
39046561_NEG-400_2025-2_2025-08-05,39046561_NEG-400_2025-2,2025-08-05,1,Desaprobado
35267675_DEV-101_2025-2_2025-08-05,35267675_DEV-101_2025-2,2025-08-05,10,Aprobado
45417606_UX-100_2025-2_2025-08-05,45417606_UX-100_2025-2,2025-08-05,5,Aprobado
44182964_UX-100_2025-2_2025-08-05,44182964_UX-100_2025-2,2025-08-05,4,Aprobado
31324108_UX-100_2025-2_2025-08-06,31324108_UX-100_2025-2,2025-08-06,5,Aprobado
36169395_NEG-400_2025-2_2025-08-06,36169395_NEG-400_2025-2,2025-08-06,6,Aprobado
43647497_NEG-400_2025-2_2025-08-06,43647497_NEG-400_2025-2,2025-08-06,4,Aprobado
38695540_DEV-101_2025-2_2025-08-06,38695540_DEV-101_2025-2,2025-08-06,8,Aprobado
44965151_IA-300_2025-2_2025-08-06,44965151_IA-300_2025-2,2025-08-06,4,Aprobado
47864391_DAT-305_2025-2_2025-08-06,47864391_DAT-305_2025-2,2025-08-06,5,Aprobado
47788251_UX-100_2025-2_2025-08-06,47788251_UX-100_2025-2,2025-08-06,4,Aprobado
30703214_DAT-101_2025-2_2025-08-06,30703214_DAT-101_2025-2,2025-08-06,1,Desaprobado
47826221_UX-100_2025-2_2025-08-06,47826221_UX-100_2025-2,2025-08-06,8,Aprobado
39817999_DAT-305_2025-2_2025-08-06,39817999_DAT-305_2025-2,2025-08-06,4,Aprobado
39121001_UX-100_2025-2_2025-08-06,39121001_UX-100_2025-2,2025-08-06,7,Aprobado
47122979_GEN-101_2025-2_2025-08-06,47122979_GEN-101_2025-2,2025-08-06,6,Aprobado
37121626_IA-400_2025-2_2025-08-06,37121626_IA-400_2025-2,2025-08-06,8,Aprobado
43331228_DAT-201_2025-2_2025-08-07,43331228_DAT-201_2025-2,2025-08-07,9,Aprobado
32776935_UX-100_2025-2_2025-08-07,32776935_UX-100_2025-2,2025-08-07,10,Aprobado
34508579_DEV-101_2025-2_2025-08-07,34508579_DEV-101_2025-2,2025-08-07,6,Aprobado
39623347_MKT-200_2025-2_2025-08-07,39623347_MKT-200_2025-2,2025-08-07,8,Aprobado
41815317_GEN-101_2025-2_2025-08-07,41815317_GEN-101_2025-2,2025-08-07,10,Aprobado
45309663_IA-400_2025-2_2025-08-07,45309663_IA-400_2025-2,2025-08-07,9,Aprobado
43537356_NEG-400_2025-2_2025-08-07,43537356_NEG-400_2025-2,2025-08-07,10,Aprobado
33709759_NEG-400_2025-2_2025-08-07,33709759_NEG-400_2025-2,2025-08-07,5,Aprobado
40284355_DAT-201_2025-2_2025-08-07,40284355_DAT-201_2025-2,2025-08-07,5,Aprobado
32435922_UX-100_2025-2_2025-08-07,32435922_UX-100_2025-2,2025-08-07,1,Desaprobado
33191684_DEV-101_2025-2_2025-08-08,33191684_DEV-101_2025-2,2025-08-08,5,Aprobado
30639152_NEG-400_2025-2_2025-08-08,30639152_NEG-400_2025-2,2025-08-08,3,Desaprobado
33127447_UX-100_2025-2_2025-08-08,33127447_UX-100_2025-2,2025-08-08,8,Aprobado
30283080_DAT-201_2025-2_2025-08-08,30283080_DAT-201_2025-2,2025-08-08,10,Aprobado
43597806_MKT-200_2025-2_2025-08-08,43597806_MKT-200_2025-2,2025-08-08,5,Aprobado
46398361_MKT-200_2025-2_2025-08-08,46398361_MKT-200_2025-2,2025-08-08,4,Aprobado
32816822_MKT-200_2025-2_2025-08-08,32816822_MKT-200_2025-2,2025-08-08,10,Aprobado
45474521_DAT-101_2025-2_2025-08-08,45474521_DAT-101_2025-2,2025-08-08,1,Desaprobado
44305990_MKT-200_2025-2_2025-08-08,44305990_MKT-200_2025-2,2025-08-08,3,Desaprobado
32581169_DAT-101_2025-2_2025-08-08,32581169_DAT-101_2025-2,2025-08-08,10,Aprobado
35077928_MKT-200_2025-2_2025-08-08,35077928_MKT-200_2025-2,2025-08-08,6,Aprobado
40394280_DAT-305_2025-2_2025-08-08,40394280_DAT-305_2025-2,2025-08-08,2,Desaprobado
41083641_NEG-400_2025-2_2025-08-08,41083641_NEG-400_2025-2,2025-08-08,4,Aprobado
39195104_IA-300_2025-2_2025-08-08,39195104_IA-300_2025-2,2025-08-08,10,Aprobado
45820668_DAT-305_2025-2_2025-08-08,45820668_DAT-305_2025-2,2025-08-08,9,Aprobado
46385782_DAT-305_2025-2_2025-08-08,46385782_DAT-305_2025-2,2025-08-08,4,Aprobado
47690351_DAT-201_2025-2_2025-08-09,47690351_DAT-201_2025-2,2025-08-09,6,Aprobado
30851248_DAT-201_2025-2_2025-08-09,30851248_DAT-201_2025-2,2025-08-09,6,Aprobado
30173121_DAT-101_2025-2_2025-08-09,30173121_DAT-101_2025-2,2025-08-09,10,Aprobado
33333250_IA-300_2025-2_2025-08-09,33333250_IA-300_2025-2,2025-08-09,6,Aprobado
35415212_DEV-101_2025-2_2025-08-09,35415212_DEV-101_2025-2,2025-08-09,5,Aprobado
41627786_DAT-305_2025-2_2025-08-09,41627786_DAT-305_2025-2,2025-08-09,3,Desaprobado
44111228_NEG-400_2025-2_2025-08-09,44111228_NEG-400_2025-2,2025-08-09,4,Aprobado
33717161_DAT-201_2025-2_2025-08-09,33717161_DAT-201_2025-2,2025-08-09,7,Aprobado
36314879_DAT-201_2025-2_2025-08-09,36314879_DAT-201_2025-2,2025-08-09,1,Desaprobado
41083641_DAT-305_2025-2_2025-08-09,41083641_DAT-305_2025-2,2025-08-09,9,Aprobado
31742344_IA-400_2025-2_2025-08-09,31742344_IA-400_2025-2,2025-08-09,9,Aprobado
46600954_DAT-201_2025-2_2025-08-09,46600954_DAT-201_2025-2,2025-08-09,3,Desaprobado
40350483_IA-400_2025-2_2025-08-09,40350483_IA-400_2025-2,2025-08-09,2,Desaprobado
32966903_NEG-400_2025-2_2025-08-09,32966903_NEG-400_2025-2,2025-08-09,9,Aprobado
32028866_IA-300_2025-2_2025-08-09,32028866_IA-300_2025-2,2025-08-09,8,Aprobado
43647497_DAT-305_2025-2_2025-08-09,43647497_DAT-305_2025-2,2025-08-09,3,Desaprobado
32480780_MKT-200_2025-2_2025-08-09,32480780_MKT-200_2025-2,2025-08-09,7,Aprobado
31848115_DAT-305_2025-2_2025-08-09,31848115_DAT-305_2025-2,2025-08-09,8,Aprobado
36617253_UX-100_2025-2_2025-08-10,36617253_UX-100_2025-2,2025-08-10,4,Aprobado
44118742_GEN-101_2025-2_2025-08-10,44118742_GEN-101_2025-2,2025-08-10,8,Aprobado
33614240_IA-300_2025-2_2025-08-10,33614240_IA-300_2025-2,2025-08-10,8,Aprobado
41006133_NEG-400_2025-2_2025-08-10,41006133_NEG-400_2025-2,2025-08-10,1,Desaprobado
34793173_IA-400_2025-2_2025-08-10,34793173_IA-400_2025-2,2025-08-10,8,Aprobado
44334164_MKT-200_2025-2_2025-08-10,44334164_MKT-200_2025-2,2025-08-10,4,Aprobado
35310111_UX-100_2025-2_2025-08-10,35310111_UX-100_2025-2,2025-08-10,1,Desaprobado
41994164_IA-300_2025-2_2025-08-10,41994164_IA-300_2025-2,2025-08-10,8,Aprobado
45619097_UX-100_2025-2_2025-08-10,45619097_UX-100_2025-2,2025-08-10,1,Desaprobado
32997790_NEG-400_2025-2_2025-08-10,32997790_NEG-400_2025-2,2025-08-10,4,Aprobado
35947218_MKT-200_2025-2_2025-08-10,35947218_MKT-200_2025-2,2025-08-10,8,Aprobado
43185797_MKT-200_2025-2_2025-08-10,43185797_MKT-200_2025-2,2025-08-10,10,Aprobado
35837738_NEG-400_2025-2_2025-08-10,35837738_NEG-400_2025-2,2025-08-10,4,Aprobado
40915348_IA-300_2025-2_2025-08-10,40915348_IA-300_2025-2,2025-08-10,1,Desaprobado
43751737_GEN-101_2025-2_2025-08-10,43751737_GEN-101_2025-2,2025-08-10,1,Desaprobado
30820105_DEV-101_2025-2_2025-08-10,30820105_DEV-101_2025-2,2025-08-10,10,Aprobado
34441439_DEV-101_2025-2_2025-08-10,34441439_DEV-101_2025-2,2025-08-10,6,Aprobado
32703610_DAT-305_2025-2_2025-08-10,32703610_DAT-305_2025-2,2025-08-10,7,Aprobado
35951430_DAT-201_2025-2_2025-08-10,35951430_DAT-201_2025-2,2025-08-10,7,Aprobado
32388706_NEG-400_2025-2_2025-08-10,32388706_NEG-400_2025-2,2025-08-10,3,Desaprobado
35133995_IA-300_2025-2_2025-08-10,35133995_IA-300_2025-2,2025-08-10,9,Aprobado
44115909_MKT-200_2025-2_2025-08-10,44115909_MKT-200_2025-2,2025-08-10,8,Aprobado
35720054_NEG-400_2025-2_2025-08-10,35720054_NEG-400_2025-2,2025-08-10,6,Aprobado
44717216_DEV-101_2025-2_2025-08-11,44717216_DEV-101_2025-2,2025-08-11,7,Aprobado
33379578_DAT-101_2025-2_2025-08-11,33379578_DAT-101_2025-2,2025-08-11,10,Aprobado
31181222_UX-100_2025-2_2025-08-11,31181222_UX-100_2025-2,2025-08-11,1,Desaprobado
46653953_DAT-201_2025-2_2025-08-11,46653953_DAT-201_2025-2,2025-08-11,7,Aprobado
36971688_MKT-200_2025-2_2025-08-11,36971688_MKT-200_2025-2,2025-08-11,5,Aprobado
35757363_DEV-101_2025-2_2025-08-11,35757363_DEV-101_2025-2,2025-08-11,2,Desaprobado
34401288_DEV-101_2025-2_2025-08-11,34401288_DEV-101_2025-2,2025-08-11,1,Desaprobado
46233381_IA-400_2025-2_2025-08-11,46233381_IA-400_2025-2,2025-08-11,6,Aprobado
30386246_GEN-101_2025-2_2025-08-11,30386246_GEN-101_2025-2,2025-08-11,2,Desaprobado
31239788_DAT-101_2025-2_2025-08-11,31239788_DAT-101_2025-2,2025-08-11,4,Aprobado
36691364_DAT-201_2025-2_2025-08-11,36691364_DAT-201_2025-2,2025-08-11,1,Desaprobado
33717161_UX-100_2025-2_2025-08-11,33717161_UX-100_2025-2,2025-08-11,10,Aprobado
46410216_DEV-101_2025-2_2025-08-11,46410216_DEV-101_2025-2,2025-08-11,1,Desaprobado
32270986_UX-100_2025-2_2025-08-11,32270986_UX-100_2025-2,2025-08-11,6,Aprobado
47358131_IA-400_2025-2_2025-08-11,47358131_IA-400_2025-2,2025-08-11,1,Desaprobado
32460250_IA-300_2025-2_2025-08-11,32460250_IA-300_2025-2,2025-08-11,4,Aprobado
32284312_UX-100_2025-2_2025-08-11,32284312_UX-100_2025-2,2025-08-11,10,Aprobado
40804778_MKT-200_2025-2_2025-08-11,40804778_MKT-200_2025-2,2025-08-11,5,Aprobado
35753821_UX-100_2025-2_2025-08-11,35753821_UX-100_2025-2,2025-08-11,9,Aprobado
34401288_IA-400_2025-2_2025-08-11,34401288_IA-400_2025-2,2025-08-11,1,Desaprobado
35837738_DAT-101_2025-2_2025-08-12,35837738_DAT-101_2025-2,2025-08-12,8,Aprobado
38940969_DAT-201_2025-2_2025-08-12,38940969_DAT-201_2025-2,2025-08-12,1,Desaprobado
45474521_IA-400_2025-2_2025-08-12,45474521_IA-400_2025-2,2025-08-12,7,Aprobado
37947511_DAT-101_2025-2_2025-08-12,37947511_DAT-101_2025-2,2025-08-12,9,Aprobado
43037722_IA-400_2025-2_2025-08-12,43037722_IA-400_2025-2,2025-08-12,7,Aprobado
46596607_IA-300_2025-2_2025-08-12,46596607_IA-300_2025-2,2025-08-12,1,Desaprobado
39265874_DAT-305_2025-2_2025-08-12,39265874_DAT-305_2025-2,2025-08-12,2,Desaprobado
33520372_DAT-101_2025-2_2025-08-12,33520372_DAT-101_2025-2,2025-08-12,1,Desaprobado
45496689_DAT-101_2025-2_2025-08-12,45496689_DAT-101_2025-2,2025-08-12,6,Aprobado
30662919_IA-400_2025-2_2025-08-12,30662919_IA-400_2025-2,2025-08-12,3,Desaprobado
40330349_IA-300_2025-2_2025-08-12,40330349_IA-300_2025-2,2025-08-12,3,Desaprobado
47906696_IA-400_2025-2_2025-08-12,47906696_IA-400_2025-2,2025-08-12,1,Desaprobado
36040952_DAT-201_2025-2_2025-08-12,36040952_DAT-201_2025-2,2025-08-12,5,Aprobado
30377321_UX-100_2025-2_2025-08-12,30377321_UX-100_2025-2,2025-08-12,2,Desaprobado
43008590_MKT-200_2025-2_2025-08-12,43008590_MKT-200_2025-2,2025-08-12,4,Aprobado
44544802_UX-100_2025-2_2025-08-12,44544802_UX-100_2025-2,2025-08-12,7,Aprobado
40437078_UX-100_2025-2_2025-08-13,40437078_UX-100_2025-2,2025-08-13,7,Aprobado
38111908_IA-300_2025-2_2025-08-13,38111908_IA-300_2025-2,2025-08-13,5,Aprobado
34858008_MKT-200_2025-2_2025-08-13,34858008_MKT-200_2025-2,2025-08-13,1,Desaprobado
40902797_NEG-400_2025-2_2025-08-13,40902797_NEG-400_2025-2,2025-08-13,7,Aprobado
47776360_DAT-201_2025-2_2025-08-13,47776360_DAT-201_2025-2,2025-08-13,10,Aprobado
39831826_IA-400_2025-2_2025-08-13,39831826_IA-400_2025-2,2025-08-13,4,Aprobado
33698941_IA-300_2025-2_2025-08-13,33698941_IA-300_2025-2,2025-08-13,10,Aprobado
30055439_GEN-101_2025-2_2025-08-13,30055439_GEN-101_2025-2,2025-08-13,2,Desaprobado
39195104_IA-400_2025-2_2025-08-13,39195104_IA-400_2025-2,2025-08-13,2,Desaprobado
44613692_IA-400_2025-2_2025-08-13,44613692_IA-400_2025-2,2025-08-13,3,Desaprobado
32098690_NEG-400_2025-2_2025-08-13,32098690_NEG-400_2025-2,2025-08-13,5,Aprobado
36145210_IA-300_2025-2_2025-08-13,36145210_IA-300_2025-2,2025-08-13,1,Desaprobado
46147941_UX-100_2025-2_2025-08-13,46147941_UX-100_2025-2,2025-08-13,10,Aprobado
47969954_DAT-305_2025-2_2025-08-13,47969954_DAT-305_2025-2,2025-08-13,2,Desaprobado
46521420_DEV-101_2025-2_2025-08-13,46521420_DEV-101_2025-2,2025-08-13,10,Aprobado
47649810_MKT-200_2025-2_2025-08-13,47649810_MKT-200_2025-2,2025-08-13,8,Aprobado
35930527_NEG-400_2025-2_2025-08-13,35930527_NEG-400_2025-2,2025-08-13,5,Aprobado
45589540_DEV-101_2025-2_2025-08-14,45589540_DEV-101_2025-2,2025-08-14,10,Aprobado
46263687_IA-300_2025-2_2025-08-14,46263687_IA-300_2025-2,2025-08-14,9,Aprobado
37725025_DAT-101_2025-2_2025-08-14,37725025_DAT-101_2025-2,2025-08-14,5,Aprobado
43624314_MKT-200_2025-2_2025-08-14,43624314_MKT-200_2025-2,2025-08-14,7,Aprobado
41083641_NEG-400_2025-2_2025-08-14,41083641_NEG-400_2025-2,2025-08-14,9,Aprobado
39449899_NEG-400_2025-2_2025-08-14,39449899_NEG-400_2025-2,2025-08-14,9,Aprobado
43711417_NEG-400_2025-2_2025-08-14,43711417_NEG-400_2025-2,2025-08-14,10,Aprobado
30800017_DAT-101_2025-2_2025-08-14,30800017_DAT-101_2025-2,2025-08-14,5,Aprobado
44025027_NEG-400_2025-2_2025-08-14,44025027_NEG-400_2025-2,2025-08-14,6,Aprobado
40140970_MKT-200_2025-2_2025-08-14,40140970_MKT-200_2025-2,2025-08-14,1,Desaprobado
37057932_DEV-101_2025-2_2025-08-14,37057932_DEV-101_2025-2,2025-08-14,2,Desaprobado
45134203_UX-100_2025-2_2025-08-14,45134203_UX-100_2025-2,2025-08-14,7,Aprobado
31864701_UX-100_2025-2_2025-08-14,31864701_UX-100_2025-2,2025-08-14,4,Aprobado
31324108_DAT-101_2025-2_2025-08-14,31324108_DAT-101_2025-2,2025-08-14,8,Aprobado
43037722_DAT-305_2025-2_2025-08-15,43037722_DAT-305_2025-2,2025-08-15,5,Aprobado
31136038_UX-100_2025-2_2025-08-15,31136038_UX-100_2025-2,2025-08-15,1,Desaprobado
46377357_NEG-400_2025-2_2025-08-15,46377357_NEG-400_2025-2,2025-08-15,10,Aprobado
32997790_IA-400_2025-2_2025-08-15,32997790_IA-400_2025-2,2025-08-15,9,Aprobado
33353197_NEG-400_2025-2_2025-08-15,33353197_NEG-400_2025-2,2025-08-15,8,Aprobado
47633067_IA-400_2025-2_2025-08-15,47633067_IA-400_2025-2,2025-08-15,3,Desaprobado
31924807_GEN-101_2025-2_2025-08-15,31924807_GEN-101_2025-2,2025-08-15,1,Desaprobado
39817999_IA-400_2025-2_2025-08-15,39817999_IA-400_2025-2,2025-08-15,3,Desaprobado
43679905_IA-300_2025-2_2025-08-15,43679905_IA-300_2025-2,2025-08-15,6,Aprobado
33229738_MKT-200_2025-2_2025-08-15,33229738_MKT-200_2025-2,2025-08-15,5,Aprobado
36583358_GEN-101_2025-2_2025-08-15,36583358_GEN-101_2025-2,2025-08-15,4,Aprobado
43904377_GEN-101_2025-2_2025-08-15,43904377_GEN-101_2025-2,2025-08-15,10,Aprobado
38030283_DEV-101_2025-2_2025-08-15,38030283_DEV-101_2025-2,2025-08-15,1,Desaprobado
37672436_MKT-200_2025-2_2025-08-15,37672436_MKT-200_2025-2,2025-08-15,7,Aprobado
36138156_IA-300_2025-2_2025-08-15,36138156_IA-300_2025-2,2025-08-15,6,Aprobado
33596181_NEG-400_2025-2_2025-08-15,33596181_NEG-400_2025-2,2025-08-15,7,Aprobado
45186536_IA-400_2025-2_2025-08-15,45186536_IA-400_2025-2,2025-08-15,1,Desaprobado
47206312_UX-100_2025-2_2025-08-15,47206312_UX-100_2025-2,2025-08-15,5,Aprobado
43528816_DEV-101_2025-2_2025-08-16,43528816_DEV-101_2025-2,2025-08-16,5,Aprobado
34883029_NEG-400_2025-2_2025-08-16,34883029_NEG-400_2025-2,2025-08-16,1,Desaprobado
44878225_DEV-101_2025-2_2025-08-16,44878225_DEV-101_2025-2,2025-08-16,7,Aprobado
45647473_DEV-101_2025-2_2025-08-16,45647473_DEV-101_2025-2,2025-08-16,5,Aprobado
35608376_MKT-200_2025-2_2025-08-16,35608376_MKT-200_2025-2,2025-08-16,6,Aprobado
43711417_DAT-305_2025-2_2025-08-16,43711417_DAT-305_2025-2,2025-08-16,4,Aprobado
34743897_MKT-200_2025-2_2025-08-16,34743897_MKT-200_2025-2,2025-08-16,4,Aprobado
38991597_NEG-400_2025-2_2025-08-16,38991597_NEG-400_2025-2,2025-08-16,3,Desaprobado
46346975_IA-300_2025-2_2025-08-16,46346975_IA-300_2025-2,2025-08-16,5,Aprobado
35115152_DAT-101_2025-2_2025-08-16,35115152_DAT-101_2025-2,2025-08-16,3,Desaprobado
36003291_DAT-201_2025-2_2025-08-16,36003291_DAT-201_2025-2,2025-08-16,9,Aprobado
46780927_DEV-101_2025-2_2025-08-16,46780927_DEV-101_2025-2,2025-08-16,1,Desaprobado
47416283_GEN-101_2025-2_2025-08-16,47416283_GEN-101_2025-2,2025-08-16,5,Aprobado
44554637_DEV-101_2025-2_2025-08-16,44554637_DEV-101_2025-2,2025-08-16,1,Desaprobado
33698941_MKT-200_2025-2_2025-08-16,33698941_MKT-200_2025-2,2025-08-16,4,Aprobado
36300221_UX-100_2025-2_2025-08-16,36300221_UX-100_2025-2,2025-08-16,8,Aprobado
34648956_DEV-101_2025-2_2025-08-16,34648956_DEV-101_2025-2,2025-08-16,2,Desaprobado
38111908_DAT-305_2025-2_2025-08-16,38111908_DAT-305_2025-2,2025-08-16,1,Desaprobado
40531804_DAT-201_2025-2_2025-08-17,40531804_DAT-201_2025-2,2025-08-17,10,Aprobado
43615605_DAT-201_2025-2_2025-08-17,43615605_DAT-201_2025-2,2025-08-17,10,Aprobado
39901527_IA-400_2025-2_2025-08-17,39901527_IA-400_2025-2,2025-08-17,3,Desaprobado
45654702_UX-100_2025-2_2025-08-17,45654702_UX-100_2025-2,2025-08-17,4,Aprobado
47162613_GEN-101_2025-2_2025-08-17,47162613_GEN-101_2025-2,2025-08-17,8,Aprobado
40874592_DAT-101_2025-2_2025-08-17,40874592_DAT-101_2025-2,2025-08-17,5,Aprobado
30811908_GEN-101_2025-2_2025-08-17,30811908_GEN-101_2025-2,2025-08-17,2,Desaprobado
43281049_MKT-200_2025-2_2025-08-17,43281049_MKT-200_2025-2,2025-08-17,5,Aprobado
35850567_DEV-101_2025-2_2025-08-17,35850567_DEV-101_2025-2,2025-08-17,2,Desaprobado
41994164_DAT-101_2025-2_2025-08-17,41994164_DAT-101_2025-2,2025-08-17,2,Desaprobado
46920666_DEV-101_2025-2_2025-08-17,46920666_DEV-101_2025-2,2025-08-17,9,Aprobado
46329934_IA-400_2025-2_2025-08-17,46329934_IA-400_2025-2,2025-08-17,6,Aprobado
47909977_UX-100_2025-2_2025-08-18,47909977_UX-100_2025-2,2025-08-18,10,Aprobado
37918142_DAT-101_2025-2_2025-08-18,37918142_DAT-101_2025-2,2025-08-18,1,Desaprobado
33714793_NEG-400_2025-2_2025-08-18,33714793_NEG-400_2025-2,2025-08-18,2,Desaprobado
33505185_NEG-400_2025-2_2025-08-18,33505185_NEG-400_2025-2,2025-08-18,9,Aprobado
33320861_UX-100_2025-2_2025-08-18,33320861_UX-100_2025-2,2025-08-18,10,Aprobado
45280236_NEG-400_2025-2_2025-08-18,45280236_NEG-400_2025-2,2025-08-18,1,Desaprobado
41066323_IA-400_2025-2_2025-08-18,41066323_IA-400_2025-2,2025-08-18,1,Desaprobado
35509748_DAT-201_2025-2_2025-08-18,35509748_DAT-201_2025-2,2025-08-18,3,Desaprobado
32139544_MKT-200_2025-2_2025-08-18,32139544_MKT-200_2025-2,2025-08-18,2,Desaprobado
45066439_NEG-400_2025-2_2025-08-18,45066439_NEG-400_2025-2,2025-08-18,10,Aprobado
37162747_GEN-101_2025-2_2025-08-18,37162747_GEN-101_2025-2,2025-08-18,8,Aprobado
44443284_GEN-101_2025-2_2025-08-18,44443284_GEN-101_2025-2,2025-08-18,7,Aprobado
47633067_IA-400_2025-2_2025-08-18,47633067_IA-400_2025-2,2025-08-18,1,Desaprobado
47733210_IA-400_2025-2_2025-08-18,47733210_IA-400_2025-2,2025-08-18,10,Aprobado
46706919_NEG-400_2025-2_2025-08-19,46706919_NEG-400_2025-2,2025-08-19,7,Aprobado
30677244_IA-400_2025-2_2025-08-19,30677244_IA-400_2025-2,2025-08-19,9,Aprobado
34647475_DAT-201_2025-2_2025-08-19,34647475_DAT-201_2025-2,2025-08-19,10,Aprobado
46024126_IA-400_2025-2_2025-08-19,46024126_IA-400_2025-2,2025-08-19,8,Aprobado
30506698_IA-400_2025-2_2025-08-19,30506698_IA-400_2025-2,2025-08-19,6,Aprobado
46653953_IA-400_2025-2_2025-08-19,46653953_IA-400_2025-2,2025-08-19,4,Aprobado
32241129_DAT-305_2025-2_2025-08-19,32241129_DAT-305_2025-2,2025-08-19,6,Aprobado
46218945_NEG-400_2025-2_2025-08-19,46218945_NEG-400_2025-2,2025-08-19,4,Aprobado
40250893_MKT-200_2025-2_2025-08-19,40250893_MKT-200_2025-2,2025-08-19,3,Desaprobado
45766160_NEG-400_2025-2_2025-08-19,45766160_NEG-400_2025-2,2025-08-19,10,Aprobado
47320705_DEV-101_2025-2_2025-08-19,47320705_DEV-101_2025-2,2025-08-19,5,Aprobado
41815317_UX-100_2025-2_2025-08-19,41815317_UX-100_2025-2,2025-08-19,1,Desaprobado
32839194_DAT-305_2025-2_2025-08-19,32839194_DAT-305_2025-2,2025-08-19,9,Aprobado
35470566_NEG-400_2025-2_2025-08-19,35470566_NEG-400_2025-2,2025-08-19,1,Desaprobado
41340763_DEV-101_2025-2_2025-08-19,41340763_DEV-101_2025-2,2025-08-19,6,Aprobado
31662806_DAT-201_2025-2_2025-08-19,31662806_DAT-201_2025-2,2025-08-19,9,Aprobado
32703610_NEG-400_2025-2_2025-08-19,32703610_NEG-400_2025-2,2025-08-19,10,Aprobado
44491570_DAT-305_2025-2_2025-08-19,44491570_DAT-305_2025-2,2025-08-19,1,Desaprobado
39535799_UX-100_2025-2_2025-08-19,39535799_UX-100_2025-2,2025-08-19,4,Aprobado
37335497_DEV-101_2025-2_2025-08-19,37335497_DEV-101_2025-2,2025-08-19,8,Aprobado
37763133_MKT-200_2025-2_2025-08-19,37763133_MKT-200_2025-2,2025-08-19,2,Desaprobado
37874267_IA-300_2025-2_2025-08-19,37874267_IA-300_2025-2,2025-08-19,2,Desaprobado
45368291_GEN-101_2025-2_2025-08-20,45368291_GEN-101_2025-2,2025-08-20,9,Aprobado
40832369_DEV-101_2025-2_2025-08-20,40832369_DEV-101_2025-2,2025-08-20,8,Aprobado
32170253_GEN-101_2025-2_2025-08-20,32170253_GEN-101_2025-2,2025-08-20,9,Aprobado
40230385_MKT-200_2025-2_2025-08-20,40230385_MKT-200_2025-2,2025-08-20,10,Aprobado
36858459_IA-300_2025-2_2025-08-20,36858459_IA-300_2025-2,2025-08-20,5,Aprobado
30781172_UX-100_2025-2_2025-08-20,30781172_UX-100_2025-2,2025-08-20,5,Aprobado
44445238_DEV-101_2025-2_2025-08-20,44445238_DEV-101_2025-2,2025-08-20,2,Desaprobado
38353870_MKT-200_2025-2_2025-08-20,38353870_MKT-200_2025-2,2025-08-20,10,Aprobado
43615605_NEG-400_2025-2_2025-08-20,43615605_NEG-400_2025-2,2025-08-20,10,Aprobado
33896639_DAT-201_2025-2_2025-08-20,33896639_DAT-201_2025-2,2025-08-20,7,Aprobado
46314784_DAT-101_2025-2_2025-08-20,46314784_DAT-101_2025-2,2025-08-20,2,Desaprobado
34933614_IA-400_2025-2_2025-08-20,34933614_IA-400_2025-2,2025-08-20,9,Aprobado
46060979_DAT-101_2025-2_2025-08-20,46060979_DAT-101_2025-2,2025-08-20,2,Desaprobado
31153469_GEN-101_2025-2_2025-08-20,31153469_GEN-101_2025-2,2025-08-20,1,Desaprobado
44988509_UX-100_2025-2_2025-08-20,44988509_UX-100_2025-2,2025-08-20,6,Aprobado
36092237_IA-400_2025-2_2025-08-20,36092237_IA-400_2025-2,2025-08-20,7,Aprobado
43904377_DAT-305_2025-2_2025-08-21,43904377_DAT-305_2025-2,2025-08-21,6,Aprobado
45847170_DAT-305_2025-2_2025-08-21,45847170_DAT-305_2025-2,2025-08-21,8,Aprobado
39535799_IA-400_2025-2_2025-08-21,39535799_IA-400_2025-2,2025-08-21,7,Aprobado
31277192_IA-400_2025-2_2025-08-21,31277192_IA-400_2025-2,2025-08-21,8,Aprobado
46828583_MKT-200_2025-2_2025-08-21,46828583_MKT-200_2025-2,2025-08-21,8,Aprobado
32349636_MKT-200_2025-2_2025-08-21,32349636_MKT-200_2025-2,2025-08-21,5,Aprobado
39765048_IA-400_2025-2_2025-08-21,39765048_IA-400_2025-2,2025-08-21,2,Desaprobado
35415212_MKT-200_2025-2_2025-08-21,35415212_MKT-200_2025-2,2025-08-21,7,Aprobado
33229738_IA-300_2025-2_2025-08-21,33229738_IA-300_2025-2,2025-08-21,1,Desaprobado
30946573_NEG-400_2025-2_2025-08-21,30946573_NEG-400_2025-2,2025-08-21,3,Desaprobado
45984678_DEV-101_2025-2_2025-08-21,45984678_DEV-101_2025-2,2025-08-21,6,Aprobado
46314784_DAT-201_2025-2_2025-08-21,46314784_DAT-201_2025-2,2025-08-21,1,Desaprobado
44111228_DEV-101_2025-2_2025-08-21,44111228_DEV-101_2025-2,2025-08-21,1,Desaprobado
45539704_DAT-201_2025-2_2025-08-21,45539704_DAT-201_2025-2,2025-08-21,10,Aprobado
41079498_UX-100_2025-2_2025-08-21,41079498_UX-100_2025-2,2025-08-21,9,Aprobado
46271176_IA-400_2025-2_2025-08-21,46271176_IA-400_2025-2,2025-08-21,6,Aprobado
44443284_DEV-101_2025-2_2025-08-21,44443284_DEV-101_2025-2,2025-08-21,7,Aprobado
46024126_IA-400_2025-2_2025-08-21,46024126_IA-400_2025-2,2025-08-21,5,Aprobado
39407484_DEV-101_2025-2_2025-08-22,39407484_DEV-101_2025-2,2025-08-22,2,Desaprobado
46284693_DAT-305_2025-2_2025-08-22,46284693_DAT-305_2025-2,2025-08-22,6,Aprobado
39335040_IA-300_2025-2_2025-08-22,39335040_IA-300_2025-2,2025-08-22,2,Desaprobado
40102789_IA-400_2025-2_2025-08-22,40102789_IA-400_2025-2,2025-08-22,2,Desaprobado
45041443_IA-300_2025-2_2025-08-22,45041443_IA-300_2025-2,2025-08-22,5,Aprobado
41627786_NEG-400_2025-2_2025-08-22,41627786_NEG-400_2025-2,2025-08-22,1,Desaprobado
47182282_GEN-101_2025-2_2025-08-22,47182282_GEN-101_2025-2,2025-08-22,9,Aprobado
39901527_NEG-400_2025-2_2025-08-22,39901527_NEG-400_2025-2,2025-08-22,4,Aprobado
41641503_DAT-101_2025-2_2025-08-22,41641503_DAT-101_2025-2,2025-08-22,9,Aprobado
43399661_MKT-200_2025-2_2025-08-22,43399661_MKT-200_2025-2,2025-08-22,7,Aprobado
32170253_DAT-101_2025-2_2025-08-22,32170253_DAT-101_2025-2,2025-08-22,5,Aprobado
44640011_MKT-200_2025-2_2025-08-22,44640011_MKT-200_2025-2,2025-08-22,9,Aprobado
46329934_DAT-101_2025-2_2025-08-22,46329934_DAT-101_2025-2,2025-08-22,6,Aprobado
44512365_IA-300_2025-2_2025-08-23,44512365_IA-300_2025-2,2025-08-23,9,Aprobado
35450908_GEN-101_2025-2_2025-08-23,35450908_GEN-101_2025-2,2025-08-23,4,Aprobado
44717216_IA-400_2025-2_2025-08-23,44717216_IA-400_2025-2,2025-08-23,3,Desaprobado
31803019_UX-100_2025-2_2025-08-23,31803019_UX-100_2025-2,2025-08-23,8,Aprobado
40948220_DAT-201_2025-2_2025-08-23,40948220_DAT-201_2025-2,2025-08-23,4,Aprobado
37829833_DAT-305_2025-2_2025-08-23,37829833_DAT-305_2025-2,2025-08-23,2,Desaprobado
43632991_IA-400_2025-2_2025-08-23,43632991_IA-400_2025-2,2025-08-23,8,Aprobado
33479160_IA-400_2025-2_2025-08-23,33479160_IA-400_2025-2,2025-08-23,8,Aprobado
45474619_GEN-101_2025-2_2025-08-23,45474619_GEN-101_2025-2,2025-08-23,5,Aprobado
45711997_DAT-101_2025-2_2025-08-23,45711997_DAT-101_2025-2,2025-08-23,5,Aprobado
35951430_NEG-400_2025-2_2025-08-24,35951430_NEG-400_2025-2,2025-08-24,4,Aprobado
46153310_DEV-101_2025-2_2025-08-24,46153310_DEV-101_2025-2,2025-08-24,6,Aprobado
45890411_DEV-101_2025-2_2025-08-24,45890411_DEV-101_2025-2,2025-08-24,2,Desaprobado
32388706_MKT-200_2025-2_2025-08-24,32388706_MKT-200_2025-2,2025-08-24,4,Aprobado
34977085_IA-400_2025-2_2025-08-24,34977085_IA-400_2025-2,2025-08-24,4,Aprobado
32073901_DAT-201_2025-2_2025-08-24,32073901_DAT-201_2025-2,2025-08-24,3,Desaprobado
45694620_IA-400_2025-2_2025-08-24,45694620_IA-400_2025-2,2025-08-24,1,Desaprobado
31020972_NEG-400_2025-2_2025-08-24,31020972_NEG-400_2025-2,2025-08-24,4,Aprobado
31730204_DAT-201_2025-2_2025-08-24,31730204_DAT-201_2025-2,2025-08-24,3,Desaprobado
40874592_IA-300_2025-2_2025-08-24,40874592_IA-300_2025-2,2025-08-24,8,Aprobado
39214817_DEV-101_2025-2_2025-08-24,39214817_DEV-101_2025-2,2025-08-24,2,Desaprobado
38313159_GEN-101_2025-2_2025-08-24,38313159_GEN-101_2025-2,2025-08-24,3,Desaprobado
39107282_UX-100_2025-2_2025-08-24,39107282_UX-100_2025-2,2025-08-24,2,Desaprobado
43679905_DEV-101_2025-2_2025-08-24,43679905_DEV-101_2025-2,2025-08-24,2,Desaprobado
45452257_DAT-305_2025-2_2025-08-24,45452257_DAT-305_2025-2,2025-08-24,6,Aprobado
32099939_NEG-400_2025-2_2025-08-24,32099939_NEG-400_2025-2,2025-08-24,3,Desaprobado
32028866_GEN-101_2025-2_2025-08-24,32028866_GEN-101_2025-2,2025-08-24,6,Aprobado
39592778_DAT-201_2025-2_2025-08-25,39592778_DAT-201_2025-2,2025-08-25,4,Aprobado
46698472_IA-300_2025-2_2025-08-25,46698472_IA-300_2025-2,2025-08-25,2,Desaprobado
41721070_DAT-201_2025-2_2025-08-25,41721070_DAT-201_2025-2,2025-08-25,6,Aprobado
45679679_MKT-200_2025-2_2025-08-25,45679679_MKT-200_2025-2,2025-08-25,8,Aprobado
47762723_GEN-101_2025-2_2025-08-25,47762723_GEN-101_2025-2,2025-08-25,2,Desaprobado
41815317_GEN-101_2025-2_2025-08-25,41815317_GEN-101_2025-2,2025-08-25,7,Aprobado
47207202_IA-400_2025-2_2025-08-25,47207202_IA-400_2025-2,2025-08-25,2,Desaprobado
44264848_IA-300_2025-2_2025-08-25,44264848_IA-300_2025-2,2025-08-25,6,Aprobado
35303961_IA-300_2025-2_2025-08-25,35303961_IA-300_2025-2,2025-08-25,7,Aprobado
41204894_UX-100_2025-2_2025-08-25,41204894_UX-100_2025-2,2025-08-25,2,Desaprobado
41340763_GEN-101_2025-2_2025-08-25,41340763_GEN-101_2025-2,2025-08-25,9,Aprobado
35951430_MKT-200_2025-2_2025-08-25,35951430_MKT-200_2025-2,2025-08-25,6,Aprobado
44062737_MKT-200_2025-2_2025-08-25,44062737_MKT-200_2025-2,2025-08-25,4,Aprobado
47969954_GEN-101_2025-2_2025-08-25,47969954_GEN-101_2025-2,2025-08-25,2,Desaprobado
34631520_IA-400_2025-2_2025-08-25,34631520_IA-400_2025-2,2025-08-25,4,Aprobado
32860968_DEV-101_2025-2_2025-08-26,32860968_DEV-101_2025-2,2025-08-26,5,Aprobado
45311516_UX-100_2025-2_2025-08-26,45311516_UX-100_2025-2,2025-08-26,6,Aprobado
35839853_DEV-101_2025-2_2025-08-26,35839853_DEV-101_2025-2,2025-08-26,4,Aprobado
43344838_MKT-200_2025-2_2025-08-26,43344838_MKT-200_2025-2,2025-08-26,5,Aprobado
39231072_GEN-101_2025-2_2025-08-26,39231072_GEN-101_2025-2,2025-08-26,5,Aprobado
36421707_DAT-305_2025-2_2025-08-26,36421707_DAT-305_2025-2,2025-08-26,9,Aprobado
32170253_IA-300_2025-2_2025-08-26,32170253_IA-300_2025-2,2025-08-26,5,Aprobado
47061751_MKT-200_2025-2_2025-08-26,47061751_MKT-200_2025-2,2025-08-26,5,Aprobado
46435125_IA-400_2025-2_2025-08-26,46435125_IA-400_2025-2,2025-08-26,6,Aprobado
39255922_DAT-101_2025-2_2025-08-26,39255922_DAT-101_2025-2,2025-08-26,9,Aprobado
46137809_DAT-201_2025-2_2025-08-26,46137809_DAT-201_2025-2,2025-08-26,7,Aprobado
38902809_MKT-200_2025-2_2025-08-26,38902809_MKT-200_2025-2,2025-08-26,8,Aprobado
32228319_UX-100_2025-2_2025-08-26,32228319_UX-100_2025-2,2025-08-26,7,Aprobado
40284355_NEG-400_2025-2_2025-08-26,40284355_NEG-400_2025-2,2025-08-26,5,Aprobado
33800391_MKT-200_2025-2_2025-08-26,33800391_MKT-200_2025-2,2025-08-26,2,Desaprobado
45813207_DEV-101_2025-2_2025-08-27,45813207_DEV-101_2025-2,2025-08-27,5,Aprobado
39733145_IA-400_2025-2_2025-08-27,39733145_IA-400_2025-2,2025-08-27,8,Aprobado
44241859_DAT-201_2025-2_2025-08-27,44241859_DAT-201_2025-2,2025-08-27,8,Aprobado
46653953_IA-400_2025-2_2025-08-27,46653953_IA-400_2025-2,2025-08-27,8,Aprobado
39547835_DAT-201_2025-2_2025-08-27,39547835_DAT-201_2025-2,2025-08-27,5,Aprobado
37829833_MKT-200_2025-2_2025-08-27,37829833_MKT-200_2025-2,2025-08-27,9,Aprobado
36314879_DAT-305_2025-2_2025-08-27,36314879_DAT-305_2025-2,2025-08-27,3,Desaprobado
33683627_DAT-201_2025-2_2025-08-27,33683627_DAT-201_2025-2,2025-08-27,8,Aprobado
30060967_DAT-101_2025-2_2025-08-27,30060967_DAT-101_2025-2,2025-08-27,1,Desaprobado
37182051_DAT-201_2025-2_2025-08-27,37182051_DAT-201_2025-2,2025-08-27,6,Aprobado
35580984_MKT-200_2025-2_2025-08-27,35580984_MKT-200_2025-2,2025-08-27,3,Desaprobado
39093550_DAT-101_2025-2_2025-08-27,39093550_DAT-101_2025-2,2025-08-27,5,Aprobado
31559920_DAT-201_2025-2_2025-08-28,31559920_DAT-201_2025-2,2025-08-28,7,Aprobado
37802380_DEV-101_2025-2_2025-08-28,37802380_DEV-101_2025-2,2025-08-28,6,Aprobado
39835913_IA-400_2025-2_2025-08-28,39835913_IA-400_2025-2,2025-08-28,1,Desaprobado
47993064_DAT-201_2025-2_2025-08-28,47993064_DAT-201_2025-2,2025-08-28,5,Aprobado
39337175_DAT-101_2025-2_2025-08-28,39337175_DAT-101_2025-2,2025-08-28,10,Aprobado
36133533_DEV-101_2025-2_2025-08-28,36133533_DEV-101_2025-2,2025-08-28,8,Aprobado
34627342_NEG-400_2025-2_2025-08-28,34627342_NEG-400_2025-2,2025-08-28,2,Desaprobado
37351522_NEG-400_2025-2_2025-08-28,37351522_NEG-400_2025-2,2025-08-28,4,Aprobado
45011218_NEG-400_2025-2_2025-08-28,45011218_NEG-400_2025-2,2025-08-28,5,Aprobado
40409948_IA-300_2025-2_2025-08-28,40409948_IA-300_2025-2,2025-08-28,5,Aprobado
38181190_MKT-200_2025-2_2025-08-28,38181190_MKT-200_2025-2,2025-08-28,1,Desaprobado
47481163_DAT-101_2025-2_2025-08-28,47481163_DAT-101_2025-2,2025-08-28,5,Aprobado
35574653_DAT-201_2025-2_2025-08-28,35574653_DAT-201_2025-2,2025-08-28,1,Desaprobado
45417606_NEG-400_2025-2_2025-08-28,45417606_NEG-400_2025-2,2025-08-28,5,Aprobado
39278348_GEN-101_2025-2_2025-08-28,39278348_GEN-101_2025-2,2025-08-28,10,Aprobado
38498499_DAT-101_2025-2_2025-08-28,38498499_DAT-101_2025-2,2025-08-28,8,Aprobado
34832335_DAT-305_2025-2_2025-08-29,34832335_DAT-305_2025-2,2025-08-29,5,Aprobado
44176621_DAT-101_2025-2_2025-08-29,44176621_DAT-101_2025-2,2025-08-29,5,Aprobado
47822229_DAT-201_2025-2_2025-08-29,47822229_DAT-201_2025-2,2025-08-29,2,Desaprobado
32409630_DAT-201_2025-2_2025-08-29,32409630_DAT-201_2025-2,2025-08-29,2,Desaprobado
31634609_DAT-101_2025-2_2025-08-29,31634609_DAT-101_2025-2,2025-08-29,10,Aprobado
31730204_IA-400_2025-2_2025-08-29,31730204_IA-400_2025-2,2025-08-29,1,Desaprobado
45225711_DAT-305_2025-2_2025-08-29,45225711_DAT-305_2025-2,2025-08-29,5,Aprobado
31221561_UX-100_2025-2_2025-08-29,31221561_UX-100_2025-2,2025-08-29,2,Desaprobado
37584867_DAT-201_2025-2_2025-08-29,37584867_DAT-201_2025-2,2025-08-29,7,Aprobado
35330350_DAT-201_2025-2_2025-08-29,35330350_DAT-201_2025-2,2025-08-29,10,Aprobado
33353197_DAT-201_2025-2_2025-08-29,33353197_DAT-201_2025-2,2025-08-29,5,Aprobado
39449899_IA-400_2025-2_2025-08-29,39449899_IA-400_2025-2,2025-08-29,4,Aprobado
41950319_DAT-201_2025-2_2025-08-29,41950319_DAT-201_2025-2,2025-08-29,1,Desaprobado
35207049_IA-400_2025-2_2025-08-29,35207049_IA-400_2025-2,2025-08-29,5,Aprobado
43008590_IA-300_2025-2_2025-08-29,43008590_IA-300_2025-2,2025-08-29,5,Aprobado
34577564_DAT-305_2025-2_2025-08-29,34577564_DAT-305_2025-2,2025-08-29,6,Aprobado
47764924_DEV-101_2025-2_2025-08-30,47764924_DEV-101_2025-2,2025-08-30,7,Aprobado
47199896_DAT-305_2025-2_2025-08-30,47199896_DAT-305_2025-2,2025-08-30,2,Desaprobado
39449899_DAT-101_2025-2_2025-08-30,39449899_DAT-101_2025-2,2025-08-30,2,Desaprobado
38066467_GEN-101_2025-2_2025-08-30,38066467_GEN-101_2025-2,2025-08-30,3,Desaprobado
45647473_DEV-101_2025-2_2025-08-30,45647473_DEV-101_2025-2,2025-08-30,3,Desaprobado
34696467_DAT-101_2025-2_2025-08-30,34696467_DAT-101_2025-2,2025-08-30,3,Desaprobado
40582609_DAT-305_2025-2_2025-08-30,40582609_DAT-305_2025-2,2025-08-30,8,Aprobado
45890411_IA-300_2025-2_2025-08-30,45890411_IA-300_2025-2,2025-08-30,3,Desaprobado
35147199_NEG-400_2025-2_2025-08-30,35147199_NEG-400_2025-2,2025-08-30,7,Aprobado
36138156_DAT-101_2025-2_2025-08-30,36138156_DAT-101_2025-2,2025-08-30,9,Aprobado
45309663_IA-400_2025-2_2025-08-30,45309663_IA-400_2025-2,2025-08-30,6,Aprobado
46418357_DAT-201_2025-2_2025-08-30,46418357_DAT-201_2025-2,2025-08-30,9,Aprobado
34288472_DAT-305_2025-2_2025-08-31,34288472_DAT-305_2025-2,2025-08-31,2,Desaprobado
30858543_MKT-200_2025-2_2025-08-31,30858543_MKT-200_2025-2,2025-08-31,3,Desaprobado
35407054_IA-400_2025-2_2025-08-31,35407054_IA-400_2025-2,2025-08-31,9,Aprobado
40293144_DEV-101_2025-2_2025-08-31,40293144_DEV-101_2025-2,2025-08-31,8,Aprobado
45474521_MKT-200_2025-2_2025-08-31,45474521_MKT-200_2025-2,2025-08-31,5,Aprobado
46847177_DEV-101_2025-2_2025-08-31,46847177_DEV-101_2025-2,2025-08-31,6,Aprobado
41912939_DEV-101_2025-2_2025-08-31,41912939_DEV-101_2025-2,2025-08-31,9,Aprobado
36992557_IA-400_2025-2_2025-08-31,36992557_IA-400_2025-2,2025-08-31,4,Aprobado
45007686_DAT-101_2025-2_2025-08-31,45007686_DAT-101_2025-2,2025-08-31,10,Aprobado
44853849_IA-400_2025-2_2025-08-31,44853849_IA-400_2025-2,2025-08-31,4,Aprobado
47775711_DAT-101_2025-2_2025-08-31,47775711_DAT-101_2025-2,2025-08-31,7,Aprobado
37458197_DEV-101_2025-2_2025-08-31,37458197_DEV-101_2025-2,2025-08-31,2,Desaprobado
39278348_DAT-201_2025-2_2025-08-31,39278348_DAT-201_2025-2,2025-08-31,6,Aprobado
43615605_DAT-201_2025-2_2025-08-31,43615605_DAT-201_2025-2,2025-08-31,4,Aprobado
32028866_DAT-201_2025-2_2025-08-31,32028866_DAT-201_2025-2,2025-08-31,9,Aprobado
45763623_DAT-201_2025-2_2025-08-31,45763623_DAT-201_2025-2,2025-08-31,1,Desaprobado
31681085_NEG-400_2025-2_2025-08-31,31681085_NEG-400_2025-2,2025-08-31,3,Desaprobado
35532629_MKT-200_2025-2_2025-08-31,35532629_MKT-200_2025-2,2025-08-31,9,Aprobado
38936509_DEV-101_2025-2_2025-09-01,38936509_DEV-101_2025-2,2025-09-01,6,Aprobado
44025027_DAT-305_2025-2_2025-09-01,44025027_DAT-305_2025-2,2025-09-01,4,Aprobado
39159460_DEV-101_2025-2_2025-09-01,39159460_DEV-101_2025-2,2025-09-01,10,Aprobado
46708439_DAT-101_2025-2_2025-09-01,46708439_DAT-101_2025-2,2025-09-01,9,Aprobado
32108581_GEN-101_2025-2_2025-09-01,32108581_GEN-101_2025-2,2025-09-01,10,Aprobado
44692963_GEN-101_2025-2_2025-09-01,44692963_GEN-101_2025-2,2025-09-01,5,Aprobado
40451762_UX-100_2025-2_2025-09-01,40451762_UX-100_2025-2,2025-09-01,8,Aprobado
30278086_DAT-201_2025-2_2025-09-01,30278086_DAT-201_2025-2,2025-09-01,5,Aprobado
38794221_IA-400_2025-2_2025-09-01,38794221_IA-400_2025-2,2025-09-01,1,Desaprobado
37952540_DAT-201_2025-2_2025-09-01,37952540_DAT-201_2025-2,2025-09-01,4,Aprobado
37017626_DAT-101_2025-2_2025-09-01,37017626_DAT-101_2025-2,2025-09-01,10,Aprobado
35450908_DAT-101_2025-2_2025-09-01,35450908_DAT-101_2025-2,2025-09-01,10,Aprobado
46966361_DEV-101_2025-2_2025-09-01,46966361_DEV-101_2025-2,2025-09-01,5,Aprobado
38111908_IA-300_2025-2_2025-09-01,38111908_IA-300_2025-2,2025-09-01,3,Desaprobado
32171052_IA-300_2025-2_2025-09-01,32171052_IA-300_2025-2,2025-09-01,4,Aprobado
37039481_DAT-101_2025-2_2025-09-01,37039481_DAT-101_2025-2,2025-09-01,6,Aprobado
32726810_MKT-200_2025-2_2025-09-01,32726810_MKT-200_2025-2,2025-09-01,10,Aprobado
44343339_IA-300_2025-2_2025-09-01,44343339_IA-300_2025-2,2025-09-01,8,Aprobado
40228309_IA-300_2025-2_2025-09-01,40228309_IA-300_2025-2,2025-09-01,1,Desaprobado
30858543_IA-300_2025-2_2025-09-01,30858543_IA-300_2025-2,2025-09-01,5,Aprobado
35486815_DEV-101_2025-2_2025-09-01,35486815_DEV-101_2025-2,2025-09-01,8,Aprobado
32567561_GEN-101_2025-2_2025-09-01,32567561_GEN-101_2025-2,2025-09-01,9,Aprobado
39265874_UX-100_2025-2_2025-09-01,39265874_UX-100_2025-2,2025-09-01,6,Aprobado
32703610_DAT-305_2025-2_2025-09-02,32703610_DAT-305_2025-2,2025-09-02,8,Aprobado
44490644_DAT-201_2025-2_2025-09-02,44490644_DAT-201_2025-2,2025-09-02,4,Aprobado
37561242_NEG-400_2025-2_2025-09-02,37561242_NEG-400_2025-2,2025-09-02,8,Aprobado
32997790_DAT-305_2025-2_2025-09-02,32997790_DAT-305_2025-2,2025-09-02,9,Aprobado
35580984_DAT-201_2025-2_2025-09-02,35580984_DAT-201_2025-2,2025-09-02,4,Aprobado
30839312_UX-100_2025-2_2025-09-02,30839312_UX-100_2025-2,2025-09-02,3,Desaprobado
39160706_IA-400_2025-2_2025-09-02,39160706_IA-400_2025-2,2025-09-02,7,Aprobado
33709759_IA-300_2025-2_2025-09-02,33709759_IA-300_2025-2,2025-09-02,5,Aprobado
38631479_DAT-101_2025-2_2025-09-02,38631479_DAT-101_2025-2,2025-09-02,9,Aprobado
37952540_DEV-101_2025-2_2025-09-02,37952540_DEV-101_2025-2,2025-09-02,7,Aprobado
45539704_DEV-101_2025-2_2025-09-02,45539704_DEV-101_2025-2,2025-09-02,1,Desaprobado
40804778_DEV-101_2025-2_2025-09-02,40804778_DEV-101_2025-2,2025-09-02,10,Aprobado
36570791_IA-400_2025-2_2025-09-02,36570791_IA-400_2025-2,2025-09-02,7,Aprobado
35951430_MKT-200_2025-2_2025-09-02,35951430_MKT-200_2025-2,2025-09-02,10,Aprobado
30186819_IA-400_2025-2_2025-09-02,30186819_IA-400_2025-2,2025-09-02,10,Aprobado
44476887_IA-400_2025-2_2025-09-02,44476887_IA-400_2025-2,2025-09-02,2,Desaprobado
37880219_UX-100_2025-2_2025-09-02,37880219_UX-100_2025-2,2025-09-02,5,Aprobado
36443537_DAT-305_2025-2_2025-09-02,36443537_DAT-305_2025-2,2025-09-02,8,Aprobado
45539704_DAT-201_2025-2_2025-09-02,45539704_DAT-201_2025-2,2025-09-02,6,Aprobado
36691364_MKT-200_2025-2_2025-09-03,36691364_MKT-200_2025-2,2025-09-03,3,Desaprobado
33143242_NEG-400_2025-2_2025-09-03,33143242_NEG-400_2025-2,2025-09-03,2,Desaprobado
31445923_GEN-101_2025-2_2025-09-03,31445923_GEN-101_2025-2,2025-09-03,10,Aprobado
37679372_DAT-305_2025-2_2025-09-03,37679372_DAT-305_2025-2,2025-09-03,4,Aprobado
35207049_MKT-200_2025-2_2025-09-03,35207049_MKT-200_2025-2,2025-09-03,9,Aprobado
46284693_DAT-305_2025-2_2025-09-03,46284693_DAT-305_2025-2,2025-09-03,8,Aprobado
43191267_DAT-305_2025-2_2025-09-03,43191267_DAT-305_2025-2,2025-09-03,1,Desaprobado
40967959_IA-400_2025-2_2025-09-03,40967959_IA-400_2025-2,2025-09-03,3,Desaprobado
35598065_DAT-305_2025-2_2025-09-03,35598065_DAT-305_2025-2,2025-09-03,10,Aprobado
35930527_NEG-400_2025-2_2025-09-03,35930527_NEG-400_2025-2,2025-09-03,7,Aprobado
35407054_DEV-101_2025-2_2025-09-03,35407054_DEV-101_2025-2,2025-09-03,4,Aprobado
39214817_MKT-200_2025-2_2025-09-03,39214817_MKT-200_2025-2,2025-09-03,4,Aprobado
30344498_DAT-101_2025-2_2025-09-03,30344498_DAT-101_2025-2,2025-09-03,8,Aprobado
43624806_NEG-400_2025-2_2025-09-03,43624806_NEG-400_2025-2,2025-09-03,1,Desaprobado
35147199_UX-100_2025-2_2025-09-03,35147199_UX-100_2025-2,2025-09-03,2,Desaprobado
44118742_NEG-400_2025-2_2025-09-03,44118742_NEG-400_2025-2,2025-09-03,2,Desaprobado
43528816_IA-300_2025-2_2025-09-03,43528816_IA-300_2025-2,2025-09-03,4,Aprobado
45865176_GEN-101_2025-2_2025-09-04,45865176_GEN-101_2025-2,2025-09-04,6,Aprobado
46829066_MKT-200_2025-2_2025-09-04,46829066_MKT-200_2025-2,2025-09-04,6,Aprobado
31576981_DAT-101_2025-2_2025-09-04,31576981_DAT-101_2025-2,2025-09-04,7,Aprobado
47517294_DEV-101_2025-2_2025-09-04,47517294_DEV-101_2025-2,2025-09-04,9,Aprobado
33984071_GEN-101_2025-2_2025-09-04,33984071_GEN-101_2025-2,2025-09-04,4,Aprobado
31177427_MKT-200_2025-2_2025-09-04,31177427_MKT-200_2025-2,2025-09-04,10,Aprobado
32098690_IA-400_2025-2_2025-09-04,32098690_IA-400_2025-2,2025-09-04,2,Desaprobado
46411752_DAT-101_2025-2_2025-09-04,46411752_DAT-101_2025-2,2025-09-04,9,Aprobado
34705463_DAT-101_2025-2_2025-09-04,34705463_DAT-101_2025-2,2025-09-04,4,Aprobado
33418893_UX-100_2025-2_2025-09-04,33418893_UX-100_2025-2,2025-09-04,1,Desaprobado
32284312_IA-300_2025-2_2025-09-04,32284312_IA-300_2025-2,2025-09-04,10,Aprobado
47530910_DAT-305_2025-2_2025-09-04,47530910_DAT-305_2025-2,2025-09-04,5,Aprobado
32108581_NEG-400_2025-2_2025-09-04,32108581_NEG-400_2025-2,2025-09-04,10,Aprobado
46833655_IA-400_2025-2_2025-09-04,46833655_IA-400_2025-2,2025-09-04,6,Aprobado
45474619_IA-300_2025-2_2025-09-05,45474619_IA-300_2025-2,2025-09-05,7,Aprobado
39820530_GEN-101_2025-2_2025-09-05,39820530_GEN-101_2025-2,2025-09-05,4,Aprobado
45890411_IA-300_2025-2_2025-09-05,45890411_IA-300_2025-2,2025-09-05,7,Aprobado
37632339_UX-100_2025-2_2025-09-05,37632339_UX-100_2025-2,2025-09-05,1,Desaprobado
45309663_DEV-101_2025-2_2025-09-05,45309663_DEV-101_2025-2,2025-09-05,7,Aprobado
41289442_UX-100_2025-2_2025-09-05,41289442_UX-100_2025-2,2025-09-05,6,Aprobado
33397920_DEV-101_2025-2_2025-09-05,33397920_DEV-101_2025-2,2025-09-05,1,Desaprobado
46706919_MKT-200_2025-2_2025-09-05,46706919_MKT-200_2025-2,2025-09-05,5,Aprobado
33818954_DEV-101_2025-2_2025-09-05,33818954_DEV-101_2025-2,2025-09-05,7,Aprobado
47908881_DAT-101_2025-2_2025-09-05,47908881_DAT-101_2025-2,2025-09-05,6,Aprobado
40451762_DAT-201_2025-2_2025-09-05,40451762_DAT-201_2025-2,2025-09-05,2,Desaprobado
41051244_MKT-200_2025-2_2025-09-05,41051244_MKT-200_2025-2,2025-09-05,6,Aprobado
39835913_DAT-201_2025-2_2025-09-05,39835913_DAT-201_2025-2,2025-09-05,9,Aprobado
33610212_IA-300_2025-2_2025-09-05,33610212_IA-300_2025-2,2025-09-05,10,Aprobado
35115152_DEV-101_2025-2_2025-09-05,35115152_DEV-101_2025-2,2025-09-05,9,Aprobado
32284312_IA-400_2025-2_2025-09-05,32284312_IA-400_2025-2,2025-09-05,3,Desaprobado
35218002_IA-400_2025-2_2025-09-05,35218002_IA-400_2025-2,2025-09-05,10,Aprobado
40967959_NEG-400_2025-2_2025-09-05,40967959_NEG-400_2025-2,2025-09-05,2,Desaprobado
45694620_DAT-201_2025-2_2025-09-05,45694620_DAT-201_2025-2,2025-09-05,9,Aprobado
40269989_IA-400_2025-2_2025-09-06,40269989_IA-400_2025-2,2025-09-06,6,Aprobado
32329071_IA-300_2025-2_2025-09-06,32329071_IA-300_2025-2,2025-09-06,10,Aprobado
43462497_DAT-101_2025-2_2025-09-06,43462497_DAT-101_2025-2,2025-09-06,4,Aprobado
34577564_DAT-101_2025-2_2025-09-06,34577564_DAT-101_2025-2,2025-09-06,2,Desaprobado
40437078_DAT-305_2025-2_2025-09-06,40437078_DAT-305_2025-2,2025-09-06,8,Aprobado
44988381_IA-300_2025-2_2025-09-06,44988381_IA-300_2025-2,2025-09-06,1,Desaprobado
39396593_DAT-201_2025-2_2025-09-06,39396593_DAT-201_2025-2,2025-09-06,10,Aprobado
46281181_DAT-101_2025-2_2025-09-06,46281181_DAT-101_2025-2,2025-09-06,10,Aprobado
39752062_GEN-101_2025-2_2025-09-06,39752062_GEN-101_2025-2,2025-09-06,4,Aprobado
39073064_DEV-101_2025-2_2025-09-06,39073064_DEV-101_2025-2,2025-09-06,5,Aprobado
31015246_DAT-101_2025-2_2025-09-06,31015246_DAT-101_2025-2,2025-09-06,10,Aprobado
39047069_DAT-201_2025-2_2025-09-06,39047069_DAT-201_2025-2,2025-09-06,6,Aprobado
37370656_IA-300_2025-2_2025-09-06,37370656_IA-300_2025-2,2025-09-06,3,Desaprobado
37370656_DAT-101_2025-2_2025-09-06,37370656_DAT-101_2025-2,2025-09-06,5,Aprobado
45679679_IA-400_2025-2_2025-09-06,45679679_IA-400_2025-2,2025-09-06,6,Aprobado
31846333_IA-300_2025-2_2025-09-06,31846333_IA-300_2025-2,2025-09-06,1,Desaprobado
45351925_IA-300_2025-2_2025-09-06,45351925_IA-300_2025-2,2025-09-06,5,Aprobado
44443284_NEG-400_2025-2_2025-09-06,44443284_NEG-400_2025-2,2025-09-06,5,Aprobado
45105658_DAT-101_2025-2_2025-09-07,45105658_DAT-101_2025-2,2025-09-07,5,Aprobado
40582609_IA-300_2025-2_2025-09-07,40582609_IA-300_2025-2,2025-09-07,6,Aprobado
37106276_DEV-101_2025-2_2025-09-07,37106276_DEV-101_2025-2,2025-09-07,5,Aprobado
39647120_UX-100_2025-2_2025-09-07,39647120_UX-100_2025-2,2025-09-07,2,Desaprobado
33714793_IA-300_2025-2_2025-09-07,33714793_IA-300_2025-2,2025-09-07,3,Desaprobado
41627786_DEV-101_2025-2_2025-09-07,41627786_DEV-101_2025-2,2025-09-07,4,Aprobado
32270986_IA-300_2025-2_2025-09-07,32270986_IA-300_2025-2,2025-09-07,10,Aprobado
33984071_IA-400_2025-2_2025-09-07,33984071_IA-400_2025-2,2025-09-07,5,Aprobado
38531623_MKT-200_2025-2_2025-09-07,38531623_MKT-200_2025-2,2025-09-07,10,Aprobado
41204894_DEV-101_2025-2_2025-09-07,41204894_DEV-101_2025-2,2025-09-07,3,Desaprobado
34432017_IA-400_2025-2_2025-09-07,34432017_IA-400_2025-2,2025-09-07,8,Aprobado
34531843_GEN-101_2025-2_2025-09-07,34531843_GEN-101_2025-2,2025-09-07,8,Aprobado
43904377_MKT-200_2025-2_2025-09-07,43904377_MKT-200_2025-2,2025-09-07,9,Aprobado
31425696_NEG-400_2025-2_2025-09-07,31425696_NEG-400_2025-2,2025-09-07,1,Desaprobado
31136038_MKT-200_2025-2_2025-09-08,31136038_MKT-200_2025-2,2025-09-08,10,Aprobado
44227115_NEG-400_2025-2_2025-09-08,44227115_NEG-400_2025-2,2025-09-08,5,Aprobado
45076705_IA-400_2025-2_2025-09-08,45076705_IA-400_2025-2,2025-09-08,4,Aprobado
38818793_DAT-305_2025-2_2025-09-08,38818793_DAT-305_2025-2,2025-09-08,9,Aprobado
32498967_MKT-200_2025-2_2025-09-08,32498967_MKT-200_2025-2,2025-09-08,9,Aprobado
31209670_DAT-101_2025-2_2025-09-08,31209670_DAT-101_2025-2,2025-09-08,6,Aprobado
46780927_DAT-101_2025-2_2025-09-08,46780927_DAT-101_2025-2,2025-09-08,3,Desaprobado
44190336_IA-400_2025-2_2025-09-08,44190336_IA-400_2025-2,2025-09-08,6,Aprobado
45198757_IA-400_2025-2_2025-09-08,45198757_IA-400_2025-2,2025-09-08,7,Aprobado
46210812_UX-100_2025-2_2025-09-08,46210812_UX-100_2025-2,2025-09-08,2,Desaprobado
36235580_GEN-101_2025-2_2025-09-08,36235580_GEN-101_2025-2,2025-09-08,9,Aprobado
32441127_MKT-200_2025-2_2025-09-08,32441127_MKT-200_2025-2,2025-09-08,10,Aprobado
44235496_DAT-305_2025-2_2025-09-08,44235496_DAT-305_2025-2,2025-09-08,2,Desaprobado
33175574_IA-400_2025-2_2025-09-08,33175574_IA-400_2025-2,2025-09-08,1,Desaprobado
43281049_MKT-200_2025-2_2025-09-09,43281049_MKT-200_2025-2,2025-09-09,3,Desaprobado
31803019_DAT-305_2025-2_2025-09-09,31803019_DAT-305_2025-2,2025-09-09,6,Aprobado
33375552_DAT-101_2025-2_2025-09-09,33375552_DAT-101_2025-2,2025-09-09,6,Aprobado
31313953_IA-300_2025-2_2025-09-09,31313953_IA-300_2025-2,2025-09-09,1,Desaprobado
34888999_GEN-101_2025-2_2025-09-09,34888999_GEN-101_2025-2,2025-09-09,6,Aprobado
33717161_DEV-101_2025-2_2025-09-09,33717161_DEV-101_2025-2,2025-09-09,9,Aprobado
33247551_GEN-101_2025-2_2025-09-09,33247551_GEN-101_2025-2,2025-09-09,3,Desaprobado
33846409_UX-100_2025-2_2025-09-09,33846409_UX-100_2025-2,2025-09-09,3,Desaprobado
43284866_IA-400_2025-2_2025-09-09,43284866_IA-400_2025-2,2025-09-09,3,Desaprobado
36996781_IA-400_2025-2_2025-09-09,36996781_IA-400_2025-2,2025-09-09,8,Aprobado
46103571_NEG-400_2025-2_2025-09-09,46103571_NEG-400_2025-2,2025-09-09,3,Desaprobado
40235116_IA-400_2025-2_2025-09-09,40235116_IA-400_2025-2,2025-09-09,2,Desaprobado
39835913_DAT-201_2025-2_2025-09-09,39835913_DAT-201_2025-2,2025-09-09,6,Aprobado
47983613_IA-400_2025-2_2025-09-09,47983613_IA-400_2025-2,2025-09-09,4,Aprobado
31425696_NEG-400_2025-2_2025-09-09,31425696_NEG-400_2025-2,2025-09-09,10,Aprobado
38417833_IA-300_2025-2_2025-09-09,38417833_IA-300_2025-2,2025-09-09,10,Aprobado
41448781_UX-100_2025-2_2025-09-09,41448781_UX-100_2025-2,2025-09-09,6,Aprobado
41398180_NEG-400_2025-2_2025-09-10,41398180_NEG-400_2025-2,2025-09-10,1,Desaprobado
35994686_DAT-201_2025-2_2025-09-10,35994686_DAT-201_2025-2,2025-09-10,2,Desaprobado
40597857_DAT-101_2025-2_2025-09-10,40597857_DAT-101_2025-2,2025-09-10,5,Aprobado
32460250_IA-300_2025-2_2025-09-10,32460250_IA-300_2025-2,2025-09-10,4,Aprobado
38171209_DAT-101_2025-2_2025-09-10,38171209_DAT-101_2025-2,2025-09-10,3,Desaprobado
46345360_DEV-101_2025-2_2025-09-10,46345360_DEV-101_2025-2,2025-09-10,3,Desaprobado
46410216_MKT-200_2025-2_2025-09-10,46410216_MKT-200_2025-2,2025-09-10,9,Aprobado
36532331_DAT-101_2025-2_2025-09-10,36532331_DAT-101_2025-2,2025-09-10,1,Desaprobado
47517294_NEG-400_2025-2_2025-09-10,47517294_NEG-400_2025-2,2025-09-10,2,Desaprobado
35994686_IA-300_2025-2_2025-09-10,35994686_IA-300_2025-2,2025-09-10,4,Aprobado
39068971_DAT-101_2025-2_2025-09-10,39068971_DAT-101_2025-2,2025-09-10,6,Aprobado
36092237_UX-100_2025-2_2025-09-10,36092237_UX-100_2025-2,2025-09-10,4,Aprobado
31313953_DAT-101_2025-2_2025-09-10,31313953_DAT-101_2025-2,2025-09-10,4,Aprobado
44923903_DAT-305_2025-2_2025-09-10,44923903_DAT-305_2025-2,2025-09-10,1,Desaprobado
30377321_IA-300_2025-2_2025-09-10,30377321_IA-300_2025-2,2025-09-10,8,Aprobado
47206312_MKT-200_2025-2_2025-09-10,47206312_MKT-200_2025-2,2025-09-10,1,Desaprobado
43558573_DAT-101_2025-2_2025-09-10,43558573_DAT-101_2025-2,2025-09-10,1,Desaprobado
45865176_DAT-305_2025-2_2025-09-10,45865176_DAT-305_2025-2,2025-09-10,4,Aprobado
44229724_NEG-400_2025-2_2025-09-10,44229724_NEG-400_2025-2,2025-09-10,8,Aprobado
32592763_MKT-200_2025-2_2025-09-10,32592763_MKT-200_2025-2,2025-09-10,6,Aprobado
36160142_DAT-305_2025-2_2025-09-11,36160142_DAT-305_2025-2,2025-09-11,10,Aprobado
31846333_DAT-101_2025-2_2025-09-11,31846333_DAT-101_2025-2,2025-09-11,8,Aprobado
36992557_UX-100_2025-2_2025-09-11,36992557_UX-100_2025-2,2025-09-11,4,Aprobado
40451762_IA-400_2025-2_2025-09-11,40451762_IA-400_2025-2,2025-09-11,8,Aprobado
39796864_IA-300_2025-2_2025-09-11,39796864_IA-300_2025-2,2025-09-11,2,Desaprobado
36092237_UX-100_2025-2_2025-09-11,36092237_UX-100_2025-2,2025-09-11,2,Desaprobado
43941263_IA-300_2025-2_2025-09-11,43941263_IA-300_2025-2,2025-09-11,8,Aprobado
46345360_NEG-400_2025-2_2025-09-11,46345360_NEG-400_2025-2,2025-09-11,6,Aprobado
39592778_UX-100_2025-2_2025-09-11,39592778_UX-100_2025-2,2025-09-11,6,Aprobado
46762093_NEG-400_2025-2_2025-09-12,46762093_NEG-400_2025-2,2025-09-12,6,Aprobado
34486034_IA-400_2025-2_2025-09-12,34486034_IA-400_2025-2,2025-09-12,7,Aprobado
44343101_UX-100_2025-2_2025-09-12,44343101_UX-100_2025-2,2025-09-12,2,Desaprobado
46706919_DAT-305_2025-2_2025-09-12,46706919_DAT-305_2025-2,2025-09-12,5,Aprobado
39046561_IA-400_2025-2_2025-09-12,39046561_IA-400_2025-2,2025-09-12,7,Aprobado
41833461_IA-400_2025-2_2025-09-12,41833461_IA-400_2025-2,2025-09-12,1,Desaprobado
32339744_MKT-200_2025-2_2025-09-12,32339744_MKT-200_2025-2,2025-09-12,7,Aprobado
35276014_MKT-200_2025-2_2025-09-12,35276014_MKT-200_2025-2,2025-09-12,10,Aprobado
32329071_GEN-101_2025-2_2025-09-12,32329071_GEN-101_2025-2,2025-09-12,2,Desaprobado
36160142_NEG-400_2025-2_2025-09-12,36160142_NEG-400_2025-2,2025-09-12,9,Aprobado
40230385_DAT-201_2025-2_2025-09-12,40230385_DAT-201_2025-2,2025-09-12,3,Desaprobado
39278348_IA-400_2025-2_2025-09-12,39278348_IA-400_2025-2,2025-09-12,10,Aprobado
45368291_MKT-200_2025-2_2025-09-12,45368291_MKT-200_2025-2,2025-09-12,4,Aprobado
35580984_DAT-305_2025-2_2025-09-12,35580984_DAT-305_2025-2,2025-09-12,6,Aprobado
44443284_DAT-201_2025-2_2025-09-12,44443284_DAT-201_2025-2,2025-09-12,5,Aprobado
35457839_MKT-200_2025-2_2025-09-13,35457839_MKT-200_2025-2,2025-09-13,9,Aprobado
40230385_DEV-101_2025-2_2025-09-13,40230385_DEV-101_2025-2,2025-09-13,4,Aprobado
32905120_DAT-305_2025-2_2025-09-13,32905120_DAT-305_2025-2,2025-09-13,10,Aprobado
40330349_DAT-101_2025-2_2025-09-13,40330349_DAT-101_2025-2,2025-09-13,8,Aprobado
38042975_MKT-200_2025-2_2025-09-13,38042975_MKT-200_2025-2,2025-09-13,4,Aprobado
46890428_DEV-101_2025-2_2025-09-13,46890428_DEV-101_2025-2,2025-09-13,1,Desaprobado
36304118_DEV-101_2025-2_2025-09-13,36304118_DEV-101_2025-2,2025-09-13,6,Aprobado
30344498_DAT-101_2025-2_2025-09-13,30344498_DAT-101_2025-2,2025-09-13,4,Aprobado
45417367_MKT-200_2025-2_2025-09-13,45417367_MKT-200_2025-2,2025-09-13,10,Aprobado
37095694_MKT-200_2025-2_2025-09-13,37095694_MKT-200_2025-2,2025-09-13,7,Aprobado
33229738_DEV-101_2025-2_2025-09-13,33229738_DEV-101_2025-2,2025-09-13,4,Aprobado
40582609_UX-100_2025-2_2025-09-13,40582609_UX-100_2025-2,2025-09-13,8,Aprobado
33259158_UX-100_2025-2_2025-09-13,33259158_UX-100_2025-2,2025-09-13,7,Aprobado
37981847_IA-400_2025-2_2025-09-13,37981847_IA-400_2025-2,2025-09-13,9,Aprobado
46890428_DEV-101_2025-2_2025-09-14,46890428_DEV-101_2025-2,2025-09-14,10,Aprobado
33895965_DAT-101_2025-2_2025-09-14,33895965_DAT-101_2025-2,2025-09-14,7,Aprobado
46706919_GEN-101_2025-2_2025-09-14,46706919_GEN-101_2025-2,2025-09-14,8,Aprobado
34858008_DEV-101_2025-2_2025-09-14,34858008_DEV-101_2025-2,2025-09-14,9,Aprobado
30639152_DAT-101_2025-2_2025-09-14,30639152_DAT-101_2025-2,2025-09-14,8,Aprobado
36511898_GEN-101_2025-2_2025-09-14,36511898_GEN-101_2025-2,2025-09-14,4,Aprobado
45160188_IA-400_2025-2_2025-09-14,45160188_IA-400_2025-2,2025-09-14,8,Aprobado
35850567_IA-300_2025-2_2025-09-14,35850567_IA-300_2025-2,2025-09-14,9,Aprobado
43162851_DAT-305_2025-2_2025-09-14,43162851_DAT-305_2025-2,2025-09-14,3,Desaprobado
44730308_MKT-200_2025-2_2025-09-14,44730308_MKT-200_2025-2,2025-09-14,5,Aprobado
46564562_IA-300_2025-2_2025-09-14,46564562_IA-300_2025-2,2025-09-14,5,Aprobado
37639684_DEV-101_2025-2_2025-09-14,37639684_DEV-101_2025-2,2025-09-14,5,Aprobado
41234290_IA-300_2025-2_2025-09-14,41234290_IA-300_2025-2,2025-09-14,1,Desaprobado
39297755_NEG-400_2025-2_2025-09-14,39297755_NEG-400_2025-2,2025-09-14,1,Desaprobado
33895965_UX-100_2025-2_2025-09-14,33895965_UX-100_2025-2,2025-09-14,9,Aprobado
43941263_IA-400_2025-2_2025-09-14,43941263_IA-400_2025-2,2025-09-14,9,Aprobado
43174343_IA-300_2025-2_2025-09-14,43174343_IA-300_2025-2,2025-09-14,3,Desaprobado
46329934_NEG-400_2025-2_2025-09-15,46329934_NEG-400_2025-2,2025-09-15,5,Aprobado
41204894_MKT-200_2025-2_2025-09-15,41204894_MKT-200_2025-2,2025-09-15,8,Aprobado
44197978_DAT-201_2025-2_2025-09-15,44197978_DAT-201_2025-2,2025-09-15,8,Aprobado
39831826_DAT-201_2025-2_2025-09-15,39831826_DAT-201_2025-2,2025-09-15,3,Desaprobado
30301798_GEN-101_2025-2_2025-09-15,30301798_GEN-101_2025-2,2025-09-15,7,Aprobado
45820668_MKT-200_2025-2_2025-09-15,45820668_MKT-200_2025-2,2025-09-15,8,Aprobado
35069582_UX-100_2025-2_2025-09-15,35069582_UX-100_2025-2,2025-09-15,4,Aprobado
39592778_DAT-101_2025-2_2025-09-15,39592778_DAT-101_2025-2,2025-09-15,10,Aprobado
39996815_GEN-101_2025-2_2025-09-15,39996815_GEN-101_2025-2,2025-09-15,8,Aprobado
41204894_IA-400_2025-2_2025-09-15,41204894_IA-400_2025-2,2025-09-15,2,Desaprobado
32726810_UX-100_2025-2_2025-09-15,32726810_UX-100_2025-2,2025-09-15,8,Aprobado
38452657_MKT-200_2025-2_2025-09-15,38452657_MKT-200_2025-2,2025-09-15,7,Aprobado
47700089_DAT-201_2025-2_2025-09-15,47700089_DAT-201_2025-2,2025-09-15,8,Aprobado
38625723_IA-300_2025-2_2025-09-15,38625723_IA-300_2025-2,2025-09-15,7,Aprobado
34148661_GEN-101_2025-2_2025-09-15,34148661_GEN-101_2025-2,2025-09-15,8,Aprobado
44811661_NEG-400_2025-2_2025-09-15,44811661_NEG-400_2025-2,2025-09-15,10,Aprobado
32592763_UX-100_2025-2_2025-09-15,32592763_UX-100_2025-2,2025-09-15,3,Desaprobado
35837738_DEV-101_2025-2_2025-09-15,35837738_DEV-101_2025-2,2025-09-15,10,Aprobado
34627342_DAT-201_2025-2_2025-09-15,34627342_DAT-201_2025-2,2025-09-15,2,Desaprobado
31748817_NEG-400_2025-2_2025-09-15,31748817_NEG-400_2025-2,2025-09-15,9,Aprobado
41234886_MKT-200_2025-2_2025-09-15,41234886_MKT-200_2025-2,2025-09-15,9,Aprobado
40833222_NEG-400_2025-2_2025-09-15,40833222_NEG-400_2025-2,2025-09-15,8,Aprobado
38661719_GEN-101_2025-2_2025-09-15,38661719_GEN-101_2025-2,2025-09-15,5,Aprobado
32705831_MKT-200_2025-2_2025-09-16,32705831_MKT-200_2025-2,2025-09-16,6,Aprobado
36780964_DEV-101_2025-2_2025-09-16,36780964_DEV-101_2025-2,2025-09-16,3,Desaprobado
44241859_IA-400_2025-2_2025-09-16,44241859_IA-400_2025-2,2025-09-16,6,Aprobado
31020972_DAT-201_2025-2_2025-09-16,31020972_DAT-201_2025-2,2025-09-16,4,Aprobado
41083641_NEG-400_2025-2_2025-09-16,41083641_NEG-400_2025-2,2025-09-16,5,Aprobado
31297438_DAT-305_2025-2_2025-09-16,31297438_DAT-305_2025-2,2025-09-16,6,Aprobado
30278086_IA-400_2025-2_2025-09-16,30278086_IA-400_2025-2,2025-09-16,1,Desaprobado
32860968_NEG-400_2025-2_2025-09-16,32860968_NEG-400_2025-2,2025-09-16,7,Aprobado
34873483_IA-400_2025-2_2025-09-16,34873483_IA-400_2025-2,2025-09-16,1,Desaprobado
44730308_DAT-305_2025-2_2025-09-16,44730308_DAT-305_2025-2,2025-09-16,2,Desaprobado
36185529_NEG-400_2025-2_2025-09-16,36185529_NEG-400_2025-2,2025-09-16,10,Aprobado
46992814_GEN-101_2025-2_2025-09-16,46992814_GEN-101_2025-2,2025-09-16,3,Desaprobado
36160142_DEV-101_2025-2_2025-09-16,36160142_DEV-101_2025-2,2025-09-16,1,Desaprobado
35683885_IA-300_2025-2_2025-09-16,35683885_IA-300_2025-2,2025-09-16,2,Desaprobado
45663240_DAT-201_2025-2_2025-09-16,45663240_DAT-201_2025-2,2025-09-16,9,Aprobado
39592778_IA-400_2025-2_2025-09-17,39592778_IA-400_2025-2,2025-09-17,9,Aprobado
43624806_UX-100_2025-2_2025-09-17,43624806_UX-100_2025-2,2025-09-17,10,Aprobado
46040721_DAT-305_2025-2_2025-09-17,46040721_DAT-305_2025-2,2025-09-17,4,Aprobado
30020248_DAT-101_2025-2_2025-09-17,30020248_DAT-101_2025-2,2025-09-17,10,Aprobado
35284612_NEG-400_2025-2_2025-09-17,35284612_NEG-400_2025-2,2025-09-17,4,Aprobado
38211223_GEN-101_2025-2_2025-09-17,38211223_GEN-101_2025-2,2025-09-17,9,Aprobado
46564562_IA-300_2025-2_2025-09-17,46564562_IA-300_2025-2,2025-09-17,4,Aprobado
46271176_GEN-101_2025-2_2025-09-17,46271176_GEN-101_2025-2,2025-09-17,10,Aprobado
46281181_MKT-200_2025-2_2025-09-17,46281181_MKT-200_2025-2,2025-09-17,5,Aprobado
45539704_MKT-200_2025-2_2025-09-17,45539704_MKT-200_2025-2,2025-09-17,8,Aprobado
46372785_UX-100_2025-2_2025-09-17,46372785_UX-100_2025-2,2025-09-17,1,Desaprobado
40848361_MKT-200_2025-2_2025-09-17,40848361_MKT-200_2025-2,2025-09-17,6,Aprobado
35667236_IA-300_2025-2_2025-09-17,35667236_IA-300_2025-2,2025-09-17,2,Desaprobado
44284431_MKT-200_2025-2_2025-09-17,44284431_MKT-200_2025-2,2025-09-17,1,Desaprobado
43651947_UX-100_2025-2_2025-09-17,43651947_UX-100_2025-2,2025-09-17,5,Aprobado
44291013_DAT-101_2025-2_2025-09-18,44291013_DAT-101_2025-2,2025-09-18,3,Desaprobado
35572715_UX-100_2025-2_2025-09-18,35572715_UX-100_2025-2,2025-09-18,6,Aprobado
38680320_DAT-305_2025-2_2025-09-18,38680320_DAT-305_2025-2,2025-09-18,3,Desaprobado
39145092_DEV-101_2025-2_2025-09-18,39145092_DEV-101_2025-2,2025-09-18,7,Aprobado
32658531_IA-400_2025-2_2025-09-18,32658531_IA-400_2025-2,2025-09-18,5,Aprobado
44235496_DAT-101_2025-2_2025-09-18,44235496_DAT-101_2025-2,2025-09-18,5,Aprobado
41204894_GEN-101_2025-2_2025-09-18,41204894_GEN-101_2025-2,2025-09-18,1,Desaprobado
32604998_MKT-200_2025-2_2025-09-18,32604998_MKT-200_2025-2,2025-09-18,10,Aprobado
30789190_IA-300_2025-2_2025-09-18,30789190_IA-300_2025-2,2025-09-18,1,Desaprobado
30020248_NEG-400_2025-2_2025-09-18,30020248_NEG-400_2025-2,2025-09-18,8,Aprobado
43456083_DAT-101_2025-2_2025-09-18,43456083_DAT-101_2025-2,2025-09-18,8,Aprobado
46137809_DAT-305_2025-2_2025-09-18,46137809_DAT-305_2025-2,2025-09-18,1,Desaprobado
32723334_GEN-101_2025-2_2025-09-18,32723334_GEN-101_2025-2,2025-09-18,9,Aprobado
33846409_IA-400_2025-2_2025-09-18,33846409_IA-400_2025-2,2025-09-18,10,Aprobado
44988381_MKT-200_2025-2_2025-09-18,44988381_MKT-200_2025-2,2025-09-18,9,Aprobado
30808375_IA-400_2025-2_2025-09-18,30808375_IA-400_2025-2,2025-09-18,5,Aprobado
31318273_MKT-200_2025-2_2025-09-18,31318273_MKT-200_2025-2,2025-09-18,8,Aprobado
47122979_UX-100_2025-2_2025-09-18,47122979_UX-100_2025-2,2025-09-18,1,Desaprobado
39416795_MKT-200_2025-2_2025-09-18,39416795_MKT-200_2025-2,2025-09-18,10,Aprobado
34887945_DAT-305_2025-2_2025-09-18,34887945_DAT-305_2025-2,2025-09-18,5,Aprobado
44340522_DAT-201_2025-2_2025-09-18,44340522_DAT-201_2025-2,2025-09-18,4,Aprobado
34355689_NEG-400_2025-2_2025-09-18,34355689_NEG-400_2025-2,2025-09-18,8,Aprobado
46435125_DEV-101_2025-2_2025-09-18,46435125_DEV-101_2025-2,2025-09-18,9,Aprobado
43498834_MKT-200_2025-2_2025-09-18,43498834_MKT-200_2025-2,2025-09-18,10,Aprobado
44197978_DAT-201_2025-2_2025-09-19,44197978_DAT-201_2025-2,2025-09-19,3,Desaprobado
44443284_DEV-101_2025-2_2025-09-19,44443284_DEV-101_2025-2,2025-09-19,7,Aprobado
32997790_DAT-201_2025-2_2025-09-19,32997790_DAT-201_2025-2,2025-09-19,2,Desaprobado
46281181_GEN-101_2025-2_2025-09-19,46281181_GEN-101_2025-2,2025-09-19,3,Desaprobado
39442545_DAT-201_2025-2_2025-09-19,39442545_DAT-201_2025-2,2025-09-19,4,Aprobado
34661132_IA-300_2025-2_2025-09-19,34661132_IA-300_2025-2,2025-09-19,1,Desaprobado
36314879_DAT-201_2025-2_2025-09-19,36314879_DAT-201_2025-2,2025-09-19,7,Aprobado
33518284_GEN-101_2025-2_2025-09-19,33518284_GEN-101_2025-2,2025-09-19,7,Aprobado
39919057_UX-100_2025-2_2025-09-19,39919057_UX-100_2025-2,2025-09-19,3,Desaprobado
30224289_DAT-101_2025-2_2025-09-19,30224289_DAT-101_2025-2,2025-09-19,9,Aprobado
38549006_DEV-101_2025-2_2025-09-19,38549006_DEV-101_2025-2,2025-09-19,8,Aprobado
30520054_MKT-200_2025-2_2025-09-19,30520054_MKT-200_2025-2,2025-09-19,10,Aprobado
30283834_DAT-201_2025-2_2025-09-19,30283834_DAT-201_2025-2,2025-09-19,2,Desaprobado
36169395_DAT-305_2025-2_2025-09-20,36169395_DAT-305_2025-2,2025-09-20,6,Aprobado
36511898_MKT-200_2025-2_2025-09-20,36511898_MKT-200_2025-2,2025-09-20,6,Aprobado
30946573_DAT-201_2025-2_2025-09-20,30946573_DAT-201_2025-2,2025-09-20,9,Aprobado
44025027_MKT-200_2025-2_2025-09-20,44025027_MKT-200_2025-2,2025-09-20,6,Aprobado
35608376_GEN-101_2025-2_2025-09-20,35608376_GEN-101_2025-2,2025-09-20,8,Aprobado
31332769_IA-300_2025-2_2025-09-20,31332769_IA-300_2025-2,2025-09-20,4,Aprobado
35580984_DAT-201_2025-2_2025-09-20,35580984_DAT-201_2025-2,2025-09-20,10,Aprobado
44197978_DEV-101_2025-2_2025-09-20,44197978_DEV-101_2025-2,2025-09-20,4,Aprobado
43471496_UX-100_2025-2_2025-09-20,43471496_UX-100_2025-2,2025-09-20,5,Aprobado
36158027_UX-100_2025-2_2025-09-20,36158027_UX-100_2025-2,2025-09-20,4,Aprobado
45474619_MKT-200_2025-2_2025-09-20,45474619_MKT-200_2025-2,2025-09-20,8,Aprobado
32171676_DAT-201_2025-2_2025-09-20,32171676_DAT-201_2025-2,2025-09-20,1,Desaprobado
44853849_NEG-400_2025-2_2025-09-21,44853849_NEG-400_2025-2,2025-09-21,3,Desaprobado
30382587_NEG-400_2025-2_2025-09-21,30382587_NEG-400_2025-2,2025-09-21,8,Aprobado
35753821_IA-400_2025-2_2025-09-21,35753821_IA-400_2025-2,2025-09-21,5,Aprobado
40230385_IA-400_2025-2_2025-09-21,40230385_IA-400_2025-2,2025-09-21,8,Aprobado
30064860_DAT-305_2025-2_2025-09-21,30064860_DAT-305_2025-2,2025-09-21,10,Aprobado
30789190_GEN-101_2025-2_2025-09-21,30789190_GEN-101_2025-2,2025-09-21,2,Desaprobado
39087618_DAT-201_2025-2_2025-09-21,39087618_DAT-201_2025-2,2025-09-21,4,Aprobado
31313953_UX-100_2025-2_2025-09-21,31313953_UX-100_2025-2,2025-09-21,2,Desaprobado
33698941_DAT-101_2025-2_2025-09-21,33698941_DAT-101_2025-2,2025-09-21,3,Desaprobado
43331228_UX-100_2025-2_2025-09-21,43331228_UX-100_2025-2,2025-09-21,1,Desaprobado
46137809_NEG-400_2025-2_2025-09-21,46137809_NEG-400_2025-2,2025-09-21,9,Aprobado
44415606_UX-100_2025-2_2025-09-21,44415606_UX-100_2025-2,2025-09-21,4,Aprobado
43690930_DAT-201_2025-2_2025-09-21,43690930_DAT-201_2025-2,2025-09-21,2,Desaprobado
36617253_IA-400_2025-2_2025-09-21,36617253_IA-400_2025-2,2025-09-21,4,Aprobado
36534604_UX-100_2025-2_2025-09-22,36534604_UX-100_2025-2,2025-09-22,9,Aprobado
40409948_MKT-200_2025-2_2025-09-22,40409948_MKT-200_2025-2,2025-09-22,10,Aprobado
31297438_IA-400_2025-2_2025-09-22,31297438_IA-400_2025-2,2025-09-22,9,Aprobado
34432017_IA-400_2025-2_2025-09-22,34432017_IA-400_2025-2,2025-09-22,1,Desaprobado
32128322_DAT-305_2025-2_2025-09-22,32128322_DAT-305_2025-2,2025-09-22,8,Aprobado
47163691_DAT-101_2025-2_2025-09-22,47163691_DAT-101_2025-2,2025-09-22,5,Aprobado
34814097_DAT-305_2025-2_2025-09-22,34814097_DAT-305_2025-2,2025-09-22,8,Aprobado
40437078_NEG-400_2025-2_2025-09-22,40437078_NEG-400_2025-2,2025-09-22,9,Aprobado
37632339_GEN-101_2025-2_2025-09-22,37632339_GEN-101_2025-2,2025-09-22,6,Aprobado
37639684_IA-300_2025-2_2025-09-22,37639684_IA-300_2025-2,2025-09-22,8,Aprobado
41803813_IA-400_2025-2_2025-09-23,41803813_IA-400_2025-2,2025-09-23,8,Aprobado
30430162_UX-100_2025-2_2025-09-23,30430162_UX-100_2025-2,2025-09-23,7,Aprobado
31864701_GEN-101_2025-2_2025-09-23,31864701_GEN-101_2025-2,2025-09-23,2,Desaprobado
40902797_IA-400_2025-2_2025-09-23,40902797_IA-400_2025-2,2025-09-23,9,Aprobado
30074046_DAT-305_2025-2_2025-09-23,30074046_DAT-305_2025-2,2025-09-23,2,Desaprobado
32776935_DEV-101_2025-2_2025-09-23,32776935_DEV-101_2025-2,2025-09-23,4,Aprobado
30356437_DEV-101_2025-2_2025-09-23,30356437_DEV-101_2025-2,2025-09-23,8,Aprobado
31297438_DAT-101_2025-2_2025-09-23,31297438_DAT-101_2025-2,2025-09-23,8,Aprobado
45654702_IA-400_2025-2_2025-09-23,45654702_IA-400_2025-2,2025-09-23,4,Aprobado
35415212_MKT-200_2025-2_2025-09-23,35415212_MKT-200_2025-2,2025-09-23,8,Aprobado
47908881_NEG-400_2025-2_2025-09-23,47908881_NEG-400_2025-2,2025-09-23,10,Aprobado
31660305_NEG-400_2025-2_2025-09-23,31660305_NEG-400_2025-2,2025-09-23,9,Aprobado
46860457_NEG-400_2025-2_2025-09-23,46860457_NEG-400_2025-2,2025-09-23,10,Aprobado
44190336_NEG-400_2025-2_2025-09-23,44190336_NEG-400_2025-2,2025-09-23,2,Desaprobado
36532331_DAT-201_2025-2_2025-09-23,36532331_DAT-201_2025-2,2025-09-23,5,Aprobado
43162851_DAT-305_2025-2_2025-09-24,43162851_DAT-305_2025-2,2025-09-24,1,Desaprobado
44811661_NEG-400_2025-2_2025-09-24,44811661_NEG-400_2025-2,2025-09-24,5,Aprobado
34057124_DAT-101_2025-2_2025-09-24,34057124_DAT-101_2025-2,2025-09-24,5,Aprobado
41833461_DAT-305_2025-2_2025-09-24,41833461_DAT-305_2025-2,2025-09-24,3,Desaprobado
44454123_NEG-400_2025-2_2025-09-24,44454123_NEG-400_2025-2,2025-09-24,3,Desaprobado
43003702_NEG-400_2025-2_2025-09-24,43003702_NEG-400_2025-2,2025-09-24,9,Aprobado
40358538_GEN-101_2025-2_2025-09-24,40358538_GEN-101_2025-2,2025-09-24,8,Aprobado
43254348_IA-300_2025-2_2025-09-24,43254348_IA-300_2025-2,2025-09-24,5,Aprobado
41721378_DAT-201_2025-2_2025-09-24,41721378_DAT-201_2025-2,2025-09-24,4,Aprobado
46233381_MKT-200_2025-2_2025-09-24,46233381_MKT-200_2025-2,2025-09-24,10,Aprobado
39396593_UX-100_2025-2_2025-09-24,39396593_UX-100_2025-2,2025-09-24,1,Desaprobado
40854875_IA-300_2025-2_2025-09-24,40854875_IA-300_2025-2,2025-09-24,10,Aprobado
45746833_DAT-101_2025-2_2025-09-24,45746833_DAT-101_2025-2,2025-09-24,4,Aprobado
36691364_IA-300_2025-2_2025-09-24,36691364_IA-300_2025-2,2025-09-24,8,Aprobado
39160706_NEG-400_2025-2_2025-09-24,39160706_NEG-400_2025-2,2025-09-24,9,Aprobado
41079498_DAT-101_2025-2_2025-09-24,41079498_DAT-101_2025-2,2025-09-24,8,Aprobado
39592778_DAT-305_2025-2_2025-09-24,39592778_DAT-305_2025-2,2025-09-24,1,Desaprobado
41234886_IA-300_2025-2_2025-09-24,41234886_IA-300_2025-2,2025-09-24,2,Desaprobado
39047069_NEG-400_2025-2_2025-09-24,39047069_NEG-400_2025-2,2025-09-24,1,Desaprobado
35994686_DEV-101_2025-2_2025-09-25,35994686_DEV-101_2025-2,2025-09-25,1,Desaprobado
38263069_DAT-201_2025-2_2025-09-25,38263069_DAT-201_2025-2,2025-09-25,2,Desaprobado
46596607_MKT-200_2025-2_2025-09-25,46596607_MKT-200_2025-2,2025-09-25,2,Desaprobado
30283834_DEV-101_2025-2_2025-09-25,30283834_DEV-101_2025-2,2025-09-25,5,Aprobado
44343339_GEN-101_2025-2_2025-09-25,44343339_GEN-101_2025-2,2025-09-25,6,Aprobado
30060967_IA-300_2025-2_2025-09-25,30060967_IA-300_2025-2,2025-09-25,8,Aprobado
47399378_NEG-400_2025-2_2025-09-25,47399378_NEG-400_2025-2,2025-09-25,4,Aprobado
43185797_DAT-101_2025-2_2025-09-25,43185797_DAT-101_2025-2,2025-09-25,3,Desaprobado
45280236_MKT-200_2025-2_2025-09-25,45280236_MKT-200_2025-2,2025-09-25,7,Aprobado
46965600_DEV-101_2025-2_2025-09-25,46965600_DEV-101_2025-2,2025-09-25,8,Aprobado
37567816_IA-300_2025-2_2025-09-25,37567816_IA-300_2025-2,2025-09-25,1,Desaprobado
30808375_NEG-400_2025-2_2025-09-25,30808375_NEG-400_2025-2,2025-09-25,1,Desaprobado
43721576_MKT-200_2025-2_2025-09-25,43721576_MKT-200_2025-2,2025-09-25,5,Aprobado
32976983_IA-400_2025-2_2025-09-25,32976983_IA-400_2025-2,2025-09-25,9,Aprobado
46218945_DEV-101_2025-2_2025-09-25,46218945_DEV-101_2025-2,2025-09-25,3,Desaprobado
36002678_DAT-305_2025-2_2025-09-25,36002678_DAT-305_2025-2,2025-09-25,2,Desaprobado
41994956_IA-300_2025-2_2025-09-25,41994956_IA-300_2025-2,2025-09-25,9,Aprobado
39796864_IA-300_2025-2_2025-09-25,39796864_IA-300_2025-2,2025-09-25,4,Aprobado
45351925_DAT-305_2025-2_2025-09-25,45351925_DAT-305_2025-2,2025-09-25,2,Desaprobado
37632339_IA-300_2025-2_2025-09-25,37632339_IA-300_2025-2,2025-09-25,5,Aprobado
36257669_MKT-200_2025-2_2025-09-26,36257669_MKT-200_2025-2,2025-09-26,6,Aprobado
37584867_GEN-101_2025-2_2025-09-26,37584867_GEN-101_2025-2,2025-09-26,5,Aprobado
38780853_IA-300_2025-2_2025-09-26,38780853_IA-300_2025-2,2025-09-26,8,Aprobado
37286941_NEG-400_2025-2_2025-09-26,37286941_NEG-400_2025-2,2025-09-26,9,Aprobado
43040142_IA-400_2025-2_2025-09-26,43040142_IA-400_2025-2,2025-09-26,9,Aprobado
37335497_IA-300_2025-2_2025-09-26,37335497_IA-300_2025-2,2025-09-26,1,Desaprobado
44381082_DAT-305_2025-2_2025-09-26,44381082_DAT-305_2025-2,2025-09-26,7,Aprobado
39416795_UX-100_2025-2_2025-09-26,39416795_UX-100_2025-2,2025-09-26,2,Desaprobado
46321118_DEV-101_2025-2_2025-09-26,46321118_DEV-101_2025-2,2025-09-26,9,Aprobado
33984071_DAT-305_2025-2_2025-09-26,33984071_DAT-305_2025-2,2025-09-26,4,Aprobado
31486885_DAT-101_2025-2_2025-09-26,31486885_DAT-101_2025-2,2025-09-26,1,Desaprobado
45076705_DEV-101_2025-2_2025-09-26,45076705_DEV-101_2025-2,2025-09-26,4,Aprobado
31076430_DAT-305_2025-2_2025-09-26,31076430_DAT-305_2025-2,2025-09-26,2,Desaprobado
32099939_DEV-101_2025-2_2025-09-26,32099939_DEV-101_2025-2,2025-09-26,1,Desaprobado
43991288_DAT-305_2025-2_2025-09-27,43991288_DAT-305_2025-2,2025-09-27,9,Aprobado
47247100_IA-400_2025-2_2025-09-27,47247100_IA-400_2025-2,2025-09-27,4,Aprobado
39145092_DAT-201_2025-2_2025-09-27,39145092_DAT-201_2025-2,2025-09-27,2,Desaprobado
30811908_DEV-101_2025-2_2025-09-27,30811908_DEV-101_2025-2,2025-09-27,5,Aprobado
41234290_MKT-200_2025-2_2025-09-27,41234290_MKT-200_2025-2,2025-09-27,4,Aprobado
36659434_DAT-201_2025-2_2025-09-27,36659434_DAT-201_2025-2,2025-09-27,1,Desaprobado
36003291_DAT-101_2025-2_2025-09-27,36003291_DAT-101_2025-2,2025-09-27,3,Desaprobado
41422321_GEN-101_2025-2_2025-09-27,41422321_GEN-101_2025-2,2025-09-27,3,Desaprobado
30639152_DAT-101_2025-2_2025-09-27,30639152_DAT-101_2025-2,2025-09-27,2,Desaprobado
32101106_NEG-400_2025-2_2025-09-27,32101106_NEG-400_2025-2,2025-09-27,8,Aprobado
34411929_IA-300_2025-2_2025-09-27,34411929_IA-300_2025-2,2025-09-27,10,Aprobado
37091816_IA-400_2025-2_2025-09-27,37091816_IA-400_2025-2,2025-09-27,1,Desaprobado
44754060_MKT-200_2025-2_2025-09-27,44754060_MKT-200_2025-2,2025-09-27,10,Aprobado
46329934_DAT-201_2025-2_2025-09-28,46329934_DAT-201_2025-2,2025-09-28,6,Aprobado
39996815_DAT-101_2025-2_2025-09-28,39996815_DAT-101_2025-2,2025-09-28,7,Aprobado
43624806_MKT-200_2025-2_2025-09-28,43624806_MKT-200_2025-2,2025-09-28,4,Aprobado
45280236_IA-300_2025-2_2025-09-28,45280236_IA-300_2025-2,2025-09-28,1,Desaprobado
38622475_DAT-201_2025-2_2025-09-28,38622475_DAT-201_2025-2,2025-09-28,7,Aprobado
30283080_DAT-101_2025-2_2025-09-28,30283080_DAT-101_2025-2,2025-09-28,10,Aprobado
45134203_DAT-305_2025-2_2025-09-28,45134203_DAT-305_2025-2,2025-09-28,6,Aprobado
40854875_DAT-305_2025-2_2025-09-28,40854875_DAT-305_2025-2,2025-09-28,1,Desaprobado
37017626_DAT-201_2025-2_2025-09-28,37017626_DAT-201_2025-2,2025-09-28,7,Aprobado
41907942_DAT-201_2025-2_2025-09-28,41907942_DAT-201_2025-2,2025-09-28,2,Desaprobado
47983613_MKT-200_2025-2_2025-09-28,47983613_MKT-200_2025-2,2025-09-28,3,Desaprobado
36235580_DAT-101_2025-2_2025-09-28,36235580_DAT-101_2025-2,2025-09-28,2,Desaprobado
36349336_DEV-101_2025-2_2025-09-29,36349336_DEV-101_2025-2,2025-09-29,2,Desaprobado
39047069_DAT-305_2025-2_2025-09-29,39047069_DAT-305_2025-2,2025-09-29,9,Aprobado
37515292_DAT-201_2025-2_2025-09-29,37515292_DAT-201_2025-2,2025-09-29,9,Aprobado
39765048_DAT-305_2025-2_2025-09-29,39765048_DAT-305_2025-2,2025-09-29,8,Aprobado
44544802_DAT-201_2025-2_2025-09-29,44544802_DAT-201_2025-2,2025-09-29,6,Aprobado
44197978_DAT-305_2025-2_2025-09-29,44197978_DAT-305_2025-2,2025-09-29,1,Desaprobado
44242960_NEG-400_2025-2_2025-09-29,44242960_NEG-400_2025-2,2025-09-29,8,Aprobado
36882138_IA-300_2025-2_2025-09-29,36882138_IA-300_2025-2,2025-09-29,8,Aprobado
36158027_IA-400_2025-2_2025-09-29,36158027_IA-400_2025-2,2025-09-29,4,Aprobado
32119317_IA-300_2025-2_2025-09-29,32119317_IA-300_2025-2,2025-09-29,2,Desaprobado
32201924_GEN-101_2025-2_2025-09-29,32201924_GEN-101_2025-2,2025-09-29,1,Desaprobado
43098716_DAT-305_2025-2_2025-09-29,43098716_DAT-305_2025-2,2025-09-29,1,Desaprobado
41950319_MKT-200_2025-2_2025-09-29,41950319_MKT-200_2025-2,2025-09-29,9,Aprobado
44488443_IA-300_2025-2_2025-09-29,44488443_IA-300_2025-2,2025-09-29,10,Aprobado
43492230_IA-300_2025-2_2025-09-29,43492230_IA-300_2025-2,2025-09-29,9,Aprobado
34648956_DAT-305_2025-2_2025-09-29,34648956_DAT-305_2025-2,2025-09-29,7,Aprobado
43496203_IA-300_2025-2_2025-09-29,43496203_IA-300_2025-2,2025-09-29,7,Aprobado
43605753_IA-300_2025-2_2025-09-29,43605753_IA-300_2025-2,2025-09-29,5,Aprobado
34841664_GEN-101_2025-2_2025-09-29,34841664_GEN-101_2025-2,2025-09-29,3,Desaprobado
43098716_IA-300_2025-2_2025-09-29,43098716_IA-300_2025-2,2025-09-29,5,Aprobado
40804778_MKT-200_2025-2_2025-09-29,40804778_MKT-200_2025-2,2025-09-29,9,Aprobado
36480390_NEG-400_2025-2_2025-09-30,36480390_NEG-400_2025-2,2025-09-30,4,Aprobado
44959844_UX-100_2025-2_2025-09-30,44959844_UX-100_2025-2,2025-09-30,9,Aprobado
44754060_UX-100_2025-2_2025-09-30,44754060_UX-100_2025-2,2025-09-30,7,Aprobado
46780927_DAT-305_2025-2_2025-09-30,46780927_DAT-305_2025-2,2025-09-30,8,Aprobado
32459600_DAT-201_2025-2_2025-09-30,32459600_DAT-201_2025-2,2025-09-30,6,Aprobado
47481163_DEV-101_2025-2_2025-09-30,47481163_DEV-101_2025-2,2025-09-30,2,Desaprobado
40967959_DAT-201_2025-2_2025-09-30,40967959_DAT-201_2025-2,2025-09-30,6,Aprobado
44407218_DEV-101_2025-2_2025-09-30,44407218_DEV-101_2025-2,2025-09-30,8,Aprobado
46952948_DAT-101_2025-2_2025-09-30,46952948_DAT-101_2025-2,2025-09-30,2,Desaprobado
44398280_IA-300_2025-2_2025-09-30,44398280_IA-300_2025-2,2025-09-30,1,Desaprobado
30186819_DAT-101_2025-2_2025-09-30,30186819_DAT-101_2025-2,2025-09-30,7,Aprobado
47075635_DEV-101_2025-2_2025-09-30,47075635_DEV-101_2025-2,2025-09-30,8,Aprobado
39535799_DAT-101_2025-2_2025-09-30,39535799_DAT-101_2025-2,2025-09-30,3,Desaprobado
44235496_DAT-101_2025-2_2025-09-30,44235496_DAT-101_2025-2,2025-09-30,3,Desaprobado
37059839_IA-300_2025-2_2025-09-30,37059839_IA-300_2025-2,2025-09-30,4,Aprobado
44700314_GEN-101_2025-2_2025-09-30,44700314_GEN-101_2025-2,2025-09-30,5,Aprobado
32454237_MKT-200_2025-2_2025-09-30,32454237_MKT-200_2025-2,2025-09-30,1,Desaprobado
33191684_MKT-200_2025-2_2025-09-30,33191684_MKT-200_2025-2,2025-09-30,3,Desaprobado
46886132_UX-100_2025-2_2025-09-30,46886132_UX-100_2025-2,2025-09-30,9,Aprobado
44182964_DAT-305_2025-2_2025-09-30,44182964_DAT-305_2025-2,2025-09-30,7,Aprobado
43624314_DAT-305_2025-2_2025-09-30,43624314_DAT-305_2025-2,2025-09-30,8,Aprobado
39416795_UX-100_2025-2_2025-09-30,39416795_UX-100_2025-2,2025-09-30,1,Desaprobado
37885100_GEN-101_2025-2_2025-09-30,37885100_GEN-101_2025-2,2025-09-30,3,Desaprobado
40039504_DAT-305_2025-2_2025-09-30,40039504_DAT-305_2025-2,2025-09-30,6,Aprobado
35054932_IA-300_2025-2_2025-10-01,35054932_IA-300_2025-2,2025-10-01,2,Desaprobado
45539704_NEG-400_2025-2_2025-10-01,45539704_NEG-400_2025-2,2025-10-01,9,Aprobado
30672524_IA-300_2025-2_2025-10-01,30672524_IA-300_2025-2,2025-10-01,1,Desaprobado
35486815_IA-400_2025-2_2025-10-01,35486815_IA-400_2025-2,2025-10-01,5,Aprobado
44477303_GEN-101_2025-2_2025-10-01,44477303_GEN-101_2025-2,2025-10-01,6,Aprobado
44878225_IA-300_2025-2_2025-10-01,44878225_IA-300_2025-2,2025-10-01,2,Desaprobado
40915348_DAT-201_2025-2_2025-10-01,40915348_DAT-201_2025-2,2025-10-01,2,Desaprobado
46278232_UX-100_2025-2_2025-10-01,46278232_UX-100_2025-2,2025-10-01,9,Aprobado
30719634_DAT-305_2025-2_2025-10-01,30719634_DAT-305_2025-2,2025-10-01,7,Aprobado
30271801_DEV-101_2025-2_2025-10-01,30271801_DEV-101_2025-2,2025-10-01,5,Aprobado
40719473_IA-400_2025-2_2025-10-01,40719473_IA-400_2025-2,2025-10-01,1,Desaprobado
33511174_DEV-101_2025-2_2025-10-01,33511174_DEV-101_2025-2,2025-10-01,10,Aprobado
46510451_MKT-200_2025-2_2025-10-01,46510451_MKT-200_2025-2,2025-10-01,4,Aprobado
34108557_UX-100_2025-2_2025-10-01,34108557_UX-100_2025-2,2025-10-01,7,Aprobado
36257669_DAT-101_2025-2_2025-10-01,36257669_DAT-101_2025-2,2025-10-01,4,Aprobado
30283080_UX-100_2025-2_2025-10-01,30283080_UX-100_2025-2,2025-10-01,6,Aprobado
40451762_DEV-101_2025-2_2025-10-01,40451762_DEV-101_2025-2,2025-10-01,5,Aprobado
38680320_IA-300_2025-2_2025-10-01,38680320_IA-300_2025-2,2025-10-01,7,Aprobado
37095694_IA-300_2025-2_2025-10-01,37095694_IA-300_2025-2,2025-10-01,5,Aprobado
44443284_UX-100_2025-2_2025-10-01,44443284_UX-100_2025-2,2025-10-01,6,Aprobado
40967959_DAT-305_2025-2_2025-10-01,40967959_DAT-305_2025-2,2025-10-01,6,Aprobado
31748817_IA-300_2025-2_2025-10-01,31748817_IA-300_2025-2,2025-10-01,9,Aprobado
44343101_DAT-201_2025-2_2025-10-01,44343101_DAT-201_2025-2,2025-10-01,8,Aprobado
30163309_GEN-101_2025-2_2025-10-01,30163309_GEN-101_2025-2,2025-10-01,9,Aprobado
44343101_DAT-101_2025-2_2025-10-01,44343101_DAT-101_2025-2,2025-10-01,3,Desaprobado
30381511_IA-400_2025-2_2025-10-01,30381511_IA-400_2025-2,2025-10-01,5,Aprobado
32460250_DEV-101_2025-2_2025-10-01,32460250_DEV-101_2025-2,2025-10-01,1,Desaprobado
43069128_DAT-101_2025-2_2025-10-01,43069128_DAT-101_2025-2,2025-10-01,1,Desaprobado
36907961_DAT-305_2025-2_2025-10-01,36907961_DAT-305_2025-2,2025-10-01,9,Aprobado
40337941_DAT-101_2025-2_2025-10-01,40337941_DAT-101_2025-2,2025-10-01,5,Aprobado
41273545_UX-100_2025-2_2025-10-01,41273545_UX-100_2025-2,2025-10-01,9,Aprobado
41904080_DAT-201_2025-2_2025-10-01,41904080_DAT-201_2025-2,2025-10-01,8,Aprobado
37119833_DAT-305_2025-2_2025-10-01,37119833_DAT-305_2025-2,2025-10-01,7,Aprobado
47633067_UX-100_2025-2_2025-10-02,47633067_UX-100_2025-2,2025-10-02,1,Desaprobado
39412125_DAT-305_2025-2_2025-10-02,39412125_DAT-305_2025-2,2025-10-02,4,Aprobado
30055089_GEN-101_2025-2_2025-10-02,30055089_GEN-101_2025-2,2025-10-02,4,Aprobado
46080609_MKT-200_2025-2_2025-10-02,46080609_MKT-200_2025-2,2025-10-02,6,Aprobado
47320705_UX-100_2025-2_2025-10-02,47320705_UX-100_2025-2,2025-10-02,1,Desaprobado
37131375_DAT-101_2025-2_2025-10-02,37131375_DAT-101_2025-2,2025-10-02,10,Aprobado
34869838_IA-400_2025-2_2025-10-02,34869838_IA-400_2025-2,2025-10-02,7,Aprobado
35608376_DAT-305_2025-2_2025-10-02,35608376_DAT-305_2025-2,2025-10-02,7,Aprobado
47707678_DAT-305_2025-2_2025-10-02,47707678_DAT-305_2025-2,2025-10-02,9,Aprobado
40904939_NEG-400_2025-2_2025-10-02,40904939_NEG-400_2025-2,2025-10-02,4,Aprobado
39265874_DEV-101_2025-2_2025-10-02,39265874_DEV-101_2025-2,2025-10-02,10,Aprobado
41023707_IA-300_2025-2_2025-10-02,41023707_IA-300_2025-2,2025-10-02,4,Aprobado
35218002_MKT-200_2025-2_2025-10-02,35218002_MKT-200_2025-2,2025-10-02,4,Aprobado
32362905_IA-300_2025-2_2025-10-02,32362905_IA-300_2025-2,2025-10-02,5,Aprobado
38631479_NEG-400_2025-2_2025-10-03,38631479_NEG-400_2025-2,2025-10-03,5,Aprobado
40305444_MKT-200_2025-2_2025-10-03,40305444_MKT-200_2025-2,2025-10-03,7,Aprobado
43162851_DAT-305_2025-2_2025-10-03,43162851_DAT-305_2025-2,2025-10-03,9,Aprobado
33831924_IA-400_2025-2_2025-10-03,33831924_IA-400_2025-2,2025-10-03,10,Aprobado
32726810_DAT-101_2025-2_2025-10-03,32726810_DAT-101_2025-2,2025-10-03,4,Aprobado
40998609_UX-100_2025-2_2025-10-03,40998609_UX-100_2025-2,2025-10-03,5,Aprobado
47775711_UX-100_2025-2_2025-10-03,47775711_UX-100_2025-2,2025-10-03,9,Aprobado
31909036_DAT-101_2025-2_2025-10-03,31909036_DAT-101_2025-2,2025-10-03,2,Desaprobado
36138156_IA-400_2025-2_2025-10-03,36138156_IA-400_2025-2,2025-10-03,2,Desaprobado
45482430_IA-400_2025-2_2025-10-03,45482430_IA-400_2025-2,2025-10-03,4,Aprobado
40401825_DAT-305_2025-2_2025-10-03,40401825_DAT-305_2025-2,2025-10-03,2,Desaprobado
39244530_DAT-305_2025-2_2025-10-03,39244530_DAT-305_2025-2,2025-10-03,8,Aprobado
35722006_IA-300_2025-2_2025-10-03,35722006_IA-300_2025-2,2025-10-03,3,Desaprobado
38531623_DAT-101_2025-2_2025-10-03,38531623_DAT-101_2025-2,2025-10-03,1,Desaprobado
36532331_IA-400_2025-2_2025-10-03,36532331_IA-400_2025-2,2025-10-03,9,Aprobado
33143242_IA-400_2025-2_2025-10-04,33143242_IA-400_2025-2,2025-10-04,3,Desaprobado
34501518_DAT-201_2025-2_2025-10-04,34501518_DAT-201_2025-2,2025-10-04,4,Aprobado
32388706_IA-300_2025-2_2025-10-04,32388706_IA-300_2025-2,2025-10-04,8,Aprobado
43185797_NEG-400_2025-2_2025-10-04,43185797_NEG-400_2025-2,2025-10-04,10,Aprobado
46329934_DAT-201_2025-2_2025-10-04,46329934_DAT-201_2025-2,2025-10-04,10,Aprobado
39335040_MKT-200_2025-2_2025-10-04,39335040_MKT-200_2025-2,2025-10-04,3,Desaprobado
39396593_DEV-101_2025-2_2025-10-04,39396593_DEV-101_2025-2,2025-10-04,3,Desaprobado
44544802_DAT-305_2025-2_2025-10-04,44544802_DAT-305_2025-2,2025-10-04,1,Desaprobado
44115122_DEV-101_2025-2_2025-10-04,44115122_DEV-101_2025-2,2025-10-04,10,Aprobado
40783770_NEG-400_2025-2_2025-10-04,40783770_NEG-400_2025-2,2025-10-04,8,Aprobado
39449899_DAT-305_2025-2_2025-10-04,39449899_DAT-305_2025-2,2025-10-04,10,Aprobado
44717216_GEN-101_2025-2_2025-10-04,44717216_GEN-101_2025-2,2025-10-04,1,Desaprobado
34089245_IA-300_2025-2_2025-10-04,34089245_IA-300_2025-2,2025-10-04,7,Aprobado
32128322_DAT-101_2025-2_2025-10-04,32128322_DAT-101_2025-2,2025-10-04,9,Aprobado
46410216_MKT-200_2025-2_2025-10-05,46410216_MKT-200_2025-2,2025-10-05,6,Aprobado
31786305_DAT-101_2025-2_2025-10-05,31786305_DAT-101_2025-2,2025-10-05,3,Desaprobado
31116340_DEV-101_2025-2_2025-10-05,31116340_DEV-101_2025-2,2025-10-05,3,Desaprobado
34896530_GEN-101_2025-2_2025-10-05,34896530_GEN-101_2025-2,2025-10-05,7,Aprobado
34764302_DAT-201_2025-2_2025-10-05,34764302_DAT-201_2025-2,2025-10-05,6,Aprobado
43830930_DAT-305_2025-2_2025-10-05,43830930_DAT-305_2025-2,2025-10-05,4,Aprobado
40333573_MKT-200_2025-2_2025-10-05,40333573_MKT-200_2025-2,2025-10-05,4,Aprobado
41289442_UX-100_2025-2_2025-10-05,41289442_UX-100_2025-2,2025-10-05,1,Desaprobado
44692963_NEG-400_2025-2_2025-10-05,44692963_NEG-400_2025-2,2025-10-05,9,Aprobado
46637531_IA-400_2025-2_2025-10-05,46637531_IA-400_2025-2,2025-10-05,1,Desaprobado
33792064_MKT-200_2025-2_2025-10-05,33792064_MKT-200_2025-2,2025-10-05,2,Desaprobado
45311516_MKT-200_2025-2_2025-10-05,45311516_MKT-200_2025-2,2025-10-05,3,Desaprobado
37733861_DAT-101_2025-2_2025-10-05,37733861_DAT-101_2025-2,2025-10-05,6,Aprobado
46965600_DAT-305_2025-2_2025-10-05,46965600_DAT-305_2025-2,2025-10-05,6,Aprobado
44490644_DAT-305_2025-2_2025-10-05,44490644_DAT-305_2025-2,2025-10-05,2,Desaprobado
41213341_DEV-101_2025-2_2025-10-05,41213341_DEV-101_2025-2,2025-10-05,5,Aprobado
35419862_MKT-200_2025-2_2025-10-05,35419862_MKT-200_2025-2,2025-10-05,1,Desaprobado
45225711_DAT-101_2025-2_2025-10-05,45225711_DAT-101_2025-2,2025-10-05,3,Desaprobado
34355689_DEV-101_2025-2_2025-10-05,34355689_DEV-101_2025-2,2025-10-05,5,Aprobado
31846283_IA-400_2025-2_2025-10-06,31846283_IA-400_2025-2,2025-10-06,6,Aprobado
44343101_MKT-200_2025-2_2025-10-06,44343101_MKT-200_2025-2,2025-10-06,9,Aprobado
31067946_MKT-200_2025-2_2025-10-06,31067946_MKT-200_2025-2,2025-10-06,5,Aprobado
34696467_NEG-400_2025-2_2025-10-06,34696467_NEG-400_2025-2,2025-10-06,3,Desaprobado
32496231_IA-400_2025-2_2025-10-06,32496231_IA-400_2025-2,2025-10-06,6,Aprobado
46024126_MKT-200_2025-2_2025-10-06,46024126_MKT-200_2025-2,2025-10-06,7,Aprobado
32583779_IA-300_2025-2_2025-10-06,32583779_IA-300_2025-2,2025-10-06,8,Aprobado
33296162_IA-300_2025-2_2025-10-06,33296162_IA-300_2025-2,2025-10-06,10,Aprobado
44820591_UX-100_2025-2_2025-10-06,44820591_UX-100_2025-2,2025-10-06,10,Aprobado
40846299_DAT-305_2025-2_2025-10-06,40846299_DAT-305_2025-2,2025-10-06,8,Aprobado
47788251_DEV-101_2025-2_2025-10-06,47788251_DEV-101_2025-2,2025-10-06,10,Aprobado
44049715_NEG-400_2025-2_2025-10-07,44049715_NEG-400_2025-2,2025-10-07,7,Aprobado
36780964_DAT-101_2025-2_2025-10-07,36780964_DAT-101_2025-2,2025-10-07,1,Desaprobado
44911255_IA-300_2025-2_2025-10-07,44911255_IA-300_2025-2,2025-10-07,3,Desaprobado
46890428_UX-100_2025-2_2025-10-07,46890428_UX-100_2025-2,2025-10-07,5,Aprobado
32349636_NEG-400_2025-2_2025-10-07,32349636_NEG-400_2025-2,2025-10-07,4,Aprobado
32844429_DEV-101_2025-2_2025-10-07,32844429_DEV-101_2025-2,2025-10-07,1,Desaprobado
40762250_IA-400_2025-2_2025-10-07,40762250_IA-400_2025-2,2025-10-07,6,Aprobado
39579172_UX-100_2025-2_2025-10-07,39579172_UX-100_2025-2,2025-10-07,7,Aprobado
39073370_DAT-101_2025-2_2025-10-07,39073370_DAT-101_2025-2,2025-10-07,7,Aprobado
32130223_DAT-101_2025-2_2025-10-07,32130223_DAT-101_2025-2,2025-10-07,1,Desaprobado
43537356_DAT-101_2025-2_2025-10-07,43537356_DAT-101_2025-2,2025-10-07,10,Aprobado
37106276_GEN-101_2025-2_2025-10-07,37106276_GEN-101_2025-2,2025-10-07,9,Aprobado
46329934_UX-100_2025-2_2025-10-07,46329934_UX-100_2025-2,2025-10-07,7,Aprobado
30649167_IA-400_2025-2_2025-10-07,30649167_IA-400_2025-2,2025-10-07,4,Aprobado
46510451_GEN-101_2025-2_2025-10-07,46510451_GEN-101_2025-2,2025-10-07,10,Aprobado
35951430_UX-100_2025-2_2025-10-07,35951430_UX-100_2025-2,2025-10-07,1,Desaprobado
46372785_DEV-101_2025-2_2025-10-07,46372785_DEV-101_2025-2,2025-10-07,3,Desaprobado
30342609_NEG-400_2025-2_2025-10-07,30342609_NEG-400_2025-2,2025-10-07,7,Aprobado
40733106_DAT-201_2025-2_2025-10-07,40733106_DAT-201_2025-2,2025-10-07,4,Aprobado
46847177_DEV-101_2025-2_2025-10-07,46847177_DEV-101_2025-2,2025-10-07,1,Desaprobado
38695540_DAT-305_2025-2_2025-10-07,38695540_DAT-305_2025-2,2025-10-07,4,Aprobado
35199789_UX-100_2025-2_2025-10-07,35199789_UX-100_2025-2,2025-10-07,6,Aprobado
40998609_NEG-400_2025-2_2025-10-08,40998609_NEG-400_2025-2,2025-10-08,4,Aprobado
46119042_GEN-101_2025-2_2025-10-08,46119042_GEN-101_2025-2,2025-10-08,3,Desaprobado
43254348_UX-100_2025-2_2025-10-08,43254348_UX-100_2025-2,2025-10-08,3,Desaprobado
31786305_DAT-305_2025-2_2025-10-08,31786305_DAT-305_2025-2,2025-10-08,7,Aprobado
44490644_MKT-200_2025-2_2025-10-08,44490644_MKT-200_2025-2,2025-10-08,5,Aprobado
45177548_MKT-200_2025-2_2025-10-08,45177548_MKT-200_2025-2,2025-10-08,6,Aprobado
34288472_IA-300_2025-2_2025-10-08,34288472_IA-300_2025-2,2025-10-08,9,Aprobado
31748817_NEG-400_2025-2_2025-10-08,31748817_NEG-400_2025-2,2025-10-08,2,Desaprobado
41166199_DAT-201_2025-2_2025-10-08,41166199_DAT-201_2025-2,2025-10-08,7,Aprobado
38085164_NEG-400_2025-2_2025-10-08,38085164_NEG-400_2025-2,2025-10-08,3,Desaprobado
46564562_IA-300_2025-2_2025-10-08,46564562_IA-300_2025-2,2025-10-08,5,Aprobado
43462497_DAT-305_2025-2_2025-10-08,43462497_DAT-305_2025-2,2025-10-08,2,Desaprobado
46225626_MKT-200_2025-2_2025-10-08,46225626_MKT-200_2025-2,2025-10-08,2,Desaprobado
33683627_IA-400_2025-2_2025-10-08,33683627_IA-400_2025-2,2025-10-08,1,Desaprobado
46564562_DEV-101_2025-2_2025-10-08,46564562_DEV-101_2025-2,2025-10-08,3,Desaprobado
37596799_IA-400_2025-2_2025-10-08,37596799_IA-400_2025-2,2025-10-08,5,Aprobado
38940969_IA-300_2025-2_2025-10-08,38940969_IA-300_2025-2,2025-10-08,2,Desaprobado
39623347_IA-300_2025-2_2025-10-09,39623347_IA-300_2025-2,2025-10-09,3,Desaprobado
31547849_UX-100_2025-2_2025-10-09,31547849_UX-100_2025-2,2025-10-09,6,Aprobado
33568791_IA-300_2025-2_2025-10-09,33568791_IA-300_2025-2,2025-10-09,7,Aprobado
37059839_NEG-400_2025-2_2025-10-09,37059839_NEG-400_2025-2,2025-10-09,5,Aprobado
32905120_IA-300_2025-2_2025-10-09,32905120_IA-300_2025-2,2025-10-09,2,Desaprobado
45368291_MKT-200_2025-2_2025-10-09,45368291_MKT-200_2025-2,2025-10-09,7,Aprobado
31365812_NEG-400_2025-2_2025-10-09,31365812_NEG-400_2025-2,2025-10-09,9,Aprobado
40916647_DEV-101_2025-2_2025-10-09,40916647_DEV-101_2025-2,2025-10-09,5,Aprobado
38964128_DAT-201_2025-2_2025-10-09,38964128_DAT-201_2025-2,2025-10-09,7,Aprobado
45984678_IA-300_2025-2_2025-10-09,45984678_IA-300_2025-2,2025-10-09,1,Desaprobado
36858459_IA-400_2025-2_2025-10-09,36858459_IA-400_2025-2,2025-10-09,6,Aprobado
30639152_DEV-101_2025-2_2025-10-09,30639152_DEV-101_2025-2,2025-10-09,8,Aprobado
36992557_UX-100_2025-2_2025-10-09,36992557_UX-100_2025-2,2025-10-09,8,Aprobado
44473224_UX-100_2025-2_2025-10-09,44473224_UX-100_2025-2,2025-10-09,8,Aprobado
41890956_GEN-101_2025-2_2025-10-10,41890956_GEN-101_2025-2,2025-10-10,3,Desaprobado
39737785_DEV-101_2025-2_2025-10-10,39737785_DEV-101_2025-2,2025-10-10,3,Desaprobado
31576981_DAT-101_2025-2_2025-10-10,31576981_DAT-101_2025-2,2025-10-10,6,Aprobado
36780964_IA-300_2025-2_2025-10-10,36780964_IA-300_2025-2,2025-10-10,6,Aprobado
31278420_GEN-101_2025-2_2025-10-10,31278420_GEN-101_2025-2,2025-10-10,6,Aprobado
36858459_GEN-101_2025-2_2025-10-10,36858459_GEN-101_2025-2,2025-10-10,1,Desaprobado
47217063_GEN-101_2025-2_2025-10-10,47217063_GEN-101_2025-2,2025-10-10,8,Aprobado
39817999_DAT-101_2025-2_2025-10-10,39817999_DAT-101_2025-2,2025-10-10,4,Aprobado
47822229_DAT-101_2025-2_2025-10-10,47822229_DAT-101_2025-2,2025-10-10,7,Aprobado
43008590_UX-100_2025-2_2025-10-10,43008590_UX-100_2025-2,2025-10-10,8,Aprobado
40756585_GEN-101_2025-2_2025-10-10,40756585_GEN-101_2025-2,2025-10-10,4,Aprobado
31332769_UX-100_2025-2_2025-10-10,31332769_UX-100_2025-2,2025-10-10,4,Aprobado
47906696_NEG-400_2025-2_2025-10-10,47906696_NEG-400_2025-2,2025-10-10,5,Aprobado
32441127_DEV-101_2025-2_2025-10-10,32441127_DEV-101_2025-2,2025-10-10,8,Aprobado
43098716_MKT-200_2025-2_2025-10-11,43098716_MKT-200_2025-2,2025-10-11,2,Desaprobado
39047069_MKT-200_2025-2_2025-10-11,39047069_MKT-200_2025-2,2025-10-11,2,Desaprobado
39901527_GEN-101_2025-2_2025-10-11,39901527_GEN-101_2025-2,2025-10-11,6,Aprobado
30946573_IA-300_2025-2_2025-10-11,30946573_IA-300_2025-2,2025-10-11,8,Aprobado
45041476_IA-300_2025-2_2025-10-11,45041476_IA-300_2025-2,2025-10-11,10,Aprobado
34130787_DEV-101_2025-2_2025-10-11,34130787_DEV-101_2025-2,2025-10-11,2,Desaprobado
33229738_UX-100_2025-2_2025-10-11,33229738_UX-100_2025-2,2025-10-11,5,Aprobado
46024126_MKT-200_2025-2_2025-10-11,46024126_MKT-200_2025-2,2025-10-11,3,Desaprobado
45002798_GEN-101_2025-2_2025-10-11,45002798_GEN-101_2025-2,2025-10-11,2,Desaprobado
33201122_DAT-305_2025-2_2025-10-11,33201122_DAT-305_2025-2,2025-10-11,8,Aprobado
31908414_DAT-305_2025-2_2025-10-11,31908414_DAT-305_2025-2,2025-10-11,2,Desaprobado
47197652_UX-100_2025-2_2025-10-11,47197652_UX-100_2025-2,2025-10-11,2,Desaprobado
34987487_DAT-305_2025-2_2025-10-12,34987487_DAT-305_2025-2,2025-10-12,6,Aprobado
40104822_GEN-101_2025-2_2025-10-12,40104822_GEN-101_2025-2,2025-10-12,1,Desaprobado
36480390_IA-400_2025-2_2025-10-12,36480390_IA-400_2025-2,2025-10-12,1,Desaprobado
40833222_MKT-200_2025-2_2025-10-12,40833222_MKT-200_2025-2,2025-10-12,5,Aprobado
39396593_MKT-200_2025-2_2025-10-12,39396593_MKT-200_2025-2,2025-10-12,10,Aprobado
34883029_UX-100_2025-2_2025-10-12,34883029_UX-100_2025-2,2025-10-12,1,Desaprobado
40854875_DAT-101_2025-2_2025-10-12,40854875_DAT-101_2025-2,2025-10-12,3,Desaprobado
33614240_IA-400_2025-2_2025-10-12,33614240_IA-400_2025-2,2025-10-12,3,Desaprobado
43549346_UX-100_2025-2_2025-10-12,43549346_UX-100_2025-2,2025-10-12,5,Aprobado
45841815_DEV-101_2025-2_2025-10-12,45841815_DEV-101_2025-2,2025-10-12,1,Desaprobado
35683885_IA-400_2025-2_2025-10-12,35683885_IA-400_2025-2,2025-10-12,10,Aprobado
31486885_MKT-200_2025-2_2025-10-12,31486885_MKT-200_2025-2,2025-10-12,3,Desaprobado
46797195_DAT-101_2025-2_2025-10-12,46797195_DAT-101_2025-2,2025-10-12,6,Aprobado
32817735_DAT-305_2025-2_2025-10-12,32817735_DAT-305_2025-2,2025-10-12,3,Desaprobado
33649881_UX-100_2025-2_2025-10-12,33649881_UX-100_2025-2,2025-10-12,9,Aprobado
38714246_IA-300_2025-2_2025-10-12,38714246_IA-300_2025-2,2025-10-12,3,Desaprobado
44988509_DEV-101_2025-2_2025-10-12,44988509_DEV-101_2025-2,2025-10-12,5,Aprobado
39073064_IA-400_2025-2_2025-10-12,39073064_IA-400_2025-2,2025-10-12,7,Aprobado
31848115_IA-300_2025-2_2025-10-12,31848115_IA-300_2025-2,2025-10-12,3,Desaprobado
39107282_GEN-101_2025-2_2025-10-12,39107282_GEN-101_2025-2,2025-10-12,6,Aprobado
40399678_GEN-101_2025-2_2025-10-12,40399678_GEN-101_2025-2,2025-10-12,9,Aprobado
43471496_DEV-101_2025-2_2025-10-13,43471496_DEV-101_2025-2,2025-10-13,5,Aprobado
39047069_DAT-201_2025-2_2025-10-13,39047069_DAT-201_2025-2,2025-10-13,7,Aprobado
33507272_NEG-400_2025-2_2025-10-13,33507272_NEG-400_2025-2,2025-10-13,3,Desaprobado
41204894_NEG-400_2025-2_2025-10-13,41204894_NEG-400_2025-2,2025-10-13,4,Aprobado
44176621_IA-300_2025-2_2025-10-13,44176621_IA-300_2025-2,2025-10-13,3,Desaprobado
44692963_DEV-101_2025-2_2025-10-13,44692963_DEV-101_2025-2,2025-10-13,5,Aprobado
41815317_IA-400_2025-2_2025-10-13,41815317_IA-400_2025-2,2025-10-13,3,Desaprobado
45311516_IA-300_2025-2_2025-10-13,45311516_IA-300_2025-2,2025-10-13,2,Desaprobado
35486815_DAT-101_2025-2_2025-10-13,35486815_DAT-101_2025-2,2025-10-13,10,Aprobado
43714584_IA-400_2025-2_2025-10-13,43714584_IA-400_2025-2,2025-10-13,8,Aprobado
40523492_DAT-305_2025-2_2025-10-13,40523492_DAT-305_2025-2,2025-10-13,9,Aprobado
40175984_DAT-305_2025-2_2025-10-13,40175984_DAT-305_2025-2,2025-10-13,5,Aprobado
31365812_DEV-101_2025-2_2025-10-13,31365812_DEV-101_2025-2,2025-10-13,6,Aprobado
41833461_UX-100_2025-2_2025-10-14,41833461_UX-100_2025-2,2025-10-14,3,Desaprobado
30278086_DAT-305_2025-2_2025-10-14,30278086_DAT-305_2025-2,2025-10-14,6,Aprobado
47733210_MKT-200_2025-2_2025-10-14,47733210_MKT-200_2025-2,2025-10-14,4,Aprobado
32844429_NEG-400_2025-2_2025-10-14,32844429_NEG-400_2025-2,2025-10-14,3,Desaprobado
40394280_DAT-305_2025-2_2025-10-14,40394280_DAT-305_2025-2,2025-10-14,4,Aprobado
37947511_IA-300_2025-2_2025-10-14,37947511_IA-300_2025-2,2025-10-14,5,Aprobado
44443284_DAT-305_2025-2_2025-10-14,44443284_DAT-305_2025-2,2025-10-14,6,Aprobado
36156003_NEG-400_2025-2_2025-10-14,36156003_NEG-400_2025-2,2025-10-14,8,Aprobado
45496689_DAT-305_2025-2_2025-10-14,45496689_DAT-305_2025-2,2025-10-14,1,Desaprobado
35470566_UX-100_2025-2_2025-10-14,35470566_UX-100_2025-2,2025-10-14,9,Aprobado
35425422_DEV-101_2025-2_2025-10-15,35425422_DEV-101_2025-2,2025-10-15,6,Aprobado
43729856_GEN-101_2025-2_2025-10-15,43729856_GEN-101_2025-2,2025-10-15,3,Desaprobado
36676918_IA-400_2025-2_2025-10-15,36676918_IA-400_2025-2,2025-10-15,10,Aprobado
44241859_MKT-200_2025-2_2025-10-15,44241859_MKT-200_2025-2,2025-10-15,3,Desaprobado
40039504_DAT-101_2025-2_2025-10-15,40039504_DAT-101_2025-2,2025-10-15,8,Aprobado
44286872_DEV-101_2025-2_2025-10-15,44286872_DEV-101_2025-2,2025-10-15,7,Aprobado
43496203_DEV-101_2025-2_2025-10-15,43496203_DEV-101_2025-2,2025-10-15,3,Desaprobado
45694620_DAT-201_2025-2_2025-10-15,45694620_DAT-201_2025-2,2025-10-15,10,Aprobado
35837738_DEV-101_2025-2_2025-10-15,35837738_DEV-101_2025-2,2025-10-15,5,Aprobado
40330349_UX-100_2025-2_2025-10-15,40330349_UX-100_2025-2,2025-10-15,1,Desaprobado
39281798_GEN-101_2025-2_2025-10-15,39281798_GEN-101_2025-2,2025-10-15,8,Aprobado
43492230_DAT-305_2025-2_2025-10-15,43492230_DAT-305_2025-2,2025-10-15,2,Desaprobado
44754301_DAT-201_2025-2_2025-10-15,44754301_DAT-201_2025-2,2025-10-15,5,Aprobado
35133995_IA-400_2025-2_2025-10-15,35133995_IA-400_2025-2,2025-10-15,3,Desaprobado
30506698_MKT-200_2025-2_2025-10-15,30506698_MKT-200_2025-2,2025-10-15,6,Aprobado
46538783_IA-300_2025-2_2025-10-16,46538783_IA-300_2025-2,2025-10-16,3,Desaprobado
30679979_IA-400_2025-2_2025-10-16,30679979_IA-400_2025-2,2025-10-16,1,Desaprobado
35407054_DEV-101_2025-2_2025-10-16,35407054_DEV-101_2025-2,2025-10-16,6,Aprobado
35629692_GEN-101_2025-2_2025-10-16,35629692_GEN-101_2025-2,2025-10-16,3,Desaprobado
40284355_DEV-101_2025-2_2025-10-16,40284355_DEV-101_2025-2,2025-10-16,1,Desaprobado
36532331_GEN-101_2025-2_2025-10-16,36532331_GEN-101_2025-2,2025-10-16,4,Aprobado
31961540_IA-300_2025-2_2025-10-16,31961540_IA-300_2025-2,2025-10-16,6,Aprobado
38786481_DAT-101_2025-2_2025-10-16,38786481_DAT-101_2025-2,2025-10-16,4,Aprobado
32201924_DEV-101_2025-2_2025-10-16,32201924_DEV-101_2025-2,2025-10-16,7,Aprobado
47611874_IA-400_2025-2_2025-10-16,47611874_IA-400_2025-2,2025-10-16,1,Desaprobado
45820009_DEV-101_2025-2_2025-10-16,45820009_DEV-101_2025-2,2025-10-16,10,Aprobado
40437078_DEV-101_2025-2_2025-10-16,40437078_DEV-101_2025-2,2025-10-16,5,Aprobado
37567816_IA-300_2025-2_2025-10-16,37567816_IA-300_2025-2,2025-10-16,8,Aprobado
40582609_DEV-101_2025-2_2025-10-17,40582609_DEV-101_2025-2,2025-10-17,4,Aprobado
31277192_DEV-101_2025-2_2025-10-17,31277192_DEV-101_2025-2,2025-10-17,7,Aprobado
44724307_DAT-201_2025-2_2025-10-17,44724307_DAT-201_2025-2,2025-10-17,3,Desaprobado
43331228_DAT-201_2025-2_2025-10-17,43331228_DAT-201_2025-2,2025-10-17,6,Aprobado
44811354_NEG-400_2025-2_2025-10-17,44811354_NEG-400_2025-2,2025-10-17,10,Aprobado
30219683_DEV-101_2025-2_2025-10-17,30219683_DEV-101_2025-2,2025-10-17,1,Desaprobado
46833655_DAT-201_2025-2_2025-10-17,46833655_DAT-201_2025-2,2025-10-17,2,Desaprobado
33247551_UX-100_2025-2_2025-10-17,33247551_UX-100_2025-2,2025-10-17,2,Desaprobado
34743897_DEV-101_2025-2_2025-10-17,34743897_DEV-101_2025-2,2025-10-17,6,Aprobado
31528900_DAT-201_2025-2_2025-10-17,31528900_DAT-201_2025-2,2025-10-17,8,Aprobado
31748817_DAT-101_2025-2_2025-10-17,31748817_DAT-101_2025-2,2025-10-17,10,Aprobado
32028866_DAT-201_2025-2_2025-10-17,32028866_DAT-201_2025-2,2025-10-17,8,Aprobado
37460819_GEN-101_2025-2_2025-10-17,37460819_GEN-101_2025-2,2025-10-17,2,Desaprobado
40350483_DAT-101_2025-2_2025-10-17,40350483_DAT-101_2025-2,2025-10-17,7,Aprobado
41016204_IA-300_2025-2_2025-10-17,41016204_IA-300_2025-2,2025-10-17,9,Aprobado
39835913_NEG-400_2025-2_2025-10-17,39835913_NEG-400_2025-2,2025-10-17,3,Desaprobado
36882138_GEN-101_2025-2_2025-10-18,36882138_GEN-101_2025-2,2025-10-18,2,Desaprobado
35207049_UX-100_2025-2_2025-10-18,35207049_UX-100_2025-2,2025-10-18,8,Aprobado
39765048_DAT-305_2025-2_2025-10-18,39765048_DAT-305_2025-2,2025-10-18,7,Aprobado
46218945_NEG-400_2025-2_2025-10-18,46218945_NEG-400_2025-2,2025-10-18,10,Aprobado
31885715_DAT-201_2025-2_2025-10-18,31885715_DAT-201_2025-2,2025-10-18,8,Aprobado
40642269_UX-100_2025-2_2025-10-18,40642269_UX-100_2025-2,2025-10-18,10,Aprobado
37874267_IA-400_2025-2_2025-10-18,37874267_IA-400_2025-2,2025-10-18,6,Aprobado
37874267_DEV-101_2025-2_2025-10-18,37874267_DEV-101_2025-2,2025-10-18,9,Aprobado
47826221_DAT-305_2025-2_2025-10-18,47826221_DAT-305_2025-2,2025-10-18,5,Aprobado
44454123_DAT-101_2025-2_2025-10-18,44454123_DAT-101_2025-2,2025-10-18,4,Aprobado
35930527_DAT-305_2025-2_2025-10-18,35930527_DAT-305_2025-2,2025-10-18,4,Aprobado
32329071_UX-100_2025-2_2025-10-18,32329071_UX-100_2025-2,2025-10-18,4,Aprobado
32027618_NEG-400_2025-2_2025-10-18,32027618_NEG-400_2025-2,2025-10-18,10,Aprobado
34764302_DAT-305_2025-2_2025-10-18,34764302_DAT-305_2025-2,2025-10-18,2,Desaprobado
31531992_DEV-101_2025-2_2025-10-18,31531992_DEV-101_2025-2,2025-10-18,2,Desaprobado
39006974_DAT-305_2025-2_2025-10-18,39006974_DAT-305_2025-2,2025-10-18,2,Desaprobado
46653953_DAT-305_2025-2_2025-10-18,46653953_DAT-305_2025-2,2025-10-18,1,Desaprobado
36971688_MKT-200_2025-2_2025-10-18,36971688_MKT-200_2025-2,2025-10-18,1,Desaprobado
32166416_MKT-200_2025-2_2025-10-18,32166416_MKT-200_2025-2,2025-10-18,4,Aprobado
30125745_MKT-200_2025-2_2025-10-19,30125745_MKT-200_2025-2,2025-10-19,2,Desaprobado
40330349_UX-100_2025-2_2025-10-19,40330349_UX-100_2025-2,2025-10-19,3,Desaprobado
39901527_IA-300_2025-2_2025-10-19,39901527_IA-300_2025-2,2025-10-19,4,Aprobado
45153061_IA-300_2025-2_2025-10-19,45153061_IA-300_2025-2,2025-10-19,7,Aprobado
34764302_DAT-201_2025-2_2025-10-19,34764302_DAT-201_2025-2,2025-10-19,2,Desaprobado
36765559_IA-300_2025-2_2025-10-19,36765559_IA-300_2025-2,2025-10-19,8,Aprobado
43055426_DEV-101_2025-2_2025-10-19,43055426_DEV-101_2025-2,2025-10-19,2,Desaprobado
40756585_MKT-200_2025-2_2025-10-19,40756585_MKT-200_2025-2,2025-10-19,1,Desaprobado
35077928_UX-100_2025-2_2025-10-19,35077928_UX-100_2025-2,2025-10-19,10,Aprobado
40854875_GEN-101_2025-2_2025-10-19,40854875_GEN-101_2025-2,2025-10-19,1,Desaprobado
34108557_DAT-101_2025-2_2025-10-19,34108557_DAT-101_2025-2,2025-10-19,5,Aprobado
40099804_NEG-400_2025-2_2025-10-19,40099804_NEG-400_2025-2,2025-10-19,1,Desaprobado
45177548_NEG-400_2025-2_2025-10-19,45177548_NEG-400_2025-2,2025-10-19,3,Desaprobado
35284612_DAT-201_2025-2_2025-10-19,35284612_DAT-201_2025-2,2025-10-19,3,Desaprobado
46510451_NEG-400_2025-2_2025-10-19,46510451_NEG-400_2025-2,2025-10-19,9,Aprobado
40915348_DAT-305_2025-2_2025-10-19,40915348_DAT-305_2025-2,2025-10-19,4,Aprobado
44911255_UX-100_2025-2_2025-10-20,44911255_UX-100_2025-2,2025-10-20,2,Desaprobado
43647497_GEN-101_2025-2_2025-10-20,43647497_GEN-101_2025-2,2025-10-20,9,Aprobado
44488443_DEV-101_2025-2_2025-10-20,44488443_DEV-101_2025-2,2025-10-20,10,Aprobado
46026190_DEV-101_2025-2_2025-10-20,46026190_DEV-101_2025-2,2025-10-20,6,Aprobado
46538783_MKT-200_2025-2_2025-10-20,46538783_MKT-200_2025-2,2025-10-20,6,Aprobado
45984678_MKT-200_2025-2_2025-10-20,45984678_MKT-200_2025-2,2025-10-20,8,Aprobado
45291864_NEG-400_2025-2_2025-10-20,45291864_NEG-400_2025-2,2025-10-20,9,Aprobado
36092237_NEG-400_2025-2_2025-10-20,36092237_NEG-400_2025-2,2025-10-20,3,Desaprobado
37392794_DAT-101_2025-2_2025-10-20,37392794_DAT-101_2025-2,2025-10-20,4,Aprobado
45766160_IA-300_2025-2_2025-10-20,45766160_IA-300_2025-2,2025-10-20,5,Aprobado
39195104_MKT-200_2025-2_2025-10-20,39195104_MKT-200_2025-2,2025-10-20,3,Desaprobado
45797473_UX-100_2025-2_2025-10-20,45797473_UX-100_2025-2,2025-10-20,9,Aprobado
46377357_DAT-305_2025-2_2025-10-20,46377357_DAT-305_2025-2,2025-10-20,8,Aprobado
38085164_GEN-101_2025-2_2025-10-20,38085164_GEN-101_2025-2,2025-10-20,8,Aprobado
44700314_DAT-305_2025-2_2025-10-20,44700314_DAT-305_2025-2,2025-10-20,7,Aprobado
45482430_IA-400_2025-2_2025-10-21,45482430_IA-400_2025-2,2025-10-21,7,Aprobado
40014561_NEG-400_2025-2_2025-10-21,40014561_NEG-400_2025-2,2025-10-21,3,Desaprobado
36727561_DAT-101_2025-2_2025-10-21,36727561_DAT-101_2025-2,2025-10-21,7,Aprobado
43331228_MKT-200_2025-2_2025-10-21,43331228_MKT-200_2025-2,2025-10-21,6,Aprobado
31485455_NEG-400_2025-2_2025-10-21,31485455_NEG-400_2025-2,2025-10-21,10,Aprobado
37799625_DAT-305_2025-2_2025-10-21,37799625_DAT-305_2025-2,2025-10-21,1,Desaprobado
33816707_DEV-101_2025-2_2025-10-21,33816707_DEV-101_2025-2,2025-10-21,8,Aprobado
43040142_DAT-305_2025-2_2025-10-21,43040142_DAT-305_2025-2,2025-10-21,7,Aprobado
43191267_NEG-400_2025-2_2025-10-21,43191267_NEG-400_2025-2,2025-10-21,10,Aprobado
44118742_IA-300_2025-2_2025-10-21,44118742_IA-300_2025-2,2025-10-21,2,Desaprobado
47700089_GEN-101_2025-2_2025-10-21,47700089_GEN-101_2025-2,2025-10-21,4,Aprobado
43498834_UX-100_2025-2_2025-10-21,43498834_UX-100_2025-2,2025-10-21,5,Aprobado
30381511_GEN-101_2025-2_2025-10-21,30381511_GEN-101_2025-2,2025-10-21,7,Aprobado
47909977_MKT-200_2025-2_2025-10-21,47909977_MKT-200_2025-2,2025-10-21,7,Aprobado
34873483_GEN-101_2025-2_2025-10-21,34873483_GEN-101_2025-2,2025-10-21,2,Desaprobado
44986230_GEN-101_2025-2_2025-10-21,44986230_GEN-101_2025-2,2025-10-21,5,Aprobado
40902797_NEG-400_2025-2_2025-10-21,40902797_NEG-400_2025-2,2025-10-21,3,Desaprobado
33745990_IA-400_2025-2_2025-10-21,33745990_IA-400_2025-2,2025-10-21,7,Aprobado
35629692_IA-300_2025-2_2025-10-21,35629692_IA-300_2025-2,2025-10-21,5,Aprobado
30219683_DEV-101_2025-2_2025-10-21,30219683_DEV-101_2025-2,2025-10-21,4,Aprobado
44544802_GEN-101_2025-2_2025-10-21,44544802_GEN-101_2025-2,2025-10-21,5,Aprobado
31177427_MKT-200_2025-2_2025-10-21,31177427_MKT-200_2025-2,2025-10-21,4,Aprobado
32480780_DAT-201_2025-2_2025-10-21,32480780_DAT-201_2025-2,2025-10-21,5,Aprobado
39250711_DAT-201_2025-2_2025-10-21,39250711_DAT-201_2025-2,2025-10-21,4,Aprobado
39311402_GEN-101_2025-2_2025-10-22,39311402_GEN-101_2025-2,2025-10-22,1,Desaprobado
35951430_IA-400_2025-2_2025-10-22,35951430_IA-400_2025-2,2025-10-22,8,Aprobado
32286145_DAT-305_2025-2_2025-10-22,32286145_DAT-305_2025-2,2025-10-22,5,Aprobado
34888999_MKT-200_2025-2_2025-10-22,34888999_MKT-200_2025-2,2025-10-22,4,Aprobado
38714246_MKT-200_2025-2_2025-10-22,38714246_MKT-200_2025-2,2025-10-22,1,Desaprobado
46952948_GEN-101_2025-2_2025-10-22,46952948_GEN-101_2025-2,2025-10-22,7,Aprobado
44754301_MKT-200_2025-2_2025-10-22,44754301_MKT-200_2025-2,2025-10-22,7,Aprobado
33528686_NEG-400_2025-2_2025-10-22,33528686_NEG-400_2025-2,2025-10-22,4,Aprobado
41833461_DAT-305_2025-2_2025-10-22,41833461_DAT-305_2025-2,2025-10-22,8,Aprobado
44730308_NEG-400_2025-2_2025-10-22,44730308_NEG-400_2025-2,2025-10-22,8,Aprobado
40846299_DEV-101_2025-2_2025-10-22,40846299_DEV-101_2025-2,2025-10-22,2,Desaprobado
43507384_DEV-101_2025-2_2025-10-22,43507384_DEV-101_2025-2,2025-10-22,2,Desaprobado
37981847_IA-300_2025-2_2025-10-22,37981847_IA-300_2025-2,2025-10-22,8,Aprobado
44491570_IA-300_2025-2_2025-10-22,44491570_IA-300_2025-2,2025-10-22,8,Aprobado
43542829_DAT-201_2025-2_2025-10-22,43542829_DAT-201_2025-2,2025-10-22,2,Desaprobado
33397920_DAT-201_2025-2_2025-10-22,33397920_DAT-201_2025-2,2025-10-22,10,Aprobado
38042975_UX-100_2025-2_2025-10-23,38042975_UX-100_2025-2,2025-10-23,2,Desaprobado
31277192_MKT-200_2025-2_2025-10-23,31277192_MKT-200_2025-2,2025-10-23,9,Aprobado
47864391_UX-100_2025-2_2025-10-23,47864391_UX-100_2025-2,2025-10-23,3,Desaprobado
36257669_IA-300_2025-2_2025-10-23,36257669_IA-300_2025-2,2025-10-23,1,Desaprobado
37171122_MKT-200_2025-2_2025-10-23,37171122_MKT-200_2025-2,2025-10-23,7,Aprobado
47993064_NEG-400_2025-2_2025-10-23,47993064_NEG-400_2025-2,2025-10-23,4,Aprobado
32171676_DEV-101_2025-2_2025-10-23,32171676_DEV-101_2025-2,2025-10-23,9,Aprobado
44811661_MKT-200_2025-2_2025-10-23,44811661_MKT-200_2025-2,2025-10-23,7,Aprobado
40848361_DAT-101_2025-2_2025-10-23,40848361_DAT-101_2025-2,2025-10-23,2,Desaprobado
40140970_GEN-101_2025-2_2025-10-23,40140970_GEN-101_2025-2,2025-10-23,9,Aprobado
35470566_MKT-200_2025-2_2025-10-23,35470566_MKT-200_2025-2,2025-10-23,5,Aprobado
46411752_IA-300_2025-2_2025-10-23,46411752_IA-300_2025-2,2025-10-23,1,Desaprobado
30674136_UX-100_2025-2_2025-10-23,30674136_UX-100_2025-2,2025-10-23,9,Aprobado
36219416_GEN-101_2025-2_2025-10-23,36219416_GEN-101_2025-2,2025-10-23,8,Aprobado
36998955_DAT-305_2025-2_2025-10-23,36998955_DAT-305_2025-2,2025-10-23,8,Aprobado
39159460_GEN-101_2025-2_2025-10-23,39159460_GEN-101_2025-2,2025-10-23,10,Aprobado
44651662_IA-300_2025-2_2025-10-23,44651662_IA-300_2025-2,2025-10-23,5,Aprobado
32108581_NEG-400_2025-2_2025-10-23,32108581_NEG-400_2025-2,2025-10-23,4,Aprobado
31355414_DAT-101_2025-2_2025-10-23,31355414_DAT-101_2025-2,2025-10-23,2,Desaprobado
46572742_UX-100_2025-2_2025-10-23,46572742_UX-100_2025-2,2025-10-23,2,Desaprobado
47483336_DEV-101_2025-2_2025-10-23,47483336_DEV-101_2025-2,2025-10-23,1,Desaprobado
33792064_DAT-101_2025-2_2025-10-23,33792064_DAT-101_2025-2,2025-10-23,5,Aprobado
33505185_DAT-201_2025-2_2025-10-23,33505185_DAT-201_2025-2,2025-10-23,5,Aprobado
33896639_DAT-305_2025-2_2025-10-23,33896639_DAT-305_2025-2,2025-10-23,2,Desaprobado
32905120_IA-300_2025-2_2025-10-24,32905120_IA-300_2025-2,2025-10-24,3,Desaprobado
43372972_DAT-201_2025-2_2025-10-24,43372972_DAT-201_2025-2,2025-10-24,2,Desaprobado
45539704_NEG-400_2025-2_2025-10-24,45539704_NEG-400_2025-2,2025-10-24,3,Desaprobado
44221505_DAT-101_2025-2_2025-10-24,44221505_DAT-101_2025-2,2025-10-24,6,Aprobado
35199789_DAT-305_2025-2_2025-10-24,35199789_DAT-305_2025-2,2025-10-24,8,Aprobado
45589540_IA-400_2025-2_2025-10-24,45589540_IA-400_2025-2,2025-10-24,1,Desaprobado
46418357_DAT-101_2025-2_2025-10-24,46418357_DAT-101_2025-2,2025-10-24,1,Desaprobado
36434636_IA-400_2025-2_2025-10-24,36434636_IA-400_2025-2,2025-10-24,4,Aprobado
43402603_DAT-201_2025-2_2025-10-24,43402603_DAT-201_2025-2,2025-10-24,6,Aprobado
45847470_NEG-400_2025-2_2025-10-24,45847470_NEG-400_2025-2,2025-10-24,3,Desaprobado
39040140_MKT-200_2025-2_2025-10-24,39040140_MKT-200_2025-2,2025-10-24,1,Desaprobado
37561794_NEG-400_2025-2_2025-10-25,37561794_NEG-400_2025-2,2025-10-25,9,Aprobado
34148661_DAT-201_2025-2_2025-10-25,34148661_DAT-201_2025-2,2025-10-25,2,Desaprobado
40998609_DAT-201_2025-2_2025-10-25,40998609_DAT-201_2025-2,2025-10-25,5,Aprobado
45704555_GEN-101_2025-2_2025-10-25,45704555_GEN-101_2025-2,2025-10-25,8,Aprobado
36200569_IA-300_2025-2_2025-10-25,36200569_IA-300_2025-2,2025-10-25,8,Aprobado
38275238_DAT-101_2025-2_2025-10-25,38275238_DAT-101_2025-2,2025-10-25,1,Desaprobado
46372785_GEN-101_2025-2_2025-10-25,46372785_GEN-101_2025-2,2025-10-25,9,Aprobado
45838988_MKT-200_2025-2_2025-10-25,45838988_MKT-200_2025-2,2025-10-25,1,Desaprobado
43558573_MKT-200_2025-2_2025-10-25,43558573_MKT-200_2025-2,2025-10-25,9,Aprobado
30394856_UX-100_2025-2_2025-10-25,30394856_UX-100_2025-2,2025-10-25,7,Aprobado
33641153_IA-400_2025-2_2025-10-25,33641153_IA-400_2025-2,2025-10-25,9,Aprobado
46833655_MKT-200_2025-2_2025-10-25,46833655_MKT-200_2025-2,2025-10-25,9,Aprobado
46218945_IA-300_2025-2_2025-10-25,46218945_IA-300_2025-2,2025-10-25,8,Aprobado
47822229_MKT-200_2025-2_2025-10-25,47822229_MKT-200_2025-2,2025-10-25,3,Desaprobado
47044309_MKT-200_2025-2_2025-10-25,47044309_MKT-200_2025-2,2025-10-25,9,Aprobado
32108581_DEV-101_2025-2_2025-10-25,32108581_DEV-101_2025-2,2025-10-25,10,Aprobado
40305444_DAT-101_2025-2_2025-10-25,40305444_DAT-101_2025-2,2025-10-25,10,Aprobado
31681085_DAT-305_2025-2_2025-10-25,31681085_DAT-305_2025-2,2025-10-25,9,Aprobado
43713231_DAT-201_2025-2_2025-10-25,43713231_DAT-201_2025-2,2025-10-25,3,Desaprobado
31355414_GEN-101_2025-2_2025-10-25,31355414_GEN-101_2025-2,2025-10-25,2,Desaprobado
32583779_DAT-305_2025-2_2025-10-25,32583779_DAT-305_2025-2,2025-10-25,8,Aprobado
46599245_IA-400_2025-2_2025-10-25,46599245_IA-400_2025-2,2025-10-25,1,Desaprobado
40337941_NEG-400_2025-2_2025-10-25,40337941_NEG-400_2025-2,2025-10-25,9,Aprobado
43827991_GEN-101_2025-2_2025-10-26,43827991_GEN-101_2025-2,2025-10-26,4,Aprobado
38869750_IA-400_2025-2_2025-10-26,38869750_IA-400_2025-2,2025-10-26,4,Aprobado
30713710_DAT-201_2025-2_2025-10-26,30713710_DAT-201_2025-2,2025-10-26,3,Desaprobado
43871938_NEG-400_2025-2_2025-10-26,43871938_NEG-400_2025-2,2025-10-26,3,Desaprobado
30277884_GEN-101_2025-2_2025-10-26,30277884_GEN-101_2025-2,2025-10-26,9,Aprobado
39121001_DAT-305_2025-2_2025-10-26,39121001_DAT-305_2025-2,2025-10-26,3,Desaprobado
43991288_DAT-305_2025-2_2025-10-26,43991288_DAT-305_2025-2,2025-10-26,2,Desaprobado
39579172_NEG-400_2025-2_2025-10-26,39579172_NEG-400_2025-2,2025-10-26,6,Aprobado
44182964_DAT-201_2025-2_2025-10-26,44182964_DAT-201_2025-2,2025-10-26,2,Desaprobado
34343190_DAT-201_2025-2_2025-10-26,34343190_DAT-201_2025-2,2025-10-26,8,Aprobado
45105658_DAT-305_2025-2_2025-10-26,45105658_DAT-305_2025-2,2025-10-26,7,Aprobado
43652049_IA-400_2025-2_2025-10-26,43652049_IA-400_2025-2,2025-10-26,6,Aprobado
30020248_UX-100_2025-2_2025-10-26,30020248_UX-100_2025-2,2025-10-26,8,Aprobado
39337175_DAT-201_2025-2_2025-10-26,39337175_DAT-201_2025-2,2025-10-26,7,Aprobado
32583779_IA-300_2025-2_2025-10-26,32583779_IA-300_2025-2,2025-10-26,4,Aprobado
36745278_NEG-400_2025-2_2025-10-26,36745278_NEG-400_2025-2,2025-10-26,6,Aprobado
40904939_DAT-305_2025-2_2025-10-27,40904939_DAT-305_2025-2,2025-10-27,5,Aprobado
41396027_DAT-201_2025-2_2025-10-27,41396027_DAT-201_2025-2,2025-10-27,6,Aprobado
37918142_DEV-101_2025-2_2025-10-27,37918142_DEV-101_2025-2,2025-10-27,5,Aprobado
39073370_MKT-200_2025-2_2025-10-27,39073370_MKT-200_2025-2,2025-10-27,6,Aprobado
46060979_UX-100_2025-2_2025-10-27,46060979_UX-100_2025-2,2025-10-27,8,Aprobado
32522161_NEG-400_2025-2_2025-10-27,32522161_NEG-400_2025-2,2025-10-27,4,Aprobado
40902797_DEV-101_2025-2_2025-10-27,40902797_DEV-101_2025-2,2025-10-27,8,Aprobado
36742732_NEG-400_2025-2_2025-10-27,36742732_NEG-400_2025-2,2025-10-27,1,Desaprobado
30074046_MKT-200_2025-2_2025-10-27,30074046_MKT-200_2025-2,2025-10-27,2,Desaprobado
44986230_DAT-201_2025-2_2025-10-27,44986230_DAT-201_2025-2,2025-10-27,3,Desaprobado
35383408_DAT-101_2025-2_2025-10-27,35383408_DAT-101_2025-2,2025-10-27,8,Aprobado
39480865_DAT-101_2025-2_2025-10-27,39480865_DAT-101_2025-2,2025-10-27,3,Desaprobado
46952948_UX-100_2025-2_2025-10-27,46952948_UX-100_2025-2,2025-10-27,6,Aprobado
45066439_MKT-200_2025-2_2025-10-27,45066439_MKT-200_2025-2,2025-10-27,1,Desaprobado
46669980_DAT-305_2025-2_2025-10-27,46669980_DAT-305_2025-2,2025-10-27,2,Desaprobado
47233498_DAT-305_2025-2_2025-10-27,47233498_DAT-305_2025-2,2025-10-27,10,Aprobado
34294158_DAT-101_2025-2_2025-10-27,34294158_DAT-101_2025-2,2025-10-27,10,Aprobado
41084438_DEV-101_2025-2_2025-10-28,41084438_DEV-101_2025-2,2025-10-28,7,Aprobado
33566074_DAT-101_2025-2_2025-10-28,33566074_DAT-101_2025-2,2025-10-28,8,Aprobado
33896639_DAT-305_2025-2_2025-10-28,33896639_DAT-305_2025-2,2025-10-28,1,Desaprobado
44076200_DAT-201_2025-2_2025-10-28,44076200_DAT-201_2025-2,2025-10-28,8,Aprobado
45552569_DEV-101_2025-2_2025-10-28,45552569_DEV-101_2025-2,2025-10-28,5,Aprobado
46024126_GEN-101_2025-2_2025-10-28,46024126_GEN-101_2025-2,2025-10-28,4,Aprobado
45679679_IA-300_2025-2_2025-10-28,45679679_IA-300_2025-2,2025-10-28,4,Aprobado
30219683_UX-100_2025-2_2025-10-28,30219683_UX-100_2025-2,2025-10-28,3,Desaprobado
37799625_GEN-101_2025-2_2025-10-28,37799625_GEN-101_2025-2,2025-10-28,7,Aprobado
37774603_GEN-101_2025-2_2025-10-28,37774603_GEN-101_2025-2,2025-10-28,2,Desaprobado
36300221_DAT-305_2025-2_2025-10-28,36300221_DAT-305_2025-2,2025-10-28,3,Desaprobado
45709038_DAT-305_2025-2_2025-10-29,45709038_DAT-305_2025-2,2025-10-29,1,Desaprobado
44754301_MKT-200_2025-2_2025-10-29,44754301_MKT-200_2025-2,2025-10-29,2,Desaprobado
45847470_NEG-400_2025-2_2025-10-29,45847470_NEG-400_2025-2,2025-10-29,5,Aprobado
39145092_IA-400_2025-2_2025-10-29,39145092_IA-400_2025-2,2025-10-29,8,Aprobado
41815317_MKT-200_2025-2_2025-10-29,41815317_MKT-200_2025-2,2025-10-29,7,Aprobado
34631520_DAT-305_2025-2_2025-10-29,34631520_DAT-305_2025-2,2025-10-29,4,Aprobado
35930527_IA-400_2025-2_2025-10-29,35930527_IA-400_2025-2,2025-10-29,6,Aprobado
45076705_IA-300_2025-2_2025-10-29,45076705_IA-300_2025-2,2025-10-29,2,Desaprobado
34401288_MKT-200_2025-2_2025-10-29,34401288_MKT-200_2025-2,2025-10-29,9,Aprobado
44286872_UX-100_2025-2_2025-10-29,44286872_UX-100_2025-2,2025-10-29,4,Aprobado
46556662_MKT-200_2025-2_2025-10-29,46556662_MKT-200_2025-2,2025-10-29,1,Desaprobado
44454123_DAT-101_2025-2_2025-10-29,44454123_DAT-101_2025-2,2025-10-29,3,Desaprobado
44305990_IA-400_2025-2_2025-10-29,44305990_IA-400_2025-2,2025-10-29,3,Desaprobado
35133995_DAT-201_2025-2_2025-10-29,35133995_DAT-201_2025-2,2025-10-29,6,Aprobado
33175574_IA-300_2025-2_2025-10-29,33175574_IA-300_2025-2,2025-10-29,10,Aprobado
34486034_IA-400_2025-2_2025-10-29,34486034_IA-400_2025-2,2025-10-29,9,Aprobado
37335497_MKT-200_2025-2_2025-10-29,37335497_MKT-200_2025-2,2025-10-29,5,Aprobado
32604998_MKT-200_2025-2_2025-10-30,32604998_MKT-200_2025-2,2025-10-30,2,Desaprobado
40400092_MKT-200_2025-2_2025-10-30,40400092_MKT-200_2025-2,2025-10-30,3,Desaprobado
34923335_NEG-400_2025-2_2025-10-30,34923335_NEG-400_2025-2,2025-10-30,6,Aprobado
43941263_GEN-101_2025-2_2025-10-30,43941263_GEN-101_2025-2,2025-10-30,3,Desaprobado
32805911_IA-300_2025-2_2025-10-30,32805911_IA-300_2025-2,2025-10-30,3,Desaprobado
46847177_DEV-101_2025-2_2025-10-30,46847177_DEV-101_2025-2,2025-10-30,9,Aprobado
35947218_MKT-200_2025-2_2025-10-30,35947218_MKT-200_2025-2,2025-10-30,10,Aprobado
35563087_DEV-101_2025-2_2025-10-30,35563087_DEV-101_2025-2,2025-10-30,7,Aprobado
34219114_NEG-400_2025-2_2025-10-30,34219114_NEG-400_2025-2,2025-10-30,5,Aprobado
44986230_MKT-200_2025-2_2025-10-30,44986230_MKT-200_2025-2,2025-10-30,1,Desaprobado
30173121_IA-400_2025-2_2025-10-30,30173121_IA-400_2025-2,2025-10-30,7,Aprobado
43471496_DAT-201_2025-2_2025-10-30,43471496_DAT-201_2025-2,2025-10-30,1,Desaprobado
44827801_NEG-400_2025-2_2025-10-30,44827801_NEG-400_2025-2,2025-10-30,4,Aprobado
35947218_IA-300_2025-2_2025-10-31,35947218_IA-300_2025-2,2025-10-31,7,Aprobado
44492127_IA-400_2025-2_2025-10-31,44492127_IA-400_2025-2,2025-10-31,8,Aprobado
34294158_DAT-201_2025-2_2025-10-31,34294158_DAT-201_2025-2,2025-10-31,7,Aprobado
30649167_DAT-201_2025-2_2025-10-31,30649167_DAT-201_2025-2,2025-10-31,6,Aprobado
36691364_DAT-101_2025-2_2025-10-31,36691364_DAT-101_2025-2,2025-10-31,5,Aprobado
47983613_DAT-201_2025-2_2025-10-31,47983613_DAT-201_2025-2,2025-10-31,8,Aprobado
43605753_NEG-400_2025-2_2025-10-31,43605753_NEG-400_2025-2,2025-10-31,5,Aprobado
33201122_MKT-200_2025-2_2025-10-31,33201122_MKT-200_2025-2,2025-10-31,6,Aprobado
41671067_DAT-101_2025-2_2025-10-31,41671067_DAT-101_2025-2,2025-10-31,3,Desaprobado
44173257_IA-400_2025-2_2025-10-31,44173257_IA-400_2025-2,2025-10-31,1,Desaprobado
37182051_IA-400_2025-2_2025-10-31,37182051_IA-400_2025-2,2025-10-31,9,Aprobado
43615605_IA-400_2025-2_2025-10-31,43615605_IA-400_2025-2,2025-10-31,1,Desaprobado
33800391_GEN-101_2025-2_2025-11-01,33800391_GEN-101_2025-2,2025-11-01,7,Aprobado
46829066_DAT-305_2025-2_2025-11-01,46829066_DAT-305_2025-2,2025-11-01,6,Aprobado
46518516_DAT-101_2025-2_2025-11-01,46518516_DAT-101_2025-2,2025-11-01,10,Aprobado
46382860_UX-100_2025-2_2025-11-01,46382860_UX-100_2025-2,2025-11-01,4,Aprobado
45368291_GEN-101_2025-2_2025-11-01,45368291_GEN-101_2025-2,2025-11-01,4,Aprobado
36421707_DAT-101_2025-2_2025-11-01,36421707_DAT-101_2025-2,2025-11-01,2,Desaprobado
32171052_DAT-101_2025-2_2025-11-01,32171052_DAT-101_2025-2,2025-11-01,10,Aprobado
36971688_IA-400_2025-2_2025-11-01,36971688_IA-400_2025-2,2025-11-01,6,Aprobado
34130787_GEN-101_2025-2_2025-11-01,34130787_GEN-101_2025-2,2025-11-01,3,Desaprobado
36882138_NEG-400_2025-2_2025-11-01,36882138_NEG-400_2025-2,2025-11-01,10,Aprobado
32027618_MKT-200_2025-2_2025-11-01,32027618_MKT-200_2025-2,2025-11-01,7,Aprobado
39765048_DAT-305_2025-2_2025-11-02,39765048_DAT-305_2025-2,2025-11-02,7,Aprobado
33742338_DEV-101_2025-2_2025-11-02,33742338_DEV-101_2025-2,2025-11-02,4,Aprobado
36701529_DAT-101_2025-2_2025-11-02,36701529_DAT-101_2025-2,2025-11-02,2,Desaprobado
34108557_DAT-101_2025-2_2025-11-02,34108557_DAT-101_2025-2,2025-11-02,4,Aprobado
46372785_IA-300_2025-2_2025-11-02,46372785_IA-300_2025-2,2025-11-02,5,Aprobado
41904080_DAT-201_2025-2_2025-11-02,41904080_DAT-201_2025-2,2025-11-02,4,Aprobado
46145128_IA-400_2025-2_2025-11-02,46145128_IA-400_2025-2,2025-11-02,5,Aprobado
40950154_MKT-200_2025-2_2025-11-02,40950154_MKT-200_2025-2,2025-11-02,1,Desaprobado
44407218_DAT-201_2025-2_2025-11-02,44407218_DAT-201_2025-2,2025-11-02,4,Aprobado
40606935_GEN-101_2025-2_2025-11-02,40606935_GEN-101_2025-2,2025-11-02,5,Aprobado
31099331_GEN-101_2025-2_2025-11-02,31099331_GEN-101_2025-2,2025-11-02,2,Desaprobado
40235116_DAT-305_2025-2_2025-11-02,40235116_DAT-305_2025-2,2025-11-02,5,Aprobado
37182051_UX-100_2025-2_2025-11-02,37182051_UX-100_2025-2,2025-11-02,8,Aprobado
44235496_DAT-201_2025-2_2025-11-02,44235496_DAT-201_2025-2,2025-11-02,1,Desaprobado
33520255_GEN-101_2025-2_2025-11-02,33520255_GEN-101_2025-2,2025-11-02,1,Desaprobado
46521420_DAT-201_2025-2_2025-11-02,46521420_DAT-201_2025-2,2025-11-02,7,Aprobado
43679905_IA-300_2025-2_2025-11-02,43679905_IA-300_2025-2,2025-11-02,3,Desaprobado
32997790_GEN-101_2025-2_2025-11-02,32997790_GEN-101_2025-2,2025-11-02,3,Desaprobado
30672524_DAT-201_2025-2_2025-11-03,30672524_DAT-201_2025-2,2025-11-03,1,Desaprobado
36892333_DAT-305_2025-2_2025-11-03,36892333_DAT-305_2025-2,2025-11-03,3,Desaprobado
37952540_NEG-400_2025-2_2025-11-03,37952540_NEG-400_2025-2,2025-11-03,7,Aprobado
46698472_UX-100_2025-2_2025-11-03,46698472_UX-100_2025-2,2025-11-03,7,Aprobado
31177427_MKT-200_2025-2_2025-11-03,31177427_MKT-200_2025-2,2025-11-03,7,Aprobado
45177548_DAT-201_2025-2_2025-11-03,45177548_DAT-201_2025-2,2025-11-03,2,Desaprobado
31324108_GEN-101_2025-2_2025-11-03,31324108_GEN-101_2025-2,2025-11-03,2,Desaprobado
33229738_DAT-201_2025-2_2025-11-03,33229738_DAT-201_2025-2,2025-11-03,6,Aprobado
44305990_IA-300_2025-2_2025-11-03,44305990_IA-300_2025-2,2025-11-03,1,Desaprobado
46410216_NEG-400_2025-2_2025-11-03,46410216_NEG-400_2025-2,2025-11-03,7,Aprobado
47207202_IA-300_2025-2_2025-11-03,47207202_IA-300_2025-2,2025-11-03,5,Aprobado
36234502_MKT-200_2025-2_2025-11-03,36234502_MKT-200_2025-2,2025-11-03,1,Desaprobado
32496231_DAT-101_2025-2_2025-11-03,32496231_DAT-101_2025-2,2025-11-03,4,Aprobado
39820530_DAT-201_2025-2_2025-11-04,39820530_DAT-201_2025-2,2025-11-04,5,Aprobado
31349203_DAT-201_2025-2_2025-11-04,31349203_DAT-201_2025-2,2025-11-04,8,Aprobado
43331228_DEV-101_2025-2_2025-11-04,43331228_DEV-101_2025-2,2025-11-04,5,Aprobado
33175574_DEV-101_2025-2_2025-11-04,33175574_DEV-101_2025-2,2025-11-04,6,Aprobado
32816822_IA-300_2025-2_2025-11-04,32816822_IA-300_2025-2,2025-11-04,5,Aprobado
45984678_NEG-400_2025-2_2025-11-04,45984678_NEG-400_2025-2,2025-11-04,2,Desaprobado
32119317_NEG-400_2025-2_2025-11-04,32119317_NEG-400_2025-2,2025-11-04,8,Aprobado
36480390_GEN-101_2025-2_2025-11-04,36480390_GEN-101_2025-2,2025-11-04,7,Aprobado
32454237_DAT-101_2025-2_2025-11-04,32454237_DAT-101_2025-2,2025-11-04,8,Aprobado
35844073_DAT-305_2025-2_2025-11-04,35844073_DAT-305_2025-2,2025-11-04,10,Aprobado
38648189_NEG-400_2025-2_2025-11-04,38648189_NEG-400_2025-2,2025-11-04,4,Aprobado
46183284_DEV-101_2025-2_2025-11-04,46183284_DEV-101_2025-2,2025-11-04,10,Aprobado
30362736_DAT-101_2025-2_2025-11-04,30362736_DAT-101_2025-2,2025-11-04,1,Desaprobado
44878225_MKT-200_2025-2_2025-11-04,44878225_MKT-200_2025-2,2025-11-04,3,Desaprobado
45865176_IA-300_2025-2_2025-11-04,45865176_IA-300_2025-2,2025-11-04,2,Desaprobado
47707678_DAT-101_2025-2_2025-11-05,47707678_DAT-101_2025-2,2025-11-05,1,Desaprobado
47186211_DEV-101_2025-2_2025-11-05,47186211_DEV-101_2025-2,2025-11-05,1,Desaprobado
35809204_GEN-101_2025-2_2025-11-05,35809204_GEN-101_2025-2,2025-11-05,4,Aprobado
44190336_DAT-201_2025-2_2025-11-05,44190336_DAT-201_2025-2,2025-11-05,3,Desaprobado
46997300_DAT-305_2025-2_2025-11-05,46997300_DAT-305_2025-2,2025-11-05,10,Aprobado
40846299_GEN-101_2025-2_2025-11-05,40846299_GEN-101_2025-2,2025-11-05,8,Aprobado
34702143_IA-300_2025-2_2025-11-05,34702143_IA-300_2025-2,2025-11-05,9,Aprobado
43276053_UX-100_2025-2_2025-11-05,43276053_UX-100_2025-2,2025-11-05,1,Desaprobado
40399678_IA-400_2025-2_2025-11-05,40399678_IA-400_2025-2,2025-11-05,8,Aprobado
31467025_DEV-101_2025-2_2025-11-05,31467025_DEV-101_2025-2,2025-11-05,1,Desaprobado
40401825_NEG-400_2025-2_2025-11-05,40401825_NEG-400_2025-2,2025-11-05,7,Aprobado
43008590_UX-100_2025-2_2025-11-05,43008590_UX-100_2025-2,2025-11-05,7,Aprobado
39475622_DAT-305_2025-2_2025-11-05,39475622_DAT-305_2025-2,2025-11-05,7,Aprobado
38559625_DEV-101_2025-2_2025-11-05,38559625_DEV-101_2025-2,2025-11-05,6,Aprobado
35218002_GEN-101_2025-2_2025-11-05,35218002_GEN-101_2025-2,2025-11-05,10,Aprobado
40846299_IA-400_2025-2_2025-11-05,40846299_IA-400_2025-2,2025-11-05,1,Desaprobado
31531992_IA-400_2025-2_2025-11-05,31531992_IA-400_2025-2,2025-11-05,7,Aprobado
34508579_DAT-101_2025-2_2025-11-06,34508579_DAT-101_2025-2,2025-11-06,7,Aprobado
37091816_IA-300_2025-2_2025-11-06,37091816_IA-300_2025-2,2025-11-06,6,Aprobado
44923903_NEG-400_2025-2_2025-11-06,44923903_NEG-400_2025-2,2025-11-06,6,Aprobado
46372785_DEV-101_2025-2_2025-11-06,46372785_DEV-101_2025-2,2025-11-06,5,Aprobado
40451762_IA-400_2025-2_2025-11-06,40451762_IA-400_2025-2,2025-11-06,1,Desaprobado
43830930_UX-100_2025-2_2025-11-06,43830930_UX-100_2025-2,2025-11-06,9,Aprobado
35033683_DAT-305_2025-2_2025-11-06,35033683_DAT-305_2025-2,2025-11-06,7,Aprobado
41314648_DEV-101_2025-2_2025-11-06,41314648_DEV-101_2025-2,2025-11-06,7,Aprobado
37280564_DAT-201_2025-2_2025-11-06,37280564_DAT-201_2025-2,2025-11-06,3,Desaprobado
34873483_DAT-101_2025-2_2025-11-06,34873483_DAT-101_2025-2,2025-11-06,4,Aprobado
44224033_DEV-101_2025-2_2025-11-06,44224033_DEV-101_2025-2,2025-11-06,2,Desaprobado
44264848_DAT-101_2025-2_2025-11-06,44264848_DAT-101_2025-2,2025-11-06,1,Desaprobado
45444903_IA-300_2025-2_2025-11-06,45444903_IA-300_2025-2,2025-11-06,8,Aprobado
43941263_DEV-101_2025-2_2025-11-06,43941263_DEV-101_2025-2,2025-11-06,8,Aprobado
36600824_DAT-305_2025-2_2025-11-06,36600824_DAT-305_2025-2,2025-11-06,9,Aprobado
33742338_DAT-201_2025-2_2025-11-06,33742338_DAT-201_2025-2,2025-11-06,7,Aprobado
33683627_DAT-101_2025-2_2025-11-06,33683627_DAT-101_2025-2,2025-11-06,1,Desaprobado
31562676_IA-300_2025-2_2025-11-06,31562676_IA-300_2025-2,2025-11-06,9,Aprobado
33846409_IA-400_2025-2_2025-11-07,33846409_IA-400_2025-2,2025-11-07,2,Desaprobado
30677244_DAT-101_2025-2_2025-11-07,30677244_DAT-101_2025-2,2025-11-07,4,Aprobado
34446896_NEG-400_2025-2_2025-11-07,34446896_NEG-400_2025-2,2025-11-07,10,Aprobado
45499218_UX-100_2025-2_2025-11-07,45499218_UX-100_2025-2,2025-11-07,5,Aprobado
31332769_IA-400_2025-2_2025-11-07,31332769_IA-400_2025-2,2025-11-07,3,Desaprobado
33127447_NEG-400_2025-2_2025-11-07,33127447_NEG-400_2025-2,2025-11-07,8,Aprobado
45838988_MKT-200_2025-2_2025-11-07,45838988_MKT-200_2025-2,2025-11-07,8,Aprobado
35629692_DEV-101_2025-2_2025-11-07,35629692_DEV-101_2025-2,2025-11-07,3,Desaprobado
36227478_GEN-101_2025-2_2025-11-07,36227478_GEN-101_2025-2,2025-11-07,4,Aprobado
35951430_DAT-305_2025-2_2025-11-07,35951430_DAT-305_2025-2,2025-11-07,3,Desaprobado
46572742_DAT-201_2025-2_2025-11-07,46572742_DAT-201_2025-2,2025-11-07,4,Aprobado
34411929_IA-300_2025-2_2025-11-07,34411929_IA-300_2025-2,2025-11-07,9,Aprobado
43191267_IA-300_2025-2_2025-11-07,43191267_IA-300_2025-2,2025-11-07,3,Desaprobado
32171052_IA-400_2025-2_2025-11-07,32171052_IA-400_2025-2,2025-11-07,5,Aprobado
46909132_DAT-201_2025-2_2025-11-07,46909132_DAT-201_2025-2,2025-11-07,10,Aprobado
39023389_IA-300_2025-2_2025-11-07,39023389_IA-300_2025-2,2025-11-07,9,Aprobado
45417606_GEN-101_2025-2_2025-11-07,45417606_GEN-101_2025-2,2025-11-07,2,Desaprobado
45007686_DAT-101_2025-2_2025-11-08,45007686_DAT-101_2025-2,2025-11-08,2,Desaprobado
32201924_MKT-200_2025-2_2025-11-08,32201924_MKT-200_2025-2,2025-11-08,1,Desaprobado
34501518_MKT-200_2025-2_2025-11-08,34501518_MKT-200_2025-2,2025-11-08,4,Aprobado
36185529_DAT-305_2025-2_2025-11-08,36185529_DAT-305_2025-2,2025-11-08,5,Aprobado
39250711_IA-300_2025-2_2025-11-08,39250711_IA-300_2025-2,2025-11-08,7,Aprobado
44376034_IA-400_2025-2_2025-11-08,44376034_IA-400_2025-2,2025-11-08,10,Aprobado
30271801_DAT-101_2025-2_2025-11-08,30271801_DAT-101_2025-2,2025-11-08,2,Desaprobado
47690351_GEN-101_2025-2_2025-11-08,47690351_GEN-101_2025-2,2025-11-08,5,Aprobado
40756585_UX-100_2025-2_2025-11-08,40756585_UX-100_2025-2,2025-11-08,7,Aprobado
39759071_UX-100_2025-2_2025-11-08,39759071_UX-100_2025-2,2025-11-08,2,Desaprobado
39412125_DAT-201_2025-2_2025-11-08,39412125_DAT-201_2025-2,2025-11-08,10,Aprobado
36617253_DAT-101_2025-2_2025-11-08,36617253_DAT-101_2025-2,2025-11-08,7,Aprobado
35608376_GEN-101_2025-2_2025-11-08,35608376_GEN-101_2025-2,2025-11-08,6,Aprobado
35077928_DEV-101_2025-2_2025-11-08,35077928_DEV-101_2025-2,2025-11-08,8,Aprobado
40719473_GEN-101_2025-2_2025-11-09,40719473_GEN-101_2025-2,2025-11-09,2,Desaprobado
31864701_GEN-101_2025-2_2025-11-09,31864701_GEN-101_2025-2,2025-11-09,8,Aprobado
30205757_NEG-400_2025-2_2025-11-09,30205757_NEG-400_2025-2,2025-11-09,3,Desaprobado
39281798_NEG-400_2025-2_2025-11-09,39281798_NEG-400_2025-2,2025-11-09,10,Aprobado
41213341_DAT-305_2025-2_2025-11-09,41213341_DAT-305_2025-2,2025-11-09,1,Desaprobado
45002798_DAT-305_2025-2_2025-11-09,45002798_DAT-305_2025-2,2025-11-09,5,Aprobado
37351522_NEG-400_2025-2_2025-11-09,37351522_NEG-400_2025-2,2025-11-09,1,Desaprobado
35407054_DAT-305_2025-2_2025-11-09,35407054_DAT-305_2025-2,2025-11-09,5,Aprobado
39126892_GEN-101_2025-2_2025-11-09,39126892_GEN-101_2025-2,2025-11-09,1,Desaprobado
43456083_DAT-101_2025-2_2025-11-09,43456083_DAT-101_2025-2,2025-11-09,2,Desaprobado
32986537_UX-100_2025-2_2025-11-09,32986537_UX-100_2025-2,2025-11-09,1,Desaprobado
41661140_IA-300_2025-2_2025-11-09,41661140_IA-300_2025-2,2025-11-09,4,Aprobado
32099939_DAT-101_2025-2_2025-11-09,32099939_DAT-101_2025-2,2025-11-09,1,Desaprobado
40980489_DEV-101_2025-2_2025-11-10,40980489_DEV-101_2025-2,2025-11-10,4,Aprobado
44340522_IA-300_2025-2_2025-11-10,44340522_IA-300_2025-2,2025-11-10,2,Desaprobado
44227115_MKT-200_2025-2_2025-11-10,44227115_MKT-200_2025-2,2025-11-10,4,Aprobado
44227115_NEG-400_2025-2_2025-11-10,44227115_NEG-400_2025-2,2025-11-10,9,Aprobado
35926356_DAT-305_2025-2_2025-11-10,35926356_DAT-305_2025-2,2025-11-10,8,Aprobado
30713710_IA-300_2025-2_2025-11-10,30713710_IA-300_2025-2,2025-11-10,1,Desaprobado
32522161_IA-400_2025-2_2025-11-10,32522161_IA-400_2025-2,2025-11-10,1,Desaprobado
31206140_DAT-201_2025-2_2025-11-10,31206140_DAT-201_2025-2,2025-11-10,7,Aprobado
46145128_DAT-305_2025-2_2025-11-10,46145128_DAT-305_2025-2,2025-11-10,8,Aprobado
41833461_GEN-101_2025-2_2025-11-10,41833461_GEN-101_2025-2,2025-11-10,10,Aprobado
35385278_DAT-201_2025-2_2025-11-10,35385278_DAT-201_2025-2,2025-11-10,9,Aprobado
32349636_DAT-101_2025-2_2025-11-11,32349636_DAT-101_2025-2,2025-11-11,1,Desaprobado
32454237_IA-300_2025-2_2025-11-11,32454237_IA-300_2025-2,2025-11-11,6,Aprobado
43286289_GEN-101_2025-2_2025-11-11,43286289_GEN-101_2025-2,2025-11-11,3,Desaprobado
47645473_MKT-200_2025-2_2025-11-11,47645473_MKT-200_2025-2,2025-11-11,7,Aprobado
45444903_IA-400_2025-2_2025-11-11,45444903_IA-400_2025-2,2025-11-11,9,Aprobado
43651947_DAT-305_2025-2_2025-11-11,43651947_DAT-305_2025-2,2025-11-11,5,Aprobado
45315237_UX-100_2025-2_2025-11-11,45315237_UX-100_2025-2,2025-11-11,4,Aprobado
32496231_DAT-305_2025-2_2025-11-11,32496231_DAT-305_2025-2,2025-11-11,5,Aprobado
41626422_GEN-101_2025-2_2025-11-11,41626422_GEN-101_2025-2,2025-11-11,8,Aprobado
38714246_DEV-101_2025-2_2025-11-11,38714246_DEV-101_2025-2,2025-11-11,9,Aprobado
39126892_DAT-305_2025-2_2025-11-11,39126892_DAT-305_2025-2,2025-11-11,8,Aprobado
32119317_DAT-305_2025-2_2025-11-11,32119317_DAT-305_2025-2,2025-11-11,7,Aprobado
40612010_IA-400_2025-2_2025-11-11,40612010_IA-400_2025-2,2025-11-11,5,Aprobado
31615043_DAT-201_2025-2_2025-11-12,31615043_DAT-201_2025-2,2025-11-12,2,Desaprobado
38002503_IA-400_2025-2_2025-11-12,38002503_IA-400_2025-2,2025-11-12,3,Desaprobado
33709759_DAT-305_2025-2_2025-11-12,33709759_DAT-305_2025-2,2025-11-12,3,Desaprobado
44827801_DAT-201_2025-2_2025-11-12,44827801_DAT-201_2025-2,2025-11-12,2,Desaprobado
38964128_MKT-200_2025-2_2025-11-12,38964128_MKT-200_2025-2,2025-11-12,3,Desaprobado
38111908_DEV-101_2025-2_2025-11-12,38111908_DEV-101_2025-2,2025-11-12,1,Desaprobado
33818954_DAT-201_2025-2_2025-11-12,33818954_DAT-201_2025-2,2025-11-12,3,Desaprobado
40451762_DEV-101_2025-2_2025-11-12,40451762_DEV-101_2025-2,2025-11-12,3,Desaprobado
44345701_DAT-101_2025-2_2025-11-12,44345701_DAT-101_2025-2,2025-11-12,2,Desaprobado
43871938_NEG-400_2025-2_2025-11-12,43871938_NEG-400_2025-2,2025-11-12,5,Aprobado
36160142_NEG-400_2025-2_2025-11-12,36160142_NEG-400_2025-2,2025-11-12,2,Desaprobado
33582066_GEN-101_2025-2_2025-11-12,33582066_GEN-101_2025-2,2025-11-12,2,Desaprobado
37763133_DAT-305_2025-2_2025-11-12,37763133_DAT-305_2025-2,2025-11-12,8,Aprobado
37017626_IA-400_2025-2_2025-11-12,37017626_IA-400_2025-2,2025-11-12,5,Aprobado
33745990_IA-400_2025-2_2025-11-12,33745990_IA-400_2025-2,2025-11-12,9,Aprobado
34341037_UX-100_2025-2_2025-11-12,34341037_UX-100_2025-2,2025-11-12,1,Desaprobado
34832335_IA-400_2025-2_2025-11-12,34832335_IA-400_2025-2,2025-11-12,1,Desaprobado
43711417_IA-300_2025-2_2025-11-12,43711417_IA-300_2025-2,2025-11-12,3,Desaprobado
37515292_MKT-200_2025-2_2025-11-12,37515292_MKT-200_2025-2,2025-11-12,8,Aprobado
35926356_DEV-101_2025-2_2025-11-12,35926356_DEV-101_2025-2,2025-11-12,10,Aprobado
46281181_MKT-200_2025-2_2025-11-12,46281181_MKT-200_2025-2,2025-11-12,6,Aprobado
36907961_DAT-101_2025-2_2025-11-12,36907961_DAT-101_2025-2,2025-11-12,7,Aprobado
44221505_NEG-400_2025-2_2025-11-13,44221505_NEG-400_2025-2,2025-11-13,8,Aprobado
44398280_DAT-101_2025-2_2025-11-13,44398280_DAT-101_2025-2,2025-11-13,6,Aprobado
43895529_DAT-305_2025-2_2025-11-13,43895529_DAT-305_2025-2,2025-11-13,1,Desaprobado
38263069_MKT-200_2025-2_2025-11-13,38263069_MKT-200_2025-2,2025-11-13,8,Aprobado
34148661_IA-300_2025-2_2025-11-13,34148661_IA-300_2025-2,2025-11-13,1,Desaprobado
47483336_DAT-101_2025-2_2025-11-13,47483336_DAT-101_2025-2,2025-11-13,3,Desaprobado
34647475_MKT-200_2025-2_2025-11-13,34647475_MKT-200_2025-2,2025-11-13,6,Aprobado
41079498_DAT-305_2025-2_2025-11-13,41079498_DAT-305_2025-2,2025-11-13,6,Aprobado
40039504_UX-100_2025-2_2025-11-13,40039504_UX-100_2025-2,2025-11-13,5,Aprobado
36234502_NEG-400_2025-2_2025-11-13,36234502_NEG-400_2025-2,2025-11-13,1,Desaprobado
46382860_DAT-101_2025-2_2025-11-13,46382860_DAT-101_2025-2,2025-11-13,10,Aprobado
39297755_GEN-101_2025-2_2025-11-13,39297755_GEN-101_2025-2,2025-11-13,2,Desaprobado
36907961_DAT-101_2025-2_2025-11-13,36907961_DAT-101_2025-2,2025-11-13,2,Desaprobado
36727561_MKT-200_2025-2_2025-11-13,36727561_MKT-200_2025-2,2025-11-13,9,Aprobado
39996815_IA-400_2025-2_2025-11-14,39996815_IA-400_2025-2,2025-11-14,1,Desaprobado
39449899_DAT-305_2025-2_2025-11-14,39449899_DAT-305_2025-2,2025-11-14,9,Aprobado
43008590_NEG-400_2025-2_2025-11-14,43008590_NEG-400_2025-2,2025-11-14,9,Aprobado
30958838_IA-300_2025-2_2025-11-14,30958838_IA-300_2025-2,2025-11-14,3,Desaprobado
46538783_DAT-201_2025-2_2025-11-14,46538783_DAT-201_2025-2,2025-11-14,6,Aprobado
31365812_DAT-101_2025-2_2025-11-14,31365812_DAT-101_2025-2,2025-11-14,9,Aprobado
46314784_IA-400_2025-2_2025-11-14,46314784_IA-400_2025-2,2025-11-14,3,Desaprobado
44473224_MKT-200_2025-2_2025-11-14,44473224_MKT-200_2025-2,2025-11-14,1,Desaprobado
43528816_UX-100_2025-2_2025-11-14,43528816_UX-100_2025-2,2025-11-14,6,Aprobado
32966903_MKT-200_2025-2_2025-11-14,32966903_MKT-200_2025-2,2025-11-14,2,Desaprobado
37286941_DAT-101_2025-2_2025-11-14,37286941_DAT-101_2025-2,2025-11-14,7,Aprobado
46281181_DAT-305_2025-2_2025-11-14,46281181_DAT-305_2025-2,2025-11-14,6,Aprobado
35821025_DEV-101_2025-2_2025-11-14,35821025_DEV-101_2025-2,2025-11-14,10,Aprobado
46321118_IA-400_2025-2_2025-11-14,46321118_IA-400_2025-2,2025-11-14,7,Aprobado
41994956_IA-400_2025-2_2025-11-14,41994956_IA-400_2025-2,2025-11-14,6,Aprobado
34343190_DEV-101_2025-2_2025-11-15,34343190_DEV-101_2025-2,2025-11-15,4,Aprobado
39820530_DAT-101_2025-2_2025-11-15,39820530_DAT-101_2025-2,2025-11-15,1,Desaprobado
39311402_DAT-201_2025-2_2025-11-15,39311402_DAT-201_2025-2,2025-11-15,9,Aprobado
37918142_DAT-101_2025-2_2025-11-15,37918142_DAT-101_2025-2,2025-11-15,9,Aprobado
46155741_DAT-101_2025-2_2025-11-15,46155741_DAT-101_2025-2,2025-11-15,9,Aprobado
40612010_NEG-400_2025-2_2025-11-15,40612010_NEG-400_2025-2,2025-11-15,9,Aprobado
31528064_IA-400_2025-2_2025-11-15,31528064_IA-400_2025-2,2025-11-15,10,Aprobado
30342609_UX-100_2025-2_2025-11-15,30342609_UX-100_2025-2,2025-11-15,1,Desaprobado
37947511_MKT-200_2025-2_2025-11-15,37947511_MKT-200_2025-2,2025-11-15,8,Aprobado
47430513_DAT-305_2025-2_2025-11-15,47430513_DAT-305_2025-2,2025-11-15,7,Aprobado
37907386_DAT-201_2025-2_2025-11-15,37907386_DAT-201_2025-2,2025-11-15,7,Aprobado
44726166_UX-100_2025-2_2025-11-15,44726166_UX-100_2025-2,2025-11-15,3,Desaprobado
47556368_MKT-200_2025-2_2025-11-15,47556368_MKT-200_2025-2,2025-11-15,5,Aprobado
32339744_IA-400_2025-2_2025-11-16,32339744_IA-400_2025-2,2025-11-16,2,Desaprobado
30713710_IA-300_2025-2_2025-11-16,30713710_IA-300_2025-2,2025-11-16,10,Aprobado
43711417_DAT-101_2025-2_2025-11-16,43711417_DAT-101_2025-2,2025-11-16,2,Desaprobado
37918142_IA-400_2025-2_2025-11-16,37918142_IA-400_2025-2,2025-11-16,7,Aprobado
31846283_IA-300_2025-2_2025-11-16,31846283_IA-300_2025-2,2025-11-16,6,Aprobado
45315237_DEV-101_2025-2_2025-11-16,45315237_DEV-101_2025-2,2025-11-16,4,Aprobado
40531804_NEG-400_2025-2_2025-11-16,40531804_NEG-400_2025-2,2025-11-16,8,Aprobado
30060967_DEV-101_2025-2_2025-11-16,30060967_DEV-101_2025-2,2025-11-16,5,Aprobado
45865176_UX-100_2025-2_2025-11-16,45865176_UX-100_2025-2,2025-11-16,10,Aprobado
39107282_IA-400_2025-2_2025-11-16,39107282_IA-400_2025-2,2025-11-16,4,Aprobado
37606348_DAT-201_2025-2_2025-11-16,37606348_DAT-201_2025-2,2025-11-16,6,Aprobado
39919057_MKT-200_2025-2_2025-11-16,39919057_MKT-200_2025-2,2025-11-16,9,Aprobado
36534604_IA-400_2025-2_2025-11-16,36534604_IA-400_2025-2,2025-11-16,3,Desaprobado
38559625_GEN-101_2025-2_2025-11-17,38559625_GEN-101_2025-2,2025-11-17,1,Desaprobado
36040952_MKT-200_2025-2_2025-11-17,36040952_MKT-200_2025-2,2025-11-17,9,Aprobado
33229738_UX-100_2025-2_2025-11-17,33229738_UX-100_2025-2,2025-11-17,5,Aprobado
45539704_IA-400_2025-2_2025-11-17,45539704_IA-400_2025-2,2025-11-17,2,Desaprobado
30060967_IA-400_2025-2_2025-11-17,30060967_IA-400_2025-2,2025-11-17,2,Desaprobado
37606348_IA-400_2025-2_2025-11-17,37606348_IA-400_2025-2,2025-11-17,9,Aprobado
43624806_DAT-101_2025-2_2025-11-17,43624806_DAT-101_2025-2,2025-11-17,5,Aprobado
39068971_IA-400_2025-2_2025-11-17,39068971_IA-400_2025-2,2025-11-17,6,Aprobado
40745106_NEG-400_2025-2_2025-11-17,40745106_NEG-400_2025-2,2025-11-17,1,Desaprobado
38936509_DAT-101_2025-2_2025-11-17,38936509_DAT-101_2025-2,2025-11-17,8,Aprobado
46890428_GEN-101_2025-2_2025-11-17,46890428_GEN-101_2025-2,2025-11-17,3,Desaprobado
40733106_DAT-101_2025-2_2025-11-17,40733106_DAT-101_2025-2,2025-11-17,6,Aprobado
44118742_DAT-101_2025-2_2025-11-17,44118742_DAT-101_2025-2,2025-11-17,10,Aprobado
35837738_DAT-201_2025-2_2025-11-17,35837738_DAT-201_2025-2,2025-11-17,1,Desaprobado
43871165_MKT-200_2025-2_2025-11-18,43871165_MKT-200_2025-2,2025-11-18,4,Aprobado
45709038_DAT-305_2025-2_2025-11-18,45709038_DAT-305_2025-2,2025-11-18,3,Desaprobado
40253163_GEN-101_2025-2_2025-11-18,40253163_GEN-101_2025-2,2025-11-18,1,Desaprobado
43558573_GEN-101_2025-2_2025-11-18,43558573_GEN-101_2025-2,2025-11-18,10,Aprobado
45417367_IA-400_2025-2_2025-11-18,45417367_IA-400_2025-2,2025-11-18,3,Desaprobado
35476879_DAT-201_2025-2_2025-11-18,35476879_DAT-201_2025-2,2025-11-18,2,Desaprobado
44286872_NEG-400_2025-2_2025-11-18,44286872_NEG-400_2025-2,2025-11-18,4,Aprobado
41016204_DAT-305_2025-2_2025-11-18,41016204_DAT-305_2025-2,2025-11-18,3,Desaprobado
32935035_NEG-400_2025-2_2025-11-18,32935035_NEG-400_2025-2,2025-11-18,4,Aprobado
46377357_MKT-200_2025-2_2025-11-18,46377357_MKT-200_2025-2,2025-11-18,6,Aprobado
37679372_UX-100_2025-2_2025-11-18,37679372_UX-100_2025-2,2025-11-18,8,Aprobado
36331097_UX-100_2025-2_2025-11-18,36331097_UX-100_2025-2,2025-11-18,3,Desaprobado
46026190_DAT-305_2025-2_2025-11-18,46026190_DAT-305_2025-2,2025-11-18,5,Aprobado
30283834_DAT-201_2025-2_2025-11-18,30283834_DAT-201_2025-2,2025-11-18,1,Desaprobado
40228309_IA-400_2025-2_2025-11-18,40228309_IA-400_2025-2,2025-11-18,4,Aprobado
36349336_IA-300_2025-2_2025-11-18,36349336_IA-300_2025-2,2025-11-18,3,Desaprobado
40606935_DAT-305_2025-2_2025-11-18,40606935_DAT-305_2025-2,2025-11-18,7,Aprobado
46649401_IA-400_2025-2_2025-11-18,46649401_IA-400_2025-2,2025-11-18,4,Aprobado
36745278_DAT-101_2025-2_2025-11-18,36745278_DAT-101_2025-2,2025-11-18,6,Aprobado
35720054_DEV-101_2025-2_2025-11-18,35720054_DEV-101_2025-2,2025-11-18,7,Aprobado
47826221_DAT-201_2025-2_2025-11-18,47826221_DAT-201_2025-2,2025-11-18,10,Aprobado
38030283_DEV-101_2025-2_2025-11-18,38030283_DEV-101_2025-2,2025-11-18,2,Desaprobado
46398361_NEG-400_2025-2_2025-11-18,46398361_NEG-400_2025-2,2025-11-18,6,Aprobado
34577564_NEG-400_2025-2_2025-11-18,34577564_NEG-400_2025-2,2025-11-18,1,Desaprobado
47186211_GEN-101_2025-2_2025-11-19,47186211_GEN-101_2025-2,2025-11-19,7,Aprobado
45076705_DAT-201_2025-2_2025-11-19,45076705_DAT-201_2025-2,2025-11-19,9,Aprobado
37567816_DAT-101_2025-2_2025-11-19,37567816_DAT-101_2025-2,2025-11-19,10,Aprobado
37219780_UX-100_2025-2_2025-11-19,37219780_UX-100_2025-2,2025-11-19,1,Desaprobado
46669980_DAT-201_2025-2_2025-11-19,46669980_DAT-201_2025-2,2025-11-19,3,Desaprobado
31067946_MKT-200_2025-2_2025-11-19,31067946_MKT-200_2025-2,2025-11-19,5,Aprobado
38275238_DAT-305_2025-2_2025-11-19,38275238_DAT-305_2025-2,2025-11-19,2,Desaprobado
43847977_DEV-101_2025-2_2025-11-19,43847977_DEV-101_2025-2,2025-11-19,3,Desaprobado
46281181_IA-400_2025-2_2025-11-19,46281181_IA-400_2025-2,2025-11-19,6,Aprobado
44726166_IA-400_2025-2_2025-11-19,44726166_IA-400_2025-2,2025-11-19,6,Aprobado
39765048_IA-300_2025-2_2025-11-19,39765048_IA-300_2025-2,2025-11-19,10,Aprobado
45474619_DAT-101_2025-2_2025-11-20,45474619_DAT-101_2025-2,2025-11-20,10,Aprobado
33247551_DAT-101_2025-2_2025-11-20,33247551_DAT-101_2025-2,2025-11-20,7,Aprobado
46372785_DEV-101_2025-2_2025-11-20,46372785_DEV-101_2025-2,2025-11-20,10,Aprobado
43331228_IA-300_2025-2_2025-11-20,43331228_IA-300_2025-2,2025-11-20,6,Aprobado
35643961_DAT-201_2025-2_2025-11-20,35643961_DAT-201_2025-2,2025-11-20,5,Aprobado
47775711_IA-300_2025-2_2025-11-20,47775711_IA-300_2025-2,2025-11-20,9,Aprobado
31467025_NEG-400_2025-2_2025-11-20,31467025_NEG-400_2025-2,2025-11-20,4,Aprobado
40833222_IA-300_2025-2_2025-11-20,40833222_IA-300_2025-2,2025-11-20,5,Aprobado
40437078_MKT-200_2025-2_2025-11-20,40437078_MKT-200_2025-2,2025-11-20,2,Desaprobado
38531146_DEV-101_2025-2_2025-11-20,38531146_DEV-101_2025-2,2025-11-20,7,Aprobado
31742344_DEV-101_2025-2_2025-11-20,31742344_DEV-101_2025-2,2025-11-20,1,Desaprobado
41912939_MKT-200_2025-2_2025-11-20,41912939_MKT-200_2025-2,2025-11-20,1,Desaprobado
33641153_DEV-101_2025-2_2025-11-20,33641153_DEV-101_2025-2,2025-11-20,3,Desaprobado
44730308_DAT-201_2025-2_2025-11-20,44730308_DAT-201_2025-2,2025-11-20,7,Aprobado
47044309_MKT-200_2025-2_2025-11-20,47044309_MKT-200_2025-2,2025-11-20,4,Aprobado
44786123_DAT-305_2025-2_2025-11-21,44786123_DAT-305_2025-2,2025-11-21,5,Aprobado
35069582_DEV-101_2025-2_2025-11-21,35069582_DEV-101_2025-2,2025-11-21,9,Aprobado
47983495_IA-300_2025-2_2025-11-21,47983495_IA-300_2025-2,2025-11-21,3,Desaprobado
32860968_MKT-200_2025-2_2025-11-21,32860968_MKT-200_2025-2,2025-11-21,7,Aprobado
38964128_DAT-305_2025-2_2025-11-21,38964128_DAT-305_2025-2,2025-11-21,5,Aprobado
34223113_GEN-101_2025-2_2025-11-21,34223113_GEN-101_2025-2,2025-11-21,3,Desaprobado
47707678_UX-100_2025-2_2025-11-21,47707678_UX-100_2025-2,2025-11-21,8,Aprobado
31547849_IA-400_2025-2_2025-11-21,31547849_IA-400_2025-2,2025-11-21,4,Aprobado
33818954_NEG-400_2025-2_2025-11-21,33818954_NEG-400_2025-2,2025-11-21,2,Desaprobado
41833461_UX-100_2025-2_2025-11-21,41833461_UX-100_2025-2,2025-11-21,10,Aprobado
36028849_NEG-400_2025-2_2025-11-21,36028849_NEG-400_2025-2,2025-11-21,9,Aprobado
38500035_DAT-305_2025-2_2025-11-21,38500035_DAT-305_2025-2,2025-11-21,1,Desaprobado
44291013_IA-300_2025-2_2025-11-21,44291013_IA-300_2025-2,2025-11-21,3,Desaprobado
41661140_GEN-101_2025-2_2025-11-21,41661140_GEN-101_2025-2,2025-11-21,4,Aprobado
46314784_DAT-101_2025-2_2025-11-22,46314784_DAT-101_2025-2,2025-11-22,8,Aprobado
40045468_UX-100_2025-2_2025-11-22,40045468_UX-100_2025-2,2025-11-22,9,Aprobado
33247551_DAT-305_2025-2_2025-11-22,33247551_DAT-305_2025-2,2025-11-22,2,Desaprobado
43342517_GEN-101_2025-2_2025-11-22,43342517_GEN-101_2025-2,2025-11-22,10,Aprobado
41051648_DAT-305_2025-2_2025-11-22,41051648_DAT-305_2025-2,2025-11-22,6,Aprobado
34531843_NEG-400_2025-2_2025-11-22,34531843_NEG-400_2025-2,2025-11-22,4,Aprobado
30483176_DAT-305_2025-2_2025-11-22,30483176_DAT-305_2025-2,2025-11-22,1,Desaprobado
37766757_IA-300_2025-2_2025-11-22,37766757_IA-300_2025-2,2025-11-22,4,Aprobado
34923335_UX-100_2025-2_2025-11-22,34923335_UX-100_2025-2,2025-11-22,10,Aprobado
40451762_GEN-101_2025-2_2025-11-22,40451762_GEN-101_2025-2,2025-11-22,6,Aprobado
45694620_UX-100_2025-2_2025-11-23,45694620_UX-100_2025-2,2025-11-23,5,Aprobado
45007686_GEN-101_2025-2_2025-11-23,45007686_GEN-101_2025-2,2025-11-23,6,Aprobado
44827801_DAT-201_2025-2_2025-11-23,44827801_DAT-201_2025-2,2025-11-23,6,Aprobado
45007686_IA-400_2025-2_2025-11-23,45007686_IA-400_2025-2,2025-11-23,8,Aprobado
40230385_DAT-101_2025-2_2025-11-23,40230385_DAT-101_2025-2,2025-11-23,8,Aprobado
45838988_UX-100_2025-2_2025-11-23,45838988_UX-100_2025-2,2025-11-23,4,Aprobado
45066282_IA-400_2025-2_2025-11-23,45066282_IA-400_2025-2,2025-11-23,3,Desaprobado
31360651_IA-400_2025-2_2025-11-23,31360651_IA-400_2025-2,2025-11-23,10,Aprobado
45007686_DEV-101_2025-2_2025-11-23,45007686_DEV-101_2025-2,2025-11-23,4,Aprobado
37572605_NEG-400_2025-2_2025-11-23,37572605_NEG-400_2025-2,2025-11-23,4,Aprobado
47649810_IA-400_2025-2_2025-11-23,47649810_IA-400_2025-2,2025-11-23,10,Aprobado
46828583_DEV-101_2025-2_2025-11-23,46828583_DEV-101_2025-2,2025-11-23,1,Desaprobado
45291864_DAT-201_2025-2_2025-11-23,45291864_DAT-201_2025-2,2025-11-23,3,Desaprobado
36971688_UX-100_2025-2_2025-11-23,36971688_UX-100_2025-2,2025-11-23,8,Aprobado
31081090_NEG-400_2025-2_2025-11-23,31081090_NEG-400_2025-2,2025-11-23,6,Aprobado
43162851_IA-400_2025-2_2025-11-23,43162851_IA-400_2025-2,2025-11-23,9,Aprobado
43174343_UX-100_2025-2_2025-11-23,43174343_UX-100_2025-2,2025-11-23,8,Aprobado
30382587_DAT-101_2025-2_2025-11-24,30382587_DAT-101_2025-2,2025-11-24,7,Aprobado
35667236_MKT-200_2025-2_2025-11-24,35667236_MKT-200_2025-2,2025-11-24,5,Aprobado
44998271_DAT-101_2025-2_2025-11-24,44998271_DAT-101_2025-2,2025-11-24,10,Aprobado
35410565_UX-100_2025-2_2025-11-24,35410565_UX-100_2025-2,2025-11-24,9,Aprobado
37017626_NEG-400_2025-2_2025-11-24,37017626_NEG-400_2025-2,2025-11-24,4,Aprobado
47206312_GEN-101_2025-2_2025-11-24,47206312_GEN-101_2025-2,2025-11-24,7,Aprobado
41398180_DAT-305_2025-2_2025-11-24,41398180_DAT-305_2025-2,2025-11-24,8,Aprobado
34318077_IA-400_2025-2_2025-11-24,34318077_IA-400_2025-2,2025-11-24,4,Aprobado
35284612_UX-100_2025-2_2025-11-24,35284612_UX-100_2025-2,2025-11-24,2,Desaprobado
31445923_IA-400_2025-2_2025-11-24,31445923_IA-400_2025-2,2025-11-24,10,Aprobado
39442545_IA-400_2025-2_2025-11-24,39442545_IA-400_2025-2,2025-11-24,7,Aprobado
47817560_IA-400_2025-2_2025-11-24,47817560_IA-400_2025-2,2025-11-24,5,Aprobado
30163309_DEV-101_2025-2_2025-11-24,30163309_DEV-101_2025-2,2025-11-24,3,Desaprobado
36600824_DAT-305_2025-2_2025-11-24,36600824_DAT-305_2025-2,2025-11-24,1,Desaprobado
43059176_NEG-400_2025-2_2025-11-24,43059176_NEG-400_2025-2,2025-11-24,5,Aprobado
43597806_GEN-101_2025-2_2025-11-24,43597806_GEN-101_2025-2,2025-11-24,2,Desaprobado
31662806_DEV-101_2025-2_2025-11-24,31662806_DEV-101_2025-2,2025-11-24,3,Desaprobado
46892690_MKT-200_2025-2_2025-11-24,46892690_MKT-200_2025-2,2025-11-24,10,Aprobado
46708439_IA-300_2025-2_2025-11-24,46708439_IA-300_2025-2,2025-11-24,3,Desaprobado
33582066_MKT-200_2025-2_2025-11-24,33582066_MKT-200_2025-2,2025-11-24,4,Aprobado
38531146_NEG-400_2025-2_2025-11-24,38531146_NEG-400_2025-2,2025-11-24,4,Aprobado
41213341_IA-400_2025-2_2025-11-24,41213341_IA-400_2025-2,2025-11-24,4,Aprobado
46024126_MKT-200_2025-2_2025-11-25,46024126_MKT-200_2025-2,2025-11-25,7,Aprobado
38967997_NEG-400_2025-2_2025-11-25,38967997_NEG-400_2025-2,2025-11-25,9,Aprobado
32705831_GEN-101_2025-2_2025-11-25,32705831_GEN-101_2025-2,2025-11-25,6,Aprobado
30283834_IA-400_2025-2_2025-11-25,30283834_IA-400_2025-2,2025-11-25,6,Aprobado
46860457_DAT-201_2025-2_2025-11-25,46860457_DAT-201_2025-2,2025-11-25,9,Aprobado
40253163_DEV-101_2025-2_2025-11-25,40253163_DEV-101_2025-2,2025-11-25,6,Aprobado
36257669_DAT-305_2025-2_2025-11-25,36257669_DAT-305_2025-2,2025-11-25,10,Aprobado
45090752_DAT-305_2025-2_2025-11-25,45090752_DAT-305_2025-2,2025-11-25,10,Aprobado
32911130_DEV-101_2025-2_2025-11-25,32911130_DEV-101_2025-2,2025-11-25,10,Aprobado
30187041_NEG-400_2025-2_2025-11-25,30187041_NEG-400_2025-2,2025-11-25,9,Aprobado
45459710_MKT-200_2025-2_2025-11-25,45459710_MKT-200_2025-2,2025-11-25,10,Aprobado
45838988_MKT-200_2025-2_2025-11-25,45838988_MKT-200_2025-2,2025-11-25,3,Desaprobado
41785959_DAT-101_2025-2_2025-11-25,41785959_DAT-101_2025-2,2025-11-25,6,Aprobado
37458197_NEG-400_2025-2_2025-11-25,37458197_NEG-400_2025-2,2025-11-25,4,Aprobado
38531146_DAT-305_2025-2_2025-11-25,38531146_DAT-305_2025-2,2025-11-25,10,Aprobado
36028849_DAT-101_2025-2_2025-11-25,36028849_DAT-101_2025-2,2025-11-25,5,Aprobado
44284431_DEV-101_2025-2_2025-11-25,44284431_DEV-101_2025-2,2025-11-25,1,Desaprobado
35450908_DAT-101_2025-2_2025-11-26,35450908_DAT-101_2025-2,2025-11-26,8,Aprobado
40762250_DAT-305_2025-2_2025-11-26,40762250_DAT-305_2025-2,2025-11-26,2,Desaprobado
44998271_IA-400_2025-2_2025-11-26,44998271_IA-400_2025-2,2025-11-26,4,Aprobado
41870584_IA-400_2025-2_2025-11-26,41870584_IA-400_2025-2,2025-11-26,4,Aprobado
31864701_MKT-200_2025-2_2025-11-26,31864701_MKT-200_2025-2,2025-11-26,4,Aprobado
38393487_UX-100_2025-2_2025-11-26,38393487_UX-100_2025-2,2025-11-26,3,Desaprobado
44651662_MKT-200_2025-2_2025-11-26,44651662_MKT-200_2025-2,2025-11-26,6,Aprobado
40333573_DAT-101_2025-2_2025-11-26,40333573_DAT-101_2025-2,2025-11-26,6,Aprobado
39796864_DAT-101_2025-2_2025-11-26,39796864_DAT-101_2025-2,2025-11-26,9,Aprobado
43679905_MKT-200_2025-2_2025-11-26,43679905_MKT-200_2025-2,2025-11-26,4,Aprobado
37280564_UX-100_2025-2_2025-11-26,37280564_UX-100_2025-2,2025-11-26,6,Aprobado
40437078_NEG-400_2025-2_2025-11-26,40437078_NEG-400_2025-2,2025-11-26,10,Aprobado
44998271_DEV-101_2025-2_2025-11-26,44998271_DEV-101_2025-2,2025-11-26,6,Aprobado
43537356_IA-400_2025-2_2025-11-26,43537356_IA-400_2025-2,2025-11-26,3,Desaprobado
38040781_NEG-400_2025-2_2025-11-26,38040781_NEG-400_2025-2,2025-11-26,9,Aprobado
46585675_DAT-101_2025-2_2025-11-26,46585675_DAT-101_2025-2,2025-11-26,7,Aprobado
35407054_IA-300_2025-2_2025-11-26,35407054_IA-300_2025-2,2025-11-26,5,Aprobado
36331097_GEN-101_2025-2_2025-11-27,36331097_GEN-101_2025-2,2025-11-27,7,Aprobado
36594251_DAT-201_2025-2_2025-11-27,36594251_DAT-201_2025-2,2025-11-27,5,Aprobado
30820105_DAT-201_2025-2_2025-11-27,30820105_DAT-201_2025-2,2025-11-27,5,Aprobado
44986230_IA-400_2025-2_2025-11-27,44986230_IA-400_2025-2,2025-11-27,2,Desaprobado
32170253_IA-400_2025-2_2025-11-27,32170253_IA-400_2025-2,2025-11-27,5,Aprobado
37098062_NEG-400_2025-2_2025-11-27,37098062_NEG-400_2025-2,2025-11-27,2,Desaprobado
38313159_MKT-200_2025-2_2025-11-27,38313159_MKT-200_2025-2,2025-11-27,8,Aprobado
31278420_GEN-101_2025-2_2025-11-27,31278420_GEN-101_2025-2,2025-11-27,5,Aprobado
35410565_IA-400_2025-2_2025-11-27,35410565_IA-400_2025-2,2025-11-27,8,Aprobado
46040721_DAT-101_2025-2_2025-11-27,46040721_DAT-101_2025-2,2025-11-27,3,Desaprobado
45746833_DAT-201_2025-2_2025-11-27,45746833_DAT-201_2025-2,2025-11-27,8,Aprobado
31221480_IA-400_2025-2_2025-11-27,31221480_IA-400_2025-2,2025-11-27,5,Aprobado
33984071_DAT-305_2025-2_2025-11-27,33984071_DAT-305_2025-2,2025-11-27,7,Aprobado
40400092_DAT-305_2025-2_2025-11-27,40400092_DAT-305_2025-2,2025-11-27,6,Aprobado
43597806_DEV-101_2025-2_2025-11-27,43597806_DEV-101_2025-2,2025-11-27,6,Aprobado
45704555_MKT-200_2025-2_2025-11-27,45704555_MKT-200_2025-2,2025-11-27,8,Aprobado
46271176_MKT-200_2025-2_2025-11-27,46271176_MKT-200_2025-2,2025-11-27,6,Aprobado
31528900_GEN-101_2025-2_2025-11-27,31528900_GEN-101_2025-2,2025-11-27,6,Aprobado
36992557_GEN-101_2025-2_2025-11-27,36992557_GEN-101_2025-2,2025-11-27,4,Aprobado
44923903_NEG-400_2025-2_2025-11-27,44923903_NEG-400_2025-2,2025-11-27,8,Aprobado
41016204_MKT-200_2025-2_2025-11-28,41016204_MKT-200_2025-2,2025-11-28,9,Aprobado
30858543_GEN-101_2025-2_2025-11-28,30858543_GEN-101_2025-2,2025-11-28,1,Desaprobado
31020972_NEG-400_2025-2_2025-11-28,31020972_NEG-400_2025-2,2025-11-28,4,Aprobado
33962182_GEN-101_2025-2_2025-11-28,33962182_GEN-101_2025-2,2025-11-28,10,Aprobado
33333250_IA-400_2025-2_2025-11-28,33333250_IA-400_2025-2,2025-11-28,3,Desaprobado
45474619_DAT-201_2025-2_2025-11-28,45474619_DAT-201_2025-2,2025-11-28,6,Aprobado
30125745_UX-100_2025-2_2025-11-28,30125745_UX-100_2025-2,2025-11-28,6,Aprobado
44811354_MKT-200_2025-2_2025-11-28,44811354_MKT-200_2025-2,2025-11-28,4,Aprobado
43871165_DAT-101_2025-2_2025-11-28,43871165_DAT-101_2025-2,2025-11-28,7,Aprobado
33984071_UX-100_2025-2_2025-11-28,33984071_UX-100_2025-2,2025-11-28,2,Desaprobado
32451951_NEG-400_2025-2_2025-11-28,32451951_NEG-400_2025-2,2025-11-28,5,Aprobado
47678899_GEN-101_2025-2_2025-11-28,47678899_GEN-101_2025-2,2025-11-28,3,Desaprobado
44216431_GEN-101_2025-2_2025-11-28,44216431_GEN-101_2025-2,2025-11-28,7,Aprobado
38794221_DAT-305_2025-2_2025-11-28,38794221_DAT-305_2025-2,2025-11-28,7,Aprobado
47762723_MKT-200_2025-2_2025-11-28,47762723_MKT-200_2025-2,2025-11-28,10,Aprobado
36701529_UX-100_2025-2_2025-11-28,36701529_UX-100_2025-2,2025-11-28,4,Aprobado
43671566_DAT-305_2025-2_2025-11-28,43671566_DAT-305_2025-2,2025-11-28,8,Aprobado
41234886_MKT-200_2025-2_2025-11-28,41234886_MKT-200_2025-2,2025-11-28,10,Aprobado
46170762_MKT-200_2025-2_2025-11-28,46170762_MKT-200_2025-2,2025-11-28,10,Aprobado
31492591_DAT-101_2025-2_2025-11-28,31492591_DAT-101_2025-2,2025-11-28,4,Aprobado
43889224_DAT-305_2025-2_2025-11-28,43889224_DAT-305_2025-2,2025-11-28,1,Desaprobado
31961540_IA-400_2025-2_2025-11-28,31961540_IA-400_2025-2,2025-11-28,3,Desaprobado
41671067_DAT-201_2025-2_2025-11-28,41671067_DAT-201_2025-2,2025-11-28,9,Aprobado
32839194_IA-400_2025-2_2025-11-28,32839194_IA-400_2025-2,2025-11-28,9,Aprobado
30766010_IA-400_2025-2_2025-11-28,30766010_IA-400_2025-2,2025-11-28,3,Desaprobado
47162613_DAT-201_2025-2_2025-11-29,47162613_DAT-201_2025-2,2025-11-29,4,Aprobado
39996815_IA-400_2025-2_2025-11-29,39996815_IA-400_2025-2,2025-11-29,5,Aprobado
34316765_GEN-101_2025-2_2025-11-29,34316765_GEN-101_2025-2,2025-11-29,6,Aprobado
39195104_GEN-101_2025-2_2025-11-29,39195104_GEN-101_2025-2,2025-11-29,10,Aprobado
39160706_MKT-200_2025-2_2025-11-29,39160706_MKT-200_2025-2,2025-11-29,5,Aprobado
46858102_DAT-101_2025-2_2025-11-29,46858102_DAT-101_2025-2,2025-11-29,10,Aprobado
33247551_IA-300_2025-2_2025-11-29,33247551_IA-300_2025-2,2025-11-29,6,Aprobado
41289442_IA-400_2025-2_2025-11-29,41289442_IA-400_2025-2,2025-11-29,10,Aprobado
37981847_UX-100_2025-2_2025-11-29,37981847_UX-100_2025-2,2025-11-29,8,Aprobado
37596799_DAT-101_2025-2_2025-11-29,37596799_DAT-101_2025-2,2025-11-29,3,Desaprobado
44343339_MKT-200_2025-2_2025-11-29,44343339_MKT-200_2025-2,2025-11-29,4,Aprobado
37131375_MKT-200_2025-2_2025-11-30,37131375_MKT-200_2025-2,2025-11-30,9,Aprobado
32997790_DAT-201_2025-2_2025-11-30,32997790_DAT-201_2025-2,2025-11-30,7,Aprobado
30958838_DEV-101_2025-2_2025-11-30,30958838_DEV-101_2025-2,2025-11-30,7,Aprobado
44343339_IA-400_2025-2_2025-11-30,44343339_IA-400_2025-2,2025-11-30,1,Desaprobado
43744263_DAT-305_2025-2_2025-11-30,43744263_DAT-305_2025-2,2025-11-30,5,Aprobado
33594873_DAT-305_2025-2_2025-11-30,33594873_DAT-305_2025-2,2025-11-30,8,Aprobado
34057124_IA-400_2025-2_2025-11-30,34057124_IA-400_2025-2,2025-11-30,7,Aprobado
38040781_DAT-305_2025-2_2025-11-30,38040781_DAT-305_2025-2,2025-11-30,10,Aprobado
38310176_MKT-200_2025-2_2025-11-30,38310176_MKT-200_2025-2,2025-11-30,1,Desaprobado
37351522_GEN-101_2025-2_2025-11-30,37351522_GEN-101_2025-2,2025-11-30,2,Desaprobado
34341037_MKT-200_2025-2_2025-11-30,34341037_MKT-200_2025-2,2025-11-30,8,Aprobado
35147199_NEG-400_2025-2_2025-11-30,35147199_NEG-400_2025-2,2025-11-30,6,Aprobado
47186211_GEN-101_2025-2_2025-11-30,47186211_GEN-101_2025-2,2025-11-30,4,Aprobado
44343339_DAT-101_2025-2_2025-11-30,44343339_DAT-101_2025-2,2025-11-30,7,Aprobado
46860457_NEG-400_2025-2_2025-11-30,46860457_NEG-400_2025-2,2025-11-30,1,Desaprobado
33397920_DAT-101_2025-2_2025-11-30,33397920_DAT-101_2025-2,2025-11-30,4,Aprobado
32130223_IA-300_2025-2_2025-11-30,32130223_IA-300_2025-2,2025-11-30,3,Desaprobado
44064200_DAT-305_2025-2_2025-11-30,44064200_DAT-305_2025-2,2025-11-30,6,Aprobado
37725025_IA-300_2025-2_2025-11-30,37725025_IA-300_2025-2,2025-11-30,2,Desaprobado
41626422_GEN-101_2025-2_2025-11-30,41626422_GEN-101_2025-2,2025-11-30,2,Desaprobado
34873483_GEN-101_2025-2_2025-11-30,34873483_GEN-101_2025-2,2025-11-30,3,Desaprobado
36583358_GEN-101_2025-2_2025-11-30,36583358_GEN-101_2025-2,2025-11-30,3,Desaprobado
31748817_GEN-101_2025-2_2025-11-30,31748817_GEN-101_2025-2,2025-11-30,9,Aprobado
43506692_DAT-305_2025-2_2025-12-01,43506692_DAT-305_2025-2,2025-12-01,8,Aprobado
41016204_IA-400_2025-2_2025-12-01,41016204_IA-400_2025-2,2025-12-01,8,Aprobado
30187041_IA-400_2025-2_2025-12-01,30187041_IA-400_2025-2,2025-12-01,8,Aprobado
38393487_NEG-400_2025-2_2025-12-01,38393487_NEG-400_2025-2,2025-12-01,10,Aprobado
44111228_IA-300_2025-2_2025-12-01,44111228_IA-300_2025-2,2025-12-01,7,Aprobado
39040140_IA-400_2025-2_2025-12-01,39040140_IA-400_2025-2,2025-12-01,6,Aprobado
39255922_MKT-200_2025-2_2025-12-01,39255922_MKT-200_2025-2,2025-12-01,1,Desaprobado
44454123_IA-400_2025-2_2025-12-01,44454123_IA-400_2025-2,2025-12-01,3,Desaprobado
35683885_MKT-200_2025-2_2025-12-01,35683885_MKT-200_2025-2,2025-12-01,8,Aprobado
37763133_GEN-101_2025-2_2025-12-01,37763133_GEN-101_2025-2,2025-12-01,9,Aprobado
37039481_GEN-101_2025-2_2025-12-01,37039481_GEN-101_2025-2,2025-12-01,5,Aprobado
47731681_GEN-101_2025-2_2025-12-01,47731681_GEN-101_2025-2,2025-12-01,9,Aprobado
43399661_IA-300_2025-2_2025-12-01,43399661_IA-300_2025-2,2025-12-01,1,Desaprobado
44442488_IA-400_2025-2_2025-12-01,44442488_IA-400_2025-2,2025-12-01,3,Desaprobado
32821847_NEG-400_2025-2_2025-12-01,32821847_NEG-400_2025-2,2025-12-01,2,Desaprobado
39820530_DAT-305_2025-2_2025-12-01,39820530_DAT-305_2025-2,2025-12-01,2,Desaprobado
36996781_GEN-101_2025-2_2025-12-02,36996781_GEN-101_2025-2,2025-12-02,4,Aprobado
46698472_DEV-101_2025-2_2025-12-02,46698472_DEV-101_2025-2,2025-12-02,3,Desaprobado
41396027_DAT-305_2025-2_2025-12-02,41396027_DAT-305_2025-2,2025-12-02,2,Desaprobado
44488443_DAT-101_2025-2_2025-12-02,44488443_DAT-101_2025-2,2025-12-02,10,Aprobado
31528900_DEV-101_2025-2_2025-12-02,31528900_DEV-101_2025-2,2025-12-02,1,Desaprobado
41782307_MKT-200_2025-2_2025-12-02,41782307_MKT-200_2025-2,2025-12-02,6,Aprobado
43711417_UX-100_2025-2_2025-12-02,43711417_UX-100_2025-2,2025-12-02,6,Aprobado
45041443_DAT-201_2025-2_2025-12-02,45041443_DAT-201_2025-2,2025-12-02,3,Desaprobado
34353357_IA-300_2025-2_2025-12-02,34353357_IA-300_2025-2,2025-12-02,3,Desaprobado
34785335_DEV-101_2025-2_2025-12-02,34785335_DEV-101_2025-2,2025-12-02,8,Aprobado
35419862_DAT-101_2025-2_2025-12-02,35419862_DAT-101_2025-2,2025-12-02,4,Aprobado
30271801_UX-100_2025-2_2025-12-02,30271801_UX-100_2025-2,2025-12-02,9,Aprobado
43542829_MKT-200_2025-2_2025-12-02,43542829_MKT-200_2025-2,2025-12-02,4,Aprobado
33818954_GEN-101_2025-2_2025-12-02,33818954_GEN-101_2025-2,2025-12-02,6,Aprobado
47221206_GEN-101_2025-2_2025-12-02,47221206_GEN-101_2025-2,2025-12-02,5,Aprobado
30362736_DAT-101_2025-2_2025-12-02,30362736_DAT-101_2025-2,2025-12-02,8,Aprobado
38452657_GEN-101_2025-2_2025-12-02,38452657_GEN-101_2025-2,2025-12-02,4,Aprobado
30506698_DAT-201_2025-2_2025-12-02,30506698_DAT-201_2025-2,2025-12-02,4,Aprobado
41907942_IA-400_2025-2_2025-12-02,41907942_IA-400_2025-2,2025-12-02,3,Desaprobado
47993064_DAT-201_2025-2_2025-12-02,47993064_DAT-201_2025-2,2025-12-02,3,Desaprobado
32550613_IA-300_2025-2_2025-12-02,32550613_IA-300_2025-2,2025-12-02,3,Desaprobado
38714246_MKT-200_2025-2_2025-12-02,38714246_MKT-200_2025-2,2025-12-02,3,Desaprobado
43624314_DAT-101_2025-2_2025-12-02,43624314_DAT-101_2025-2,2025-12-02,6,Aprobado
31662806_GEN-101_2025-2_2025-12-02,31662806_GEN-101_2025-2,2025-12-02,2,Desaprobado
31510273_IA-400_2025-2_2025-12-02,31510273_IA-400_2025-2,2025-12-02,4,Aprobado
39220415_DAT-305_2025-2_2025-12-02,39220415_DAT-305_2025-2,2025-12-02,3,Desaprobado
34793173_DAT-201_2025-2_2025-12-03,34793173_DAT-201_2025-2,2025-12-03,1,Desaprobado
30020248_UX-100_2025-2_2025-12-03,30020248_UX-100_2025-2,2025-12-03,8,Aprobado
30416964_IA-300_2025-2_2025-12-03,30416964_IA-300_2025-2,2025-12-03,8,Aprobado
41815317_DAT-305_2025-2_2025-12-03,41815317_DAT-305_2025-2,2025-12-03,3,Desaprobado
32860968_IA-400_2025-2_2025-12-03,32860968_IA-400_2025-2,2025-12-03,9,Aprobado
30674136_IA-400_2025-2_2025-12-03,30674136_IA-400_2025-2,2025-12-03,4,Aprobado
35199789_IA-400_2025-2_2025-12-03,35199789_IA-400_2025-2,2025-12-03,4,Aprobado
35038799_DEV-101_2025-2_2025-12-03,35038799_DEV-101_2025-2,2025-12-03,2,Desaprobado
35207049_DEV-101_2025-2_2025-12-03,35207049_DEV-101_2025-2,2025-12-03,2,Desaprobado
45499218_MKT-200_2025-2_2025-12-03,45499218_MKT-200_2025-2,2025-12-03,1,Desaprobado
44965151_GEN-101_2025-2_2025-12-03,44965151_GEN-101_2025-2,2025-12-03,8,Aprobado
46271176_NEG-400_2025-2_2025-12-03,46271176_NEG-400_2025-2,2025-12-03,6,Aprobado
41626422_DAT-305_2025-2_2025-12-03,41626422_DAT-305_2025-2,2025-12-03,4,Aprobado
32965831_IA-300_2025-2_2025-12-04,32965831_IA-300_2025-2,2025-12-04,10,Aprobado
47864391_IA-400_2025-2_2025-12-04,47864391_IA-400_2025-2,2025-12-04,1,Desaprobado
46435125_GEN-101_2025-2_2025-12-04,46435125_GEN-101_2025-2,2025-12-04,7,Aprobado
43678310_UX-100_2025-2_2025-12-04,43678310_UX-100_2025-2,2025-12-04,5,Aprobado
32581169_GEN-101_2025-2_2025-12-04,32581169_GEN-101_2025-2,2025-12-04,4,Aprobado
35330350_NEG-400_2025-2_2025-12-04,35330350_NEG-400_2025-2,2025-12-04,1,Desaprobado
40102789_DAT-305_2025-2_2025-12-04,40102789_DAT-305_2025-2,2025-12-04,5,Aprobado
45177328_DAT-305_2025-2_2025-12-04,45177328_DAT-305_2025-2,2025-12-04,3,Desaprobado
45694620_NEG-400_2025-2_2025-12-04,45694620_NEG-400_2025-2,2025-12-04,1,Desaprobado
44544802_DAT-305_2025-2_2025-12-04,44544802_DAT-305_2025-2,2025-12-04,1,Desaprobado
36992557_DAT-305_2025-2_2025-12-04,36992557_DAT-305_2025-2,2025-12-04,1,Desaprobado
35115152_IA-300_2025-2_2025-12-04,35115152_IA-300_2025-2,2025-12-04,9,Aprobado
31531992_DEV-101_2025-2_2025-12-04,31531992_DEV-101_2025-2,2025-12-04,4,Aprobado
33614240_DAT-201_2025-2_2025-12-04,33614240_DAT-201_2025-2,2025-12-04,8,Aprobado
32816822_IA-400_2025-2_2025-12-04,32816822_IA-400_2025-2,2025-12-04,3,Desaprobado
45865176_DAT-201_2025-2_2025-12-04,45865176_DAT-201_2025-2,2025-12-04,8,Aprobado
33084765_DAT-101_2025-2_2025-12-04,33084765_DAT-101_2025-2,2025-12-04,2,Desaprobado
32171676_NEG-400_2025-2_2025-12-05,32171676_NEG-400_2025-2,2025-12-05,2,Desaprobado
39107282_UX-100_2025-2_2025-12-05,39107282_UX-100_2025-2,2025-12-05,4,Aprobado
31528064_DAT-201_2025-2_2025-12-05,31528064_DAT-201_2025-2,2025-12-05,4,Aprobado
41213341_MKT-200_2025-2_2025-12-05,41213341_MKT-200_2025-2,2025-12-05,6,Aprobado
35532629_DAT-201_2025-2_2025-12-05,35532629_DAT-201_2025-2,2025-12-05,9,Aprobado
44488443_DAT-101_2025-2_2025-12-05,44488443_DAT-101_2025-2,2025-12-05,5,Aprobado
46833655_NEG-400_2025-2_2025-12-05,46833655_NEG-400_2025-2,2025-12-05,10,Aprobado
32031851_IA-300_2025-2_2025-12-05,32031851_IA-300_2025-2,2025-12-05,8,Aprobado
45225711_DEV-101_2025-2_2025-12-05,45225711_DEV-101_2025-2,2025-12-05,9,Aprobado
43991288_MKT-200_2025-2_2025-12-05,43991288_MKT-200_2025-2,2025-12-05,5,Aprobado
33641153_UX-100_2025-2_2025-12-05,33641153_UX-100_2025-2,2025-12-05,9,Aprobado
30377321_DAT-305_2025-2_2025-12-05,30377321_DAT-305_2025-2,2025-12-05,5,Aprobado
44415606_DAT-201_2025-2_2025-12-05,44415606_DAT-201_2025-2,2025-12-05,8,Aprobado
41083641_MKT-200_2025-2_2025-12-05,41083641_MKT-200_2025-2,2025-12-05,7,Aprobado
43059176_DEV-101_2025-2_2025-12-05,43059176_DEV-101_2025-2,2025-12-05,8,Aprobado
34355689_DAT-305_2025-2_2025-12-05,34355689_DAT-305_2025-2,2025-12-05,2,Desaprobado
43558573_NEG-400_2025-2_2025-12-06,43558573_NEG-400_2025-2,2025-12-06,3,Desaprobado
40235116_NEG-400_2025-2_2025-12-06,40235116_NEG-400_2025-2,2025-12-06,8,Aprobado
35419862_IA-400_2025-2_2025-12-06,35419862_IA-400_2025-2,2025-12-06,4,Aprobado
33818954_DAT-305_2025-2_2025-12-06,33818954_DAT-305_2025-2,2025-12-06,8,Aprobado
45709038_UX-100_2025-2_2025-12-06,45709038_UX-100_2025-2,2025-12-06,7,Aprobado
39255922_IA-300_2025-2_2025-12-06,39255922_IA-300_2025-2,2025-12-06,7,Aprobado
31898350_GEN-101_2025-2_2025-12-06,31898350_GEN-101_2025-2,2025-12-06,9,Aprobado
47404191_DAT-201_2025-2_2025-12-06,47404191_DAT-201_2025-2,2025-12-06,3,Desaprobado
40269989_DAT-305_2025-2_2025-12-06,40269989_DAT-305_2025-2,2025-12-06,6,Aprobado
44820591_NEG-400_2025-2_2025-12-06,44820591_NEG-400_2025-2,2025-12-06,5,Aprobado
41785959_DAT-305_2025-2_2025-12-06,41785959_DAT-305_2025-2,2025-12-06,6,Aprobado
36510557_UX-100_2025-2_2025-12-06,36510557_UX-100_2025-2,2025-12-06,5,Aprobado
39278348_DEV-101_2025-2_2025-12-06,39278348_DEV-101_2025-2,2025-12-06,2,Desaprobado
47906696_GEN-101_2025-2_2025-12-06,47906696_GEN-101_2025-2,2025-12-06,6,Aprobado
41006133_DEV-101_2025-2_2025-12-06,41006133_DEV-101_2025-2,2025-12-06,1,Desaprobado
46585675_UX-100_2025-2_2025-12-06,46585675_UX-100_2025-2,2025-12-06,8,Aprobado
47217063_GEN-101_2025-2_2025-12-06,47217063_GEN-101_2025-2,2025-12-06,7,Aprobado
46564562_DAT-201_2025-2_2025-12-06,46564562_DAT-201_2025-2,2025-12-06,1,Desaprobado
47044309_IA-400_2025-2_2025-12-06,47044309_IA-400_2025-2,2025-12-06,3,Desaprobado
34729179_IA-400_2025-2_2025-12-06,34729179_IA-400_2025-2,2025-12-06,5,Aprobado
39442545_DAT-201_2025-2_2025-12-06,39442545_DAT-201_2025-2,2025-12-06,3,Desaprobado
37584867_DAT-101_2025-2_2025-12-06,37584867_DAT-101_2025-2,2025-12-06,10,Aprobado
31081090_DAT-201_2025-2_2025-12-06,31081090_DAT-201_2025-2,2025-12-06,10,Aprobado
35115152_DEV-101_2025-2_2025-12-06,35115152_DEV-101_2025-2,2025-12-06,3,Desaprobado
47206312_GEN-101_2025-2_2025-12-06,47206312_GEN-101_2025-2,2025-12-06,9,Aprobado
33816707_DAT-305_2025-2_2025-12-06,33816707_DAT-305_2025-2,2025-12-06,9,Aprobado
47163691_NEG-400_2025-2_2025-12-06,47163691_NEG-400_2025-2,2025-12-06,5,Aprobado
47762723_DAT-201_2025-2_2025-12-06,47762723_DAT-201_2025-2,2025-12-06,6,Aprobado
46828583_NEG-400_2025-2_2025-12-06,46828583_NEG-400_2025-2,2025-12-06,2,Desaprobado
33229738_GEN-101_2025-2_2025-12-06,33229738_GEN-101_2025-2,2025-12-06,2,Desaprobado
33641153_IA-300_2025-2_2025-12-07,33641153_IA-300_2025-2,2025-12-07,10,Aprobado
32805911_UX-100_2025-2_2025-12-07,32805911_UX-100_2025-2,2025-12-07,3,Desaprobado
30958838_DAT-305_2025-2_2025-12-07,30958838_DAT-305_2025-2,2025-12-07,9,Aprobado
46411752_IA-300_2025-2_2025-12-07,46411752_IA-300_2025-2,2025-12-07,2,Desaprobado
44488443_IA-300_2025-2_2025-12-07,44488443_IA-300_2025-2,2025-12-07,4,Aprobado
37952540_MKT-200_2025-2_2025-12-07,37952540_MKT-200_2025-2,2025-12-07,3,Desaprobado
45619097_UX-100_2025-2_2025-12-07,45619097_UX-100_2025-2,2025-12-07,9,Aprobado
40401825_DAT-305_2025-2_2025-12-07,40401825_DAT-305_2025-2,2025-12-07,5,Aprobado
34888999_DAT-101_2025-2_2025-12-07,34888999_DAT-101_2025-2,2025-12-07,9,Aprobado
40531804_DEV-101_2025-2_2025-12-07,40531804_DEV-101_2025-2,2025-12-07,8,Aprobado
32166416_IA-300_2025-2_2025-12-07,32166416_IA-300_2025-2,2025-12-07,6,Aprobado
43331228_NEG-400_2025-2_2025-12-07,43331228_NEG-400_2025-2,2025-12-07,10,Aprobado
46890428_IA-300_2025-2_2025-12-07,46890428_IA-300_2025-2,2025-12-07,7,Aprobado
41006133_NEG-400_2025-2_2025-12-07,41006133_NEG-400_2025-2,2025-12-07,6,Aprobado
45838988_DAT-305_2025-2_2025-12-07,45838988_DAT-305_2025-2,2025-12-07,4,Aprobado
32658531_GEN-101_2025-2_2025-12-08,32658531_GEN-101_2025-2,2025-12-08,1,Desaprobado
39412125_IA-300_2025-2_2025-12-08,39412125_IA-300_2025-2,2025-12-08,4,Aprobado
41337962_DAT-101_2025-2_2025-12-08,41337962_DAT-101_2025-2,2025-12-08,1,Desaprobado
44754301_DAT-101_2025-2_2025-12-08,44754301_DAT-101_2025-2,2025-12-08,2,Desaprobado
38030283_DEV-101_2025-2_2025-12-08,38030283_DEV-101_2025-2,2025-12-08,7,Aprobado
33143242_IA-300_2025-2_2025-12-08,33143242_IA-300_2025-2,2025-12-08,8,Aprobado
31803019_IA-300_2025-2_2025-12-08,31803019_IA-300_2025-2,2025-12-08,2,Desaprobado
44176621_NEG-400_2025-2_2025-12-08,44176621_NEG-400_2025-2,2025-12-08,7,Aprobado
41398180_NEG-400_2025-2_2025-12-08,41398180_NEG-400_2025-2,2025-12-08,9,Aprobado
46518516_GEN-101_2025-2_2025-12-08,46518516_GEN-101_2025-2,2025-12-08,8,Aprobado
40204911_DAT-305_2025-2_2025-12-08,40204911_DAT-305_2025-2,2025-12-08,5,Aprobado
36848058_DAT-305_2025-2_2025-12-08,36848058_DAT-305_2025-2,2025-12-08,1,Desaprobado
32839404_DEV-101_2025-2_2025-12-08,32839404_DEV-101_2025-2,2025-12-08,2,Desaprobado
40756585_IA-400_2025-2_2025-12-08,40756585_IA-400_2025-2,2025-12-08,2,Desaprobado
44786123_DAT-101_2025-2_2025-12-08,44786123_DAT-101_2025-2,2025-12-08,1,Desaprobado
46538783_MKT-200_2025-2_2025-12-08,46538783_MKT-200_2025-2,2025-12-08,2,Desaprobado
35470566_NEG-400_2025-2_2025-12-08,35470566_NEG-400_2025-2,2025-12-08,9,Aprobado
39107282_UX-100_2025-2_2025-12-08,39107282_UX-100_2025-2,2025-12-08,10,Aprobado
30163309_GEN-101_2025-2_2025-12-08,30163309_GEN-101_2025-2,2025-12-08,5,Aprobado
30703214_DAT-305_2025-2_2025-12-08,30703214_DAT-305_2025-2,2025-12-08,4,Aprobado
35470566_DEV-101_2025-2_2025-12-08,35470566_DEV-101_2025-2,2025-12-08,7,Aprobado
43174343_UX-100_2025-2_2025-12-09,43174343_UX-100_2025-2,2025-12-09,10,Aprobado
44488443_UX-100_2025-2_2025-12-09,44488443_UX-100_2025-2,2025-12-09,4,Aprobado
35383408_MKT-200_2025-2_2025-12-09,35383408_MKT-200_2025-2,2025-12-09,10,Aprobado
32108581_NEG-400_2025-2_2025-12-09,32108581_NEG-400_2025-2,2025-12-09,10,Aprobado
37039481_IA-400_2025-2_2025-12-09,37039481_IA-400_2025-2,2025-12-09,2,Desaprobado
41671067_DEV-101_2025-2_2025-12-09,41671067_DEV-101_2025-2,2025-12-09,3,Desaprobado
44407218_DAT-305_2025-2_2025-12-09,44407218_DAT-305_2025-2,2025-12-09,6,Aprobado
32318137_NEG-400_2025-2_2025-12-09,32318137_NEG-400_2025-2,2025-12-09,7,Aprobado
46263687_GEN-101_2025-2_2025-12-09,46263687_GEN-101_2025-2,2025-12-09,3,Desaprobado
43744263_DAT-101_2025-2_2025-12-09,43744263_DAT-101_2025-2,2025-12-09,8,Aprobado
46833655_GEN-101_2025-2_2025-12-09,46833655_GEN-101_2025-2,2025-12-09,1,Desaprobado
33088513_UX-100_2025-2_2025-12-09,33088513_UX-100_2025-2,2025-12-09,3,Desaprobado
33816707_UX-100_2025-2_2025-12-09,33816707_UX-100_2025-2,2025-12-09,7,Aprobado
43889224_NEG-400_2025-2_2025-12-09,43889224_NEG-400_2025-2,2025-12-09,2,Desaprobado
44242960_DAT-101_2025-2_2025-12-09,44242960_DAT-101_2025-2,2025-12-09,3,Desaprobado
47206312_MKT-200_2025-2_2025-12-09,47206312_MKT-200_2025-2,2025-12-09,6,Aprobado
43605753_DAT-101_2025-2_2025-12-10,43605753_DAT-101_2025-2,2025-12-10,5,Aprobado
38773709_DAT-201_2025-2_2025-12-10,38773709_DAT-201_2025-2,2025-12-10,5,Aprobado
45311516_MKT-200_2025-2_2025-12-10,45311516_MKT-200_2025-2,2025-12-10,6,Aprobado
32201924_DAT-201_2025-2_2025-12-10,32201924_DAT-201_2025-2,2025-12-10,9,Aprobado
31076430_MKT-200_2025-2_2025-12-10,31076430_MKT-200_2025-2,2025-12-10,2,Desaprobado
37286941_DAT-201_2025-2_2025-12-10,37286941_DAT-201_2025-2,2025-12-10,2,Desaprobado
40989234_IA-300_2025-2_2025-12-10,40989234_IA-300_2025-2,2025-12-10,9,Aprobado
35844073_DAT-201_2025-2_2025-12-10,35844073_DAT-201_2025-2,2025-12-10,2,Desaprobado
40116733_IA-300_2025-2_2025-12-10,40116733_IA-300_2025-2,2025-12-10,4,Aprobado
45153061_UX-100_2025-2_2025-12-10,45153061_UX-100_2025-2,2025-12-10,4,Aprobado
37981847_DEV-101_2025-2_2025-12-10,37981847_DEV-101_2025-2,2025-12-10,2,Desaprobado
36156003_DAT-101_2025-2_2025-12-10,36156003_DAT-101_2025-2,2025-12-10,3,Desaprobado
46382860_UX-100_2025-2_2025-12-10,46382860_UX-100_2025-2,2025-12-10,9,Aprobado
33084765_DAT-201_2025-2_2025-12-10,33084765_DAT-201_2025-2,2025-12-10,9,Aprobado
33229738_NEG-400_2025-2_2025-12-10,33229738_NEG-400_2025-2,2025-12-10,4,Aprobado
32451951_GEN-101_2025-2_2025-12-11,32451951_GEN-101_2025-2,2025-12-11,2,Desaprobado
37527174_IA-400_2025-2_2025-12-11,37527174_IA-400_2025-2,2025-12-11,9,Aprobado
33614240_GEN-101_2025-2_2025-12-11,33614240_GEN-101_2025-2,2025-12-11,8,Aprobado
41023707_NEG-400_2025-2_2025-12-11,41023707_NEG-400_2025-2,2025-12-11,6,Aprobado
41782307_DAT-305_2025-2_2025-12-11,41782307_DAT-305_2025-2,2025-12-11,9,Aprobado
35310111_NEG-400_2025-2_2025-12-11,35310111_NEG-400_2025-2,2025-12-11,6,Aprobado
41671067_DAT-201_2025-2_2025-12-11,41671067_DAT-201_2025-2,2025-12-11,8,Aprobado
44284431_IA-300_2025-2_2025-12-11,44284431_IA-300_2025-2,2025-12-11,2,Desaprobado
39407484_IA-400_2025-2_2025-12-11,39407484_IA-400_2025-2,2025-12-11,10,Aprobado
39733145_DAT-201_2025-2_2025-12-11,39733145_DAT-201_2025-2,2025-12-11,6,Aprobado
46193548_DAT-305_2025-2_2025-12-11,46193548_DAT-305_2025-2,2025-12-11,1,Desaprobado
47983613_DAT-101_2025-2_2025-12-12,47983613_DAT-101_2025-2,2025-12-12,9,Aprobado
38417833_DEV-101_2025-2_2025-12-12,38417833_DEV-101_2025-2,2025-12-12,6,Aprobado
46780927_DEV-101_2025-2_2025-12-12,46780927_DEV-101_2025-2,2025-12-12,8,Aprobado
40998609_DAT-101_2025-2_2025-12-12,40998609_DAT-101_2025-2,2025-12-12,5,Aprobado
33191684_DEV-101_2025-2_2025-12-12,33191684_DEV-101_2025-2,2025-12-12,4,Aprobado
40774819_DEV-101_2025-2_2025-12-12,40774819_DEV-101_2025-2,2025-12-12,9,Aprobado
43281049_GEN-101_2025-2_2025-12-12,43281049_GEN-101_2025-2,2025-12-12,3,Desaprobado
47817560_IA-300_2025-2_2025-12-12,47817560_IA-300_2025-2,2025-12-12,2,Desaprobado
30205757_DAT-201_2025-2_2025-12-12,30205757_DAT-201_2025-2,2025-12-12,4,Aprobado
43254348_GEN-101_2025-2_2025-12-12,43254348_GEN-101_2025-2,2025-12-12,9,Aprobado
31206140_GEN-101_2025-2_2025-12-12,31206140_GEN-101_2025-2,2025-12-12,5,Aprobado
46649401_GEN-101_2025-2_2025-12-12,46649401_GEN-101_2025-2,2025-12-12,6,Aprobado
35054932_IA-400_2025-2_2025-12-12,35054932_IA-400_2025-2,2025-12-12,2,Desaprobado
39473672_DEV-101_2025-2_2025-12-13,39473672_DEV-101_2025-2,2025-12-13,3,Desaprobado
43831919_NEG-400_2025-2_2025-12-13,43831919_NEG-400_2025-2,2025-12-13,5,Aprobado
47969954_DAT-201_2025-2_2025-12-13,47969954_DAT-201_2025-2,2025-12-13,4,Aprobado
30649167_MKT-200_2025-2_2025-12-13,30649167_MKT-200_2025-2,2025-12-13,3,Desaprobado
32986537_NEG-400_2025-2_2025-12-13,32986537_NEG-400_2025-2,2025-12-13,10,Aprobado
45679679_GEN-101_2025-2_2025-12-13,45679679_GEN-101_2025-2,2025-12-13,8,Aprobado
38589344_DAT-101_2025-2_2025-12-13,38589344_DAT-101_2025-2,2025-12-13,3,Desaprobado
31136038_DAT-305_2025-2_2025-12-13,31136038_DAT-305_2025-2,2025-12-13,5,Aprobado
34294158_GEN-101_2025-2_2025-12-13,34294158_GEN-101_2025-2,2025-12-13,2,Desaprobado
31662806_IA-300_2025-2_2025-12-13,31662806_IA-300_2025-2,2025-12-13,3,Desaprobado
43399661_DAT-101_2025-2_2025-12-13,43399661_DAT-101_2025-2,2025-12-13,4,Aprobado
32099939_NEG-400_2025-2_2025-12-13,32099939_NEG-400_2025-2,2025-12-13,7,Aprobado
34411929_DAT-101_2025-2_2025-12-13,34411929_DAT-101_2025-2,2025-12-13,8,Aprobado
44492127_DAT-101_2025-2_2025-12-13,44492127_DAT-101_2025-2,2025-12-13,8,Aprobado
33818954_UX-100_2025-2_2025-12-13,33818954_UX-100_2025-2,2025-12-13,9,Aprobado
46965600_NEG-400_2025-2_2025-12-13,46965600_NEG-400_2025-2,2025-12-13,8,Aprobado
33792064_IA-400_2025-2_2025-12-13,33792064_IA-400_2025-2,2025-12-13,2,Desaprobado
46637531_DAT-101_2025-2_2025-12-13,46637531_DAT-101_2025-2,2025-12-13,2,Desaprobado
30395149_MKT-200_2025-2_2025-12-13,30395149_MKT-200_2025-2,2025-12-13,9,Aprobado
35218002_UX-100_2025-2_2025-12-14,35218002_UX-100_2025-2,2025-12-14,1,Desaprobado
40283838_DAT-305_2025-2_2025-12-14,40283838_DAT-305_2025-2,2025-12-14,3,Desaprobado
33568791_GEN-101_2025-2_2025-12-14,33568791_GEN-101_2025-2,2025-12-14,5,Aprobado
44811661_DAT-201_2025-2_2025-12-14,44811661_DAT-201_2025-2,2025-12-14,1,Desaprobado
43276053_NEG-400_2025-2_2025-12-14,43276053_NEG-400_2025-2,2025-12-14,10,Aprobado
31748817_DEV-101_2025-2_2025-12-14,31748817_DEV-101_2025-2,2025-12-14,9,Aprobado
39820530_IA-300_2025-2_2025-12-14,39820530_IA-300_2025-2,2025-12-14,1,Desaprobado
47199896_NEG-400_2025-2_2025-12-14,47199896_NEG-400_2025-2,2025-12-14,10,Aprobado
44827801_DAT-101_2025-2_2025-12-14,44827801_DAT-101_2025-2,2025-12-14,10,Aprobado
47906696_GEN-101_2025-2_2025-12-14,47906696_GEN-101_2025-2,2025-12-14,10,Aprobado
34627342_DAT-101_2025-2_2025-12-14,34627342_DAT-101_2025-2,2025-12-14,2,Desaprobado
41818271_DEV-101_2025-2_2025-12-14,41818271_DEV-101_2025-2,2025-12-14,5,Aprobado
30677244_DEV-101_2025-2_2025-12-14,30677244_DEV-101_2025-2,2025-12-14,6,Aprobado
33714793_IA-300_2025-2_2025-12-14,33714793_IA-300_2025-2,2025-12-14,8,Aprobado
36848058_GEN-101_2025-2_2025-12-14,36848058_GEN-101_2025-2,2025-12-14,5,Aprobado
38955588_MKT-200_2025-2_2025-12-14,38955588_MKT-200_2025-2,2025-12-14,4,Aprobado
37351522_DAT-201_2025-2_2025-12-14,37351522_DAT-201_2025-2,2025-12-14,5,Aprobado
32171676_IA-300_2025-2_2025-12-14,32171676_IA-300_2025-2,2025-12-14,1,Desaprobado
34148661_IA-300_2025-2_2025-12-14,34148661_IA-300_2025-2,2025-12-14,1,Desaprobado
35643961_IA-400_2025-2_2025-12-14,35643961_IA-400_2025-2,2025-12-14,2,Desaprobado
38964128_IA-300_2025-2_2025-12-15,38964128_IA-300_2025-2,2025-12-15,6,Aprobado
31355414_GEN-101_2025-2_2025-12-15,31355414_GEN-101_2025-2,2025-12-15,9,Aprobado
44381082_DAT-305_2025-2_2025-12-15,44381082_DAT-305_2025-2,2025-12-15,10,Aprobado
44442488_NEG-400_2025-2_2025-12-15,44442488_NEG-400_2025-2,2025-12-15,2,Desaprobado
30789190_GEN-101_2025-2_2025-12-15,30789190_GEN-101_2025-2,2025-12-15,9,Aprobado
44224033_NEG-400_2025-2_2025-12-15,44224033_NEG-400_2025-2,2025-12-15,2,Desaprobado
44904960_IA-300_2025-2_2025-12-15,44904960_IA-300_2025-2,2025-12-15,9,Aprobado
33610212_UX-100_2025-2_2025-12-15,33610212_UX-100_2025-2,2025-12-15,5,Aprobado
43605753_IA-400_2025-2_2025-12-15,43605753_IA-400_2025-2,2025-12-15,10,Aprobado
31485455_GEN-101_2025-2_2025-12-15,31485455_GEN-101_2025-2,2025-12-15,3,Desaprobado
45177328_DEV-101_2025-2_2025-12-15,45177328_DEV-101_2025-2,2025-12-15,6,Aprobado
47103537_UX-100_2025-2_2025-12-15,47103537_UX-100_2025-2,2025-12-15,6,Aprobado
33507272_DEV-101_2025-2_2025-12-15,33507272_DEV-101_2025-2,2025-12-15,1,Desaprobado
45225711_IA-400_2025-2_2025-12-15,45225711_IA-400_2025-2,2025-12-15,5,Aprobado
32966903_UX-100_2025-2_2025-12-15,32966903_UX-100_2025-2,2025-12-15,2,Desaprobado
46909132_DEV-101_2025-2_2025-12-15,46909132_DEV-101_2025-2,2025-12-15,2,Desaprobado
39752062_IA-400_2025-2_2025-12-15,39752062_IA-400_2025-2,2025-12-15,6,Aprobado
33742338_DEV-101_2025-2_2025-12-15,33742338_DEV-101_2025-2,2025-12-15,4,Aprobado
30430162_MKT-200_2025-2_2025-12-15,30430162_MKT-200_2025-2,2025-12-15,10,Aprobado
45066439_IA-300_2025-2_2025-12-15,45066439_IA-300_2025-2,2025-12-15,1,Desaprobado
40916647_DAT-201_2025-2_2025-12-15,40916647_DAT-201_2025-2,2025-12-15,9,Aprobado
44182964_DAT-201_2025-2_2025-12-15,44182964_DAT-201_2025-2,2025-12-15,4,Aprobado
43521267_GEN-101_2025-2_2025-12-15,43521267_GEN-101_2025-2,2025-12-15,3,Desaprobado
37119833_MKT-200_2025-2_2025-12-15,37119833_MKT-200_2025-2,2025-12-15,4,Aprobado
30394856_IA-300_2025-2_2025-12-16,30394856_IA-300_2025-2,2025-12-16,3,Desaprobado
35809204_DAT-305_2025-2_2025-12-16,35809204_DAT-305_2025-2,2025-12-16,5,Aprobado
32805911_DAT-101_2025-2_2025-12-16,32805911_DAT-101_2025-2,2025-12-16,3,Desaprobado
30381511_UX-100_2025-2_2025-12-16,30381511_UX-100_2025-2,2025-12-16,7,Aprobado
30382587_DEV-101_2025-2_2025-12-16,30382587_DEV-101_2025-2,2025-12-16,9,Aprobado
40967959_NEG-400_2025-2_2025-12-16,40967959_NEG-400_2025-2,2025-12-16,1,Desaprobado
45417606_GEN-101_2025-2_2025-12-16,45417606_GEN-101_2025-2,2025-12-16,10,Aprobado
38622475_DAT-101_2025-2_2025-12-16,38622475_DAT-101_2025-2,2025-12-16,8,Aprobado
38869750_DAT-305_2025-2_2025-12-16,38869750_DAT-305_2025-2,2025-12-16,5,Aprobado
31961540_DEV-101_2025-2_2025-12-16,31961540_DEV-101_2025-2,2025-12-16,2,Desaprobado
32480780_DAT-305_2025-2_2025-12-16,32480780_DAT-305_2025-2,2025-12-16,2,Desaprobado
45709038_GEN-101_2025-2_2025-12-16,45709038_GEN-101_2025-2,2025-12-16,7,Aprobado
36304118_MKT-200_2025-2_2025-12-16,36304118_MKT-200_2025-2,2025-12-16,10,Aprobado
30781172_DAT-101_2025-2_2025-12-16,30781172_DAT-101_2025-2,2025-12-16,5,Aprobado
47983495_GEN-101_2025-2_2025-12-16,47983495_GEN-101_2025-2,2025-12-16,1,Desaprobado
31898350_IA-300_2025-2_2025-12-16,31898350_IA-300_2025-2,2025-12-16,5,Aprobado
33127447_DAT-305_2025-2_2025-12-16,33127447_DAT-305_2025-2,2025-12-16,5,Aprobado
33984071_GEN-101_2025-2_2025-12-17,33984071_GEN-101_2025-2,2025-12-17,1,Desaprobado
30283080_DEV-101_2025-2_2025-12-17,30283080_DEV-101_2025-2,2025-12-17,1,Desaprobado
45150526_GEN-101_2025-2_2025-12-17,45150526_GEN-101_2025-2,2025-12-17,2,Desaprobado
47969954_DAT-201_2025-2_2025-12-17,47969954_DAT-201_2025-2,2025-12-17,6,Aprobado
30851248_MKT-200_2025-2_2025-12-17,30851248_MKT-200_2025-2,2025-12-17,3,Desaprobado
37840610_MKT-200_2025-2_2025-12-17,37840610_MKT-200_2025-2,2025-12-17,1,Desaprobado
46860457_MKT-200_2025-2_2025-12-17,46860457_MKT-200_2025-2,2025-12-17,7,Aprobado
31349203_NEG-400_2025-2_2025-12-17,31349203_NEG-400_2025-2,2025-12-17,7,Aprobado
32860968_GEN-101_2025-2_2025-12-17,32860968_GEN-101_2025-2,2025-12-17,1,Desaprobado
40989234_DAT-305_2025-2_2025-12-17,40989234_DAT-305_2025-2,2025-12-17,5,Aprobado
34935270_MKT-200_2025-2_2025-12-17,34935270_MKT-200_2025-2,2025-12-17,3,Desaprobado
41904080_DAT-305_2025-2_2025-12-17,41904080_DAT-305_2025-2,2025-12-17,7,Aprobado
37918142_DAT-101_2025-2_2025-12-17,37918142_DAT-101_2025-2,2025-12-17,4,Aprobado
45847470_DAT-305_2025-2_2025-12-17,45847470_DAT-305_2025-2,2025-12-17,6,Aprobado
33320861_DAT-305_2025-2_2025-12-17,33320861_DAT-305_2025-2,2025-12-17,7,Aprobado
30186819_GEN-101_2025-2_2025-12-17,30186819_GEN-101_2025-2,2025-12-17,5,Aprobado
31177427_DAT-305_2025-2_2025-12-18,31177427_DAT-305_2025-2,2025-12-18,10,Aprobado
45041476_IA-400_2025-2_2025-12-18,45041476_IA-400_2025-2,2025-12-18,2,Desaprobado
30283080_DAT-101_2025-2_2025-12-18,30283080_DAT-101_2025-2,2025-12-18,3,Desaprobado
31528900_DAT-101_2025-2_2025-12-18,31528900_DAT-101_2025-2,2025-12-18,3,Desaprobado
38531623_DEV-101_2025-2_2025-12-18,38531623_DEV-101_2025-2,2025-12-18,4,Aprobado
40287807_MKT-200_2025-2_2025-12-18,40287807_MKT-200_2025-2,2025-12-18,3,Desaprobado
34364066_IA-300_2025-2_2025-12-18,34364066_IA-300_2025-2,2025-12-18,9,Aprobado
46920666_MKT-200_2025-2_2025-12-18,46920666_MKT-200_2025-2,2025-12-18,5,Aprobado
45563814_IA-400_2025-2_2025-12-18,45563814_IA-400_2025-2,2025-12-18,7,Aprobado
44111228_IA-400_2025-2_2025-12-18,44111228_IA-400_2025-2,2025-12-18,7,Aprobado
39579172_DAT-305_2025-2_2025-12-18,39579172_DAT-305_2025-2,2025-12-18,9,Aprobado
35470566_DEV-101_2025-2_2025-12-18,35470566_DEV-101_2025-2,2025-12-18,10,Aprobado
47678899_UX-100_2025-2_2025-12-18,47678899_UX-100_2025-2,2025-12-18,10,Aprobado
40287807_DAT-305_2025-2_2025-12-18,40287807_DAT-305_2025-2,2025-12-18,9,Aprobado
35077928_MKT-200_2025-2_2025-12-18,35077928_MKT-200_2025-2,2025-12-18,10,Aprobado
47022459_DAT-101_2025-2_2025-12-18,47022459_DAT-101_2025-2,2025-12-18,4,Aprobado
45890411_DAT-305_2025-2_2025-12-18,45890411_DAT-305_2025-2,2025-12-18,4,Aprobado
33594873_DAT-101_2025-2_2025-12-18,33594873_DAT-101_2025-2,2025-12-18,3,Desaprobado
34290854_GEN-101_2025-2_2025-12-18,34290854_GEN-101_2025-2,2025-12-18,3,Desaprobado
39961417_UX-100_2025-2_2025-12-18,39961417_UX-100_2025-2,2025-12-18,8,Aprobado
43624806_MKT-200_2025-2_2025-12-18,43624806_MKT-200_2025-2,2025-12-18,5,Aprobado
31181222_UX-100_2025-2_2025-12-18,31181222_UX-100_2025-2,2025-12-18,2,Desaprobado
35033683_NEG-400_2025-2_2025-12-19,35033683_NEG-400_2025-2,2025-12-19,1,Desaprobado
30483176_DAT-305_2025-2_2025-12-19,30483176_DAT-305_2025-2,2025-12-19,10,Aprobado
37335497_IA-300_2025-2_2025-12-19,37335497_IA-300_2025-2,2025-12-19,10,Aprobado
46775879_DAT-201_2025-2_2025-12-19,46775879_DAT-201_2025-2,2025-12-19,6,Aprobado
39231072_GEN-101_2025-2_2025-12-19,39231072_GEN-101_2025-2,2025-12-19,10,Aprobado
45488677_GEN-101_2025-2_2025-12-19,45488677_GEN-101_2025-2,2025-12-19,2,Desaprobado
30064860_DAT-101_2025-2_2025-12-19,30064860_DAT-101_2025-2,2025-12-19,6,Aprobado
37679372_MKT-200_2025-2_2025-12-19,37679372_MKT-200_2025-2,2025-12-19,3,Desaprobado
44512365_GEN-101_2025-2_2025-12-19,44512365_GEN-101_2025-2,2025-12-19,8,Aprobado
41641503_DEV-101_2025-2_2025-12-19,41641503_DEV-101_2025-2,2025-12-19,9,Aprobado
30271801_GEN-101_2025-2_2025-12-19,30271801_GEN-101_2025-2,2025-12-19,5,Aprobado
43344838_DAT-101_2025-2_2025-12-19,43344838_DAT-101_2025-2,2025-12-19,7,Aprobado
44264848_DAT-201_2025-2_2025-12-19,44264848_DAT-201_2025-2,2025-12-19,5,Aprobado
40950154_DAT-305_2025-2_2025-12-19,40950154_DAT-305_2025-2,2025-12-19,8,Aprobado
44512365_UX-100_2025-2_2025-12-19,44512365_UX-100_2025-2,2025-12-19,10,Aprobado
36542829_IA-400_2025-2_2025-12-19,36542829_IA-400_2025-2,2025-12-19,2,Desaprobado
43492230_DAT-201_2025-2_2025-12-19,43492230_DAT-201_2025-2,2025-12-19,1,Desaprobado
32139544_DAT-201_2025-2_2025-12-19,32139544_DAT-201_2025-2,2025-12-19,5,Aprobado
32986537_DAT-305_2025-2_2025-12-19,32986537_DAT-305_2025-2,2025-12-19,7,Aprobado
39996815_NEG-400_2025-2_2025-12-19,39996815_NEG-400_2025-2,2025-12-19,3,Desaprobado
