Nombre;Apellido;Numero_Documento__c;Email;Telefono;Rol__c;Tipo_Documento__c
Martin;Silva;30004548;martin.silva@gmail.com;+54927193815;Alumno;DNI
Thiago Lionel;Romero;30020248;thiago.lionel.romero@gmail.com;+54923636671;Alumno;DNI
Juan Cruz;Fernandez;30055060;juan.cruz.fernandez@outlook.com;+54923640323;Alumno;DNI
Dylan Ezequiel;Coronel;30055089;dylan.ezequiel.coronel@gmail.com;+54925148988;Alumno;DNI
Antonio;Aguero;30055439;antonio.aguero@gmail.com;+54932093344;Alumno;DNI
Mia Morena;Torres;30058812;mia.morena_torres24@nuevo-email.com;+54925888829;Alumno;DNI
Santino;Gonzalez;30060967;santino.gonzalez@gmail.com;+54929198172;Alumno;DNI
Luciano Benjamin;Ramos;30064860;luciano.benjamin.ramos@gmail.com;+54932672391;Alumno;DNI
Catalina;Martinez;30074046;catalina.martinez@gmail.com;+54933048866;Alumno;DNI
Mora;Diaz;30081724;mora.diaz@gmail.com;+54939246166;Alumno;DNI
Sol;Aguirre;30088172;sol.aguirre@yahoo.com;+54935802420;Alumno;DNI
Joaquin;Romero;30089193;joaquin.romero@gmail.com;+54937887975;Alumno;DNI
Tomás;Gomez;30098040;tomas.gomez@outlook.com;+54936036843;Alumno;DNI
Maximo;Molina;30106929;maximo.molina@gmail.com;+54935950394;Alumno;DNI
Juan Ignacio;Aguirre;30116169;juan.ignacio.aguirre@yahoo.com;+54933218845;Alumno;DNI
Felipe;Acosta;30117903;felipe_acosta24@nuevo-email.com;+54925617615;Alumno;DNI
Felipe;Perez;30123333;felipe.perez@yahoo.com;+54926040224;Alumno;DNI
Dylan Benjamin;Martinez;30125745;dylan.benjamin.martinez@gmail.com;+54933399964;Alumno;DNI
Santino;Barrios;30126752;santino.barrios@hotmail.com;+54931488939;Alumno;DNI
Juan Pablo;Benitez;30163309;juan.pablo.benitez@gmail.com;+54938382898;Alumno;DNI
Nahiara;Silva;30173121;nahiara.silva@gmail.com;+54925233685;Alumno;DNI
Catalina;Acuña;30174396;catalina.acuna@gmail.com;+54934723906;Alumno;DNI
Uma ;Chavez;30186819;uma.chavez@gmail.com;+54923689480;Alumno;DNI
Julia;Romero;30187041;julia.romero@gmail.com;+54933791814;Alumno;DNI
Santiago;Gimenez;30197508;santiago.gimenez@outlook.com;+54931960991;Alumno;DNI
Francisco;Garcia;30205757;francisco.garcia@gmail.com;+54931752323;Alumno;DNI
Thiago Emanuel;Vega;30216143;thiago.emanuel.vega@gmail.com;+54932493889;Alumno;DNI
Juan Bautista;Ramirez;30219683;juan.bautista.ramirez@gmail.com;+54928673355;Alumno;DNI
Joaquina;Martinez;30224289;joaquina.martinez@gmail.com;+54938748796;Alumno;DNI
Felipe;Nuñez;30226372;felipe.nunez@gmail.com;+54922022375;Alumno;DNI
Bautista;Rios;30227674;bautista.rios@gmail.com;+54934769371;Alumno;DNI
Lucas Benjamin;Roldan;30230499;lucas.benjamin.roldan@hotmail.com;+54938389647;Alumno;DNI
Giuliana;Gutierrez;30246491;giuliana.gutierrez@hotmail.com;+54934520334;Alumno;DNI
Felipe;Rojas;30252475;felipe.rojas@outlook.com;+54933938691;Alumno;DNI
Ciro;Ponce;30261560;ciro.ponce@gmail.com;+54933752661;Alumno;DNI
Augusto;Benitez;30263228;augusto.benitez@gmail.com;+54936190055;Alumno;DNI
Pedro;Duarte;30268860;pedro.duarte@gmail.com;+54932557541;Alumno;DNI
Gonzalo;Silva;30271801;gonzalo.silva@gmail.com;+54931803146;Alumno;DNI
Mateo;Ortiz;30277884;mateo.ortiz@gmail.com;+54922045454;Alumno;DNI
Mateo;Lopez;30278086;mateo.lopez@gmail.com;+54933743377;Alumno;DNI
Valentina;Martinez;30279612;valentina.martinez@outlook.com;+54921396410;Alumno;DNI
Juana;Chavez;30283080;juana.chavez@gmail.com;+54921122240;Alumno;DNI
Morena;Romero;30283834;morena.romero@gmail.com;+54928788010;Alumno;DNI
Agustín;Martinez;30294943;agustin.martinez@gmail.com;+54922989209;Alumno;DNI
Lola;Aguirre;30300658;lola.aguirre@outlook.com;+54926199992;Alumno;DNI
Mia Jazmin;Pereyra;30300948;mia.jazmin.pereyra@gmail.com;+54927833656;Alumno;DNI
Paulina;Muñoz;30301798;paulina.munoz@gmail.com;+54923633856;Alumno;DNI
Luna;Suarez;30309712;luna.suarez@hotmail.com;+54928338901;Alumno;DNI
Joaquin;Franco;30321355;joaquin.franco@yahoo.com;+54923340837;Alumno;DNI
Thiago Daniel;Gonzalez;30339434;thiago.daniel.gonzalez@yahoo.com;+54922176392;Alumno;DNI
Martina;Martinez;30342609;martina.martinez@gmail.com;+54928749345;Alumno;DNI
Juan Martin;Farias;30344498;juan.martin.farias@gmail.com;+54937200021;Alumno;DNI
Tomás;Juarez;30348701;tomas.juarez@yahoo.com;+54929501285;Alumno;DNI
Lautaro Benjamin;Rodriguez;30356437;lautaro.benjamin.rodriguez@gmail.com;+54922596158;Alumno;DNI
Luisina;Acosta;30359807;luisina.acosta@yahoo.com;+54924565564;Alumno;DNI
Ana Paula;Gomez;30362258;ana.paula.gomez@gmail.com;+54938416702;Alumno;DNI
Benjamin;Ramos;30362736;benjamin.ramos@gmail.com;+54936331683;Alumno;DNI
Thiago Ezequiel;Herrera;30365765;thiago.ezequiel.herrera@yahoo.com;+54939499501;Alumno;DNI
Agostina;Aguirre;30367040;agostina.aguirre@gmail.com;+54923704341;Alumno;DNI
Sofia;Rodriguez;30367578;sofia.rodriguez@outlook.com;+54939654385;Alumno;DNI
Constanza;Maidana;30370016;constanza.maidana@gmail.com;+54938587918;Alumno;DNI
Maria Paz;Velazquez;30377321;maria.paz.velazquez@gmail.com;+54929538715;Alumno;DNI
Lautaro Nicolas;Ramirez;30381511;lautaro.nicolas.ramirez@gmail.com;+54921935157;Alumno;DNI
Santiago;Mendoza;30382587;santiago.mendoza@gmail.com;+54932006730;Alumno;DNI
Bautista;Maldonado;30386246;bautista.maldonado@gmail.com;+54925117573;Alumno;DNI
Juan Bautista;Vargas;30386383;juan.bautista.vargas@gmail.com;+54926224096;Alumno;DNI
Francesca;Diaz;30394856;francesca.diaz@gmail.com;+54926110727;Alumno;DNI
Bianca;Soria;30395149;bianca.soria@gmail.com;+54937771138;Alumno;DNI
Francesca;Ledesma;30398761;francesca.ledesma@gmail.com;+54931282830;Alumno;DNI
Augusto;Fernandez;30413264;augusto.fernandez@yahoo.com;+54939271284;Alumno;DNI
Thiago Joaquin;Ruiz;30416964;thiago.joaquin.ruiz@gmail.com;+54926327060;Alumno;DNI
Ignacio;Maidana;30430162;ignacio.maidana@gmail.com;+54925905842;Alumno;DNI
Ciro;Bustos;30437958;ciro.bustos@gmail.com;+54936270325;Alumno;DNI
Lucía;Gonzalez;30445334;lucia.gonzalez@hotmail.com;+54936414214;Alumno;DNI
Lucas Benjamin;Sanchez;30445520;lucas.benjamin.sanchez@outlook.com;+54929732240;Alumno;DNI
Sara;Fernandez;30465936;sara.fernandez@hotmail.com;+54932608459;Alumno;DNI
Sebastian;Peralta;30469731;sebastian.peralta@gmail.com;+54939659347;Alumno;DNI
Clara;Medina;30483176;clara.medina@gmail.com;+54938445967;Alumno;DNI
Maximo;Gonzalez;30506093;maximo.gonzalez@gmail.com;+54939028521;Alumno;DNI
Zoe;Vera;30506698;zoe.vera@gmail.com;+54937877001;Alumno;DNI
Victoria;Fernandez;30507337;victoria.fernandez@gmail.com;+54938756904;Alumno;DNI
Juan Bautista;Cardozo;30520054;juan.bautista.cardozo@gmail.com;+54925311496;Alumno;DNI
Renzo;Rodriguez;30523625;renzo.rodriguez@gmail.com;+54926961633;Alumno;DNI
Antonio;Ledesma;30528419;antonio.ledesma@gmail.com;+54938789658;Alumno;DNI
Mora;Sanchez;30530462;mora.sanchez@hotmail.com;+54937532126;Alumno;DNI
Alexander;Soto;30542692;alexander.soto@yahoo.com;+54932953328;Alumno;DNI
Olivia;Rodriguez;30566758;olivia.rodriguez@gmail.com;+54934641700;Alumno;DNI
Sofia;Mendoza;30609077;sofia.mendoza@gmail.com;+54937446115;Alumno;DNI
Dante;Castro;30616294;dante.castro@gmail.com;+54924034212;Alumno;DNI
Lola;Farias;30619113;lola.farias@outlook.com;+54934121839;Alumno;DNI
Abigail;Luna;30639152;abigail.luna@gmail.com;+54926069413;Alumno;DNI
Amparo;Ojeda;30642032;amparo.ojeda@outlook.com;+54924913594;Alumno;DNI
Guillermina;Sosa;30649167;guillermina.sosa@gmail.com;+54928499225;Alumno;DNI
Victoria;Coronel;30662919;victoria.coronel@gmail.com;+54937356390;Alumno;DNI
Francisco;Romero;30672524;francisco.romero@gmail.com;+54923574938;Alumno;DNI
Tiziana;Fernandez;30674136;tiziana.fernandez@gmail.com;+54931222104;Alumno;DNI
Francisco;Correa;30677244;francisco.correa@gmail.com;+54929542808;Alumno;DNI
Luana;Fernandez;30679979;luana.fernandez@gmail.com;+54927672428;Alumno;DNI
Bautista;Nuñez;30680437;bautista.nunez@yahoo.com;+54933545747;Alumno;DNI
Alma Valentina;Gomez;30682265;alma.valentina.gomez@hotmail.com;+54935613635;Alumno;DNI
Rafael;Ledesma;30700814;rafael.ledesma@yahoo.com;+54929762954;Alumno;DNI
Emilia;Cardozo;30703214;emilia.cardozo@gmail.com;+54938751081;Alumno;DNI
Julia;Gonzalez;30713710;julia.gonzalez@gmail.com;+54922643330;Alumno;DNI
Geronimo;Mansilla;30716676;geronimo.mansilla@hotmail.com;+54927838410;Alumno;DNI
Mateo Joaquin;Garcia;30719634;mateo.joaquin.garcia@gmail.com;+54921650258;Alumno;DNI
Lautaro Benjamin;Benitez;30723545;lautaro.benjamin.benitez@gmail.com;+54931463065;Alumno;DNI
Victoria;Suarez;30735404;victoria.suarez@yahoo.com;+54939001818;Alumno;DNI
Geronimo;Rodriguez;30757580;geronimo.rodriguez@outlook.com;+54936379605;Alumno;DNI
Isabella;Gonzalez;30763126;isabella.gonzalez@outlook.com;+54936271435;Alumno;DNI
Valentina ;Suarez;30763137;valentina.suarez@gmail.com;+54938343966;Alumno;DNI
Benjamin;Paz;30766010;benjamin.paz@gmail.com;+54927295916;Alumno;DNI
Nina;Diaz;30772589;nina.diaz@hotmail.com;+54928153940;Alumno;DNI
Ian;Morales;30781172;ian.morales@gmail.com;+54928455090;Alumno;DNI
Alma Valentina;Molina;30782743;alma.valentina.molina@outlook.com;+54924796504;Alumno;DNI
Gonzalo;Moyano;30789190;gonzalo.moyano@gmail.com;+54938251992;Alumno;DNI
Juan Cruz;Moyano;30800017;juan.cruz.moyano@gmail.com;+54928081024;Alumno;DNI
Felicitas;Cruz;30808302;felicitas.cruz@outlook.com;+54928108883;Alumno;DNI
Santiago;Morales;30808375;santiago.morales@gmail.com;+54937132441;Alumno;DNI
Victoria;Castro;30811908;victoria.castro@gmail.com;+54921816193;Alumno;DNI
Gael;Rojas;30815585;gael.rojas@outlook.com;+54939458368;Alumno;DNI
Alma;Fernandez;30820105;alma.fernandez@gmail.com;+54928253545;Alumno;DNI
Jazmín;Mendez;30839312;jazmin.mendez@gmail.com;+54934934706;Alumno;DNI
Victoria;Fernandez;30851248;victoria.fernandez@gmail.com;+54935324132;Alumno;DNI
Simon;Torres;30856430;simon.torres@outlook.com;+54933762366;Alumno;DNI
Salvador;Martinez;30858543;salvador.martinez@gmail.com;+54932551941;Alumno;DNI
Vicente;Valdez;30894734;vicente.valdez@yahoo.com;+54923317386;Alumno;DNI
Juan Pablo;Sanchez;30898022;juan.pablo.sanchez@hotmail.com;+54926923092;Alumno;DNI
Santino;Barrios;30910226;santino.barrios@hotmail.com;+54936008433;Alumno;DNI
Mateo Joaquin;Olivera;30923193;mateo.joaquin.olivera@gmail.com;+54924810044;Alumno;DNI
Augusto;Flores;30926558;augusto.flores@yahoo.com;+54937045207;Alumno;DNI
Ciro;Lopez;30941372;ciro.lopez@yahoo.com;+54935053066;Alumno;DNI
Luisina;Juarez;30946573;luisina.juarez@gmail.com;+54925128164;Alumno;DNI
Sofia;Godoy;30946614;sofia.godoy@hotmail.com;+54922777438;Alumno;DNI
Nahuel;Ojeda;30958838;nahuel.ojeda@gmail.com;+54938924032;Alumno;DNI
Angel Gabriel;Gonzalez;30961379;angel.gabriel.gonzalez@outlook.com;+54935816868;Alumno;DNI
Guadalupe;Rivero;30966401;guadalupe.rivero@yahoo.com;+54932427856;Alumno;DNI
Lucía;Castro;30973506;lucia.castro@gmail.com;+54926142638;Alumno;DNI
Emma;Rodriguez;30974929;emma.rodriguez@yahoo.com;+54934249857;Alumno;DNI
Santino;Garcia;30985783;santino.garcia@yahoo.com;+54936037412;Alumno;DNI
Matilda;Quiroga;30996789;matilda.quiroga@yahoo.com;+54927434973;Alumno;DNI
Lautaro Ezequiel;Rodriguez;31015246;lautaro.ezequiel.rodriguez@gmail.com;+54923127513;Alumno;DNI
Martina;Coronel;31017566;martina.coronel@hotmail.com;+54936757611;Alumno;DNI
Emma;Acosta;31020972;emma.acosta@gmail.com;+54927004343;Alumno;DNI
Enzo;Lopez;31036656;enzo.lopez@gmail.com;+54936726666;Alumno;DNI
Felipe;Martinez;31061893;felipe.martinez@gmail.com;+54933115083;Alumno;DNI
Bruno;Moyano;31065119;bruno.moyano@yahoo.com;+54927972420;Alumno;DNI
Sol;Gomez;31067946;sol.gomez@gmail.com;+54939800115;Alumno;DNI
Ambar;Carrizo;31071888;ambar.carrizo@gmail.com;+54922042253;Alumno;DNI
Valentina;Ramirez;31076430;valentina.ramirez@gmail.com;+54936451465;Alumno;DNI
Tomás;Martinez;31081090;tomas.martinez@gmail.com;+54932592795;Alumno;DNI
Alfonsina;Perez;31087473;alfonsina.perez@yahoo.com;+54934657235;Alumno;DNI
Alma;Cardozo;31099331;alma.cardozo@gmail.com;+54931610436;Alumno;DNI
Zoe Jazmin;Duarte;31102495;zoe.jazmin.duarte@hotmail.com;+54926331110;Alumno;DNI
Julieta;Luna;31110381;julieta.luna@gmail.com;+54932483787;Alumno;DNI
Faustino;Ramirez;31116340;faustino.ramirez@gmail.com;+54921602057;Alumno;DNI
Santiago;Muñoz;31122274;santiago.munoz@yahoo.com;+54929574262;Alumno;DNI
Juliana;Ramos;31134185;juliana.ramos@hotmail.com;+54929073471;Alumno;DNI
Vicente;Gonzalez;31136038;vicente.gonzalez@gmail.com;+54929711423;Alumno;DNI
Juana;Rodriguez;31153469;juana.rodriguez@gmail.com;+54938048052;Alumno;DNI
Kiara;Ramos;31158762;kiara.ramos@outlook.com;+54934738411;Alumno;DNI
Josefina;Escobar;31162466;josefina.escobar@outlook.com;+54937252282;Alumno;DNI
Delfina;Godoy;31165911;delfina.godoy@gmail.com;+54929463828;Alumno;DNI
Franco;Mendez;31173022;franco.mendez@gmail.com;+54932261478;Alumno;DNI
Lucía ;Fernandez;31177427;lucia.fernandez@gmail.com;+54929143080;Alumno;DNI
Juan Bautista;Garcia;31178906;juan.bautista.garcia@hotmail.com;+54925304519;Alumno;DNI
Mora;Gonzalez;31181222;mora.gonzalez@gmail.com;+54925210276;Alumno;DNI
Franco;Sanchez;31185224;franco.sanchez@yahoo.com;+54929936412;Alumno;DNI
Franco;Miranda;31185628;franco.miranda@gmail.com;+54921233316;Alumno;DNI
Maria Luz;Sanchez;31187731;maria.luz.sanchez@gmail.com;+54925229265;Alumno;DNI
Isabella;Fernandez;31188805;isabella.fernandez@hotmail.com;+54932127662;Alumno;DNI
Felipe;Quiroga;31205804;felipe.quiroga@yahoo.com;+54931358421;Alumno;DNI
Tomas;Pereyra;31206140;tomas.pereyra@gmail.com;+54937975403;Alumno;DNI
Tobias;Torres;31209670;tobias.torres@gmail.com;+54923617501;Alumno;DNI
Lorenzo;Olivera;31221480;lorenzo.olivera@gmail.com;+54935308326;Alumno;DNI
Francisco;Nuñez;31221561;francisco.nunez@gmail.com;+54923038793;Alumno;DNI
Juana;Medina;31222266;juana.medina@gmail.com;+54926469865;Alumno;DNI
Tiziano Benjamin;Gomez;31230787;tiziano.benjamin.gomez@gmail.com;+54927994843;Alumno;DNI
Tomás;Soria;31239788;tomas.soria@gmail.com;+54929062250;Alumno;DNI
Ian Benjamin;Bravo;31261719;ian.benjamin.bravo@gmail.com;+54924108723;Alumno;DNI
Sofía;Martinez;31262811;sofia.martinez@yahoo.com;+54925614182;Alumno;DNI
Ian Benjamin;Moyano;31263287;ian.benjamin.moyano@outlook.com;+54929369912;Alumno;DNI
Mateo;Vargas;31271467;mateo.vargas@yahoo.com;+54927275989;Alumno;DNI
Joaquin;Vera;31277192;joaquin.vera@gmail.com;+54933957546;Alumno;DNI
Catalina;Gonzalez;31278420;catalina.gonzalez@gmail.com;+54928520968;Alumno;DNI
Sofia Belen;Benitez;31295512;sofia.belen.benitez@gmail.com;+54924655624;Alumno;DNI
Catalina;Benitez;31297438;catalina.benitez@gmail.com;+54931867579;Alumno;DNI
Delfina;Barrios;31301580;delfina.barrios@yahoo.com;+54924043585;Alumno;DNI
Benjamin;Molina;31303564;benjamin.molina@gmail.com;+54936243883;Alumno;DNI
Juan Martin;Gutierrez;31305554;juan.martin.gutierrez@yahoo.com;+54935385954;Alumno;DNI
Santino Ezequiel;Quiroga;31313953;santino.ezequiel.quiroga@gmail.com;+54929301507;Alumno;DNI
Guadalupe;Hernandez;31318273;guadalupe.hernandez@gmail.com;+54937870236;Alumno;DNI
Sol;Herrera;31324108;sol.herrera@gmail.com;+54935536298;Alumno;DNI
Mateo;Pereyra;31326547;mateo.pereyra@yahoo.com;+54931732926;Alumno;DNI
Juan Bautista;Acosta;31332769;juan.bautista.acosta@gmail.com;+54921618024;Alumno;DNI
Juan Cruz;Flores;31349203;juan.cruz.flores@gmail.com;+54938451594;Alumno;DNI
Francesca;Alvarez;31352683;francesca.alvarez@outlook.com;+54922918928;Alumno;DNI
Martina;Ledesma;31355414;martina.ledesma@gmail.com;+54928597962;Alumno;DNI
Thiago Benjamin;Benitez;31356012;thiago.benjamin.benitez@yahoo.com;+54925227068;Alumno;DNI
Ian Ezequiel;Silva;31360651;ian.ezequiel.silva@gmail.com;+54938296877;Alumno;DNI
Maria Luz;Moyano;31365812;maria.luz.moyano@gmail.com;+54938565055;Alumno;DNI
Martina;Molina;31366271;martina.molina@gmail.com;+54923195813;Alumno;DNI
Antonia;Quiroga;31370404;antonia.quiroga@outlook.com;+54926370380;Alumno;DNI
Joaquín;Sosa;31379248;joaquin.sosa@outlook.com;+54929752269;Alumno;DNI
Delfina;Diaz;31379839;delfina.diaz@gmail.com;+54939775615;Alumno;DNI
Bastian;Castro;31379964;bastian.castro@gmail.com;+54938576198;Alumno;DNI
Benjamin;Gomez;31388447;benjamin.gomez@gmail.com;+54932557426;Alumno;DNI
Felipe;Gonzalez;31399534;felipe.gonzalez@gmail.com;+54927558309;Alumno;DNI
Juan Ignacio;Fernandez;31404097;juan.ignacio.fernandez@hotmail.com;+54929222941;Alumno;DNI
Juan Ignacio;Cabrera;31425696;juan.ignacio.cabrera@gmail.com;+54922376605;Alumno;DNI
Isabella;Perez;31438321;isabella.perez@yahoo.com;+54929395443;Alumno;DNI
Thiago Daniel;Gonzalez;31438742;thiago.daniel.gonzalez@gmail.com;+54937586863;Alumno;DNI
Micaela;Sosa;31442827;micaela.sosa@outlook.com;+54939513445;Alumno;DNI
Benjamin;Ortiz;31445923;benjamin.ortiz@gmail.com;+54934918793;Alumno;DNI
Santino Gabriel;Perez;31451368;santino.gabriel.perez@yahoo.com;+54929559114;Alumno;DNI
Mateo Benjamin;Gimenez;31453197;mateo.benjamin.gimenez@gmail.com;+54934536421;Alumno;DNI
Bautista;Perez;31467025;bautista.perez@gmail.com;+54924906807;Alumno;DNI
Thiago Benjamin;Acosta;31471846;thiago.benjamin.acosta@gmail.com;+54938324833;Alumno;DNI
Victoria;Suarez;31485455;victoria.suarez@gmail.com;+54921183034;Alumno;DNI
Valentino;Torres;31486885;valentino.torres@gmail.com;+54936382030;Alumno;DNI
Ana Paula;Ruiz;31492591;ana.paula.ruiz@gmail.com;+54925733008;Alumno;DNI
Juan;Aguirre;31500794;juan.aguirre@gmail.com;+54924690424;Alumno;DNI
Violeta;Vazquez;31509667;violeta_vazquez24@nuevo-email.com;+54936964967;Alumno;DNI
Juan Ignacio;Navarro;31510273;juan.ignacio.navarro@gmail.com;+54932127446;Alumno;DNI
Emma;Perez;31528064;emma.perez@gmail.com;+54927361269;Alumno;DNI
Valentina;Nuñez;31528900;valentina.nunez@gmail.com;+54929727667;Alumno;DNI
Bianca;Miranda;31531992;bianca.miranda@gmail.com;+54929210384;Alumno;DNI
Lorenzo;Villalba;31544603;lorenzo.villalba@yahoo.com;+54929240341;Alumno;DNI
Thiago Valentin;Mansilla;31547849;thiago.valentin.mansilla@gmail.com;+54935152592;Alumno;DNI
Sofía;Rodriguez;31554768;sofia.rodriguez@outlook.com;+54935365898;Alumno;DNI
Juana;Ramirez;31559920;juana.ramirez@gmail.com;+54936654505;Alumno;DNI
Paula;Martinez;31562479;paula.martinez@gmail.com;+54939595067;Alumno;DNI
Sofia;Gonzalez;31562676;sofia.gonzalez@gmail.com;+54926846349;Alumno;DNI
Emanuel;Gomez;31576981;emanuel.gomez@gmail.com;+54937344828;Alumno;DNI
Matias;Martinez;31581376;matias.martinez@yahoo.com;+54939954031;Alumno;DNI
Guillermina;Garcia;31591629;guillermina.garcia@outlook.com;+54939054651;Alumno;DNI
Valentina;Coronel;31593963;valentina.coronel@gmail.com;+54921967061;Alumno;DNI
Felipe;Sanchez;31594339;felipe.sanchez@gmail.com;+54926872298;Alumno;DNI
Mateo;Ramirez;31594777;mateo.ramirez@outlook.com;+54934761002;Alumno;DNI
Catalina;Diaz;31599603;catalina.diaz@hotmail.com;+54924088941;Alumno;DNI
Ignacio;Miranda;31615043;ignacio.miranda@gmail.com;+54925744777;Alumno;DNI
Catalina;Barrios;31621161;catalina_barrios24@nuevo-email.com;+54935102381;Alumno;DNI
Mateo Agustin;Figueroa;31629308;mateo.agustin.figueroa@yahoo.com;+54935681037;Alumno;DNI
Milagros;Campos;31634609;milagros.campos@gmail.com;+54933798110;Alumno;DNI
Juan Cruz;Fernandez;31636346;juan.cruz.fernandez@gmail.com;+54937946853;Alumno;DNI
Valentino;Gonzalez;31660305;valentino.gonzalez@gmail.com;+54935937969;Alumno;DNI
Malena;Torres;31662806;malena.torres@gmail.com;+54921761827;Alumno;DNI
Dylan;Torres;31668253;dylan.torres@outlook.com;+54922825593;Alumno;DNI
Ciro;Campos;31681085;ciro.campos@gmail.com;+54934305299;Alumno;DNI
Lautaro;Lucero;31685119;lautaro.lucero@gmail.com;+54922989451;Alumno;DNI
Matias;Gomez;31685297;matias.gomez@gmail.com;+54939782359;Alumno;DNI
Juan Ignacio;Gomez;31692100;juan.ignacio.gomez@hotmail.com;+54924556657;Alumno;DNI
Felipe;Sanchez;31695622;felipe.sanchez@yahoo.com;+54928473851;Alumno;DNI
Benjamin;Morales;31704019;benjamin.morales@hotmail.com;+54938561189;Alumno;DNI
Luana;Gonzalez;31723879;luana.gonzalez@hotmail.com;+54939370807;Alumno;DNI
Isabella;Ruiz;31725100;isabella.ruiz@gmail.com;+54934528176;Alumno;DNI
Juana;Sosa;31730204;juana.sosa@gmail.com;+54937385240;Alumno;DNI
Francesco;Gomez;31730247;francesco.gomez@outlook.com;+54928407754;Alumno;DNI
Victoria;Roldan;31731791;victoria.roldan@hotmail.com;+54934694962;Alumno;DNI
Mora;Arias;31742344;mora.arias@gmail.com;+54937190515;Alumno;DNI
Victoria;Pereyra;31748817;victoria.pereyra@gmail.com;+54928507128;Alumno;DNI
Thiago Nicolas;Roldan;31763113;thiago.nicolas.roldan@outlook.com;+54925971174;Alumno;DNI
Matilda;Gomez;31767975;matilda.gomez@gmail.com;+54931567069;Alumno;DNI
Isabella;Flores;31770202;isabella.flores@gmail.com;+54937226093;Alumno;DNI
Bruno;Ponce;31777177;bruno.ponce@yahoo.com;+54931252111;Alumno;DNI
Angel Gabriel;Diaz;31786305;angel.gabriel.diaz@gmail.com;+54937468800;Alumno;DNI
Lucia;Ramos;31800702;lucia_ramos24@nuevo-email.com;+54934261752;Alumno;DNI
Alma;Vargas;31803019;alma.vargas@gmail.com;+54938788179;Alumno;DNI
Juan Martin;Paez;31821525;juan.martin.paez@yahoo.com;+54937184386;Alumno;DNI
Valentino;Coronel;31834919;valentino.coronel@hotmail.com;+54934601436;Alumno;DNI
Juan Martin;Medina;31835198;juan.martin.medina@outlook.com;+54926769157;Alumno;DNI
Thiago Valentin;Gimenez;31846283;thiago.valentin.gimenez@gmail.com;+54937147279;Alumno;DNI
Mateo;Fernandez;31846333;mateo.fernandez@gmail.com;+54932883247;Alumno;DNI
Mateo Joaquin;Godoy;31848115;mateo.joaquin.godoy@gmail.com;+54924053759;Alumno;DNI
Martina;Coronel;31864701;martina.coronel@gmail.com;+54931316223;Alumno;DNI
Maria Emilia;Valdez;31868622;maria.emilia.valdez@gmail.com;+54924836060;Alumno;DNI
Thiago Joaquin;Paz;31885715;thiago.joaquin.paz@gmail.com;+54924273300;Alumno;DNI
Lautaro Benjamin;Bustos;31888081;lautaro.benjamin.bustos@hotmail.com;+54924407477;Alumno;DNI
Maria Belen;Benitez;31896700;maria.belen.benitez@outlook.com;+54922693576;Alumno;DNI
Felipe;Ledesma;31898350;felipe.ledesma@gmail.com;+54938289935;Alumno;DNI
Lautaro;Diaz;31908414;lautaro.diaz@gmail.com;+54927764121;Alumno;DNI
Thiago Valentin;Rodriguez;31909036;thiago.valentin.rodriguez@gmail.com;+54922800393;Alumno;DNI
Lautaro Benjamin;Castro;31921360;lautaro.benjamin.castro@gmail.com;+54926921416;Alumno;DNI
Mia;Villalba;31922848;mia.villalba@yahoo.com;+54936602379;Alumno;DNI
Benjamin;Flores;31924807;benjamin.flores@gmail.com;+54931829620;Alumno;DNI
Joaquina;Figueroa;31935757;joaquina_figueroa24@nuevo-email.com;+54923464225;Alumno;DNI
Sol;Rojas;31961540;sol.rojas@gmail.com;+54937709067;Alumno;DNI
Juan Ignacio;Barrios;31963378;juan.ignacio.barrios@yahoo.com;+54929895261;Alumno;DNI
Camila;Arias;31992185;camila.arias@gmail.com;+54933004904;Alumno;DNI
Thiago Gabriel;Vazquez;32027618;thiago.gabriel.vazquez@gmail.com;+54931795999;Alumno;DNI
Alma;Flores;32028866;alma.flores@gmail.com;+54939253441;Alumno;DNI
Pilar;Ayala;32028899;pilar.ayala@outlook.com;+54933767498;Alumno;DNI
Paloma;Diaz;32031851;paloma.diaz@gmail.com;+54935553916;Alumno;DNI
Thiago Benjamin;Medina;32033807;thiago.benjamin.medina@yahoo.com;+54929624018;Alumno;DNI
Gino;Ruiz;32034364;gino.ruiz@gmail.com;+54925349591;Alumno;DNI
Milena;Mendoza;32050515;milena.mendoza@yahoo.com;+54935673099;Alumno;DNI
Benicio;Vega;32073901;benicio.vega@gmail.com;+54934255825;Alumno;DNI
Thiago Valentin;Flores;32085812;thiago.valentin.flores@gmail.com;+54933256099;Alumno;DNI
Guillermina;Lopez;32088271;guillermina.lopez@outlook.com;+54932531720;Alumno;DNI
Julieta;Martinez;32096884;julieta.martinez@outlook.com;+54931601200;Alumno;DNI
Delfina;Fernandez;32098690;delfina.fernandez@gmail.com;+54933953178;Alumno;DNI
Alma;Rodriguez;32099297;alma.rodriguez@yahoo.com;+54927468806;Alumno;DNI
Agustin;Garcia;32099618;agustin.garcia@yahoo.com;+54937914083;Alumno;DNI
Thiago Joaquin;Rodriguez;32099939;thiago.joaquin.rodriguez@gmail.com;+54921457655;Alumno;DNI
Luca;Benitez;32100445;luca.benitez@gmail.com;+54922587351;Alumno;DNI
Faustino;Lopez;32101106;faustino.lopez@gmail.com;+54926284268;Alumno;DNI
Juan Cruz;Moreno;32108091;juan.cruz.moreno@outlook.com;+54924428391;Alumno;DNI
Clara;Muñoz;32108581;clara.munoz@gmail.com;+54927532952;Alumno;DNI
Sofia;Gimenez;32119317;sofia.gimenez@gmail.com;+54923893033;Alumno;DNI
Sofia;Coronel;32120170;sofia.coronel@outlook.com;+54926191417;Alumno;DNI
Salvador;Paz;32128322;salvador.paz@gmail.com;+54925531707;Alumno;DNI
Guillermina;Ruiz;32130223;guillermina.ruiz@gmail.com;+54925897617;Alumno;DNI
Rafael;Acuña;32134822;rafael.acuna@gmail.com;+54934455159;Alumno;DNI
Simon;Garcia;32139544;simon.garcia@gmail.com;+54921065300;Alumno;DNI
Olivia;Lopez;32141644;olivia.lopez@hotmail.com;+54926022166;Alumno;DNI
Maria Guadalupe;Peralta;32143636;maria.guadalupe.peralta@gmail.com;+54938131631;Alumno;DNI
Juan Ignacio;Castillo;32150263;juan.ignacio.castillo@hotmail.com;+54927222335;Alumno;DNI
Maria Victoria;Vega;32150912;maria.victoria.vega@hotmail.com;+54928777652;Alumno;DNI
Maria Victoria;Diaz;32151241;maria.victoria.diaz@outlook.com;+54925302803;Alumno;DNI
Ignacio;Martin;32151606;ignacio.martin@outlook.com;+54935522221;Alumno;DNI
Nahiara Jazmin;Farias;32152121;nahiara.jazmin.farias@hotmail.com;+54928568727;Alumno;DNI
Luz Maria;Rodriguez;32160000;luz.maria.rodriguez@gmail.com;+54924517818;Alumno;DNI
Victoria;Martinez;32166416;victoria.martinez@gmail.com;+54928373508;Alumno;DNI
Delfina;Acosta;32169352;delfina.acosta@outlook.com;+54925787523;Alumno;DNI
Lautaro;Rios;32170253;lautaro.rios@gmail.com;+54925360534;Alumno;DNI
Angelina;Romero;32171052;angelina.romero@gmail.com;+54938178605;Alumno;DNI
Lara;Peralta;32171676;lara.peralta@gmail.com;+54921437730;Alumno;DNI
Thiago Agustin;Gomez;32180590;thiago.agustin.gomez@yahoo.com;+54939933633;Alumno;DNI
Matias;Moyano;32183463;matias.moyano@gmail.com;+54929840447;Alumno;DNI
Olivia;Torres;32196825;olivia.torres@outlook.com;+54928895702;Alumno;DNI
Juan Cruz;Lucero;32200927;juan.cruz.lucero@hotmail.com;+54926650107;Alumno;DNI
Alma;Martinez;32201924;alma.martinez@gmail.com;+54921113316;Alumno;DNI
Morena;Escobar;32204161;morena.escobar@yahoo.com;+54921729101;Alumno;DNI
Mateo Agustin;Martinez;32228319;mateo.agustin.martinez@gmail.com;+54929855876;Alumno;DNI
Renata;Perez;32231628;renata.perez@hotmail.com;+54925138871;Alumno;DNI
Mateo Agustin;Soto;32241129;mateo.agustin.soto@gmail.com;+54936837207;Alumno;DNI
Paloma;Castro;32247069;paloma.castro@hotmail.com;+54922001700;Alumno;DNI
Bruno;Herrera;32259990;bruno.herrera@gmail.com;+54923344971;Alumno;DNI
Valentina;Ayala;32264676;valentina.ayala@yahoo.com;+54931510774;Alumno;DNI
Emiliano;Gonzalez;32270986;emiliano.gonzalez@gmail.com;+54921086227;Alumno;DNI
Juan Pablo;Suarez;32272850;juan.pablo.suarez@outlook.com;+54932783178;Alumno;DNI
Nicolas;Quiroga;32281165;nicolas.quiroga@gmail.com;+54939133206;Alumno;DNI
Francisca;Perez;32283744;francisca.perez@gmail.com;+54926980596;Alumno;DNI
Delfina;Fernandez;32284080;delfina.fernandez@gmail.com;+54922249634;Alumno;DNI
Valentino;Martinez;32284312;valentino.martinez@gmail.com;+54926941296;Alumno;DNI
Josefina;Herrera;32286145;josefina.herrera@gmail.com;+54933448568;Alumno;DNI
Juan Cruz;Fernandez;32295114;juan.cruz.fernandez@yahoo.com;+54927140828;Alumno;DNI
Maia;Gonzalez;32308961;maia.gonzalez@hotmail.com;+54934189671;Alumno;DNI
Mora;Moreno;32318137;mora.moreno@gmail.com;+54932202564;Alumno;DNI
Delfina;Paz;32329071;delfina.paz@gmail.com;+54935024461;Alumno;DNI
Santiago;Villalba;32330822;santiago.villalba@gmail.com;+54932853364;Alumno;DNI
Thiago Joaquin;Romero;32339744;thiago.joaquin.romero@gmail.com;+54936856557;Alumno;DNI
Máximo;Rodriguez;32343092;maximo.rodriguez@yahoo.com;+54926934828;Alumno;DNI
Mateo;Rodriguez;32349636;mateo.rodriguez@gmail.com;+54931169960;Alumno;DNI
Manuel;Lopez;32349994;manuel.lopez@outlook.com;+54938128627;Alumno;DNI
Lara;Rodriguez;32357600;lara.rodriguez@hotmail.com;+54933098485;Alumno;DNI
Amparo;Vera;32362905;amparo.vera@gmail.com;+54923244765;Alumno;DNI
Juana;Rios;32369229;juana.rios@yahoo.com;+54928725176;Alumno;DNI
Isabella;Alvarez;32388706;isabella.alvarez@gmail.com;+54934010957;Alumno;DNI
Pilar;Lopez;32409630;pilar.lopez@gmail.com;+54931387031;Alumno;DNI
Victoria;Sosa;32412306;victoria.sosa@yahoo.com;+54939629040;Alumno;DNI
Lucas;Sanchez;32416248;lucas.sanchez@gmail.com;+54927994314;Alumno;DNI
Micaela;Lopez;32430086;micaela.lopez@yahoo.com;+54922127030;Alumno;DNI
Catalina;Molina;32435922;catalina.molina@gmail.com;+54929878340;Alumno;DNI
Bianca;Lopez;32440459;bianca.lopez@hotmail.com;+54931732166;Alumno;DNI
Jazmin;Ledesma;32441127;jazmin.ledesma@gmail.com;+54925614868;Alumno;DNI
Maria Emilia;Suarez;32443281;maria.emilia.suarez@yahoo.com;+54925644031;Alumno;DNI
Maximo;Gonzalez;32449620;maximo.gonzalez@outlook.com;+54937591737;Alumno;DNI
Bianca;Gimenez;32451951;bianca.gimenez@gmail.com;+54939504224;Alumno;DNI
Martina;Ortiz;32454237;martina.ortiz@gmail.com;+54922482168;Alumno;DNI
Julieta;Alvarez;32459600;julieta.alvarez@gmail.com;+54931703456;Alumno;DNI
Francisca;Medina;32460250;francisca.medina@gmail.com;+54933794613;Alumno;DNI
Ana Paula;Gonzalez;32463030;ana.paula.gonzalez@gmail.com;+54931500459;Alumno;DNI
Mateo;Rodriguez;32474711;mateo.rodriguez@outlook.com;+54938232050;Alumno;DNI
Juliana;Miranda;32480053;juliana.miranda@outlook.com;+54924437668;Alumno;DNI
Thiago Leonel;Gonzalez;32480780;thiago.leonel.gonzalez@gmail.com;+54938819373;Alumno;DNI
Martina;Hernandez;32486624;martina_hernandez24@nuevo-email.com;+54927754922;Alumno;DNI
Malena;Rodriguez;32487000;malena.rodriguez@hotmail.com;+54938496653;Alumno;DNI
Elena;Castro;32496231;elena.castro@gmail.com;+54939219876;Alumno;DNI
Federico;Ramirez;32498967;federico.ramirez@gmail.com;+54929681349;Alumno;DNI
Juan Ignacio;Suarez;32522161;juan.ignacio.suarez@gmail.com;+54921968473;Alumno;DNI
Julian;Aguirre;32540190;julian.aguirre@yahoo.com;+54924725293;Alumno;DNI
Francisco;Rodriguez;32550613;francisco.rodriguez@gmail.com;+54938449374;Alumno;DNI
Mia Jazmin;Castillo;32556008;mia.jazmin.castillo@gmail.com;+54921045495;Alumno;DNI
Sofia Belen;Acosta;32567561;sofia.belen.acosta@gmail.com;+54928960880;Alumno;DNI
Tiziano Benjamin;Acosta;32575818;tiziano.benjamin.acosta@yahoo.com;+54922972531;Alumno;DNI
Amparo;Roldan;32578687;amparo_roldan24@nuevo-email.com;+54934658880;Alumno;DNI
Valentina;Rios;32581169;valentina.rios@gmail.com;+54924470353;Alumno;DNI
Antonella;Ruiz;32583779;antonella.ruiz@gmail.com;+54931194733;Alumno;DNI
Rosario;Gonzalez;32592763;rosario.gonzalez@gmail.com;+54937707755;Alumno;DNI
Valentino;Paz;32604998;valentino.paz@gmail.com;+54921650154;Alumno;DNI
Tomás;Lopez;32658531;tomas.lopez@gmail.com;+54929290955;Alumno;DNI
Genaro;Rodriguez;32659067;genaro.rodriguez@yahoo.com;+54929452152;Alumno;DNI
Guadalupe;Garcia;32664172;guadalupe.garcia@gmail.com;+54928061915;Alumno;DNI
Francisco;Peralta;32673458;francisco.peralta@outlook.com;+54923026935;Alumno;DNI
Felipe;Ruiz;32682238;felipe.ruiz@yahoo.com;+54936314213;Alumno;DNI
Zoe Valentina;Torres;32686293;zoe.valentina.torres@gmail.com;+54938339847;Alumno;DNI
Bautista;Toledo;32692729;bautista.toledo@hotmail.com;+54928041173;Alumno;DNI
Thiago Ezequiel;Molina;32697331;thiago.ezequiel.molina@hotmail.com;+54925849188;Alumno;DNI
Guadalupe;Ojeda;32698751;guadalupe.ojeda@gmail.com;+54928248204;Alumno;DNI
Lautaro;Figueroa;32702619;lautaro.figueroa@yahoo.com;+54926671332;Alumno;DNI
Maria Paz;Ruiz;32703610;maria.paz.ruiz@gmail.com;+54933150999;Alumno;DNI
Mora;Rojas;32705831;mora.rojas@gmail.com;+54939969928;Alumno;DNI
Helena;Lopez;32712408;helena.lopez@outlook.com;+54928378733;Alumno;DNI
Facundo;Flores;32723334;facundo.flores@gmail.com;+54929672706;Alumno;DNI
Maximo;Velazquez;32726810;maximo.velazquez@gmail.com;+54932166292;Alumno;DNI
Santino;Sosa;32738313;santino.sosa@gmail.com;+54927101644;Alumno;DNI
Bautista Benjamin;Ruiz;32776935;bautista.benjamin.ruiz@gmail.com;+54935263801;Alumno;DNI
Felipe;Rodriguez;32785292;felipe.rodriguez@hotmail.com;+54925268722;Alumno;DNI
Angelina;Pereyra;32789755;angelina.pereyra@gmail.com;+54929625391;Alumno;DNI
Josefina;Garcia;32794495;josefina.garcia@outlook.com;+54933917679;Alumno;DNI
Alma;Fernandez;32800317;alma.fernandez@yahoo.com;+54931001657;Alumno;DNI
Luca;Gonzalez;32805911;luca.gonzalez@gmail.com;+54928439079;Alumno;DNI
Santiago Benjamin;Lopez;32808702;santiago.benjamin.lopez@gmail.com;+54938264907;Alumno;DNI
Vicente;Sanchez;32811654;vicente.sanchez@hotmail.com;+54922052983;Alumno;DNI
Juan Ignacio;Rojas;32816822;juan.ignacio.rojas@gmail.com;+54925354047;Alumno;DNI
Emma;Chavez;32817735;emma.chavez@gmail.com;+54932121715;Alumno;DNI
Santino;Benitez;32821847;santino.benitez@gmail.com;+54923801070;Alumno;DNI
Juan;Sanchez;32823541;juan.sanchez@hotmail.com;+54932532696;Alumno;DNI
Mateo Agustin;Ponce;32830740;mateo.agustin.ponce@outlook.com;+54933864828;Alumno;DNI
Mateo Ezequiel;Silva;32838454;mateo.ezequiel.silva@outlook.com;+54928000722;Alumno;DNI
Mateo;Mansilla;32839194;mateo.mansilla@gmail.com;+54939658085;Alumno;DNI
Juliana;Lopez;32839404;juliana.lopez@gmail.com;+54929481879;Alumno;DNI
Juana;Rios;32844429;juana.rios@gmail.com;+54924825721;Alumno;DNI
Lucas Ezequiel;Medina;32855448;lucas.ezequiel.medina@yahoo.com;+54939101797;Alumno;DNI
Francisco;Gonzalez;32860968;francisco.gonzalez@gmail.com;+54933216241;Alumno;DNI
Delfina;Aguirre;32864447;delfina.aguirre@yahoo.com;+54922281078;Alumno;DNI
Geronimo;Castillo;32875207;geronimo.castillo@yahoo.com;+54923992142;Alumno;DNI
Gabriel;Acosta;32889452;gabriel.acosta@gmail.com;+54934984154;Alumno;DNI
Lucia;Soria;32901887;lucia.soria@hotmail.com;+54929775530;Alumno;DNI
Lucas;Gomez;32902968;lucas.gomez@gmail.com;+54934560230;Alumno;DNI
Facundo;Paez;32905120;facundo.paez@gmail.com;+54922030561;Alumno;DNI
Bianca;Martinez;32911130;bianca.martinez@gmail.com;+54922609700;Alumno;DNI
Gonzalo;Muñoz;32919443;gonzalo.munoz@yahoo.com;+54934243541;Alumno;DNI
Pedro;Alvarez;32932411;pedro.alvarez@hotmail.com;+54933462180;Alumno;DNI
Santino;Acosta;32935035;santino.acosta@gmail.com;+54931069475;Alumno;DNI
Thiago Leonel;Villalba;32965831;thiago.leonel.villalba@gmail.com;+54935720626;Alumno;DNI
Priscila;Gonzalez;32966903;priscila.gonzalez@gmail.com;+54939105293;Alumno;DNI
Milena;Suarez;32971550;milena.suarez@yahoo.com;+54931914580;Alumno;DNI
Jazmin;Cordoba;32976983;jazmin.cordoba@gmail.com;+54922894607;Alumno;DNI
Maria Guadalupe;Alvarez;32986537;maria.guadalupe.alvarez@gmail.com;+54927095950;Alumno;DNI
Felipe;Carrizo;32991581;felipe.carrizo@outlook.com;+54938446642;Alumno;DNI
Mateo Benjamin;Ruiz;32997790;mateo.benjamin.ruiz@gmail.com;+54923162089;Alumno;DNI
Alma;Ferreyra;33025091;alma.ferreyra@yahoo.com;+54922911447;Alumno;DNI
Luciano Benjamin;Fernandez;33033916;luciano.benjamin.fernandez@hotmail.com;+54921470161;Alumno;DNI
Geronimo;Ramirez;33035804;geronimo_ramirez24@nuevo-email.com;+54929975339;Alumno;DNI
Agustín;Vargas;33037423;agustin.vargas@outlook.com;+54924803891;Alumno;DNI
Alma;Caceres;33043866;alma.caceres@yahoo.com;+54922635632;Alumno;DNI
Mateo Agustin;Cabrera;33049597;mateo.agustin.cabrera@hotmail.com;+54939583082;Alumno;DNI
Santiago;Perez;33074317;santiago.perez@gmail.com;+54933719288;Alumno;DNI
Jeronimo;Vega;33076159;jeronimo.vega@yahoo.com;+54929401402;Alumno;DNI
Santiago;Avila;33081027;santiago.avila@yahoo.com;+54926446030;Alumno;DNI
Agustín;Maldonado;33084765;agustin.maldonado@gmail.com;+54923926791;Alumno;DNI
Valentino;Ferreyra;33088513;valentino.ferreyra@gmail.com;+54922791991;Alumno;DNI
Agustina;Olivera;33109769;agustina.olivera@outlook.com;+54923688001;Alumno;DNI
Emanuel;Aguero;33112320;emanuel.aguero@outlook.com;+54933507122;Alumno;DNI
Lorenzo;Blanco;33115581;lorenzo.blanco@gmail.com;+54929042649;Alumno;DNI
Jeremias;Moyano;33127447;jeremias.moyano@gmail.com;+54933867942;Alumno;DNI
Valentina ;Fernandez;33130984;valentina.fernandez@yahoo.com;+54924516282;Alumno;DNI
Milagros;Hernandez;33133815;milagros.hernandez@hotmail.com;+54927872709;Alumno;DNI
Guadalupe;Luna;33143242;guadalupe.luna@gmail.com;+54937666689;Alumno;DNI
Angelina;Caceres;33155313;angelina.caceres@outlook.com;+54937546527;Alumno;DNI
Tomas;Arias;33158030;tomas.arias@hotmail.com;+54932179090;Alumno;DNI
Mateo Benjamin;Coronel;33175574;mateo.benjamin.coronel@gmail.com;+54936158883;Alumno;DNI
Nicolas;Gomez;33179098;nicolas.gomez@gmail.com;+54937811162;Alumno;DNI
Valentino;Moreno;33191684;valentino.moreno@gmail.com;+54939655837;Alumno;DNI
Giuliana;Ferreyra;33193102;giuliana.ferreyra@hotmail.com;+54939795952;Alumno;DNI
Felipe;Suarez;33195960;felipe.suarez@outlook.com;+54925322510;Alumno;DNI
Ana Paula;Hernandez;33201122;ana.paula.hernandez@gmail.com;+54931179767;Alumno;DNI
Francisco;Gimenez;33212131;francisco.gimenez@outlook.com;+54938366659;Alumno;DNI
Joaquin;Ledesma;33221169;joaquin.ledesma@gmail.com;+54925818360;Alumno;DNI
Lorenzo;Rodriguez;33225144;lorenzo.rodriguez@yahoo.com;+54933132806;Alumno;DNI
Valentino;Gonzalez;33229738;valentino.gonzalez@gmail.com;+54922683184;Alumno;DNI
Juan Manuel;Luna;33247205;juan.manuel.luna@yahoo.com;+54929083475;Alumno;DNI
Emilia;Rivero;33247551;emilia.rivero@gmail.com;+54931357659;Alumno;DNI
Sofia;Diaz;33259158;sofia.diaz@gmail.com;+54928600394;Alumno;DNI
Valentina ;Gomez;33267106;valentina.gomez@gmail.com;+54925375989;Alumno;DNI
Federico;Cordoba;33276302;federico.cordoba@gmail.com;+54936617911;Alumno;DNI
Alexander;Ojeda;33293475;alexander.ojeda@outlook.com;+54937632317;Alumno;DNI
Amparo;Perez;33296162;amparo.perez@gmail.com;+54927465753;Alumno;DNI
Ignacio;Aguirre;33304657;ignacio.aguirre@gmail.com;+54934257613;Alumno;DNI
Bastian;Fernandez;33320861;bastian.fernandez@gmail.com;+54939056663;Alumno;DNI
Jazmin;Flores;33333250;jazmin.flores@gmail.com;+54927861126;Alumno;DNI
Bautista;Romero;33338311;bautista.romero@gmail.com;+54928791991;Alumno;DNI
Guadalupe;Gimenez;33352008;guadalupe.gimenez@gmail.com;+54929411441;Alumno;DNI
Joaquin;Flores;33353040;joaquin.flores@gmail.com;+54928458115;Alumno;DNI
Santiago;Roldan;33353197;santiago.roldan@gmail.com;+54935963393;Alumno;DNI
Valentino;Morales;33362152;valentino.morales@gmail.com;+54939735775;Alumno;DNI
Guadalupe;Fernandez;33375552;guadalupe.fernandez@gmail.com;+54933471967;Alumno;DNI
Charo;Martinez;33379578;charo.martinez@gmail.com;+54926809235;Alumno;DNI
Valentino;Fernandez;33381581;valentino.fernandez@gmail.com;+54923199485;Alumno;DNI
Benjamin;Gomez;33386069;benjamin.gomez@gmail.com;+54929993057;Alumno;DNI
Francesca;Juarez;33387615;francesca.juarez@gmail.com;+54921002133;Alumno;DNI
Zoe;Perez;33397920;zoe.perez@gmail.com;+54929715023;Alumno;DNI
Maximo;Romero;33418893;maximo.romero@gmail.com;+54926556620;Alumno;DNI
Sofia Belen;Lucero;33423546;sofia.belen.lucero@gmail.com;+54936448717;Alumno;DNI
Santiago;Diaz;33429749;santiago.diaz@hotmail.com;+54925662085;Alumno;DNI
Delfina;Medina;33436656;delfina.medina@gmail.com;+54921752128;Alumno;DNI
Juan Sebastian;Romero;33444595;juan.sebastian.romero@gmail.com;+54925820532;Alumno;DNI
Mora;Castillo;33452954;mora.castillo@gmail.com;+54926624041;Alumno;DNI
Thiago;Escobar;33460388;thiago.escobar@outlook.com;+54935409601;Alumno;DNI
Santino;Rodriguez;33479160;santino.rodriguez@gmail.com;+54924970261;Alumno;DNI
Francesca;Martinez;33488611;francesca.martinez@yahoo.com;+54929453631;Alumno;DNI
Thiago Gabriel;Flores;33493292;thiago.gabriel.flores@hotmail.com;+54922006549;Alumno;DNI
Juan David;Martinez;33505185;juan.david.martinez@gmail.com;+54935685770;Alumno;DNI
Jazmin;Figueroa;33506985;jazmin_figueroa24@nuevo-email.com;+54936221648;Alumno;DNI
Tomás;Morales;33507272;tomas.morales@gmail.com;+54921290851;Alumno;DNI
Lautaro Benjamin;Vega;33511174;lautaro.benjamin.vega@gmail.com;+54923596472;Alumno;DNI
Pilar;Gonzalez;33518284;pilar.gonzalez@gmail.com;+54934391905;Alumno;DNI
Mora;Avila;33520255;mora.avila@gmail.com;+54931082724;Alumno;DNI
Ignacio;Alvarez;33520372;ignacio.alvarez@gmail.com;+54931182508;Alumno;DNI
Delfina;Farias;33528686;delfina.farias@gmail.com;+54939597533;Alumno;DNI
Valentino;Suarez;33541682;valentino.suarez@gmail.com;+54936502039;Alumno;DNI
Maria Emilia;Castro;33544470;maria.emilia.castro@hotmail.com;+54936120639;Alumno;DNI
Abril;Vazquez;33545850;abril.vazquez@yahoo.com;+54921629761;Alumno;DNI
Josefina;Garcia;33547291;josefina.garcia@gmail.com;+54927926449;Alumno;DNI
Delfina;Sosa;33555444;delfina.sosa@yahoo.com;+54926997901;Alumno;DNI
Matias;Ponce;33556417;matias_ponce24@nuevo-email.com;+54933118454;Alumno;DNI
Guillermina;Ponce;33566074;guillermina.ponce@gmail.com;+54924942419;Alumno;DNI
Delfina;Acuña;33567445;delfina.acuna@yahoo.com;+54931504515;Alumno;DNI
Jeremias;Figueroa;33568791;jeremias.figueroa@gmail.com;+54925770480;Alumno;DNI
Alfonsina;Quiroga;33582066;alfonsina.quiroga@gmail.com;+54925374263;Alumno;DNI
Catalina;Romero;33594873;catalina.romero@gmail.com;+54928354023;Alumno;DNI
Morena Jazmin;Benitez;33596181;morena.jazmin.benitez@gmail.com;+54926834039;Alumno;DNI
Juan Manuel;Diaz;33601032;juan.manuel.diaz@yahoo.com;+54928331051;Alumno;DNI
Martina;Martinez;33610212;martina.martinez@gmail.com;+54932618643;Alumno;DNI
Martina;Medina;33614240;martina.medina@gmail.com;+54934182700;Alumno;DNI
Mateo Benjamin;Cardozo;33619676;mateo.benjamin.cardozo@gmail.com;+54932811836;Alumno;DNI
Jazmin;Coronel;33630695;jazmin.coronel@gmail.com;+54939477879;Alumno;DNI
Sofía;Barrios;33641153;sofia.barrios@gmail.com;+54922744875;Alumno;DNI
Antonia;Aguirre;33648177;antonia.aguirre@gmail.com;+54921180023;Alumno;DNI
Maria Victoria;Blanco;33649881;maria.victoria.blanco@gmail.com;+54921060667;Alumno;DNI
Lorenzo;Herrera;33663590;lorenzo_herrera24@nuevo-email.com;+54939986990;Alumno;DNI
Thiago Agustin;Torres;33665133;thiago.agustin.torres@outlook.com;+54927443520;Alumno;DNI
Valentina ;Aguirre;33673050;valentina.aguirre@yahoo.com;+54923251613;Alumno;DNI
Valentino;Martinez;33678309;valentino_martinez24@nuevo-email.com;+54921371058;Alumno;DNI
Thiago Benjamin;Ayala;33683627;thiago.benjamin.ayala@gmail.com;+54933390062;Alumno;DNI
Lucía ;Campos;33688099;lucia.campos@yahoo.com;+54924663766;Alumno;DNI
Josefina;Ledesma;33693770;josefina.ledesma@outlook.com;+54933030053;Alumno;DNI
Agostina;Diaz;33693959;agostina.diaz@yahoo.com;+54938886108;Alumno;DNI
Benjamin;Sosa;33696189;benjamin.sosa@yahoo.com;+54939812286;Alumno;DNI
Maria Emilia;Benitez;33697024;maria.emilia.benitez@gmail.com;+54939689826;Alumno;DNI
Felipe;Chavez;33698941;felipe.chavez@gmail.com;+54939779173;Alumno;DNI
Alma;Perez;33699765;alma.perez@hotmail.com;+54936645122;Alumno;DNI
Luca;Martinez;33709759;luca.martinez@gmail.com;+54921208450;Alumno;DNI
Uma;Castro;33714793;uma.castro@gmail.com;+54923831242;Alumno;DNI
Mia;Mendez;33717161;mia.mendez@gmail.com;+54932711287;Alumno;DNI
Agustín;Perez;33722791;agustin.perez@outlook.com;+54933019512;Alumno;DNI
Sebastian;Ramos;33730130;sebastian.ramos@hotmail.com;+54927459393;Alumno;DNI
Valentino;Farias;33730688;valentino.farias@hotmail.com;+54927566066;Alumno;DNI
Jazmin;Martinez;33742338;jazmin.martinez@gmail.com;+54932505960;Alumno;DNI
Matias;Carrizo;33745990;matias.carrizo@gmail.com;+54936964789;Alumno;DNI
Alejo;Lopez;33753511;alejo.lopez@hotmail.com;+54921299549;Alumno;DNI
Valentina;Paz;33789545;valentina.paz@gmail.com;+54926276570;Alumno;DNI
Tiziano;Gomez;33792064;tiziano.gomez@gmail.com;+54923437952;Alumno;DNI
Felipe;Ledesma;33800391;felipe.ledesma@gmail.com;+54937049628;Alumno;DNI
Francesco;Maidana;33816707;francesco.maidana@gmail.com;+54938748874;Alumno;DNI
Manuel;Romero;33818954;manuel.romero@gmail.com;+54932551342;Alumno;DNI
Lautaro;Moyano;33822169;lautaro.moyano@yahoo.com;+54939524015;Alumno;DNI
Ambar;Gomez;33827674;ambar.gomez@hotmail.com;+54926148695;Alumno;DNI
Angel Gabriel;Ayala;33828320;angel.gabriel.ayala@gmail.com;+54923975222;Alumno;DNI
Thiago Agustin;Gonzalez;33831924;thiago.agustin.gonzalez@gmail.com;+54938444805;Alumno;DNI
Joaquin;Flores;33838303;joaquin.flores@outlook.com;+54939656415;Alumno;DNI
Juan Pablo;Vega;33846409;juan.pablo.vega@gmail.com;+54934572670;Alumno;DNI
Juana;Gomez;33857648;juana.gomez@yahoo.com;+54933752886;Alumno;DNI
Camilo;Acosta;33871049;camilo.acosta@outlook.com;+54922601518;Alumno;DNI
Juan Ignacio;Fernandez;33878037;juan.ignacio.fernandez@outlook.com;+54932833919;Alumno;DNI
Delfina;Sosa;33883514;delfina.sosa@yahoo.com;+54927373724;Alumno;DNI
Bautista;Velazquez;33885760;bautista.velazquez@outlook.com;+54936320670;Alumno;DNI
Helena;Martinez;33895965;helena.martinez@gmail.com;+54937033281;Alumno;DNI
Agostina;Benitez;33896639;agostina.benitez@gmail.com;+54938951316;Alumno;DNI
Luca;Romero;33898883;luca.romero@gmail.com;+54939119576;Alumno;DNI
Thiago;Diaz;33910188;thiago.diaz@gmail.com;+54935761975;Alumno;DNI
Francisco;Medina;33914516;francisco.medina@gmail.com;+54921705083;Alumno;DNI
Mateo;Acuña;33916616;mateo.acuna@gmail.com;+54927320983;Alumno;DNI
Dylan Benjamin;Medina;33922912;dylan.benjamin.medina@outlook.com;+54921805550;Alumno;DNI
Tiziano;Sanchez;33948364;tiziano.sanchez@gmail.com;+54937632861;Alumno;DNI
Santino;Gomez;33952849;santino.gomez@outlook.com;+54939243631;Alumno;DNI
Malena;Fernandez;33957369;malena.fernandez@gmail.com;+54928691744;Alumno;DNI
Valentina;Diaz;33962182;valentina.diaz@gmail.com;+54936333975;Alumno;DNI
Benicio;Barrios;33964267;benicio.barrios@hotmail.com;+54929326960;Alumno;DNI
Juan;Ramirez;33984071;juan.ramirez@gmail.com;+54927259320;Alumno;DNI
Benjamin;Alvarez;33988348;benjamin.alvarez@yahoo.com;+54929994033;Alumno;DNI
Santiago Benjamin;Muñoz;34007375;santiago.benjamin.munoz@outlook.com;+54934333070;Alumno;DNI
Lola;Caceres;34011987;lola.caceres@yahoo.com;+54929964004;Alumno;DNI
Sofia;Ramirez;34027014;sofia.ramirez@gmail.com;+54926851639;Alumno;DNI
Juan Ignacio;Lopez;34033433;juan.ignacio.lopez@gmail.com;+54937341359;Alumno;DNI
Julia;Flores;34039776;julia.flores@gmail.com;+54934986730;Alumno;DNI
Alma Jazmin;Fernandez;34044850;alma.jazmin.fernandez@gmail.com;+54939365364;Alumno;DNI
Constantino;Acosta;34057124;constantino.acosta@gmail.com;+54938536227;Alumno;DNI
Tomás;Gonzalez;34059848;tomas.gonzalez@gmail.com;+54938247495;Alumno;DNI
Ignacio;Gonzalez;34070539;ignacio.gonzalez@gmail.com;+54923688357;Alumno;DNI
Thiago Leonel;Gomez;34077479;thiago.leonel.gomez@outlook.com;+54921784032;Alumno;DNI
Isabella;Garcia;34078388;isabella.garcia@gmail.com;+54936889612;Alumno;DNI
Benicio;Acosta;34081471;benicio.acosta@hotmail.com;+54926289859;Alumno;DNI
Milagros;Maidana;34089245;milagros.maidana@gmail.com;+54923150648;Alumno;DNI
Mateo Benjamin;Perez;34092604;mateo.benjamin.perez@yahoo.com;+54922188357;Alumno;DNI
Valentina;Castro;34108557;valentina.castro@gmail.com;+54935182775;Alumno;DNI
Alfonsina;Lopez;34130452;alfonsina.lopez@yahoo.com;+54928303147;Alumno;DNI
Helena;Gomez;34130787;helena.gomez@gmail.com;+54931795083;Alumno;DNI
Paloma;Alvarez;34146531;paloma.alvarez@yahoo.com;+54922870519;Alumno;DNI
Juan Bautista;Gomez;34148661;juan.bautista.gomez@gmail.com;+54929941501;Alumno;DNI
Alma;Gonzalez;34151433;alma.gonzalez@gmail.com;+54922352468;Alumno;DNI
Juan Ignacio;Ponce;34161904;juan.ignacio.ponce@yahoo.com;+54921270479;Alumno;DNI
Olivia;Miranda;34166651;olivia.miranda@yahoo.com;+54934715217;Alumno;DNI
Benicio;Cruz;34197558;benicio.cruz@gmail.com;+54921561384;Alumno;DNI
Morena;Benitez;34198627;morena.benitez@gmail.com;+54926610157;Alumno;DNI
Bautista;Acosta;34207249;bautista.acosta@gmail.com;+54933557407;Alumno;DNI
Matilda;Nuñez;34209869;matilda.nunez@yahoo.com;+54927501204;Alumno;DNI
Bautista;Ruiz;34211417;bautista.ruiz@hotmail.com;+54937633160;Alumno;DNI
Santino Benjamin;Silva;34218122;santino.benjamin.silva@yahoo.com;+54934661449;Alumno;DNI
Julieta;Valdez;34219114;julieta.valdez@gmail.com;+54927378680;Alumno;DNI
Bautista;Fernandez;34223113;bautista.fernandez@gmail.com;+54931454593;Alumno;DNI
Guadalupe;Coronel;34250668;guadalupe.coronel@yahoo.com;+54935945990;Alumno;DNI
Lautaro;Valdez;34255143;lautaro.valdez@hotmail.com;+54927581224;Alumno;DNI
Santino;Lopez;34265698;santino.lopez@hotmail.com;+54924088377;Alumno;DNI
Alfonsina;Rivero;34288472;alfonsina.rivero@gmail.com;+54927579385;Alumno;DNI
Benjamin;Lopez;34290854;benjamin.lopez@gmail.com;+54922848412;Alumno;DNI
Martina;Romero;34294158;martina.romero@gmail.com;+54936188488;Alumno;DNI
Milagros;Cabrera;34299183;milagros.cabrera@gmail.com;+54923061286;Alumno;DNI
Alma;Sanchez;34316765;alma.sanchez@gmail.com;+54924263934;Alumno;DNI
Catalina;Quiroga;34318077;catalina.quiroga@gmail.com;+54928056505;Alumno;DNI
Julia;Garcia;34341037;julia.garcia@gmail.com;+54936424333;Alumno;DNI
Catalina;Luna;34343190;catalina.luna@gmail.com;+54925551130;Alumno;DNI
Agustina;Mansilla;34343777;agustina.mansilla@gmail.com;+54939463002;Alumno;DNI
Alejo;Juarez;34353357;alejo.juarez@gmail.com;+54929777774;Alumno;DNI
Ignacio;Ruiz;34355144;ignacio.ruiz@gmail.com;+54928119307;Alumno;DNI
Julieta;Sanchez;34355689;julieta.sanchez@gmail.com;+54921911477;Alumno;DNI
Ignacio;Medina;34356341;ignacio.medina@gmail.com;+54933353620;Alumno;DNI
Valentina;Gomez;34356381;valentina.gomez@gmail.com;+54932065509;Alumno;DNI
Santino;Bustos;34363040;santino.bustos@hotmail.com;+54929793338;Alumno;DNI
Maximiliano;Moreno;34364066;maximiliano.moreno@gmail.com;+54939744314;Alumno;DNI
Joaquin;Mansilla;34365303;joaquin.mansilla@hotmail.com;+54928958083;Alumno;DNI
Ian Ezequiel;Lopez;34401288;ian.ezequiel.lopez@gmail.com;+54925419578;Alumno;DNI
Francisco;Castillo;34411929;francisco.castillo@gmail.com;+54939313382;Alumno;DNI
Ciro Benjamin;Gonzalez;34432017;ciro.benjamin.gonzalez@gmail.com;+54929442981;Alumno;DNI
Benjamin;Roldan;34441439;benjamin.roldan@gmail.com;+54935089831;Alumno;DNI
Emma;Diaz;34443405;emma.diaz@outlook.com;+54927950602;Alumno;DNI
Emma;Lucero;34446593;emma.lucero@outlook.com;+54931428192;Alumno;DNI
Bautista Benjamin;Acosta;34446896;bautista.benjamin.acosta@gmail.com;+54928458367;Alumno;DNI
Tomás;Gonzalez;34447081;tomas.gonzalez@yahoo.com;+54927310414;Alumno;DNI
Santiago Nicolas;Gomez;34452113;santiago.nicolas.gomez@yahoo.com;+54922650546;Alumno;DNI
Mateo Ezequiel;Gomez;34457031;mateo.ezequiel.gomez@hotmail.com;+54921780993;Alumno;DNI
Isabella;Dominguez;34471842;isabella.dominguez@hotmail.com;+54934853632;Alumno;DNI
Milena;Gonzalez;34485777;milena.gonzalez@gmail.com;+54932264145;Alumno;DNI
Julieta;Fernandez;34486034;julieta.fernandez@gmail.com;+54937872887;Alumno;DNI
Alma Mia;Carrizo;34494885;alma.mia.carrizo@outlook.com;+54921293049;Alumno;DNI
Dylan Benjamin;Mendez;34498415;dylan.benjamin.mendez@gmail.com;+54938356149;Alumno;DNI
Dylan Ezequiel;Diaz;34501518;dylan.ezequiel.diaz@gmail.com;+54925801895;Alumno;DNI
Valentin;Alvarez;34508314;valentin.alvarez@yahoo.com;+54923683900;Alumno;DNI
Julian;Fernandez;34508579;julian.fernandez@gmail.com;+54923620745;Alumno;DNI
Milagros;Arias;34529542;milagros.arias@gmail.com;+54933133516;Alumno;DNI
Agustina;Ramirez;34531843;agustina.ramirez@gmail.com;+54924506445;Alumno;DNI
Lautaro;Ledesma;34543225;lautaro.ledesma@gmail.com;+54938965291;Alumno;DNI
Catalina;Sosa;34554550;catalina.sosa@hotmail.com;+54939047776;Alumno;DNI
Tiziano Valentin;Rodriguez;34554870;tiziano.valentin.rodriguez@yahoo.com;+54923993435;Alumno;DNI
Nina;Rodriguez;34567608;nina.rodriguez@yahoo.com;+54923300776;Alumno;DNI
Dylan;Medina;34572098;dylan.medina@yahoo.com;+54938702128;Alumno;DNI
Salvador;Correa;34577564;salvador.correa@gmail.com;+54925242874;Alumno;DNI
Santiago;Rodriguez;34615409;santiago.rodriguez@gmail.com;+54936057539;Alumno;DNI
Oriana;Sanchez;34617592;oriana.sanchez@outlook.com;+54929714369;Alumno;DNI
Lisandro;Ruiz;34627342;lisandro.ruiz@gmail.com;+54927112919;Alumno;DNI
Ciro;Rodriguez;34631318;ciro.rodriguez@yahoo.com;+54928477119;Alumno;DNI
Luca;Fernandez;34631520;luca.fernandez@gmail.com;+54931990390;Alumno;DNI
Santiago;Farias;34635361;santiago.farias@outlook.com;+54938273233;Alumno;DNI
Ramiro;Vazquez;34636803;ramiro.vazquez@outlook.com;+54937483725;Alumno;DNI
Facundo;Paez;34641008;facundo.paez@gmail.com;+54923406650;Alumno;DNI
Bruno;Gimenez;34647475;bruno.gimenez@gmail.com;+54932806169;Alumno;DNI
Zoe;Franco;34648956;zoe.franco@gmail.com;+54927063482;Alumno;DNI
Justina;Diaz;34657279;justina.diaz@hotmail.com;+54929403217;Alumno;DNI
Valentino;Lopez;34661132;valentino.lopez@gmail.com;+54921339476;Alumno;DNI
Lorenzo;Martinez;34666804;lorenzo.martinez@gmail.com;+54937402958;Alumno;DNI
Valentino;Sanchez;34687649;valentino.sanchez@yahoo.com;+54931603255;Alumno;DNI
Joaquin;Mansilla;34696467;joaquin.mansilla@gmail.com;+54937175960;Alumno;DNI
Tiziano Benjamin;Martinez;34702143;tiziano.benjamin.martinez@gmail.com;+54926424065;Alumno;DNI
Benjamin Ezequiel;Medina;34704174;benjamin.ezequiel.medina@yahoo.com;+54932356753;Alumno;DNI
Benjamin Ezequiel;Garcia;34705463;benjamin.ezequiel.garcia@gmail.com;+54924106445;Alumno;DNI
Isabella;Acosta;34711560;isabella.acosta@yahoo.com;+54933960862;Alumno;DNI
Thiago Benjamin;Romero;34715773;thiago.benjamin.romero@outlook.com;+54936058576;Alumno;DNI
Alma Valentina;Flores;34724187;alma.valentina.flores@gmail.com;+54933232889;Alumno;DNI
Sofia;Rodriguez;34728997;sofia.rodriguez@hotmail.com;+54921199773;Alumno;DNI
Thiago Gabriel;Fernandez;34729179;thiago.gabriel.fernandez@gmail.com;+54937709681;Alumno;DNI
Guadalupe;Diaz;34731502;guadalupe.diaz@hotmail.com;+54935628000;Alumno;DNI
Joaquin;Roldan;34743406;joaquin.roldan@gmail.com;+54929313988;Alumno;DNI
Benjamin Ezequiel;Flores;34743897;benjamin.ezequiel.flores@gmail.com;+54935923371;Alumno;DNI
Lola;Pereyra;34758464;lola.pereyra@gmail.com;+54934295981;Alumno;DNI
Maria Victoria;Bravo;34759191;maria.victoria.bravo@hotmail.com;+54922601623;Alumno;DNI
Tomás;Villalba;34761805;tomas.villalba@outlook.com;+54923880421;Alumno;DNI
Santino;Herrera;34764302;santino.herrera@gmail.com;+54925444531;Alumno;DNI
Ana Paula;Pereyra;34785335;ana.paula.pereyra@gmail.com;+54929600575;Alumno;DNI
Agustin;Lopez;34793173;agustin.lopez@gmail.com;+54929983196;Alumno;DNI
Benjamin;Avila;34801591;benjamin.avila@yahoo.com;+54923993699;Alumno;DNI
Martina;Ojeda;34814097;martina.ojeda@gmail.com;+54923269248;Alumno;DNI
Facundo;Figueroa;34832335;facundo.figueroa@gmail.com;+54939829731;Alumno;DNI
Tobias;Nuñez;34839561;tobias.nunez@yahoo.com;+54937236714;Alumno;DNI
Mateo Benjamin;Gonzalez;34841664;mateo.benjamin.gonzalez@gmail.com;+54935307559;Alumno;DNI
Helena;Benitez;34844319;helena.benitez@outlook.com;+54927594551;Alumno;DNI
Dante;Vargas;34845546;dante.vargas@hotmail.com;+54926296000;Alumno;DNI
Milagros;Maldonado;34850065;milagros.maldonado@yahoo.com;+54922824071;Alumno;DNI
Lautaro Nahuel;Martinez;34850967;lautaro.nahuel.martinez@gmail.com;+54933048482;Alumno;DNI
Jeronimo;Ledesma;34858008;jeronimo.ledesma@gmail.com;+54934285333;Alumno;DNI
Bianca;Gonzalez;34864189;bianca.gonzalez@outlook.com;+54937858770;Alumno;DNI
Facundo;Gomez;34869838;facundo.gomez@gmail.com;+54938774942;Alumno;DNI
Lautaro;Gomez;34873483;lautaro.gomez@gmail.com;+54925914004;Alumno;DNI
Maximo;Toledo;34883029;maximo.toledo@gmail.com;+54934232266;Alumno;DNI
Zoe Jazmin;Maldonado;34887945;zoe.jazmin.maldonado@gmail.com;+54931238508;Alumno;DNI
Paloma;Gonzalez;34888999;paloma.gonzalez@gmail.com;+54938402726;Alumno;DNI
Lautaro;Luna;34896530;lautaro.luna@gmail.com;+54936342447;Alumno;DNI
Emma;Gomez;34912303;emma.gomez@yahoo.com;+54933877261;Alumno;DNI
Josefina;Gonzalez;34919210;josefina.gonzalez@gmail.com;+54932398088;Alumno;DNI
Santino Gabriel;Diaz;34923335;santino.gabriel.diaz@gmail.com;+54932459481;Alumno;DNI
Juan David;Fernandez;34933089;juan.david.fernandez@hotmail.com;+54926632958;Alumno;DNI
Benjamin;Nuñez;34933614;benjamin.nunez@gmail.com;+54922376897;Alumno;DNI
Clara;Gomez;34935270;clara.gomez@gmail.com;+54926373974;Alumno;DNI
Pedro;Coronel;34939319;pedro.coronel@gmail.com;+54925808086;Alumno;DNI
Delfina;Aguero;34944058;delfina.aguero@gmail.com;+54939808330;Alumno;DNI
Lautaro;Silva;34971595;lautaro.silva@gmail.com;+54934819495;Alumno;DNI
Matias;Peralta;34977085;matias.peralta@gmail.com;+54934427434;Alumno;DNI
Justina;Maldonado;34987487;justina.maldonado@gmail.com;+54935351855;Alumno;DNI
Sofia;Gomez;34989772;sofia.gomez@outlook.com;+54927434100;Alumno;DNI
Isabella;Gimenez;34998039;isabella_gimenez24@nuevo-email.com;+54931395102;Alumno;DNI
Pilar;Blanco;35023742;pilar.blanco@hotmail.com;+54924571189;Alumno;DNI
Sebastian;Ledesma;35031297;sebastian.ledesma@outlook.com;+54927574586;Alumno;DNI
Angelina;Ruiz;35033683;angelina.ruiz@gmail.com;+54934495457;Alumno;DNI
Delfina;Diaz;35038799;delfina.diaz@gmail.com;+54926379283;Alumno;DNI
Ciro;Diaz;35049197;ciro.diaz@outlook.com;+54932219202;Alumno;DNI
Maria Emilia;Herrera;35054932;maria.emilia.herrera@gmail.com;+54932526002;Alumno;DNI
Dante;Diaz;35061213;dante.diaz@yahoo.com;+54925644914;Alumno;DNI
Ciro;Peralta;35069582;ciro.peralta@gmail.com;+54924484464;Alumno;DNI
Catalina;Gonzalez;35077928;catalina.gonzalez@gmail.com;+54932758507;Alumno;DNI
Maximo;Rojas;35081927;maximo.rojas@outlook.com;+54925320906;Alumno;DNI
Antonia;Castillo;35111521;antonia.castillo@gmail.com;+54933638314;Alumno;DNI
Amparo;Pereyra;35115152;amparo.pereyra@gmail.com;+54932497262;Alumno;DNI
Santino Benjamin;Lopez;35129843;santino.benjamin.lopez@gmail.com;+54921748383;Alumno;DNI
Thiago Lionel;Farias;35133995;thiago.lionel.farias@gmail.com;+54935314716;Alumno;DNI
Alejo;Gonzalez;35147199;alejo.gonzalez@gmail.com;+54924288396;Alumno;DNI
Tiziano;Torres;35155411;tiziano.torres@hotmail.com;+54934839661;Alumno;DNI
Agustin;Correa;35155914;agustin.correa@hotmail.com;+54926261896;Alumno;DNI
Lautaro Benjamin;Fernandez;35188238;lautaro.benjamin.fernandez@yahoo.com;+54924502897;Alumno;DNI
Agostina;Rivero;35196112;agostina.rivero@hotmail.com;+54939847134;Alumno;DNI
Juana;Garcia;35199789;juana.garcia@gmail.com;+54929101928;Alumno;DNI
Benicio;Acosta;35207049;benicio.acosta@gmail.com;+54939121163;Alumno;DNI
Miguel Angel;Valdez;35212815;miguel.angel.valdez@hotmail.com;+54935769991;Alumno;DNI
Thiago Benjamin;Soria;35213115;thiago.benjamin.soria@outlook.com;+54937940567;Alumno;DNI
Lautaro Benjamin;Paz;35218002;lautaro.benjamin.paz@gmail.com;+54924237428;Alumno;DNI
Bautista;Moyano;35242773;bautista.moyano@outlook.com;+54929491350;Alumno;DNI
Bautista;Garcia;35267675;bautista.garcia@gmail.com;+54938025884;Alumno;DNI
Delfina;Juarez;35276014;delfina.juarez@gmail.com;+54923126237;Alumno;DNI
Luisina;Coronel;35278293;luisina.coronel@yahoo.com;+54931500267;Alumno;DNI
Juan Martin;Alvarez;35281520;juan.martin.alvarez@gmail.com;+54921825400;Alumno;DNI
Mia Morena;Ramos;35282987;mia.morena.ramos@yahoo.com;+54922556382;Alumno;DNI
Paloma;Molina;35284612;paloma.molina@gmail.com;+54937614912;Alumno;DNI
Julia;Ruiz;35294128;julia.ruiz@gmail.com;+54922868953;Alumno;DNI
Sofia;Fernandez;35297114;sofia.fernandez@gmail.com;+54933820868;Alumno;DNI
Thiago Nicolas;Hernandez;35303961;thiago.nicolas.hernandez@gmail.com;+54934425369;Alumno;DNI
Zoe Valentina;Molina;35310111;zoe.valentina.molina@gmail.com;+54937925384;Alumno;DNI
Maria Emilia;Martinez;35316729;maria.emilia.martinez@outlook.com;+54926144761;Alumno;DNI
Renzo;Gomez;35320655;renzo.gomez@outlook.com;+54931826750;Alumno;DNI
Lautaro;Franco;35325959;lautaro.franco@gmail.com;+54937940608;Alumno;DNI
Lautaro Benjamin;Gimenez;35330350;lautaro.benjamin.gimenez@gmail.com;+54927285441;Alumno;DNI
Ciro;Fernandez;35345987;ciro.fernandez@hotmail.com;+54927578671;Alumno;DNI
Alfonsina;Carrizo;35376871;alfonsina.carrizo@outlook.com;+54932281938;Alumno;DNI
Bautista;Ortiz;35383408;bautista.ortiz@gmail.com;+54925867544;Alumno;DNI
Alma;Paz;35385278;alma.paz@gmail.com;+54923207489;Alumno;DNI
Valentin;Martinez;35388639;valentin.martinez@gmail.com;+54925148912;Alumno;DNI
Lola;Acuña;35407054;lola.acuna@gmail.com;+54938007780;Alumno;DNI
Emanuel;Medina;35409911;emanuel.medina@gmail.com;+54939453357;Alumno;DNI
Mateo Agustin;Torres;35410565;mateo.agustin.torres@gmail.com;+54932398260;Alumno;DNI
Emilia;Pereyra;35412606;emilia.pereyra@yahoo.com;+54925715226;Alumno;DNI
Benicio;Ramos;35415212;benicio.ramos@gmail.com;+54928881141;Alumno;DNI
Luca;Gonzalez;35419862;luca.gonzalez@gmail.com;+54937009146;Alumno;DNI
Facundo;Maldonado;35420584;facundo.maldonado@outlook.com;+54935129462;Alumno;DNI
Dante;Ramirez;35425422;dante.ramirez@gmail.com;+54932056715;Alumno;DNI
Luz Milagros;Medina;35437650;luz.milagros.medina@outlook.com;+54924926811;Alumno;DNI
Mia;Rodriguez;35440459;mia.rodriguez@yahoo.com;+54931044901;Alumno;DNI
Violeta;Gomez;35449166;violeta.gomez@outlook.com;+54927284262;Alumno;DNI
Thiago Benjamin;Romero;35450908;thiago.benjamin.romero@gmail.com;+54925598530;Alumno;DNI
Benjamin;Miranda;35457839;benjamin.miranda@gmail.com;+54938506543;Alumno;DNI
Lautaro Benjamin;Alvarez;35468094;lautaro.benjamin.alvarez@outlook.com;+54934142024;Alumno;DNI
Jazmin;Cabrera;35470566;jazmin.cabrera@gmail.com;+54933628341;Alumno;DNI
Victoria;Bustos;35471829;victoria.bustos@yahoo.com;+54934914998;Alumno;DNI
Joaquin;Juarez;35476879;joaquin.juarez@gmail.com;+54932421143;Alumno;DNI
Franco;Perez;35486815;franco.perez@gmail.com;+54926506421;Alumno;DNI
Lautaro Benjamin;Ramirez;35501443;lautaro.benjamin.ramirez@hotmail.com;+54925861123;Alumno;DNI
Juan Bautista;Cardozo;35509748;juan.bautista.cardozo@gmail.com;+54938981732;Alumno;DNI
Lautaro Benjamin;Figueroa;35511517;lautaro.benjamin.figueroa@outlook.com;+54937284080;Alumno;DNI
Lautaro Ezequiel;Cabrera;35515194;lautaro.ezequiel.cabrera@gmail.com;+54923605258;Alumno;DNI
Valentina Jazmin;Flores;35517461;valentina.jazmin.flores@yahoo.com;+54929850324;Alumno;DNI
Maximo;Flores;35517472;maximo.flores@gmail.com;+54933410323;Alumno;DNI
Jazmín;Suarez;35524090;jazmin.suarez@hotmail.com;+54938748933;Alumno;DNI
Juana;Maldonado;35532629;juana.maldonado@gmail.com;+54936131037;Alumno;DNI
Santino;Gonzalez;35543489;santino.gonzalez@gmail.com;+54927031064;Alumno;DNI
Simon;Garcia;35552454;simon.garcia@gmail.com;+54938548194;Alumno;DNI
Ignacio;Diaz;35563087;ignacio.diaz@gmail.com;+54924949875;Alumno;DNI
Constanza;Flores;35565985;constanza.flores@hotmail.com;+54928214246;Alumno;DNI
Delfina;Lopez;35569822;delfina.lopez@hotmail.com;+54922508478;Alumno;DNI
Benjamin;Dominguez;35572715;benjamin.dominguez@gmail.com;+54933737295;Alumno;DNI
Valentina ;Gutierrez;35574653;valentina.gutierrez@gmail.com;+54933546331;Alumno;DNI
Bianca;Silva;35579453;bianca.silva@outlook.com;+54925341155;Alumno;DNI
Angelina;Garcia;35580984;angelina.garcia@gmail.com;+54939336024;Alumno;DNI
Agustin;Flores;35589315;agustin.flores@gmail.com;+54927732706;Alumno;DNI
Benjamin;Martinez;35598065;benjamin.martinez@gmail.com;+54938518295;Alumno;DNI
Tomas;Mansilla;35598228;tomas.mansilla@yahoo.com;+54932975035;Alumno;DNI
Agustín;Silva;35605561;agustin.silva@outlook.com;+54935334868;Alumno;DNI
Tobias;Castillo;35608376;tobias.castillo@gmail.com;+54926091713;Alumno;DNI
Gonzalo;Garcia;35620137;gonzalo.garcia@outlook.com;+54938922082;Alumno;DNI
Amparo;Sosa;35625713;amparo.sosa@yahoo.com;+54932429474;Alumno;DNI
Maite;Villalba;35627041;maite.villalba@outlook.com;+54939606282;Alumno;DNI
Emilia;Sanchez;35629692;emilia.sanchez@gmail.com;+54922999413;Alumno;DNI
Santino;Vazquez;35643961;santino.vazquez@gmail.com;+54939233922;Alumno;DNI
Ludmila;Sanchez;35648819;ludmila.sanchez@gmail.com;+54929164362;Alumno;DNI
Simon;Perez;35650079;simon.perez@gmail.com;+54935760814;Alumno;DNI
Luciano;Ayala;35652925;luciano.ayala@yahoo.com;+54938718403;Alumno;DNI
Tomas;Rodriguez;35654379;tomas.rodriguez@outlook.com;+54924486949;Alumno;DNI
Francesca;Ruiz;35667236;francesca.ruiz@gmail.com;+54935457920;Alumno;DNI
Ian Benjamin;Ruiz;35668496;ian.benjamin.ruiz@gmail.com;+54923112335;Alumno;DNI
Bautista;Flores;35674650;bautista.flores@yahoo.com;+54929039861;Alumno;DNI
Santiago;Soto;35683885;santiago.soto@gmail.com;+54929717254;Alumno;DNI
Bruno;Romero;35690393;bruno.romero@outlook.com;+54931640655;Alumno;DNI
Emilia;Moreno;35718936;emilia.moreno@gmail.com;+54935883763;Alumno;DNI
Renata;Rivero;35720054;renata.rivero@gmail.com;+54922928880;Alumno;DNI
Dante;Ruiz;35722006;dante.ruiz@gmail.com;+54939485100;Alumno;DNI
Olivia;Flores;35740137;olivia.flores@gmail.com;+54927687292;Alumno;DNI
Juan Ignacio;Vega;35745673;juan.ignacio.vega@outlook.com;+54928302542;Alumno;DNI
Benicio;Romero;35753821;benicio.romero@gmail.com;+54934932690;Alumno;DNI
Thiago Joaquin;Alvarez;35757363;thiago.joaquin.alvarez@gmail.com;+54926888359;Alumno;DNI
Ludmila;Martinez;35792864;ludmila.martinez@gmail.com;+54922446550;Alumno;DNI
Ignacio;Herrera;35809204;ignacio.herrera@gmail.com;+54921978926;Alumno;DNI
Ian Ezequiel;Paez;35810239;ian.ezequiel.paez@outlook.com;+54927650639;Alumno;DNI
Sofía;Valdez;35821025;sofia.valdez@gmail.com;+54933966346;Alumno;DNI
Jazmin;Sosa;35824110;jazmin.sosa@hotmail.com;+54928561675;Alumno;DNI
Ciro;Toledo;35834047;ciro.toledo@gmail.com;+54939887405;Alumno;DNI
Luca;Gimenez;35837738;luca.gimenez@gmail.com;+54928395749;Alumno;DNI
Gael;Rios;35839853;gael.rios@gmail.com;+54937795817;Alumno;DNI
Juan Ignacio;Gonzalez;35842163;juan.ignacio.gonzalez@outlook.com;+54923200749;Alumno;DNI
Emma;Rojas;35844073;emma.rojas@gmail.com;+54936978656;Alumno;DNI
Constantino;Correa;35845730;constantino.correa@hotmail.com;+54931832777;Alumno;DNI
Matias;Martin;35850567;matias.martin@gmail.com;+54922769738;Alumno;DNI
Renata;Lopez;35854507;renata.lopez@yahoo.com;+54923508482;Alumno;DNI
Juan Martin;Rodriguez;35891432;juan.martin.rodriguez@yahoo.com;+54929051290;Alumno;DNI
Guadalupe;Rodriguez;35895932;guadalupe.rodriguez@yahoo.com;+54929958689;Alumno;DNI
Thiago;Vera;35904105;thiago.vera@yahoo.com;+54937348232;Alumno;DNI
Martina;Perez;35906862;martina.perez@yahoo.com;+54921793774;Alumno;DNI
Luca;Gutierrez;35915007;luca.gutierrez@yahoo.com;+54927895016;Alumno;DNI
Valentina;Gonzalez;35915416;valentina.gonzalez@outlook.com;+54929491607;Alumno;DNI
Benicio;Ponce;35915600;benicio_ponce24@nuevo-email.com;+54937182696;Alumno;DNI
Guadalupe;Cardozo;35926356;guadalupe.cardozo@gmail.com;+54935508874;Alumno;DNI
Camilo;Ramos;35927529;camilo.ramos@outlook.com;+54934562380;Alumno;DNI
Martina;Moreno;35930527;martina.moreno@gmail.com;+54924805090;Alumno;DNI
Francisco;Sosa;35940256;francisco.sosa@gmail.com;+54937127580;Alumno;DNI
Ana Paula;Peralta;35944501;ana.paula.peralta@gmail.com;+54931027685;Alumno;DNI
Franco;Sanchez;35947218;franco.sanchez@gmail.com;+54925993503;Alumno;DNI
Catalina;Sosa;35951430;catalina.sosa@gmail.com;+54932745282;Alumno;DNI
Miguel Angel;Mansilla;35953678;miguel.angel.mansilla@outlook.com;+54923312498;Alumno;DNI
Facundo;Flores;35961291;facundo.flores@outlook.com;+54929951730;Alumno;DNI
Santiago;Godoy;35965210;santiago.godoy@outlook.com;+54928854543;Alumno;DNI
Valentin;Sanchez;35975020;valentin.sanchez@outlook.com;+54939103284;Alumno;DNI
Dylan Ezequiel;Lopez;35983804;dylan.ezequiel.lopez@gmail.com;+54921738784;Alumno;DNI
Tomas;Rodriguez;35990190;tomas.rodriguez@yahoo.com;+54935763251;Alumno;DNI
Manuel;Sosa;35994686;manuel.sosa@gmail.com;+54929705278;Alumno;DNI
Emma;Cruz;36002678;emma.cruz@gmail.com;+54924584414;Alumno;DNI
Ambar;Gonzalez;36003291;ambar.gonzalez@gmail.com;+54925739740;Alumno;DNI
Facundo;Diaz;36005534;facundo.diaz@gmail.com;+54937352263;Alumno;DNI
Juana;Gomez;36015798;juana.gomez@hotmail.com;+54924716701;Alumno;DNI
Sebastian;Escobar;36016561;sebastian.escobar@gmail.com;+54938812828;Alumno;DNI
Lucía;Fernandez;36028849;lucia.fernandez@gmail.com;+54929822674;Alumno;DNI
Thiago Benjamin;Gonzalez;36031653;thiago.benjamin.gonzalez@gmail.com;+54928211399;Alumno;DNI
Alma Mia;Gonzalez;36040952;alma.mia.gonzalez@gmail.com;+54936107840;Alumno;DNI
Camila;Correa;36050675;camila.correa@outlook.com;+54938858201;Alumno;DNI
Juana;Ponce;36057182;juana.ponce@outlook.com;+54923801772;Alumno;DNI
Joaquin;Mendez;36065546;joaquin.mendez@gmail.com;+54931162665;Alumno;DNI
Nahiara Jazmin;Morales;36070932;nahiara.jazmin.morales@hotmail.com;+54939834691;Alumno;DNI
Victoria;Pereyra;36083652;victoria.pereyra@outlook.com;+54924743313;Alumno;DNI
Valentino;Gimenez;36092237;valentino.gimenez@gmail.com;+54926228522;Alumno;DNI
Joaquin;Muñoz;36098117;joaquin.munoz@hotmail.com;+54926908562;Alumno;DNI
Josefina;Leiva;36117422;josefina.leiva@yahoo.com;+54936686630;Alumno;DNI
Santino;Gomez;36128228;santino.gomez@hotmail.com;+54922201548;Alumno;DNI
Juana;Castro;36133533;juana.castro@gmail.com;+54925087979;Alumno;DNI
Emma;Fernandez;36138156;emma.fernandez@gmail.com;+54934187412;Alumno;DNI
Ambar;Gonzalez;36145210;ambar.gonzalez@gmail.com;+54927034941;Alumno;DNI
Luz Milagros;Paz;36156003;luz.milagros.paz@gmail.com;+54931421931;Alumno;DNI
Luz Milagros;Correa;36158027;luz.milagros.correa@gmail.com;+54922365511;Alumno;DNI
Nicolas;Lopez;36158336;nicolas.lopez@gmail.com;+54923748631;Alumno;DNI
Juan Ignacio;Toledo;36160142;juan.ignacio.toledo@gmail.com;+54932819657;Alumno;DNI
Santino Ezequiel;Vega;36161620;santino.ezequiel.vega@yahoo.com;+54932281663;Alumno;DNI
Ludmila;Lopez;36163868;ludmila.lopez@gmail.com;+54923433079;Alumno;DNI
Tiziano Valentin;Gonzalez;36169395;tiziano.valentin.gonzalez@gmail.com;+54923806289;Alumno;DNI
Santiago;Caceres;36185529;santiago.caceres@gmail.com;+54929737443;Alumno;DNI
Bianca;Fernandez;36187665;bianca.fernandez@hotmail.com;+54939745752;Alumno;DNI
Paloma;Vazquez;36200569;paloma.vazquez@gmail.com;+54933812923;Alumno;DNI
Luciano;Escobar;36219416;luciano.escobar@gmail.com;+54936120056;Alumno;DNI
Justina;Gutierrez;36227478;justina.gutierrez@gmail.com;+54931195095;Alumno;DNI
Juana;Fernandez;36234502;juana.fernandez@gmail.com;+54931081615;Alumno;DNI
Maria Paz;Rodriguez;36235580;maria.paz.rodriguez@gmail.com;+54936748872;Alumno;DNI
Nicolas;Lopez;36236123;nicolas.lopez@outlook.com;+54929131391;Alumno;DNI
Olivia;Villalba;36251602;olivia.villalba@yahoo.com;+54924856233;Alumno;DNI
Maite;Ramos;36257669;maite.ramos@gmail.com;+54921363807;Alumno;DNI
Olivia;Olivera;36279807;olivia.olivera@yahoo.com;+54923091902;Alumno;DNI
Catalina;Rodriguez;36286352;catalina.rodriguez@gmail.com;+54935772423;Alumno;DNI
Bautista;Cabrera;36296794;bautista.cabrera@hotmail.com;+54926965764;Alumno;DNI
Mateo Agustin;Medina;36300221;mateo.agustin.medina@gmail.com;+54939078832;Alumno;DNI
Mia;Paez;36304118;mia.paez@gmail.com;+54927231546;Alumno;DNI
Isabella;Arias;36309794;isabella.arias@hotmail.com;+54934709937;Alumno;DNI
Santiago;Peralta;36313373;santiago.peralta@yahoo.com;+54925438160;Alumno;DNI
Thiago Agustin;Vega;36314879;thiago.agustin.vega@gmail.com;+54921986549;Alumno;DNI
Paulina;Fernandez;36322281;paulina.fernandez@hotmail.com;+54928963138;Alumno;DNI
Benicio;Roldan;36326296;benicio.roldan@hotmail.com;+54922327266;Alumno;DNI
Renata;Rodriguez;36331097;renata.rodriguez@gmail.com;+54932601158;Alumno;DNI
Milagros;Herrera;36349336;milagros.herrera@gmail.com;+54936941937;Alumno;DNI
Catalina;Rios;36349870;catalina.rios@hotmail.com;+54934410122;Alumno;DNI
Joaquin;Perez;36362413;joaquin.perez@gmail.com;+54931181360;Alumno;DNI
Malena;Gomez;36364003;malena.gomez@gmail.com;+54925696727;Alumno;DNI
Santiago;Pereyra;36369209;santiago.pereyra@outlook.com;+54935356554;Alumno;DNI
Mia Morena;Rios;36377876;mia.morena.rios@hotmail.com;+54938279824;Alumno;DNI
Valentin;Aguirre;36380821;valentin.aguirre@hotmail.com;+54935293830;Alumno;DNI
Thiago Benjamin;Suarez;36392604;thiago.benjamin.suarez@outlook.com;+54938688461;Alumno;DNI
Jeremias;Flores;36421707;jeremias.flores@gmail.com;+54922279114;Alumno;DNI
Benjamin;Soria;36434636;benjamin.soria@gmail.com;+54928287129;Alumno;DNI
Josefina;Sosa;36443537;josefina.sosa@gmail.com;+54932953403;Alumno;DNI
Tomás;Molina;36456678;tomas.molina@gmail.com;+54926580121;Alumno;DNI
Isabella;Sanchez;36461761;isabella.sanchez@outlook.com;+54927918739;Alumno;DNI
Luisana;Juarez;36462635;luisana.juarez@hotmail.com;+54936086690;Alumno;DNI
Martina;Benitez;36470833;martina.benitez@hotmail.com;+54935470946;Alumno;DNI
Ana Paula;Molina;36480390;ana.paula.molina@gmail.com;+54933773025;Alumno;DNI
Violeta;Diaz;36489803;violeta.diaz@hotmail.com;+54927264086;Alumno;DNI
Benicio;Gomez;36490297;benicio.gomez@yahoo.com;+54936756025;Alumno;DNI
Lucas Benjamin;Perez;36501353;lucas.benjamin.perez@outlook.com;+54939971832;Alumno;DNI
Octavio;Sanchez;36510557;octavio.sanchez@gmail.com;+54927843007;Alumno;DNI
Mia Morena;Fernandez;36511898;mia.morena.fernandez@gmail.com;+54937936933;Alumno;DNI
Candelaria;Benitez;36514168;candelaria.benitez@gmail.com;+54925357985;Alumno;DNI
Renata;Medina;36514666;renata.medina@yahoo.com;+54925182753;Alumno;DNI
Giuliana;Blanco;36520319;giuliana.blanco@yahoo.com;+54932927786;Alumno;DNI
Olivia;Soto;36532331;olivia.soto@gmail.com;+54931107196;Alumno;DNI
Juan Ignacio;Perez;36534604;juan.ignacio.perez@gmail.com;+54934119083;Alumno;DNI
Lola;Martinez;36537106;lola.martinez@yahoo.com;+54925940082;Alumno;DNI
Guillermina;Garcia;36542829;guillermina.garcia@gmail.com;+54929573056;Alumno;DNI
Francesca;Gonzalez;36570791;francesca.gonzalez@gmail.com;+54933564933;Alumno;DNI
Bruno;Blanco;36583358;bruno.blanco@gmail.com;+54923126065;Alumno;DNI
Bautista;Ruiz;36594040;bautista.ruiz@outlook.com;+54922634888;Alumno;DNI
Martina;Gimenez;36594251;martina.gimenez@gmail.com;+54935179045;Alumno;DNI
Isabella;Ledesma;36600824;isabella.ledesma@gmail.com;+54929380878;Alumno;DNI
Morena;Sosa;36615209;morena.sosa@outlook.com;+54925978577;Alumno;DNI
Micaela;Villalba;36617253;micaela.villalba@gmail.com;+54922577786;Alumno;DNI
Maximo;Perez;36629400;maximo.perez@yahoo.com;+54925890528;Alumno;DNI
Candelaria;Romero;36630045;candelaria.romero@yahoo.com;+54932671593;Alumno;DNI
Ludmila;Herrera;36651921;ludmila.herrera@yahoo.com;+54921133238;Alumno;DNI
Ignacio;Moyano;36659139;ignacio.moyano@hotmail.com;+54933789602;Alumno;DNI
Mia Jazmin;Duarte;36659434;mia.jazmin.duarte@gmail.com;+54921781659;Alumno;DNI
Isabella;Nuñez;36676918;isabella.nunez@gmail.com;+54939727053;Alumno;DNI
Guadalupe;Sanchez;36691364;guadalupe.sanchez@gmail.com;+54922815403;Alumno;DNI
Mora;Martin;36701152;mora.martin@yahoo.com;+54921080372;Alumno;DNI
Nicolas;Pereyra;36701529;nicolas.pereyra@gmail.com;+54927531008;Alumno;DNI
Joaquín;Castro;36702199;joaquin.castro@outlook.com;+54922428548;Alumno;DNI
Bautista;Muñoz;36718901;bautista.munoz@gmail.com;+54928191067;Alumno;DNI
Franco;Perez;36725023;franco.perez@outlook.com;+54921019113;Alumno;DNI
Sebastian;Silva;36727365;sebastian.silva@hotmail.com;+54922363579;Alumno;DNI
Manuel;Martinez;36727561;manuel.martinez@gmail.com;+54922035091;Alumno;DNI
Alma;Martinez;36742732;alma.martinez@gmail.com;+54929293875;Alumno;DNI
Emilia;Rios;36744678;emilia.rios@gmail.com;+54923622911;Alumno;DNI
Maite;Martinez;36745278;maite.martinez@gmail.com;+54933711700;Alumno;DNI
Alejo;Juarez;36746458;alejo.juarez@outlook.com;+54925587808;Alumno;DNI
Luz Milagros;Acuña;36765559;luz.milagros.acuna@gmail.com;+54933431849;Alumno;DNI
Julieta;Godoy;36780964;julieta.godoy@gmail.com;+54936963139;Alumno;DNI
Pilar;Rodriguez;36794996;pilar.rodriguez@outlook.com;+54934949969;Alumno;DNI
Abril;Morales;36800218;abril.morales@hotmail.com;+54927103086;Alumno;DNI
Lucía;Bravo;36821499;lucia.bravo@yahoo.com;+54922755768;Alumno;DNI
Felipe;Gonzalez;36839899;felipe.gonzalez@outlook.com;+54934348901;Alumno;DNI
Lautaro Benjamin;Campos;36847519;lautaro.benjamin_campos24@nuevo-email.com;+54934413659;Alumno;DNI
Tiziano Valentin;Aguirre;36848058;tiziano.valentin.aguirre@gmail.com;+54924348788;Alumno;DNI
Lautaro Ezequiel;Lopez;36855486;lautaro.ezequiel.lopez@yahoo.com;+54935370144;Alumno;DNI
Maximiliano;Leiva;36858459;maximiliano.leiva@gmail.com;+54925756363;Alumno;DNI
Milagros;Aguirre;36861254;milagros.aguirre@outlook.com;+54925413131;Alumno;DNI
Tomas;Medina;36863273;tomas.medina@gmail.com;+54938567583;Alumno;DNI
Agustina;Suarez;36867908;agustina.suarez@hotmail.com;+54932329381;Alumno;DNI
Agustina;Fernandez;36868365;agustina.fernandez@hotmail.com;+54927299413;Alumno;DNI
Emilia;Rodriguez;36878477;emilia.rodriguez@outlook.com;+54926580367;Alumno;DNI
Agustín;Acosta;36882138;agustin.acosta@gmail.com;+54924511690;Alumno;DNI
Kiara;Soria;36890268;kiara.soria@gmail.com;+54934021940;Alumno;DNI
Valentino;Suarez;36892131;valentino.suarez@yahoo.com;+54923907466;Alumno;DNI
Benjamin;Herrera;36892333;benjamin.herrera@gmail.com;+54932042208;Alumno;DNI
Isabella;Chavez;36906085;isabella.chavez@yahoo.com;+54933846959;Alumno;DNI
Jazmin;Sosa;36907787;jazmin.sosa@outlook.com;+54927759254;Alumno;DNI
Oriana;Ortiz;36907961;oriana.ortiz@gmail.com;+54936420757;Alumno;DNI
Victoria;Ledesma;36928006;victoria.ledesma@yahoo.com;+54936247141;Alumno;DNI
Milagros;Perez;36935055;milagros.perez@yahoo.com;+54936955944;Alumno;DNI
Maria Luz;Gimenez;36948146;maria.luz.gimenez@hotmail.com;+54931436557;Alumno;DNI
Valentin;Martinez;36948669;valentin.martinez@gmail.com;+54926911897;Alumno;DNI
Juan Pablo;Romero;36953747;juan.pablo.romero@gmail.com;+54933618209;Alumno;DNI
Jeremias;Herrera;36971688;jeremias.herrera@gmail.com;+54923684123;Alumno;DNI
Juan Bautista;Fernandez;36974458;juan.bautista.fernandez@gmail.com;+54921592603;Alumno;DNI
Emilia;Luna;36985322;emilia.luna@outlook.com;+54931504598;Alumno;DNI
Ciro;Caceres;36992557;ciro.caceres@gmail.com;+54939962042;Alumno;DNI
Tomas;Leiva;36996781;tomas.leiva@gmail.com;+54927131844;Alumno;DNI
Ian Benjamin;Garcia;36998955;ian.benjamin.garcia@gmail.com;+54936419048;Alumno;DNI
Benjamin;Olivera;37008739;benjamin.olivera@gmail.com;+54928535290;Alumno;DNI
Priscila;Ortiz;37012198;priscila.ortiz@yahoo.com;+54935381304;Alumno;DNI
Isabella;Pereyra;37013243;isabella.pereyra@gmail.com;+54938893897;Alumno;DNI
Angel Gabriel;Morales;37017626;angel.gabriel.morales@gmail.com;+54924755073;Alumno;DNI
Luz Maria;Juarez;37024576;luz.maria.juarez@gmail.com;+54923432079;Alumno;DNI
Tiziana;Perez;37024637;tiziana.perez@hotmail.com;+54939926102;Alumno;DNI
Lautaro Benjamin;Acuña;37026116;lautaro.benjamin.acuna@gmail.com;+54926318719;Alumno;DNI
Helena;Rodriguez;37031483;helena.rodriguez@hotmail.com;+54937840196;Alumno;DNI
Sofia;Lopez;37032603;sofia.lopez@gmail.com;+54931371964;Alumno;DNI
Camila;Rios;37039481;camila.rios@gmail.com;+54924389612;Alumno;DNI
Tiziana;Gonzalez;37054065;tiziana_gonzalez24@nuevo-email.com;+54924944893;Alumno;DNI
Thiago Agustin;Diaz;37057932;thiago.agustin.diaz@gmail.com;+54932912665;Alumno;DNI
Juan Ignacio;Garcia;37059839;juan.ignacio.garcia@gmail.com;+54932649730;Alumno;DNI
Victoria;Gomez;37080082;victoria.gomez@yahoo.com;+54927155198;Alumno;DNI
Morena Jazmin;Rivero;37083223;morena.jazmin.rivero@hotmail.com;+54923960275;Alumno;DNI
Violeta;Suarez;37085503;violeta.suarez@gmail.com;+54939454441;Alumno;DNI
Zoe Valentina;Martinez;37090862;zoe.valentina.martinez@gmail.com;+54933310799;Alumno;DNI
Josefina;Avila;37091816;josefina.avila@gmail.com;+54932717601;Alumno;DNI
Lautaro Benjamin;Figueroa;37095694;lautaro.benjamin.figueroa@gmail.com;+54926794827;Alumno;DNI
Rosario;Aguirre;37098062;rosario.aguirre@gmail.com;+54921047961;Alumno;DNI
Thiago Benjamin;Carrizo;37099184;thiago.benjamin.carrizo@gmail.com;+54933012233;Alumno;DNI
Isabella;Romero;37106276;isabella.romero@gmail.com;+54929956996;Alumno;DNI
Benjamin;Rodriguez;37119833;benjamin.rodriguez@gmail.com;+54931439690;Alumno;DNI
Lucía;Gonzalez;37121626;lucia.gonzalez@gmail.com;+54938883121;Alumno;DNI
Camila;Vargas;37123255;camila.vargas@yahoo.com;+54925133451;Alumno;DNI
Mia Valentina;Herrera;37131375;mia.valentina.herrera@gmail.com;+54937909344;Alumno;DNI
Juan Ignacio;Bustos;37142397;juan.ignacio.bustos@outlook.com;+54923059095;Alumno;DNI
Joaquín;Torres;37148568;joaquin.torres@gmail.com;+54932107058;Alumno;DNI
Felipe;Paez;37149339;felipe.paez@gmail.com;+54939752796;Alumno;DNI
Jeronimo;Romero;37151523;jeronimo.romero@gmail.com;+54929003200;Alumno;DNI
Bautista Benjamin;Miranda;37155742;bautista.benjamin.miranda@yahoo.com;+54939460891;Alumno;DNI
Thiago Benjamin;Martinez;37161768;thiago.benjamin.martinez@gmail.com;+54928601374;Alumno;DNI
Octavio;Avila;37162747;octavio.avila@gmail.com;+54928842550;Alumno;DNI
Alejo;Acosta;37168127;alejo.acosta@outlook.com;+54935745548;Alumno;DNI
Santino;Diaz;37169999;santino.diaz@outlook.com;+54936663683;Alumno;DNI
Mia Valentina;Gomez;37171122;mia.valentina.gomez@gmail.com;+54925977948;Alumno;DNI
Martina;Martinez;37179608;martina.martinez@outlook.com;+54928790441;Alumno;DNI
Mora;Cabrera;37182051;mora.cabrera@gmail.com;+54922541875;Alumno;DNI
Valentin;Suarez;37199951;valentin.suarez@hotmail.com;+54926787699;Alumno;DNI
Lorenzo;Garcia;37216255;lorenzo.garcia@yahoo.com;+54929447867;Alumno;DNI
Gino;Cruz;37219780;gino.cruz@gmail.com;+54926874814;Alumno;DNI
Guillermina;Gimenez;37222211;guillermina.gimenez@outlook.com;+54923079996;Alumno;DNI
Bruno;Gomez;37223015;bruno.gomez@hotmail.com;+54939213077;Alumno;DNI
Isabella;Benitez;37226510;isabella.benitez@gmail.com;+54935932788;Alumno;DNI
Thiago Nicolas;Villalba;37239130;thiago.nicolas.villalba@yahoo.com;+54939831375;Alumno;DNI
Renata;Fernandez;37239533;renata.fernandez@hotmail.com;+54926641519;Alumno;DNI
Simon;Villalba;37242370;simon.villalba@hotmail.com;+54924419233;Alumno;DNI
Benicio;Fernandez;37244102;benicio.fernandez@gmail.com;+54939166475;Alumno;DNI
Bruno;Pereyra;37253616;bruno.pereyra@gmail.com;+54931576195;Alumno;DNI
Valentin;Perez;37261587;valentin.perez@outlook.com;+54928986859;Alumno;DNI
Valentino;Ponce;37268989;valentino.ponce@outlook.com;+54927712686;Alumno;DNI
Juliana;Leiva;37272214;juliana.leiva@outlook.com;+54922066918;Alumno;DNI
Dylan Benjamin;Martinez;37275248;dylan.benjamin.martinez@yahoo.com;+54922812884;Alumno;DNI
Ignacio;Vega;37280564;ignacio.vega@gmail.com;+54936789364;Alumno;DNI
Francesca;Rodriguez;37284939;francesca.rodriguez@outlook.com;+54939954462;Alumno;DNI
Benjamin;Torres;37286941;benjamin.torres@gmail.com;+54935541110;Alumno;DNI
Victoria;Fernandez;37326359;victoria.fernandez@outlook.com;+54921720879;Alumno;DNI
Luz Milagros;Soria;37329041;luz.milagros.soria@yahoo.com;+54933736824;Alumno;DNI
Thiago;Fernandez;37332897;thiago.fernandez@yahoo.com;+54923887647;Alumno;DNI
Rosario;Peralta;37335497;rosario.peralta@gmail.com;+54924818075;Alumno;DNI
Lara;Mendoza;37337493;lara.mendoza@outlook.com;+54934862690;Alumno;DNI
Nicolas;Ramirez;37345680;nicolas.ramirez@yahoo.com;+54929846553;Alumno;DNI
Morena;Luna;37347578;morena.luna@yahoo.com;+54931470669;Alumno;DNI
Luciana;Moreno;37351522;luciana.moreno@gmail.com;+54936062624;Alumno;DNI
Bautista;Gonzalez;37370656;bautista.gonzalez@gmail.com;+54928738581;Alumno;DNI
Lucas;Acosta;37376900;lucas.acosta@gmail.com;+54923322937;Alumno;DNI
Mia;Quiroga;37381074;mia.quiroga@gmail.com;+54932522837;Alumno;DNI
Ciro;Martinez;37392794;ciro.martinez@gmail.com;+54936156839;Alumno;DNI
Ambar;Gutierrez;37412229;ambar.gutierrez@gmail.com;+54935088909;Alumno;DNI
Santino;Aguirre;37442207;santino.aguirre@gmail.com;+54922258599;Alumno;DNI
Miguel Angel;Mansilla;37444361;miguel.angel.mansilla@outlook.com;+54937261873;Alumno;DNI
Victoria;Pereyra;37448077;victoria.pereyra@gmail.com;+54925810486;Alumno;DNI
Lorenzo;Martin;37454570;lorenzo.martin@yahoo.com;+54936294107;Alumno;DNI
Emma;Paz;37456292;emma.paz@gmail.com;+54929157105;Alumno;DNI
Josefina;Gonzalez;37458197;josefina.gonzalez@gmail.com;+54926738875;Alumno;DNI
Isabella;Nuñez;37460819;isabella.nunez@gmail.com;+54925166786;Alumno;DNI
Micaela;Martinez;37478367;micaela.martinez@yahoo.com;+54938239483;Alumno;DNI
Agostina;Lopez;37495057;agostina.lopez@yahoo.com;+54921980678;Alumno;DNI
Lucía;Diaz;37505561;lucia.diaz@yahoo.com;+54928503516;Alumno;DNI
Tomás;Gonzalez;37513790;tomas.gonzalez@hotmail.com;+54925019384;Alumno;DNI
Santino;Romero;37515292;santino.romero@gmail.com;+54931668844;Alumno;DNI
Juan Manuel;Castillo;37527174;juan.manuel.castillo@gmail.com;+54938643217;Alumno;DNI
Ambar;Herrera;37531532;ambar.herrera@outlook.com;+54932635421;Alumno;DNI
Kiara;Fernandez;37550168;kiara.fernandez@yahoo.com;+54923567343;Alumno;DNI
Giuliana;Arias;37556007;giuliana.arias@hotmail.com;+54931155139;Alumno;DNI
Lucas;Perez;37561242;lucas.perez@gmail.com;+54925504270;Alumno;DNI
Tomas;Gimenez;37561794;tomas.gimenez@gmail.com;+54923852866;Alumno;DNI
Clara;Maidana;37564736;clara.maidana@yahoo.com;+54926740946;Alumno;DNI
Lorenzo;Flores;37567816;lorenzo.flores@gmail.com;+54932365685;Alumno;DNI
Emma;Vega;37572605;emma.vega@gmail.com;+54937303864;Alumno;DNI
Benjamin;Valdez;37573276;benjamin.valdez@outlook.com;+54928397571;Alumno;DNI
Juliana;Garcia;37583844;juliana.garcia@gmail.com;+54929328927;Alumno;DNI
Bianca;Torres;37584867;bianca.torres@gmail.com;+54936660592;Alumno;DNI
Nahuel;Perez;37596799;nahuel.perez@gmail.com;+54924821862;Alumno;DNI
Juana;Romero;37597528;juana.romero@gmail.com;+54927375119;Alumno;DNI
Paula;Garcia;37604035;paula.garcia@yahoo.com;+54924657991;Alumno;DNI
Juana;Cabrera;37605752;juana.cabrera@gmail.com;+54928139806;Alumno;DNI
Thiago Leonel;Chavez;37606348;thiago.leonel.chavez@gmail.com;+54928757301;Alumno;DNI
Clara;Ojeda;37607894;clara.ojeda@outlook.com;+54936927877;Alumno;DNI
Felicitas;Aguero;37632339;felicitas.aguero@gmail.com;+54927233282;Alumno;DNI
Juan Gabriel;Miranda;37639684;juan.gabriel.miranda@gmail.com;+54928956357;Alumno;DNI
Julian;Bravo;37642410;julian.bravo@hotmail.com;+54924730358;Alumno;DNI
Paloma;Aguirre;37659718;paloma.aguirre@gmail.com;+54926263682;Alumno;DNI
Nicolas;Carrizo;37663002;nicolas.carrizo@gmail.com;+54931662680;Alumno;DNI
Nina;Gomez;37665322;nina.gomez@hotmail.com;+54936032237;Alumno;DNI
Lucía;Correa;37672436;lucia.correa@gmail.com;+54929166374;Alumno;DNI
Ramiro;Acuña;37674710;ramiro_acuna24@nuevo-email.com;+54938470533;Alumno;DNI
Juan Gabriel;Quiroga;37678418;juan.gabriel.quiroga@hotmail.com;+54937756248;Alumno;DNI
Bautista Benjamin;Sosa;37679372;bautista.benjamin.sosa@gmail.com;+54934303693;Alumno;DNI
Santino;Castro;37682475;santino.castro@hotmail.com;+54923683957;Alumno;DNI
Luciana;Rodriguez;37706458;luciana.rodriguez@yahoo.com;+54921685585;Alumno;DNI
Simon;Maldonado;37725025;simon.maldonado@gmail.com;+54938787089;Alumno;DNI
Ignacio;Gimenez;37733861;ignacio.gimenez@gmail.com;+54933190771;Alumno;DNI
Gonzalo;Sanchez;37749075;gonzalo.sanchez@outlook.com;+54931049303;Alumno;DNI
Josefina;Herrera;37763133;josefina.herrera@gmail.com;+54935763256;Alumno;DNI
Lautaro;Diaz;37766757;lautaro.diaz@gmail.com;+54926520286;Alumno;DNI
Thiago Agustin;Suarez;37774603;thiago.agustin.suarez@gmail.com;+54922504670;Alumno;DNI
Ciro;Vega;37795993;ciro.vega@hotmail.com;+54931871032;Alumno;DNI
Luz Milagros;Ramirez;37797988;luz.milagros.ramirez@outlook.com;+54936900657;Alumno;DNI
Thiago Benjamin;Castillo;37799625;thiago.benjamin.castillo@gmail.com;+54929760796;Alumno;DNI
Elena;Herrera;37802380;elena.herrera@gmail.com;+54925377105;Alumno;DNI
Mateo;Vera;37814684;mateo.vera@hotmail.com;+54929725933;Alumno;DNI
Alvaro;Arias;37829833;alvaro.arias@gmail.com;+54934136271;Alumno;DNI
Malena;Rios;37831209;malena.rios@yahoo.com;+54926475314;Alumno;DNI
Antonio;Dominguez;37839367;antonio.dominguez@gmail.com;+54935775650;Alumno;DNI
Benjamin;Carrizo;37840610;benjamin.carrizo@gmail.com;+54932903920;Alumno;DNI
Ignacio;Ruiz;37849139;ignacio.ruiz@gmail.com;+54935889837;Alumno;DNI
Thiago Benjamin;Diaz;37856329;thiago.benjamin.diaz@outlook.com;+54939915567;Alumno;DNI
Pilar;Dominguez;37869329;pilar.dominguez@yahoo.com;+54939912831;Alumno;DNI
Ciro;Vera;37874267;ciro.vera@gmail.com;+54921200554;Alumno;DNI
Maria Victoria;Ojeda;37880219;maria.victoria.ojeda@gmail.com;+54926869879;Alumno;DNI
Francesco;Ramirez;37885100;francesco.ramirez@gmail.com;+54935217163;Alumno;DNI
Mateo;Rios;37907386;mateo.rios@gmail.com;+54925619595;Alumno;DNI
Morena;Soto;37915491;morena.soto@outlook.com;+54929550590;Alumno;DNI
Alexander;Fernandez;37918142;alexander.fernandez@gmail.com;+54923262785;Alumno;DNI
Francesca;Arias;37927619;francesca.arias@yahoo.com;+54932918567;Alumno;DNI
Jazmin;Roldan;37935165;jazmin.roldan@outlook.com;+54924931713;Alumno;DNI
León;Gonzalez;37947511;leon.gonzalez@gmail.com;+54922386033;Alumno;DNI
Nina;Perez;37949128;nina.perez@hotmail.com;+54923270565;Alumno;DNI
Isabella;Perez;37951141;isabella.perez@outlook.com;+54925602478;Alumno;DNI
Dante;Figueroa;37952315;dante.figueroa@gmail.com;+54935984742;Alumno;DNI
Gael;Medina;37952540;gael.medina@gmail.com;+54933226257;Alumno;DNI
Mia Jazmin;Fernandez;37974144;mia.jazmin.fernandez@gmail.com;+54929883506;Alumno;DNI
Emilia;Sanchez;37981847;emilia.sanchez@gmail.com;+54929331339;Alumno;DNI
Renata;Cruz;38002503;renata.cruz@gmail.com;+54926232405;Alumno;DNI
Luciano Benjamin;Gonzalez;38017139;luciano.benjamin.gonzalez@gmail.com;+54921180896;Alumno;DNI
Santino;Duarte;38020693;santino.duarte@gmail.com;+54925125398;Alumno;DNI
Benjamin;Aguirre;38027945;benjamin.aguirre@gmail.com;+54933269109;Alumno;DNI
Maximo;Nuñez;38030283;maximo.nunez@gmail.com;+54938205865;Alumno;DNI
Juana;Fernandez;38038154;juana.fernandez@hotmail.com;+54931783445;Alumno;DNI
Emma;Fernandez;38040781;emma.fernandez@gmail.com;+54936417723;Alumno;DNI
Jazmin;Rodriguez;38042975;jazmin.rodriguez@gmail.com;+54929847690;Alumno;DNI
Micaela;Sanchez;38048801;micaela.sanchez@gmail.com;+54921650656;Alumno;DNI
Nicolas;Dominguez;38066467;nicolas.dominguez@gmail.com;+54933304137;Alumno;DNI
Benicio;Fernandez;38070258;benicio.fernandez@gmail.com;+54939371930;Alumno;DNI
Francesca;Perez;38072230;francesca.perez@yahoo.com;+54935560796;Alumno;DNI
Santino Agustin;Ramirez;38081258;santino.agustin.ramirez@hotmail.com;+54938364063;Alumno;DNI
Lisandro;Romero;38082801;lisandro.romero@yahoo.com;+54925639978;Alumno;DNI
Sofia;Rivero;38085164;sofia.rivero@gmail.com;+54921517766;Alumno;DNI
Camila;Olivera;38089426;camila.olivera@gmail.com;+54923435969;Alumno;DNI
Guadalupe;Gomez;38111908;guadalupe.gomez@gmail.com;+54922019035;Alumno;DNI
Juan Manuel;Castro;38114009;juan.manuel.castro@yahoo.com;+54933466462;Alumno;DNI
Julia;Bustos;38129607;julia.bustos@gmail.com;+54921075921;Alumno;DNI
Emanuel;Silva;38133728;emanuel.silva@yahoo.com;+54924437222;Alumno;DNI
Jazmin;Silva;38137274;jazmin.silva@hotmail.com;+54928811833;Alumno;DNI
Sofía;Gomez;38140531;sofia.gomez@outlook.com;+54937184814;Alumno;DNI
Alma;Gomez;38156702;alma.gomez@gmail.com;+54936333162;Alumno;DNI
Tomas Benjamin;Martinez;38162732;tomas.benjamin.martinez@gmail.com;+54924159046;Alumno;DNI
Agustin;Suarez;38164166;agustin.suarez@hotmail.com;+54935098099;Alumno;DNI
Amparo;Lopez;38171209;amparo.lopez@gmail.com;+54921338625;Alumno;DNI
Francesca;Ramos;38181190;francesca.ramos@gmail.com;+54929824752;Alumno;DNI
Ian Ezequiel;Silva;38188233;ian.ezequiel.silva@hotmail.com;+54924814804;Alumno;DNI
Alma Valentina;Rodriguez;38194575;alma.valentina.rodriguez@outlook.com;+54932883272;Alumno;DNI
Santino;Dominguez;38207316;santino.dominguez@gmail.com;+54927300517;Alumno;DNI
Pilar;Valdez;38211223;pilar.valdez@gmail.com;+54938591715;Alumno;DNI
Martina;Valdez;38218744;martina.valdez@outlook.com;+54935499907;Alumno;DNI
Lourdes;Lopez;38221990;lourdes.lopez@yahoo.com;+54921926523;Alumno;DNI
Alma Valentina;Aguero;38223982;alma.valentina.aguero@yahoo.com;+54937266320;Alumno;DNI
Thiago Lionel;Chavez;38263069;thiago.lionel.chavez@gmail.com;+54937632042;Alumno;DNI
Tomas;Leiva;38268761;tomas.leiva@hotmail.com;+54925135432;Alumno;DNI
Emilia;Morales;38275238;emilia.morales@gmail.com;+54932870630;Alumno;DNI
Bautista Benjamin;Figueroa;38282799;bautista.benjamin.figueroa@hotmail.com;+54931285156;Alumno;DNI
Angelina;Gomez;38290123;angelina.gomez@yahoo.com;+54928092655;Alumno;DNI
Bautista Benjamin;Rodriguez;38290265;bautista.benjamin.rodriguez@yahoo.com;+54938940104;Alumno;DNI
Gael;Rivero;38292751;gael.rivero@gmail.com;+54929053775;Alumno;DNI
Mateo;Sanchez;38310176;mateo.sanchez@gmail.com;+54936775459;Alumno;DNI
Jazmín;Figueroa;38313159;jazmin.figueroa@gmail.com;+54931988595;Alumno;DNI
Helena;Flores;38314294;helena.flores@yahoo.com;+54928064366;Alumno;DNI
Ignacio;Castro;38315775;ignacio.castro@gmail.com;+54929687243;Alumno;DNI
Micaela;Miranda;38325772;micaela.miranda@hotmail.com;+54934451776;Alumno;DNI
Antonella;Ramirez;38333929;antonella.ramirez@yahoo.com;+54932602559;Alumno;DNI
Isabella;Rojas;38338168;isabella.rojas@gmail.com;+54936691091;Alumno;DNI
Juana;Torres;38340878;juana.torres@gmail.com;+54922988036;Alumno;DNI
Julia;Medina;38353339;julia.medina@gmail.com;+54923099286;Alumno;DNI
Isabella;Ortiz;38353870;isabella.ortiz@gmail.com;+54932153823;Alumno;DNI
Tomás;Martinez;38370600;tomas.martinez@yahoo.com;+54928545404;Alumno;DNI
Faustino;Roldan;38373582;faustino.roldan@yahoo.com;+54929001671;Alumno;DNI
Benjamin;Alvarez;38388641;benjamin.alvarez@outlook.com;+54931748991;Alumno;DNI
Santiago Nicolas;Miranda;38393487;santiago.nicolas.miranda@gmail.com;+54933206037;Alumno;DNI
Sol;Gomez;38393673;sol.gomez@outlook.com;+54928181789;Alumno;DNI
Tiziano Valentin;Caceres;38405437;tiziano.valentin.caceres@gmail.com;+54924510969;Alumno;DNI
Olivia;Lopez;38406894;olivia.lopez@outlook.com;+54929196333;Alumno;DNI
Bautista;Ramirez;38406935;bautista.ramirez@outlook.com;+54936506437;Alumno;DNI
Ambar;Romero;38417833;ambar.romero@gmail.com;+54935471543;Alumno;DNI
Lautaro Nicolas;Diaz;38434835;lautaro.nicolas.diaz@hotmail.com;+54928077144;Alumno;DNI
Lucia;Sanchez;38443830;lucia.sanchez@hotmail.com;+54927156544;Alumno;DNI
Ramiro;Gonzalez;38446695;ramiro.gonzalez@gmail.com;+54934950074;Alumno;DNI
Lorenzo;Sosa;38451826;lorenzo.sosa@outlook.com;+54921796644;Alumno;DNI
Luna;Peralta;38452657;luna.peralta@gmail.com;+54933044049;Alumno;DNI
Ciro Benjamin;Molina;38480744;ciro.benjamin.molina@yahoo.com;+54925736629;Alumno;DNI
Maria Victoria;Pereyra;38481398;maria.victoria.pereyra@gmail.com;+54921831275;Alumno;DNI
Ana Paula;Cardozo;38485886;ana.paula.cardozo@hotmail.com;+54935379742;Alumno;DNI
Julian;Maldonado;38498499;julian.maldonado@gmail.com;+54923198703;Alumno;DNI
Paloma;Diaz;38500035;paloma.diaz@gmail.com;+54929743058;Alumno;DNI
Lara;Gonzalez;38519723;lara.gonzalez@outlook.com;+54932665415;Alumno;DNI
Sofia;Garcia;38526500;sofia.garcia@outlook.com;+54939304224;Alumno;DNI
Juan Ignacio;Gomez;38531146;juan.ignacio.gomez@gmail.com;+54927035360;Alumno;DNI
Catalina;Rodriguez;38531623;catalina.rodriguez@gmail.com;+54937278330;Alumno;DNI
Maite;Farias;38542906;maite.farias@yahoo.com;+54929458137;Alumno;DNI
Benjamin;Gomez;38549006;benjamin.gomez@gmail.com;+54938543007;Alumno;DNI
Juan Francisco;Maidana;38559625;juan.francisco.maidana@gmail.com;+54931067177;Alumno;DNI
Victoria;Ramos;38567788;victoria.ramos@outlook.com;+54939679507;Alumno;DNI
Jeronimo;Gomez;38589344;jeronimo.gomez@gmail.com;+54925940236;Alumno;DNI
Renata;Bustos;38600036;renata.bustos@outlook.com;+54929872630;Alumno;DNI
Bautista;Cabrera;38622234;bautista.cabrera@outlook.com;+54925471522;Alumno;DNI
Agustin;Moreno;38622475;agustin.moreno@gmail.com;+54939500522;Alumno;DNI
Juan Martin;Perez;38625723;juan.martin.perez@gmail.com;+54938202174;Alumno;DNI
Martina;Torres;38629655;martina.torres@gmail.com;+54935647486;Alumno;DNI
Martín;Gonzalez;38631479;martin.gonzalez@gmail.com;+54939939658;Alumno;DNI
Catalina;Acosta;38632250;catalina.acosta@gmail.com;+54935530248;Alumno;DNI
Benjamin;Garcia;38642477;benjamin.garcia@gmail.com;+54939266299;Alumno;DNI
Agustina;Martinez;38645258;agustina.martinez@yahoo.com;+54926789032;Alumno;DNI
Sofia;Rodriguez;38648189;sofia.rodriguez@gmail.com;+54936532883;Alumno;DNI
Santiago;Rodriguez;38657054;santiago.rodriguez@outlook.com;+54932435121;Alumno;DNI
Santiago Nicolas;Rodriguez;38661719;santiago.nicolas.rodriguez@gmail.com;+54932762307;Alumno;DNI
Valentina;Luna;38671585;valentina.luna@gmail.com;+54939214984;Alumno;DNI
Dante;Romero;38677145;dante.romero@outlook.com;+54929610720;Alumno;DNI
Maximo;Rodriguez;38680320;maximo.rodriguez@gmail.com;+54925760138;Alumno;DNI
Maria Victoria;Ruiz;38689454;maria.victoria.ruiz@gmail.com;+54922076028;Alumno;DNI
Josefina;Arias;38693211;josefina.arias@gmail.com;+54923305908;Alumno;DNI
Dylan;Peralta;38695540;dylan.peralta@gmail.com;+54921056753;Alumno;DNI
Facundo;Fernandez;38703238;facundo.fernandez@hotmail.com;+54928664633;Alumno;DNI
Olivia;Perez;38703285;olivia.perez@gmail.com;+54931311449;Alumno;DNI
Joaquin;Pereyra;38714246;joaquin.pereyra@gmail.com;+54932396010;Alumno;DNI
Luciano;Soria;38717375;luciano.soria@outlook.com;+54923168447;Alumno;DNI
Lucia;Gonzalez;38720883;lucia.gonzalez@gmail.com;+54921705701;Alumno;DNI
Julieta;Figueroa;38724522;julieta.figueroa@outlook.com;+54938930912;Alumno;DNI
Juan Ignacio;Torres;38726954;juan.ignacio.torres@gmail.com;+54934605839;Alumno;DNI
Pedro;Torres;38749521;pedro.torres@hotmail.com;+54932895543;Alumno;DNI
Catalina;Gutierrez;38750180;catalina.gutierrez@yahoo.com;+54932508351;Alumno;DNI
Franco;Morales;38766730;franco.morales@outlook.com;+54939703314;Alumno;DNI
Bianca;Arias;38773709;bianca.arias@gmail.com;+54928898252;Alumno;DNI
Nahuel;Ramirez;38780853;nahuel.ramirez@gmail.com;+54927379559;Alumno;DNI
Benjamin;Ojeda;38786481;benjamin.ojeda@gmail.com;+54923512173;Alumno;DNI
Santino;Gonzalez;38789605;santino.gonzalez@outlook.com;+54937201467;Alumno;DNI
Francisca;Nuñez;38794221;francisca.nunez@gmail.com;+54921823647;Alumno;DNI
Lautaro;Sosa;38811418;lautaro.sosa@outlook.com;+54934097570;Alumno;DNI
Catalina;Gonzalez;38818793;catalina.gonzalez@gmail.com;+54934654130;Alumno;DNI
Lautaro;Luna;38832034;lautaro.luna@outlook.com;+54925134886;Alumno;DNI
Maria Belen;Ramos;38842716;maria.belen.ramos@yahoo.com;+54928054050;Alumno;DNI
Valentina;Benitez;38856423;valentina.benitez@yahoo.com;+54932117388;Alumno;DNI
Sofia;Morales;38866674;sofia.morales@outlook.com;+54938914602;Alumno;DNI
Joaquina;Coronel;38869750;joaquina.coronel@gmail.com;+54939542767;Alumno;DNI
Tiziano;Gomez;38877407;tiziano.gomez@outlook.com;+54935112847;Alumno;DNI
Julieta;Gonzalez;38902809;julieta.gonzalez@gmail.com;+54928857977;Alumno;DNI
Guadalupe;Gutierrez;38917148;guadalupe.gutierrez@hotmail.com;+54927874111;Alumno;DNI
Gabriel;Benitez;38925094;gabriel.benitez@yahoo.com;+54924118929;Alumno;DNI
Thiago Benjamin;Martinez;38928581;thiago.benjamin.martinez@gmail.com;+54925682980;Alumno;DNI
Juana;Nuñez;38934818;juana.nunez@outlook.com;+54935160997;Alumno;DNI
Simon;Blanco;38936509;simon.blanco@gmail.com;+54931061436;Alumno;DNI
Renata;Diaz;38940969;renata.diaz@gmail.com;+54924224877;Alumno;DNI
Federico;Diaz;38941014;federico.diaz@hotmail.com;+54922688021;Alumno;DNI
Mia;Ponce;38946448;mia.ponce@gmail.com;+54924658212;Alumno;DNI
Juan Pablo;Hernandez;38955588;juan.pablo.hernandez@gmail.com;+54934728072;Alumno;DNI
Julieta;Quiroga;38964128;julieta.quiroga@gmail.com;+54929971411;Alumno;DNI
Lucas;Correa;38967997;lucas.correa@gmail.com;+54932122230;Alumno;DNI
Matias;Diaz;38991597;matias.diaz@gmail.com;+54931199955;Alumno;DNI
Lorenzo;Fernandez;39001607;lorenzo.fernandez@hotmail.com;+54933502779;Alumno;DNI
Valentina;Ledesma;39003369;valentina.ledesma@outlook.com;+54928087111;Alumno;DNI
Tiziana;Rios;39006974;tiziana.rios@gmail.com;+54936924085;Alumno;DNI
Juan Manuel;Arias;39023389;juan.manuel.arias@gmail.com;+54932901431;Alumno;DNI
Victoria;Martin;39038900;victoria.martin@yahoo.com;+54925686840;Alumno;DNI
Thiago;Castro;39040140;thiago.castro@gmail.com;+54936106463;Alumno;DNI
Thiago Benjamin;Sanchez;39041016;thiago.benjamin.sanchez@gmail.com;+54923858705;Alumno;DNI
Ciro;Diaz;39046561;ciro.diaz@gmail.com;+54922908580;Alumno;DNI
Renata;Fernandez;39047069;renata.fernandez@gmail.com;+54924215023;Alumno;DNI
Dante;Correa;39054820;dante.correa@yahoo.com;+54921477006;Alumno;DNI
Emanuel;Figueroa;39068971;emanuel.figueroa@gmail.com;+54939386344;Alumno;DNI
Zoe Jazmin;Castillo;39073064;zoe.jazmin.castillo@gmail.com;+54935950967;Alumno;DNI
Camila;Rodriguez;39073370;camila.rodriguez@gmail.com;+54936904388;Alumno;DNI
Tomás;Sanchez;39074649;tomas.sanchez@outlook.com;+54921775226;Alumno;DNI
Santiago;Ramos;39087618;santiago.ramos@gmail.com;+54928029717;Alumno;DNI
Martina;Gutierrez;39093550;martina.gutierrez@gmail.com;+54936105498;Alumno;DNI
Zoe Valentina;Rios;39099433;zoe.valentina.rios@gmail.com;+54923225982;Alumno;DNI
Thiago;Villalba;39107282;thiago.villalba@gmail.com;+54936394235;Alumno;DNI
Lola;Ayala;39110609;lola.ayala@hotmail.com;+54924445800;Alumno;DNI
Luz Milagros;Paz;39121001;luz.milagros.paz@gmail.com;+54928866970;Alumno;DNI
Amparo;Herrera;39126892;amparo.herrera@gmail.com;+54936357667;Alumno;DNI
Pedro;Bustos;39129106;pedro.bustos@yahoo.com;+54923902204;Alumno;DNI
Joaquín;Morales;39144752;joaquin.morales@yahoo.com;+54937003705;Alumno;DNI
Ciro;Velazquez;39145092;ciro.velazquez@gmail.com;+54921459376;Alumno;DNI
Victoria;Gomez;39157120;victoria.gomez@outlook.com;+54933103142;Alumno;DNI
Guillermina;Garcia;39159460;guillermina.garcia@gmail.com;+54938203838;Alumno;DNI
Renata;Dominguez;39160706;renata.dominguez@gmail.com;+54939813766;Alumno;DNI
Emma;Perez;39164387;emma.perez@gmail.com;+54933917027;Alumno;DNI
Lautaro Benjamin;Sanchez;39171997;lautaro.benjamin.sanchez@gmail.com;+54931262775;Alumno;DNI
Lara;Gimenez;39194704;lara.gimenez@yahoo.com;+54936761820;Alumno;DNI
Ignacio;Avila;39195104;ignacio.avila@gmail.com;+54924736581;Alumno;DNI
Camila;Martinez;39208663;camila.martinez@outlook.com;+54934433706;Alumno;DNI
Josefina;Duarte;39214817;josefina.duarte@gmail.com;+54933764118;Alumno;DNI
Facundo;Lopez;39216162;facundo.lopez@outlook.com;+54936782102;Alumno;DNI
Tobias;Cruz;39220415;tobias.cruz@gmail.com;+54935555056;Alumno;DNI
Catalina;Quiroga;39224971;catalina.quiroga@outlook.com;+54922680361;Alumno;DNI
Bianca;Alvarez;39231072;bianca.alvarez@gmail.com;+54922742808;Alumno;DNI
Agustina;Pereyra;39244530;agustina.pereyra@gmail.com;+54936674320;Alumno;DNI
Benjamin;Lucero;39250711;benjamin.lucero@gmail.com;+54939961233;Alumno;DNI
Benicio;Farias;39251592;benicio.farias@hotmail.com;+54939977083;Alumno;DNI
Bautista;Velazquez;39255922;bautista.velazquez@gmail.com;+54923396181;Alumno;DNI
Nicolas;Gimenez;39260956;nicolas.gimenez@hotmail.com;+54924832272;Alumno;DNI
Santiago Benjamin;Lopez;39263332;santiago.benjamin.lopez@gmail.com;+54931554721;Alumno;DNI
Francisco;Gonzalez;39264124;francisco.gonzalez@outlook.com;+54922043954;Alumno;DNI
Santino;Lopez;39265874;santino.lopez@gmail.com;+54933549405;Alumno;DNI
Abril;Sosa;39268069;abril.sosa@gmail.com;+54933314281;Alumno;DNI
Ana Paula;Martinez;39269288;ana.paula.martinez@hotmail.com;+54923163329;Alumno;DNI
Gino;Farias;39278348;gino.farias@gmail.com;+54933682775;Alumno;DNI
Juan;Dominguez;39281798;juan.dominguez@gmail.com;+54933901416;Alumno;DNI
Thiago Ezequiel;Herrera;39297755;thiago.ezequiel.herrera@gmail.com;+54928440577;Alumno;DNI
Mia Morena;Gonzalez;39308771;mia.morena.gonzalez@outlook.com;+54921798775;Alumno;DNI
Tomás;Cardozo;39311402;tomas.cardozo@gmail.com;+54921134033;Alumno;DNI
Emiliano;Alvarez;39314240;emiliano.alvarez@outlook.com;+54926229740;Alumno;DNI
Agustín;Hernandez;39335040;agustin.hernandez@gmail.com;+54926695824;Alumno;DNI
Isabella;Romero;39337175;isabella.romero@gmail.com;+54928464951;Alumno;DNI
Pedro;Silva;39341417;pedro.silva@hotmail.com;+54926436929;Alumno;DNI
Santiago;Bravo;39353079;santiago.bravo@outlook.com;+54932743743;Alumno;DNI
Bautista Benjamin;Godoy;39371126;bautista.benjamin.godoy@gmail.com;+54924298619;Alumno;DNI
Valentina;Rios;39386440;valentina.rios@gmail.com;+54932349603;Alumno;DNI
Mia;Correa;39386861;mia.correa@hotmail.com;+54931379865;Alumno;DNI
Nicolas;Rodriguez;39396593;nicolas.rodriguez@gmail.com;+54937779793;Alumno;DNI
Francesca;Quiroga;39402003;francesca.quiroga@yahoo.com;+54924020580;Alumno;DNI
Uma ;Martin;39405037;uma.martin@outlook.com;+54929227871;Alumno;DNI
Mia Valentina;Gomez;39407484;mia.valentina.gomez@gmail.com;+54922299819;Alumno;DNI
Lola;Valdez;39412125;lola.valdez@gmail.com;+54931150663;Alumno;DNI
Sofia;Castro;39416795;sofia.castro@gmail.com;+54921632423;Alumno;DNI
Kiara;Cardozo;39430035;kiara.cardozo@outlook.com;+54924941634;Alumno;DNI
Lucas;Gonzalez;39442545;lucas.gonzalez@gmail.com;+54932412757;Alumno;DNI
Camila;Romero;39449899;camila.romero@gmail.com;+54937020303;Alumno;DNI
Joaquin;Perez;39451059;joaquin.perez@yahoo.com;+54935715483;Alumno;DNI
Gonzalo;Garcia;39463207;gonzalo.garcia@outlook.com;+54939353291;Alumno;DNI
Nahiara;Miranda;39473672;nahiara.miranda@gmail.com;+54926981134;Alumno;DNI
Sofía;Gomez;39475622;sofia.gomez@gmail.com;+54926495613;Alumno;DNI
Lisandro;Peralta;39479461;lisandro.peralta@yahoo.com;+54921932637;Alumno;DNI
Felipe;Castillo;39480865;felipe.castillo@gmail.com;+54928632853;Alumno;DNI
Ian;Herrera;39500363;ian.herrera@gmail.com;+54927448221;Alumno;DNI
Valentino;Navarro;39515864;valentino.navarro@yahoo.com;+54934225210;Alumno;DNI
Alma;Olivera;39535799;alma.olivera@gmail.com;+54937796396;Alumno;DNI
Ambar;Peralta;39540425;ambar.peralta@hotmail.com;+54936764024;Alumno;DNI
Lola;Diaz;39547835;lola.diaz@gmail.com;+54926955368;Alumno;DNI
Gino;Castro;39556507;gino.castro@gmail.com;+54931337629;Alumno;DNI
Luz Milagros;Soto;39557640;luz.milagros.soto@gmail.com;+54929254098;Alumno;DNI
Lautaro;Ramos;39563230;lautaro_ramos24@nuevo-email.com;+54934360889;Alumno;DNI
Valentino;Castillo;39571770;valentino.castillo@outlook.com;+54922708416;Alumno;DNI
Sofia Belen;Castillo;39579172;sofia.belen.castillo@gmail.com;+54932494706;Alumno;DNI
Nicolas;Ayala;39579403;nicolas.ayala@yahoo.com;+54939891667;Alumno;DNI
Matias;Alvarez;39592778;matias.alvarez@gmail.com;+54932285704;Alumno;DNI
Luisana;Sanchez;39605597;luisana.sanchez@gmail.com;+54934748228;Alumno;DNI
Francisco;Flores;39623347;francisco.flores@gmail.com;+54921019948;Alumno;DNI
Juan Gabriel;Carrizo;39632675;juan.gabriel.carrizo@outlook.com;+54931493579;Alumno;DNI
Santino;Aguero;39641826;santino.aguero@yahoo.com;+54937406873;Alumno;DNI
Bautista;Castro;39647120;bautista.castro@gmail.com;+54938597299;Alumno;DNI
Valentina ;Flores;39679193;valentina.flores@hotmail.com;+54924305261;Alumno;DNI
Helena;Avila;39684156;helena.avila@gmail.com;+54933125660;Alumno;DNI
Maria Victoria;Castro;39684246;maria.victoria.castro@gmail.com;+54938156300;Alumno;DNI
Dante;Lopez;39691054;dante.lopez@hotmail.com;+54938293464;Alumno;DNI
Juan Ignacio;Mendez;39695033;juan.ignacio.mendez@hotmail.com;+54936623805;Alumno;DNI
Isabel;Rodriguez;39695989;isabel.rodriguez@gmail.com;+54936251347;Alumno;DNI
Joaquin;Lopez;39696052;joaquin.lopez@gmail.com;+54932665055;Alumno;DNI
Juan Manuel;Gonzalez;39718327;juan.manuel.gonzalez@yahoo.com;+54922557778;Alumno;DNI
Martina;Garcia;39724445;martina.garcia@yahoo.com;+54936996992;Alumno;DNI
Alfonsina;Ramos;39733145;alfonsina.ramos@gmail.com;+54923928879;Alumno;DNI
Agustín;Gomez;39734889;agustin.gomez@yahoo.com;+54932213066;Alumno;DNI
Bianca;Aguirre;39737785;bianca.aguirre@gmail.com;+54921690430;Alumno;DNI
Thiago Lionel;Sosa;39747478;thiago.lionel.sosa@yahoo.com;+54923044743;Alumno;DNI
Catalina;Martinez;39749714;catalina.martinez@gmail.com;+54939730075;Alumno;DNI
Julieta;Gomez;39752062;julieta.gomez@gmail.com;+54928741381;Alumno;DNI
Thiago;Moreno;39759071;thiago.moreno@gmail.com;+54933123505;Alumno;DNI
Miguel Angel;Sosa;39765048;miguel.angel.sosa@gmail.com;+54922656557;Alumno;DNI
Samuel;Molina;39775624;samuel.molina@yahoo.com;+54923231548;Alumno;DNI
Nicolas;Suarez;39777873;nicolas.suarez@yahoo.com;+54928049821;Alumno;DNI
Alma;Rodriguez;39796864;alma.rodriguez@gmail.com;+54937719880;Alumno;DNI
Guillermina;Lopez;39817999;guillermina.lopez@gmail.com;+54932927922;Alumno;DNI
Morena Jazmin;Gomez;39820530;morena.jazmin.gomez@gmail.com;+54925998329;Alumno;DNI
Lautaro;Gonzalez;39822223;lautaro.gonzalez@outlook.com;+54931422701;Alumno;DNI
Paulina;Godoy;39831826;paulina.godoy@gmail.com;+54933067182;Alumno;DNI
Thiago;Gomez;39835913;thiago.gomez@gmail.com;+54933602893;Alumno;DNI
Santiago;Maldonado;39839138;santiago.maldonado@gmail.com;+54923549902;Alumno;DNI
Lorenzo;Gonzalez;39842417;lorenzo.gonzalez@hotmail.com;+54928913674;Alumno;DNI
Ambar;Benitez;39856178;ambar.benitez@hotmail.com;+54928015416;Alumno;DNI
Benicio;Perez;39875233;benicio.perez@outlook.com;+54923270125;Alumno;DNI
Mora;Maldonado;39877132;mora.maldonado@yahoo.com;+54933975284;Alumno;DNI
Valentino;Garcia;39881121;valentino.garcia@gmail.com;+54923775047;Alumno;DNI
Emma;Soria;39901527;emma.soria@gmail.com;+54927028197;Alumno;DNI
Martina;Bravo;39905167;martina.bravo@gmail.com;+54925761183;Alumno;DNI
Sofía;Nuñez;39908813;sofia.nunez@gmail.com;+54937943359;Alumno;DNI
Ignacio;Mansilla;39910307;ignacio_mansilla24@nuevo-email.com;+54922221032;Alumno;DNI
Facundo;Pereyra;39916823;facundo.pereyra@outlook.com;+54934603432;Alumno;DNI
Catalina;Moreno;39919057;catalina.moreno@gmail.com;+54927155291;Alumno;DNI
Luna;Rojas;39921380;luna.rojas@outlook.com;+54935758135;Alumno;DNI
Isabella;Sanchez;39924190;isabella.sanchez@hotmail.com;+54926221510;Alumno;DNI
Mateo;Juarez;39961417;mateo.juarez@gmail.com;+54934827033;Alumno;DNI
Agustin;Gimenez;39996815;agustin.gimenez@gmail.com;+54922692834;Alumno;DNI
Benjamin;Perez;40014561;benjamin.perez@gmail.com;+54938045680;Alumno;DNI
Guillermina;Lucero;40033579;guillermina.lucero@hotmail.com;+54936220074;Alumno;DNI
Lucas;Ramirez;40038176;lucas.ramirez@hotmail.com;+54939443657;Alumno;DNI
Juana;Benitez;40039504;juana.benitez@gmail.com;+54925776493;Alumno;DNI
Juan Ignacio;Lucero;40045468;juan.ignacio.lucero@gmail.com;+54921231979;Alumno;DNI
Benjamin;Herrera;40051444;benjamin.herrera@yahoo.com;+54935845295;Alumno;DNI
Genaro;Valdez;40051802;genaro.valdez@outlook.com;+54926915722;Alumno;DNI
Tomas;Gomez;40059343;tomas.gomez@yahoo.com;+54925915110;Alumno;DNI
Martina;Garcia;40069107;martina.garcia@gmail.com;+54928819157;Alumno;DNI
Pedro;Mendez;40099804;pedro.mendez@gmail.com;+54922607597;Alumno;DNI
Antonio;Ramirez;40102789;antonio.ramirez@gmail.com;+54937107301;Alumno;DNI
Isabella;Alvarez;40104822;isabella.alvarez@gmail.com;+54925458644;Alumno;DNI
Bautista;Gomez;40105729;bautista.gomez@outlook.com;+54928631004;Alumno;DNI
Sofía;Fernandez;40116733;sofia.fernandez@gmail.com;+54925082621;Alumno;DNI
Renata;Quiroga;40126484;renata.quiroga@hotmail.com;+54935017223;Alumno;DNI
Nahiara;Quiroga;40132599;nahiara.quiroga@yahoo.com;+54928017393;Alumno;DNI
Josefina;Castillo;40133866;josefina.castillo@outlook.com;+54935403797;Alumno;DNI
Felipe;Arias;40140970;felipe.arias@gmail.com;+54937628206;Alumno;DNI
Mora;Flores;40156501;mora.flores@outlook.com;+54922547112;Alumno;DNI
Juana;Gomez;40167473;juana.gomez@outlook.com;+54923496632;Alumno;DNI
Julia;Suarez;40174122;julia.suarez@hotmail.com;+54929091920;Alumno;DNI
Santino;Gonzalez;40175984;santino.gonzalez@gmail.com;+54923234216;Alumno;DNI
Lucio;Gomez;40176154;lucio.gomez@gmail.com;+54924225856;Alumno;DNI
Benjamin;Gomez;40192554;benjamin.gomez@gmail.com;+54931964533;Alumno;DNI
Guadalupe;Perez;40201800;guadalupe.perez@gmail.com;+54932013021;Alumno;DNI
Valentina;Mendez;40204911;valentina.mendez@gmail.com;+54931448911;Alumno;DNI
Ciro;Nuñez;40214433;ciro.nunez@hotmail.com;+54926593467;Alumno;DNI
Emma;Sosa;40220174;emma.sosa@hotmail.com;+54929140113;Alumno;DNI
Julian;Ledesma;40228309;julian.ledesma@gmail.com;+54921192341;Alumno;DNI
Juan Sebastian;Acosta;40230385;juan.sebastian.acosta@gmail.com;+54921380899;Alumno;DNI
Felipe;Fernandez;40235116;felipe.fernandez@gmail.com;+54934913591;Alumno;DNI
Lucía;Martinez;40237965;lucia.martinez@hotmail.com;+54936346774;Alumno;DNI
Olivia;Acosta;40245831;olivia.acosta@yahoo.com;+54927859055;Alumno;DNI
Martín;Romero;40250893;martin.romero@gmail.com;+54938006411;Alumno;DNI
Agustín;Roldan;40253163;agustin.roldan@gmail.com;+54921368544;Alumno;DNI
Josefina;Gonzalez;40269989;josefina.gonzalez@gmail.com;+54923758291;Alumno;DNI
Lisandro;Pereyra;40283838;lisandro.pereyra@gmail.com;+54932118821;Alumno;DNI
Sofía;Acosta;40284355;sofia.acosta@gmail.com;+54936919391;Alumno;DNI
Joaquin;Herrera;40287807;joaquin.herrera@gmail.com;+54923231233;Alumno;DNI
Malena;Lucero;40293144;malena.lucero@gmail.com;+54928569027;Alumno;DNI
Agustin;Hernandez;40296795;agustin.hernandez@gmail.com;+54921500504;Alumno;DNI
Valentino;Diaz;40305444;valentino.diaz@gmail.com;+54939097225;Alumno;DNI
Lola;Gonzalez;40306605;lola.gonzalez@yahoo.com;+54922061641;Alumno;DNI
Simon;Miranda;40311533;simon.miranda@gmail.com;+54925013910;Alumno;DNI
Emanuel;Villalba;40328227;emanuel.villalba@gmail.com;+54932287687;Alumno;DNI
Thiago Nahuel;Castro;40330349;thiago.nahuel.castro@gmail.com;+54925132629;Alumno;DNI
Mora;Gonzalez;40333573;mora.gonzalez@gmail.com;+54924486466;Alumno;DNI
Matias;Gutierrez;40337941;matias.gutierrez@gmail.com;+54935798170;Alumno;DNI
Tobias;Acosta;40338924;tobias.acosta@gmail.com;+54922790887;Alumno;DNI
Valentino;Cardozo;40348880;valentino.cardozo@yahoo.com;+54935869893;Alumno;DNI
Alma;Martinez;40350483;alma.martinez@gmail.com;+54932401935;Alumno;DNI
Alma;Acuña;40358012;alma.acuna@gmail.com;+54921577844;Alumno;DNI
Camila;Gonzalez;40358538;camila.gonzalez@gmail.com;+54927229597;Alumno;DNI
Juan Martin;Olivera;40366603;juan.martin.olivera@gmail.com;+54921535577;Alumno;DNI
Olivia;Soto;40371152;olivia.soto@outlook.com;+54927018989;Alumno;DNI
Paulina;Sanchez;40391525;paulina.sanchez@yahoo.com;+54932677615;Alumno;DNI
Agustin;Avila;40394280;agustin.avila@gmail.com;+54936710892;Alumno;DNI
Ramiro;Rodriguez;40399678;ramiro.rodriguez@gmail.com;+54923633552;Alumno;DNI
Juan Francisco;Cruz;40400092;juan.francisco.cruz@gmail.com;+54938640213;Alumno;DNI
Juan Ignacio;Gomez;40401825;juan.ignacio.gomez@gmail.com;+54931630057;Alumno;DNI
Rafael;Nuñez;40409948;rafael.nunez@gmail.com;+54938929373;Alumno;DNI
Emilia;Miranda;40419585;emilia.miranda@hotmail.com;+54937077251;Alumno;DNI
Mora;Martinez;40421216;mora.martinez@outlook.com;+54939347210;Alumno;DNI
Simon;Vega;40422549;simon.vega@hotmail.com;+54938276182;Alumno;DNI
Simon;Sanchez;40423919;simon.sanchez@gmail.com;+54926647787;Alumno;DNI
Tiziano Benjamin;Garcia;40434897;tiziano.benjamin.garcia@hotmail.com;+54929294952;Alumno;DNI
Francisco;Ferreyra;40437078;francisco.ferreyra@gmail.com;+54939854160;Alumno;DNI
Pedro;Miranda;40437937;pedro.miranda@gmail.com;+54928699217;Alumno;DNI
Julian;Acuña;40446070;julian.acuna@outlook.com;+54922336706;Alumno;DNI
Luna;Mendoza;40451762;luna.mendoza@gmail.com;+54921867469;Alumno;DNI
Joaquin;Diaz;40454674;joaquin.diaz@gmail.com;+54924665320;Alumno;DNI
Sofia;Gimenez;40496612;sofia.gimenez@yahoo.com;+54923740267;Alumno;DNI
Ian Ezequiel;Sosa;40513724;ian.ezequiel.sosa@yahoo.com;+54927091624;Alumno;DNI
Geronimo;Maldonado;40523492;geronimo.maldonado@gmail.com;+54939469646;Alumno;DNI
Matias;Moreno;40531804;matias.moreno@gmail.com;+54925720376;Alumno;DNI
Thiago Gabriel;Morales;40532051;thiago.gabriel.morales@hotmail.com;+54925119172;Alumno;DNI
Valentin;Acosta;40534516;valentin.acosta@yahoo.com;+54932759629;Alumno;DNI
Faustino;Suarez;40578248;faustino.suarez@yahoo.com;+54935778183;Alumno;DNI
Rafael;Flores;40579606;rafael.flores@outlook.com;+54929521963;Alumno;DNI
Martina;Cruz;40582609;martina.cruz@gmail.com;+54923200008;Alumno;DNI
Kiara;Gimenez;40583085;kiara.gimenez@hotmail.com;+54932024623;Alumno;DNI
Agustin;Ledesma;40597857;agustin.ledesma@gmail.com;+54939865887;Alumno;DNI
Thiago Benjamin;Cabrera;40603350;thiago.benjamin.cabrera@hotmail.com;+54933476137;Alumno;DNI
Mia Jazmin;Quiroga;40606935;mia.jazmin.quiroga@gmail.com;+54927040082;Alumno;DNI
Julieta;Aguero;40612010;julieta.aguero@gmail.com;+54929237514;Alumno;DNI
Camila;Franco;40626532;camila.franco@hotmail.com;+54935809460;Alumno;DNI
Rafael;Sosa;40642269;rafael.sosa@gmail.com;+54936593142;Alumno;DNI
Fausto;Gutierrez;40649002;fausto.gutierrez@outlook.com;+54932833666;Alumno;DNI
Martina;Moreno;40655822;martina.moreno@gmail.com;+54921068293;Alumno;DNI
Amparo;Rodriguez;40658261;amparo.rodriguez@gmail.com;+54931642056;Alumno;DNI
Lucio;Soto;40661993;lucio.soto@gmail.com;+54939428997;Alumno;DNI
Juan Cruz;Fernandez;40665974;juan.cruz.fernandez@hotmail.com;+54939834184;Alumno;DNI
Zoe Jazmin;Paez;40668065;zoe.jazmin.paez@yahoo.com;+54938499314;Alumno;DNI
Delfina;Gimenez;40681899;delfina.gimenez@gmail.com;+54926013423;Alumno;DNI
Elena;Soria;40701939;elena.soria@hotmail.com;+54936764345;Alumno;DNI
Lautaro Nicolas;Cardozo;40719473;lautaro.nicolas.cardozo@gmail.com;+54922604347;Alumno;DNI
Lautaro;Alvarez;40727710;lautaro.alvarez@hotmail.com;+54927974272;Alumno;DNI
Santiago;Avila;40729905;santiago.avila@outlook.com;+54938412532;Alumno;DNI
Martina;Gonzalez;40733106;martina.gonzalez@gmail.com;+54925160084;Alumno;DNI
Joaquín;Aguirre;40745106;joaquin.aguirre@gmail.com;+54934420527;Alumno;DNI
Santiago;Hernandez;40746517;santiago.hernandez@yahoo.com;+54933707661;Alumno;DNI
Simon;Arias;40753275;simon.arias@gmail.com;+54937499910;Alumno;DNI
Mateo Joaquin;Diaz;40756585;mateo.joaquin.diaz@gmail.com;+54928486512;Alumno;DNI
Juan Bautista;Ortiz;40762250;juan.bautista.ortiz@gmail.com;+54939829587;Alumno;DNI
Maximo;Ledesma;40764881;maximo.ledesma@hotmail.com;+54922805333;Alumno;DNI
Isabella;Perez;40774819;isabella.perez@gmail.com;+54937489884;Alumno;DNI
Mia Jazmin;Gimenez;40775474;mia.jazmin.gimenez@outlook.com;+54938838586;Alumno;DNI
Samuel;Silva;40776019;samuel.silva@outlook.com;+54935462542;Alumno;DNI
Benicio;Cordoba;40783770;benicio.cordoba@gmail.com;+54935857874;Alumno;DNI
Olivia;Lopez;40804778;olivia.lopez@gmail.com;+54938097636;Alumno;DNI
Pedro;Lucero;40818237;pedro.lucero@yahoo.com;+54935577108;Alumno;DNI
Santiago;Gonzalez;40832369;santiago.gonzalez@gmail.com;+54922229008;Alumno;DNI
Lautaro Nicolas;Aguero;40833222;lautaro.nicolas.aguero@gmail.com;+54934164586;Alumno;DNI
Benicio;Sanchez;40840726;benicio.sanchez@outlook.com;+54927674311;Alumno;DNI
Joaquin;Pereyra;40846299;joaquin.pereyra@gmail.com;+54934386551;Alumno;DNI
Renata;Valdez;40848361;renata.valdez@gmail.com;+54937742281;Alumno;DNI
Ignacio;Torres;40852091;ignacio.torres@gmail.com;+54934819334;Alumno;DNI
Lautaro Nahuel;Campos;40854875;lautaro.nahuel.campos@gmail.com;+54928270015;Alumno;DNI
Martina;Sanchez;40860494;martina.sanchez@outlook.com;+54924970467;Alumno;DNI
Francisco;Ortiz;40863182;francisco.ortiz@outlook.com;+54935757767;Alumno;DNI
Rafael;Ramirez;40874592;rafael.ramirez@gmail.com;+54936208843;Alumno;DNI
Martina;Ruiz;40886471;martina.ruiz@outlook.com;+54925789149;Alumno;DNI
Juan Martin;Ojeda;40902797;juan.martin.ojeda@gmail.com;+54931583361;Alumno;DNI
Agustin;Gonzalez;40904939;agustin.gonzalez@gmail.com;+54922187975;Alumno;DNI
Juliana;Ortiz;40913314;juliana.ortiz@hotmail.com;+54933564856;Alumno;DNI
Juan Cruz;Alvarez;40915348;juan.cruz.alvarez@gmail.com;+54921277692;Alumno;DNI
Martina;Fernandez;40916647;martina.fernandez@gmail.com;+54922899356;Alumno;DNI
Octavio;Dominguez;40948220;octavio.dominguez@gmail.com;+54938804190;Alumno;DNI
Santiago Nicolas;Ponce;40950154;santiago.nicolas.ponce@gmail.com;+54938414023;Alumno;DNI
Ciro;Diaz;40965886;ciro.diaz@gmail.com;+54923220571;Alumno;DNI
Lautaro Benjamin;Garcia;40967959;lautaro.benjamin.garcia@gmail.com;+54931152589;Alumno;DNI
Joaquin;Maidana;40980489;joaquin.maidana@gmail.com;+54935374275;Alumno;DNI
Martina;Soria;40980648;martina.soria@outlook.com;+54928495957;Alumno;DNI
Valentin;Garcia;40988877;valentin.garcia@outlook.com;+54937388703;Alumno;DNI
Candela;Luna;40989234;candela.luna@gmail.com;+54926445274;Alumno;DNI
Juan Ignacio;Cruz;40993683;juan.ignacio.cruz@gmail.com;+54936836890;Alumno;DNI
Tomás;Gonzalez;40998609;tomas.gonzalez@gmail.com;+54934481992;Alumno;DNI
Zoe Jazmin;Rojas;41001006;zoe.jazmin.rojas@gmail.com;+54924315467;Alumno;DNI
Federico;Gomez;41003214;federico.gomez@hotmail.com;+54934755648;Alumno;DNI
Sofia;Duarte;41006133;sofia.duarte@gmail.com;+54933876360;Alumno;DNI
Santino Agustin;Fernandez;41008531;santino.agustin.fernandez@gmail.com;+54925828814;Alumno;DNI
Ignacio;Martinez;41016204;ignacio.martinez@gmail.com;+54938923689;Alumno;DNI
Helena;Ortiz;41017872;helena.ortiz@hotmail.com;+54932611029;Alumno;DNI
Francisco;Caceres;41021877;francisco.caceres@outlook.com;+54936509143;Alumno;DNI
Luciana;Ruiz;41023707;luciana.ruiz@gmail.com;+54923816292;Alumno;DNI
Tomás;Godoy;41051244;tomas.godoy@gmail.com;+54923751247;Alumno;DNI
Isabella;Farias;41051648;isabella.farias@gmail.com;+54937944647;Alumno;DNI
Luna;Dominguez;41056827;luna.dominguez@gmail.com;+54925699500;Alumno;DNI
Valentino;Suarez;41065435;valentino.suarez@gmail.com;+54937615014;Alumno;DNI
Lisandro;Martinez;41066323;lisandro.martinez@gmail.com;+54932384573;Alumno;DNI
Maria Paz;Rojas;41068300;maria.paz.rojas@yahoo.com;+54925963705;Alumno;DNI
Alvaro;Guzman;41077276;alvaro.guzman@outlook.com;+54922320812;Alumno;DNI
Gino;Duarte;41079498;gino.duarte@gmail.com;+54927668146;Alumno;DNI
Angel Gabriel;Lopez;41083641;angel.gabriel.lopez@gmail.com;+54933113545;Alumno;DNI
Maria Victoria;Gimenez;41084438;maria.victoria.gimenez@gmail.com;+54938541182;Alumno;DNI
Helena;Suarez;41092656;helena.suarez@gmail.com;+54939372670;Alumno;DNI
Francesca;Acuña;41109574;francesca.acuna@outlook.com;+54921649052;Alumno;DNI
Geronimo;Soria;41111676;geronimo.soria@gmail.com;+54931451502;Alumno;DNI
Joaquin;Ponce;41112892;joaquin.ponce@outlook.com;+54922897440;Alumno;DNI
Rafael;Arias;41119537;rafael.arias@outlook.com;+54939817786;Alumno;DNI
Lautaro Nicolas;Rodriguez;41126806;lautaro.nicolas.rodriguez@hotmail.com;+54921234531;Alumno;DNI
Francesca;Sosa;41129177;francesca_sosa24@nuevo-email.com;+54932636818;Alumno;DNI
Juan Martin;Suarez;41132630;juan.martin.suarez@gmail.com;+54923141908;Alumno;DNI
Lourdes;Escobar;41134242;lourdes.escobar@outlook.com;+54932229415;Alumno;DNI
Valentin;Diaz;41147686;valentin.diaz@hotmail.com;+54938863342;Alumno;DNI
Francisco;Romero;41150046;francisco.romero@outlook.com;+54937997143;Alumno;DNI
Mateo;Lopez;41166199;mateo.lopez@gmail.com;+54937317849;Alumno;DNI
Juan Ignacio;Rodriguez;41171969;juan.ignacio.rodriguez@gmail.com;+54934735907;Alumno;DNI
Matias;Rivero;41174384;matias.rivero@yahoo.com;+54938687669;Alumno;DNI
Luciano;Fernandez;41177146;luciano.fernandez@hotmail.com;+54929570125;Alumno;DNI
Juan Bautista;Gonzalez;41182374;juan.bautista.gonzalez@yahoo.com;+54926622460;Alumno;DNI
Ignacio;Farias;41204894;ignacio.farias@gmail.com;+54933356297;Alumno;DNI
Martina;Leiva;41212075;martina.leiva@gmail.com;+54936514360;Alumno;DNI
Juan Ignacio;Gimenez;41213341;juan.ignacio.gimenez@gmail.com;+54924593784;Alumno;DNI
Geronimo;Maidana;41234290;geronimo.maidana@gmail.com;+54936334141;Alumno;DNI
Delfina;Ferreyra;41234886;delfina.ferreyra@gmail.com;+54922731519;Alumno;DNI
Valentino;Chavez;41235752;valentino.chavez@gmail.com;+54927124622;Alumno;DNI
Benjamin;Ayala;41240321;benjamin.ayala@gmail.com;+54929603361;Alumno;DNI
Gael;Romero;41248088;gael.romero@hotmail.com;+54924104043;Alumno;DNI
Sofía;Garcia;41249420;sofia.garcia@yahoo.com;+54934011529;Alumno;DNI
Maximiliano;Ramirez;41252196;maximiliano.ramirez@hotmail.com;+54921940145;Alumno;DNI
Mateo;Medina;41258011;mateo.medina@hotmail.com;+54935981512;Alumno;DNI
Lara;Rodriguez;41268285;lara.rodriguez@hotmail.com;+54931519824;Alumno;DNI
Pedro;Ferreyra;41273545;pedro.ferreyra@gmail.com;+54924302797;Alumno;DNI
Lautaro Ezequiel;Miranda;41289442;lautaro.ezequiel.miranda@gmail.com;+54939671656;Alumno;DNI
Giovanni;Maldonado;41289550;giovanni.maldonado@hotmail.com;+54925471803;Alumno;DNI
Maria Victoria;Diaz;41289623;maria.victoria.diaz@gmail.com;+54939046464;Alumno;DNI
Luca;Correa;41291663;luca.correa@gmail.com;+54932801478;Alumno;DNI
Felipe;Diaz;41297634;felipe.diaz@yahoo.com;+54928748240;Alumno;DNI
Ivan;Bustos;41310259;ivan.bustos@yahoo.com;+54938491905;Alumno;DNI
Sofia;Sanchez;41314648;sofia.sanchez@gmail.com;+54923742561;Alumno;DNI
Valentina;Perez;41330737;valentina.perez@outlook.com;+54932537935;Alumno;DNI
Lola;Gomez;41332008;lola.gomez@outlook.com;+54936538521;Alumno;DNI
Alma;Figueroa;41333233;alma.figueroa@hotmail.com;+54936100018;Alumno;DNI
Sofia Belen;Bravo;41333709;sofia.belen.bravo@outlook.com;+54921545398;Alumno;DNI
Simon;Castro;41337962;simon.castro@gmail.com;+54938462409;Alumno;DNI
Ian;Chavez;41340763;ian.chavez@gmail.com;+54933077011;Alumno;DNI
Catalina;Sanchez;41347543;catalina.sanchez@gmail.com;+54933391715;Alumno;DNI
Sara;Sosa;41396027;sara.sosa@gmail.com;+54926283735;Alumno;DNI
Genaro;Caceres;41398180;genaro.caceres@gmail.com;+54938721544;Alumno;DNI
Catalina;Gomez;41402719;catalina.gomez@outlook.com;+54939172603;Alumno;DNI
Santiago Benjamin;Rodriguez;41416545;santiago.benjamin.rodriguez@gmail.com;+54924959418;Alumno;DNI
Ramiro;Olivera;41418439;ramiro.olivera@yahoo.com;+54923326663;Alumno;DNI
Salvador;Lopez;41422321;salvador.lopez@gmail.com;+54925508708;Alumno;DNI
Tomás;Campos;41437572;tomas.campos@yahoo.com;+54927504287;Alumno;DNI
Thiago Emanuel;Castillo;41448781;thiago.emanuel.castillo@gmail.com;+54938981829;Alumno;DNI
Martina;Maldonado;41453617;martina.maldonado@yahoo.com;+54926402672;Alumno;DNI
Julieta;Gonzalez;41473248;julieta.gonzalez@yahoo.com;+54934720478;Alumno;DNI
Fausto;Molina;41485165;fausto.molina@yahoo.com;+54931234849;Alumno;DNI
Sebastian;Gomez;41503023;sebastian.gomez@outlook.com;+54924873994;Alumno;DNI
Valentino;Figueroa;41511282;valentino.figueroa@gmail.com;+54922366190;Alumno;DNI
Renata;Lopez;41530667;renata.lopez@yahoo.com;+54921156600;Alumno;DNI
Tiziana;Flores;41532385;tiziana.flores@gmail.com;+54937475194;Alumno;DNI
Sara;Villalba;41559534;sara.villalba@gmail.com;+54935651002;Alumno;DNI
Sofia;Rodriguez;41564993;sofia.rodriguez@outlook.com;+54927790712;Alumno;DNI
Bruno;Gonzalez;41570701;bruno.gonzalez@hotmail.com;+54932145389;Alumno;DNI
Candela;Pereyra;41575887;candela.pereyra@outlook.com;+54932648389;Alumno;DNI
Sofia;Villalba;41591741;sofia.villalba@hotmail.com;+54938904385;Alumno;DNI
Constantino;Castro;41594052;constantino.castro@outlook.com;+54939166714;Alumno;DNI
Augusto;Medina;41597245;augusto.medina@hotmail.com;+54926301109;Alumno;DNI
Thiago Lionel;Gutierrez;41607939;thiago.lionel.gutierrez@outlook.com;+54927644837;Alumno;DNI
Octavio;Gomez;41620840;octavio.gomez@outlook.com;+54934127365;Alumno;DNI
Martina;Ortiz;41626422;martina.ortiz@gmail.com;+54939884195;Alumno;DNI
Josefina;Fernandez;41627786;josefina.fernandez@gmail.com;+54925999754;Alumno;DNI
Ambar;Martinez;41641503;ambar.martinez@gmail.com;+54922634099;Alumno;DNI
Lautaro Ezequiel;Rojas;41660538;lautaro.ezequiel.rojas@hotmail.com;+54939740906;Alumno;DNI
Valentino;Gomez;41661140;valentino.gomez@gmail.com;+54933349979;Alumno;DNI
Jazmin;Bravo;41664468;jazmin.bravo@hotmail.com;+54938323094;Alumno;DNI
Luciana;Caceres;41671067;luciana.caceres@gmail.com;+54939752743;Alumno;DNI
Isabella;Soto;41694165;isabella.soto@hotmail.com;+54935582004;Alumno;DNI
Martin;Gutierrez;41702335;martin.gutierrez@outlook.com;+54937046933;Alumno;DNI
Guillermina;Rodriguez;41721070;guillermina.rodriguez@gmail.com;+54928707471;Alumno;DNI
Lucía ;Pereyra;41721378;lucia.pereyra@gmail.com;+54928119841;Alumno;DNI
Lola;Garcia;41726756;lola.garcia@gmail.com;+54931481089;Alumno;DNI
Morena Jazmin;Dominguez;41728313;morena.jazmin.dominguez@outlook.com;+54938129863;Alumno;DNI
Elena;Aguirre;41734135;elena.aguirre@outlook.com;+54924052837;Alumno;DNI
Juan Pablo;Alvarez;41744958;juan.pablo.alvarez@outlook.com;+54927116346;Alumno;DNI
Benjamin Alejandro;Torres;41748984;benjamin.alejandro.torres@hotmail.com;+54926999313;Alumno;DNI
Maria Paz;Campos;41754338;maria.paz.campos@outlook.com;+54924425731;Alumno;DNI
Tomás;Molina;41763206;tomas.molina@outlook.com;+54924583458;Alumno;DNI
Lucía;Avila;41765198;lucia.avila@outlook.com;+54927657966;Alumno;DNI
Mia Jazmin;Aguirre;41782307;mia.jazmin.aguirre@gmail.com;+54928724371;Alumno;DNI
Juan Ignacio;Martinez;41785959;juan.ignacio.martinez@gmail.com;+54928486053;Alumno;DNI
Sol;Gonzalez;41788868;sol.gonzalez@hotmail.com;+54928842829;Alumno;DNI
Catalina;Farias;41803813;catalina.farias@gmail.com;+54928873919;Alumno;DNI
Ambar;Vazquez;41813295;ambar.vazquez@yahoo.com;+54926535052;Alumno;DNI
Santino;Duarte;41815317;santino.duarte@gmail.com;+54922689888;Alumno;DNI
Santiago Benjamin;Rodriguez;41816794;santiago.benjamin.rodriguez@gmail.com;+54926860781;Alumno;DNI
Tomas;Rodriguez;41818271;tomas.rodriguez@gmail.com;+54932567760;Alumno;DNI
Sofia;Torres;41824986;sofia.torres@hotmail.com;+54936912568;Alumno;DNI
Agustín;Martinez;41829357;agustin.martinez@outlook.com;+54934673084;Alumno;DNI
Alma;Figueroa;41830154;alma.figueroa@gmail.com;+54922598678;Alumno;DNI
Morena;Cardozo;41833461;morena.cardozo@gmail.com;+54927329591;Alumno;DNI
Alfonsina;Medina;41848705;alfonsina.medina@outlook.com;+54933898678;Alumno;DNI
Isabella;Torres;41866022;isabella.torres@yahoo.com;+54923024235;Alumno;DNI
Santino Benjamin;Ortiz;41870584;santino.benjamin.ortiz@gmail.com;+54926214249;Alumno;DNI
Thiago;Ponce;41883892;thiago.ponce@gmail.com;+54926978811;Alumno;DNI
Lautaro;Rodriguez;41885509;lautaro.rodriguez@gmail.com;+54922797194;Alumno;DNI
Guadalupe;Ruiz;41886872;guadalupe.ruiz@outlook.com;+54934617808;Alumno;DNI
Gonzalo;Sanchez;41890956;gonzalo.sanchez@gmail.com;+54938174896;Alumno;DNI
Martina;Castro;41904080;martina.castro@gmail.com;+54924312243;Alumno;DNI
Salvador;Ramos;41907942;salvador.ramos@gmail.com;+54937743820;Alumno;DNI
Agustín;Navarro;41912939;agustin.navarro@gmail.com;+54931159430;Alumno;DNI
Sofia;Diaz;41915923;sofia.diaz@outlook.com;+54938179484;Alumno;DNI
Benicio;Gonzalez;41931470;benicio.gonzalez@outlook.com;+54938039410;Alumno;DNI
Victoria;Muñoz;41938150;victoria.munoz@gmail.com;+54924815226;Alumno;DNI
Felipe;Sosa;41941216;felipe.sosa@hotmail.com;+54938229392;Alumno;DNI
Camilo;Acosta;41943395;camilo.acosta@yahoo.com;+54931647718;Alumno;DNI
Benjamin;Hernandez;41944353;benjamin.hernandez@outlook.com;+54922199785;Alumno;DNI
Francesca;Garcia;41950086;francesca.garcia@hotmail.com;+54937826468;Alumno;DNI
Milagros;Diaz;41950319;milagros.diaz@gmail.com;+54932905987;Alumno;DNI
Juana;Pereyra;41994164;juana.pereyra@gmail.com;+54927694412;Alumno;DNI
Santino Benjamin;Aguero;41994956;santino.benjamin.aguero@gmail.com;+54925706892;Alumno;DNI
Dylan Ezequiel;Rodriguez;41998415;dylan.ezequiel.rodriguez@outlook.com;+54927132323;Alumno;DNI
Alma Valentina;Ruiz;42002650;alma.valentina.ruiz@yahoo.com;+54935573260;Alumno;DNI
Lola;Lopez;42011137;lola.lopez@yahoo.com;+54938944120;Alumno;DNI
Nahiara;Luna;42024629;nahiara.luna@yahoo.com;+54927516979;Alumno;DNI
Nicolas;Cabrera;42026432;nicolas.cabrera@outlook.com;+54923553045;Alumno;DNI
Emilia;Suarez;42082012;emilia.suarez@outlook.com;+54929961754;Alumno;DNI
Mia Valentina;Ojeda;42117900;mia.valentina.ojeda@gmail.com;+54937577212;Alumno;DNI
Martín;Alvarez;42124538;martin.alvarez@outlook.com;+54925072867;Alumno;DNI
Agustina;Torres;42132790;agustina.torres@gmail.com;+54921243093;Alumno;DNI
Valentino;Romero;42168576;valentino.romero@yahoo.com;+54927423551;Alumno;DNI
Lucía;Gonzalez;42179672;lucia.gonzalez@gmail.com;+54924295377;Alumno;DNI
Julian;Castro;42208457;julian.castro@hotmail.com;+54924627289;Alumno;DNI
Ignacio;Castillo;42219949;ignacio.castillo@gmail.com;+54926264764;Alumno;DNI
León;Blanco;42221418;leon.blanco@outlook.com;+54929342600;Alumno;DNI
Bruno;Gomez;42242735;bruno.gomez@outlook.com;+54926232722;Alumno;DNI
Florencia;Rojas;42253635;florencia.rojas@outlook.com;+54927028180;Alumno;DNI
Valentina;Fernandez;42254691;valentina.fernandez@gmail.com;+54922244536;Alumno;DNI
Lautaro;Soto;42266843;lautaro.soto@gmail.com;+54931647741;Alumno;DNI
Jeronimo;Arias;42280040;jeronimo.arias@hotmail.com;+54934934405;Alumno;DNI
Pilar;Rodriguez;42287708;pilar.rodriguez@yahoo.com;+54921091532;Alumno;DNI
Dylan;Ledesma;42305779;dylan.ledesma@outlook.com;+54928099508;Alumno;DNI
Simon;Coronel;42321650;simon.coronel@hotmail.com;+54929875461;Alumno;DNI
Lucas Ezequiel;Fernandez;42331291;lucas.ezequiel.fernandez@yahoo.com;+54929690729;Alumno;DNI
Felicitas;Rios;42378567;felicitas.rios@hotmail.com;+54924425152;Alumno;DNI
Bautista;Carrizo;42411250;bautista.carrizo@hotmail.com;+54933690463;Alumno;DNI
Bautista;Dominguez;42419781;bautista.dominguez@gmail.com;+54923541372;Alumno;DNI
Renata;Roldan;42473169;renata.roldan@outlook.com;+54935859074;Alumno;DNI
Mateo Agustin;Rodriguez;42473833;mateo.agustin.rodriguez@hotmail.com;+54922736791;Alumno;DNI
Milena;Diaz;42500015;milena.diaz@hotmail.com;+54923951848;Alumno;DNI
Valentina;Vega;42509169;valentina.vega@outlook.com;+54925410855;Alumno;DNI
Juan Gabriel;Cruz;42555362;juan.gabriel.cruz@gmail.com;+54932790400;Alumno;DNI
Maria Luz;Cabrera;42574929;maria.luz.cabrera@gmail.com;+54933956725;Alumno;DNI
Valentina;Rivero;42576713;valentina.rivero@yahoo.com;+54921658078;Alumno;DNI
Camila;Lopez;42590810;camila.lopez@hotmail.com;+54928669837;Alumno;DNI
Joaquín;Godoy;42613265;joaquin.godoy@gmail.com;+54929862185;Alumno;DNI
Mateo;Fernandez;42622519;mateo.fernandez@hotmail.com;+54928412021;Alumno;DNI
Camila;Molina;42630421;camila.molina@gmail.com;+54922735209;Alumno;DNI
Matias;Gonzalez;42645481;matias.gonzalez@yahoo.com;+54926216311;Alumno;DNI
Benjamin;Aguirre;42674907;benjamin.aguirre@outlook.com;+54929224113;Alumno;DNI
Ian Ezequiel;Carrizo;42677307;ian.ezequiel.carrizo@gmail.com;+54922185047;Alumno;DNI
Catalina;Franco;42679506;catalina.franco@yahoo.com;+54921265465;Alumno;DNI
Valentina;Miranda;42693185;valentina.miranda@hotmail.com;+54929414656;Alumno;DNI
León;Chavez;42699425;leon.chavez@yahoo.com;+54937247880;Alumno;DNI
Amparo;Ledesma;42706367;amparo.ledesma@outlook.com;+54926601868;Alumno;DNI
Mateo;Benitez;42727516;mateo.benitez@outlook.com;+54937781066;Alumno;DNI
Martina;Ojeda;42740444;martina.ojeda@yahoo.com;+54924627303;Alumno;DNI
Valentina;Suarez;42757045;valentina.suarez@hotmail.com;+54926345699;Alumno;DNI
Thiago Nicolas;Cordoba;42758944;thiago.nicolas.cordoba@gmail.com;+54934442890;Alumno;DNI
Manuel;Castillo;42760731;manuel.castillo@hotmail.com;+54929416333;Alumno;DNI
Alma Valentina;Garcia;42763799;alma.valentina.garcia@yahoo.com;+54929785301;Alumno;DNI
Santino;Vega;42781956;santino.vega@yahoo.com;+54931786657;Alumno;DNI
Alma;Bustos;42789411;alma.bustos@hotmail.com;+54937788096;Alumno;DNI
Matias;Mendoza;42799422;matias.mendoza@gmail.com;+54927950884;Alumno;DNI
Elena;Morales;42810923;elena.morales@outlook.com;+54922762771;Alumno;DNI
Simon;Ferreyra;42826422;simon.ferreyra@outlook.com;+54923146197;Alumno;DNI
Renzo;Benitez;42845702;renzo.benitez@hotmail.com;+54924952033;Alumno;DNI
Sofía;Aguirre;42849061;sofia.aguirre@yahoo.com;+54923932267;Alumno;DNI
Antonella;Gimenez;42863827;antonella.gimenez@outlook.com;+54926625205;Alumno;DNI
Juan Bautista;Soria;42881854;juan.bautista.soria@yahoo.com;+54933001226;Alumno;DNI
Ignacio;Paz;42886191;ignacio.paz@hotmail.com;+54933404530;Alumno;DNI
Malena;Gomez;42892502;malena.gomez@yahoo.com;+54932210394;Alumno;DNI
Joaquin;Romero;42905002;joaquin.romero@hotmail.com;+54925952252;Alumno;DNI
Martina;Cordoba;42909942;martina.cordoba@yahoo.com;+54927262352;Alumno;DNI
Santiago;Diaz;42928321;santiago.diaz@gmail.com;+54922156625;Alumno;DNI
Lola;Avila;42936217;lola.avila@hotmail.com;+54935514356;Alumno;DNI
Santino;Ledesma;42954368;santino.ledesma@yahoo.com;+54922147459;Alumno;DNI
Valentin;Ramos;42974553;valentin.ramos@hotmail.com;+54936836589;Alumno;DNI
Milena;Silva;43001086;milena.silva@gmail.com;+54938196459;Alumno;DNI
Juan Bautista;Velazquez;43003702;juan.bautista.velazquez25@outlook.com;+54932298187;Alumno;DNI
Sofia;Lopez;43008590;sofia.lopez25@outlook.com;+54927964023;Alumno;DNI
Candelaria;Vazquez;43010564;candelaria.vazquez@hotmail.com;+54922330908;Alumno;DNI
Clara;Alvarez;43023911;clara.alvarez@yahoo.com;+54928160515;Alumno;DNI
Benjamin Ezequiel;Acosta;43029052;benjamin.ezequiel.acosta@outlook.com;+54924176210;Alumno;DNI
Juan Manuel;Gonzalez;43037722;juan.manuel.gonzalez25@outlook.com;+54923200807;Alumno;DNI
Juliana;Barrios;43040142;juliana.barrios25@outlook.com;+54932745296;Alumno;DNI
Geronimo;Godoy;43043273;geronimo.godoy@yahoo.com;+54923768022;Alumno;DNI
Valentina;Castro;43055426;valentina.castro25@outlook.com;+54934242168;Alumno;DNI
Valentina;Rodriguez;43059176;valentina.rodriguez25@outlook.com;+54935605986;Alumno;DNI
Catalina;Sanchez;43062304;catalina.sanchez@gmail.com;+54923438565;Alumno;DNI
Agustina;Ojeda;43068884;agustina.ojeda@outlook.com;+54925666034;Alumno;DNI
Juan Ignacio;Moreno;43069128;juan.ignacio.moreno25@outlook.com;+54932823118;Alumno;DNI
Carmela;Romero;43088662;carmela.romero@gmail.com;+54929304997;Alumno;DNI
Martina;Benitez;43093166;martina.benitez@outlook.com;+54922030629;Alumno;DNI
Pedro;Gonzalez;43098716;pedro.gonzalez25@outlook.com;+54926048512;Alumno;DNI
Sofia;Escobar;43105183;sofia.escobar@yahoo.com;+54938267431;Alumno;DNI
Ana Paula;Benitez;43110444;ana.paula.benitez@hotmail.com;+54933229860;Alumno;DNI
Santino Agustin;Rojas;43159265;santino.agustin.rojas@yahoo.com;+54932163261;Alumno;DNI
Martina;Flores;43162851;martina.flores25@outlook.com;+54921648198;Alumno;DNI
Santino;Navarro;43174343;santino.navarro25@outlook.com;+54927683375;Alumno;DNI
Santiago;Torres;43185797;santiago.torres25@outlook.com;+54934628959;Alumno;DNI
Felipe;Ruiz;43191267;felipe.ruiz25@outlook.com;+54922642274;Alumno;DNI
Samuel;Rodriguez;43198246;samuel.rodriguez@gmail.com;+54927512214;Alumno;DNI
Nicolas;Escobar;43220086;nicolas.escobar@gmail.com;+54922577210;Alumno;DNI
Lucas Ezequiel;Rojas;43243328;lucas.ezequiel.rojas@yahoo.com;+54935221137;Alumno;DNI
Victoria;Barrios;43249808;victoria.barrios25@outlook.com;+54934976531;Alumno;DNI
Salvador;Fernandez;43254348;salvador.fernandez25@outlook.com;+54936268718;Alumno;DNI
Valentino;Velazquez;43267084;valentino.velazquez25@outlook.com;+54937080733;Alumno;DNI
Mateo;Gonzalez;43270052;mateo.gonzalez@outlook.com;+54921365520;Alumno;DNI
Sofia;Sanchez;43276053;sofia.sanchez25@outlook.com;+54925636859;Alumno;DNI
Abril;Molina;43281049;abril.molina25@outlook.com;+54939041124;Alumno;DNI
Ian Benjamin;Valdez;43284866;ian.benjamin.valdez25@outlook.com;+54926234962;Alumno;DNI
Simon;Rojas;43286289;simon.rojas25@outlook.com;+54934983718;Alumno;DNI
Mia Valentina;Molina;43312078;mia.valentina.molina@hotmail.com;+54922970399;Alumno;DNI
Julia;Moreno;43313143;julia.moreno@gmail.com;+54925785272;Alumno;DNI
Juliana;Gomez;43315303;juliana.gomez@hotmail.com;+54927215674;Alumno;DNI
Jazmin;Alvarez;43331228;jazmin.alvarez25@outlook.com;+54928252186;Alumno;DNI
Isabella;Roldan;43342517;isabella.roldan25@outlook.com;+54921184040;Alumno;DNI
Martina;Ferreyra;43344838;martina.ferreyra25@outlook.com;+54927270701;Alumno;DNI
Mia;Vazquez;43350438;mia.vazquez@yahoo.com;+54929016454;Alumno;DNI
Juan Martin;Rivero;43362081;juan.martin.rivero@outlook.com;+54937849092;Alumno;DNI
Justina;Castillo;43372972;justina.castillo25@outlook.com;+54938835674;Alumno;DNI
Miguel Angel;Fernandez;43388966;miguel.angel.fernandez@yahoo.com;+54934267701;Alumno;DNI
Dante;Suarez;43394175;dante.suarez@gmail.com;+54926610611;Alumno;DNI
Sofia;Romero;43399661;sofia.romero25@outlook.com;+54929662869;Alumno;DNI
Juan Ignacio;Sosa;43402603;juan.ignacio.sosa25@outlook.com;+54939948984;Alumno;DNI
Thiago;Muñoz;43416171;thiago.munoz25@outlook.com;+54936037408;Alumno;DNI
Lucía;Olivera;43416352;lucia.olivera@outlook.com;+54921674983;Alumno;DNI
Benjamin;Martinez;43447193;benjamin.martinez@gmail.com;+54929304243;Alumno;DNI
Martina;Gomez;43449566;martina.gomez@hotmail.com;+54935610521;Alumno;DNI
Juan Manuel;Gomez;43456083;juan.manuel.gomez25@outlook.com;+54939961245;Alumno;DNI
Francisco;Rodriguez;43462497;francisco.rodriguez25@outlook.com;+54936195749;Alumno;DNI
Alma;Vega;43471496;alma.vega25@outlook.com;+54923525627;Alumno;DNI
Facundo;Vega;43473683;facundo.vega25@outlook.com;+54937196444;Alumno;DNI
Thiago Joaquin;Gimenez;43483992;thiago.joaquin.gimenez@yahoo.com;+54938345945;Alumno;DNI
Renzo;Rodriguez;43492230;renzo.rodriguez25@outlook.com;+54933876333;Alumno;DNI
Morena;Perez;43496203;morena.perez25@outlook.com;+54929140349;Alumno;DNI
Manuel;Ruiz;43496917;manuel.ruiz@gmail.com;+54937222618;Alumno;DNI
Josefina;Lopez;43498834;josefina.lopez25@outlook.com;+54925062420;Alumno;DNI
Facundo;Maldonado;43506692;facundo.maldonado25@outlook.com;+54931810506;Alumno;DNI
Agustín;Vargas;43507384;agustin.vargas25@outlook.com;+54933277831;Alumno;DNI
Gael;Miranda;43521267;gael.miranda25@outlook.com;+54927536899;Alumno;DNI
Francisca;Rodriguez;43528816;francisca.rodriguez25@outlook.com;+54939730260;Alumno;DNI
Lucia;Mendoza;43529073;lucia.mendoza@outlook.com;+54927038970;Alumno;DNI
Thiago;Molina;43537356;thiago.molina25@outlook.com;+54924614112;Alumno;DNI
Morena;Romero;43539600;morena_romero24@nuevo-email.com;+54924318055;Alumno;DNI
Benjamin;Acuña;43542005;benjamin.acuna@outlook.com;+54929552425;Alumno;DNI
Giuliana;Campos;43542829;giuliana.campos25@outlook.com;+54923746730;Alumno;DNI
Joaquin;Fernandez;43549185;joaquin.fernandez@hotmail.com;+54937183602;Alumno;DNI
Maite;Torres;43549346;maite.torres25@outlook.com;+54922262116;Alumno;DNI
Lucas;Gutierrez;43554211;lucas.gutierrez@outlook.com;+54931084040;Alumno;DNI
Lucio;Lucero;43558573;lucio.lucero25@outlook.com;+54932670444;Alumno;DNI
Felipe;Flores;43583039;felipe.flores@outlook.com;+54938117512;Alumno;DNI
Ezequiel;Gonzalez;43597806;ezequiel.gonzalez25@outlook.com;+54931713315;Alumno;DNI
Lara;Gonzalez;43605753;lara.gonzalez25@outlook.com;+54924797242;Alumno;DNI
Facundo;Ayala;43615605;facundo.ayala25@outlook.com;+54938347596;Alumno;DNI
Lucía;Sosa;43624314;lucia.sosa25@outlook.com;+54927243920;Alumno;DNI
Carmela;Ledesma;43624806;carmela.ledesma25@outlook.com;+54938706600;Alumno;DNI
Milo;Rodriguez;43625205;milo_rodriguez24@nuevo-email.com;+54929190402;Alumno;DNI
Nicolas;Aguero;43632991;nicolas.aguero25@outlook.com;+54938707177;Alumno;DNI
Zoe Jazmin;Gutierrez;43647497;zoe.jazmin.gutierrez25@outlook.com;+54924606899;Alumno;DNI
Lara;Coronel;43651742;lara.coronel@yahoo.com;+54922425700;Alumno;DNI
Matias;Martinez;43651947;matias.martinez25@outlook.com;+54933976861;Alumno;DNI
Felicitas;Martinez;43652049;felicitas.martinez25@outlook.com;+54928181118;Alumno;DNI
Ramiro;Bustos;43662150;ramiro.bustos25@outlook.com;+54925946952;Alumno;DNI
Ludmila;Moreno;43663971;ludmila.moreno@hotmail.com;+54935237374;Alumno;DNI
Sofia;Godoy;43671191;sofia.godoy@yahoo.com;+54926568600;Alumno;DNI
Thiago Nahuel;Muñoz;43671566;thiago.nahuel.munoz25@outlook.com;+54937577861;Alumno;DNI
Micaela;Rodriguez;43678310;micaela.rodriguez25@outlook.com;+54937006729;Alumno;DNI
Samuel;Ojeda;43679905;samuel.ojeda25@outlook.com;+54931723633;Alumno;DNI
Lourdes;Correa;43690930;lourdes.correa25@outlook.com;+54935697113;Alumno;DNI
Isabel;Diaz;43695277;isabel_diaz24@nuevo-email.com;+54938120948;Alumno;DNI
Julian;Perez;43695456;julian.perez@outlook.com;+54933640937;Alumno;DNI
Lautaro Ezequiel;Martinez;43695489;lautaro.ezequiel.martinez@hotmail.com;+54927355450;Alumno;DNI
Nina;Suarez;43704659;nina.suarez25@outlook.com;+54922868138;Alumno;DNI
Bautista;Gimenez;43710760;bautista.gimenez@yahoo.com;+54923748134;Alumno;DNI
Sebastian;Blanco;43711417;sebastian.blanco25@outlook.com;+54937720801;Alumno;DNI
Gonzalo;Vega;43713231;gonzalo.vega25@outlook.com;+54925669799;Alumno;DNI
Pilar;Romero;43714584;pilar.romero25@outlook.com;+54927740490;Alumno;DNI
Lautaro;Carrizo;43720785;lautaro.carrizo@outlook.com;+54925931249;Alumno;DNI
Joaquin;Mansilla;43721576;joaquin.mansilla25@outlook.com;+54932112576;Alumno;DNI
Tobias;Diaz;43726508;tobias.diaz@gmail.com;+54928852045;Alumno;DNI
Julia;Garcia;43727225;julia.garcia@gmail.com;+54933308895;Alumno;DNI
Facundo;Medina;43729856;facundo.medina25@outlook.com;+54923419750;Alumno;DNI
Pedro;Rodriguez;43733466;pedro.rodriguez@yahoo.com;+54938094602;Alumno;DNI
Isabella;Benitez;43736953;isabella.benitez@hotmail.com;+54926677027;Alumno;DNI
Agustina;Blanco;43744263;agustina.blanco25@outlook.com;+54937035683;Alumno;DNI
Thiago Daniel;Duarte;43750283;thiago.daniel.duarte@hotmail.com;+54934896451;Alumno;DNI
Lola;Sanchez;43751737;lola.sanchez25@outlook.com;+54929790300;Alumno;DNI
Paloma;Aguero;43767499;paloma.aguero@yahoo.com;+54921987505;Alumno;DNI
Santino;Villalba;43771658;santino.villalba@outlook.com;+54936037640;Alumno;DNI
Benjamin;Rios;43773004;benjamin.rios@hotmail.com;+54931388805;Alumno;DNI
Vicente;Medina;43777501;vicente.medina@yahoo.com;+54936512667;Alumno;DNI
Julieta;Caceres;43799230;julieta.caceres@outlook.com;+54925845613;Alumno;DNI
Gino;Rios;43802935;gino.rios@outlook.com;+54926662954;Alumno;DNI
Felipe;Ramirez;43810640;felipe.ramirez@gmail.com;+54935252675;Alumno;DNI
Ramiro;Perez;43827991;ramiro.perez25@outlook.com;+54936314194;Alumno;DNI
Agustín;Lopez;43830930;agustin.lopez25@outlook.com;+54923916311;Alumno;DNI
Santino;Vargas;43831919;santino.vargas25@outlook.com;+54928246183;Alumno;DNI
Josefina;Rodriguez;43832291;josefina.rodriguez25@outlook.com;+54921721267;Alumno;DNI
Agustin;Nuñez;43847977;agustin.nunez25@outlook.com;+54929424189;Alumno;DNI
Thiago Daniel;Diaz;43864775;thiago.daniel.diaz@outlook.com;+54934821035;Alumno;DNI
Juan Manuel;Gonzalez;43867075;juan.manuel.gonzalez@hotmail.com;+54931486620;Alumno;DNI
Thiago Gabriel;Torres;43871165;thiago.gabriel.torres25@outlook.com;+54931755589;Alumno;DNI
Isabella;Alvarez;43871938;isabella.alvarez25@outlook.com;+54931915405;Alumno;DNI
Tobias;Mansilla;43888324;tobias.mansilla@outlook.com;+54931922155;Alumno;DNI
Uma;Martinez;43889224;uma.martinez25@outlook.com;+54931613837;Alumno;DNI
Julieta;Luna;43895529;julieta.luna25@outlook.com;+54921561266;Alumno;DNI
Morena Jazmin;Vera;43904377;morena.jazmin.vera25@outlook.com;+54931037839;Alumno;DNI
Maria Guadalupe;Romero;43904609;maria.guadalupe.romero@yahoo.com;+54929048289;Alumno;DNI
Sofia Belen;Romero;43914297;sofia.belen.romero@outlook.com;+54926042249;Alumno;DNI
Valentin;Gonzalez;43941263;valentin.gonzalez25@outlook.com;+54931514372;Alumno;DNI
Ciro;Caceres;43942866;ciro.caceres@yahoo.com;+54928108961;Alumno;DNI
Sofia;Ponce;43947996;sofia.ponce@gmail.com;+54934831858;Alumno;DNI
Luna;Sanchez;43948943;luna.sanchez@hotmail.com;+54927102305;Alumno;DNI
Juan Ignacio;Juarez;43956427;juan.ignacio.juarez@hotmail.com;+54929267185;Alumno;DNI
Santino;Martinez;43970719;santino.martinez@outlook.com;+54936871842;Alumno;DNI
Mateo;Morales;43972226;mateo.morales@yahoo.com;+54936432715;Alumno;DNI
Emma;Valdez;43978117;emma.valdez@yahoo.com;+54925523105;Alumno;DNI
Nicolas;Perez;43990468;nicolas.perez@hotmail.com;+54922514214;Alumno;DNI
Santino;Lopez;43991288;santino.lopez25@outlook.com;+54921395310;Alumno;DNI
Bautista;Torres;43991901;bautista.torres@yahoo.com;+54938217001;Alumno;DNI
Joaquin;Rodriguez;44012569;joaquin.rodriguez@yahoo.com;+54921251380;Alumno;DNI
Julieta;Coronel;44025027;julieta.coronel25@outlook.com;+54939662319;Alumno;DNI
Morena;Peralta;44047485;morena.peralta@hotmail.com;+54935958344;Alumno;DNI
Milagros;Soria;44047721;milagros_soria24@nuevo-email.com;+54936178080;Alumno;DNI
Thiago Valentin;Fernandez;44049715;thiago.valentin.fernandez25@outlook.com;+54926087431;Alumno;DNI
Julian;Gomez;44059178;julian.gomez25@outlook.com;+54928796484;Alumno;DNI
Alma;Diaz;44059778;alma.diaz@gmail.com;+54925227337;Alumno;DNI
Joaquin;Juarez;44062737;joaquin.juarez25@outlook.com;+54922008924;Alumno;DNI
Julia;Rodriguez;44064200;julia.rodriguez25@outlook.com;+54932940259;Alumno;DNI
Alma;Correa;44067426;alma.correa@yahoo.com;+54921783979;Alumno;DNI
Martina;Velazquez;44076200;martina.velazquez25@outlook.com;+54925868167;Alumno;DNI
Juan Cruz;Gonzalez;44084939;juan.cruz.gonzalez@yahoo.com;+54927921644;Alumno;DNI
Nahiara Jazmin;Gomez;44086116;nahiara.jazmin.gomez25@outlook.com;+54928113007;Alumno;DNI
Lola;Martinez;44094966;lola.martinez@hotmail.com;+54927028765;Alumno;DNI
Maria Paz;Escobar;44101321;maria.paz.escobar25@outlook.com;+54926102977;Alumno;DNI
Camila;Cabrera;44107875;camila.cabrera25@outlook.com;+54923072733;Alumno;DNI
Mia;Rios;44111228;mia.rios25@outlook.com;+54924123733;Alumno;DNI
Lautaro Ezequiel;Martinez;44113409;lautaro.ezequiel.martinez@outlook.com;+54928018475;Alumno;DNI
Ignacio;Ruiz;44115122;ignacio.ruiz25@outlook.com;+54938574661;Alumno;DNI
Emilia;Luna;44115909;emilia.luna25@outlook.com;+54935279657;Alumno;DNI
Juana;Bravo;44118742;juana.bravo25@outlook.com;+54928429518;Alumno;DNI
Juan Bautista;Gomez;44120543;juan.bautista.gomez@outlook.com;+54927524496;Alumno;DNI
Isabella;Martinez;44141804;isabella.martinez@yahoo.com;+54923212821;Alumno;DNI
Valentino;Gonzalez;44142004;valentino.gonzalez@outlook.com;+54922453394;Alumno;DNI
Valentin;Silva;44144505;valentin.silva@yahoo.com;+54925533837;Alumno;DNI
Pedro;Sosa;44173257;pedro.sosa25@outlook.com;+54929331433;Alumno;DNI
Ignacio;Chavez;44174755;ignacio.chavez25@outlook.com;+54939723790;Alumno;DNI
Julian;Gimenez;44176621;julian.gimenez25@outlook.com;+54931393290;Alumno;DNI
Santino;Torres;44182964;santino.torres25@outlook.com;+54939592093;Alumno;DNI
Juan Sebastian;Fernandez;44190336;juan.sebastian.fernandez25@outlook.com;+54928929959;Alumno;DNI
Thiago Leonel;Lopez;44197978;thiago.leonel.lopez25@outlook.com;+54926654161;Alumno;DNI
Felipe;Fernandez;44210932;felipe.fernandez@outlook.com;+54925614109;Alumno;DNI
Thiago Benjamin;Perez;44216431;thiago.benjamin.perez25@outlook.com;+54922996609;Alumno;DNI
Francesca;Bustos;44219639;francesca.bustos@yahoo.com;+54924496552;Alumno;DNI
Constantino;Moreno;44221505;constantino.moreno25@outlook.com;+54925041837;Alumno;DNI
Alma Valentina;Rojas;44224033;alma.valentina.rojas25@outlook.com;+54939186431;Alumno;DNI
Zoe;Ferreyra;44227115;zoe.ferreyra25@outlook.com;+54922741255;Alumno;DNI
Ana Paula;Perez;44228213;ana.paula.perez@gmail.com;+54934470887;Alumno;DNI
Geronimo;Acosta;44229724;geronimo.acosta25@outlook.com;+54925074379;Alumno;DNI
Mateo Ezequiel;Ferreyra;44235496;mateo.ezequiel.ferreyra25@outlook.com;+54921334336;Alumno;DNI
Malena;Diaz;44241859;malena.diaz25@outlook.com;+54939887159;Alumno;DNI
Sofia;Flores;44242303;sofia.flores@hotmail.com;+54928318762;Alumno;DNI
Benjamin;Romero;44242960;benjamin.romero25@outlook.com;+54936178558;Alumno;DNI
Juan Gabriel;Romero;44263113;juan.gabriel.romero@gmail.com;+54936069023;Alumno;DNI
Maria Paz;Rodriguez;44264848;maria.paz.rodriguez25@outlook.com;+54922429492;Alumno;DNI
Santiago;Lucero;44284431;santiago.lucero25@outlook.com;+54927931757;Alumno;DNI
Malena;Rodriguez;44284579;malena.rodriguez25@outlook.com;+54924409800;Alumno;DNI
Zoe;Fernandez;44286872;zoe.fernandez25@outlook.com;+54933584498;Alumno;DNI
Valentina ;Gonzalez;44289991;valentina.gonzalez@hotmail.com;+54939433955;Alumno;DNI
Sara;Leiva;44291013;sara.leiva25@outlook.com;+54938700298;Alumno;DNI
Isabella;Guzman;44305990;isabella.guzman25@outlook.com;+54927588829;Alumno;DNI
Morena;Duarte;44308885;morena.duarte@outlook.com;+54922499550;Alumno;DNI
Santino;Gonzalez;44313136;santino.gonzalez@hotmail.com;+54928613870;Alumno;DNI
Ignacio;Gomez;44334164;ignacio.gomez25@outlook.com;+54923654676;Alumno;DNI
Juan Ignacio;Martinez;44340522;juan.ignacio.martinez25@outlook.com;+54931343852;Alumno;DNI
Julieta;Gonzalez;44341695;julieta.gonzalez@gmail.com;+54926367869;Alumno;DNI
Benjamin;Gomez;44343101;benjamin.gomez25@outlook.com;+54931862222;Alumno;DNI
Bruno;Rodriguez;44343339;bruno.rodriguez25@outlook.com;+54924625981;Alumno;DNI
Kiara;Rodriguez;44345701;kiara.rodriguez25@outlook.com;+54923412551;Alumno;DNI
Florencia;Godoy;44358674;florencia.godoy@outlook.com;+54926534149;Alumno;DNI
Juliana;Vera;44370456;juliana.vera@outlook.com;+54929073012;Alumno;DNI
Benjamin;Silva;44376034;benjamin.silva25@outlook.com;+54926976166;Alumno;DNI
Bautista;Soto;44381082;bautista.soto25@outlook.com;+54923772963;Alumno;DNI
Martín;Castillo;44383216;martin.castillo25@outlook.com;+54925781165;Alumno;DNI
Francisco;Rodriguez;44385458;francisco.rodriguez@gmail.com;+54936069781;Alumno;DNI
Alma Mia;Rodriguez;44398280;alma.mia.rodriguez25@outlook.com;+54928874749;Alumno;DNI
Dante;Castillo;44407218;dante.castillo25@outlook.com;+54936403279;Alumno;DNI
Delfina;Castro;44412440;delfina.castro@yahoo.com;+54938535449;Alumno;DNI
Lorenzo;Luna;44415606;lorenzo.luna25@outlook.com;+54936212073;Alumno;DNI
Thiago Nicolas;Rivero;44419143;thiago.nicolas.rivero25@outlook.com;+54937424730;Alumno;DNI
Thiago Lionel;Flores;44419194;thiago.lionel.flores@outlook.com;+54921506044;Alumno;DNI
Thiago Valentin;Chavez;44427813;thiago.valentin.chavez@outlook.com;+54939948024;Alumno;DNI
Vicente;Sanchez;44436801;vicente.sanchez@outlook.com;+54923886574;Alumno;DNI
Catalina;Martinez;44441151;catalina.martinez@gmail.com;+54924738080;Alumno;DNI
Bastian;Barrios;44442488;bastian.barrios25@outlook.com;+54928526514;Alumno;DNI
Giuliana;Fernandez;44443284;giuliana.fernandez25@outlook.com;+54932237666;Alumno;DNI
Benjamin;Rodriguez;44445238;benjamin.rodriguez25@outlook.com;+54933088552;Alumno;DNI
Kiara;Nuñez;44454123;kiara.nunez25@outlook.com;+54934066420;Alumno;DNI
Ian Benjamin;Sanchez;44456279;ian.benjamin.sanchez@hotmail.com;+54933258497;Alumno;DNI
Thiago Nahuel;Gimenez;44473224;thiago.nahuel.gimenez25@outlook.com;+54927220256;Alumno;DNI
Joaquin;Suarez;44476887;joaquin.suarez25@outlook.com;+54921667577;Alumno;DNI
Maria Paz;Rodriguez;44477303;maria.paz.rodriguez25@outlook.com;+54925149424;Alumno;DNI
Valentino;Soria;44483113;valentino.soria@gmail.com;+54933203272;Alumno;DNI
Sol;Gonzalez;44488443;sol.gonzalez25@outlook.com;+54928886502;Alumno;DNI
Mia;Gimenez;44490644;mia.gimenez25@outlook.com;+54932503782;Alumno;DNI
Jazmin;Franco;44491570;jazmin.franco25@outlook.com;+54924310630;Alumno;DNI
Simon;Villalba;44492127;simon.villalba25@outlook.com;+54935972076;Alumno;DNI
Maria Victoria;Ramos;44492899;maria.victoria.ramos@outlook.com;+54922830598;Alumno;DNI
Maximiliano;Rojas;44502106;maximiliano.rojas@hotmail.com;+54926165886;Alumno;DNI
Emanuel;Rodriguez;44506499;emanuel.rodriguez@gmail.com;+54925268888;Alumno;DNI
Clara;Ledesma;44508081;clara.ledesma@outlook.com;+54922945934;Alumno;DNI
Nicolas;Martinez;44512365;nicolas.martinez25@outlook.com;+54922841152;Alumno;DNI
Francisco;Ortiz;44513749;francisco.ortiz@gmail.com;+54932943431;Alumno;DNI
Oriana;Gimenez;44516064;oriana.gimenez@gmail.com;+54922108961;Alumno;DNI
Bruno;Aguirre;44521729;bruno.aguirre25@outlook.com;+54924985280;Alumno;DNI
Catalina;Caceres;44521824;catalina.caceres@outlook.com;+54937180118;Alumno;DNI
Tiziano;Nuñez;44528233;tiziano.nunez@outlook.com;+54929758392;Alumno;DNI
Martina;Maidana;44536877;martina.maidana@hotmail.com;+54932272813;Alumno;DNI
Valentino;Cabrera;44544802;valentino.cabrera25@outlook.com;+54921565497;Alumno;DNI
Thiago Benjamin;Diaz;44554637;thiago.benjamin.diaz25@outlook.com;+54921444662;Alumno;DNI
Luca;Gutierrez;44554723;luca.gutierrez@gmail.com;+54936396498;Alumno;DNI
Emma;Vazquez;44555423;emma.vazquez@yahoo.com;+54935411746;Alumno;DNI
Victoria;Diaz;44563667;victoria.diaz@gmail.com;+54939745366;Alumno;DNI
Sofia;Gutierrez;44594931;sofia.gutierrez@yahoo.com;+54934724097;Alumno;DNI
Nina;Martinez;44613692;nina.martinez25@outlook.com;+54933277762;Alumno;DNI
Valentina;Soto;44617524;valentina.soto@outlook.com;+54936242276;Alumno;DNI
Bautista;Vega;44635112;bautista.vega@hotmail.com;+54933330825;Alumno;DNI
Maria Paz;Sosa;44640011;maria.paz.sosa25@outlook.com;+54933585318;Alumno;DNI
Paula;Ledesma;44651662;paula.ledesma25@outlook.com;+54932862293;Alumno;DNI
Constanza;Torres;44654200;constanza.torres@outlook.com;+54937854481;Alumno;DNI
Santino;Perez;44654293;santino.perez@yahoo.com;+54921944672;Alumno;DNI
Delfina;Garcia;44661890;delfina.garcia@hotmail.com;+54928092992;Alumno;DNI
Delfina;Garcia;44692963;delfina.garcia25@outlook.com;+54936522166;Alumno;DNI
Ignacio;Valdez;44698429;ignacio.valdez@outlook.com;+54922579840;Alumno;DNI
Alejo;Diaz;44698831;alejo.diaz@hotmail.com;+54936037832;Alumno;DNI
Isabel;Maidana;44700314;isabel.maidana25@outlook.com;+54924925919;Alumno;DNI
Jazmin;Gonzalez;44702371;jazmin.gonzalez25@outlook.com;+54939030070;Alumno;DNI
Alfonsina;Duarte;44713441;alfonsina.duarte@hotmail.com;+54925091276;Alumno;DNI
Guadalupe;Sosa;44713988;guadalupe.sosa@outlook.com;+54932732380;Alumno;DNI
Ana Paula;Flores;44717216;ana.paula.flores25@outlook.com;+54938679438;Alumno;DNI
Lautaro Benjamin;Gomez;44724307;lautaro.benjamin.gomez25@outlook.com;+54922125434;Alumno;DNI
Milo;Moyano;44726166;milo.moyano25@outlook.com;+54929289758;Alumno;DNI
Guillermina;Perez;44726844;guillermina.perez@yahoo.com;+54922548542;Alumno;DNI
Benjamin Alejandro;Morales;44730308;benjamin.alejandro.morales25@outlook.com;+54934203298;Alumno;DNI
Julieta;Duarte;44753132;julieta_duarte24@nuevo-email.com;+54928315109;Alumno;DNI
Maria Victoria;Gonzalez;44754060;maria.victoria.gonzalez25@outlook.com;+54926740499;Alumno;DNI
Renata;Benitez;44754301;renata.benitez25@outlook.com;+54932429792;Alumno;DNI
Valentina;Ponce;44765173;valentina.ponce@gmail.com;+54933795484;Alumno;DNI
Morena;Luna;44775708;morena.luna@yahoo.com;+54928460677;Alumno;DNI
Antonio;Barrios;44778294;antonio.barrios@gmail.com;+54921707223;Alumno;DNI
Sofia;Benitez;44780393;sofia.benitez@gmail.com;+54922479330;Alumno;DNI
Juan Pablo;Sanchez;44786123;juan.pablo.sanchez25@outlook.com;+54935898719;Alumno;DNI
Valentin;Medina;44791193;valentin.medina@gmail.com;+54922744510;Alumno;DNI
Thiago Leonel;Gonzalez;44807676;thiago.leonel.gonzalez@outlook.com;+54938465462;Alumno;DNI
Guadalupe;Suarez;44811354;guadalupe.suarez25@outlook.com;+54922030506;Alumno;DNI
Ciro Benjamin;Juarez;44811661;ciro.benjamin.juarez25@outlook.com;+54924476107;Alumno;DNI
Santiago;Sosa;44820591;santiago.sosa25@outlook.com;+54926109863;Alumno;DNI
Juan Martin;Alvarez;44827801;juan.martin.alvarez25@outlook.com;+54927148261;Alumno;DNI
Juan Sebastian;Pereyra;44830567;juan.sebastian.pereyra25@outlook.com;+54922421449;Alumno;DNI
Bruno;Ruiz;44831598;bruno.ruiz@outlook.com;+54939657714;Alumno;DNI
Tiziano Valentin;Miranda;44844263;tiziano.valentin.miranda25@outlook.com;+54926174221;Alumno;DNI
Máximo;Carrizo;44853849;maximo.carrizo25@outlook.com;+54933520346;Alumno;DNI
Julieta;Martinez;44858776;julieta.martinez25@outlook.com;+54927629518;Alumno;DNI
Catalina;Rodriguez;44859529;catalina.rodriguez@yahoo.com;+54935865103;Alumno;DNI
Emilia;Diaz;44870664;emilia.diaz@hotmail.com;+54935125116;Alumno;DNI
Pilar;Arias;44878225;pilar.arias25@outlook.com;+54937123590;Alumno;DNI
Bautista;Romero;44886400;bautista.romero@outlook.com;+54938139647;Alumno;DNI
Lola;Vargas;44898507;lola.vargas@gmail.com;+54924239477;Alumno;DNI
Benjamin Ezequiel;Benitez;44900640;benjamin.ezequiel.benitez@hotmail.com;+54937835346;Alumno;DNI
Luisana;Vega;44904880;luisana.vega@outlook.com;+54937866783;Alumno;DNI
Maximo;Aguirre;44904960;maximo.aguirre25@outlook.com;+54932138249;Alumno;DNI
Simon;Dominguez;44910143;simon.dominguez@hotmail.com;+54931328890;Alumno;DNI
Jazmin;Barrios;44911255;jazmin.barrios25@outlook.com;+54932422607;Alumno;DNI
Emma;Vazquez;44912505;emma.vazquez@outlook.com;+54925373053;Alumno;DNI
Ignacio;Diaz;44919962;ignacio.diaz@hotmail.com;+54939490167;Alumno;DNI
Maximo;Ruiz;44923903;maximo.ruiz25@outlook.com;+54922675590;Alumno;DNI
Milena;Escobar;44927685;milena.escobar@outlook.com;+54929752699;Alumno;DNI
Ema;Gomez;44946319;ema.gomez@outlook.com;+54935944144;Alumno;DNI
Santiago;Quiroga;44959844;santiago.quiroga25@outlook.com;+54925803858;Alumno;DNI
Elena;Luna;44965151;elena.luna25@outlook.com;+54931783640;Alumno;DNI
Samuel;Paez;44986230;samuel.paez25@outlook.com;+54929087183;Alumno;DNI
Nicolas;Torres;44988381;nicolas.torres25@outlook.com;+54931032180;Alumno;DNI
Delfina;Alvarez;44988509;delfina.alvarez25@outlook.com;+54938167473;Alumno;DNI
Guadalupe;Guzman;44998271;guadalupe.guzman25@outlook.com;+54932167688;Alumno;DNI
Pedro;Alvarez;45002798;pedro.alvarez25@outlook.com;+54922309622;Alumno;DNI
Alvaro;Gonzalez;45007686;alvaro.gonzalez25@outlook.com;+54937638121;Alumno;DNI
Giuliana;Ledesma;45011218;giuliana.ledesma25@outlook.com;+54931911011;Alumno;DNI
Joaquin;Aguirre;45024595;joaquin.aguirre25@outlook.com;+54921176640;Alumno;DNI
Salvador;Sanchez;45038314;salvador.sanchez@hotmail.com;+54929881095;Alumno;DNI
Mateo Agustin;Rodriguez;45039367;mateo.agustin.rodriguez@hotmail.com;+54936539166;Alumno;DNI
Constanza;Gutierrez;45041443;constanza.gutierrez25@outlook.com;+54932344070;Alumno;DNI
Olivia;Ramirez;45041476;olivia.ramirez25@outlook.com;+54925671752;Alumno;DNI
Juan Martin;Figueroa;45055136;juan.martin.figueroa@yahoo.com;+54931940163;Alumno;DNI
Juana;Benitez;45066282;juana.benitez25@outlook.com;+54925409858;Alumno;DNI
Ignacio;Aguirre;45066439;ignacio.aguirre25@outlook.com;+54931795575;Alumno;DNI
Giovanni;Gomez;45068171;giovanni.gomez@hotmail.com;+54937489979;Alumno;DNI
Felipe;Ojeda;45076126;felipe.ojeda@hotmail.com;+54922145024;Alumno;DNI
Tomás;Ortiz;45076705;tomas.ortiz25@outlook.com;+54938576471;Alumno;DNI
Delfina;Acosta;45090532;delfina.acosta@yahoo.com;+54939720578;Alumno;DNI
Lucas;Rodriguez;45090752;lucas.rodriguez25@outlook.com;+54939287601;Alumno;DNI
Lourdes;Alvarez;45091268;lourdes.alvarez@hotmail.com;+54935634379;Alumno;DNI
Tiziana;Aguirre;45105658;tiziana.aguirre25@outlook.com;+54924653819;Alumno;DNI
Josefina;Vazquez;45116252;josefina.vazquez@yahoo.com;+54931716830;Alumno;DNI
Luisina;Quiroga;45128829;luisina.quiroga@hotmail.com;+54924750424;Alumno;DNI
Mateo;Dominguez;45130131;mateo.dominguez@hotmail.com;+54921475969;Alumno;DNI
Lautaro Benjamin;Pereyra;45134203;lautaro.benjamin.pereyra25@outlook.com;+54932116916;Alumno;DNI
Antonio;Garcia;45140374;antonio.garcia@outlook.com;+54931615962;Alumno;DNI
Bastian;Torres;45147679;bastian.torres@outlook.com;+54921206852;Alumno;DNI
Mateo;Bustos;45150526;mateo.bustos25@outlook.com;+54926894844;Alumno;DNI
Bianca;Dominguez;45153061;bianca.dominguez25@outlook.com;+54929462035;Alumno;DNI
Juan Cruz;Ledesma;45160188;juan.cruz.ledesma25@outlook.com;+54926197571;Alumno;DNI
Santiago;Vera;45170259;santiago.vera@hotmail.com;+54926636938;Alumno;DNI
Thiago Agustin;Leiva;45170433;thiago.agustin.leiva@hotmail.com;+54937524905;Alumno;DNI
Sofia;Vega;45171795;sofia.vega@yahoo.com;+54923615465;Alumno;DNI
Mateo;Cabrera;45177328;mateo.cabrera25@outlook.com;+54936160407;Alumno;DNI
Thiago Emanuel;Rodriguez;45177548;thiago.emanuel.rodriguez25@outlook.com;+54934866592;Alumno;DNI
Delfina;Diaz;45181550;delfina.diaz@outlook.com;+54939137400;Alumno;DNI
Juan Bautista;Ojeda;45182848;juan.bautista.ojeda@hotmail.com;+54929789237;Alumno;DNI
Francisco;Aguirre;45186536;francisco.aguirre25@outlook.com;+54936963421;Alumno;DNI
Ramiro;Ruiz;45198757;ramiro.ruiz25@outlook.com;+54921647783;Alumno;DNI
Abigail;Bravo;45225711;abigail.bravo25@outlook.com;+54936234808;Alumno;DNI
Pilar;Gimenez;45245358;pilar.gimenez@yahoo.com;+54923189070;Alumno;DNI
Octavio;Gonzalez;45246102;octavio.gonzalez@gmail.com;+54924171316;Alumno;DNI
Isabella;Coronel;45256600;isabella.coronel25@outlook.com;+54926115687;Alumno;DNI
Mia Jazmin;Sosa;45256650;mia.jazmin.sosa@yahoo.com;+54926047877;Alumno;DNI
Juan Ignacio;Godoy;45259638;juan.ignacio.godoy25@outlook.com;+54937656971;Alumno;DNI
Camila;Duarte;45265185;camila.duarte@gmail.com;+54927022020;Alumno;DNI
Joaquín;Gonzalez;45280236;joaquin.gonzalez25@outlook.com;+54926988228;Alumno;DNI
Nina;Muñoz;45291864;nina.munoz25@outlook.com;+54938579028;Alumno;DNI
Maria Paz;Gutierrez;45298142;maria.paz.gutierrez@hotmail.com;+54926161530;Alumno;DNI
Alma;Acosta;45303367;alma.acosta@yahoo.com;+54939796634;Alumno;DNI
Santiago;Rios;45309663;santiago.rios25@outlook.com;+54931094316;Alumno;DNI
Isabella;Rojas;45311516;isabella.rojas25@outlook.com;+54929243437;Alumno;DNI
Alma Valentina;Medina;45315237;alma.valentina.medina25@outlook.com;+54922517215;Alumno;DNI
Lorenzo;Sanchez;45320934;lorenzo.sanchez@hotmail.com;+54926022743;Alumno;DNI
Zoe;Aguirre;45324229;zoe.aguirre@yahoo.com;+54924958104;Alumno;DNI
Juan Ignacio;Gimenez;45331374;juan.ignacio.gimenez@gmail.com;+54928651013;Alumno;DNI
Thiago;Leiva;45338648;thiago.leiva25@outlook.com;+54923247649;Alumno;DNI
Mateo;Diaz;45341305;mateo.diaz@outlook.com;+54937257654;Alumno;DNI
Julieta;Lucero;45341622;julieta.lucero@gmail.com;+54929916005;Alumno;DNI
Gino;Martinez;45348552;gino.martinez@gmail.com;+54939295140;Alumno;DNI
Agustín;Soria;45351925;agustin.soria25@outlook.com;+54938975265;Alumno;DNI
Alfonsina;Martinez;45365573;alfonsina.martinez@gmail.com;+54935556471;Alumno;DNI
Maximo;Dominguez;45368291;maximo.dominguez25@outlook.com;+54931363468;Alumno;DNI
Benjamin;Luna;45383156;benjamin.luna@yahoo.com;+54925219219;Alumno;DNI
Benicio;Martinez;45385368;benicio.martinez@gmail.com;+54925722586;Alumno;DNI
Geronimo;Caceres;45402891;geronimo.caceres@outlook.com;+54936162287;Alumno;DNI
Camila;Perez;45404573;camila.perez25@outlook.com;+54925359910;Alumno;DNI
Delfina;Morales;45417367;delfina.morales25@outlook.com;+54938931156;Alumno;DNI
Luana;Martinez;45417606;luana.martinez25@outlook.com;+54932151578;Alumno;DNI
Juan Francisco;Escobar;45417967;juan.francisco.escobar@yahoo.com;+54935502492;Alumno;DNI
Lucia;Martin;45419935;lucia.martin@gmail.com;+54921041490;Alumno;DNI
Violeta;Muñoz;45419981;violeta.munoz@hotmail.com;+54929824228;Alumno;DNI
Santino;Gonzalez;45422028;santino.gonzalez@outlook.com;+54924742803;Alumno;DNI
Juana;Soto;45426738;juana.soto@gmail.com;+54938114474;Alumno;DNI
Nicolas;Perez;45426946;nicolas.perez@outlook.com;+54927855741;Alumno;DNI
Mateo Ezequiel;Caceres;45427332;mateo.ezequiel.caceres@hotmail.com;+54939409207;Alumno;DNI
Lucia;Silva;45444903;lucia.silva25@outlook.com;+54934805318;Alumno;DNI
Vicente;Suarez;45452257;vicente.suarez25@outlook.com;+54939153929;Alumno;DNI
Valentina;Martinez;45459710;valentina.martinez25@outlook.com;+54926769164;Alumno;DNI
Luciano;Ferreyra;45474521;luciano.ferreyra25@outlook.com;+54925642665;Alumno;DNI
Nicolas;Coronel;45474619;nicolas.coronel25@outlook.com;+54931110312;Alumno;DNI
Valentina;Gonzalez;45482430;valentina.gonzalez25@outlook.com;+54934794266;Alumno;DNI
Lucía;Diaz;45488677;lucia.diaz25@outlook.com;+54923017703;Alumno;DNI
Thiago;Rodriguez;45496689;thiago.rodriguez25@outlook.com;+54925027179;Alumno;DNI
Juan Ignacio;Flores;45499218;juan.ignacio.flores25@outlook.com;+54924176495;Alumno;DNI
Juan Sebastian;Escobar;45503533;juan.sebastian.escobar@hotmail.com;+54936354397;Alumno;DNI
Maria Guadalupe;Ayala;45507315;maria.guadalupe.ayala@yahoo.com;+54936471301;Alumno;DNI
Ezequiel;Lopez;45532881;ezequiel.lopez@hotmail.com;+54928245367;Alumno;DNI
Priscila;Torres;45539704;priscila.torres25@outlook.com;+54926931603;Alumno;DNI
Agustin;Perez;45544327;agustin.perez@hotmail.com;+54929282857;Alumno;DNI
Bruno;Diaz;45544606;bruno.diaz25@outlook.com;+54931500621;Alumno;DNI
Juan Manuel;Blanco;45552569;juan.manuel.blanco25@outlook.com;+54928791704;Alumno;DNI
Mia Jazmin;Olivera;45561312;mia.jazmin.olivera@outlook.com;+54926243817;Alumno;DNI
Catalina;Ferreyra;45563814;catalina.ferreyra25@outlook.com;+54939120137;Alumno;DNI
Joaquín;Aguirre;45568950;joaquin.aguirre25@outlook.com;+54924983098;Alumno;DNI
Santino;Mendoza;45589540;santino.mendoza25@outlook.com;+54926649679;Alumno;DNI
Thiago Valentin;Perez;45594124;thiago.valentin.perez@yahoo.com;+54924633945;Alumno;DNI
Thiago Nahuel;Gomez;45605722;thiago.nahuel.gomez@gmail.com;+54937055561;Alumno;DNI
Kiara;Vega;45609644;kiara.vega@outlook.com;+54922499080;Alumno;DNI
Sofia;Rodriguez;45619097;sofia.rodriguez25@outlook.com;+54938168140;Alumno;DNI
Mia;Gomez;45633220;mia.gomez@hotmail.com;+54938674637;Alumno;DNI
Juan Manuel;Mansilla;45645475;juan.manuel.mansilla25@outlook.com;+54937196949;Alumno;DNI
Juan Martin;Rodriguez;45647473;juan.martin.rodriguez25@outlook.com;+54929719077;Alumno;DNI
Constanza;Garcia;45654702;constanza.garcia25@outlook.com;+54925483235;Alumno;DNI
Santino;Rodriguez;45656190;santino.rodriguez@hotmail.com;+54924467104;Alumno;DNI
Franco;Medina;45660425;franco.medina@hotmail.com;+54937782152;Alumno;DNI
Faustino;Gomez;45663240;faustino.gomez25@outlook.com;+54924082797;Alumno;DNI
Juan Manuel;Cordoba;45666370;juan.manuel.cordoba@outlook.com;+54928168960;Alumno;DNI
Delfina;Sosa;45670602;delfina.sosa@yahoo.com;+54932181150;Alumno;DNI
Ignacio;Blanco;45679679;ignacio.blanco25@outlook.com;+54938182260;Alumno;DNI
Morena;Cordoba;45685363;morena.cordoba@hotmail.com;+54928152647;Alumno;DNI
Mateo;Moreno;45688788;mateo.moreno@hotmail.com;+54937092027;Alumno;DNI
Zoe Valentina;Romero;45692552;zoe.valentina.romero@outlook.com;+54924335632;Alumno;DNI
Juan Francisco;Torres;45694620;juan.francisco.torres25@outlook.com;+54937624736;Alumno;DNI
Rafael;Gutierrez;45704555;rafael.gutierrez25@outlook.com;+54933918523;Alumno;DNI
Genaro;Paz;45709038;genaro.paz25@outlook.com;+54934590626;Alumno;DNI
Thiago Benjamin;Rodriguez;45711997;thiago.benjamin.rodriguez25@outlook.com;+54928751684;Alumno;DNI
Benjamin Ezequiel;Ferreyra;45743513;benjamin.ezequiel.ferreyra@gmail.com;+54931570890;Alumno;DNI
Mora;Valdez;45746270;mora.valdez@yahoo.com;+54934161334;Alumno;DNI
Mateo;Ledesma;45746833;mateo.ledesma25@outlook.com;+54923451579;Alumno;DNI
Santino;Franco;45752068;santino.franco@gmail.com;+54938115295;Alumno;DNI
Pedro;Ferreyra;45759579;pedro.ferreyra25@outlook.com;+54934507680;Alumno;DNI
Julieta;Ramirez;45763623;julieta.ramirez25@outlook.com;+54932718048;Alumno;DNI
Milagros;Benitez;45766160;milagros.benitez25@outlook.com;+54926557072;Alumno;DNI
Antonella;Morales;45775192;antonella.morales25@outlook.com;+54927962692;Alumno;DNI
Emma;Luna;45788790;emma.luna@yahoo.com;+54926326016;Alumno;DNI
Felipe;Correa;45797473;felipe.correa25@outlook.com;+54924798069;Alumno;DNI
Matilda;Gonzalez;45801274;matilda.gonzalez@outlook.com;+54927738058;Alumno;DNI
Zoe Valentina;Rodriguez;45813207;zoe.valentina.rodriguez25@outlook.com;+54927417892;Alumno;DNI
Agostina;Martin;45819512;agostina.martin@yahoo.com;+54929737775;Alumno;DNI
Nicolas;Gomez;45820009;nicolas.gomez25@outlook.com;+54935561596;Alumno;DNI
Guadalupe;Rodriguez;45820668;guadalupe.rodriguez25@outlook.com;+54935846180;Alumno;DNI
Morena;Villalba;45825230;morena.villalba25@outlook.com;+54928451885;Alumno;DNI
Francesca;Barrios;45826183;francesca.barrios@outlook.com;+54927400345;Alumno;DNI
Ian Ezequiel;Farias;45838988;ian.ezequiel.farias25@outlook.com;+54935289441;Alumno;DNI
Juana;Ramos;45840080;juana_ramos24@nuevo-email.com;+54925424466;Alumno;DNI
Jazmin;Molina;45841815;jazmin.molina25@outlook.com;+54938186655;Alumno;DNI
Felipe;Paez;45842940;felipe.paez@gmail.com;+54931356997;Alumno;DNI
Alma;Rodriguez;45844538;alma.rodriguez@gmail.com;+54934577978;Alumno;DNI
Octavio;Rodriguez;45847170;octavio.rodriguez25@outlook.com;+54937703068;Alumno;DNI
Emilia;Diaz;45847470;emilia.diaz25@outlook.com;+54928794945;Alumno;DNI
Juan Cruz;Ruiz;45850941;juan.cruz.ruiz@outlook.com;+54936682851;Alumno;DNI
Samuel;Gomez;45865176;samuel.gomez25@outlook.com;+54929512629;Alumno;DNI
Vicente;Nuñez;45878884;vicente.nunez@yahoo.com;+54927739063;Alumno;DNI
Miguel Angel;Lucero;45890411;miguel.angel.lucero25@outlook.com;+54927662715;Alumno;DNI
Juan Ignacio;Diaz;45896651;juan.ignacio.diaz@yahoo.com;+54922556956;Alumno;DNI
Helena;Diaz;45908118;helena.diaz@outlook.com;+54937882647;Alumno;DNI
Nina;Acosta;45908531;nina.acosta@yahoo.com;+54923288839;Alumno;DNI
Bianca;Fernandez;45926308;bianca.fernandez@outlook.com;+54927368279;Alumno;DNI
Juan Ignacio;Fernandez;45931150;juan.ignacio.fernandez@outlook.com;+54935681526;Alumno;DNI
Tiziano Benjamin;Gonzalez;45941376;tiziano.benjamin.gonzalez@yahoo.com;+54922021827;Alumno;DNI
Santiago;Cardozo;45948143;santiago.cardozo@outlook.com;+54936118096;Alumno;DNI
Emma;Lopez;45968790;emma.lopez@outlook.com;+54928482153;Alumno;DNI
Benjamin;Franco;45970742;benjamin.franco@hotmail.com;+54932550134;Alumno;DNI
Thiago Nicolas;Garcia;45980462;thiago.nicolas.garcia25@outlook.com;+54939143226;Alumno;DNI
Manuel;Rivero;45984678;manuel.rivero25@outlook.com;+54921400587;Alumno;DNI
Ambar;Ledesma;46024126;ambar.ledesma25@outlook.com;+54929687519;Alumno;DNI
Isabella;Sanchez;46026190;isabella.sanchez25@outlook.com;+54932502466;Alumno;DNI
Joaquin;Muñoz;46040721;joaquin.munoz25@outlook.com;+54927140499;Alumno;DNI
Tomas;Ruiz;46060979;tomas.ruiz25@outlook.com;+54925174790;Alumno;DNI
Francesca;Fernandez;46069202;francesca.fernandez25@outlook.com;+54938078753;Alumno;DNI
Felipe;Roldan;46080609;felipe.roldan25@outlook.com;+54931164433;Alumno;DNI
Milagros;Ruiz;46103571;milagros.ruiz25@outlook.com;+54922246014;Alumno;DNI
Martin;Roldan;46119042;martin.roldan25@outlook.com;+54938901628;Alumno;DNI
Ciro;Aguirre;46137809;ciro.aguirre25@outlook.com;+54925852761;Alumno;DNI
Valentina;Sanchez;46145128;valentina.sanchez25@outlook.com;+54922505590;Alumno;DNI
Angel Gabriel;Gomez;46147941;angel.gabriel.gomez25@outlook.com;+54938595137;Alumno;DNI
León;Garcia;46153310;leon.garcia25@outlook.com;+54928196740;Alumno;DNI
Santino Agustin;Gomez;46155741;santino.agustin.gomez25@outlook.com;+54921909079;Alumno;DNI
Luciano;Gonzalez;46170762;luciano.gonzalez25@outlook.com;+54922842891;Alumno;DNI
Isabella;Mansilla;46183284;isabella.mansilla25@outlook.com;+54923891890;Alumno;DNI
Máximo;Dominguez;46193548;maximo.dominguez25@outlook.com;+54934674424;Alumno;DNI
Tomás;Lopez;46210812;tomas.lopez25@outlook.com;+54939816909;Alumno;DNI
Victoria;Gutierrez;46218945;victoria.gutierrez25@outlook.com;+54921983718;Alumno;DNI
Clara;Fernandez;46225626;clara.fernandez25@outlook.com;+54937088556;Alumno;DNI
Sofía;Gutierrez;46233381;sofia.gutierrez25@outlook.com;+54933036001;Alumno;DNI
Santiago Benjamin;Alvarez;46256042;santiago.benjamin.alvarez25@outlook.com;+54937459012;Alumno;DNI
Lucía;Sosa;46263687;lucia.sosa25@outlook.com;+54923973742;Alumno;DNI
Julia;Romero;46270211;julia.romero25@outlook.com;+54933001505;Alumno;DNI
Joaquin;Ramos;46271176;joaquin.ramos25@outlook.com;+54938998281;Alumno;DNI
Franco;Ponce;46278232;franco.ponce25@outlook.com;+54936111891;Alumno;DNI
Santiago;Benitez;46281181;santiago.benitez25@outlook.com;+54924577890;Alumno;DNI
Zoe Valentina;Herrera;46284693;zoe.valentina.herrera25@outlook.com;+54934132176;Alumno;DNI
Maria Paz;Arias;46314784;maria.paz.arias25@outlook.com;+54923110032;Alumno;DNI
Sol;Rodriguez;46321118;sol.rodriguez25@outlook.com;+54928937423;Alumno;DNI
Sofia;Fernandez;46329934;sofia.fernandez25@outlook.com;+54923801193;Alumno;DNI
Lautaro Benjamin;Hernandez;46345360;lautaro.benjamin.hernandez25@outlook.com;+54921006981;Alumno;DNI
Benjamin;Carrizo;46346975;benjamin.carrizo25@outlook.com;+54937099957;Alumno;DNI
Thiago Leonel;Avila;46356164;thiago.leonel.avila25@outlook.com;+54932762400;Alumno;DNI
Joaquín;Peralta;46372785;joaquin.peralta25@outlook.com;+54938011599;Alumno;DNI
Joaquín;Romero;46377357;joaquin.romero25@outlook.com;+54923586508;Alumno;DNI
Felipe;Luna;46382860;felipe.luna25@outlook.com;+54927951038;Alumno;DNI
Martín;Fernandez;46385782;martin.fernandez25@outlook.com;+54927518859;Alumno;DNI
Tomas Benjamin;Lopez;46398361;tomas.benjamin.lopez25@outlook.com;+54921260160;Alumno;DNI
Malena;Diaz;46410216;malena.diaz25@outlook.com;+54933832231;Alumno;DNI
Benjamin;Gomez;46411752;benjamin.gomez25@outlook.com;+54921607932;Alumno;DNI
Clara;Godoy;46418357;clara.godoy25@outlook.com;+54922631097;Alumno;DNI
Tiziano;Franco;46435125;tiziano.franco25@outlook.com;+54923811987;Alumno;DNI
Mora;Valdez;46510451;mora.valdez25@outlook.com;+54928143560;Alumno;DNI
Fausto;Gutierrez;46518516;fausto.gutierrez25@outlook.com;+54937205245;Alumno;DNI
Malena;Sanchez;46521420;malena.sanchez25@outlook.com;+54932500146;Alumno;DNI
Catalina;Acosta;46538783;catalina.acosta25@outlook.com;+54938544998;Alumno;DNI
Genaro;Gomez;46541120;genaro.gomez25@outlook.com;+54939923890;Alumno;DNI
Juan Bautista;Perez;46556662;juan.bautista.perez25@outlook.com;+54937551308;Alumno;DNI
Ignacio;Martinez;46564562;ignacio.martinez25@outlook.com;+54928663121;Alumno;DNI
Milena;Romero;46572742;milena.romero25@outlook.com;+54932050052;Alumno;DNI
Santiago;Diaz;46585675;santiago.diaz25@outlook.com;+54925865948;Alumno;DNI
Santino;Gomez;46591765;santino.gomez25@outlook.com;+54928551830;Alumno;DNI
Catalina;Ramirez;46596607;catalina.ramirez25@outlook.com;+54922517346;Alumno;DNI
Olivia;Quiroga;46599245;olivia.quiroga25@outlook.com;+54939110488;Alumno;DNI
Luna;Rodriguez;46600954;luna.rodriguez25@outlook.com;+54922471032;Alumno;DNI
Nahiara Jazmin;Sanchez;46637531;nahiara.jazmin.sanchez25@outlook.com;+54934768211;Alumno;DNI
Joaquin;Fernandez;46647366;joaquin.fernandez25@outlook.com;+54926471797;Alumno;DNI
Constanza;Avila;46649401;constanza.avila25@outlook.com;+54938194368;Alumno;DNI
Bruno;Ramos;46653953;bruno.ramos25@outlook.com;+54928973303;Alumno;DNI
Francisco;Barrios;46669980;francisco.barrios25@outlook.com;+54936369138;Alumno;DNI
Juan Ignacio;Perez;46698472;juan.ignacio.perez25@outlook.com;+54921192004;Alumno;DNI
Bruno;Cruz;46706919;bruno.cruz25@outlook.com;+54928465923;Alumno;DNI
Mateo;Barrios;46708439;mateo.barrios25@outlook.com;+54924327834;Alumno;DNI
Olivia;Gonzalez;46762093;olivia.gonzalez25@outlook.com;+54932715190;Alumno;DNI
Nahiara;Acosta;46775879;nahiara.acosta25@outlook.com;+54932473179;Alumno;DNI
Juana;Juarez;46780927;juana.juarez25@outlook.com;+54927866426;Alumno;DNI
Mateo;Ramirez;46797195;mateo.ramirez25@outlook.com;+54935135152;Alumno;DNI
Lucía ;Blanco;46828583;lucia.blanco25@outlook.com;+54931745167;Alumno;DNI
Joaquin;Benitez;46829066;joaquin.benitez25@outlook.com;+54933938903;Alumno;DNI
Alma;Lopez;46833655;alma.lopez25@outlook.com;+54935817858;Alumno;DNI
Santino;Barrios;46847177;santino.barrios25@outlook.com;+54932592427;Alumno;DNI
Juan Cruz;Garcia;46858102;juan.cruz.garcia25@outlook.com;+54934229990;Alumno;DNI
Luisina;Gomez;46860457;luisina.gomez25@outlook.com;+54933983704;Alumno;DNI
Tomas;Lopez;46886132;tomas.lopez25@outlook.com;+54935630960;Alumno;DNI
Martina;Lopez;46890428;martina.lopez25@outlook.com;+54921910910;Alumno;DNI
Maria Emilia;Herrera;46892690;maria.emilia.herrera25@outlook.com;+54924705786;Alumno;DNI
Francisca;Benitez;46894068;francisca.benitez25@outlook.com;+54921309611;Alumno;DNI
Maximiliano;Dominguez;46909132;maximiliano.dominguez25@outlook.com;+54927548219;Alumno;DNI
Benicio;Garcia;46920666;benicio.garcia25@outlook.com;+54936206998;Alumno;DNI
Victoria;Gonzalez;46952948;victoria.gonzalez25@outlook.com;+54925738533;Alumno;DNI
Lucia;Vargas;46965600;lucia.vargas25@outlook.com;+54923037009;Alumno;DNI
Mia Valentina;Gimenez;46966361;mia.valentina.gimenez25@outlook.com;+54925601349;Alumno;DNI
Francesco;Molina;46992814;francesco.molina25@outlook.com;+54937438853;Alumno;DNI
Juan Pablo;Avila;46997300;juan.pablo.avila25@outlook.com;+54936139929;Alumno;DNI
Benjamin Ezequiel;Vargas;47021675;benjamin.ezequiel.vargas25@outlook.com;+54925755414;Alumno;DNI
Jazmin;Acosta;47022459;jazmin.acosta25@outlook.com;+54931355420;Alumno;DNI
Juan Ignacio;Sanchez;47044309;juan.ignacio.sanchez25@outlook.com;+54936104834;Alumno;DNI
Martina;Cardozo;47061751;martina.cardozo25@outlook.com;+54926997390;Alumno;DNI
Guadalupe;Gonzalez;47075635;guadalupe.gonzalez25@outlook.com;+54924196391;Alumno;DNI
Tomás;Arias;47103537;tomas.arias25@outlook.com;+54935868949;Alumno;DNI
Martina;Ponce;47122979;martina.ponce25@outlook.com;+54939404991;Alumno;DNI
Juan Martin;Silva;47162613;juan.martin.silva25@outlook.com;+54928730424;Alumno;DNI
Benjamin;Franco;47163691;benjamin.franco25@outlook.com;+54937010029;Alumno;DNI
Valentina ;Fernandez;47182282;valentina.fernandez25@outlook.com;+54926419430;Alumno;DNI
Joaquin;Molina;47186211;joaquin.molina25@outlook.com;+54922958022;Alumno;DNI
Bautista Benjamin;Caceres;47197652;bautista.benjamin.caceres25@outlook.com;+54927627365;Alumno;DNI
Franco;Figueroa;47199649;franco.figueroa25@outlook.com;+54935351422;Alumno;DNI
Alma;Gonzalez;47199896;alma.gonzalez25@outlook.com;+54928741707;Alumno;DNI
Emiliano;Sosa;47206312;emiliano.sosa25@outlook.com;+54933068299;Alumno;DNI
Olivia;Silva;47207202;olivia.silva25@outlook.com;+54933931131;Alumno;DNI
Ana Paula;Lopez;47214050;ana.paula.lopez25@outlook.com;+54939413876;Alumno;DNI
Valentin;Caceres;47217063;valentin.caceres25@outlook.com;+54924152665;Alumno;DNI
Clara;Carrizo;47221206;clara.carrizo25@outlook.com;+54925695576;Alumno;DNI
Alma Jazmin;Lucero;47223646;alma.jazmin.lucero25@outlook.com;+54935263368;Alumno;DNI
Mia Morena;Ramirez;47233498;mia.morena.ramirez25@outlook.com;+54931708619;Alumno;DNI
Dylan Benjamin;Maidana;47247100;dylan.benjamin.maidana25@outlook.com;+54926882455;Alumno;DNI
Catalina;Mendoza;47320705;catalina.mendoza25@outlook.com;+54932568036;Alumno;DNI
Sara;Paz;47358131;sara.paz25@outlook.com;+54936355806;Alumno;DNI
Pedro;Cordoba;47367569;pedro.cordoba25@outlook.com;+54931828480;Alumno;DNI
Agustina;Romero;47399378;agustina.romero25@outlook.com;+54931272768;Alumno;DNI
Victoria;Gonzalez;47404191;victoria.gonzalez25@outlook.com;+54936264680;Alumno;DNI
Martin;Toledo;47416283;martin.toledo25@outlook.com;+54927023459;Alumno;DNI
Manuel;Olivera;47430513;manuel.olivera25@outlook.com;+54935437432;Alumno;DNI
Thiago Leonel;Gomez;47454606;thiago.leonel.gomez25@outlook.com;+54923857762;Alumno;DNI
Juan Bautista;Rodriguez;47468880;juan.bautista.rodriguez25@outlook.com;+54932905076;Alumno;DNI
Bianca;Cruz;47481163;bianca.cruz25@outlook.com;+54939101010;Alumno;DNI
Valentino;Maidana;47483336;valentino.maidana25@outlook.com;+54926858111;Alumno;DNI
Valentino;Carrizo;47506119;valentino.carrizo25@outlook.com;+54939518009;Alumno;DNI
Clara;Duarte;47517294;clara.duarte25@outlook.com;+54936969591;Alumno;DNI
Martina;Cruz;47530910;martina.cruz25@outlook.com;+54939414734;Alumno;DNI
Martín;Sanchez;47556368;martin.sanchez25@outlook.com;+54927311062;Alumno;DNI
Lautaro Nicolas;Molina;47579509;lautaro.nicolas.molina25@outlook.com;+54924487264;Alumno;DNI
Valentina;Martinez;47582243;valentina.martinez25@outlook.com;+54925815432;Alumno;DNI
Maximiliano;Molina;47607767;maximiliano.molina25@outlook.com;+54923109539;Alumno;DNI
Victoria;Vazquez;47611874;victoria.vazquez25@outlook.com;+54931675878;Alumno;DNI
Lucio;Acosta;47633067;lucio.acosta25@outlook.com;+54934531982;Alumno;DNI
Benjamin;Garcia;47645473;benjamin.garcia25@outlook.com;+54924827784;Alumno;DNI
Salvador;Torres;47649810;salvador.torres25@outlook.com;+54939482014;Alumno;DNI
Jazmin;Campos;47678899;jazmin.campos25@outlook.com;+54923996526;Alumno;DNI
Camila;Ruiz;47690351;camila.ruiz25@outlook.com;+54932593349;Alumno;DNI
Gael;Martinez;47700089;gael.martinez25@outlook.com;+54939880239;Alumno;DNI
Sofia;Diaz;47707678;sofia.diaz25@outlook.com;+54921766152;Alumno;DNI
Priscila;Muñoz;47731681;priscila.munoz25@outlook.com;+54937575948;Alumno;DNI
Juan Pablo;Benitez;47733210;juan.pablo.benitez25@outlook.com;+54931480398;Alumno;DNI
Lola;Hernandez;47762723;lola.hernandez25@outlook.com;+54933175298;Alumno;DNI
Ana Paula;Rios;47764924;ana.paula.rios25@outlook.com;+54923235264;Alumno;DNI
Santiago;Caceres;47775711;santiago.caceres25@outlook.com;+54924509084;Alumno;DNI
Benjamin;Guzman;47776360;benjamin.guzman25@outlook.com;+54936705167;Alumno;DNI
Lucas;Medina;47788251;lucas.medina25@outlook.com;+54924088371;Alumno;DNI
Benjamin;Juarez;47817560;benjamin.juarez25@outlook.com;+54938751564;Alumno;DNI
Santino Benjamin;Garcia;47822229;santino.benjamin.garcia25@outlook.com;+54926197984;Alumno;DNI
Matilda;Cabrera;47826221;matilda.cabrera25@outlook.com;+54927799063;Alumno;DNI
Candela;Acosta;47864391;candela.acosta25@outlook.com;+54933979100;Alumno;DNI
Elena;Rodriguez;47906696;elena.rodriguez25@outlook.com;+54924651291;Alumno;DNI
Thiago Ezequiel;Ferreyra;47908881;thiago.ezequiel.ferreyra25@outlook.com;+54933149532;Alumno;DNI
Victoria;Paez;47909977;victoria.paez25@outlook.com;+54924701352;Alumno;DNI
Helena;Gomez;47911334;helena.gomez25@outlook.com;+54937395483;Alumno;DNI
Thiago Ezequiel;Flores;47915465;thiago.ezequiel.flores25@outlook.com;+54934955766;Alumno;DNI
Thiago Agustin;Luna;47969954;thiago.agustin.luna25@outlook.com;+54933843131;Alumno;DNI
Catalina;Acuña;47983495;catalina.acuna25@outlook.com;+54934736039;Alumno;DNI
Bruno;Castro;47983613;bruno.castro25@outlook.com;+54928127578;Alumno;DNI
Lara;Fernandez;47993064;lara.fernandez25@outlook.com;+54935845179;Alumno;DNI
