Numero_Documento__c;Codigo_Materia;ID_Importacion;Anio_Lectivo
30004548;DAT-101;30004548-DAT101;2024 - II
30020248;DAT-101;30020248-DAT101;2025 - II
30020248;UX-100;30020248-UX100;2025 - II
30020248;NEG-400;30020248-NEG400;2025 - II
30055060;DEV-101;30055060-DEV101;2024 - II
30055060;DAT-201;30055060-DAT201;2024 - II
30055089;DAT-101;30055089-DAT101;2025 - I
30055089;GEN-101;30055089-GEN101;2025 - II
30055439;GEN-101;30055439-GEN101;2025 - II
30055439;DAT-305;30055439-DAT305;2025 - I
30055439;IA-300;30055439-IA300;2025 - I
30058812;DEV-101;30058812-DEV101;2024 - II
30058812;DAT-201;30058812-DAT201;2024 - II
30058812;IA-300;30058812-IA300;2024 - I
30060967;DEV-101;30060967-DEV101;2025 - II
30060967;IA-400;30060967-IA400;2025 - II
30060967;DAT-101;30060967-DAT101;2025 - II
30060967;IA-300;30060967-IA300;2025 - II
30064860;DAT-201;30064860-DAT201;2025 - I
30064860;DAT-101;30064860-DAT101;2025 - II
30064860;DAT-305;30064860-DAT305;2025 - II
30064860;DEV-101;30064860-DEV101;2025 - I
30074046;IA-400;30074046-IA400;2025 - I
30074046;DAT-305;30074046-DAT305;2025 - I
30074046;MKT-200;30074046-MKT200;2025 - II
30081724;NEG-400;30081724-NEG400;2024 - II
30088172;DAT-101;30088172-DAT101;2024 - II
30089193;DAT-101;30089193-DAT101;2024 - I
30089193;MKT-200;30089193-MKT200;2024 - II
30098040;GEN-101;30098040-GEN101;2024 - II
30106929;DAT-201;30106929-DAT201;2024 - I
30116169;UX-100;30116169-UX100;2024 - II
30116169;IA-300;30116169-IA300;2024 - II
30116169;GEN-101;30116169-GEN101;2024 - II
30116169;MKT-200;30116169-MKT200;2024 - I
30117903;DEV-101;30117903-DEV101;2024 - II
30117903;IA-300;30117903-IA300;2024 - I
30117903;DAT-201;30117903-DAT201;2024 - II
30123333;UX-100;30123333-UX100;2024 - II
30123333;NEG-400;30123333-NEG400;2024 - II
30125745;DAT-305;30125745-DAT305;2025 - II
30125745;MKT-200;30125745-MKT200;2025 - II
30125745;DEV-101;30125745-DEV101;2025 - I
30125745;IA-300;30125745-IA300;2025 - I
30125745;UX-100;30125745-UX100;2025 - II
30126752;DAT-201;30126752-DAT201;2024 - II
30126752;DAT-101;30126752-DAT101;2024 - I
30126752;GEN-101;30126752-GEN101;2024 - I
30163309;IA-400;30163309-IA400;2025 - I
30163309;DAT-305;30163309-DAT305;2025 - I
30163309;DEV-101;30163309-DEV101;2025 - I
30163309;GEN-101;30163309-GEN101;2025 - I
30173121;UX-100;30173121-UX100;2025 - II
30173121;IA-400;30173121-IA400;2025 - I
30173121;MKT-200;30173121-MKT200;2025 - I
30173121;DAT-101;30173121-DAT101;2025 - II
30173121;DAT-201;30173121-DAT201;2025 - II
30174396;DEV-101;30174396-DEV101;2024 - I
30186819;GEN-101;30186819-GEN101;2025 - II
30186819;DAT-201;30186819-DAT201;2025 - I
30186819;IA-400;30186819-IA400;2025 - II
30186819;DAT-101;30186819-DAT101;2025 - I
30187041;NEG-400;30187041-NEG400;2025 - II
30187041;IA-400;30187041-IA400;2025 - I
30187041;DAT-305;30187041-DAT305;2025 - I
30197508;UX-100;30197508-UX100;2024 - II
30205757;NEG-400;30205757-NEG400;2025 - I
30205757;DAT-201;30205757-DAT201;2025 - I
30205757;GEN-101;30205757-GEN101;2025 - II
30216143;MKT-200;30216143-MKT200;2025 - II
30219683;UX-100;30219683-UX100;2025 - II
30219683;DEV-101;30219683-DEV101;2025 - II
30219683;DAT-305;30219683-DAT305;2025 - I
30224289;DAT-101;30224289-DAT101;2025 - II
30224289;MKT-200;30224289-MKT200;2025 - I
30224289;IA-300;30224289-IA300;2025 - I
30224289;GEN-101;30224289-GEN101;2025 - I
30226372;IA-300;30226372-IA300;2024 - II
30226372;NEG-400;30226372-NEG400;2024 - I
30227674;NEG-400;30227674-NEG400;2025 - I
30227674;UX-100;30227674-UX100;2025 - I
30230499;GEN-101;30230499-GEN101;2024 - II
30246491;DEV-101;30246491-DEV101;2024 - I
30246491;IA-300;30246491-IA300;2024 - I
30246491;DAT-101;30246491-DAT101;2024 - II
30252475;UX-100;30252475-UX100;2024 - I
30252475;GEN-101;30252475-GEN101;2024 - I
30261560;NEG-400;30261560-NEG400;2024 - II
30263228;IA-300;30263228-IA300;2024 - I
30268860;MKT-200;30268860-MKT200;2025 - I
30268860;DEV-101;30268860-DEV101;2025 - I
30268860;NEG-400;30268860-NEG400;2025 - I
30268860;IA-400;30268860-IA400;2025 - I
30268860;IA-300;30268860-IA300;2025 - I
30271801;DAT-101;30271801-DAT101;2025 - II
30271801;DEV-101;30271801-DEV101;2025 - II
30271801;GEN-101;30271801-GEN101;2025 - II
30271801;UX-100;30271801-UX100;2025 - II
30271801;NEG-400;30271801-NEG400;2025 - I
30271801;DAT-201;30271801-DAT201;2025 - II
30277884;GEN-101;30277884-GEN101;2025 - I
30277884;MKT-200;30277884-MKT200;2025 - I
30277884;DAT-305;30277884-DAT305;2025 - I
30278086;IA-400;30278086-IA400;2025 - II
30278086;IA-300;30278086-IA300;2025 - I
30278086;DAT-201;30278086-DAT201;2025 - II
30278086;DAT-101;30278086-DAT101;2025 - I
30278086;DAT-305;30278086-DAT305;2025 - II
30279612;DAT-101;30279612-DAT101;2024 - II
30279612;DAT-201;30279612-DAT201;2024 - I
30279612;MKT-200;30279612-MKT200;2024 - I
30283080;DAT-101;30283080-DAT101;2025 - II
30283080;DEV-101;30283080-DEV101;2025 - II
30283080;DAT-201;30283080-DAT201;2025 - II
30283080;UX-100;30283080-UX100;2025 - II
30283834;DEV-101;30283834-DEV101;2025 - I
30283834;IA-400;30283834-IA400;2025 - II
30283834;GEN-101;30283834-GEN101;2025 - I
30283834;DAT-201;30283834-DAT201;2025 - II
30283834;DAT-101;30283834-DAT101;2025 - II
30294943;MKT-200;30294943-MKT200;2025 - I
30294943;NEG-400;30294943-NEG400;2025 - I
30294943;DAT-305;30294943-DAT305;2025 - I
30300658;UX-100;30300658-UX100;2024 - II
30300658;IA-300;30300658-IA300;2024 - II
30300658;DAT-201;30300658-DAT201;2024 - I
30300948;MKT-200;30300948-MKT200;2024 - II
30301798;DEV-101;30301798-DEV101;2025 - I
30301798;IA-400;30301798-IA400;2025 - I
30301798;IA-300;30301798-IA300;2025 - I
30301798;GEN-101;30301798-GEN101;2025 - I
30301798;DAT-101;30301798-DAT101;2025 - I
30309712;DAT-101;30309712-DAT101;2024 - I
30309712;MKT-200;30309712-MKT200;2024 - I
30309712;NEG-400;30309712-NEG400;2024 - I
30321355;NEG-400;30321355-NEG400;2024 - I
30339434;DAT-201;30339434-DAT201;2024 - I
30342609;UX-100;30342609-UX100;2025 - II
30342609;NEG-400;30342609-NEG400;2025 - II
30342609;GEN-101;30342609-GEN101;2025 - I
30342609;DAT-305;30342609-DAT305;2025 - I
30344498;IA-400;30344498-IA400;2025 - I
30344498;MKT-200;30344498-MKT200;2025 - I
30344498;DAT-101;30344498-DAT101;2025 - II
30348701;IA-300;30348701-IA300;2024 - I
30348701;GEN-101;30348701-GEN101;2024 - I
30356437;DAT-201;30356437-DAT201;2025 - I
30356437;DAT-101;30356437-DAT101;2025 - I
30356437;DEV-101;30356437-DEV101;2025 - II
30356437;NEG-400;30356437-NEG400;2025 - I
30359807;MKT-200;30359807-MKT200;2024 - II
30362258;NEG-400;30362258-NEG400;2024 - I
30362736;DAT-101;30362736-DAT101;2025 - II
30365765;GEN-101;30365765-GEN101;2024 - I
30365765;DEV-101;30365765-DEV101;2024 - II
30367040;IA-300;30367040-IA300;2024 - II
30367578;DEV-101;30367578-DEV101;2024 - II
30367578;DAT-201;30367578-DAT201;2024 - II
30367578;UX-100;30367578-UX100;2024 - II
30370016;MKT-200;30370016-MKT200;2024 - I
30377321;DAT-305;30377321-DAT305;2025 - II
30377321;DAT-101;30377321-DAT101;2025 - I
30377321;UX-100;30377321-UX100;2025 - II
30377321;IA-300;30377321-IA300;2025 - II
30381511;UX-100;30381511-UX100;2025 - II
30381511;IA-400;30381511-IA400;2025 - II
30381511;GEN-101;30381511-GEN101;2025 - II
30382587;DEV-101;30382587-DEV101;2025 - I
30382587;DAT-101;30382587-DAT101;2025 - II
30382587;IA-300;30382587-IA300;2025 - I
30382587;NEG-400;30382587-NEG400;2025 - II
30386246;NEG-400;30386246-NEG400;2025 - I
30386246;DAT-305;30386246-DAT305;2025 - I
30386246;DAT-101;30386246-DAT101;2025 - I
30386246;GEN-101;30386246-GEN101;2025 - II
30386383;DAT-101;30386383-DAT101;2024 - I
30386383;DAT-201;30386383-DAT201;2024 - I
30394856;UX-100;30394856-UX100;2025 - II
30394856;IA-300;30394856-IA300;2025 - II
30395149;MKT-200;30395149-MKT200;2025 - II
30395149;UX-100;30395149-UX100;2025 - I
30395149;DEV-101;30395149-DEV101;2025 - I
30398761;IA-300;30398761-IA300;2024 - II
30398761;DAT-101;30398761-DAT101;2024 - II
30413264;DAT-101;30413264-DAT101;2024 - II
30413264;UX-100;30413264-UX100;2024 - II
30413264;IA-300;30413264-IA300;2024 - I
30416964;IA-300;30416964-IA300;2025 - II
30416964;DAT-101;30416964-DAT101;2025 - I
30430162;UX-100;30430162-UX100;2025 - I
30430162;MKT-200;30430162-MKT200;2025 - II
30430162;DEV-101;30430162-DEV101;2025 - I
30430162;DAT-305;30430162-DAT305;2025 - I
30430162;IA-300;30430162-IA300;2025 - I
30437958;MKT-200;30437958-MKT200;2024 - I
30445334;GEN-101;30445334-GEN101;2024 - I
30445520;DAT-201;30445520-DAT201;2024 - II
30465936;DAT-101;30465936-DAT101;2024 - I
30469731;DAT-101;30469731-DAT101;2024 - II
30469731;IA-300;30469731-IA300;2024 - II
30469731;GEN-101;30469731-GEN101;2024 - I
30483176;DEV-101;30483176-DEV101;2025 - I
30483176;DAT-305;30483176-DAT305;2025 - II
30483176;IA-400;30483176-IA400;2025 - II
30483176;GEN-101;30483176-GEN101;2025 - I
30506093;GEN-101;30506093-GEN101;2024 - II
30506093;NEG-400;30506093-NEG400;2024 - II
30506698;DAT-101;30506698-DAT101;2025 - II
30506698;IA-400;30506698-IA400;2025 - II
30506698;DAT-201;30506698-DAT201;2025 - II
30506698;MKT-200;30506698-MKT200;2025 - II
30506698;UX-100;30506698-UX100;2025 - I
30506698;GEN-101;30506698-GEN101;2025 - I
30507337;DEV-101;30507337-DEV101;2024 - I
30507337;IA-300;30507337-IA300;2024 - I
30520054;DEV-101;30520054-DEV101;2025 - I
30520054;MKT-200;30520054-MKT200;2025 - I
30523625;DAT-101;30523625-DAT101;2025 - I
30528419;UX-100;30528419-UX100;2025 - I
30528419;NEG-400;30528419-NEG400;2025 - II
30528419;IA-300;30528419-IA300;2025 - I
30530462;GEN-101;30530462-GEN101;2024 - II
30542692;GEN-101;30542692-GEN101;2024 - II
30542692;NEG-400;30542692-NEG400;2024 - I
30566758;UX-100;30566758-UX100;2024 - I
30566758;MKT-200;30566758-MKT200;2024 - II
30609077;GEN-101;30609077-GEN101;2024 - II
30609077;DAT-201;30609077-DAT201;2024 - II
30616294;DAT-201;30616294-DAT201;2024 - II
30619113;NEG-400;30619113-NEG400;2024 - II
30619113;GEN-101;30619113-GEN101;2024 - I
30619113;DEV-101;30619113-DEV101;2024 - I
30619113;MKT-200;30619113-MKT200;2024 - I
30639152;DAT-101;30639152-DAT101;2025 - II
30639152;DEV-101;30639152-DEV101;2025 - II
30639152;DAT-201;30639152-DAT201;2025 - I
30639152;GEN-101;30639152-GEN101;2025 - II
30639152;IA-300;30639152-IA300;2025 - II
30639152;NEG-400;30639152-NEG400;2025 - II
30642032;DAT-201;30642032-DAT201;2024 - II
30642032;MKT-200;30642032-MKT200;2024 - II
30642032;NEG-400;30642032-NEG400;2024 - II
30642032;DEV-101;30642032-DEV101;2024 - II
30649167;IA-400;30649167-IA400;2025 - II
30649167;NEG-400;30649167-NEG400;2025 - I
30649167;MKT-200;30649167-MKT200;2025 - I
30649167;DAT-201;30649167-DAT201;2025 - II
30662919;IA-400;30662919-IA400;2025 - II
30672524;DAT-201;30672524-DAT201;2025 - II
30672524;UX-100;30672524-UX100;2025 - I
30672524;GEN-101;30672524-GEN101;2025 - II
30672524;IA-300;30672524-IA300;2025 - I
30674136;IA-400;30674136-IA400;2025 - II
30674136;UX-100;30674136-UX100;2025 - II
30674136;NEG-400;30674136-NEG400;2025 - I
30677244;DEV-101;30677244-DEV101;2025 - II
30677244;UX-100;30677244-UX100;2025 - I
30677244;IA-400;30677244-IA400;2025 - II
30677244;NEG-400;30677244-NEG400;2025 - I
30677244;DAT-101;30677244-DAT101;2025 - II
30679979;IA-400;30679979-IA400;2025 - II
30679979;IA-300;30679979-IA300;2025 - II
30680437;MKT-200;30680437-MKT200;2024 - I
30680437;DEV-101;30680437-DEV101;2024 - I
30682265;DEV-101;30682265-DEV101;2024 - II
30700814;DAT-201;30700814-DAT201;2024 - II
30700814;DAT-101;30700814-DAT101;2024 - I
30703214;NEG-400;30703214-NEG400;2025 - I
30703214;DAT-101;30703214-DAT101;2025 - II
30703214;DAT-305;30703214-DAT305;2025 - II
30703214;GEN-101;30703214-GEN101;2025 - I
30703214;IA-400;30703214-IA400;2025 - II
30703214;UX-100;30703214-UX100;2025 - I
30703214;DEV-101;30703214-DEV101;2025 - I
30713710;UX-100;30713710-UX100;2025 - I
30713710;MKT-200;30713710-MKT200;2025 - I
30713710;NEG-400;30713710-NEG400;2025 - I
30713710;IA-300;30713710-IA300;2025 - II
30713710;DAT-201;30713710-DAT201;2025 - I
30716676;NEG-400;30716676-NEG400;2024 - II
30716676;UX-100;30716676-UX100;2024 - II
30719634;DAT-305;30719634-DAT305;2025 - II
30719634;MKT-200;30719634-MKT200;2025 - I
30723545;UX-100;30723545-UX100;2024 - I
30735404;DEV-101;30735404-DEV101;2024 - II
30757580;NEG-400;30757580-NEG400;2024 - II
30763126;DAT-201;30763126-DAT201;2024 - II
30763137;DAT-101;30763137-DAT101;2024 - I
30763137;DAT-201;30763137-DAT201;2024 - II
30766010;IA-300;30766010-IA300;2025 - I
30766010;IA-400;30766010-IA400;2025 - II
30772589;UX-100;30772589-UX100;2024 - II
30781172;DAT-305;30781172-DAT305;2025 - I
30781172;MKT-200;30781172-MKT200;2025 - I
30781172;DAT-101;30781172-DAT101;2025 - II
30781172;UX-100;30781172-UX100;2025 - II
30781172;IA-300;30781172-IA300;2025 - I
30782743;IA-300;30782743-IA300;2024 - I
30789190;IA-400;30789190-IA400;2025 - II
30789190;DAT-305;30789190-DAT305;2025 - I
30789190;UX-100;30789190-UX100;2025 - II
30789190;IA-300;30789190-IA300;2025 - I
30789190;GEN-101;30789190-GEN101;2025 - I
30800017;DAT-305;30800017-DAT305;2025 - II
30800017;UX-100;30800017-UX100;2025 - I
30800017;DAT-101;30800017-DAT101;2025 - II
30800017;IA-300;30800017-IA300;2025 - I
30800017;MKT-200;30800017-MKT200;2025 - I
30808302;GEN-101;30808302-GEN101;2024 - II
30808302;MKT-200;30808302-MKT200;2024 - II
30808375;UX-100;30808375-UX100;2025 - I
30808375;DAT-201;30808375-DAT201;2025 - I
30808375;IA-400;30808375-IA400;2025 - II
30808375;DEV-101;30808375-DEV101;2025 - I
30808375;NEG-400;30808375-NEG400;2025 - II
30811908;UX-100;30811908-UX100;2025 - I
30811908;GEN-101;30811908-GEN101;2025 - II
30811908;DEV-101;30811908-DEV101;2025 - II
30811908;IA-400;30811908-IA400;2025 - II
30815585;IA-300;30815585-IA300;2024 - II
30820105;DEV-101;30820105-DEV101;2025 - II
30820105;GEN-101;30820105-GEN101;2025 - I
30820105;DAT-201;30820105-DAT201;2025 - I
30839312;UX-100;30839312-UX100;2025 - II
30839312;MKT-200;30839312-MKT200;2025 - II
30839312;IA-400;30839312-IA400;2025 - I
30851248;IA-400;30851248-IA400;2025 - II
30851248;MKT-200;30851248-MKT200;2025 - II
30851248;UX-100;30851248-UX100;2025 - II
30851248;DAT-305;30851248-DAT305;2025 - II
30851248;DAT-201;30851248-DAT201;2025 - II
30856430;DAT-201;30856430-DAT201;2024 - I
30858543;IA-300;30858543-IA300;2025 - II
30858543;MKT-200;30858543-MKT200;2025 - II
30858543;GEN-101;30858543-GEN101;2025 - II
30894734;NEG-400;30894734-NEG400;2024 - II
30898022;UX-100;30898022-UX100;2024 - II
30910226;DEV-101;30910226-DEV101;2024 - II
30923193;GEN-101;30923193-GEN101;2025 - I
30923193;IA-300;30923193-IA300;2025 - I
30923193;DAT-305;30923193-DAT305;2025 - I
30926558;UX-100;30926558-UX100;2024 - I
30926558;DEV-101;30926558-DEV101;2024 - II
30941372;DEV-101;30941372-DEV101;2024 - II
30941372;UX-100;30941372-UX100;2024 - I
30946573;NEG-400;30946573-NEG400;2025 - II
30946573;DAT-201;30946573-DAT201;2025 - II
30946573;MKT-200;30946573-MKT200;2025 - I
30946573;IA-300;30946573-IA300;2025 - II
30946614;DAT-201;30946614-DAT201;2024 - II
30946614;MKT-200;30946614-MKT200;2024 - I
30958838;DAT-201;30958838-DAT201;2025 - I
30958838;DAT-305;30958838-DAT305;2025 - II
30958838;DEV-101;30958838-DEV101;2025 - II
30958838;IA-300;30958838-IA300;2025 - I
30961379;MKT-200;30961379-MKT200;2024 - II
30966401;UX-100;30966401-UX100;2024 - I
30973506;NEG-400;30973506-NEG400;2025 - I
30973506;IA-400;30973506-IA400;2025 - I
30974929;MKT-200;30974929-MKT200;2024 - I
30985783;MKT-200;30985783-MKT200;2024 - II
30985783;DAT-101;30985783-DAT101;2024 - I
30996789;IA-300;30996789-IA300;2024 - II
30996789;UX-100;30996789-UX100;2024 - II
31015246;DAT-101;31015246-DAT101;2025 - II
31015246;UX-100;31015246-UX100;2025 - I
31015246;DAT-201;31015246-DAT201;2025 - I
31015246;IA-400;31015246-IA400;2025 - I
31017566;MKT-200;31017566-MKT200;2024 - II
31020972;DAT-201;31020972-DAT201;2025 - II
31020972;IA-300;31020972-IA300;2025 - I
31020972;NEG-400;31020972-NEG400;2025 - II
31020972;MKT-200;31020972-MKT200;2025 - I
31036656;DAT-201;31036656-DAT201;2024 - II
31036656;IA-300;31036656-IA300;2024 - II
31061893;DAT-101;31061893-DAT101;2024 - I
31061893;IA-300;31061893-IA300;2024 - I
31065119;NEG-400;31065119-NEG400;2024 - I
31067946;IA-300;31067946-IA300;2025 - I
31067946;DAT-101;31067946-DAT101;2025 - I
31067946;UX-100;31067946-UX100;2025 - II
31067946;MKT-200;31067946-MKT200;2025 - II
31071888;IA-300;31071888-IA300;2024 - II
31071888;GEN-101;31071888-GEN101;2024 - II
31076430;DAT-101;31076430-DAT101;2025 - I
31076430;DAT-305;31076430-DAT305;2025 - II
31076430;GEN-101;31076430-GEN101;2025 - II
31076430;MKT-200;31076430-MKT200;2025 - II
31081090;UX-100;31081090-UX100;2025 - I
31081090;DAT-201;31081090-DAT201;2025 - II
31081090;NEG-400;31081090-NEG400;2025 - II
31087473;UX-100;31087473-UX100;2024 - I
31087473;IA-300;31087473-IA300;2024 - II
31099331;GEN-101;31099331-GEN101;2025 - I
31102495;UX-100;31102495-UX100;2024 - II
31102495;MKT-200;31102495-MKT200;2024 - II
31110381;DAT-305;31110381-DAT305;2025 - I
31116340;DEV-101;31116340-DEV101;2025 - II
31122274;IA-300;31122274-IA300;2024 - I
31134185;MKT-200;31134185-MKT200;2024 - II
31134185;NEG-400;31134185-NEG400;2024 - I
31134185;DAT-101;31134185-DAT101;2024 - II
31136038;NEG-400;31136038-NEG400;2025 - I
31136038;UX-100;31136038-UX100;2025 - II
31136038;DAT-305;31136038-DAT305;2025 - II
31136038;MKT-200;31136038-MKT200;2025 - II
31136038;DAT-201;31136038-DAT201;2025 - I
31153469;UX-100;31153469-UX100;2025 - I
31153469;GEN-101;31153469-GEN101;2025 - II
31153469;NEG-400;31153469-NEG400;2025 - I
31153469;IA-400;31153469-IA400;2025 - I
31158762;DAT-201;31158762-DAT201;2024 - II
31158762;IA-300;31158762-IA300;2024 - I
31162466;DAT-201;31162466-DAT201;2024 - II
31162466;DAT-101;31162466-DAT101;2024 - II
31162466;DEV-101;31162466-DEV101;2024 - I
31162466;MKT-200;31162466-MKT200;2024 - II
31165911;NEG-400;31165911-NEG400;2024 - I
31173022;DAT-305;31173022-DAT305;2025 - II
31177427;MKT-200;31177427-MKT200;2025 - I
31177427;UX-100;31177427-UX100;2025 - I
31177427;DAT-305;31177427-DAT305;2025 - II
31178906;DEV-101;31178906-DEV101;2024 - II
31178906;NEG-400;31178906-NEG400;2024 - II
31178906;UX-100;31178906-UX100;2024 - I
31178906;GEN-101;31178906-GEN101;2024 - II
31181222;MKT-200;31181222-MKT200;2025 - I
31181222;UX-100;31181222-UX100;2025 - II
31185224;IA-300;31185224-IA300;2024 - I
31185224;NEG-400;31185224-NEG400;2024 - I
31185628;UX-100;31185628-UX100;2025 - I
31185628;MKT-200;31185628-MKT200;2025 - II
31185628;IA-300;31185628-IA300;2025 - I
31185628;GEN-101;31185628-GEN101;2025 - II
31187731;NEG-400;31187731-NEG400;2024 - II
31187731;IA-300;31187731-IA300;2024 - I
31187731;MKT-200;31187731-MKT200;2024 - I
31188805;NEG-400;31188805-NEG400;2024 - I
31205804;GEN-101;31205804-GEN101;2024 - II
31205804;DAT-101;31205804-DAT101;2024 - I
31205804;NEG-400;31205804-NEG400;2024 - I
31206140;GEN-101;31206140-GEN101;2025 - I
31206140;MKT-200;31206140-MKT200;2025 - II
31206140;DAT-201;31206140-DAT201;2025 - II
31209670;MKT-200;31209670-MKT200;2025 - II
31209670;DAT-101;31209670-DAT101;2025 - II
31221480;IA-400;31221480-IA400;2025 - I
31221480;IA-300;31221480-IA300;2025 - II
31221480;DAT-305;31221480-DAT305;2025 - I
31221480;GEN-101;31221480-GEN101;2025 - II
31221480;UX-100;31221480-UX100;2025 - I
31221561;DAT-305;31221561-DAT305;2025 - II
31221561;IA-400;31221561-IA400;2025 - I
31221561;UX-100;31221561-UX100;2025 - II
31221561;GEN-101;31221561-GEN101;2025 - I
31222266;IA-300;31222266-IA300;2024 - I
31230787;DEV-101;31230787-DEV101;2024 - I
31239788;DEV-101;31239788-DEV101;2025 - I
31239788;GEN-101;31239788-GEN101;2025 - I
31239788;IA-400;31239788-IA400;2025 - I
31239788;DAT-101;31239788-DAT101;2025 - II
31261719;IA-400;31261719-IA400;2025 - I
31261719;IA-300;31261719-IA300;2025 - I
31261719;DEV-101;31261719-DEV101;2025 - I
31262811;MKT-200;31262811-MKT200;2024 - II
31263287;UX-100;31263287-UX100;2024 - I
31263287;GEN-101;31263287-GEN101;2024 - II
31263287;IA-300;31263287-IA300;2024 - I
31271467;NEG-400;31271467-NEG400;2024 - II
31271467;MKT-200;31271467-MKT200;2024 - II
31271467;DEV-101;31271467-DEV101;2024 - II
31271467;IA-300;31271467-IA300;2024 - II
31277192;MKT-200;31277192-MKT200;2025 - II
31277192;NEG-400;31277192-NEG400;2025 - I
31277192;DEV-101;31277192-DEV101;2025 - II
31277192;IA-400;31277192-IA400;2025 - II
31278420;NEG-400;31278420-NEG400;2025 - I
31278420;GEN-101;31278420-GEN101;2025 - II
31278420;DAT-101;31278420-DAT101;2025 - I
31278420;MKT-200;31278420-MKT200;2025 - II
31295512;DAT-201;31295512-DAT201;2024 - I
31295512;MKT-200;31295512-MKT200;2024 - II
31295512;DEV-101;31295512-DEV101;2024 - I
31297438;DAT-305;31297438-DAT305;2025 - II
31297438;IA-400;31297438-IA400;2025 - II
31297438;NEG-400;31297438-NEG400;2025 - II
31297438;DAT-101;31297438-DAT101;2025 - II
31297438;UX-100;31297438-UX100;2025 - I
31301580;MKT-200;31301580-MKT200;2024 - II
31303564;DAT-201;31303564-DAT201;2024 - I
31305554;IA-300;31305554-IA300;2024 - II
31313953;UX-100;31313953-UX100;2025 - I
31313953;IA-300;31313953-IA300;2025 - I
31313953;NEG-400;31313953-NEG400;2025 - I
31313953;DAT-101;31313953-DAT101;2025 - II
31313953;IA-400;31313953-IA400;2025 - I
31318273;MKT-200;31318273-MKT200;2025 - I
31318273;UX-100;31318273-UX100;2025 - I
31318273;DAT-305;31318273-DAT305;2025 - I
31324108;DEV-101;31324108-DEV101;2025 - II
31324108;UX-100;31324108-UX100;2025 - II
31324108;DAT-101;31324108-DAT101;2025 - I
31324108;NEG-400;31324108-NEG400;2025 - I
31324108;GEN-101;31324108-GEN101;2025 - II
31326547;IA-300;31326547-IA300;2024 - I
31332769;IA-400;31332769-IA400;2025 - II
31332769;UX-100;31332769-UX100;2025 - I
31332769;NEG-400;31332769-NEG400;2025 - I
31332769;DAT-305;31332769-DAT305;2025 - I
31332769;IA-300;31332769-IA300;2025 - II
31332769;GEN-101;31332769-GEN101;2025 - I
31332769;MKT-200;31332769-MKT200;2025 - I
31349203;NEG-400;31349203-NEG400;2025 - II
31349203;DAT-201;31349203-DAT201;2025 - II
31349203;UX-100;31349203-UX100;2025 - I
31349203;MKT-200;31349203-MKT200;2025 - I
31349203;DAT-101;31349203-DAT101;2025 - I
31352683;UX-100;31352683-UX100;2024 - I
31352683;MKT-200;31352683-MKT200;2024 - I
31355414;DAT-305;31355414-DAT305;2025 - I
31355414;UX-100;31355414-UX100;2025 - I
31355414;GEN-101;31355414-GEN101;2025 - II
31355414;MKT-200;31355414-MKT200;2025 - II
31355414;DAT-101;31355414-DAT101;2025 - I
31356012;MKT-200;31356012-MKT200;2024 - I
31356012;DAT-101;31356012-DAT101;2024 - I
31356012;UX-100;31356012-UX100;2024 - II
31360651;DAT-201;31360651-DAT201;2025 - I
31360651;DAT-101;31360651-DAT101;2025 - I
31360651;GEN-101;31360651-GEN101;2025 - II
31360651;IA-400;31360651-IA400;2025 - II
31365812;IA-300;31365812-IA300;2025 - I
31365812;DAT-101;31365812-DAT101;2025 - II
31365812;MKT-200;31365812-MKT200;2025 - I
31365812;NEG-400;31365812-NEG400;2025 - II
31365812;DEV-101;31365812-DEV101;2025 - II
31366271;MKT-200;31366271-MKT200;2024 - I
31366271;IA-300;31366271-IA300;2024 - II
31370404;DAT-201;31370404-DAT201;2024 - I
31370404;IA-300;31370404-IA300;2024 - I
31370404;GEN-101;31370404-GEN101;2024 - I
31379248;MKT-200;31379248-MKT200;2024 - I
31379839;MKT-200;31379839-MKT200;2025 - I
31379839;DAT-101;31379839-DAT101;2025 - I
31379839;UX-100;31379839-UX100;2025 - II
31379964;IA-300;31379964-IA300;2024 - I
31379964;GEN-101;31379964-GEN101;2024 - I
31379964;NEG-400;31379964-NEG400;2024 - I
31388447;IA-300;31388447-IA300;2024 - II
31399534;GEN-101;31399534-GEN101;2024 - II
31399534;NEG-400;31399534-NEG400;2024 - I
31399534;DAT-101;31399534-DAT101;2024 - II
31404097;DAT-101;31404097-DAT101;2024 - II
31425696;IA-300;31425696-IA300;2025 - I
31425696;DAT-201;31425696-DAT201;2025 - I
31425696;NEG-400;31425696-NEG400;2025 - II
31438321;NEG-400;31438321-NEG400;2024 - I
31438742;DEV-101;31438742-DEV101;2024 - I
31438742;IA-300;31438742-IA300;2024 - II
31442827;DEV-101;31442827-DEV101;2024 - II
31442827;MKT-200;31442827-MKT200;2024 - I
31445923;IA-300;31445923-IA300;2025 - I
31445923;GEN-101;31445923-GEN101;2025 - II
31445923;IA-400;31445923-IA400;2025 - II
31445923;DEV-101;31445923-DEV101;2025 - I
31451368;DEV-101;31451368-DEV101;2024 - II
31453197;MKT-200;31453197-MKT200;2024 - I
31453197;DAT-201;31453197-DAT201;2024 - I
31453197;GEN-101;31453197-GEN101;2024 - II
31467025;NEG-400;31467025-NEG400;2025 - II
31467025;DAT-305;31467025-DAT305;2025 - II
31467025;IA-400;31467025-IA400;2025 - I
31467025;DEV-101;31467025-DEV101;2025 - II
31471846;NEG-400;31471846-NEG400;2025 - I
31485455;NEG-400;31485455-NEG400;2025 - II
31485455;GEN-101;31485455-GEN101;2025 - II
31486885;DAT-101;31486885-DAT101;2025 - II
31486885;NEG-400;31486885-NEG400;2025 - II
31486885;DEV-101;31486885-DEV101;2025 - I
31486885;MKT-200;31486885-MKT200;2025 - II
31492591;DAT-305;31492591-DAT305;2025 - I
31492591;DAT-101;31492591-DAT101;2025 - II
31500794;UX-100;31500794-UX100;2024 - II
31509667;MKT-200;31509667-MKT200;2024 - II
31509667;NEG-400;31509667-NEG400;2024 - I
31510273;IA-400;31510273-IA400;2025 - II
31510273;DEV-101;31510273-DEV101;2025 - I
31528064;DAT-305;31528064-DAT305;2025 - I
31528064;DAT-201;31528064-DAT201;2025 - II
31528064;NEG-400;31528064-NEG400;2025 - I
31528064;IA-400;31528064-IA400;2025 - II
31528064;MKT-200;31528064-MKT200;2025 - I
31528900;DEV-101;31528900-DEV101;2025 - II
31528900;DAT-101;31528900-DAT101;2025 - II
31528900;GEN-101;31528900-GEN101;2025 - II
31528900;DAT-201;31528900-DAT201;2025 - II
31531992;IA-400;31531992-IA400;2025 - I
31531992;DEV-101;31531992-DEV101;2025 - I
31531992;DAT-201;31531992-DAT201;2025 - I
31544603;NEG-400;31544603-NEG400;2024 - II
31547849;UX-100;31547849-UX100;2025 - II
31547849;DEV-101;31547849-DEV101;2025 - II
31547849;MKT-200;31547849-MKT200;2025 - I
31547849;IA-400;31547849-IA400;2025 - II
31547849;NEG-400;31547849-NEG400;2025 - I
31554768;IA-300;31554768-IA300;2024 - I
31554768;DAT-101;31554768-DAT101;2024 - II
31554768;DEV-101;31554768-DEV101;2024 - II
31554768;DAT-201;31554768-DAT201;2024 - II
31559920;DAT-201;31559920-DAT201;2025 - I
31559920;NEG-400;31559920-NEG400;2025 - I
31562479;MKT-200;31562479-MKT200;2024 - II
31562676;GEN-101;31562676-GEN101;2025 - I
31562676;IA-300;31562676-IA300;2025 - II
31576981;DAT-201;31576981-DAT201;2025 - I
31576981;NEG-400;31576981-NEG400;2025 - I
31576981;DAT-101;31576981-DAT101;2025 - II
31581376;DEV-101;31581376-DEV101;2024 - II
31591629;IA-300;31591629-IA300;2024 - II
31591629;DEV-101;31591629-DEV101;2024 - II
31593963;UX-100;31593963-UX100;2024 - I
31593963;DAT-201;31593963-DAT201;2024 - I
31593963;MKT-200;31593963-MKT200;2024 - I
31594339;UX-100;31594339-UX100;2025 - I
31594339;GEN-101;31594339-GEN101;2025 - I
31594777;DAT-101;31594777-DAT101;2024 - I
31599603;GEN-101;31599603-GEN101;2024 - II
31599603;MKT-200;31599603-MKT200;2024 - I
31615043;DAT-201;31615043-DAT201;2025 - II
31615043;MKT-200;31615043-MKT200;2025 - I
31621161;MKT-200;31621161-MKT200;2024 - I
31621161;IA-300;31621161-IA300;2024 - I
31621161;DEV-101;31621161-DEV101;2024 - I
31629308;DAT-201;31629308-DAT201;2024 - I
31629308;UX-100;31629308-UX100;2024 - I
31634609;DAT-305;31634609-DAT305;2025 - I
31634609;IA-300;31634609-IA300;2025 - II
31634609;DAT-101;31634609-DAT101;2025 - II
31636346;NEG-400;31636346-NEG400;2024 - II
31636346;GEN-101;31636346-GEN101;2024 - II
31636346;DAT-101;31636346-DAT101;2024 - II
31636346;DEV-101;31636346-DEV101;2024 - II
31660305;GEN-101;31660305-GEN101;2025 - I
31660305;NEG-400;31660305-NEG400;2025 - I
31662806;GEN-101;31662806-GEN101;2025 - I
31662806;DAT-201;31662806-DAT201;2025 - II
31662806;DEV-101;31662806-DEV101;2025 - II
31662806;IA-400;31662806-IA400;2025 - I
31662806;IA-300;31662806-IA300;2025 - II
31668253;DEV-101;31668253-DEV101;2024 - II
31681085;DEV-101;31681085-DEV101;2025 - I
31681085;DAT-305;31681085-DAT305;2025 - II
31681085;MKT-200;31681085-MKT200;2025 - I
31681085;UX-100;31681085-UX100;2025 - I
31681085;NEG-400;31681085-NEG400;2025 - II
31685119;MKT-200;31685119-MKT200;2025 - I
31685297;IA-400;31685297-IA400;2025 - I
31685297;DAT-305;31685297-DAT305;2025 - II
31692100;UX-100;31692100-UX100;2024 - I
31692100;DAT-101;31692100-DAT101;2024 - II
31692100;NEG-400;31692100-NEG400;2024 - II
31692100;MKT-200;31692100-MKT200;2024 - II
31695622;NEG-400;31695622-NEG400;2024 - II
31704019;NEG-400;31704019-NEG400;2024 - II
31704019;GEN-101;31704019-GEN101;2024 - II
31704019;UX-100;31704019-UX100;2024 - II
31723879;IA-300;31723879-IA300;2024 - I
31723879;MKT-200;31723879-MKT200;2024 - II
31725100;UX-100;31725100-UX100;2024 - II
31725100;NEG-400;31725100-NEG400;2024 - II
31730204;IA-400;31730204-IA400;2025 - II
31730204;DAT-201;31730204-DAT201;2025 - II
31730247;DEV-101;31730247-DEV101;2024 - I
31730247;NEG-400;31730247-NEG400;2024 - I
31731791;IA-300;31731791-IA300;2024 - II
31742344;NEG-400;31742344-NEG400;2025 - I
31742344;DEV-101;31742344-DEV101;2025 - II
31742344;IA-400;31742344-IA400;2025 - II
31748817;DEV-101;31748817-DEV101;2025 - II
31748817;DAT-101;31748817-DAT101;2025 - II
31748817;IA-300;31748817-IA300;2025 - II
31748817;GEN-101;31748817-GEN101;2025 - II
31748817;NEG-400;31748817-NEG400;2025 - II
31748817;IA-400;31748817-IA400;2025 - I
31763113;GEN-101;31763113-GEN101;2024 - II
31763113;UX-100;31763113-UX100;2024 - I
31767975;DAT-201;31767975-DAT201;2024 - II
31767975;DAT-101;31767975-DAT101;2024 - I
31770202;DAT-101;31770202-DAT101;2024 - II
31777177;DAT-201;31777177-DAT201;2024 - I
31777177;GEN-101;31777177-GEN101;2024 - II
31786305;NEG-400;31786305-NEG400;2025 - I
31786305;DAT-305;31786305-DAT305;2025 - II
31786305;DAT-101;31786305-DAT101;2025 - II
31800702;GEN-101;31800702-GEN101;2024 - I
31800702;DAT-101;31800702-DAT101;2024 - II
31800702;NEG-400;31800702-NEG400;2024 - II
31800702;DEV-101;31800702-DEV101;2024 - I
31803019;IA-300;31803019-IA300;2025 - II
31803019;UX-100;31803019-UX100;2025 - II
31803019;DAT-305;31803019-DAT305;2025 - II
31821525;DAT-201;31821525-DAT201;2024 - I
31821525;DEV-101;31821525-DEV101;2024 - I
31834919;MKT-200;31834919-MKT200;2024 - II
31834919;IA-300;31834919-IA300;2024 - II
31835198;DAT-101;31835198-DAT101;2024 - II
31846283;IA-400;31846283-IA400;2025 - II
31846283;IA-300;31846283-IA300;2025 - II
31846333;IA-300;31846333-IA300;2025 - II
31846333;NEG-400;31846333-NEG400;2025 - I
31846333;DAT-101;31846333-DAT101;2025 - II
31848115;IA-300;31848115-IA300;2025 - II
31848115;IA-400;31848115-IA400;2025 - I
31848115;DAT-305;31848115-DAT305;2025 - I
31864701;GEN-101;31864701-GEN101;2025 - I
31864701;DAT-201;31864701-DAT201;2025 - I
31864701;MKT-200;31864701-MKT200;2025 - II
31864701;IA-300;31864701-IA300;2025 - I
31864701;UX-100;31864701-UX100;2025 - II
31868622;MKT-200;31868622-MKT200;2024 - I
31885715;DAT-201;31885715-DAT201;2025 - II
31888081;DEV-101;31888081-DEV101;2024 - II
31888081;NEG-400;31888081-NEG400;2024 - II
31896700;UX-100;31896700-UX100;2024 - II
31898350;IA-300;31898350-IA300;2025 - II
31898350;DAT-201;31898350-DAT201;2025 - I
31898350;IA-400;31898350-IA400;2025 - I
31898350;GEN-101;31898350-GEN101;2025 - II
31898350;DEV-101;31898350-DEV101;2025 - I
31908414;NEG-400;31908414-NEG400;2025 - II
31908414;DAT-305;31908414-DAT305;2025 - II
31908414;IA-300;31908414-IA300;2025 - I
31909036;NEG-400;31909036-NEG400;2025 - I
31909036;DEV-101;31909036-DEV101;2025 - I
31909036;DAT-101;31909036-DAT101;2025 - II
31909036;GEN-101;31909036-GEN101;2025 - I
31909036;IA-300;31909036-IA300;2025 - I
31921360;MKT-200;31921360-MKT200;2024 - II
31921360;GEN-101;31921360-GEN101;2024 - I
31922848;MKT-200;31922848-MKT200;2024 - II
31922848;GEN-101;31922848-GEN101;2024 - II
31922848;DEV-101;31922848-DEV101;2024 - I
31922848;DAT-101;31922848-DAT101;2024 - II
31924807;DEV-101;31924807-DEV101;2025 - I
31924807;DAT-101;31924807-DAT101;2025 - II
31924807;GEN-101;31924807-GEN101;2025 - II
31935757;UX-100;31935757-UX100;2024 - I
31935757;DEV-101;31935757-DEV101;2024 - I
31961540;DEV-101;31961540-DEV101;2025 - II
31961540;IA-300;31961540-IA300;2025 - I
31961540;IA-400;31961540-IA400;2025 - II
31961540;DAT-201;31961540-DAT201;2025 - I
31961540;NEG-400;31961540-NEG400;2025 - I
31963378;DEV-101;31963378-DEV101;2024 - I
31992185;MKT-200;31992185-MKT200;2025 - I
31992185;DAT-101;31992185-DAT101;2025 - I
31992185;NEG-400;31992185-NEG400;2025 - I
32027618;GEN-101;32027618-GEN101;2025 - I
32027618;NEG-400;32027618-NEG400;2025 - II
32027618;UX-100;32027618-UX100;2025 - I
32027618;MKT-200;32027618-MKT200;2025 - II
32027618;DAT-305;32027618-DAT305;2025 - I
32027618;IA-300;32027618-IA300;2025 - I
32028866;GEN-101;32028866-GEN101;2025 - I
32028866;IA-300;32028866-IA300;2025 - II
32028866;DAT-201;32028866-DAT201;2025 - I
32028866;IA-400;32028866-IA400;2025 - I
32028899;DEV-101;32028899-DEV101;2024 - II
32031851;IA-300;32031851-IA300;2025 - II
32033807;MKT-200;32033807-MKT200;2024 - II
32034364;DEV-101;32034364-DEV101;2025 - I
32034364;DAT-101;32034364-DAT101;2025 - I
32034364;MKT-200;32034364-MKT200;2025 - II
32034364;NEG-400;32034364-NEG400;2025 - I
32034364;GEN-101;32034364-GEN101;2025 - I
32050515;DEV-101;32050515-DEV101;2024 - II
32050515;GEN-101;32050515-GEN101;2024 - I
32073901;DAT-201;32073901-DAT201;2025 - II
32073901;GEN-101;32073901-GEN101;2025 - I
32085812;DAT-201;32085812-DAT201;2024 - I
32088271;MKT-200;32088271-MKT200;2024 - I
32096884;DEV-101;32096884-DEV101;2024 - II
32096884;DAT-201;32096884-DAT201;2024 - II
32098690;NEG-400;32098690-NEG400;2025 - II
32098690;DAT-101;32098690-DAT101;2025 - II
32098690;IA-400;32098690-IA400;2025 - II
32098690;IA-300;32098690-IA300;2025 - I
32098690;DAT-305;32098690-DAT305;2025 - I
32099297;IA-300;32099297-IA300;2024 - I
32099618;MKT-200;32099618-MKT200;2024 - I
32099618;GEN-101;32099618-GEN101;2024 - II
32099618;DAT-101;32099618-DAT101;2024 - II
32099939;NEG-400;32099939-NEG400;2025 - II
32099939;DEV-101;32099939-DEV101;2025 - II
32099939;DAT-101;32099939-DAT101;2025 - II
32100445;DAT-305;32100445-DAT305;2025 - I
32100445;NEG-400;32100445-NEG400;2025 - I
32101106;NEG-400;32101106-NEG400;2025 - II
32101106;IA-400;32101106-IA400;2025 - II
32101106;IA-300;32101106-IA300;2025 - I
32101106;DAT-305;32101106-DAT305;2025 - II
32108091;GEN-101;32108091-GEN101;2024 - II
32108581;DEV-101;32108581-DEV101;2025 - I
32108581;IA-300;32108581-IA300;2025 - II
32108581;DAT-305;32108581-DAT305;2025 - I
32108581;GEN-101;32108581-GEN101;2025 - I
32108581;NEG-400;32108581-NEG400;2025 - I
32108581;MKT-200;32108581-MKT200;2025 - II
32108581;DAT-101;32108581-DAT101;2025 - I
32119317;NEG-400;32119317-NEG400;2025 - II
32119317;DAT-101;32119317-DAT101;2025 - II
32119317;UX-100;32119317-UX100;2025 - I
32119317;IA-300;32119317-IA300;2025 - II
32119317;DAT-305;32119317-DAT305;2025 - I
32120170;GEN-101;32120170-GEN101;2024 - II
32128322;MKT-200;32128322-MKT200;2025 - I
32128322;DAT-101;32128322-DAT101;2025 - II
32128322;DAT-305;32128322-DAT305;2025 - II
32130223;DAT-101;32130223-DAT101;2025 - II
32130223;MKT-200;32130223-MKT200;2025 - I
32130223;IA-300;32130223-IA300;2025 - II
32134822;NEG-400;32134822-NEG400;2024 - I
32139544;UX-100;32139544-UX100;2025 - II
32139544;GEN-101;32139544-GEN101;2025 - I
32139544;DAT-201;32139544-DAT201;2025 - II
32139544;NEG-400;32139544-NEG400;2025 - II
32139544;MKT-200;32139544-MKT200;2025 - II
32139544;DEV-101;32139544-DEV101;2025 - I
32141644;DEV-101;32141644-DEV101;2024 - I
32143636;DAT-201;32143636-DAT201;2024 - I
32143636;NEG-400;32143636-NEG400;2024 - II
32150263;DEV-101;32150263-DEV101;2024 - I
32150263;UX-100;32150263-UX100;2024 - II
32150912;GEN-101;32150912-GEN101;2024 - I
32151241;MKT-200;32151241-MKT200;2024 - II
32151241;UX-100;32151241-UX100;2024 - I
32151606;UX-100;32151606-UX100;2024 - II
32151606;DAT-201;32151606-DAT201;2024 - II
32151606;IA-300;32151606-IA300;2024 - II
32152121;DEV-101;32152121-DEV101;2024 - II
32152121;UX-100;32152121-UX100;2024 - II
32152121;MKT-200;32152121-MKT200;2024 - I
32160000;IA-300;32160000-IA300;2024 - II
32160000;DAT-201;32160000-DAT201;2024 - II
32160000;DEV-101;32160000-DEV101;2024 - I
32166416;IA-300;32166416-IA300;2025 - II
32166416;MKT-200;32166416-MKT200;2025 - II
32166416;IA-400;32166416-IA400;2025 - II
32169352;IA-300;32169352-IA300;2024 - I
32169352;MKT-200;32169352-MKT200;2024 - II
32170253;DAT-101;32170253-DAT101;2025 - II
32170253;IA-400;32170253-IA400;2025 - II
32170253;IA-300;32170253-IA300;2025 - II
32170253;GEN-101;32170253-GEN101;2025 - II
32170253;DEV-101;32170253-DEV101;2025 - II
32171052;IA-400;32171052-IA400;2025 - I
32171052;UX-100;32171052-UX100;2025 - I
32171052;IA-300;32171052-IA300;2025 - II
32171052;DAT-101;32171052-DAT101;2025 - II
32171676;IA-300;32171676-IA300;2025 - II
32171676;DEV-101;32171676-DEV101;2025 - II
32171676;NEG-400;32171676-NEG400;2025 - II
32171676;DAT-101;32171676-DAT101;2025 - I
32171676;DAT-201;32171676-DAT201;2025 - I
32180590;DAT-101;32180590-DAT101;2024 - II
32180590;GEN-101;32180590-GEN101;2024 - I
32183463;DAT-101;32183463-DAT101;2025 - I
32183463;IA-300;32183463-IA300;2025 - I
32196825;IA-300;32196825-IA300;2024 - I
32196825;UX-100;32196825-UX100;2024 - II
32200927;MKT-200;32200927-MKT200;2024 - I
32201924;MKT-200;32201924-MKT200;2025 - I
32201924;DEV-101;32201924-DEV101;2025 - II
32201924;DAT-201;32201924-DAT201;2025 - II
32201924;NEG-400;32201924-NEG400;2025 - II
32201924;IA-400;32201924-IA400;2025 - I
32201924;GEN-101;32201924-GEN101;2025 - II
32204161;MKT-200;32204161-MKT200;2024 - II
32228319;DAT-305;32228319-DAT305;2025 - I
32228319;DAT-101;32228319-DAT101;2025 - II
32228319;UX-100;32228319-UX100;2025 - II
32231628;UX-100;32231628-UX100;2024 - II
32241129;DAT-305;32241129-DAT305;2025 - II
32247069;GEN-101;32247069-GEN101;2024 - II
32259990;IA-300;32259990-IA300;2024 - I
32259990;UX-100;32259990-UX100;2024 - I
32259990;MKT-200;32259990-MKT200;2024 - II
32264676;DEV-101;32264676-DEV101;2024 - I
32270986;UX-100;32270986-UX100;2025 - II
32270986;IA-300;32270986-IA300;2025 - II
32270986;MKT-200;32270986-MKT200;2025 - I
32272850;UX-100;32272850-UX100;2024 - I
32272850;DAT-101;32272850-DAT101;2024 - I
32272850;NEG-400;32272850-NEG400;2024 - I
32281165;MKT-200;32281165-MKT200;2025 - I
32281165;DAT-201;32281165-DAT201;2025 - I
32283744;GEN-101;32283744-GEN101;2025 - II
32283744;IA-300;32283744-IA300;2025 - I
32284080;DAT-101;32284080-DAT101;2024 - II
32284312;UX-100;32284312-UX100;2025 - II
32284312;IA-400;32284312-IA400;2025 - II
32284312;IA-300;32284312-IA300;2025 - II
32286145;IA-300;32286145-IA300;2025 - I
32286145;DAT-305;32286145-DAT305;2025 - II
32295114;IA-300;32295114-IA300;2024 - I
32308961;DAT-101;32308961-DAT101;2024 - II
32318137;DAT-201;32318137-DAT201;2025 - I
32318137;GEN-101;32318137-GEN101;2025 - II
32318137;DEV-101;32318137-DEV101;2025 - I
32318137;NEG-400;32318137-NEG400;2025 - II
32329071;GEN-101;32329071-GEN101;2025 - II
32329071;DAT-101;32329071-DAT101;2025 - I
32329071;UX-100;32329071-UX100;2025 - II
32329071;DAT-201;32329071-DAT201;2025 - I
32329071;IA-300;32329071-IA300;2025 - II
32329071;IA-400;32329071-IA400;2025 - I
32329071;MKT-200;32329071-MKT200;2025 - II
32330822;DAT-101;32330822-DAT101;2025 - II
32330822;DAT-305;32330822-DAT305;2025 - I
32339744;IA-400;32339744-IA400;2025 - II
32339744;MKT-200;32339744-MKT200;2025 - II
32339744;DEV-101;32339744-DEV101;2025 - I
32343092;MKT-200;32343092-MKT200;2024 - I
32343092;NEG-400;32343092-NEG400;2024 - I
32349636;MKT-200;32349636-MKT200;2025 - II
32349636;DAT-101;32349636-DAT101;2025 - II
32349636;NEG-400;32349636-NEG400;2025 - II
32349636;DAT-201;32349636-DAT201;2025 - I
32349636;DEV-101;32349636-DEV101;2025 - II
32349994;UX-100;32349994-UX100;2024 - I
32349994;GEN-101;32349994-GEN101;2024 - II
32349994;IA-300;32349994-IA300;2024 - I
32349994;MKT-200;32349994-MKT200;2024 - I
32357600;DEV-101;32357600-DEV101;2024 - II
32357600;GEN-101;32357600-GEN101;2024 - I
32362905;DEV-101;32362905-DEV101;2025 - I
32362905;IA-300;32362905-IA300;2025 - II
32369229;UX-100;32369229-UX100;2024 - II
32369229;DAT-201;32369229-DAT201;2024 - II
32369229;MKT-200;32369229-MKT200;2024 - II
32388706;MKT-200;32388706-MKT200;2025 - II
32388706;NEG-400;32388706-NEG400;2025 - II
32388706;IA-300;32388706-IA300;2025 - II
32409630;DAT-201;32409630-DAT201;2025 - II
32412306;MKT-200;32412306-MKT200;2024 - II
32416248;DEV-101;32416248-DEV101;2024 - I
32416248;MKT-200;32416248-MKT200;2024 - II
32430086;DAT-101;32430086-DAT101;2024 - I
32435922;IA-400;32435922-IA400;2025 - II
32435922;UX-100;32435922-UX100;2025 - II
32440459;GEN-101;32440459-GEN101;2024 - I
32441127;NEG-400;32441127-NEG400;2025 - I
32441127;MKT-200;32441127-MKT200;2025 - II
32441127;DEV-101;32441127-DEV101;2025 - II
32441127;UX-100;32441127-UX100;2025 - I
32441127;DAT-101;32441127-DAT101;2025 - I
32443281;DEV-101;32443281-DEV101;2024 - II
32443281;DAT-101;32443281-DAT101;2024 - II
32443281;GEN-101;32443281-GEN101;2024 - II
32449620;MKT-200;32449620-MKT200;2024 - II
32449620;UX-100;32449620-UX100;2024 - I
32451951;GEN-101;32451951-GEN101;2025 - II
32451951;IA-300;32451951-IA300;2025 - I
32451951;NEG-400;32451951-NEG400;2025 - II
32454237;DAT-201;32454237-DAT201;2025 - I
32454237;MKT-200;32454237-MKT200;2025 - II
32454237;DAT-305;32454237-DAT305;2025 - I
32454237;DAT-101;32454237-DAT101;2025 - I
32454237;IA-300;32454237-IA300;2025 - II
32454237;IA-400;32454237-IA400;2025 - II
32459600;IA-300;32459600-IA300;2025 - I
32459600;DAT-305;32459600-DAT305;2025 - II
32459600;UX-100;32459600-UX100;2025 - I
32459600;DAT-201;32459600-DAT201;2025 - II
32459600;DAT-101;32459600-DAT101;2025 - I
32460250;IA-300;32460250-IA300;2025 - II
32460250;DEV-101;32460250-DEV101;2025 - II
32460250;IA-400;32460250-IA400;2025 - I
32463030;MKT-200;32463030-MKT200;2025 - I
32474711;IA-300;32474711-IA300;2024 - I
32474711;MKT-200;32474711-MKT200;2024 - II
32474711;GEN-101;32474711-GEN101;2024 - II
32480053;MKT-200;32480053-MKT200;2024 - II
32480053;DAT-201;32480053-DAT201;2024 - II
32480780;DAT-201;32480780-DAT201;2025 - II
32480780;MKT-200;32480780-MKT200;2025 - II
32480780;DAT-305;32480780-DAT305;2025 - II
32486624;UX-100;32486624-UX100;2024 - II
32486624;GEN-101;32486624-GEN101;2024 - II
32486624;NEG-400;32486624-NEG400;2024 - II
32487000;DAT-201;32487000-DAT201;2024 - II
32487000;MKT-200;32487000-MKT200;2024 - I
32496231;DAT-201;32496231-DAT201;2025 - I
32496231;DEV-101;32496231-DEV101;2025 - I
32496231;DAT-305;32496231-DAT305;2025 - II
32496231;DAT-101;32496231-DAT101;2025 - II
32496231;UX-100;32496231-UX100;2025 - I
32496231;IA-400;32496231-IA400;2025 - II
32498967;MKT-200;32498967-MKT200;2025 - II
32498967;GEN-101;32498967-GEN101;2025 - I
32498967;UX-100;32498967-UX100;2025 - I
32522161;NEG-400;32522161-NEG400;2025 - II
32522161;IA-400;32522161-IA400;2025 - II
32540190;MKT-200;32540190-MKT200;2024 - II
32540190;UX-100;32540190-UX100;2024 - II
32550613;IA-300;32550613-IA300;2025 - II
32550613;MKT-200;32550613-MKT200;2025 - II
32556008;DAT-101;32556008-DAT101;2024 - I
32556008;UX-100;32556008-UX100;2024 - II
32556008;GEN-101;32556008-GEN101;2024 - II
32556008;MKT-200;32556008-MKT200;2024 - II
32567561;NEG-400;32567561-NEG400;2025 - I
32567561;DAT-305;32567561-DAT305;2025 - II
32567561;GEN-101;32567561-GEN101;2025 - II
32575818;IA-300;32575818-IA300;2024 - I
32575818;GEN-101;32575818-GEN101;2024 - II
32578687;DAT-101;32578687-DAT101;2024 - I
32578687;NEG-400;32578687-NEG400;2024 - I
32578687;MKT-200;32578687-MKT200;2024 - II
32581169;GEN-101;32581169-GEN101;2025 - II
32581169;DAT-201;32581169-DAT201;2025 - I
32581169;UX-100;32581169-UX100;2025 - I
32581169;DAT-101;32581169-DAT101;2025 - II
32583779;DAT-305;32583779-DAT305;2025 - II
32583779;DAT-101;32583779-DAT101;2025 - I
32583779;IA-300;32583779-IA300;2025 - II
32592763;UX-100;32592763-UX100;2025 - II
32592763;DAT-305;32592763-DAT305;2025 - II
32592763;IA-300;32592763-IA300;2025 - I
32592763;NEG-400;32592763-NEG400;2025 - I
32592763;MKT-200;32592763-MKT200;2025 - II
32592763;DAT-101;32592763-DAT101;2025 - II
32604998;IA-400;32604998-IA400;2025 - I
32604998;MKT-200;32604998-MKT200;2025 - II
32604998;DEV-101;32604998-DEV101;2025 - I
32658531;GEN-101;32658531-GEN101;2025 - II
32658531;IA-400;32658531-IA400;2025 - II
32658531;DAT-201;32658531-DAT201;2025 - I
32659067;NEG-400;32659067-NEG400;2024 - II
32659067;MKT-200;32659067-MKT200;2024 - II
32664172;DAT-101;32664172-DAT101;2025 - II
32664172;DEV-101;32664172-DEV101;2025 - I
32664172;NEG-400;32664172-NEG400;2025 - I
32664172;MKT-200;32664172-MKT200;2025 - I
32673458;NEG-400;32673458-NEG400;2024 - II
32682238;NEG-400;32682238-NEG400;2024 - I
32682238;DEV-101;32682238-DEV101;2024 - II
32686293;GEN-101;32686293-GEN101;2024 - II
32692729;IA-300;32692729-IA300;2024 - II
32697331;NEG-400;32697331-NEG400;2024 - II
32698751;GEN-101;32698751-GEN101;2024 - I
32698751;IA-300;32698751-IA300;2024 - I
32702619;DAT-101;32702619-DAT101;2024 - I
32702619;DEV-101;32702619-DEV101;2024 - II
32703610;NEG-400;32703610-NEG400;2025 - II
32703610;DAT-305;32703610-DAT305;2025 - II
32703610;IA-300;32703610-IA300;2025 - II
32705831;DAT-101;32705831-DAT101;2025 - I
32705831;GEN-101;32705831-GEN101;2025 - II
32705831;MKT-200;32705831-MKT200;2025 - II
32705831;DAT-305;32705831-DAT305;2025 - I
32712408;DAT-101;32712408-DAT101;2024 - II
32723334;DAT-101;32723334-DAT101;2025 - I
32723334;IA-300;32723334-IA300;2025 - I
32723334;GEN-101;32723334-GEN101;2025 - II
32726810;MKT-200;32726810-MKT200;2025 - II
32726810;UX-100;32726810-UX100;2025 - II
32726810;DAT-101;32726810-DAT101;2025 - II
32726810;DAT-201;32726810-DAT201;2025 - II
32726810;DAT-305;32726810-DAT305;2025 - II
32738313;DAT-201;32738313-DAT201;2024 - II
32776935;DEV-101;32776935-DEV101;2025 - II
32776935;IA-400;32776935-IA400;2025 - I
32776935;UX-100;32776935-UX100;2025 - II
32776935;MKT-200;32776935-MKT200;2025 - I
32785292;MKT-200;32785292-MKT200;2024 - II
32789755;DAT-305;32789755-DAT305;2025 - I
32789755;IA-300;32789755-IA300;2025 - I
32794495;NEG-400;32794495-NEG400;2024 - II
32800317;GEN-101;32800317-GEN101;2024 - I
32805911;IA-300;32805911-IA300;2025 - I
32805911;DEV-101;32805911-DEV101;2025 - I
32805911;DAT-101;32805911-DAT101;2025 - II
32805911;UX-100;32805911-UX100;2025 - II
32808702;DAT-201;32808702-DAT201;2024 - I
32808702;UX-100;32808702-UX100;2024 - I
32811654;MKT-200;32811654-MKT200;2024 - I
32816822;IA-300;32816822-IA300;2025 - I
32816822;DAT-201;32816822-DAT201;2025 - I
32816822;IA-400;32816822-IA400;2025 - II
32816822;MKT-200;32816822-MKT200;2025 - II
32817735;IA-400;32817735-IA400;2025 - II
32817735;UX-100;32817735-UX100;2025 - I
32817735;DAT-305;32817735-DAT305;2025 - II
32817735;NEG-400;32817735-NEG400;2025 - II
32821847;IA-400;32821847-IA400;2025 - I
32821847;NEG-400;32821847-NEG400;2025 - II
32823541;UX-100;32823541-UX100;2024 - II
32830740;IA-300;32830740-IA300;2024 - II
32838454;DAT-101;32838454-DAT101;2024 - II
32839194;NEG-400;32839194-NEG400;2025 - I
32839194;IA-400;32839194-IA400;2025 - II
32839194;DEV-101;32839194-DEV101;2025 - I
32839194;IA-300;32839194-IA300;2025 - II
32839194;DAT-101;32839194-DAT101;2025 - I
32839194;DAT-305;32839194-DAT305;2025 - II
32839404;NEG-400;32839404-NEG400;2025 - I
32839404;DEV-101;32839404-DEV101;2025 - I
32844429;DEV-101;32844429-DEV101;2025 - II
32844429;NEG-400;32844429-NEG400;2025 - I
32844429;UX-100;32844429-UX100;2025 - II
32844429;DAT-305;32844429-DAT305;2025 - I
32855448;NEG-400;32855448-NEG400;2024 - II
32860968;UX-100;32860968-UX100;2025 - I
32860968;DEV-101;32860968-DEV101;2025 - II
32860968;NEG-400;32860968-NEG400;2025 - II
32860968;IA-400;32860968-IA400;2025 - II
32860968;MKT-200;32860968-MKT200;2025 - II
32860968;DAT-201;32860968-DAT201;2025 - I
32860968;GEN-101;32860968-GEN101;2025 - II
32864447;DEV-101;32864447-DEV101;2024 - II
32864447;NEG-400;32864447-NEG400;2024 - I
32864447;IA-300;32864447-IA300;2024 - II
32875207;NEG-400;32875207-NEG400;2024 - II
32889452;DEV-101;32889452-DEV101;2025 - I
32889452;MKT-200;32889452-MKT200;2025 - I
32901887;DAT-201;32901887-DAT201;2024 - II
32902968;UX-100;32902968-UX100;2024 - II
32902968;NEG-400;32902968-NEG400;2024 - II
32902968;MKT-200;32902968-MKT200;2024 - II
32902968;DAT-201;32902968-DAT201;2024 - I
32905120;IA-300;32905120-IA300;2025 - II
32905120;MKT-200;32905120-MKT200;2025 - I
32905120;DAT-201;32905120-DAT201;2025 - I
32905120;DAT-101;32905120-DAT101;2025 - I
32905120;DAT-305;32905120-DAT305;2025 - II
32911130;DAT-305;32911130-DAT305;2025 - I
32911130;DAT-201;32911130-DAT201;2025 - I
32911130;IA-300;32911130-IA300;2025 - II
32911130;DEV-101;32911130-DEV101;2025 - II
32919443;DAT-101;32919443-DAT101;2024 - II
32932411;IA-300;32932411-IA300;2024 - I
32935035;DAT-101;32935035-DAT101;2025 - I
32935035;NEG-400;32935035-NEG400;2025 - II
32935035;GEN-101;32935035-GEN101;2025 - II
32935035;DEV-101;32935035-DEV101;2025 - I
32935035;UX-100;32935035-UX100;2025 - I
32965831;UX-100;32965831-UX100;2025 - I
32965831;NEG-400;32965831-NEG400;2025 - I
32965831;IA-300;32965831-IA300;2025 - II
32965831;DAT-305;32965831-DAT305;2025 - I
32966903;UX-100;32966903-UX100;2025 - II
32966903;DEV-101;32966903-DEV101;2025 - II
32966903;NEG-400;32966903-NEG400;2025 - II
32966903;MKT-200;32966903-MKT200;2025 - II
32966903;DAT-305;32966903-DAT305;2025 - I
32971550;IA-300;32971550-IA300;2024 - I
32971550;UX-100;32971550-UX100;2024 - I
32976983;UX-100;32976983-UX100;2025 - II
32976983;IA-400;32976983-IA400;2025 - II
32976983;GEN-101;32976983-GEN101;2025 - I
32986537;NEG-400;32986537-NEG400;2025 - II
32986537;DAT-305;32986537-DAT305;2025 - II
32986537;IA-300;32986537-IA300;2025 - I
32986537;DEV-101;32986537-DEV101;2025 - I
32986537;UX-100;32986537-UX100;2025 - II
32986537;DAT-101;32986537-DAT101;2025 - I
32991581;DAT-101;32991581-DAT101;2024 - II
32991581;MKT-200;32991581-MKT200;2024 - II
32991581;GEN-101;32991581-GEN101;2024 - I
32997790;DAT-201;32997790-DAT201;2025 - II
32997790;IA-400;32997790-IA400;2025 - II
32997790;NEG-400;32997790-NEG400;2025 - II
32997790;GEN-101;32997790-GEN101;2025 - II
32997790;DAT-305;32997790-DAT305;2025 - II
33025091;DAT-201;33025091-DAT201;2024 - I
33025091;IA-300;33025091-IA300;2024 - II
33033916;GEN-101;33033916-GEN101;2024 - II
33033916;DAT-101;33033916-DAT101;2024 - II
33035804;GEN-101;33035804-GEN101;2024 - I
33035804;MKT-200;33035804-MKT200;2024 - I
33037423;IA-300;33037423-IA300;2024 - I
33037423;DEV-101;33037423-DEV101;2024 - II
33043866;NEG-400;33043866-NEG400;2024 - II
33049597;IA-300;33049597-IA300;2024 - I
33049597;MKT-200;33049597-MKT200;2024 - II
33074317;DEV-101;33074317-DEV101;2024 - I
33076159;DAT-201;33076159-DAT201;2024 - II
33076159;IA-300;33076159-IA300;2024 - II
33081027;DAT-201;33081027-DAT201;2024 - II
33081027;MKT-200;33081027-MKT200;2024 - I
33081027;UX-100;33081027-UX100;2024 - I
33081027;DAT-101;33081027-DAT101;2024 - II
33084765;DAT-101;33084765-DAT101;2025 - II
33084765;DEV-101;33084765-DEV101;2025 - I
33084765;DAT-201;33084765-DAT201;2025 - II
33088513;UX-100;33088513-UX100;2025 - II
33088513;DEV-101;33088513-DEV101;2025 - I
33088513;DAT-201;33088513-DAT201;2025 - I
33109769;DAT-201;33109769-DAT201;2024 - II
33109769;IA-300;33109769-IA300;2024 - I
33109769;DEV-101;33109769-DEV101;2024 - II
33112320;NEG-400;33112320-NEG400;2024 - II
33115581;MKT-200;33115581-MKT200;2024 - I
33115581;DAT-201;33115581-DAT201;2024 - I
33127447;GEN-101;33127447-GEN101;2025 - I
33127447;UX-100;33127447-UX100;2025 - I
33127447;NEG-400;33127447-NEG400;2025 - II
33127447;DAT-305;33127447-DAT305;2025 - II
33130984;DAT-101;33130984-DAT101;2024 - I
33130984;DAT-201;33130984-DAT201;2024 - I
33130984;MKT-200;33130984-MKT200;2024 - II
33133815;UX-100;33133815-UX100;2024 - II
33143242;UX-100;33143242-UX100;2025 - II
33143242;IA-300;33143242-IA300;2025 - II
33143242;NEG-400;33143242-NEG400;2025 - II
33143242;DEV-101;33143242-DEV101;2025 - I
33143242;DAT-101;33143242-DAT101;2025 - I
33143242;DAT-305;33143242-DAT305;2025 - II
33143242;IA-400;33143242-IA400;2025 - II
33155313;DEV-101;33155313-DEV101;2024 - I
33155313;NEG-400;33155313-NEG400;2024 - II
33155313;DAT-101;33155313-DAT101;2024 - I
33158030;MKT-200;33158030-MKT200;2024 - II
33175574;DAT-101;33175574-DAT101;2025 - I
33175574;IA-400;33175574-IA400;2025 - I
33175574;IA-300;33175574-IA300;2025 - II
33175574;DEV-101;33175574-DEV101;2025 - II
33179098;DAT-101;33179098-DAT101;2025 - I
33179098;MKT-200;33179098-MKT200;2025 - I
33191684;MKT-200;33191684-MKT200;2025 - II
33191684;IA-400;33191684-IA400;2025 - II
33191684;DEV-101;33191684-DEV101;2025 - II
33193102;GEN-101;33193102-GEN101;2024 - II
33195960;GEN-101;33195960-GEN101;2024 - I
33201122;MKT-200;33201122-MKT200;2025 - II
33201122;DAT-305;33201122-DAT305;2025 - I
33201122;UX-100;33201122-UX100;2025 - II
33201122;IA-300;33201122-IA300;2025 - II
33201122;DAT-101;33201122-DAT101;2025 - I
33212131;MKT-200;33212131-MKT200;2024 - II
33212131;DEV-101;33212131-DEV101;2024 - II
33221169;IA-300;33221169-IA300;2024 - I
33225144;DAT-201;33225144-DAT201;2024 - I
33225144;IA-300;33225144-IA300;2024 - I
33229738;MKT-200;33229738-MKT200;2025 - II
33229738;IA-300;33229738-IA300;2025 - II
33229738;DEV-101;33229738-DEV101;2025 - II
33229738;DAT-201;33229738-DAT201;2025 - II
33229738;NEG-400;33229738-NEG400;2025 - I
33229738;UX-100;33229738-UX100;2025 - II
33229738;GEN-101;33229738-GEN101;2025 - II
33247205;DEV-101;33247205-DEV101;2024 - II
33247205;GEN-101;33247205-GEN101;2024 - I
33247205;UX-100;33247205-UX100;2024 - II
33247205;NEG-400;33247205-NEG400;2024 - II
33247205;DAT-201;33247205-DAT201;2024 - II
33247551;GEN-101;33247551-GEN101;2025 - I
33247551;IA-300;33247551-IA300;2025 - I
33247551;DAT-305;33247551-DAT305;2025 - II
33247551;DAT-101;33247551-DAT101;2025 - II
33247551;DAT-201;33247551-DAT201;2025 - I
33247551;UX-100;33247551-UX100;2025 - I
33259158;UX-100;33259158-UX100;2025 - II
33267106;MKT-200;33267106-MKT200;2024 - I
33276302;GEN-101;33276302-GEN101;2025 - I
33276302;DAT-305;33276302-DAT305;2025 - I
33276302;NEG-400;33276302-NEG400;2025 - I
33276302;UX-100;33276302-UX100;2025 - I
33293475;UX-100;33293475-UX100;2024 - I
33293475;DAT-101;33293475-DAT101;2024 - II
33296162;IA-300;33296162-IA300;2025 - II
33296162;DAT-201;33296162-DAT201;2025 - I
33304657;NEG-400;33304657-NEG400;2025 - II
33304657;IA-400;33304657-IA400;2025 - I
33320861;IA-400;33320861-IA400;2025 - I
33320861;DEV-101;33320861-DEV101;2025 - II
33320861;DAT-305;33320861-DAT305;2025 - II
33320861;UX-100;33320861-UX100;2025 - II
33333250;IA-300;33333250-IA300;2025 - II
33333250;IA-400;33333250-IA400;2025 - II
33338311;DAT-101;33338311-DAT101;2024 - II
33338311;NEG-400;33338311-NEG400;2024 - I
33352008;DAT-101;33352008-DAT101;2024 - I
33353040;DAT-201;33353040-DAT201;2024 - I
33353197;DAT-201;33353197-DAT201;2025 - II
33353197;DAT-305;33353197-DAT305;2025 - I
33353197;NEG-400;33353197-NEG400;2025 - II
33353197;IA-300;33353197-IA300;2025 - II
33362152;DAT-201;33362152-DAT201;2025 - I
33362152;IA-300;33362152-IA300;2025 - I
33362152;NEG-400;33362152-NEG400;2025 - I
33375552;DAT-101;33375552-DAT101;2025 - II
33379578;DAT-101;33379578-DAT101;2025 - II
33379578;NEG-400;33379578-NEG400;2025 - I
33379578;IA-400;33379578-IA400;2025 - I
33379578;DAT-305;33379578-DAT305;2025 - I
33381581;IA-300;33381581-IA300;2025 - I
33381581;GEN-101;33381581-GEN101;2025 - I
33386069;DAT-101;33386069-DAT101;2024 - I
33387615;IA-300;33387615-IA300;2024 - I
33387615;DAT-201;33387615-DAT201;2024 - I
33397920;DEV-101;33397920-DEV101;2025 - II
33397920;GEN-101;33397920-GEN101;2025 - II
33397920;IA-400;33397920-IA400;2025 - II
33397920;IA-300;33397920-IA300;2025 - I
33397920;DAT-101;33397920-DAT101;2025 - II
33397920;DAT-201;33397920-DAT201;2025 - II
33418893;DAT-201;33418893-DAT201;2025 - I
33418893;UX-100;33418893-UX100;2025 - II
33418893;IA-400;33418893-IA400;2025 - I
33418893;DAT-101;33418893-DAT101;2025 - I
33418893;GEN-101;33418893-GEN101;2025 - I
33423546;DAT-201;33423546-DAT201;2024 - II
33423546;UX-100;33423546-UX100;2024 - II
33429749;MKT-200;33429749-MKT200;2024 - II
33429749;DAT-101;33429749-DAT101;2024 - I
33436656;DAT-201;33436656-DAT201;2024 - I
33444595;DAT-101;33444595-DAT101;2024 - I
33444595;DAT-201;33444595-DAT201;2024 - I
33452954;DAT-305;33452954-DAT305;2025 - I
33452954;IA-300;33452954-IA300;2025 - I
33452954;GEN-101;33452954-GEN101;2025 - I
33460388;NEG-400;33460388-NEG400;2024 - II
33460388;GEN-101;33460388-GEN101;2024 - II
33460388;DAT-101;33460388-DAT101;2024 - II
33479160;DAT-305;33479160-DAT305;2025 - I
33479160;DAT-101;33479160-DAT101;2025 - I
33479160;IA-400;33479160-IA400;2025 - II
33488611;UX-100;33488611-UX100;2024 - I
33488611;DAT-201;33488611-DAT201;2024 - II
33488611;DEV-101;33488611-DEV101;2024 - II
33493292;NEG-400;33493292-NEG400;2024 - I
33493292;DEV-101;33493292-DEV101;2024 - II
33493292;UX-100;33493292-UX100;2024 - I
33505185;UX-100;33505185-UX100;2025 - I
33505185;DAT-201;33505185-DAT201;2025 - II
33505185;NEG-400;33505185-NEG400;2025 - II
33506985;DAT-101;33506985-DAT101;2024 - II
33506985;UX-100;33506985-UX100;2024 - I
33506985;GEN-101;33506985-GEN101;2024 - II
33507272;MKT-200;33507272-MKT200;2025 - I
33507272;DEV-101;33507272-DEV101;2025 - II
33507272;IA-400;33507272-IA400;2025 - I
33507272;NEG-400;33507272-NEG400;2025 - II
33511174;GEN-101;33511174-GEN101;2025 - II
33511174;DAT-101;33511174-DAT101;2025 - II
33511174;UX-100;33511174-UX100;2025 - I
33511174;DEV-101;33511174-DEV101;2025 - II
33518284;GEN-101;33518284-GEN101;2025 - II
33518284;DAT-201;33518284-DAT201;2025 - I
33518284;MKT-200;33518284-MKT200;2025 - II
33520255;GEN-101;33520255-GEN101;2025 - II
33520372;DAT-201;33520372-DAT201;2025 - I
33520372;IA-400;33520372-IA400;2025 - I
33520372;DAT-101;33520372-DAT101;2025 - II
33520372;DAT-305;33520372-DAT305;2025 - I
33528686;NEG-400;33528686-NEG400;2025 - II
33541682;DAT-201;33541682-DAT201;2024 - II
33541682;UX-100;33541682-UX100;2024 - I
33541682;IA-300;33541682-IA300;2024 - I
33544470;DAT-101;33544470-DAT101;2024 - II
33545850;DAT-201;33545850-DAT201;2024 - II
33547291;DAT-201;33547291-DAT201;2024 - I
33555444;MKT-200;33555444-MKT200;2024 - II
33556417;IA-300;33556417-IA300;2024 - I
33556417;NEG-400;33556417-NEG400;2024 - I
33566074;DAT-101;33566074-DAT101;2025 - II
33566074;DAT-305;33566074-DAT305;2025 - I
33567445;DEV-101;33567445-DEV101;2024 - II
33567445;NEG-400;33567445-NEG400;2024 - II
33567445;GEN-101;33567445-GEN101;2024 - II
33568791;DAT-305;33568791-DAT305;2025 - I
33568791;GEN-101;33568791-GEN101;2025 - II
33568791;IA-300;33568791-IA300;2025 - I
33582066;DAT-101;33582066-DAT101;2025 - I
33582066;MKT-200;33582066-MKT200;2025 - II
33582066;GEN-101;33582066-GEN101;2025 - II
33594873;NEG-400;33594873-NEG400;2025 - I
33594873;GEN-101;33594873-GEN101;2025 - I
33594873;DAT-201;33594873-DAT201;2025 - I
33594873;IA-300;33594873-IA300;2025 - I
33594873;DEV-101;33594873-DEV101;2025 - I
33594873;DAT-101;33594873-DAT101;2025 - II
33594873;DAT-305;33594873-DAT305;2025 - II
33596181;NEG-400;33596181-NEG400;2025 - II
33596181;MKT-200;33596181-MKT200;2025 - I
33596181;DAT-101;33596181-DAT101;2025 - II
33601032;IA-300;33601032-IA300;2024 - I
33601032;UX-100;33601032-UX100;2024 - I
33601032;NEG-400;33601032-NEG400;2024 - II
33601032;DAT-201;33601032-DAT201;2024 - I
33601032;DAT-101;33601032-DAT101;2024 - II
33610212;IA-400;33610212-IA400;2025 - I
33610212;IA-300;33610212-IA300;2025 - II
33610212;UX-100;33610212-UX100;2025 - II
33614240;DAT-201;33614240-DAT201;2025 - II
33614240;IA-400;33614240-IA400;2025 - I
33614240;DEV-101;33614240-DEV101;2025 - I
33614240;GEN-101;33614240-GEN101;2025 - I
33614240;DAT-101;33614240-DAT101;2025 - II
33614240;IA-300;33614240-IA300;2025 - II
33619676;DEV-101;33619676-DEV101;2024 - II
33619676;DAT-101;33619676-DAT101;2024 - II
33630695;DAT-101;33630695-DAT101;2024 - I
33630695;UX-100;33630695-UX100;2024 - I
33630695;IA-300;33630695-IA300;2024 - I
33641153;UX-100;33641153-UX100;2025 - I
33641153;DEV-101;33641153-DEV101;2025 - II
33641153;IA-300;33641153-IA300;2025 - II
33641153;IA-400;33641153-IA400;2025 - II
33641153;GEN-101;33641153-GEN101;2025 - II
33648177;GEN-101;33648177-GEN101;2024 - II
33649881;UX-100;33649881-UX100;2025 - II
33649881;DAT-201;33649881-DAT201;2025 - I
33663590;UX-100;33663590-UX100;2024 - I
33663590;DEV-101;33663590-DEV101;2024 - I
33663590;DAT-101;33663590-DAT101;2024 - I
33665133;GEN-101;33665133-GEN101;2024 - II
33665133;DAT-201;33665133-DAT201;2024 - I
33665133;DAT-101;33665133-DAT101;2024 - I
33673050;NEG-400;33673050-NEG400;2024 - I
33678309;DEV-101;33678309-DEV101;2024 - II
33678309;UX-100;33678309-UX100;2024 - I
33678309;DAT-201;33678309-DAT201;2024 - II
33683627;DAT-201;33683627-DAT201;2025 - I
33683627;DAT-101;33683627-DAT101;2025 - I
33683627;IA-400;33683627-IA400;2025 - I
33683627;IA-300;33683627-IA300;2025 - I
33688099;GEN-101;33688099-GEN101;2024 - II
33693770;UX-100;33693770-UX100;2024 - II
33693959;NEG-400;33693959-NEG400;2024 - II
33693959;DEV-101;33693959-DEV101;2024 - II
33693959;UX-100;33693959-UX100;2024 - II
33693959;DAT-201;33693959-DAT201;2024 - II
33696189;DEV-101;33696189-DEV101;2024 - II
33696189;GEN-101;33696189-GEN101;2024 - I
33697024;GEN-101;33697024-GEN101;2025 - II
33697024;MKT-200;33697024-MKT200;2025 - I
33698941;MKT-200;33698941-MKT200;2025 - II
33698941;DAT-201;33698941-DAT201;2025 - II
33698941;GEN-101;33698941-GEN101;2025 - I
33698941;IA-300;33698941-IA300;2025 - II
33698941;DAT-101;33698941-DAT101;2025 - II
33698941;IA-400;33698941-IA400;2025 - II
33699765;DAT-101;33699765-DAT101;2024 - II
33699765;UX-100;33699765-UX100;2024 - I
33709759;IA-300;33709759-IA300;2025 - II
33709759;NEG-400;33709759-NEG400;2025 - II
33709759;DAT-305;33709759-DAT305;2025 - II
33714793;NEG-400;33714793-NEG400;2025 - I
33714793;GEN-101;33714793-GEN101;2025 - I
33714793;IA-300;33714793-IA300;2025 - II
33714793;UX-100;33714793-UX100;2025 - II
33714793;IA-400;33714793-IA400;2025 - I
33717161;DAT-305;33717161-DAT305;2025 - I
33717161;MKT-200;33717161-MKT200;2025 - I
33717161;UX-100;33717161-UX100;2025 - II
33717161;DEV-101;33717161-DEV101;2025 - II
33717161;DAT-201;33717161-DAT201;2025 - II
33722791;DEV-101;33722791-DEV101;2024 - II
33722791;UX-100;33722791-UX100;2024 - II
33730130;NEG-400;33730130-NEG400;2024 - I
33730688;IA-300;33730688-IA300;2024 - II
33742338;IA-400;33742338-IA400;2025 - I
33742338;DAT-201;33742338-DAT201;2025 - II
33742338;NEG-400;33742338-NEG400;2025 - II
33742338;DEV-101;33742338-DEV101;2025 - II
33745990;UX-100;33745990-UX100;2025 - I
33745990;DAT-201;33745990-DAT201;2025 - I
33745990;IA-400;33745990-IA400;2025 - II
33745990;GEN-101;33745990-GEN101;2025 - I
33753511;IA-300;33753511-IA300;2024 - I
33753511;UX-100;33753511-UX100;2024 - I
33789545;DAT-201;33789545-DAT201;2024 - I
33789545;IA-300;33789545-IA300;2024 - II
33792064;MKT-200;33792064-MKT200;2025 - II
33792064;DAT-101;33792064-DAT101;2025 - I
33792064;IA-400;33792064-IA400;2025 - II
33800391;MKT-200;33800391-MKT200;2025 - II
33800391;DAT-201;33800391-DAT201;2025 - I
33800391;IA-300;33800391-IA300;2025 - I
33800391;GEN-101;33800391-GEN101;2025 - I
33816707;DAT-305;33816707-DAT305;2025 - II
33816707;DEV-101;33816707-DEV101;2025 - II
33816707;UX-100;33816707-UX100;2025 - II
33816707;DAT-101;33816707-DAT101;2025 - I
33816707;DAT-201;33816707-DAT201;2025 - I
33818954;DAT-201;33818954-DAT201;2025 - II
33818954;DAT-305;33818954-DAT305;2025 - II
33818954;NEG-400;33818954-NEG400;2025 - II
33818954;GEN-101;33818954-GEN101;2025 - II
33818954;DEV-101;33818954-DEV101;2025 - II
33818954;UX-100;33818954-UX100;2025 - II
33822169;GEN-101;33822169-GEN101;2024 - II
33827674;DAT-101;33827674-DAT101;2024 - II
33827674;UX-100;33827674-UX100;2024 - I
33828320;DEV-101;33828320-DEV101;2024 - II
33831924;UX-100;33831924-UX100;2025 - I
33831924;GEN-101;33831924-GEN101;2025 - II
33831924;IA-400;33831924-IA400;2025 - II
33838303;MKT-200;33838303-MKT200;2024 - II
33838303;GEN-101;33838303-GEN101;2024 - I
33846409;DAT-305;33846409-DAT305;2025 - I
33846409;IA-400;33846409-IA400;2025 - II
33846409;DEV-101;33846409-DEV101;2025 - II
33846409;DAT-101;33846409-DAT101;2025 - I
33846409;UX-100;33846409-UX100;2025 - II
33857648;DAT-101;33857648-DAT101;2024 - I
33871049;DAT-101;33871049-DAT101;2024 - II
33878037;IA-300;33878037-IA300;2024 - II
33883514;IA-300;33883514-IA300;2024 - II
33883514;MKT-200;33883514-MKT200;2024 - II
33885760;UX-100;33885760-UX100;2024 - II
33885760;DEV-101;33885760-DEV101;2024 - I
33895965;NEG-400;33895965-NEG400;2025 - I
33895965;UX-100;33895965-UX100;2025 - II
33895965;MKT-200;33895965-MKT200;2025 - I
33895965;DAT-101;33895965-DAT101;2025 - II
33896639;DAT-201;33896639-DAT201;2025 - II
33896639;DAT-101;33896639-DAT101;2025 - I
33896639;DAT-305;33896639-DAT305;2025 - II
33898883;IA-300;33898883-IA300;2024 - II
33910188;MKT-200;33910188-MKT200;2024 - II
33910188;DAT-201;33910188-DAT201;2024 - II
33910188;NEG-400;33910188-NEG400;2024 - I
33914516;DEV-101;33914516-DEV101;2025 - I
33914516;DAT-201;33914516-DAT201;2025 - I
33914516;GEN-101;33914516-GEN101;2025 - II
33916616;UX-100;33916616-UX100;2025 - I
33916616;DAT-101;33916616-DAT101;2025 - II
33916616;IA-400;33916616-IA400;2025 - I
33922912;DEV-101;33922912-DEV101;2024 - I
33948364;DEV-101;33948364-DEV101;2025 - II
33948364;DAT-201;33948364-DAT201;2025 - II
33952849;DAT-201;33952849-DAT201;2024 - I
33957369;DAT-201;33957369-DAT201;2024 - I
33957369;IA-300;33957369-IA300;2024 - II
33957369;GEN-101;33957369-GEN101;2024 - II
33957369;DEV-101;33957369-DEV101;2024 - II
33962182;GEN-101;33962182-GEN101;2025 - I
33964267;MKT-200;33964267-MKT200;2024 - II
33984071;DAT-305;33984071-DAT305;2025 - II
33984071;GEN-101;33984071-GEN101;2025 - II
33984071;DAT-101;33984071-DAT101;2025 - II
33984071;IA-400;33984071-IA400;2025 - II
33984071;UX-100;33984071-UX100;2025 - II
33984071;MKT-200;33984071-MKT200;2025 - I
33988348;NEG-400;33988348-NEG400;2024 - I
33988348;IA-300;33988348-IA300;2024 - II
34007375;UX-100;34007375-UX100;2024 - II
34011987;MKT-200;34011987-MKT200;2024 - I
34027014;NEG-400;34027014-NEG400;2024 - II
34033433;IA-300;34033433-IA300;2024 - II
34033433;NEG-400;34033433-NEG400;2024 - I
34039776;NEG-400;34039776-NEG400;2024 - I
34044850;NEG-400;34044850-NEG400;2025 - I
34057124;NEG-400;34057124-NEG400;2025 - I
34057124;MKT-200;34057124-MKT200;2025 - I
34057124;DAT-101;34057124-DAT101;2025 - II
34057124;UX-100;34057124-UX100;2025 - I
34057124;IA-400;34057124-IA400;2025 - II
34057124;IA-300;34057124-IA300;2025 - II
34059848;DAT-201;34059848-DAT201;2024 - I
34070539;MKT-200;34070539-MKT200;2024 - II
34070539;GEN-101;34070539-GEN101;2024 - I
34070539;DEV-101;34070539-DEV101;2024 - II
34077479;GEN-101;34077479-GEN101;2024 - I
34077479;DAT-201;34077479-DAT201;2024 - I
34077479;UX-100;34077479-UX100;2024 - II
34078388;MKT-200;34078388-MKT200;2024 - I
34081471;DAT-101;34081471-DAT101;2024 - I
34081471;UX-100;34081471-UX100;2024 - I
34081471;NEG-400;34081471-NEG400;2024 - II
34089245;IA-300;34089245-IA300;2025 - II
34089245;IA-400;34089245-IA400;2025 - I
34089245;DAT-305;34089245-DAT305;2025 - I
34089245;NEG-400;34089245-NEG400;2025 - I
34092604;IA-300;34092604-IA300;2024 - I
34092604;GEN-101;34092604-GEN101;2024 - I
34108557;IA-400;34108557-IA400;2025 - I
34108557;DAT-101;34108557-DAT101;2025 - II
34108557;UX-100;34108557-UX100;2025 - II
34108557;GEN-101;34108557-GEN101;2025 - I
34130452;MKT-200;34130452-MKT200;2024 - II
34130787;DEV-101;34130787-DEV101;2025 - II
34130787;MKT-200;34130787-MKT200;2025 - I
34130787;GEN-101;34130787-GEN101;2025 - II
34130787;NEG-400;34130787-NEG400;2025 - I
34130787;UX-100;34130787-UX100;2025 - I
34146531;UX-100;34146531-UX100;2024 - II
34146531;IA-300;34146531-IA300;2024 - I
34146531;DEV-101;34146531-DEV101;2024 - II
34148661;DAT-201;34148661-DAT201;2025 - II
34148661;DEV-101;34148661-DEV101;2025 - II
34148661;IA-300;34148661-IA300;2025 - I
34148661;GEN-101;34148661-GEN101;2025 - II
34148661;DAT-101;34148661-DAT101;2025 - I
34151433;DEV-101;34151433-DEV101;2025 - I
34151433;NEG-400;34151433-NEG400;2025 - II
34151433;DAT-201;34151433-DAT201;2025 - I
34161904;DAT-101;34161904-DAT101;2024 - II
34161904;GEN-101;34161904-GEN101;2024 - II
34166651;DEV-101;34166651-DEV101;2024 - I
34166651;NEG-400;34166651-NEG400;2024 - II
34197558;DEV-101;34197558-DEV101;2025 - I
34197558;IA-400;34197558-IA400;2025 - I
34198627;IA-300;34198627-IA300;2024 - II
34207249;UX-100;34207249-UX100;2024 - II
34207249;IA-300;34207249-IA300;2024 - II
34209869;IA-300;34209869-IA300;2024 - I
34209869;UX-100;34209869-UX100;2024 - I
34209869;DEV-101;34209869-DEV101;2024 - II
34211417;GEN-101;34211417-GEN101;2024 - I
34211417;DEV-101;34211417-DEV101;2024 - I
34218122;UX-100;34218122-UX100;2024 - II
34218122;DAT-101;34218122-DAT101;2024 - II
34219114;GEN-101;34219114-GEN101;2025 - II
34219114;NEG-400;34219114-NEG400;2025 - II
34223113;IA-400;34223113-IA400;2025 - I
34223113;NEG-400;34223113-NEG400;2025 - II
34223113;DAT-101;34223113-DAT101;2025 - I
34223113;IA-300;34223113-IA300;2025 - I
34223113;GEN-101;34223113-GEN101;2025 - II
34250668;MKT-200;34250668-MKT200;2024 - I
34250668;DEV-101;34250668-DEV101;2024 - I
34250668;GEN-101;34250668-GEN101;2024 - II
34255143;DEV-101;34255143-DEV101;2024 - I
34265698;MKT-200;34265698-MKT200;2024 - I
34288472;DAT-201;34288472-DAT201;2025 - I
34288472;MKT-200;34288472-MKT200;2025 - II
34288472;NEG-400;34288472-NEG400;2025 - II
34288472;IA-300;34288472-IA300;2025 - II
34288472;DAT-305;34288472-DAT305;2025 - II
34290854;GEN-101;34290854-GEN101;2025 - II
34290854;IA-300;34290854-IA300;2025 - I
34294158;GEN-101;34294158-GEN101;2025 - II
34294158;UX-100;34294158-UX100;2025 - I
34294158;NEG-400;34294158-NEG400;2025 - I
34294158;IA-400;34294158-IA400;2025 - I
34294158;DAT-201;34294158-DAT201;2025 - II
34294158;DAT-101;34294158-DAT101;2025 - II
34299183;NEG-400;34299183-NEG400;2025 - II
34299183;DAT-101;34299183-DAT101;2025 - II
34316765;GEN-101;34316765-GEN101;2025 - I
34316765;DAT-305;34316765-DAT305;2025 - I
34316765;NEG-400;34316765-NEG400;2025 - I
34316765;IA-300;34316765-IA300;2025 - II
34318077;DAT-101;34318077-DAT101;2025 - I
34318077;IA-400;34318077-IA400;2025 - II
34341037;IA-400;34341037-IA400;2025 - I
34341037;IA-300;34341037-IA300;2025 - I
34341037;UX-100;34341037-UX100;2025 - II
34341037;MKT-200;34341037-MKT200;2025 - II
34341037;GEN-101;34341037-GEN101;2025 - I
34343190;DEV-101;34343190-DEV101;2025 - II
34343190;DAT-201;34343190-DAT201;2025 - II
34343190;IA-300;34343190-IA300;2025 - I
34343777;NEG-400;34343777-NEG400;2024 - I
34353357;DEV-101;34353357-DEV101;2025 - I
34353357;NEG-400;34353357-NEG400;2025 - I
34353357;IA-300;34353357-IA300;2025 - II
34353357;DAT-305;34353357-DAT305;2025 - I
34353357;MKT-200;34353357-MKT200;2025 - I
34355144;UX-100;34355144-UX100;2025 - I
34355689;DAT-305;34355689-DAT305;2025 - II
34355689;DEV-101;34355689-DEV101;2025 - II
34355689;GEN-101;34355689-GEN101;2025 - I
34355689;NEG-400;34355689-NEG400;2025 - II
34355689;DAT-201;34355689-DAT201;2025 - I
34356341;DAT-305;34356341-DAT305;2025 - I
34356341;IA-400;34356341-IA400;2025 - I
34356381;UX-100;34356381-UX100;2024 - I
34363040;DAT-201;34363040-DAT201;2024 - I
34364066;NEG-400;34364066-NEG400;2025 - I
34364066;MKT-200;34364066-MKT200;2025 - I
34364066;IA-300;34364066-IA300;2025 - II
34364066;GEN-101;34364066-GEN101;2025 - I
34365303;DAT-201;34365303-DAT201;2024 - II
34365303;GEN-101;34365303-GEN101;2024 - I
34401288;DEV-101;34401288-DEV101;2025 - I
34401288;DAT-305;34401288-DAT305;2025 - I
34401288;MKT-200;34401288-MKT200;2025 - II
34401288;DAT-101;34401288-DAT101;2025 - I
34401288;IA-400;34401288-IA400;2025 - II
34411929;DAT-305;34411929-DAT305;2025 - I
34411929;DAT-101;34411929-DAT101;2025 - II
34411929;IA-300;34411929-IA300;2025 - II
34432017;GEN-101;34432017-GEN101;2025 - I
34432017;IA-400;34432017-IA400;2025 - II
34441439;GEN-101;34441439-GEN101;2025 - I
34441439;DEV-101;34441439-DEV101;2025 - II
34443405;MKT-200;34443405-MKT200;2024 - I
34446593;NEG-400;34446593-NEG400;2024 - I
34446593;UX-100;34446593-UX100;2024 - II
34446593;GEN-101;34446593-GEN101;2024 - II
34446896;DAT-305;34446896-DAT305;2025 - II
34446896;NEG-400;34446896-NEG400;2025 - II
34447081;DAT-101;34447081-DAT101;2024 - II
34452113;DAT-101;34452113-DAT101;2024 - II
34452113;NEG-400;34452113-NEG400;2024 - II
34457031;IA-300;34457031-IA300;2024 - II
34457031;GEN-101;34457031-GEN101;2024 - II
34471842;NEG-400;34471842-NEG400;2024 - I
34471842;GEN-101;34471842-GEN101;2024 - II
34485777;GEN-101;34485777-GEN101;2024 - II
34486034;IA-400;34486034-IA400;2025 - II
34486034;MKT-200;34486034-MKT200;2025 - I
34486034;UX-100;34486034-UX100;2025 - I
34494885;GEN-101;34494885-GEN101;2024 - I
34498415;DAT-101;34498415-DAT101;2025 - I
34498415;UX-100;34498415-UX100;2025 - I
34501518;MKT-200;34501518-MKT200;2025 - II
34501518;DAT-201;34501518-DAT201;2025 - II
34508314;NEG-400;34508314-NEG400;2024 - I
34508314;IA-300;34508314-IA300;2024 - I
34508314;GEN-101;34508314-GEN101;2024 - I
34508314;UX-100;34508314-UX100;2024 - I
34508579;DEV-101;34508579-DEV101;2025 - II
34508579;IA-300;34508579-IA300;2025 - II
34508579;DAT-101;34508579-DAT101;2025 - II
34508579;IA-400;34508579-IA400;2025 - I
34508579;GEN-101;34508579-GEN101;2025 - I
34529542;DAT-201;34529542-DAT201;2024 - II
34529542;NEG-400;34529542-NEG400;2024 - II
34529542;UX-100;34529542-UX100;2024 - II
34529542;IA-300;34529542-IA300;2024 - II
34529542;DAT-101;34529542-DAT101;2024 - I
34531843;GEN-101;34531843-GEN101;2025 - II
34531843;NEG-400;34531843-NEG400;2025 - II
34531843;IA-400;34531843-IA400;2025 - I
34543225;IA-300;34543225-IA300;2024 - II
34554550;IA-300;34554550-IA300;2024 - II
34554870;GEN-101;34554870-GEN101;2024 - II
34567608;DEV-101;34567608-DEV101;2024 - I
34567608;DAT-101;34567608-DAT101;2024 - II
34572098;GEN-101;34572098-GEN101;2024 - II
34577564;DAT-101;34577564-DAT101;2025 - I
34577564;UX-100;34577564-UX100;2025 - I
34577564;DAT-305;34577564-DAT305;2025 - II
34577564;NEG-400;34577564-NEG400;2025 - II
34615409;DAT-305;34615409-DAT305;2025 - I
34615409;DAT-101;34615409-DAT101;2025 - I
34617592;NEG-400;34617592-NEG400;2024 - II
34617592;MKT-200;34617592-MKT200;2024 - I
34617592;DAT-101;34617592-DAT101;2024 - II
34627342;IA-300;34627342-IA300;2025 - I
34627342;DAT-101;34627342-DAT101;2025 - II
34627342;MKT-200;34627342-MKT200;2025 - I
34627342;NEG-400;34627342-NEG400;2025 - II
34627342;DAT-201;34627342-DAT201;2025 - II
34631318;GEN-101;34631318-GEN101;2024 - II
34631318;DEV-101;34631318-DEV101;2024 - I
34631318;DAT-201;34631318-DAT201;2024 - II
34631318;MKT-200;34631318-MKT200;2024 - I
34631520;IA-400;34631520-IA400;2025 - II
34631520;UX-100;34631520-UX100;2025 - II
34631520;DAT-305;34631520-DAT305;2025 - II
34635361;DAT-201;34635361-DAT201;2024 - I
34635361;MKT-200;34635361-MKT200;2024 - I
34635361;NEG-400;34635361-NEG400;2024 - I
34635361;DAT-101;34635361-DAT101;2024 - II
34636803;GEN-101;34636803-GEN101;2024 - I
34636803;DAT-201;34636803-DAT201;2024 - II
34636803;IA-300;34636803-IA300;2024 - I
34636803;MKT-200;34636803-MKT200;2024 - I
34641008;DAT-101;34641008-DAT101;2024 - II
34647475;MKT-200;34647475-MKT200;2025 - II
34647475;IA-400;34647475-IA400;2025 - I
34647475;DAT-201;34647475-DAT201;2025 - II
34648956;NEG-400;34648956-NEG400;2025 - I
34648956;DAT-305;34648956-DAT305;2025 - II
34648956;DEV-101;34648956-DEV101;2025 - II
34648956;GEN-101;34648956-GEN101;2025 - I
34657279;MKT-200;34657279-MKT200;2024 - II
34657279;DAT-201;34657279-DAT201;2024 - I
34661132;IA-300;34661132-IA300;2025 - II
34661132;DAT-201;34661132-DAT201;2025 - II
34661132;DAT-305;34661132-DAT305;2025 - I
34661132;DAT-101;34661132-DAT101;2025 - I
34666804;GEN-101;34666804-GEN101;2024 - II
34687649;DEV-101;34687649-DEV101;2024 - II
34696467;DAT-101;34696467-DAT101;2025 - II
34696467;NEG-400;34696467-NEG400;2025 - II
34696467;IA-300;34696467-IA300;2025 - I
34696467;DEV-101;34696467-DEV101;2025 - II
34696467;UX-100;34696467-UX100;2025 - I
34702143;DAT-201;34702143-DAT201;2025 - II
34702143;DEV-101;34702143-DEV101;2025 - I
34702143;IA-300;34702143-IA300;2025 - II
34704174;DEV-101;34704174-DEV101;2024 - II
34704174;IA-300;34704174-IA300;2024 - II
34705463;DAT-201;34705463-DAT201;2025 - I
34705463;DAT-101;34705463-DAT101;2025 - II
34705463;DAT-305;34705463-DAT305;2025 - I
34705463;MKT-200;34705463-MKT200;2025 - I
34711560;DEV-101;34711560-DEV101;2024 - I
34711560;DAT-201;34711560-DAT201;2024 - I
34715773;DAT-201;34715773-DAT201;2024 - II
34715773;DEV-101;34715773-DEV101;2024 - I
34724187;GEN-101;34724187-GEN101;2024 - II
34724187;DAT-101;34724187-DAT101;2024 - II
34728997;NEG-400;34728997-NEG400;2024 - II
34729179;GEN-101;34729179-GEN101;2025 - I
34729179;IA-400;34729179-IA400;2025 - II
34729179;IA-300;34729179-IA300;2025 - I
34731502;DAT-101;34731502-DAT101;2024 - II
34731502;MKT-200;34731502-MKT200;2024 - I
34731502;IA-300;34731502-IA300;2024 - II
34731502;DEV-101;34731502-DEV101;2024 - II
34743406;DAT-305;34743406-DAT305;2025 - I
34743406;IA-400;34743406-IA400;2025 - II
34743897;NEG-400;34743897-NEG400;2025 - II
34743897;DAT-305;34743897-DAT305;2025 - I
34743897;IA-300;34743897-IA300;2025 - I
34743897;MKT-200;34743897-MKT200;2025 - II
34743897;DEV-101;34743897-DEV101;2025 - II
34743897;DAT-101;34743897-DAT101;2025 - I
34758464;IA-300;34758464-IA300;2024 - II
34758464;NEG-400;34758464-NEG400;2024 - I
34758464;MKT-200;34758464-MKT200;2024 - II
34758464;GEN-101;34758464-GEN101;2024 - I
34759191;NEG-400;34759191-NEG400;2024 - I
34759191;MKT-200;34759191-MKT200;2024 - II
34759191;DEV-101;34759191-DEV101;2024 - II
34759191;DAT-101;34759191-DAT101;2024 - II
34761805;NEG-400;34761805-NEG400;2024 - II
34761805;DAT-201;34761805-DAT201;2024 - II
34761805;DEV-101;34761805-DEV101;2024 - II
34764302;DAT-305;34764302-DAT305;2025 - I
34764302;DAT-201;34764302-DAT201;2025 - II
34764302;GEN-101;34764302-GEN101;2025 - II
34764302;IA-400;34764302-IA400;2025 - II
34785335;MKT-200;34785335-MKT200;2025 - I
34785335;DAT-101;34785335-DAT101;2025 - I
34785335;DEV-101;34785335-DEV101;2025 - II
34785335;DAT-305;34785335-DAT305;2025 - I
34793173;IA-400;34793173-IA400;2025 - II
34793173;DAT-201;34793173-DAT201;2025 - I
34801591;GEN-101;34801591-GEN101;2024 - I
34801591;MKT-200;34801591-MKT200;2024 - II
34814097;DAT-305;34814097-DAT305;2025 - I
34814097;IA-400;34814097-IA400;2025 - I
34832335;DEV-101;34832335-DEV101;2025 - I
34832335;MKT-200;34832335-MKT200;2025 - I
34832335;IA-400;34832335-IA400;2025 - I
34832335;DAT-305;34832335-DAT305;2025 - II
34832335;DAT-101;34832335-DAT101;2025 - II
34839561;IA-300;34839561-IA300;2024 - I
34839561;MKT-200;34839561-MKT200;2024 - II
34841664;GEN-101;34841664-GEN101;2025 - II
34841664;DEV-101;34841664-DEV101;2025 - I
34841664;UX-100;34841664-UX100;2025 - II
34844319;UX-100;34844319-UX100;2024 - II
34845546;DAT-101;34845546-DAT101;2024 - I
34845546;DAT-201;34845546-DAT201;2024 - I
34850065;DEV-101;34850065-DEV101;2024 - II
34850967;DAT-201;34850967-DAT201;2025 - II
34858008;DAT-201;34858008-DAT201;2025 - I
34858008;MKT-200;34858008-MKT200;2025 - I
34858008;DEV-101;34858008-DEV101;2025 - II
34864189;DEV-101;34864189-DEV101;2024 - II
34864189;NEG-400;34864189-NEG400;2024 - II
34864189;GEN-101;34864189-GEN101;2024 - I
34864189;IA-300;34864189-IA300;2024 - I
34869838;IA-400;34869838-IA400;2025 - II
34869838;DAT-201;34869838-DAT201;2025 - I
34869838;DEV-101;34869838-DEV101;2025 - I
34869838;MKT-200;34869838-MKT200;2025 - I
34873483;GEN-101;34873483-GEN101;2025 - II
34873483;IA-400;34873483-IA400;2025 - I
34873483;DAT-101;34873483-DAT101;2025 - II
34873483;IA-300;34873483-IA300;2025 - I
34883029;UX-100;34883029-UX100;2025 - I
34883029;DAT-101;34883029-DAT101;2025 - I
34883029;NEG-400;34883029-NEG400;2025 - II
34883029;DAT-305;34883029-DAT305;2025 - I
34883029;IA-400;34883029-IA400;2025 - II
34883029;DEV-101;34883029-DEV101;2025 - II
34887945;DAT-305;34887945-DAT305;2025 - II
34887945;MKT-200;34887945-MKT200;2025 - I
34888999;MKT-200;34888999-MKT200;2025 - II
34888999;UX-100;34888999-UX100;2025 - I
34888999;IA-300;34888999-IA300;2025 - I
34888999;DAT-101;34888999-DAT101;2025 - II
34888999;GEN-101;34888999-GEN101;2025 - II
34896530;DAT-305;34896530-DAT305;2025 - I
34896530;MKT-200;34896530-MKT200;2025 - I
34896530;GEN-101;34896530-GEN101;2025 - II
34912303;NEG-400;34912303-NEG400;2024 - I
34919210;DAT-305;34919210-DAT305;2025 - I
34919210;UX-100;34919210-UX100;2025 - I
34923335;UX-100;34923335-UX100;2025 - II
34923335;NEG-400;34923335-NEG400;2025 - I
34923335;DEV-101;34923335-DEV101;2025 - I
34933089;MKT-200;34933089-MKT200;2024 - II
34933614;UX-100;34933614-UX100;2025 - I
34933614;IA-400;34933614-IA400;2025 - I
34933614;NEG-400;34933614-NEG400;2025 - I
34933614;IA-300;34933614-IA300;2025 - II
34935270;MKT-200;34935270-MKT200;2025 - I
34935270;IA-300;34935270-IA300;2025 - I
34939319;DAT-201;34939319-DAT201;2024 - I
34944058;NEG-400;34944058-NEG400;2025 - I
34944058;DAT-201;34944058-DAT201;2025 - I
34971595;IA-300;34971595-IA300;2024 - I
34977085;IA-400;34977085-IA400;2025 - II
34977085;DAT-201;34977085-DAT201;2025 - I
34987487;DEV-101;34987487-DEV101;2025 - II
34987487;DAT-305;34987487-DAT305;2025 - I
34987487;IA-300;34987487-IA300;2025 - I
34989772;GEN-101;34989772-GEN101;2024 - II
34998039;NEG-400;34998039-NEG400;2024 - II
34998039;IA-300;34998039-IA300;2024 - I
34998039;DAT-101;34998039-DAT101;2024 - II
35023742;GEN-101;35023742-GEN101;2024 - II
35023742;DAT-101;35023742-DAT101;2024 - I
35023742;DEV-101;35023742-DEV101;2024 - II
35031297;DEV-101;35031297-DEV101;2024 - II
35031297;NEG-400;35031297-NEG400;2024 - II
35033683;DAT-305;35033683-DAT305;2025 - II
35033683;NEG-400;35033683-NEG400;2025 - II
35038799;DEV-101;35038799-DEV101;2025 - I
35038799;DAT-101;35038799-DAT101;2025 - I
35049197;DAT-201;35049197-DAT201;2024 - I
35054932;UX-100;35054932-UX100;2025 - II
35054932;DAT-201;35054932-DAT201;2025 - I
35054932;GEN-101;35054932-GEN101;2025 - I
35054932;IA-300;35054932-IA300;2025 - II
35054932;IA-400;35054932-IA400;2025 - II
35061213;IA-300;35061213-IA300;2024 - II
35061213;DAT-201;35061213-DAT201;2024 - II
35069582;UX-100;35069582-UX100;2025 - II
35069582;IA-300;35069582-IA300;2025 - II
35069582;MKT-200;35069582-MKT200;2025 - I
35069582;DEV-101;35069582-DEV101;2025 - II
35077928;IA-400;35077928-IA400;2025 - I
35077928;DAT-305;35077928-DAT305;2025 - I
35077928;MKT-200;35077928-MKT200;2025 - II
35077928;DEV-101;35077928-DEV101;2025 - II
35077928;GEN-101;35077928-GEN101;2025 - I
35077928;UX-100;35077928-UX100;2025 - II
35081927;GEN-101;35081927-GEN101;2024 - II
35081927;DAT-201;35081927-DAT201;2024 - I
35111521;MKT-200;35111521-MKT200;2024 - I
35111521;DAT-101;35111521-DAT101;2024 - II
35111521;NEG-400;35111521-NEG400;2024 - II
35115152;UX-100;35115152-UX100;2025 - I
35115152;MKT-200;35115152-MKT200;2025 - I
35115152;DAT-101;35115152-DAT101;2025 - I
35115152;IA-300;35115152-IA300;2025 - II
35115152;DEV-101;35115152-DEV101;2025 - I
35115152;DAT-201;35115152-DAT201;2025 - I
35129843;DAT-101;35129843-DAT101;2025 - I
35129843;NEG-400;35129843-NEG400;2025 - I
35133995;DAT-201;35133995-DAT201;2025 - II
35133995;IA-300;35133995-IA300;2025 - II
35133995;IA-400;35133995-IA400;2025 - II
35147199;NEG-400;35147199-NEG400;2025 - I
35147199;UX-100;35147199-UX100;2025 - II
35147199;DAT-201;35147199-DAT201;2025 - I
35155411;DAT-201;35155411-DAT201;2024 - I
35155914;GEN-101;35155914-GEN101;2024 - II
35155914;NEG-400;35155914-NEG400;2024 - I
35155914;MKT-200;35155914-MKT200;2024 - II
35188238;MKT-200;35188238-MKT200;2024 - I
35188238;NEG-400;35188238-NEG400;2024 - II
35188238;UX-100;35188238-UX100;2024 - I
35196112;GEN-101;35196112-GEN101;2024 - II
35196112;DEV-101;35196112-DEV101;2024 - I
35196112;NEG-400;35196112-NEG400;2024 - II
35199789;DAT-305;35199789-DAT305;2025 - II
35199789;GEN-101;35199789-GEN101;2025 - II
35199789;DEV-101;35199789-DEV101;2025 - I
35199789;UX-100;35199789-UX100;2025 - I
35199789;IA-400;35199789-IA400;2025 - II
35199789;NEG-400;35199789-NEG400;2025 - I
35207049;DEV-101;35207049-DEV101;2025 - II
35207049;MKT-200;35207049-MKT200;2025 - II
35207049;IA-400;35207049-IA400;2025 - II
35207049;UX-100;35207049-UX100;2025 - I
35212815;IA-300;35212815-IA300;2024 - I
35213115;DAT-101;35213115-DAT101;2024 - II
35218002;MKT-200;35218002-MKT200;2025 - II
35218002;IA-400;35218002-IA400;2025 - II
35218002;DAT-201;35218002-DAT201;2025 - I
35218002;UX-100;35218002-UX100;2025 - II
35218002;GEN-101;35218002-GEN101;2025 - II
35242773;NEG-400;35242773-NEG400;2024 - II
35267675;GEN-101;35267675-GEN101;2025 - I
35267675;DEV-101;35267675-DEV101;2025 - II
35276014;NEG-400;35276014-NEG400;2025 - I
35276014;MKT-200;35276014-MKT200;2025 - II
35278293;DEV-101;35278293-DEV101;2024 - II
35281520;NEG-400;35281520-NEG400;2024 - II
35281520;DAT-101;35281520-DAT101;2024 - II
35282987;IA-300;35282987-IA300;2024 - I
35284612;NEG-400;35284612-NEG400;2025 - II
35284612;DAT-201;35284612-DAT201;2025 - II
35284612;DEV-101;35284612-DEV101;2025 - I
35284612;UX-100;35284612-UX100;2025 - II
35294128;IA-300;35294128-IA300;2025 - I
35297114;DAT-201;35297114-DAT201;2024 - II
35297114;MKT-200;35297114-MKT200;2024 - II
35303961;IA-300;35303961-IA300;2025 - II
35310111;UX-100;35310111-UX100;2025 - II
35310111;DAT-305;35310111-DAT305;2025 - I
35310111;NEG-400;35310111-NEG400;2025 - II
35310111;IA-400;35310111-IA400;2025 - II
35316729;UX-100;35316729-UX100;2024 - I
35316729;MKT-200;35316729-MKT200;2024 - I
35320655;DAT-201;35320655-DAT201;2024 - I
35325959;MKT-200;35325959-MKT200;2024 - I
35325959;UX-100;35325959-UX100;2024 - I
35325959;IA-300;35325959-IA300;2024 - I
35325959;DEV-101;35325959-DEV101;2024 - II
35330350;NEG-400;35330350-NEG400;2025 - II
35330350;DAT-201;35330350-DAT201;2025 - II
35345987;DAT-101;35345987-DAT101;2024 - II
35345987;DAT-201;35345987-DAT201;2024 - II
35376871;NEG-400;35376871-NEG400;2024 - I
35376871;MKT-200;35376871-MKT200;2024 - I
35383408;DAT-101;35383408-DAT101;2025 - II
35383408;NEG-400;35383408-NEG400;2025 - I
35383408;MKT-200;35383408-MKT200;2025 - II
35383408;IA-400;35383408-IA400;2025 - I
35385278;DAT-201;35385278-DAT201;2025 - II
35385278;UX-100;35385278-UX100;2025 - I
35385278;GEN-101;35385278-GEN101;2025 - I
35385278;MKT-200;35385278-MKT200;2025 - II
35388639;GEN-101;35388639-GEN101;2024 - II
35407054;MKT-200;35407054-MKT200;2025 - I
35407054;IA-300;35407054-IA300;2025 - II
35407054;DEV-101;35407054-DEV101;2025 - II
35407054;DAT-305;35407054-DAT305;2025 - II
35407054;IA-400;35407054-IA400;2025 - II
35409911;DEV-101;35409911-DEV101;2024 - II
35409911;UX-100;35409911-UX100;2024 - II
35409911;NEG-400;35409911-NEG400;2024 - II
35409911;IA-300;35409911-IA300;2024 - I
35410565;NEG-400;35410565-NEG400;2025 - I
35410565;IA-400;35410565-IA400;2025 - II
35410565;UX-100;35410565-UX100;2025 - I
35412606;IA-300;35412606-IA300;2024 - II
35415212;NEG-400;35415212-NEG400;2025 - I
35415212;DEV-101;35415212-DEV101;2025 - II
35415212;MKT-200;35415212-MKT200;2025 - II
35419862;NEG-400;35419862-NEG400;2025 - I
35419862;DAT-305;35419862-DAT305;2025 - II
35419862;MKT-200;35419862-MKT200;2025 - II
35419862;DAT-101;35419862-DAT101;2025 - II
35419862;IA-400;35419862-IA400;2025 - II
35420584;DAT-201;35420584-DAT201;2024 - II
35420584;UX-100;35420584-UX100;2024 - II
35420584;IA-300;35420584-IA300;2024 - I
35425422;UX-100;35425422-UX100;2025 - I
35425422;DEV-101;35425422-DEV101;2025 - II
35437650;DAT-201;35437650-DAT201;2024 - I
35437650;NEG-400;35437650-NEG400;2024 - II
35437650;DEV-101;35437650-DEV101;2024 - I
35440459;DAT-101;35440459-DAT101;2024 - I
35449166;NEG-400;35449166-NEG400;2024 - II
35449166;GEN-101;35449166-GEN101;2024 - II
35449166;MKT-200;35449166-MKT200;2024 - I
35449166;DAT-201;35449166-DAT201;2024 - II
35450908;DAT-101;35450908-DAT101;2025 - II
35450908;IA-400;35450908-IA400;2025 - I
35450908;UX-100;35450908-UX100;2025 - I
35450908;GEN-101;35450908-GEN101;2025 - II
35450908;IA-300;35450908-IA300;2025 - I
35457839;MKT-200;35457839-MKT200;2025 - II
35457839;DEV-101;35457839-DEV101;2025 - II
35468094;IA-300;35468094-IA300;2024 - I
35468094;DEV-101;35468094-DEV101;2024 - II
35470566;DEV-101;35470566-DEV101;2025 - II
35470566;UX-100;35470566-UX100;2025 - II
35470566;NEG-400;35470566-NEG400;2025 - II
35470566;MKT-200;35470566-MKT200;2025 - II
35471829;DEV-101;35471829-DEV101;2024 - I
35476879;DAT-201;35476879-DAT201;2025 - II
35476879;GEN-101;35476879-GEN101;2025 - I
35476879;UX-100;35476879-UX100;2025 - I
35486815;DEV-101;35486815-DEV101;2025 - II
35486815;IA-400;35486815-IA400;2025 - I
35486815;DAT-101;35486815-DAT101;2025 - II
35486815;MKT-200;35486815-MKT200;2025 - I
35501443;DEV-101;35501443-DEV101;2024 - I
35501443;UX-100;35501443-UX100;2024 - I
35501443;DAT-101;35501443-DAT101;2024 - II
35509748;DAT-201;35509748-DAT201;2025 - II
35509748;IA-400;35509748-IA400;2025 - I
35511517;GEN-101;35511517-GEN101;2024 - II
35515194;DAT-101;35515194-DAT101;2024 - I
35517461;NEG-400;35517461-NEG400;2024 - II
35517472;DAT-201;35517472-DAT201;2024 - I
35517472;IA-300;35517472-IA300;2024 - II
35524090;MKT-200;35524090-MKT200;2024 - I
35524090;DAT-201;35524090-DAT201;2024 - I
35532629;DAT-201;35532629-DAT201;2025 - II
35532629;MKT-200;35532629-MKT200;2025 - II
35532629;DAT-101;35532629-DAT101;2025 - I
35543489;IA-300;35543489-IA300;2024 - II
35543489;DAT-101;35543489-DAT101;2024 - I
35543489;UX-100;35543489-UX100;2024 - I
35552454;DAT-101;35552454-DAT101;2024 - II
35563087;MKT-200;35563087-MKT200;2025 - I
35563087;DEV-101;35563087-DEV101;2025 - II
35565985;DAT-201;35565985-DAT201;2024 - II
35569822;MKT-200;35569822-MKT200;2024 - I
35569822;DAT-201;35569822-DAT201;2024 - II
35569822;NEG-400;35569822-NEG400;2024 - II
35572715;UX-100;35572715-UX100;2025 - II
35574653;DAT-201;35574653-DAT201;2025 - II
35574653;GEN-101;35574653-GEN101;2025 - I
35579453;MKT-200;35579453-MKT200;2024 - II
35579453;DAT-201;35579453-DAT201;2024 - I
35580984;DAT-305;35580984-DAT305;2025 - I
35580984;DAT-201;35580984-DAT201;2025 - II
35580984;DEV-101;35580984-DEV101;2025 - I
35580984;MKT-200;35580984-MKT200;2025 - II
35580984;NEG-400;35580984-NEG400;2025 - I
35589315;DEV-101;35589315-DEV101;2024 - I
35589315;IA-300;35589315-IA300;2024 - II
35589315;GEN-101;35589315-GEN101;2024 - II
35589315;UX-100;35589315-UX100;2024 - II
35589315;DAT-201;35589315-DAT201;2024 - I
35598065;DAT-305;35598065-DAT305;2025 - II
35598065;DEV-101;35598065-DEV101;2025 - II
35598228;MKT-200;35598228-MKT200;2024 - I
35605561;DEV-101;35605561-DEV101;2024 - II
35608376;DAT-101;35608376-DAT101;2025 - I
35608376;DAT-201;35608376-DAT201;2025 - I
35608376;DEV-101;35608376-DEV101;2025 - I
35608376;UX-100;35608376-UX100;2025 - I
35608376;MKT-200;35608376-MKT200;2025 - II
35608376;DAT-305;35608376-DAT305;2025 - II
35608376;NEG-400;35608376-NEG400;2025 - II
35608376;GEN-101;35608376-GEN101;2025 - II
35620137;DEV-101;35620137-DEV101;2024 - I
35620137;IA-300;35620137-IA300;2024 - I
35620137;NEG-400;35620137-NEG400;2024 - I
35625713;GEN-101;35625713-GEN101;2024 - I
35627041;DAT-101;35627041-DAT101;2024 - I
35627041;DEV-101;35627041-DEV101;2024 - II
35629692;IA-300;35629692-IA300;2025 - II
35629692;NEG-400;35629692-NEG400;2025 - I
35629692;DEV-101;35629692-DEV101;2025 - II
35629692;GEN-101;35629692-GEN101;2025 - II
35643961;IA-400;35643961-IA400;2025 - II
35643961;NEG-400;35643961-NEG400;2025 - I
35643961;DEV-101;35643961-DEV101;2025 - I
35643961;UX-100;35643961-UX100;2025 - I
35643961;DAT-201;35643961-DAT201;2025 - II
35648819;DAT-101;35648819-DAT101;2024 - I
35648819;IA-300;35648819-IA300;2024 - II
35648819;DEV-101;35648819-DEV101;2024 - I
35650079;DEV-101;35650079-DEV101;2024 - I
35652925;DEV-101;35652925-DEV101;2024 - II
35654379;MKT-200;35654379-MKT200;2024 - II
35654379;DEV-101;35654379-DEV101;2024 - II
35667236;MKT-200;35667236-MKT200;2025 - II
35667236;DEV-101;35667236-DEV101;2025 - I
35667236;IA-400;35667236-IA400;2025 - I
35667236;IA-300;35667236-IA300;2025 - II
35668496;IA-300;35668496-IA300;2024 - II
35668496;GEN-101;35668496-GEN101;2024 - II
35674650;DAT-201;35674650-DAT201;2024 - I
35674650;DEV-101;35674650-DEV101;2024 - II
35683885;GEN-101;35683885-GEN101;2025 - II
35683885;MKT-200;35683885-MKT200;2025 - II
35683885;IA-300;35683885-IA300;2025 - II
35683885;IA-400;35683885-IA400;2025 - II
35690393;DAT-101;35690393-DAT101;2024 - II
35718936;DAT-101;35718936-DAT101;2024 - II
35718936;MKT-200;35718936-MKT200;2024 - II
35720054;IA-300;35720054-IA300;2025 - I
35720054;DEV-101;35720054-DEV101;2025 - II
35720054;NEG-400;35720054-NEG400;2025 - II
35720054;DAT-305;35720054-DAT305;2025 - II
35722006;GEN-101;35722006-GEN101;2025 - I
35722006;IA-300;35722006-IA300;2025 - I
35722006;DAT-101;35722006-DAT101;2025 - I
35740137;DAT-101;35740137-DAT101;2024 - II
35740137;MKT-200;35740137-MKT200;2024 - I
35745673;NEG-400;35745673-NEG400;2024 - I
35745673;GEN-101;35745673-GEN101;2024 - I
35745673;UX-100;35745673-UX100;2024 - I
35753821;IA-400;35753821-IA400;2025 - II
35753821;DAT-305;35753821-DAT305;2025 - I
35753821;NEG-400;35753821-NEG400;2025 - II
35753821;UX-100;35753821-UX100;2025 - II
35757363;DEV-101;35757363-DEV101;2025 - II
35792864;DAT-201;35792864-DAT201;2024 - II
35809204;IA-400;35809204-IA400;2025 - I
35809204;GEN-101;35809204-GEN101;2025 - II
35809204;NEG-400;35809204-NEG400;2025 - I
35809204;UX-100;35809204-UX100;2025 - I
35809204;DAT-201;35809204-DAT201;2025 - II
35809204;DAT-305;35809204-DAT305;2025 - II
35810239;DAT-101;35810239-DAT101;2024 - II
35810239;MKT-200;35810239-MKT200;2024 - II
35810239;IA-300;35810239-IA300;2024 - I
35810239;DAT-201;35810239-DAT201;2024 - II
35821025;DAT-101;35821025-DAT101;2025 - I
35821025;NEG-400;35821025-NEG400;2025 - I
35821025;DEV-101;35821025-DEV101;2025 - I
35821025;IA-400;35821025-IA400;2025 - II
35821025;DAT-201;35821025-DAT201;2025 - I
35824110;NEG-400;35824110-NEG400;2024 - II
35824110;GEN-101;35824110-GEN101;2024 - I
35834047;DEV-101;35834047-DEV101;2025 - I
35834047;UX-100;35834047-UX100;2025 - I
35834047;IA-400;35834047-IA400;2025 - I
35837738;DAT-101;35837738-DAT101;2025 - II
35837738;NEG-400;35837738-NEG400;2025 - I
35837738;DEV-101;35837738-DEV101;2025 - II
35837738;GEN-101;35837738-GEN101;2025 - I
35837738;DAT-201;35837738-DAT201;2025 - II
35839853;GEN-101;35839853-GEN101;2025 - I
35839853;DAT-101;35839853-DAT101;2025 - I
35839853;DEV-101;35839853-DEV101;2025 - II
35842163;UX-100;35842163-UX100;2024 - II
35844073;DAT-201;35844073-DAT201;2025 - II
35844073;DAT-305;35844073-DAT305;2025 - II
35844073;NEG-400;35844073-NEG400;2025 - I
35845730;MKT-200;35845730-MKT200;2024 - I
35845730;NEG-400;35845730-NEG400;2024 - I
35850567;DAT-305;35850567-DAT305;2025 - I
35850567;DEV-101;35850567-DEV101;2025 - II
35850567;IA-400;35850567-IA400;2025 - I
35850567;IA-300;35850567-IA300;2025 - II
35854507;IA-300;35854507-IA300;2024 - II
35854507;DAT-201;35854507-DAT201;2024 - II
35854507;DAT-101;35854507-DAT101;2024 - II
35891432;NEG-400;35891432-NEG400;2024 - II
35891432;DEV-101;35891432-DEV101;2024 - II
35891432;DAT-101;35891432-DAT101;2024 - I
35891432;IA-300;35891432-IA300;2024 - I
35895932;DAT-201;35895932-DAT201;2024 - II
35904105;DEV-101;35904105-DEV101;2024 - II
35906862;NEG-400;35906862-NEG400;2024 - II
35906862;DEV-101;35906862-DEV101;2024 - II
35915007;UX-100;35915007-UX100;2024 - II
35915007;DAT-201;35915007-DAT201;2024 - I
35915416;DAT-101;35915416-DAT101;2024 - II
35915416;DAT-201;35915416-DAT201;2024 - I
35915416;IA-300;35915416-IA300;2024 - I
35915600;GEN-101;35915600-GEN101;2024 - II
35915600;UX-100;35915600-UX100;2024 - II
35915600;NEG-400;35915600-NEG400;2024 - II
35926356;DAT-305;35926356-DAT305;2025 - II
35926356;DEV-101;35926356-DEV101;2025 - II
35927529;NEG-400;35927529-NEG400;2024 - II
35930527;DAT-101;35930527-DAT101;2025 - I
35930527;IA-300;35930527-IA300;2025 - II
35930527;DAT-305;35930527-DAT305;2025 - II
35930527;NEG-400;35930527-NEG400;2025 - I
35930527;IA-400;35930527-IA400;2025 - II
35940256;DEV-101;35940256-DEV101;2024 - II
35940256;MKT-200;35940256-MKT200;2024 - II
35944501;UX-100;35944501-UX100;2024 - II
35944501;NEG-400;35944501-NEG400;2024 - II
35947218;MKT-200;35947218-MKT200;2025 - II
35947218;IA-300;35947218-IA300;2025 - II
35951430;MKT-200;35951430-MKT200;2025 - II
35951430;DAT-201;35951430-DAT201;2025 - I
35951430;DAT-305;35951430-DAT305;2025 - II
35951430;UX-100;35951430-UX100;2025 - II
35951430;NEG-400;35951430-NEG400;2025 - I
35951430;IA-400;35951430-IA400;2025 - I
35953678;DEV-101;35953678-DEV101;2024 - II
35953678;MKT-200;35953678-MKT200;2024 - II
35961291;GEN-101;35961291-GEN101;2024 - II
35961291;NEG-400;35961291-NEG400;2024 - II
35961291;DEV-101;35961291-DEV101;2024 - II
35965210;UX-100;35965210-UX100;2024 - I
35975020;MKT-200;35975020-MKT200;2024 - II
35983804;DEV-101;35983804-DEV101;2025 - II
35983804;MKT-200;35983804-MKT200;2025 - I
35983804;DAT-101;35983804-DAT101;2025 - II
35983804;GEN-101;35983804-GEN101;2025 - II
35983804;IA-300;35983804-IA300;2025 - I
35990190;DEV-101;35990190-DEV101;2024 - I
35994686;MKT-200;35994686-MKT200;2025 - I
35994686;DEV-101;35994686-DEV101;2025 - I
35994686;DAT-101;35994686-DAT101;2025 - I
35994686;DAT-201;35994686-DAT201;2025 - I
35994686;GEN-101;35994686-GEN101;2025 - II
35994686;IA-300;35994686-IA300;2025 - II
36002678;DAT-305;36002678-DAT305;2025 - II
36003291;DAT-305;36003291-DAT305;2025 - I
36003291;DAT-101;36003291-DAT101;2025 - II
36003291;DAT-201;36003291-DAT201;2025 - II
36003291;IA-300;36003291-IA300;2025 - I
36005534;UX-100;36005534-UX100;2024 - II
36005534;DAT-101;36005534-DAT101;2024 - I
36015798;UX-100;36015798-UX100;2024 - I
36016561;IA-300;36016561-IA300;2024 - I
36016561;DEV-101;36016561-DEV101;2024 - I
36016561;NEG-400;36016561-NEG400;2024 - I
36016561;MKT-200;36016561-MKT200;2024 - II
36028849;DAT-101;36028849-DAT101;2025 - II
36028849;NEG-400;36028849-NEG400;2025 - I
36028849;DAT-201;36028849-DAT201;2025 - I
36028849;DAT-305;36028849-DAT305;2025 - I
36031653;DAT-101;36031653-DAT101;2024 - II
36031653;DAT-201;36031653-DAT201;2024 - II
36031653;IA-300;36031653-IA300;2024 - I
36040952;DAT-101;36040952-DAT101;2025 - I
36040952;DAT-201;36040952-DAT201;2025 - II
36040952;IA-300;36040952-IA300;2025 - I
36040952;MKT-200;36040952-MKT200;2025 - II
36050675;GEN-101;36050675-GEN101;2024 - II
36057182;DAT-201;36057182-DAT201;2024 - I
36057182;DAT-101;36057182-DAT101;2024 - II
36065546;NEG-400;36065546-NEG400;2025 - I
36065546;DAT-201;36065546-DAT201;2025 - I
36070932;NEG-400;36070932-NEG400;2024 - II
36083652;UX-100;36083652-UX100;2024 - II
36083652;NEG-400;36083652-NEG400;2024 - I
36083652;DEV-101;36083652-DEV101;2024 - I
36083652;DAT-201;36083652-DAT201;2024 - II
36092237;UX-100;36092237-UX100;2025 - II
36092237;MKT-200;36092237-MKT200;2025 - I
36092237;GEN-101;36092237-GEN101;2025 - II
36092237;IA-400;36092237-IA400;2025 - I
36092237;NEG-400;36092237-NEG400;2025 - I
36098117;IA-300;36098117-IA300;2024 - II
36117422;DAT-101;36117422-DAT101;2024 - I
36128228;DAT-101;36128228-DAT101;2024 - II
36128228;MKT-200;36128228-MKT200;2024 - I
36133533;DEV-101;36133533-DEV101;2025 - II
36133533;DAT-201;36133533-DAT201;2025 - I
36138156;IA-300;36138156-IA300;2025 - II
36138156;DAT-101;36138156-DAT101;2025 - II
36138156;IA-400;36138156-IA400;2025 - II
36145210;NEG-400;36145210-NEG400;2025 - II
36145210;IA-300;36145210-IA300;2025 - II
36145210;GEN-101;36145210-GEN101;2025 - I
36156003;DAT-101;36156003-DAT101;2025 - II
36156003;MKT-200;36156003-MKT200;2025 - II
36156003;UX-100;36156003-UX100;2025 - I
36156003;NEG-400;36156003-NEG400;2025 - II
36156003;GEN-101;36156003-GEN101;2025 - II
36158027;IA-400;36158027-IA400;2025 - II
36158027;DAT-305;36158027-DAT305;2025 - II
36158027;UX-100;36158027-UX100;2025 - II
36158336;NEG-400;36158336-NEG400;2024 - II
36160142;NEG-400;36160142-NEG400;2025 - II
36160142;DAT-305;36160142-DAT305;2025 - II
36160142;DEV-101;36160142-DEV101;2025 - II
36161620;GEN-101;36161620-GEN101;2024 - II
36161620;DAT-201;36161620-DAT201;2024 - II
36163868;DAT-101;36163868-DAT101;2024 - I
36163868;IA-300;36163868-IA300;2024 - I
36163868;GEN-101;36163868-GEN101;2024 - I
36169395;IA-300;36169395-IA300;2025 - I
36169395;NEG-400;36169395-NEG400;2025 - II
36169395;DAT-101;36169395-DAT101;2025 - I
36169395;DAT-305;36169395-DAT305;2025 - II
36185529;DAT-305;36185529-DAT305;2025 - II
36185529;NEG-400;36185529-NEG400;2025 - II
36185529;DAT-101;36185529-DAT101;2025 - I
36187665;IA-300;36187665-IA300;2024 - II
36200569;IA-300;36200569-IA300;2025 - I
36200569;NEG-400;36200569-NEG400;2025 - II
36200569;DEV-101;36200569-DEV101;2025 - I
36200569;DAT-101;36200569-DAT101;2025 - I
36219416;DAT-101;36219416-DAT101;2025 - II
36219416;GEN-101;36219416-GEN101;2025 - II
36219416;MKT-200;36219416-MKT200;2025 - I
36227478;NEG-400;36227478-NEG400;2025 - I
36227478;GEN-101;36227478-GEN101;2025 - II
36234502;NEG-400;36234502-NEG400;2025 - II
36234502;MKT-200;36234502-MKT200;2025 - II
36234502;DAT-201;36234502-DAT201;2025 - I
36235580;GEN-101;36235580-GEN101;2025 - II
36235580;DAT-305;36235580-DAT305;2025 - II
36235580;DAT-101;36235580-DAT101;2025 - II
36236123;DAT-101;36236123-DAT101;2024 - II
36236123;MKT-200;36236123-MKT200;2024 - I
36236123;DAT-201;36236123-DAT201;2024 - I
36251602;NEG-400;36251602-NEG400;2024 - II
36251602;IA-300;36251602-IA300;2024 - I
36251602;UX-100;36251602-UX100;2024 - II
36257669;DAT-101;36257669-DAT101;2025 - II
36257669;IA-300;36257669-IA300;2025 - II
36257669;MKT-200;36257669-MKT200;2025 - II
36257669;IA-400;36257669-IA400;2025 - I
36257669;DAT-305;36257669-DAT305;2025 - I
36279807;NEG-400;36279807-NEG400;2024 - I
36279807;DAT-101;36279807-DAT101;2024 - II
36279807;MKT-200;36279807-MKT200;2024 - II
36279807;UX-100;36279807-UX100;2024 - II
36286352;NEG-400;36286352-NEG400;2024 - I
36296794;GEN-101;36296794-GEN101;2024 - II
36300221;DEV-101;36300221-DEV101;2025 - I
36300221;DAT-305;36300221-DAT305;2025 - II
36300221;UX-100;36300221-UX100;2025 - II
36304118;MKT-200;36304118-MKT200;2025 - II
36304118;DEV-101;36304118-DEV101;2025 - I
36304118;GEN-101;36304118-GEN101;2025 - I
36309794;DEV-101;36309794-DEV101;2024 - II
36309794;DAT-101;36309794-DAT101;2024 - II
36309794;IA-300;36309794-IA300;2024 - I
36313373;MKT-200;36313373-MKT200;2024 - II
36313373;IA-300;36313373-IA300;2024 - I
36314879;IA-300;36314879-IA300;2025 - II
36314879;DEV-101;36314879-DEV101;2025 - I
36314879;DAT-305;36314879-DAT305;2025 - II
36314879;DAT-201;36314879-DAT201;2025 - II
36322281;IA-300;36322281-IA300;2024 - II
36326296;IA-300;36326296-IA300;2024 - I
36326296;DEV-101;36326296-DEV101;2024 - II
36331097;DAT-101;36331097-DAT101;2025 - II
36331097;UX-100;36331097-UX100;2025 - II
36331097;GEN-101;36331097-GEN101;2025 - II
36349336;DEV-101;36349336-DEV101;2025 - II
36349336;DAT-101;36349336-DAT101;2025 - I
36349336;IA-300;36349336-IA300;2025 - II
36349336;NEG-400;36349336-NEG400;2025 - I
36349870;DAT-201;36349870-DAT201;2024 - II
36349870;IA-300;36349870-IA300;2024 - I
36349870;DAT-101;36349870-DAT101;2024 - I
36362413;NEG-400;36362413-NEG400;2024 - I
36362413;DAT-101;36362413-DAT101;2024 - I
36364003;DAT-101;36364003-DAT101;2025 - II
36364003;IA-400;36364003-IA400;2025 - I
36369209;DAT-201;36369209-DAT201;2024 - I
36369209;UX-100;36369209-UX100;2024 - I
36377876;NEG-400;36377876-NEG400;2024 - II
36380821;NEG-400;36380821-NEG400;2024 - II
36380821;DAT-201;36380821-DAT201;2024 - II
36380821;DAT-101;36380821-DAT101;2024 - II
36392604;GEN-101;36392604-GEN101;2024 - I
36392604;DAT-101;36392604-DAT101;2024 - I
36392604;IA-300;36392604-IA300;2024 - I
36421707;IA-300;36421707-IA300;2025 - I
36421707;DAT-101;36421707-DAT101;2025 - II
36421707;DAT-305;36421707-DAT305;2025 - II
36421707;GEN-101;36421707-GEN101;2025 - I
36421707;UX-100;36421707-UX100;2025 - I
36434636;GEN-101;36434636-GEN101;2025 - II
36434636;IA-400;36434636-IA400;2025 - I
36434636;UX-100;36434636-UX100;2025 - I
36443537;NEG-400;36443537-NEG400;2025 - I
36443537;MKT-200;36443537-MKT200;2025 - I
36443537;DAT-305;36443537-DAT305;2025 - II
36443537;UX-100;36443537-UX100;2025 - I
36456678;NEG-400;36456678-NEG400;2024 - II
36456678;DAT-201;36456678-DAT201;2024 - I
36456678;DEV-101;36456678-DEV101;2024 - I
36456678;UX-100;36456678-UX100;2024 - II
36461761;GEN-101;36461761-GEN101;2024 - II
36461761;DAT-101;36461761-DAT101;2024 - I
36461761;NEG-400;36461761-NEG400;2024 - II
36462635;MKT-200;36462635-MKT200;2024 - I
36470833;MKT-200;36470833-MKT200;2024 - II
36470833;DAT-101;36470833-DAT101;2024 - II
36470833;IA-300;36470833-IA300;2024 - I
36470833;GEN-101;36470833-GEN101;2024 - II
36480390;DEV-101;36480390-DEV101;2025 - I
36480390;GEN-101;36480390-GEN101;2025 - II
36480390;NEG-400;36480390-NEG400;2025 - II
36480390;IA-400;36480390-IA400;2025 - II
36489803;IA-300;36489803-IA300;2024 - II
36489803;NEG-400;36489803-NEG400;2024 - II
36489803;DAT-201;36489803-DAT201;2024 - I
36489803;UX-100;36489803-UX100;2024 - I
36490297;DAT-201;36490297-DAT201;2024 - I
36501353;MKT-200;36501353-MKT200;2024 - II
36510557;UX-100;36510557-UX100;2025 - I
36510557;DAT-201;36510557-DAT201;2025 - II
36511898;DAT-305;36511898-DAT305;2025 - I
36511898;DAT-201;36511898-DAT201;2025 - II
36511898;MKT-200;36511898-MKT200;2025 - II
36511898;GEN-101;36511898-GEN101;2025 - I
36511898;DEV-101;36511898-DEV101;2025 - II
36514168;DEV-101;36514168-DEV101;2024 - I
36514666;GEN-101;36514666-GEN101;2024 - II
36514666;DAT-101;36514666-DAT101;2024 - II
36520319;IA-300;36520319-IA300;2024 - II
36532331;IA-400;36532331-IA400;2025 - II
36532331;DEV-101;36532331-DEV101;2025 - I
36532331;NEG-400;36532331-NEG400;2025 - I
36532331;DAT-201;36532331-DAT201;2025 - II
36532331;GEN-101;36532331-GEN101;2025 - II
36532331;DAT-101;36532331-DAT101;2025 - II
36534604;DAT-201;36534604-DAT201;2025 - I
36534604;IA-400;36534604-IA400;2025 - II
36534604;UX-100;36534604-UX100;2025 - II
36537106;DEV-101;36537106-DEV101;2024 - II
36537106;MKT-200;36537106-MKT200;2024 - II
36542829;IA-400;36542829-IA400;2025 - II
36542829;DEV-101;36542829-DEV101;2025 - I
36570791;DAT-101;36570791-DAT101;2025 - II
36570791;UX-100;36570791-UX100;2025 - I
36570791;IA-400;36570791-IA400;2025 - II
36583358;GEN-101;36583358-GEN101;2025 - II
36594040;DAT-101;36594040-DAT101;2024 - I
36594040;MKT-200;36594040-MKT200;2024 - II
36594251;DAT-201;36594251-DAT201;2025 - II
36594251;DEV-101;36594251-DEV101;2025 - II
36594251;DAT-101;36594251-DAT101;2025 - I
36594251;IA-400;36594251-IA400;2025 - I
36600824;UX-100;36600824-UX100;2025 - I
36600824;DAT-201;36600824-DAT201;2025 - I
36600824;DAT-305;36600824-DAT305;2025 - II
36615209;GEN-101;36615209-GEN101;2024 - II
36617253;DAT-101;36617253-DAT101;2025 - II
36617253;IA-400;36617253-IA400;2025 - II
36617253;DEV-101;36617253-DEV101;2025 - I
36617253;UX-100;36617253-UX100;2025 - II
36617253;GEN-101;36617253-GEN101;2025 - I
36629400;MKT-200;36629400-MKT200;2024 - II
36629400;DAT-101;36629400-DAT101;2024 - I
36629400;DEV-101;36629400-DEV101;2024 - I
36629400;GEN-101;36629400-GEN101;2024 - I
36630045;DAT-201;36630045-DAT201;2024 - I
36630045;GEN-101;36630045-GEN101;2024 - II
36630045;MKT-200;36630045-MKT200;2024 - I
36630045;NEG-400;36630045-NEG400;2024 - I
36651921;IA-300;36651921-IA300;2024 - II
36651921;UX-100;36651921-UX100;2024 - II
36651921;DEV-101;36651921-DEV101;2024 - II
36659139;DAT-101;36659139-DAT101;2024 - I
36659434;DAT-201;36659434-DAT201;2025 - II
36659434;MKT-200;36659434-MKT200;2025 - I
36659434;GEN-101;36659434-GEN101;2025 - I
36676918;IA-400;36676918-IA400;2025 - II
36676918;DAT-305;36676918-DAT305;2025 - I
36691364;IA-400;36691364-IA400;2025 - I
36691364;MKT-200;36691364-MKT200;2025 - II
36691364;IA-300;36691364-IA300;2025 - II
36691364;DAT-101;36691364-DAT101;2025 - II
36691364;DAT-201;36691364-DAT201;2025 - II
36701152;DAT-201;36701152-DAT201;2024 - I
36701529;DAT-305;36701529-DAT305;2025 - I
36701529;UX-100;36701529-UX100;2025 - II
36701529;DAT-101;36701529-DAT101;2025 - II
36701529;MKT-200;36701529-MKT200;2025 - I
36701529;DAT-201;36701529-DAT201;2025 - I
36702199;GEN-101;36702199-GEN101;2024 - II
36702199;IA-300;36702199-IA300;2024 - I
36718901;NEG-400;36718901-NEG400;2025 - I
36725023;NEG-400;36725023-NEG400;2024 - I
36725023;GEN-101;36725023-GEN101;2024 - I
36725023;DEV-101;36725023-DEV101;2024 - II
36725023;DAT-201;36725023-DAT201;2024 - I
36727365;MKT-200;36727365-MKT200;2024 - II
36727365;DAT-101;36727365-DAT101;2024 - I
36727365;IA-300;36727365-IA300;2024 - II
36727365;DAT-201;36727365-DAT201;2024 - II
36727365;DEV-101;36727365-DEV101;2024 - I
36727365;GEN-101;36727365-GEN101;2024 - I
36727561;UX-100;36727561-UX100;2025 - I
36727561;DAT-101;36727561-DAT101;2025 - II
36727561;NEG-400;36727561-NEG400;2025 - I
36727561;MKT-200;36727561-MKT200;2025 - II
36727561;DAT-201;36727561-DAT201;2025 - I
36742732;NEG-400;36742732-NEG400;2025 - II
36742732;DAT-101;36742732-DAT101;2025 - I
36744678;UX-100;36744678-UX100;2024 - II
36744678;DAT-201;36744678-DAT201;2024 - I
36745278;NEG-400;36745278-NEG400;2025 - II
36745278;DEV-101;36745278-DEV101;2025 - I
36745278;DAT-101;36745278-DAT101;2025 - II
36745278;UX-100;36745278-UX100;2025 - I
36746458;DAT-101;36746458-DAT101;2024 - II
36765559;IA-300;36765559-IA300;2025 - I
36765559;IA-400;36765559-IA400;2025 - I
36765559;DAT-101;36765559-DAT101;2025 - II
36780964;DAT-201;36780964-DAT201;2025 - I
36780964;DEV-101;36780964-DEV101;2025 - I
36780964;NEG-400;36780964-NEG400;2025 - I
36780964;IA-300;36780964-IA300;2025 - II
36780964;GEN-101;36780964-GEN101;2025 - I
36780964;DAT-101;36780964-DAT101;2025 - II
36794996;UX-100;36794996-UX100;2024 - I
36794996;NEG-400;36794996-NEG400;2024 - II
36800218;GEN-101;36800218-GEN101;2024 - II
36800218;DEV-101;36800218-DEV101;2024 - I
36821499;GEN-101;36821499-GEN101;2024 - II
36821499;DAT-201;36821499-DAT201;2024 - II
36821499;NEG-400;36821499-NEG400;2024 - II
36839899;IA-300;36839899-IA300;2024 - II
36839899;NEG-400;36839899-NEG400;2024 - I
36839899;DAT-201;36839899-DAT201;2024 - II
36847519;DAT-101;36847519-DAT101;2024 - II
36847519;MKT-200;36847519-MKT200;2024 - II
36847519;GEN-101;36847519-GEN101;2024 - II
36848058;GEN-101;36848058-GEN101;2025 - II
36848058;DAT-305;36848058-DAT305;2025 - II
36855486;DAT-201;36855486-DAT201;2024 - I
36855486;NEG-400;36855486-NEG400;2024 - I
36855486;MKT-200;36855486-MKT200;2024 - I
36858459;MKT-200;36858459-MKT200;2025 - I
36858459;IA-300;36858459-IA300;2025 - I
36858459;DEV-101;36858459-DEV101;2025 - I
36858459;NEG-400;36858459-NEG400;2025 - I
36858459;DAT-305;36858459-DAT305;2025 - I
36858459;DAT-101;36858459-DAT101;2025 - I
36858459;GEN-101;36858459-GEN101;2025 - II
36858459;IA-400;36858459-IA400;2025 - II
36861254;DEV-101;36861254-DEV101;2024 - II
36863273;NEG-400;36863273-NEG400;2025 - II
36867908;NEG-400;36867908-NEG400;2024 - II
36867908;GEN-101;36867908-GEN101;2024 - II
36868365;UX-100;36868365-UX100;2024 - I
36878477;DAT-201;36878477-DAT201;2024 - I
36882138;NEG-400;36882138-NEG400;2025 - I
36882138;IA-300;36882138-IA300;2025 - II
36882138;UX-100;36882138-UX100;2025 - I
36882138;GEN-101;36882138-GEN101;2025 - II
36890268;MKT-200;36890268-MKT200;2024 - I
36890268;NEG-400;36890268-NEG400;2024 - II
36890268;DAT-101;36890268-DAT101;2024 - II
36892131;DAT-101;36892131-DAT101;2024 - II
36892333;IA-400;36892333-IA400;2025 - I
36892333;UX-100;36892333-UX100;2025 - II
36892333;DAT-305;36892333-DAT305;2025 - II
36906085;DEV-101;36906085-DEV101;2024 - II
36906085;DAT-201;36906085-DAT201;2024 - I
36906085;MKT-200;36906085-MKT200;2024 - II
36906085;UX-100;36906085-UX100;2024 - I
36907787;GEN-101;36907787-GEN101;2024 - II
36907787;DEV-101;36907787-DEV101;2024 - II
36907787;IA-300;36907787-IA300;2024 - II
36907787;UX-100;36907787-UX100;2024 - I
36907787;NEG-400;36907787-NEG400;2024 - II
36907787;DAT-201;36907787-DAT201;2024 - II
36907961;DAT-101;36907961-DAT101;2025 - II
36907961;IA-300;36907961-IA300;2025 - II
36907961;DEV-101;36907961-DEV101;2025 - I
36907961;DAT-201;36907961-DAT201;2025 - I
36907961;DAT-305;36907961-DAT305;2025 - II
36928006;IA-300;36928006-IA300;2024 - II
36935055;MKT-200;36935055-MKT200;2024 - I
36935055;UX-100;36935055-UX100;2024 - II
36948146;DEV-101;36948146-DEV101;2024 - I
36948146;GEN-101;36948146-GEN101;2024 - II
36948669;IA-300;36948669-IA300;2024 - II
36948669;DAT-201;36948669-DAT201;2024 - II
36953747;IA-300;36953747-IA300;2024 - II
36953747;DAT-201;36953747-DAT201;2024 - I
36953747;DEV-101;36953747-DEV101;2024 - II
36971688;DEV-101;36971688-DEV101;2025 - I
36971688;UX-100;36971688-UX100;2025 - I
36971688;IA-400;36971688-IA400;2025 - II
36971688;DAT-101;36971688-DAT101;2025 - I
36971688;GEN-101;36971688-GEN101;2025 - I
36971688;MKT-200;36971688-MKT200;2025 - II
36974458;UX-100;36974458-UX100;2025 - I
36985322;MKT-200;36985322-MKT200;2024 - II
36985322;IA-300;36985322-IA300;2024 - II
36992557;IA-400;36992557-IA400;2025 - II
36992557;DAT-201;36992557-DAT201;2025 - I
36992557;GEN-101;36992557-GEN101;2025 - II
36992557;UX-100;36992557-UX100;2025 - II
36992557;DEV-101;36992557-DEV101;2025 - I
36992557;DAT-305;36992557-DAT305;2025 - II
36996781;DAT-101;36996781-DAT101;2025 - I
36996781;GEN-101;36996781-GEN101;2025 - I
36996781;IA-400;36996781-IA400;2025 - I
36998955;GEN-101;36998955-GEN101;2025 - I
36998955;DAT-305;36998955-DAT305;2025 - I
37008739;IA-300;37008739-IA300;2025 - I
37012198;NEG-400;37012198-NEG400;2024 - II
37012198;DAT-201;37012198-DAT201;2024 - I
37013243;DAT-201;37013243-DAT201;2025 - I
37013243;IA-400;37013243-IA400;2025 - II
37013243;DAT-305;37013243-DAT305;2025 - I
37013243;DAT-101;37013243-DAT101;2025 - I
37017626;DEV-101;37017626-DEV101;2025 - II
37017626;NEG-400;37017626-NEG400;2025 - I
37017626;DAT-201;37017626-DAT201;2025 - I
37017626;IA-400;37017626-IA400;2025 - II
37017626;DAT-101;37017626-DAT101;2025 - II
37024576;DEV-101;37024576-DEV101;2025 - I
37024637;UX-100;37024637-UX100;2024 - I
37026116;GEN-101;37026116-GEN101;2024 - II
37031483;GEN-101;37031483-GEN101;2024 - II
37032603;IA-300;37032603-IA300;2024 - II
37039481;DAT-101;37039481-DAT101;2025 - II
37039481;DEV-101;37039481-DEV101;2025 - I
37039481;DAT-201;37039481-DAT201;2025 - II
37039481;IA-400;37039481-IA400;2025 - II
37039481;IA-300;37039481-IA300;2025 - II
37039481;GEN-101;37039481-GEN101;2025 - II
37039481;NEG-400;37039481-NEG400;2025 - I
37054065;NEG-400;37054065-NEG400;2024 - II
37054065;DEV-101;37054065-DEV101;2024 - I
37057932;UX-100;37057932-UX100;2025 - I
37057932;GEN-101;37057932-GEN101;2025 - I
37057932;DEV-101;37057932-DEV101;2025 - II
37057932;IA-400;37057932-IA400;2025 - I
37057932;NEG-400;37057932-NEG400;2025 - I
37059839;MKT-200;37059839-MKT200;2025 - I
37059839;NEG-400;37059839-NEG400;2025 - I
37059839;IA-300;37059839-IA300;2025 - II
37059839;GEN-101;37059839-GEN101;2025 - I
37080082;DAT-101;37080082-DAT101;2024 - II
37080082;NEG-400;37080082-NEG400;2024 - II
37083223;DAT-101;37083223-DAT101;2024 - I
37083223;IA-300;37083223-IA300;2024 - II
37085503;DEV-101;37085503-DEV101;2024 - I
37090862;UX-100;37090862-UX100;2025 - I
37090862;IA-300;37090862-IA300;2025 - II
37090862;DEV-101;37090862-DEV101;2025 - II
37090862;DAT-201;37090862-DAT201;2025 - I
37091816;IA-400;37091816-IA400;2025 - II
37091816;IA-300;37091816-IA300;2025 - II
37091816;DAT-305;37091816-DAT305;2025 - I
37091816;NEG-400;37091816-NEG400;2025 - II
37091816;GEN-101;37091816-GEN101;2025 - I
37095694;DEV-101;37095694-DEV101;2025 - I
37095694;MKT-200;37095694-MKT200;2025 - II
37095694;IA-300;37095694-IA300;2025 - II
37095694;UX-100;37095694-UX100;2025 - I
37095694;GEN-101;37095694-GEN101;2025 - I
37098062;NEG-400;37098062-NEG400;2025 - II
37098062;DAT-305;37098062-DAT305;2025 - I
37098062;IA-400;37098062-IA400;2025 - I
37098062;DAT-101;37098062-DAT101;2025 - I
37099184;UX-100;37099184-UX100;2024 - I
37106276;IA-300;37106276-IA300;2025 - I
37106276;GEN-101;37106276-GEN101;2025 - II
37106276;DEV-101;37106276-DEV101;2025 - II
37119833;DAT-305;37119833-DAT305;2025 - II
37119833;MKT-200;37119833-MKT200;2025 - II
37119833;IA-300;37119833-IA300;2025 - II
37121626;IA-400;37121626-IA400;2025 - II
37121626;GEN-101;37121626-GEN101;2025 - II
37121626;NEG-400;37121626-NEG400;2025 - I
37123255;NEG-400;37123255-NEG400;2024 - II
37123255;MKT-200;37123255-MKT200;2024 - II
37131375;MKT-200;37131375-MKT200;2025 - II
37131375;DAT-101;37131375-DAT101;2025 - II
37131375;UX-100;37131375-UX100;2025 - II
37142397;IA-300;37142397-IA300;2024 - I
37148568;IA-300;37148568-IA300;2025 - I
37149339;UX-100;37149339-UX100;2024 - II
37151523;MKT-200;37151523-MKT200;2025 - I
37151523;UX-100;37151523-UX100;2025 - II
37155742;NEG-400;37155742-NEG400;2024 - I
37155742;UX-100;37155742-UX100;2024 - II
37161768;UX-100;37161768-UX100;2024 - I
37162747;GEN-101;37162747-GEN101;2025 - II
37162747;NEG-400;37162747-NEG400;2025 - I
37162747;DAT-101;37162747-DAT101;2025 - I
37168127;GEN-101;37168127-GEN101;2024 - I
37169999;NEG-400;37169999-NEG400;2024 - I
37171122;NEG-400;37171122-NEG400;2025 - II
37171122;MKT-200;37171122-MKT200;2025 - I
37179608;MKT-200;37179608-MKT200;2024 - I
37179608;UX-100;37179608-UX100;2024 - I
37179608;DAT-201;37179608-DAT201;2024 - II
37182051;UX-100;37182051-UX100;2025 - II
37182051;IA-400;37182051-IA400;2025 - I
37182051;DAT-201;37182051-DAT201;2025 - II
37199951;DEV-101;37199951-DEV101;2024 - I
37216255;MKT-200;37216255-MKT200;2024 - II
37219780;UX-100;37219780-UX100;2025 - II
37219780;IA-300;37219780-IA300;2025 - I
37222211;DEV-101;37222211-DEV101;2024 - I
37222211;UX-100;37222211-UX100;2024 - II
37222211;GEN-101;37222211-GEN101;2024 - II
37223015;GEN-101;37223015-GEN101;2024 - I
37223015;DAT-201;37223015-DAT201;2024 - I
37223015;MKT-200;37223015-MKT200;2024 - II
37226510;NEG-400;37226510-NEG400;2025 - I
37226510;DAT-201;37226510-DAT201;2025 - I
37239130;DAT-101;37239130-DAT101;2024 - II
37239130;NEG-400;37239130-NEG400;2024 - II
37239130;UX-100;37239130-UX100;2024 - II
37239533;NEG-400;37239533-NEG400;2024 - II
37242370;DAT-201;37242370-DAT201;2024 - II
37244102;NEG-400;37244102-NEG400;2024 - II
37244102;UX-100;37244102-UX100;2024 - II
37244102;DAT-101;37244102-DAT101;2024 - II
37253616;UX-100;37253616-UX100;2024 - II
37253616;DAT-201;37253616-DAT201;2024 - I
37261587;DAT-101;37261587-DAT101;2024 - I
37268989;NEG-400;37268989-NEG400;2024 - II
37268989;DAT-101;37268989-DAT101;2024 - I
37272214;DAT-101;37272214-DAT101;2024 - II
37272214;UX-100;37272214-UX100;2024 - II
37275248;IA-300;37275248-IA300;2024 - II
37275248;DAT-201;37275248-DAT201;2024 - I
37280564;IA-400;37280564-IA400;2025 - I
37280564;UX-100;37280564-UX100;2025 - II
37280564;DAT-201;37280564-DAT201;2025 - II
37280564;NEG-400;37280564-NEG400;2025 - I
37280564;GEN-101;37280564-GEN101;2025 - I
37284939;GEN-101;37284939-GEN101;2024 - II
37286941;NEG-400;37286941-NEG400;2025 - II
37286941;DAT-201;37286941-DAT201;2025 - II
37286941;DEV-101;37286941-DEV101;2025 - I
37286941;DAT-101;37286941-DAT101;2025 - II
37326359;DAT-201;37326359-DAT201;2024 - II
37326359;UX-100;37326359-UX100;2024 - II
37326359;DEV-101;37326359-DEV101;2024 - I
37329041;IA-300;37329041-IA300;2024 - I
37329041;UX-100;37329041-UX100;2024 - II
37332897;DAT-201;37332897-DAT201;2024 - II
37332897;MKT-200;37332897-MKT200;2024 - II
37335497;IA-300;37335497-IA300;2025 - II
37335497;MKT-200;37335497-MKT200;2025 - II
37335497;NEG-400;37335497-NEG400;2025 - I
37335497;DEV-101;37335497-DEV101;2025 - II
37335497;IA-400;37335497-IA400;2025 - I
37335497;GEN-101;37335497-GEN101;2025 - II
37337493;UX-100;37337493-UX100;2024 - II
37345680;UX-100;37345680-UX100;2024 - I
37347578;DAT-201;37347578-DAT201;2024 - II
37347578;IA-300;37347578-IA300;2024 - I
37351522;GEN-101;37351522-GEN101;2025 - II
37351522;IA-300;37351522-IA300;2025 - I
37351522;DAT-201;37351522-DAT201;2025 - II
37351522;DEV-101;37351522-DEV101;2025 - I
37351522;NEG-400;37351522-NEG400;2025 - II
37370656;UX-100;37370656-UX100;2025 - I
37370656;DAT-101;37370656-DAT101;2025 - II
37370656;DAT-305;37370656-DAT305;2025 - I
37370656;MKT-200;37370656-MKT200;2025 - I
37370656;GEN-101;37370656-GEN101;2025 - I
37370656;IA-300;37370656-IA300;2025 - II
37376900;GEN-101;37376900-GEN101;2024 - II
37381074;NEG-400;37381074-NEG400;2025 - II
37381074;IA-400;37381074-IA400;2025 - I
37381074;DAT-101;37381074-DAT101;2025 - I
37381074;IA-300;37381074-IA300;2025 - I
37392794;IA-300;37392794-IA300;2025 - I
37392794;DAT-201;37392794-DAT201;2025 - I
37392794;NEG-400;37392794-NEG400;2025 - I
37392794;DAT-101;37392794-DAT101;2025 - II
37412229;IA-400;37412229-IA400;2025 - I
37412229;DAT-101;37412229-DAT101;2025 - II
37412229;IA-300;37412229-IA300;2025 - I
37412229;DAT-201;37412229-DAT201;2025 - I
37412229;DEV-101;37412229-DEV101;2025 - I
37412229;GEN-101;37412229-GEN101;2025 - I
37412229;UX-100;37412229-UX100;2025 - I
37442207;DEV-101;37442207-DEV101;2024 - II
37444361;GEN-101;37444361-GEN101;2024 - II
37444361;DAT-101;37444361-DAT101;2024 - I
37448077;DAT-201;37448077-DAT201;2025 - I
37454570;DAT-101;37454570-DAT101;2024 - I
37454570;DAT-201;37454570-DAT201;2024 - I
37456292;DAT-201;37456292-DAT201;2025 - I
37456292;DEV-101;37456292-DEV101;2025 - I
37458197;NEG-400;37458197-NEG400;2025 - II
37458197;GEN-101;37458197-GEN101;2025 - I
37458197;DEV-101;37458197-DEV101;2025 - II
37460819;GEN-101;37460819-GEN101;2025 - II
37460819;MKT-200;37460819-MKT200;2025 - II
37478367;MKT-200;37478367-MKT200;2024 - II
37478367;NEG-400;37478367-NEG400;2024 - II
37495057;DAT-101;37495057-DAT101;2024 - II
37495057;MKT-200;37495057-MKT200;2024 - II
37495057;DEV-101;37495057-DEV101;2024 - II
37505561;GEN-101;37505561-GEN101;2024 - I
37513790;UX-100;37513790-UX100;2024 - I
37513790;IA-300;37513790-IA300;2024 - II
37515292;IA-400;37515292-IA400;2025 - II
37515292;DAT-201;37515292-DAT201;2025 - I
37515292;GEN-101;37515292-GEN101;2025 - I
37515292;DAT-305;37515292-DAT305;2025 - I
37515292;MKT-200;37515292-MKT200;2025 - II
37515292;DEV-101;37515292-DEV101;2025 - I
37527174;IA-400;37527174-IA400;2025 - II
37527174;UX-100;37527174-UX100;2025 - I
37527174;IA-300;37527174-IA300;2025 - I
37531532;NEG-400;37531532-NEG400;2024 - II
37550168;IA-300;37550168-IA300;2024 - I
37550168;DAT-201;37550168-DAT201;2024 - II
37556007;GEN-101;37556007-GEN101;2024 - II
37561242;NEG-400;37561242-NEG400;2025 - II
37561242;DEV-101;37561242-DEV101;2025 - I
37561794;UX-100;37561794-UX100;2025 - I
37561794;NEG-400;37561794-NEG400;2025 - II
37564736;MKT-200;37564736-MKT200;2024 - II
37564736;GEN-101;37564736-GEN101;2024 - II
37564736;NEG-400;37564736-NEG400;2024 - II
37567816;IA-300;37567816-IA300;2025 - II
37567816;DAT-101;37567816-DAT101;2025 - II
37572605;IA-300;37572605-IA300;2025 - II
37572605;NEG-400;37572605-NEG400;2025 - I
37573276;DAT-101;37573276-DAT101;2024 - I
37573276;GEN-101;37573276-GEN101;2024 - II
37583844;DEV-101;37583844-DEV101;2025 - I
37584867;GEN-101;37584867-GEN101;2025 - II
37584867;DAT-101;37584867-DAT101;2025 - I
37584867;DAT-305;37584867-DAT305;2025 - I
37584867;UX-100;37584867-UX100;2025 - I
37584867;DAT-201;37584867-DAT201;2025 - II
37596799;DAT-101;37596799-DAT101;2025 - II
37596799;IA-400;37596799-IA400;2025 - II
37597528;MKT-200;37597528-MKT200;2024 - II
37604035;DAT-201;37604035-DAT201;2024 - I
37604035;UX-100;37604035-UX100;2024 - II
37604035;MKT-200;37604035-MKT200;2024 - II
37604035;NEG-400;37604035-NEG400;2024 - I
37605752;UX-100;37605752-UX100;2024 - I
37606348;DAT-201;37606348-DAT201;2025 - II
37606348;IA-400;37606348-IA400;2025 - I
37606348;DEV-101;37606348-DEV101;2025 - I
37606348;DAT-305;37606348-DAT305;2025 - I
37607894;UX-100;37607894-UX100;2024 - II
37632339;UX-100;37632339-UX100;2025 - II
37632339;IA-300;37632339-IA300;2025 - II
37632339;GEN-101;37632339-GEN101;2025 - II
37639684;DEV-101;37639684-DEV101;2025 - II
37639684;NEG-400;37639684-NEG400;2025 - I
37639684;MKT-200;37639684-MKT200;2025 - I
37639684;IA-300;37639684-IA300;2025 - II
37639684;DAT-101;37639684-DAT101;2025 - I
37639684;DAT-305;37639684-DAT305;2025 - I
37642410;DEV-101;37642410-DEV101;2024 - II
37659718;UX-100;37659718-UX100;2025 - II
37659718;NEG-400;37659718-NEG400;2025 - I
37659718;GEN-101;37659718-GEN101;2025 - I
37663002;DEV-101;37663002-DEV101;2024 - II
37663002;DAT-101;37663002-DAT101;2024 - I
37665322;DAT-101;37665322-DAT101;2024 - II
37665322;UX-100;37665322-UX100;2024 - II
37672436;MKT-200;37672436-MKT200;2025 - I
37672436;DEV-101;37672436-DEV101;2025 - I
37674710;DEV-101;37674710-DEV101;2024 - II
37674710;UX-100;37674710-UX100;2024 - I
37678418;MKT-200;37678418-MKT200;2024 - II
37678418;DAT-201;37678418-DAT201;2024 - I
37678418;IA-300;37678418-IA300;2024 - II
37678418;DAT-101;37678418-DAT101;2024 - I
37678418;GEN-101;37678418-GEN101;2024 - II
37679372;UX-100;37679372-UX100;2025 - II
37679372;IA-400;37679372-IA400;2025 - I
37679372;DEV-101;37679372-DEV101;2025 - I
37679372;DAT-305;37679372-DAT305;2025 - II
37679372;MKT-200;37679372-MKT200;2025 - II
37682475;DAT-101;37682475-DAT101;2024 - II
37706458;DAT-101;37706458-DAT101;2024 - I
37706458;MKT-200;37706458-MKT200;2024 - I
37706458;GEN-101;37706458-GEN101;2024 - II
37706458;DAT-201;37706458-DAT201;2024 - I
37706458;UX-100;37706458-UX100;2024 - II
37706458;IA-300;37706458-IA300;2024 - I
37725025;IA-300;37725025-IA300;2025 - II
37725025;DAT-101;37725025-DAT101;2025 - I
37725025;DAT-201;37725025-DAT201;2025 - I
37725025;NEG-400;37725025-NEG400;2025 - I
37733861;DAT-101;37733861-DAT101;2025 - II
37733861;NEG-400;37733861-NEG400;2025 - I
37749075;NEG-400;37749075-NEG400;2024 - II
37749075;MKT-200;37749075-MKT200;2024 - I
37763133;MKT-200;37763133-MKT200;2025 - II
37763133;DAT-305;37763133-DAT305;2025 - II
37763133;DEV-101;37763133-DEV101;2025 - I
37763133;DAT-201;37763133-DAT201;2025 - I
37763133;GEN-101;37763133-GEN101;2025 - I
37766757;IA-300;37766757-IA300;2025 - II
37774603;UX-100;37774603-UX100;2025 - II
37774603;DAT-201;37774603-DAT201;2025 - II
37774603;DAT-101;37774603-DAT101;2025 - I
37774603;GEN-101;37774603-GEN101;2025 - I
37795993;GEN-101;37795993-GEN101;2024 - I
37795993;DEV-101;37795993-DEV101;2024 - I
37795993;DAT-101;37795993-DAT101;2024 - I
37797988;DAT-201;37797988-DAT201;2024 - I
37797988;IA-300;37797988-IA300;2024 - I
37797988;NEG-400;37797988-NEG400;2024 - I
37799625;DAT-305;37799625-DAT305;2025 - II
37799625;DEV-101;37799625-DEV101;2025 - I
37799625;GEN-101;37799625-GEN101;2025 - I
37799625;DAT-201;37799625-DAT201;2025 - II
37802380;UX-100;37802380-UX100;2025 - I
37802380;DEV-101;37802380-DEV101;2025 - II
37814684;DAT-101;37814684-DAT101;2024 - II
37829833;MKT-200;37829833-MKT200;2025 - II
37829833;UX-100;37829833-UX100;2025 - I
37829833;DAT-305;37829833-DAT305;2025 - II
37829833;NEG-400;37829833-NEG400;2025 - I
37831209;DEV-101;37831209-DEV101;2024 - I
37839367;GEN-101;37839367-GEN101;2025 - I
37840610;DAT-101;37840610-DAT101;2025 - II
37840610;MKT-200;37840610-MKT200;2025 - II
37840610;GEN-101;37840610-GEN101;2025 - I
37840610;DEV-101;37840610-DEV101;2025 - I
37849139;DAT-101;37849139-DAT101;2024 - I
37856329;NEG-400;37856329-NEG400;2024 - I
37856329;GEN-101;37856329-GEN101;2024 - I
37869329;GEN-101;37869329-GEN101;2024 - I
37869329;IA-300;37869329-IA300;2024 - I
37874267;IA-400;37874267-IA400;2025 - I
37874267;DEV-101;37874267-DEV101;2025 - II
37874267;MKT-200;37874267-MKT200;2025 - I
37874267;IA-300;37874267-IA300;2025 - II
37880219;UX-100;37880219-UX100;2025 - II
37880219;DEV-101;37880219-DEV101;2025 - I
37885100;DAT-101;37885100-DAT101;2025 - II
37885100;GEN-101;37885100-GEN101;2025 - II
37885100;DAT-201;37885100-DAT201;2025 - I
37907386;DAT-201;37907386-DAT201;2025 - II
37907386;UX-100;37907386-UX100;2025 - I
37907386;DAT-305;37907386-DAT305;2025 - I
37907386;NEG-400;37907386-NEG400;2025 - I
37915491;UX-100;37915491-UX100;2024 - I
37915491;MKT-200;37915491-MKT200;2024 - II
37915491;IA-300;37915491-IA300;2024 - I
37918142;DAT-101;37918142-DAT101;2025 - II
37918142;IA-400;37918142-IA400;2025 - II
37918142;DEV-101;37918142-DEV101;2025 - II
37927619;IA-300;37927619-IA300;2024 - II
37935165;DAT-101;37935165-DAT101;2024 - I
37935165;MKT-200;37935165-MKT200;2024 - I
37947511;IA-300;37947511-IA300;2025 - II
37947511;DAT-101;37947511-DAT101;2025 - II
37947511;MKT-200;37947511-MKT200;2025 - II
37947511;NEG-400;37947511-NEG400;2025 - I
37949128;DAT-101;37949128-DAT101;2024 - II
37949128;NEG-400;37949128-NEG400;2024 - I
37949128;IA-300;37949128-IA300;2024 - I
37949128;UX-100;37949128-UX100;2024 - I
37951141;DAT-101;37951141-DAT101;2024 - I
37952315;IA-300;37952315-IA300;2025 - I
37952315;NEG-400;37952315-NEG400;2025 - I
37952540;DAT-305;37952540-DAT305;2025 - I
37952540;DAT-201;37952540-DAT201;2025 - II
37952540;IA-300;37952540-IA300;2025 - I
37952540;DEV-101;37952540-DEV101;2025 - I
37952540;NEG-400;37952540-NEG400;2025 - II
37952540;MKT-200;37952540-MKT200;2025 - II
37974144;IA-300;37974144-IA300;2025 - I
37981847;UX-100;37981847-UX100;2025 - II
37981847;IA-300;37981847-IA300;2025 - II
37981847;DEV-101;37981847-DEV101;2025 - II
37981847;IA-400;37981847-IA400;2025 - II
38002503;NEG-400;38002503-NEG400;2025 - I
38002503;DAT-201;38002503-DAT201;2025 - I
38002503;IA-300;38002503-IA300;2025 - I
38002503;DAT-305;38002503-DAT305;2025 - I
38002503;IA-400;38002503-IA400;2025 - II
38017139;NEG-400;38017139-NEG400;2025 - I
38020693;DAT-201;38020693-DAT201;2025 - I
38020693;NEG-400;38020693-NEG400;2025 - I
38027945;IA-300;38027945-IA300;2024 - II
38030283;DEV-101;38030283-DEV101;2025 - II
38030283;DAT-101;38030283-DAT101;2025 - I
38030283;MKT-200;38030283-MKT200;2025 - I
38038154;IA-300;38038154-IA300;2024 - I
38038154;UX-100;38038154-UX100;2024 - I
38038154;MKT-200;38038154-MKT200;2024 - I
38040781;NEG-400;38040781-NEG400;2025 - I
38040781;DAT-305;38040781-DAT305;2025 - II
38042975;UX-100;38042975-UX100;2025 - II
38042975;MKT-200;38042975-MKT200;2025 - II
38042975;NEG-400;38042975-NEG400;2025 - I
38048801;IA-300;38048801-IA300;2024 - I
38066467;GEN-101;38066467-GEN101;2025 - II
38066467;UX-100;38066467-UX100;2025 - I
38066467;DAT-201;38066467-DAT201;2025 - I
38070258;UX-100;38070258-UX100;2025 - I
38070258;DAT-305;38070258-DAT305;2025 - I
38072230;MKT-200;38072230-MKT200;2024 - II
38072230;UX-100;38072230-UX100;2024 - II
38081258;GEN-101;38081258-GEN101;2024 - II
38082801;MKT-200;38082801-MKT200;2024 - II
38085164;GEN-101;38085164-GEN101;2025 - II
38085164;NEG-400;38085164-NEG400;2025 - II
38089426;IA-400;38089426-IA400;2025 - I
38089426;DAT-201;38089426-DAT201;2025 - II
38111908;DAT-201;38111908-DAT201;2025 - I
38111908;DAT-305;38111908-DAT305;2025 - II
38111908;DAT-101;38111908-DAT101;2025 - I
38111908;IA-300;38111908-IA300;2025 - II
38111908;DEV-101;38111908-DEV101;2025 - II
38114009;DEV-101;38114009-DEV101;2024 - I
38129607;MKT-200;38129607-MKT200;2024 - II
38129607;DAT-101;38129607-DAT101;2024 - II
38133728;NEG-400;38133728-NEG400;2024 - II
38133728;IA-300;38133728-IA300;2024 - II
38137274;NEG-400;38137274-NEG400;2024 - II
38137274;UX-100;38137274-UX100;2024 - II
38140531;IA-300;38140531-IA300;2024 - I
38140531;DAT-201;38140531-DAT201;2024 - II
38156702;IA-300;38156702-IA300;2024 - II
38162732;NEG-400;38162732-NEG400;2024 - I
38164166;IA-300;38164166-IA300;2024 - II
38164166;MKT-200;38164166-MKT200;2024 - I
38171209;DAT-101;38171209-DAT101;2025 - II
38171209;DAT-201;38171209-DAT201;2025 - I
38181190;MKT-200;38181190-MKT200;2025 - II
38181190;NEG-400;38181190-NEG400;2025 - I
38181190;DAT-101;38181190-DAT101;2025 - I
38181190;DEV-101;38181190-DEV101;2025 - I
38181190;IA-300;38181190-IA300;2025 - I
38188233;UX-100;38188233-UX100;2024 - II
38194575;DAT-101;38194575-DAT101;2024 - I
38194575;DAT-201;38194575-DAT201;2024 - I
38207316;GEN-101;38207316-GEN101;2024 - I
38207316;DEV-101;38207316-DEV101;2024 - I
38211223;GEN-101;38211223-GEN101;2025 - II
38211223;NEG-400;38211223-NEG400;2025 - I
38218744;UX-100;38218744-UX100;2024 - I
38221990;DAT-201;38221990-DAT201;2024 - II
38223982;GEN-101;38223982-GEN101;2024 - II
38223982;DAT-101;38223982-DAT101;2024 - I
38223982;UX-100;38223982-UX100;2024 - I
38263069;DEV-101;38263069-DEV101;2025 - II
38263069;MKT-200;38263069-MKT200;2025 - II
38263069;DAT-201;38263069-DAT201;2025 - II
38268761;NEG-400;38268761-NEG400;2024 - I
38275238;DAT-201;38275238-DAT201;2025 - II
38275238;DEV-101;38275238-DEV101;2025 - I
38275238;DAT-305;38275238-DAT305;2025 - II
38275238;DAT-101;38275238-DAT101;2025 - II
38275238;IA-400;38275238-IA400;2025 - I
38282799;GEN-101;38282799-GEN101;2024 - II
38282799;NEG-400;38282799-NEG400;2024 - II
38282799;UX-100;38282799-UX100;2024 - II
38290123;NEG-400;38290123-NEG400;2024 - II
38290123;DAT-101;38290123-DAT101;2024 - II
38290265;IA-300;38290265-IA300;2024 - II
38290265;UX-100;38290265-UX100;2024 - II
38290265;NEG-400;38290265-NEG400;2024 - I
38290265;DEV-101;38290265-DEV101;2024 - I
38292751;NEG-400;38292751-NEG400;2025 - I
38292751;DAT-201;38292751-DAT201;2025 - I
38292751;DAT-305;38292751-DAT305;2025 - II
38310176;MKT-200;38310176-MKT200;2025 - II
38310176;NEG-400;38310176-NEG400;2025 - I
38313159;MKT-200;38313159-MKT200;2025 - II
38313159;GEN-101;38313159-GEN101;2025 - II
38313159;UX-100;38313159-UX100;2025 - I
38314294;IA-300;38314294-IA300;2024 - II
38315775;NEG-400;38315775-NEG400;2025 - I
38315775;UX-100;38315775-UX100;2025 - II
38325772;GEN-101;38325772-GEN101;2024 - II
38325772;IA-300;38325772-IA300;2024 - I
38333929;UX-100;38333929-UX100;2024 - II
38338168;DEV-101;38338168-DEV101;2024 - I
38340878;NEG-400;38340878-NEG400;2025 - II
38340878;GEN-101;38340878-GEN101;2025 - I
38340878;DAT-201;38340878-DAT201;2025 - II
38340878;MKT-200;38340878-MKT200;2025 - I
38353339;GEN-101;38353339-GEN101;2024 - II
38353339;DAT-101;38353339-DAT101;2024 - II
38353870;MKT-200;38353870-MKT200;2025 - II
38370600;UX-100;38370600-UX100;2024 - II
38370600;DAT-101;38370600-DAT101;2024 - I
38373582;GEN-101;38373582-GEN101;2024 - I
38388641;IA-300;38388641-IA300;2024 - II
38388641;MKT-200;38388641-MKT200;2024 - I
38388641;DAT-201;38388641-DAT201;2024 - II
38393487;UX-100;38393487-UX100;2025 - II
38393487;DEV-101;38393487-DEV101;2025 - I
38393487;IA-400;38393487-IA400;2025 - II
38393487;DAT-101;38393487-DAT101;2025 - I
38393487;NEG-400;38393487-NEG400;2025 - II
38393673;IA-300;38393673-IA300;2024 - I
38405437;DAT-101;38405437-DAT101;2025 - II
38405437;MKT-200;38405437-MKT200;2025 - I
38405437;IA-300;38405437-IA300;2025 - I
38405437;DAT-305;38405437-DAT305;2025 - I
38406894;DAT-101;38406894-DAT101;2024 - II
38406894;IA-300;38406894-IA300;2024 - II
38406894;UX-100;38406894-UX100;2024 - II
38406894;DAT-201;38406894-DAT201;2024 - I
38406935;DAT-101;38406935-DAT101;2024 - II
38417833;DEV-101;38417833-DEV101;2025 - I
38417833;DAT-101;38417833-DAT101;2025 - I
38417833;IA-300;38417833-IA300;2025 - II
38417833;MKT-200;38417833-MKT200;2025 - II
38434835;MKT-200;38434835-MKT200;2024 - II
38443830;IA-300;38443830-IA300;2024 - II
38446695;IA-300;38446695-IA300;2024 - I
38446695;GEN-101;38446695-GEN101;2024 - I
38446695;UX-100;38446695-UX100;2024 - II
38451826;GEN-101;38451826-GEN101;2024 - I
38452657;GEN-101;38452657-GEN101;2025 - II
38452657;MKT-200;38452657-MKT200;2025 - II
38452657;IA-300;38452657-IA300;2025 - I
38452657;DAT-101;38452657-DAT101;2025 - I
38452657;DEV-101;38452657-DEV101;2025 - II
38480744;DAT-201;38480744-DAT201;2024 - II
38481398;DEV-101;38481398-DEV101;2024 - II
38481398;UX-100;38481398-UX100;2024 - I
38481398;NEG-400;38481398-NEG400;2024 - I
38485886;DAT-201;38485886-DAT201;2024 - II
38485886;DAT-101;38485886-DAT101;2024 - II
38485886;DEV-101;38485886-DEV101;2024 - I
38498499;DAT-101;38498499-DAT101;2025 - II
38500035;IA-400;38500035-IA400;2025 - II
38500035;GEN-101;38500035-GEN101;2025 - I
38500035;DAT-305;38500035-DAT305;2025 - II
38500035;MKT-200;38500035-MKT200;2025 - II
38519723;UX-100;38519723-UX100;2024 - II
38519723;MKT-200;38519723-MKT200;2024 - I
38519723;NEG-400;38519723-NEG400;2024 - II
38526500;DAT-101;38526500-DAT101;2024 - I
38526500;MKT-200;38526500-MKT200;2024 - II
38526500;GEN-101;38526500-GEN101;2024 - II
38531146;GEN-101;38531146-GEN101;2025 - I
38531146;DEV-101;38531146-DEV101;2025 - II
38531146;IA-400;38531146-IA400;2025 - II
38531146;DAT-305;38531146-DAT305;2025 - I
38531146;NEG-400;38531146-NEG400;2025 - II
38531623;DEV-101;38531623-DEV101;2025 - II
38531623;MKT-200;38531623-MKT200;2025 - II
38531623;DAT-101;38531623-DAT101;2025 - II
38531623;NEG-400;38531623-NEG400;2025 - I
38531623;DAT-201;38531623-DAT201;2025 - I
38542906;DEV-101;38542906-DEV101;2024 - II
38542906;UX-100;38542906-UX100;2024 - I
38549006;MKT-200;38549006-MKT200;2025 - I
38549006;DEV-101;38549006-DEV101;2025 - II
38549006;GEN-101;38549006-GEN101;2025 - I
38549006;IA-400;38549006-IA400;2025 - I
38549006;DAT-305;38549006-DAT305;2025 - I
38559625;IA-300;38559625-IA300;2025 - I
38559625;DEV-101;38559625-DEV101;2025 - I
38559625;GEN-101;38559625-GEN101;2025 - II
38559625;UX-100;38559625-UX100;2025 - I
38567788;DAT-101;38567788-DAT101;2024 - I
38567788;UX-100;38567788-UX100;2024 - II
38567788;DEV-101;38567788-DEV101;2024 - II
38589344;MKT-200;38589344-MKT200;2025 - II
38589344;DAT-201;38589344-DAT201;2025 - I
38589344;DAT-101;38589344-DAT101;2025 - II
38600036;MKT-200;38600036-MKT200;2024 - II
38622234;DAT-201;38622234-DAT201;2024 - I
38622234;NEG-400;38622234-NEG400;2024 - II
38622234;MKT-200;38622234-MKT200;2024 - I
38622475;NEG-400;38622475-NEG400;2025 - I
38622475;DAT-101;38622475-DAT101;2025 - II
38622475;DAT-201;38622475-DAT201;2025 - II
38625723;IA-300;38625723-IA300;2025 - II
38625723;UX-100;38625723-UX100;2025 - I
38625723;MKT-200;38625723-MKT200;2025 - I
38629655;IA-300;38629655-IA300;2024 - I
38631479;DAT-101;38631479-DAT101;2025 - II
38631479;NEG-400;38631479-NEG400;2025 - II
38632250;NEG-400;38632250-NEG400;2024 - II
38642477;MKT-200;38642477-MKT200;2024 - I
38645258;MKT-200;38645258-MKT200;2024 - I
38648189;UX-100;38648189-UX100;2025 - I
38648189;DAT-201;38648189-DAT201;2025 - II
38648189;MKT-200;38648189-MKT200;2025 - II
38648189;NEG-400;38648189-NEG400;2025 - I
38657054;DEV-101;38657054-DEV101;2024 - II
38657054;IA-300;38657054-IA300;2024 - I
38657054;MKT-200;38657054-MKT200;2024 - I
38657054;DAT-201;38657054-DAT201;2024 - I
38657054;UX-100;38657054-UX100;2024 - I
38661719;GEN-101;38661719-GEN101;2025 - I
38661719;UX-100;38661719-UX100;2025 - I
38671585;DAT-305;38671585-DAT305;2025 - I
38677145;DEV-101;38677145-DEV101;2024 - I
38680320;DAT-305;38680320-DAT305;2025 - II
38680320;IA-300;38680320-IA300;2025 - II
38689454;MKT-200;38689454-MKT200;2024 - I
38693211;DAT-201;38693211-DAT201;2025 - I
38693211;NEG-400;38693211-NEG400;2025 - I
38693211;UX-100;38693211-UX100;2025 - II
38693211;GEN-101;38693211-GEN101;2025 - I
38695540;DEV-101;38695540-DEV101;2025 - II
38695540;GEN-101;38695540-GEN101;2025 - I
38695540;NEG-400;38695540-NEG400;2025 - II
38695540;DAT-101;38695540-DAT101;2025 - I
38695540;DAT-305;38695540-DAT305;2025 - II
38703238;GEN-101;38703238-GEN101;2024 - II
38703285;NEG-400;38703285-NEG400;2024 - II
38714246;UX-100;38714246-UX100;2025 - II
38714246;DAT-201;38714246-DAT201;2025 - I
38714246;IA-300;38714246-IA300;2025 - I
38714246;MKT-200;38714246-MKT200;2025 - II
38714246;DEV-101;38714246-DEV101;2025 - II
38717375;IA-300;38717375-IA300;2024 - II
38717375;GEN-101;38717375-GEN101;2024 - II
38720883;GEN-101;38720883-GEN101;2024 - I
38724522;UX-100;38724522-UX100;2024 - I
38726954;MKT-200;38726954-MKT200;2024 - II
38726954;UX-100;38726954-UX100;2024 - II
38726954;DAT-201;38726954-DAT201;2024 - I
38749521;MKT-200;38749521-MKT200;2024 - II
38749521;UX-100;38749521-UX100;2024 - II
38750180;MKT-200;38750180-MKT200;2024 - I
38750180;UX-100;38750180-UX100;2024 - I
38766730;IA-300;38766730-IA300;2024 - II
38773709;DAT-201;38773709-DAT201;2025 - II
38773709;NEG-400;38773709-NEG400;2025 - I
38780853;IA-300;38780853-IA300;2025 - II
38780853;MKT-200;38780853-MKT200;2025 - I
38780853;NEG-400;38780853-NEG400;2025 - I
38786481;DAT-101;38786481-DAT101;2025 - II
38789605;DAT-201;38789605-DAT201;2024 - I
38794221;IA-400;38794221-IA400;2025 - II
38794221;DAT-305;38794221-DAT305;2025 - I
38811418;GEN-101;38811418-GEN101;2024 - II
38811418;NEG-400;38811418-NEG400;2024 - I
38818793;UX-100;38818793-UX100;2025 - II
38818793;DAT-305;38818793-DAT305;2025 - II
38818793;DAT-201;38818793-DAT201;2025 - I
38832034;NEG-400;38832034-NEG400;2024 - I
38832034;GEN-101;38832034-GEN101;2024 - II
38842716;DAT-101;38842716-DAT101;2024 - II
38856423;MKT-200;38856423-MKT200;2024 - II
38856423;GEN-101;38856423-GEN101;2024 - II
38866674;MKT-200;38866674-MKT200;2024 - I
38866674;GEN-101;38866674-GEN101;2024 - II
38866674;NEG-400;38866674-NEG400;2024 - I
38869750;NEG-400;38869750-NEG400;2025 - II
38869750;DAT-101;38869750-DAT101;2025 - I
38869750;IA-400;38869750-IA400;2025 - II
38869750;UX-100;38869750-UX100;2025 - I
38869750;DAT-305;38869750-DAT305;2025 - II
38877407;DEV-101;38877407-DEV101;2024 - I
38877407;DAT-201;38877407-DAT201;2024 - I
38902809;MKT-200;38902809-MKT200;2025 - II
38902809;UX-100;38902809-UX100;2025 - I
38917148;DAT-201;38917148-DAT201;2024 - II
38925094;DAT-101;38925094-DAT101;2024 - I
38928581;DAT-201;38928581-DAT201;2024 - II
38934818;DAT-201;38934818-DAT201;2024 - I
38934818;UX-100;38934818-UX100;2024 - I
38936509;DEV-101;38936509-DEV101;2025 - II
38936509;DAT-101;38936509-DAT101;2025 - II
38940969;IA-300;38940969-IA300;2025 - I
38940969;GEN-101;38940969-GEN101;2025 - I
38940969;DAT-201;38940969-DAT201;2025 - II
38941014;MKT-200;38941014-MKT200;2024 - II
38946448;DAT-201;38946448-DAT201;2025 - I
38955588;MKT-200;38955588-MKT200;2025 - II
38964128;DAT-201;38964128-DAT201;2025 - I
38964128;IA-400;38964128-IA400;2025 - II
38964128;MKT-200;38964128-MKT200;2025 - II
38964128;DAT-305;38964128-DAT305;2025 - II
38964128;IA-300;38964128-IA300;2025 - II
38967997;NEG-400;38967997-NEG400;2025 - II
38967997;DEV-101;38967997-DEV101;2025 - I
38991597;NEG-400;38991597-NEG400;2025 - II
38991597;DEV-101;38991597-DEV101;2025 - II
38991597;IA-400;38991597-IA400;2025 - I
39001607;UX-100;39001607-UX100;2024 - I
39001607;DAT-201;39001607-DAT201;2024 - I
39001607;GEN-101;39001607-GEN101;2024 - II
39003369;UX-100;39003369-UX100;2024 - I
39003369;DAT-201;39003369-DAT201;2024 - II
39006974;UX-100;39006974-UX100;2025 - I
39006974;DAT-305;39006974-DAT305;2025 - II
39006974;DAT-201;39006974-DAT201;2025 - II
39023389;IA-300;39023389-IA300;2025 - II
39023389;UX-100;39023389-UX100;2025 - I
39023389;IA-400;39023389-IA400;2025 - I
39038900;DAT-201;39038900-DAT201;2024 - II
39038900;UX-100;39038900-UX100;2024 - II
39040140;MKT-200;39040140-MKT200;2025 - II
39040140;IA-300;39040140-IA300;2025 - I
39040140;DAT-305;39040140-DAT305;2025 - I
39040140;DAT-101;39040140-DAT101;2025 - I
39040140;IA-400;39040140-IA400;2025 - II
39041016;DEV-101;39041016-DEV101;2024 - I
39041016;IA-300;39041016-IA300;2024 - II
39041016;DAT-201;39041016-DAT201;2024 - II
39046561;IA-400;39046561-IA400;2025 - I
39046561;NEG-400;39046561-NEG400;2025 - II
39046561;DAT-305;39046561-DAT305;2025 - I
39047069;DAT-305;39047069-DAT305;2025 - II
39047069;DEV-101;39047069-DEV101;2025 - II
39047069;MKT-200;39047069-MKT200;2025 - II
39047069;DAT-201;39047069-DAT201;2025 - II
39047069;NEG-400;39047069-NEG400;2025 - II
39054820;DAT-201;39054820-DAT201;2024 - I
39068971;UX-100;39068971-UX100;2025 - I
39068971;GEN-101;39068971-GEN101;2025 - I
39068971;IA-400;39068971-IA400;2025 - II
39068971;DAT-101;39068971-DAT101;2025 - I
39073064;DEV-101;39073064-DEV101;2025 - II
39073064;IA-400;39073064-IA400;2025 - II
39073064;GEN-101;39073064-GEN101;2025 - I
39073370;NEG-400;39073370-NEG400;2025 - I
39073370;MKT-200;39073370-MKT200;2025 - II
39073370;DAT-101;39073370-DAT101;2025 - II
39073370;UX-100;39073370-UX100;2025 - II
39074649;NEG-400;39074649-NEG400;2024 - II
39074649;DEV-101;39074649-DEV101;2024 - I
39087618;DEV-101;39087618-DEV101;2025 - II
39087618;GEN-101;39087618-GEN101;2025 - II
39087618;DAT-201;39087618-DAT201;2025 - II
39087618;UX-100;39087618-UX100;2025 - I
39093550;DAT-101;39093550-DAT101;2025 - II
39099433;NEG-400;39099433-NEG400;2024 - I
39107282;IA-400;39107282-IA400;2025 - II
39107282;GEN-101;39107282-GEN101;2025 - I
39107282;UX-100;39107282-UX100;2025 - II
39107282;DAT-305;39107282-DAT305;2025 - I
39110609;GEN-101;39110609-GEN101;2024 - II
39110609;DAT-201;39110609-DAT201;2024 - II
39110609;DEV-101;39110609-DEV101;2024 - II
39121001;DAT-201;39121001-DAT201;2025 - I
39121001;NEG-400;39121001-NEG400;2025 - I
39121001;DAT-305;39121001-DAT305;2025 - II
39121001;UX-100;39121001-UX100;2025 - II
39126892;DAT-201;39126892-DAT201;2025 - I
39126892;DAT-305;39126892-DAT305;2025 - II
39126892;GEN-101;39126892-GEN101;2025 - II
39129106;MKT-200;39129106-MKT200;2024 - I
39129106;GEN-101;39129106-GEN101;2024 - I
39129106;NEG-400;39129106-NEG400;2024 - II
39129106;DAT-201;39129106-DAT201;2024 - I
39129106;DAT-101;39129106-DAT101;2024 - II
39144752;DAT-201;39144752-DAT201;2024 - I
39144752;IA-300;39144752-IA300;2024 - I
39145092;IA-400;39145092-IA400;2025 - II
39145092;DEV-101;39145092-DEV101;2025 - II
39145092;NEG-400;39145092-NEG400;2025 - I
39145092;MKT-200;39145092-MKT200;2025 - I
39145092;DAT-201;39145092-DAT201;2025 - II
39157120;IA-300;39157120-IA300;2024 - I
39157120;UX-100;39157120-UX100;2024 - II
39159460;GEN-101;39159460-GEN101;2025 - II
39159460;DEV-101;39159460-DEV101;2025 - II
39159460;MKT-200;39159460-MKT200;2025 - II
39159460;IA-400;39159460-IA400;2025 - I
39160706;IA-400;39160706-IA400;2025 - II
39160706;NEG-400;39160706-NEG400;2025 - II
39160706;MKT-200;39160706-MKT200;2025 - I
39160706;DAT-305;39160706-DAT305;2025 - I
39160706;GEN-101;39160706-GEN101;2025 - I
39164387;UX-100;39164387-UX100;2024 - I
39171997;DAT-201;39171997-DAT201;2025 - I
39171997;IA-400;39171997-IA400;2025 - I
39194704;DEV-101;39194704-DEV101;2024 - I
39195104;GEN-101;39195104-GEN101;2025 - I
39195104;DEV-101;39195104-DEV101;2025 - I
39195104;IA-300;39195104-IA300;2025 - II
39195104;MKT-200;39195104-MKT200;2025 - I
39195104;IA-400;39195104-IA400;2025 - I
39208663;DEV-101;39208663-DEV101;2024 - II
39214817;IA-300;39214817-IA300;2025 - II
39214817;MKT-200;39214817-MKT200;2025 - II
39214817;DEV-101;39214817-DEV101;2025 - II
39214817;DAT-305;39214817-DAT305;2025 - II
39216162;MKT-200;39216162-MKT200;2024 - I
39220415;IA-300;39220415-IA300;2025 - I
39220415;DEV-101;39220415-DEV101;2025 - I
39220415;DAT-305;39220415-DAT305;2025 - II
39220415;MKT-200;39220415-MKT200;2025 - I
39224971;NEG-400;39224971-NEG400;2024 - I
39231072;UX-100;39231072-UX100;2025 - I
39231072;GEN-101;39231072-GEN101;2025 - II
39244530;DAT-305;39244530-DAT305;2025 - II
39244530;MKT-200;39244530-MKT200;2025 - I
39250711;IA-300;39250711-IA300;2025 - II
39250711;DAT-201;39250711-DAT201;2025 - II
39251592;GEN-101;39251592-GEN101;2024 - II
39255922;DAT-101;39255922-DAT101;2025 - I
39255922;IA-300;39255922-IA300;2025 - II
39255922;NEG-400;39255922-NEG400;2025 - I
39255922;MKT-200;39255922-MKT200;2025 - II
39255922;GEN-101;39255922-GEN101;2025 - I
39260956;NEG-400;39260956-NEG400;2024 - II
39263332;UX-100;39263332-UX100;2024 - II
39264124;DEV-101;39264124-DEV101;2024 - I
39264124;MKT-200;39264124-MKT200;2024 - II
39264124;DAT-101;39264124-DAT101;2024 - II
39265874;NEG-400;39265874-NEG400;2025 - I
39265874;IA-400;39265874-IA400;2025 - II
39265874;DAT-305;39265874-DAT305;2025 - II
39265874;DAT-201;39265874-DAT201;2025 - I
39265874;UX-100;39265874-UX100;2025 - I
39265874;DEV-101;39265874-DEV101;2025 - II
39268069;IA-300;39268069-IA300;2024 - II
39268069;NEG-400;39268069-NEG400;2024 - I
39269288;MKT-200;39269288-MKT200;2024 - II
39269288;DAT-101;39269288-DAT101;2024 - I
39269288;UX-100;39269288-UX100;2024 - I
39278348;UX-100;39278348-UX100;2025 - I
39278348;GEN-101;39278348-GEN101;2025 - II
39278348;DEV-101;39278348-DEV101;2025 - II
39278348;NEG-400;39278348-NEG400;2025 - I
39278348;DAT-201;39278348-DAT201;2025 - II
39278348;IA-400;39278348-IA400;2025 - I
39281798;GEN-101;39281798-GEN101;2025 - II
39281798;NEG-400;39281798-NEG400;2025 - II
39281798;DAT-305;39281798-DAT305;2025 - I
39297755;DAT-101;39297755-DAT101;2025 - I
39297755;NEG-400;39297755-NEG400;2025 - II
39297755;DAT-201;39297755-DAT201;2025 - II
39297755;GEN-101;39297755-GEN101;2025 - II
39297755;IA-400;39297755-IA400;2025 - II
39297755;UX-100;39297755-UX100;2025 - I
39308771;DEV-101;39308771-DEV101;2024 - I
39311402;GEN-101;39311402-GEN101;2025 - II
39311402;IA-300;39311402-IA300;2025 - I
39311402;DAT-201;39311402-DAT201;2025 - II
39314240;NEG-400;39314240-NEG400;2024 - II
39335040;IA-300;39335040-IA300;2025 - I
39335040;MKT-200;39335040-MKT200;2025 - I
39335040;IA-400;39335040-IA400;2025 - II
39335040;DAT-101;39335040-DAT101;2025 - I
39337175;IA-400;39337175-IA400;2025 - I
39337175;DAT-305;39337175-DAT305;2025 - I
39337175;IA-300;39337175-IA300;2025 - I
39337175;DAT-201;39337175-DAT201;2025 - II
39337175;NEG-400;39337175-NEG400;2025 - II
39337175;UX-100;39337175-UX100;2025 - I
39337175;DAT-101;39337175-DAT101;2025 - I
39341417;NEG-400;39341417-NEG400;2024 - I
39341417;DAT-201;39341417-DAT201;2024 - I
39341417;DEV-101;39341417-DEV101;2024 - II
39353079;UX-100;39353079-UX100;2024 - II
39371126;DEV-101;39371126-DEV101;2024 - II
39371126;DAT-101;39371126-DAT101;2024 - II
39386440;DAT-201;39386440-DAT201;2024 - I
39386440;DEV-101;39386440-DEV101;2024 - II
39386440;UX-100;39386440-UX100;2024 - II
39386861;DEV-101;39386861-DEV101;2024 - I
39386861;DAT-201;39386861-DAT201;2024 - I
39386861;UX-100;39386861-UX100;2024 - I
39396593;MKT-200;39396593-MKT200;2025 - II
39396593;DEV-101;39396593-DEV101;2025 - II
39396593;DAT-201;39396593-DAT201;2025 - I
39396593;UX-100;39396593-UX100;2025 - II
39402003;DAT-101;39402003-DAT101;2024 - I
39405037;GEN-101;39405037-GEN101;2024 - I
39407484;UX-100;39407484-UX100;2025 - I
39407484;GEN-101;39407484-GEN101;2025 - I
39407484;IA-400;39407484-IA400;2025 - I
39407484;DEV-101;39407484-DEV101;2025 - II
39407484;MKT-200;39407484-MKT200;2025 - I
39412125;DAT-305;39412125-DAT305;2025 - II
39412125;DAT-201;39412125-DAT201;2025 - II
39412125;IA-300;39412125-IA300;2025 - II
39412125;GEN-101;39412125-GEN101;2025 - I
39412125;DAT-101;39412125-DAT101;2025 - I
39412125;NEG-400;39412125-NEG400;2025 - I
39416795;MKT-200;39416795-MKT200;2025 - II
39416795;NEG-400;39416795-NEG400;2025 - I
39416795;GEN-101;39416795-GEN101;2025 - I
39416795;UX-100;39416795-UX100;2025 - II
39430035;DEV-101;39430035-DEV101;2024 - I
39442545;DAT-201;39442545-DAT201;2025 - II
39442545;IA-400;39442545-IA400;2025 - II
39449899;IA-400;39449899-IA400;2025 - II
39449899;DAT-101;39449899-DAT101;2025 - II
39449899;NEG-400;39449899-NEG400;2025 - II
39449899;DAT-305;39449899-DAT305;2025 - II
39451059;GEN-101;39451059-GEN101;2024 - I
39451059;NEG-400;39451059-NEG400;2024 - II
39463207;UX-100;39463207-UX100;2024 - II
39463207;IA-300;39463207-IA300;2024 - I
39463207;DAT-201;39463207-DAT201;2024 - I
39473672;NEG-400;39473672-NEG400;2025 - II
39473672;DAT-101;39473672-DAT101;2025 - I
39473672;DEV-101;39473672-DEV101;2025 - II
39473672;IA-400;39473672-IA400;2025 - I
39473672;DAT-305;39473672-DAT305;2025 - I
39475622;DAT-201;39475622-DAT201;2025 - I
39475622;MKT-200;39475622-MKT200;2025 - I
39475622;DAT-305;39475622-DAT305;2025 - II
39479461;GEN-101;39479461-GEN101;2024 - II
39479461;DAT-201;39479461-DAT201;2024 - II
39480865;DAT-101;39480865-DAT101;2025 - II
39480865;IA-400;39480865-IA400;2025 - I
39480865;DEV-101;39480865-DEV101;2025 - I
39500363;UX-100;39500363-UX100;2024 - I
39500363;IA-300;39500363-IA300;2024 - II
39515864;IA-300;39515864-IA300;2024 - II
39515864;DAT-101;39515864-DAT101;2024 - II
39535799;UX-100;39535799-UX100;2025 - II
39535799;IA-400;39535799-IA400;2025 - II
39535799;DAT-101;39535799-DAT101;2025 - II
39540425;UX-100;39540425-UX100;2024 - II
39540425;DAT-201;39540425-DAT201;2024 - II
39547835;DAT-201;39547835-DAT201;2025 - II
39547835;DEV-101;39547835-DEV101;2025 - I
39547835;MKT-200;39547835-MKT200;2025 - I
39547835;NEG-400;39547835-NEG400;2025 - I
39556507;DAT-201;39556507-DAT201;2024 - II
39556507;IA-300;39556507-IA300;2024 - I
39557640;NEG-400;39557640-NEG400;2025 - II
39557640;DAT-305;39557640-DAT305;2025 - I
39563230;DAT-201;39563230-DAT201;2024 - I
39563230;NEG-400;39563230-NEG400;2024 - II
39571770;GEN-101;39571770-GEN101;2024 - II
39571770;IA-300;39571770-IA300;2024 - I
39579172;DAT-305;39579172-DAT305;2025 - II
39579172;NEG-400;39579172-NEG400;2025 - II
39579172;UX-100;39579172-UX100;2025 - II
39579172;IA-400;39579172-IA400;2025 - I
39579403;UX-100;39579403-UX100;2024 - I
39579403;DAT-201;39579403-DAT201;2024 - I
39579403;DAT-101;39579403-DAT101;2024 - I
39579403;GEN-101;39579403-GEN101;2024 - II
39579403;MKT-200;39579403-MKT200;2024 - II
39592778;IA-400;39592778-IA400;2025 - II
39592778;DAT-305;39592778-DAT305;2025 - II
39592778;DAT-101;39592778-DAT101;2025 - II
39592778;UX-100;39592778-UX100;2025 - II
39592778;DAT-201;39592778-DAT201;2025 - II
39605597;UX-100;39605597-UX100;2024 - I
39605597;DEV-101;39605597-DEV101;2024 - II
39605597;DAT-101;39605597-DAT101;2024 - I
39623347;GEN-101;39623347-GEN101;2025 - I
39623347;MKT-200;39623347-MKT200;2025 - II
39623347;DEV-101;39623347-DEV101;2025 - I
39623347;IA-300;39623347-IA300;2025 - I
39623347;UX-100;39623347-UX100;2025 - I
39632675;DAT-101;39632675-DAT101;2024 - II
39632675;DEV-101;39632675-DEV101;2024 - II
39641826;GEN-101;39641826-GEN101;2024 - II
39641826;DAT-101;39641826-DAT101;2024 - I
39647120;UX-100;39647120-UX100;2025 - II
39647120;DEV-101;39647120-DEV101;2025 - I
39647120;DAT-101;39647120-DAT101;2025 - I
39647120;DAT-201;39647120-DAT201;2025 - I
39679193;MKT-200;39679193-MKT200;2024 - I
39679193;DEV-101;39679193-DEV101;2024 - II
39684156;DAT-201;39684156-DAT201;2025 - II
39684156;DAT-101;39684156-DAT101;2025 - I
39684156;UX-100;39684156-UX100;2025 - II
39684246;IA-300;39684246-IA300;2024 - II
39684246;GEN-101;39684246-GEN101;2024 - II
39691054;UX-100;39691054-UX100;2024 - I
39695033;GEN-101;39695033-GEN101;2024 - II
39695989;UX-100;39695989-UX100;2024 - I
39696052;DEV-101;39696052-DEV101;2024 - II
39696052;DAT-101;39696052-DAT101;2024 - II
39696052;GEN-101;39696052-GEN101;2024 - I
39718327;DEV-101;39718327-DEV101;2024 - I
39718327;DAT-201;39718327-DAT201;2024 - II
39724445;IA-300;39724445-IA300;2024 - II
39733145;DAT-201;39733145-DAT201;2025 - II
39733145;IA-400;39733145-IA400;2025 - I
39733145;DAT-305;39733145-DAT305;2025 - II
39733145;GEN-101;39733145-GEN101;2025 - I
39733145;IA-300;39733145-IA300;2025 - I
39734889;UX-100;39734889-UX100;2024 - I
39734889;DAT-101;39734889-DAT101;2024 - II
39734889;GEN-101;39734889-GEN101;2024 - I
39737785;DEV-101;39737785-DEV101;2025 - II
39737785;MKT-200;39737785-MKT200;2025 - I
39737785;DAT-201;39737785-DAT201;2025 - II
39737785;GEN-101;39737785-GEN101;2025 - I
39747478;NEG-400;39747478-NEG400;2024 - I
39749714;UX-100;39749714-UX100;2024 - II
39749714;IA-300;39749714-IA300;2024 - II
39749714;MKT-200;39749714-MKT200;2024 - II
39752062;UX-100;39752062-UX100;2025 - I
39752062;MKT-200;39752062-MKT200;2025 - I
39752062;GEN-101;39752062-GEN101;2025 - I
39752062;IA-400;39752062-IA400;2025 - II
39759071;UX-100;39759071-UX100;2025 - II
39759071;MKT-200;39759071-MKT200;2025 - I
39765048;IA-400;39765048-IA400;2025 - II
39765048;DAT-201;39765048-DAT201;2025 - I
39765048;DAT-305;39765048-DAT305;2025 - II
39765048;IA-300;39765048-IA300;2025 - II
39765048;NEG-400;39765048-NEG400;2025 - I
39775624;UX-100;39775624-UX100;2024 - I
39777873;NEG-400;39777873-NEG400;2024 - I
39777873;DAT-201;39777873-DAT201;2024 - I
39777873;IA-300;39777873-IA300;2024 - II
39796864;DAT-101;39796864-DAT101;2025 - II
39796864;IA-300;39796864-IA300;2025 - I
39796864;IA-400;39796864-IA400;2025 - I
39796864;GEN-101;39796864-GEN101;2025 - I
39817999;DAT-305;39817999-DAT305;2025 - II
39817999;IA-400;39817999-IA400;2025 - I
39817999;DAT-101;39817999-DAT101;2025 - II
39820530;IA-300;39820530-IA300;2025 - II
39820530;DAT-101;39820530-DAT101;2025 - II
39820530;GEN-101;39820530-GEN101;2025 - II
39820530;IA-400;39820530-IA400;2025 - II
39820530;UX-100;39820530-UX100;2025 - I
39820530;NEG-400;39820530-NEG400;2025 - I
39820530;DAT-305;39820530-DAT305;2025 - II
39820530;DAT-201;39820530-DAT201;2025 - II
39822223;MKT-200;39822223-MKT200;2024 - II
39822223;IA-300;39822223-IA300;2024 - I
39831826;DAT-201;39831826-DAT201;2025 - II
39831826;IA-400;39831826-IA400;2025 - II
39831826;DAT-101;39831826-DAT101;2025 - II
39835913;NEG-400;39835913-NEG400;2025 - I
39835913;IA-400;39835913-IA400;2025 - II
39835913;MKT-200;39835913-MKT200;2025 - II
39835913;DAT-201;39835913-DAT201;2025 - I
39839138;DAT-201;39839138-DAT201;2024 - II
39839138;MKT-200;39839138-MKT200;2024 - II
39842417;DEV-101;39842417-DEV101;2024 - I
39856178;DAT-101;39856178-DAT101;2024 - I
39875233;NEG-400;39875233-NEG400;2024 - I
39875233;IA-300;39875233-IA300;2024 - II
39877132;DAT-101;39877132-DAT101;2024 - II
39881121;IA-300;39881121-IA300;2024 - II
39881121;UX-100;39881121-UX100;2024 - II
39901527;IA-400;39901527-IA400;2025 - II
39901527;IA-300;39901527-IA300;2025 - II
39901527;DAT-101;39901527-DAT101;2025 - I
39901527;NEG-400;39901527-NEG400;2025 - II
39901527;GEN-101;39901527-GEN101;2025 - II
39905167;DAT-201;39905167-DAT201;2025 - I
39908813;IA-300;39908813-IA300;2025 - I
39908813;NEG-400;39908813-NEG400;2025 - II
39908813;DAT-305;39908813-DAT305;2025 - I
39908813;MKT-200;39908813-MKT200;2025 - I
39910307;UX-100;39910307-UX100;2024 - II
39910307;DAT-101;39910307-DAT101;2024 - II
39916823;UX-100;39916823-UX100;2024 - II
39916823;IA-300;39916823-IA300;2024 - I
39919057;UX-100;39919057-UX100;2025 - II
39919057;MKT-200;39919057-MKT200;2025 - II
39921380;DAT-201;39921380-DAT201;2024 - I
39921380;MKT-200;39921380-MKT200;2024 - II
39924190;DAT-201;39924190-DAT201;2024 - II
39924190;DAT-101;39924190-DAT101;2024 - II
39924190;GEN-101;39924190-GEN101;2024 - I
39924190;IA-300;39924190-IA300;2024 - I
39961417;UX-100;39961417-UX100;2025 - II
39996815;IA-400;39996815-IA400;2025 - II
39996815;DAT-101;39996815-DAT101;2025 - II
39996815;NEG-400;39996815-NEG400;2025 - II
39996815;GEN-101;39996815-GEN101;2025 - I
39996815;IA-300;39996815-IA300;2025 - I
40014561;DAT-201;40014561-DAT201;2025 - I
40014561;DAT-101;40014561-DAT101;2025 - I
40014561;NEG-400;40014561-NEG400;2025 - II
40014561;IA-300;40014561-IA300;2025 - I
40033579;UX-100;40033579-UX100;2024 - I
40038176;UX-100;40038176-UX100;2024 - II
40039504;IA-300;40039504-IA300;2025 - II
40039504;UX-100;40039504-UX100;2025 - II
40039504;GEN-101;40039504-GEN101;2025 - I
40039504;DAT-101;40039504-DAT101;2025 - II
40039504;DAT-305;40039504-DAT305;2025 - I
40045468;IA-300;40045468-IA300;2025 - II
40045468;UX-100;40045468-UX100;2025 - II
40045468;IA-400;40045468-IA400;2025 - I
40045468;GEN-101;40045468-GEN101;2025 - I
40051444;GEN-101;40051444-GEN101;2024 - I
40051802;IA-300;40051802-IA300;2024 - I
40059343;GEN-101;40059343-GEN101;2024 - I
40069107;DEV-101;40069107-DEV101;2024 - II
40069107;DAT-201;40069107-DAT201;2024 - II
40069107;MKT-200;40069107-MKT200;2024 - I
40069107;GEN-101;40069107-GEN101;2024 - II
40099804;IA-400;40099804-IA400;2025 - I
40099804;DAT-305;40099804-DAT305;2025 - II
40099804;GEN-101;40099804-GEN101;2025 - I
40099804;NEG-400;40099804-NEG400;2025 - II
40102789;UX-100;40102789-UX100;2025 - I
40102789;DEV-101;40102789-DEV101;2025 - I
40102789;DAT-305;40102789-DAT305;2025 - II
40102789;IA-400;40102789-IA400;2025 - II
40104822;GEN-101;40104822-GEN101;2025 - II
40104822;MKT-200;40104822-MKT200;2025 - I
40104822;DEV-101;40104822-DEV101;2025 - I
40105729;MKT-200;40105729-MKT200;2024 - I
40105729;GEN-101;40105729-GEN101;2024 - I
40105729;DAT-101;40105729-DAT101;2024 - II
40116733;IA-300;40116733-IA300;2025 - II
40116733;DEV-101;40116733-DEV101;2025 - I
40116733;UX-100;40116733-UX100;2025 - I
40126484;DAT-101;40126484-DAT101;2024 - I
40132599;MKT-200;40132599-MKT200;2024 - II
40132599;GEN-101;40132599-GEN101;2024 - II
40132599;DAT-201;40132599-DAT201;2024 - II
40133866;NEG-400;40133866-NEG400;2024 - I
40140970;DAT-305;40140970-DAT305;2025 - I
40140970;MKT-200;40140970-MKT200;2025 - II
40140970;NEG-400;40140970-NEG400;2025 - I
40140970;IA-400;40140970-IA400;2025 - I
40140970;GEN-101;40140970-GEN101;2025 - II
40156501;MKT-200;40156501-MKT200;2024 - II
40167473;IA-300;40167473-IA300;2024 - II
40167473;MKT-200;40167473-MKT200;2024 - I
40167473;UX-100;40167473-UX100;2024 - I
40174122;DAT-101;40174122-DAT101;2024 - II
40175984;IA-400;40175984-IA400;2025 - I
40175984;UX-100;40175984-UX100;2025 - I
40175984;DAT-305;40175984-DAT305;2025 - II
40176154;IA-300;40176154-IA300;2025 - I
40176154;GEN-101;40176154-GEN101;2025 - I
40192554;IA-300;40192554-IA300;2025 - I
40201800;UX-100;40201800-UX100;2025 - II
40201800;DAT-101;40201800-DAT101;2025 - I
40201800;DAT-305;40201800-DAT305;2025 - I
40204911;DEV-101;40204911-DEV101;2025 - I
40204911;DAT-305;40204911-DAT305;2025 - I
40204911;MKT-200;40204911-MKT200;2025 - I
40214433;DAT-101;40214433-DAT101;2024 - I
40214433;UX-100;40214433-UX100;2024 - II
40214433;GEN-101;40214433-GEN101;2024 - II
40220174;DEV-101;40220174-DEV101;2024 - I
40228309;NEG-400;40228309-NEG400;2025 - I
40228309;IA-300;40228309-IA300;2025 - II
40228309;IA-400;40228309-IA400;2025 - II
40230385;DAT-101;40230385-DAT101;2025 - II
40230385;DEV-101;40230385-DEV101;2025 - II
40230385;MKT-200;40230385-MKT200;2025 - II
40230385;DAT-201;40230385-DAT201;2025 - II
40230385;IA-400;40230385-IA400;2025 - II
40235116;DAT-201;40235116-DAT201;2025 - I
40235116;NEG-400;40235116-NEG400;2025 - II
40235116;IA-300;40235116-IA300;2025 - II
40235116;IA-400;40235116-IA400;2025 - II
40235116;DAT-305;40235116-DAT305;2025 - II
40235116;MKT-200;40235116-MKT200;2025 - I
40237965;UX-100;40237965-UX100;2024 - II
40237965;MKT-200;40237965-MKT200;2024 - II
40245831;NEG-400;40245831-NEG400;2024 - I
40250893;MKT-200;40250893-MKT200;2025 - II
40253163;DEV-101;40253163-DEV101;2025 - II
40253163;DAT-101;40253163-DAT101;2025 - I
40253163;IA-400;40253163-IA400;2025 - I
40253163;GEN-101;40253163-GEN101;2025 - II
40253163;MKT-200;40253163-MKT200;2025 - I
40253163;IA-300;40253163-IA300;2025 - I
40269989;IA-400;40269989-IA400;2025 - II
40269989;DAT-305;40269989-DAT305;2025 - II
40269989;DAT-201;40269989-DAT201;2025 - I
40283838;DEV-101;40283838-DEV101;2025 - II
40283838;MKT-200;40283838-MKT200;2025 - II
40283838;DAT-305;40283838-DAT305;2025 - II
40283838;IA-300;40283838-IA300;2025 - I
40284355;NEG-400;40284355-NEG400;2025 - I
40284355;IA-400;40284355-IA400;2025 - I
40284355;DAT-201;40284355-DAT201;2025 - II
40284355;IA-300;40284355-IA300;2025 - I
40284355;DEV-101;40284355-DEV101;2025 - II
40287807;MKT-200;40287807-MKT200;2025 - II
40287807;DAT-305;40287807-DAT305;2025 - II
40287807;UX-100;40287807-UX100;2025 - II
40287807;DAT-201;40287807-DAT201;2025 - I
40293144;IA-300;40293144-IA300;2025 - II
40293144;DEV-101;40293144-DEV101;2025 - II
40296795;DEV-101;40296795-DEV101;2025 - I
40296795;NEG-400;40296795-NEG400;2025 - II
40296795;MKT-200;40296795-MKT200;2025 - I
40305444;DAT-201;40305444-DAT201;2025 - I
40305444;IA-400;40305444-IA400;2025 - I
40305444;NEG-400;40305444-NEG400;2025 - II
40305444;UX-100;40305444-UX100;2025 - I
40305444;MKT-200;40305444-MKT200;2025 - II
40305444;DAT-305;40305444-DAT305;2025 - I
40305444;DAT-101;40305444-DAT101;2025 - II
40306605;DEV-101;40306605-DEV101;2024 - II
40306605;DAT-201;40306605-DAT201;2024 - II
40311533;GEN-101;40311533-GEN101;2025 - I
40328227;IA-300;40328227-IA300;2024 - I
40330349;MKT-200;40330349-MKT200;2025 - I
40330349;GEN-101;40330349-GEN101;2025 - I
40330349;UX-100;40330349-UX100;2025 - II
40330349;IA-400;40330349-IA400;2025 - I
40330349;IA-300;40330349-IA300;2025 - II
40330349;DAT-101;40330349-DAT101;2025 - II
40333573;DAT-101;40333573-DAT101;2025 - II
40333573;UX-100;40333573-UX100;2025 - I
40333573;IA-400;40333573-IA400;2025 - I
40333573;MKT-200;40333573-MKT200;2025 - II
40333573;GEN-101;40333573-GEN101;2025 - I
40337941;MKT-200;40337941-MKT200;2025 - II
40337941;DAT-101;40337941-DAT101;2025 - II
40337941;NEG-400;40337941-NEG400;2025 - II
40338924;DAT-201;40338924-DAT201;2024 - I
40338924;NEG-400;40338924-NEG400;2024 - I
40348880;DAT-201;40348880-DAT201;2024 - I
40348880;UX-100;40348880-UX100;2024 - II
40350483;DAT-101;40350483-DAT101;2025 - II
40350483;IA-400;40350483-IA400;2025 - II
40358012;DAT-101;40358012-DAT101;2024 - II
40358012;UX-100;40358012-UX100;2024 - II
40358012;NEG-400;40358012-NEG400;2024 - II
40358538;IA-300;40358538-IA300;2025 - I
40358538;GEN-101;40358538-GEN101;2025 - II
40358538;DEV-101;40358538-DEV101;2025 - I
40366603;IA-400;40366603-IA400;2025 - II
40366603;DAT-201;40366603-DAT201;2025 - I
40366603;GEN-101;40366603-GEN101;2025 - II
40366603;NEG-400;40366603-NEG400;2025 - I
40371152;DAT-201;40371152-DAT201;2024 - I
40391525;DAT-101;40391525-DAT101;2024 - II
40394280;DAT-305;40394280-DAT305;2025 - II
40399678;IA-400;40399678-IA400;2025 - II
40399678;GEN-101;40399678-GEN101;2025 - II
40400092;DAT-201;40400092-DAT201;2025 - I
40400092;DEV-101;40400092-DEV101;2025 - I
40400092;DAT-101;40400092-DAT101;2025 - I
40400092;MKT-200;40400092-MKT200;2025 - II
40400092;DAT-305;40400092-DAT305;2025 - II
40401825;DEV-101;40401825-DEV101;2025 - I
40401825;NEG-400;40401825-NEG400;2025 - II
40401825;DAT-305;40401825-DAT305;2025 - I
40409948;MKT-200;40409948-MKT200;2025 - II
40409948;IA-300;40409948-IA300;2025 - I
40419585;IA-300;40419585-IA300;2024 - II
40421216;GEN-101;40421216-GEN101;2024 - I
40421216;DAT-101;40421216-DAT101;2024 - II
40421216;DEV-101;40421216-DEV101;2024 - II
40422549;DAT-201;40422549-DAT201;2024 - II
40422549;MKT-200;40422549-MKT200;2024 - I
40423919;DAT-305;40423919-DAT305;2025 - I
40423919;DAT-201;40423919-DAT201;2025 - I
40434897;GEN-101;40434897-GEN101;2024 - I
40437078;DEV-101;40437078-DEV101;2025 - II
40437078;UX-100;40437078-UX100;2025 - II
40437078;DAT-101;40437078-DAT101;2025 - I
40437078;NEG-400;40437078-NEG400;2025 - II
40437078;DAT-305;40437078-DAT305;2025 - II
40437078;MKT-200;40437078-MKT200;2025 - II
40437937;MKT-200;40437937-MKT200;2025 - II
40446070;NEG-400;40446070-NEG400;2024 - I
40451762;UX-100;40451762-UX100;2025 - I
40451762;DAT-101;40451762-DAT101;2025 - I
40451762;DAT-201;40451762-DAT201;2025 - II
40451762;IA-400;40451762-IA400;2025 - II
40451762;IA-300;40451762-IA300;2025 - II
40451762;GEN-101;40451762-GEN101;2025 - II
40451762;DEV-101;40451762-DEV101;2025 - I
40454674;UX-100;40454674-UX100;2025 - I
40454674;DAT-201;40454674-DAT201;2025 - I
40496612;UX-100;40496612-UX100;2024 - II
40496612;DAT-101;40496612-DAT101;2024 - I
40513724;DEV-101;40513724-DEV101;2024 - II
40513724;DAT-201;40513724-DAT201;2024 - I
40523492;DAT-305;40523492-DAT305;2025 - II
40523492;GEN-101;40523492-GEN101;2025 - II
40531804;DEV-101;40531804-DEV101;2025 - I
40531804;DAT-305;40531804-DAT305;2025 - I
40531804;UX-100;40531804-UX100;2025 - II
40531804;DAT-201;40531804-DAT201;2025 - I
40531804;NEG-400;40531804-NEG400;2025 - II
40532051;DAT-101;40532051-DAT101;2024 - I
40534516;DAT-101;40534516-DAT101;2024 - I
40578248;DAT-201;40578248-DAT201;2024 - I
40578248;DEV-101;40578248-DEV101;2024 - II
40578248;IA-300;40578248-IA300;2024 - I
40578248;MKT-200;40578248-MKT200;2024 - I
40579606;DAT-101;40579606-DAT101;2024 - II
40579606;UX-100;40579606-UX100;2024 - I
40582609;DAT-305;40582609-DAT305;2025 - II
40582609;GEN-101;40582609-GEN101;2025 - II
40582609;DEV-101;40582609-DEV101;2025 - I
40582609;UX-100;40582609-UX100;2025 - II
40582609;IA-300;40582609-IA300;2025 - I
40583085;DAT-201;40583085-DAT201;2024 - II
40583085;GEN-101;40583085-GEN101;2024 - II
40597857;DAT-201;40597857-DAT201;2025 - I
40597857;DAT-101;40597857-DAT101;2025 - II
40603350;NEG-400;40603350-NEG400;2024 - II
40603350;DAT-101;40603350-DAT101;2024 - I
40606935;DEV-101;40606935-DEV101;2025 - I
40606935;DAT-305;40606935-DAT305;2025 - II
40606935;GEN-101;40606935-GEN101;2025 - II
40612010;DEV-101;40612010-DEV101;2025 - I
40612010;NEG-400;40612010-NEG400;2025 - II
40612010;IA-400;40612010-IA400;2025 - II
40626532;DAT-201;40626532-DAT201;2024 - II
40642269;UX-100;40642269-UX100;2025 - II
40649002;DEV-101;40649002-DEV101;2024 - I
40655822;DEV-101;40655822-DEV101;2025 - II
40655822;DAT-201;40655822-DAT201;2025 - II
40658261;DAT-101;40658261-DAT101;2025 - I
40661993;DAT-101;40661993-DAT101;2025 - I
40661993;IA-300;40661993-IA300;2025 - I
40661993;MKT-200;40661993-MKT200;2025 - I
40661993;UX-100;40661993-UX100;2025 - II
40665974;DAT-201;40665974-DAT201;2024 - I
40668065;DEV-101;40668065-DEV101;2024 - II
40681899;UX-100;40681899-UX100;2025 - II
40681899;DAT-305;40681899-DAT305;2025 - I
40681899;MKT-200;40681899-MKT200;2025 - II
40701939;DAT-101;40701939-DAT101;2024 - I
40701939;IA-300;40701939-IA300;2024 - II
40701939;UX-100;40701939-UX100;2024 - II
40719473;MKT-200;40719473-MKT200;2025 - I
40719473;IA-400;40719473-IA400;2025 - II
40719473;IA-300;40719473-IA300;2025 - II
40719473;GEN-101;40719473-GEN101;2025 - II
40727710;GEN-101;40727710-GEN101;2024 - II
40727710;MKT-200;40727710-MKT200;2024 - I
40729905;DAT-101;40729905-DAT101;2024 - I
40729905;MKT-200;40729905-MKT200;2024 - II
40733106;DAT-101;40733106-DAT101;2025 - II
40733106;DAT-201;40733106-DAT201;2025 - II
40745106;DAT-101;40745106-DAT101;2025 - I
40745106;UX-100;40745106-UX100;2025 - I
40745106;GEN-101;40745106-GEN101;2025 - II
40745106;NEG-400;40745106-NEG400;2025 - II
40746517;GEN-101;40746517-GEN101;2024 - II
40746517;MKT-200;40746517-MKT200;2024 - II
40753275;DEV-101;40753275-DEV101;2025 - I
40753275;DAT-305;40753275-DAT305;2025 - I
40753275;IA-300;40753275-IA300;2025 - I
40756585;NEG-400;40756585-NEG400;2025 - II
40756585;GEN-101;40756585-GEN101;2025 - II
40756585;MKT-200;40756585-MKT200;2025 - II
40756585;IA-400;40756585-IA400;2025 - II
40756585;UX-100;40756585-UX100;2025 - I
40762250;DAT-305;40762250-DAT305;2025 - II
40762250;IA-400;40762250-IA400;2025 - II
40764881;DEV-101;40764881-DEV101;2024 - I
40764881;IA-300;40764881-IA300;2024 - II
40764881;MKT-200;40764881-MKT200;2024 - II
40774819;DAT-201;40774819-DAT201;2025 - I
40774819;DAT-101;40774819-DAT101;2025 - I
40774819;DEV-101;40774819-DEV101;2025 - II
40775474;UX-100;40775474-UX100;2024 - II
40775474;IA-300;40775474-IA300;2024 - II
40776019;DEV-101;40776019-DEV101;2024 - II
40776019;GEN-101;40776019-GEN101;2024 - I
40783770;DAT-201;40783770-DAT201;2025 - I
40783770;DEV-101;40783770-DEV101;2025 - I
40783770;NEG-400;40783770-NEG400;2025 - II
40804778;DAT-201;40804778-DAT201;2025 - I
40804778;DEV-101;40804778-DEV101;2025 - II
40804778;DAT-305;40804778-DAT305;2025 - I
40804778;UX-100;40804778-UX100;2025 - I
40804778;MKT-200;40804778-MKT200;2025 - II
40818237;GEN-101;40818237-GEN101;2024 - I
40832369;DEV-101;40832369-DEV101;2025 - II
40832369;NEG-400;40832369-NEG400;2025 - I
40832369;DAT-305;40832369-DAT305;2025 - I
40833222;IA-400;40833222-IA400;2025 - II
40833222;DAT-305;40833222-DAT305;2025 - I
40833222;MKT-200;40833222-MKT200;2025 - II
40833222;IA-300;40833222-IA300;2025 - II
40833222;NEG-400;40833222-NEG400;2025 - II
40840726;NEG-400;40840726-NEG400;2024 - II
40840726;GEN-101;40840726-GEN101;2024 - II
40846299;MKT-200;40846299-MKT200;2025 - I
40846299;DEV-101;40846299-DEV101;2025 - II
40846299;IA-400;40846299-IA400;2025 - II
40846299;DAT-305;40846299-DAT305;2025 - II
40846299;GEN-101;40846299-GEN101;2025 - I
40848361;IA-300;40848361-IA300;2025 - II
40848361;DAT-101;40848361-DAT101;2025 - II
40848361;MKT-200;40848361-MKT200;2025 - II
40852091;MKT-200;40852091-MKT200;2025 - I
40852091;UX-100;40852091-UX100;2025 - I
40852091;DAT-305;40852091-DAT305;2025 - I
40852091;IA-300;40852091-IA300;2025 - I
40854875;DAT-101;40854875-DAT101;2025 - II
40854875;DAT-305;40854875-DAT305;2025 - II
40854875;IA-300;40854875-IA300;2025 - II
40854875;GEN-101;40854875-GEN101;2025 - I
40860494;DAT-201;40860494-DAT201;2024 - I
40860494;NEG-400;40860494-NEG400;2024 - II
40860494;UX-100;40860494-UX100;2024 - II
40863182;DEV-101;40863182-DEV101;2024 - I
40874592;NEG-400;40874592-NEG400;2025 - I
40874592;IA-300;40874592-IA300;2025 - II
40874592;DEV-101;40874592-DEV101;2025 - I
40874592;DAT-101;40874592-DAT101;2025 - II
40886471;DAT-101;40886471-DAT101;2024 - I
40902797;DEV-101;40902797-DEV101;2025 - II
40902797;NEG-400;40902797-NEG400;2025 - II
40902797;IA-400;40902797-IA400;2025 - II
40904939;DAT-305;40904939-DAT305;2025 - II
40904939;DAT-101;40904939-DAT101;2025 - I
40904939;NEG-400;40904939-NEG400;2025 - II
40904939;MKT-200;40904939-MKT200;2025 - I
40913314;GEN-101;40913314-GEN101;2024 - II
40915348;DAT-201;40915348-DAT201;2025 - II
40915348;IA-300;40915348-IA300;2025 - I
40915348;DAT-101;40915348-DAT101;2025 - I
40915348;DAT-305;40915348-DAT305;2025 - II
40916647;DEV-101;40916647-DEV101;2025 - II
40916647;DAT-201;40916647-DAT201;2025 - II
40916647;DAT-305;40916647-DAT305;2025 - I
40948220;MKT-200;40948220-MKT200;2025 - II
40948220;DAT-305;40948220-DAT305;2025 - II
40948220;DEV-101;40948220-DEV101;2025 - I
40948220;DAT-201;40948220-DAT201;2025 - II
40948220;DAT-101;40948220-DAT101;2025 - I
40950154;MKT-200;40950154-MKT200;2025 - II
40950154;DAT-305;40950154-DAT305;2025 - II
40950154;NEG-400;40950154-NEG400;2025 - I
40965886;DAT-201;40965886-DAT201;2024 - II
40965886;DAT-101;40965886-DAT101;2024 - II
40967959;IA-400;40967959-IA400;2025 - II
40967959;NEG-400;40967959-NEG400;2025 - I
40967959;DAT-305;40967959-DAT305;2025 - II
40967959;DAT-201;40967959-DAT201;2025 - II
40980489;DEV-101;40980489-DEV101;2025 - II
40980648;DAT-101;40980648-DAT101;2024 - II
40980648;DAT-201;40980648-DAT201;2024 - I
40988877;NEG-400;40988877-NEG400;2024 - I
40988877;DEV-101;40988877-DEV101;2024 - II
40988877;GEN-101;40988877-GEN101;2024 - II
40989234;NEG-400;40989234-NEG400;2025 - II
40989234;DAT-201;40989234-DAT201;2025 - I
40989234;IA-300;40989234-IA300;2025 - II
40989234;DAT-305;40989234-DAT305;2025 - II
40993683;DAT-201;40993683-DAT201;2024 - II
40993683;DEV-101;40993683-DEV101;2024 - I
40998609;DAT-201;40998609-DAT201;2025 - II
40998609;DAT-305;40998609-DAT305;2025 - I
40998609;UX-100;40998609-UX100;2025 - II
40998609;NEG-400;40998609-NEG400;2025 - II
40998609;DEV-101;40998609-DEV101;2025 - I
40998609;DAT-101;40998609-DAT101;2025 - II
41001006;UX-100;41001006-UX100;2025 - I
41003214;DAT-101;41003214-DAT101;2024 - II
41003214;IA-300;41003214-IA300;2024 - I
41003214;NEG-400;41003214-NEG400;2024 - I
41006133;GEN-101;41006133-GEN101;2025 - I
41006133;DEV-101;41006133-DEV101;2025 - II
41006133;NEG-400;41006133-NEG400;2025 - II
41008531;IA-300;41008531-IA300;2024 - II
41016204;DAT-201;41016204-DAT201;2025 - I
41016204;DAT-305;41016204-DAT305;2025 - I
41016204;GEN-101;41016204-GEN101;2025 - I
41016204;MKT-200;41016204-MKT200;2025 - I
41016204;UX-100;41016204-UX100;2025 - I
41016204;IA-300;41016204-IA300;2025 - II
41016204;IA-400;41016204-IA400;2025 - II
41017872;IA-300;41017872-IA300;2024 - II
41021877;UX-100;41021877-UX100;2024 - I
41023707;NEG-400;41023707-NEG400;2025 - II
41023707;IA-300;41023707-IA300;2025 - II
41023707;UX-100;41023707-UX100;2025 - I
41051244;MKT-200;41051244-MKT200;2025 - II
41051244;DAT-201;41051244-DAT201;2025 - I
41051244;NEG-400;41051244-NEG400;2025 - I
41051244;IA-300;41051244-IA300;2025 - I
41051648;MKT-200;41051648-MKT200;2025 - I
41051648;GEN-101;41051648-GEN101;2025 - I
41051648;DAT-305;41051648-DAT305;2025 - II
41056827;GEN-101;41056827-GEN101;2025 - I
41065435;GEN-101;41065435-GEN101;2024 - I
41066323;IA-400;41066323-IA400;2025 - I
41066323;IA-300;41066323-IA300;2025 - I
41066323;MKT-200;41066323-MKT200;2025 - I
41068300;IA-300;41068300-IA300;2024 - I
41077276;IA-300;41077276-IA300;2024 - I
41077276;GEN-101;41077276-GEN101;2024 - I
41077276;NEG-400;41077276-NEG400;2024 - II
41079498;DAT-305;41079498-DAT305;2025 - II
41079498;UX-100;41079498-UX100;2025 - II
41079498;DAT-101;41079498-DAT101;2025 - II
41083641;NEG-400;41083641-NEG400;2025 - II
41083641;UX-100;41083641-UX100;2025 - I
41083641;IA-300;41083641-IA300;2025 - II
41083641;MKT-200;41083641-MKT200;2025 - II
41083641;DAT-305;41083641-DAT305;2025 - II
41084438;IA-400;41084438-IA400;2025 - II
41084438;UX-100;41084438-UX100;2025 - II
41084438;DAT-101;41084438-DAT101;2025 - I
41084438;DEV-101;41084438-DEV101;2025 - I
41092656;GEN-101;41092656-GEN101;2024 - II
41109574;MKT-200;41109574-MKT200;2024 - II
41109574;DAT-201;41109574-DAT201;2024 - II
41109574;DEV-101;41109574-DEV101;2024 - I
41109574;UX-100;41109574-UX100;2024 - I
41111676;IA-300;41111676-IA300;2024 - II
41111676;DAT-201;41111676-DAT201;2024 - I
41111676;NEG-400;41111676-NEG400;2024 - I
41112892;IA-300;41112892-IA300;2024 - II
41112892;DEV-101;41112892-DEV101;2024 - I
41112892;UX-100;41112892-UX100;2024 - II
41119537;DAT-201;41119537-DAT201;2024 - II
41126806;GEN-101;41126806-GEN101;2024 - II
41129177;GEN-101;41129177-GEN101;2024 - I
41129177;NEG-400;41129177-NEG400;2024 - I
41132630;DEV-101;41132630-DEV101;2025 - I
41132630;GEN-101;41132630-GEN101;2025 - I
41132630;DAT-305;41132630-DAT305;2025 - I
41132630;UX-100;41132630-UX100;2025 - I
41134242;GEN-101;41134242-GEN101;2024 - I
41147686;DAT-101;41147686-DAT101;2024 - I
41150046;DAT-201;41150046-DAT201;2024 - II
41166199;DAT-305;41166199-DAT305;2025 - I
41166199;IA-300;41166199-IA300;2025 - II
41166199;IA-400;41166199-IA400;2025 - I
41166199;DAT-201;41166199-DAT201;2025 - II
41171969;GEN-101;41171969-GEN101;2024 - I
41171969;DAT-101;41171969-DAT101;2024 - I
41174384;UX-100;41174384-UX100;2024 - I
41177146;DAT-201;41177146-DAT201;2024 - II
41182374;NEG-400;41182374-NEG400;2024 - I
41204894;MKT-200;41204894-MKT200;2025 - I
41204894;UX-100;41204894-UX100;2025 - II
41204894;GEN-101;41204894-GEN101;2025 - II
41204894;IA-400;41204894-IA400;2025 - II
41204894;NEG-400;41204894-NEG400;2025 - II
41204894;DEV-101;41204894-DEV101;2025 - II
41212075;UX-100;41212075-UX100;2024 - II
41213341;MKT-200;41213341-MKT200;2025 - II
41213341;DAT-305;41213341-DAT305;2025 - II
41213341;DEV-101;41213341-DEV101;2025 - II
41213341;IA-400;41213341-IA400;2025 - II
41213341;IA-300;41213341-IA300;2025 - I
41234290;DEV-101;41234290-DEV101;2025 - I
41234290;MKT-200;41234290-MKT200;2025 - II
41234290;IA-300;41234290-IA300;2025 - II
41234290;DAT-305;41234290-DAT305;2025 - I
41234886;MKT-200;41234886-MKT200;2025 - II
41234886;IA-300;41234886-IA300;2025 - II
41235752;UX-100;41235752-UX100;2024 - II
41240321;GEN-101;41240321-GEN101;2024 - II
41248088;DAT-201;41248088-DAT201;2024 - II
41249420;DAT-201;41249420-DAT201;2024 - II
41252196;IA-300;41252196-IA300;2024 - II
41252196;MKT-200;41252196-MKT200;2024 - I
41258011;DEV-101;41258011-DEV101;2024 - II
41258011;DAT-101;41258011-DAT101;2024 - II
41268285;NEG-400;41268285-NEG400;2024 - II
41268285;GEN-101;41268285-GEN101;2024 - II
41273545;DEV-101;41273545-DEV101;2025 - I
41273545;DAT-201;41273545-DAT201;2025 - II
41273545;UX-100;41273545-UX100;2025 - II
41273545;DAT-305;41273545-DAT305;2025 - II
41289442;UX-100;41289442-UX100;2025 - II
41289442;IA-400;41289442-IA400;2025 - II
41289442;NEG-400;41289442-NEG400;2025 - I
41289442;DEV-101;41289442-DEV101;2025 - I
41289550;UX-100;41289550-UX100;2024 - I
41289550;MKT-200;41289550-MKT200;2024 - I
41289623;UX-100;41289623-UX100;2024 - II
41291663;DAT-201;41291663-DAT201;2024 - II
41291663;NEG-400;41291663-NEG400;2024 - II
41291663;DAT-101;41291663-DAT101;2024 - II
41297634;GEN-101;41297634-GEN101;2024 - II
41297634;MKT-200;41297634-MKT200;2024 - I
41310259;DAT-201;41310259-DAT201;2024 - II
41310259;DEV-101;41310259-DEV101;2024 - II
41314648;DAT-201;41314648-DAT201;2025 - I
41314648;DEV-101;41314648-DEV101;2025 - II
41314648;IA-400;41314648-IA400;2025 - I
41330737;DAT-201;41330737-DAT201;2024 - II
41330737;UX-100;41330737-UX100;2024 - II
41330737;MKT-200;41330737-MKT200;2024 - I
41332008;GEN-101;41332008-GEN101;2024 - I
41332008;DAT-101;41332008-DAT101;2024 - II
41333233;DEV-101;41333233-DEV101;2024 - I
41333233;DAT-101;41333233-DAT101;2024 - I
41333709;IA-300;41333709-IA300;2024 - II
41333709;DAT-101;41333709-DAT101;2024 - II
41333709;GEN-101;41333709-GEN101;2024 - II
41337962;NEG-400;41337962-NEG400;2025 - I
41337962;IA-400;41337962-IA400;2025 - I
41337962;DAT-101;41337962-DAT101;2025 - II
41340763;NEG-400;41340763-NEG400;2025 - I
41340763;DEV-101;41340763-DEV101;2025 - II
41340763;GEN-101;41340763-GEN101;2025 - I
41347543;GEN-101;41347543-GEN101;2024 - I
41396027;DEV-101;41396027-DEV101;2025 - I
41396027;DAT-201;41396027-DAT201;2025 - II
41396027;UX-100;41396027-UX100;2025 - I
41396027;DAT-305;41396027-DAT305;2025 - II
41398180;NEG-400;41398180-NEG400;2025 - II
41398180;UX-100;41398180-UX100;2025 - I
41398180;GEN-101;41398180-GEN101;2025 - II
41398180;DAT-101;41398180-DAT101;2025 - I
41398180;DAT-305;41398180-DAT305;2025 - II
41402719;NEG-400;41402719-NEG400;2024 - II
41402719;DAT-101;41402719-DAT101;2024 - II
41402719;UX-100;41402719-UX100;2024 - II
41416545;DAT-305;41416545-DAT305;2025 - II
41416545;IA-300;41416545-IA300;2025 - II
41418439;DEV-101;41418439-DEV101;2024 - II
41422321;GEN-101;41422321-GEN101;2025 - II
41422321;MKT-200;41422321-MKT200;2025 - I
41437572;GEN-101;41437572-GEN101;2024 - II
41437572;UX-100;41437572-UX100;2024 - II
41448781;UX-100;41448781-UX100;2025 - II
41453617;DAT-201;41453617-DAT201;2024 - II
41453617;NEG-400;41453617-NEG400;2024 - II
41473248;MKT-200;41473248-MKT200;2024 - II
41473248;IA-300;41473248-IA300;2024 - I
41473248;DAT-101;41473248-DAT101;2024 - I
41485165;IA-300;41485165-IA300;2024 - II
41485165;DAT-201;41485165-DAT201;2024 - II
41503023;DAT-101;41503023-DAT101;2024 - II
41503023;UX-100;41503023-UX100;2024 - II
41511282;DEV-101;41511282-DEV101;2024 - II
41511282;DAT-201;41511282-DAT201;2024 - II
41530667;GEN-101;41530667-GEN101;2024 - I
41532385;NEG-400;41532385-NEG400;2025 - I
41532385;UX-100;41532385-UX100;2025 - I
41532385;DAT-305;41532385-DAT305;2025 - I
41559534;DEV-101;41559534-DEV101;2025 - I
41559534;NEG-400;41559534-NEG400;2025 - I
41559534;DAT-305;41559534-DAT305;2025 - I
41564993;DAT-201;41564993-DAT201;2024 - II
41570701;IA-300;41570701-IA300;2024 - II
41575887;GEN-101;41575887-GEN101;2024 - I
41591741;NEG-400;41591741-NEG400;2024 - I
41594052;UX-100;41594052-UX100;2024 - I
41594052;GEN-101;41594052-GEN101;2024 - I
41594052;MKT-200;41594052-MKT200;2024 - II
41597245;NEG-400;41597245-NEG400;2024 - II
41597245;DEV-101;41597245-DEV101;2024 - I
41607939;DEV-101;41607939-DEV101;2024 - II
41620840;GEN-101;41620840-GEN101;2024 - I
41626422;DAT-305;41626422-DAT305;2025 - II
41626422;GEN-101;41626422-GEN101;2025 - II
41627786;IA-300;41627786-IA300;2025 - I
41627786;DAT-305;41627786-DAT305;2025 - I
41627786;DEV-101;41627786-DEV101;2025 - II
41627786;NEG-400;41627786-NEG400;2025 - II
41641503;MKT-200;41641503-MKT200;2025 - I
41641503;DAT-101;41641503-DAT101;2025 - II
41641503;NEG-400;41641503-NEG400;2025 - I
41641503;IA-300;41641503-IA300;2025 - I
41641503;DEV-101;41641503-DEV101;2025 - II
41641503;DAT-201;41641503-DAT201;2025 - II
41660538;IA-300;41660538-IA300;2024 - II
41661140;GEN-101;41661140-GEN101;2025 - II
41661140;MKT-200;41661140-MKT200;2025 - I
41661140;IA-300;41661140-IA300;2025 - II
41661140;IA-400;41661140-IA400;2025 - II
41664468;MKT-200;41664468-MKT200;2024 - II
41664468;UX-100;41664468-UX100;2024 - II
41664468;IA-300;41664468-IA300;2024 - II
41664468;DEV-101;41664468-DEV101;2024 - II
41671067;NEG-400;41671067-NEG400;2025 - II
41671067;DAT-201;41671067-DAT201;2025 - II
41671067;DEV-101;41671067-DEV101;2025 - II
41671067;DAT-101;41671067-DAT101;2025 - I
41671067;DAT-305;41671067-DAT305;2025 - I
41694165;DAT-101;41694165-DAT101;2024 - I
41702335;MKT-200;41702335-MKT200;2024 - II
41702335;IA-300;41702335-IA300;2024 - I
41702335;DAT-201;41702335-DAT201;2024 - I
41721070;DAT-201;41721070-DAT201;2025 - I
41721070;DEV-101;41721070-DEV101;2025 - I
41721378;NEG-400;41721378-NEG400;2025 - I
41721378;DAT-201;41721378-DAT201;2025 - II
41726756;NEG-400;41726756-NEG400;2024 - II
41726756;UX-100;41726756-UX100;2024 - II
41728313;GEN-101;41728313-GEN101;2024 - II
41734135;DAT-201;41734135-DAT201;2024 - II
41744958;DAT-201;41744958-DAT201;2024 - II
41748984;MKT-200;41748984-MKT200;2024 - I
41754338;IA-300;41754338-IA300;2024 - I
41763206;DEV-101;41763206-DEV101;2024 - I
41765198;MKT-200;41765198-MKT200;2024 - II
41782307;MKT-200;41782307-MKT200;2025 - II
41782307;DAT-201;41782307-DAT201;2025 - I
41782307;DAT-305;41782307-DAT305;2025 - II
41785959;IA-300;41785959-IA300;2025 - I
41785959;DAT-305;41785959-DAT305;2025 - II
41785959;GEN-101;41785959-GEN101;2025 - I
41785959;DAT-101;41785959-DAT101;2025 - I
41788868;GEN-101;41788868-GEN101;2024 - II
41788868;DAT-201;41788868-DAT201;2024 - II
41788868;MKT-200;41788868-MKT200;2024 - II
41788868;NEG-400;41788868-NEG400;2024 - I
41788868;IA-300;41788868-IA300;2024 - II
41803813;GEN-101;41803813-GEN101;2025 - I
41803813;DAT-305;41803813-DAT305;2025 - I
41803813;IA-400;41803813-IA400;2025 - II
41813295;DAT-201;41813295-DAT201;2024 - II
41815317;UX-100;41815317-UX100;2025 - II
41815317;NEG-400;41815317-NEG400;2025 - I
41815317;MKT-200;41815317-MKT200;2025 - II
41815317;DAT-305;41815317-DAT305;2025 - II
41815317;IA-400;41815317-IA400;2025 - II
41815317;GEN-101;41815317-GEN101;2025 - I
41816794;DAT-101;41816794-DAT101;2025 - I
41818271;DAT-101;41818271-DAT101;2025 - I
41818271;GEN-101;41818271-GEN101;2025 - I
41818271;UX-100;41818271-UX100;2025 - I
41818271;DEV-101;41818271-DEV101;2025 - II
41824986;DEV-101;41824986-DEV101;2024 - II
41824986;GEN-101;41824986-GEN101;2024 - II
41829357;IA-300;41829357-IA300;2024 - I
41829357;MKT-200;41829357-MKT200;2024 - I
41830154;DAT-101;41830154-DAT101;2025 - II
41830154;NEG-400;41830154-NEG400;2025 - I
41830154;DAT-305;41830154-DAT305;2025 - I
41830154;DEV-101;41830154-DEV101;2025 - II
41833461;DAT-305;41833461-DAT305;2025 - II
41833461;GEN-101;41833461-GEN101;2025 - II
41833461;IA-400;41833461-IA400;2025 - I
41833461;UX-100;41833461-UX100;2025 - II
41848705;DAT-201;41848705-DAT201;2024 - I
41866022;DEV-101;41866022-DEV101;2024 - II
41870584;IA-400;41870584-IA400;2025 - II
41883892;IA-300;41883892-IA300;2024 - I
41883892;MKT-200;41883892-MKT200;2024 - II
41885509;NEG-400;41885509-NEG400;2024 - I
41885509;MKT-200;41885509-MKT200;2024 - I
41886872;NEG-400;41886872-NEG400;2024 - II
41886872;DAT-101;41886872-DAT101;2024 - I
41890956;IA-300;41890956-IA300;2025 - I
41890956;UX-100;41890956-UX100;2025 - I
41890956;GEN-101;41890956-GEN101;2025 - II
41890956;DAT-305;41890956-DAT305;2025 - I
41904080;DAT-201;41904080-DAT201;2025 - I
41904080;DAT-305;41904080-DAT305;2025 - II
41904080;DAT-101;41904080-DAT101;2025 - II
41907942;MKT-200;41907942-MKT200;2025 - II
41907942;DAT-201;41907942-DAT201;2025 - I
41907942;IA-300;41907942-IA300;2025 - II
41907942;IA-400;41907942-IA400;2025 - II
41907942;NEG-400;41907942-NEG400;2025 - I
41912939;DEV-101;41912939-DEV101;2025 - II
41912939;MKT-200;41912939-MKT200;2025 - II
41912939;DAT-305;41912939-DAT305;2025 - II
41912939;IA-400;41912939-IA400;2025 - I
41915923;IA-300;41915923-IA300;2024 - II
41915923;DAT-101;41915923-DAT101;2024 - I
41931470;IA-300;41931470-IA300;2024 - I
41938150;UX-100;41938150-UX100;2024 - II
41941216;IA-300;41941216-IA300;2024 - I
41943395;GEN-101;41943395-GEN101;2024 - I
41943395;UX-100;41943395-UX100;2024 - II
41943395;DAT-101;41943395-DAT101;2024 - I
41943395;DEV-101;41943395-DEV101;2024 - II
41943395;IA-300;41943395-IA300;2024 - I
41944353;IA-300;41944353-IA300;2024 - II
41944353;DAT-101;41944353-DAT101;2024 - I
41950086;DAT-101;41950086-DAT101;2024 - II
41950086;GEN-101;41950086-GEN101;2024 - I
41950086;DAT-201;41950086-DAT201;2024 - II
41950086;MKT-200;41950086-MKT200;2024 - II
41950319;MKT-200;41950319-MKT200;2025 - II
41950319;DEV-101;41950319-DEV101;2025 - I
41950319;IA-400;41950319-IA400;2025 - I
41950319;DAT-201;41950319-DAT201;2025 - II
41994164;DAT-201;41994164-DAT201;2025 - I
41994164;IA-300;41994164-IA300;2025 - II
41994164;DAT-101;41994164-DAT101;2025 - II
41994956;NEG-400;41994956-NEG400;2025 - I
41994956;IA-400;41994956-IA400;2025 - II
41994956;IA-300;41994956-IA300;2025 - II
41998415;DAT-101;41998415-DAT101;2024 - I
42002650;DAT-101;42002650-DAT101;2024 - I
42002650;NEG-400;42002650-NEG400;2024 - I
42002650;DEV-101;42002650-DEV101;2024 - I
42011137;DAT-201;42011137-DAT201;2024 - I
42024629;GEN-101;42024629-GEN101;2024 - I
42024629;DEV-101;42024629-DEV101;2024 - I
42026432;GEN-101;42026432-GEN101;2024 - II
42082012;IA-300;42082012-IA300;2024 - II
42117900;GEN-101;42117900-GEN101;2024 - I
42124538;MKT-200;42124538-MKT200;2024 - II
42124538;UX-100;42124538-UX100;2024 - I
42132790;IA-300;42132790-IA300;2024 - I
42132790;GEN-101;42132790-GEN101;2024 - II
42168576;DEV-101;42168576-DEV101;2024 - I
42179672;UX-100;42179672-UX100;2024 - II
42179672;IA-300;42179672-IA300;2024 - I
42208457;DAT-101;42208457-DAT101;2024 - I
42208457;UX-100;42208457-UX100;2024 - I
42208457;MKT-200;42208457-MKT200;2024 - II
42208457;GEN-101;42208457-GEN101;2024 - I
42208457;DAT-201;42208457-DAT201;2024 - I
42219949;UX-100;42219949-UX100;2024 - I
42219949;NEG-400;42219949-NEG400;2024 - I
42221418;DEV-101;42221418-DEV101;2024 - I
42221418;NEG-400;42221418-NEG400;2024 - I
42221418;UX-100;42221418-UX100;2024 - II
42242735;MKT-200;42242735-MKT200;2024 - I
42242735;GEN-101;42242735-GEN101;2024 - II
42242735;DEV-101;42242735-DEV101;2024 - II
42242735;NEG-400;42242735-NEG400;2024 - II
42253635;UX-100;42253635-UX100;2024 - II
42253635;DAT-201;42253635-DAT201;2024 - II
42253635;MKT-200;42253635-MKT200;2024 - I
42254691;DAT-201;42254691-DAT201;2024 - I
42254691;IA-300;42254691-IA300;2024 - I
42266843;IA-300;42266843-IA300;2024 - II
42266843;NEG-400;42266843-NEG400;2024 - I
42280040;NEG-400;42280040-NEG400;2024 - I
42280040;DEV-101;42280040-DEV101;2024 - II
42287708;DAT-201;42287708-DAT201;2024 - II
42305779;DAT-101;42305779-DAT101;2024 - I
42305779;GEN-101;42305779-GEN101;2024 - II
42321650;DEV-101;42321650-DEV101;2024 - I
42321650;DAT-101;42321650-DAT101;2024 - II
42331291;DAT-101;42331291-DAT101;2024 - I
42331291;IA-300;42331291-IA300;2024 - II
42331291;DAT-201;42331291-DAT201;2024 - I
42331291;NEG-400;42331291-NEG400;2024 - I
42331291;DEV-101;42331291-DEV101;2024 - II
42378567;IA-300;42378567-IA300;2024 - I
42411250;DAT-201;42411250-DAT201;2024 - II
42419781;UX-100;42419781-UX100;2024 - I
42419781;NEG-400;42419781-NEG400;2024 - II
42473169;GEN-101;42473169-GEN101;2024 - II
42473169;IA-300;42473169-IA300;2024 - II
42473833;MKT-200;42473833-MKT200;2024 - II
42500015;DAT-101;42500015-DAT101;2024 - I
42500015;MKT-200;42500015-MKT200;2024 - I
42500015;IA-300;42500015-IA300;2024 - I
42509169;MKT-200;42509169-MKT200;2024 - I
42555362;DAT-101;42555362-DAT101;2024 - II
42574929;DAT-101;42574929-DAT101;2024 - I
42574929;IA-300;42574929-IA300;2024 - I
42576713;UX-100;42576713-UX100;2024 - I
42576713;DEV-101;42576713-DEV101;2024 - I
42576713;DAT-101;42576713-DAT101;2024 - I
42590810;GEN-101;42590810-GEN101;2024 - II
42590810;DAT-201;42590810-DAT201;2024 - II
42590810;DAT-101;42590810-DAT101;2024 - I
42590810;UX-100;42590810-UX100;2024 - II
42613265;NEG-400;42613265-NEG400;2024 - II
42613265;GEN-101;42613265-GEN101;2024 - II
42613265;IA-300;42613265-IA300;2024 - I
42622519;IA-300;42622519-IA300;2024 - II
42622519;UX-100;42622519-UX100;2024 - II
42630421;DAT-101;42630421-DAT101;2024 - II
42645481;MKT-200;42645481-MKT200;2024 - I
42645481;DAT-201;42645481-DAT201;2024 - II
42674907;MKT-200;42674907-MKT200;2024 - II
42674907;GEN-101;42674907-GEN101;2024 - II
42677307;DAT-201;42677307-DAT201;2024 - II
42677307;GEN-101;42677307-GEN101;2024 - I
42677307;DEV-101;42677307-DEV101;2024 - II
42679506;GEN-101;42679506-GEN101;2024 - I
42679506;IA-300;42679506-IA300;2024 - I
42693185;UX-100;42693185-UX100;2024 - II
42693185;MKT-200;42693185-MKT200;2024 - I
42699425;DAT-201;42699425-DAT201;2024 - II
42706367;NEG-400;42706367-NEG400;2024 - I
42706367;DAT-201;42706367-DAT201;2024 - II
42706367;DEV-101;42706367-DEV101;2024 - II
42706367;GEN-101;42706367-GEN101;2024 - II
42727516;IA-300;42727516-IA300;2024 - I
42727516;UX-100;42727516-UX100;2024 - II
42740444;DAT-101;42740444-DAT101;2024 - II
42740444;GEN-101;42740444-GEN101;2024 - II
42740444;DAT-201;42740444-DAT201;2024 - II
42740444;DEV-101;42740444-DEV101;2024 - II
42740444;MKT-200;42740444-MKT200;2024 - I
42757045;MKT-200;42757045-MKT200;2024 - I
42758944;NEG-400;42758944-NEG400;2024 - I
42760731;IA-300;42760731-IA300;2024 - II
42760731;NEG-400;42760731-NEG400;2024 - I
42763799;IA-300;42763799-IA300;2024 - I
42763799;GEN-101;42763799-GEN101;2024 - II
42763799;DAT-201;42763799-DAT201;2024 - I
42781956;MKT-200;42781956-MKT200;2024 - II
42789411;NEG-400;42789411-NEG400;2024 - II
42789411;IA-300;42789411-IA300;2024 - II
42799422;MKT-200;42799422-MKT200;2024 - II
42799422;DAT-201;42799422-DAT201;2024 - I
42799422;GEN-101;42799422-GEN101;2024 - II
42810923;DAT-101;42810923-DAT101;2024 - II
42810923;UX-100;42810923-UX100;2024 - I
42826422;NEG-400;42826422-NEG400;2024 - II
42826422;IA-300;42826422-IA300;2024 - I
42826422;MKT-200;42826422-MKT200;2024 - II
42826422;DEV-101;42826422-DEV101;2024 - II
42845702;MKT-200;42845702-MKT200;2024 - I
42849061;IA-300;42849061-IA300;2024 - I
42849061;DAT-101;42849061-DAT101;2024 - II
42849061;GEN-101;42849061-GEN101;2024 - I
42863827;MKT-200;42863827-MKT200;2024 - II
42863827;GEN-101;42863827-GEN101;2024 - I
42881854;DAT-201;42881854-DAT201;2024 - I
42881854;MKT-200;42881854-MKT200;2024 - I
42886191;DEV-101;42886191-DEV101;2024 - II
42892502;UX-100;42892502-UX100;2024 - I
42905002;MKT-200;42905002-MKT200;2024 - I
42909942;DEV-101;42909942-DEV101;2024 - II
42909942;NEG-400;42909942-NEG400;2024 - I
42909942;DAT-201;42909942-DAT201;2024 - I
42928321;DEV-101;42928321-DEV101;2024 - I
42928321;MKT-200;42928321-MKT200;2024 - I
42936217;UX-100;42936217-UX100;2024 - II
42954368;DEV-101;42954368-DEV101;2024 - II
42954368;MKT-200;42954368-MKT200;2024 - I
42974553;UX-100;42974553-UX100;2024 - II
43001086;MKT-200;43001086-MKT200;2024 - II
43003702;NEG-400;43003702-NEG400;2025 - II
43008590;NEG-400;43008590-NEG400;2025 - II
43008590;DEV-101;43008590-DEV101;2025 - II
43008590;MKT-200;43008590-MKT200;2025 - II
43008590;DAT-101;43008590-DAT101;2025 - I
43008590;IA-300;43008590-IA300;2025 - II
43008590;UX-100;43008590-UX100;2025 - II
43010564;IA-300;43010564-IA300;2024 - II
43010564;NEG-400;43010564-NEG400;2024 - II
43010564;GEN-101;43010564-GEN101;2024 - II
43010564;DAT-201;43010564-DAT201;2024 - I
43023911;UX-100;43023911-UX100;2024 - I
43023911;DAT-101;43023911-DAT101;2024 - I
43029052;GEN-101;43029052-GEN101;2024 - II
43037722;DAT-101;43037722-DAT101;2025 - I
43037722;DAT-201;43037722-DAT201;2025 - I
43037722;DAT-305;43037722-DAT305;2025 - II
43037722;DEV-101;43037722-DEV101;2025 - II
43037722;MKT-200;43037722-MKT200;2025 - I
43037722;IA-400;43037722-IA400;2025 - II
43040142;IA-400;43040142-IA400;2025 - II
43040142;UX-100;43040142-UX100;2025 - I
43040142;DAT-201;43040142-DAT201;2025 - I
43040142;DAT-305;43040142-DAT305;2025 - II
43043273;UX-100;43043273-UX100;2024 - II
43043273;DAT-101;43043273-DAT101;2024 - II
43043273;MKT-200;43043273-MKT200;2024 - I
43055426;DEV-101;43055426-DEV101;2025 - II
43055426;DAT-101;43055426-DAT101;2025 - I
43059176;UX-100;43059176-UX100;2025 - I
43059176;NEG-400;43059176-NEG400;2025 - II
43059176;IA-400;43059176-IA400;2025 - II
43059176;DEV-101;43059176-DEV101;2025 - II
43062304;UX-100;43062304-UX100;2024 - I
43062304;MKT-200;43062304-MKT200;2024 - II
43062304;DEV-101;43062304-DEV101;2024 - II
43068884;DAT-101;43068884-DAT101;2024 - II
43068884;NEG-400;43068884-NEG400;2024 - I
43069128;DAT-101;43069128-DAT101;2025 - I
43088662;NEG-400;43088662-NEG400;2024 - II
43093166;UX-100;43093166-UX100;2024 - II
43098716;DAT-305;43098716-DAT305;2025 - II
43098716;NEG-400;43098716-NEG400;2025 - I
43098716;GEN-101;43098716-GEN101;2025 - I
43098716;MKT-200;43098716-MKT200;2025 - II
43098716;IA-300;43098716-IA300;2025 - II
43098716;IA-400;43098716-IA400;2025 - II
43098716;DEV-101;43098716-DEV101;2025 - I
43105183;DEV-101;43105183-DEV101;2024 - II
43105183;IA-300;43105183-IA300;2024 - I
43105183;GEN-101;43105183-GEN101;2024 - I
43110444;IA-300;43110444-IA300;2024 - II
43159265;DEV-101;43159265-DEV101;2024 - I
43159265;NEG-400;43159265-NEG400;2024 - II
43162851;UX-100;43162851-UX100;2025 - I
43162851;DAT-305;43162851-DAT305;2025 - II
43162851;DAT-101;43162851-DAT101;2025 - II
43162851;IA-400;43162851-IA400;2025 - II
43174343;UX-100;43174343-UX100;2025 - II
43174343;IA-300;43174343-IA300;2025 - II
43185797;MKT-200;43185797-MKT200;2025 - II
43185797;NEG-400;43185797-NEG400;2025 - II
43185797;DAT-201;43185797-DAT201;2025 - I
43185797;DAT-101;43185797-DAT101;2025 - II
43191267;DAT-305;43191267-DAT305;2025 - II
43191267;IA-300;43191267-IA300;2025 - II
43191267;DAT-101;43191267-DAT101;2025 - I
43191267;NEG-400;43191267-NEG400;2025 - II
43198246;DAT-101;43198246-DAT101;2024 - II
43220086;DAT-101;43220086-DAT101;2024 - II
43243328;DAT-101;43243328-DAT101;2024 - II
43249808;NEG-400;43249808-NEG400;2025 - I
43249808;GEN-101;43249808-GEN101;2025 - I
43249808;DAT-201;43249808-DAT201;2025 - I
43254348;UX-100;43254348-UX100;2025 - II
43254348;IA-300;43254348-IA300;2025 - II
43254348;NEG-400;43254348-NEG400;2025 - I
43254348;GEN-101;43254348-GEN101;2025 - II
43254348;DAT-201;43254348-DAT201;2025 - II
43267084;GEN-101;43267084-GEN101;2025 - I
43267084;MKT-200;43267084-MKT200;2025 - I
43270052;MKT-200;43270052-MKT200;2024 - I
43276053;NEG-400;43276053-NEG400;2025 - II
43276053;UX-100;43276053-UX100;2025 - I
43276053;IA-300;43276053-IA300;2025 - I
43281049;MKT-200;43281049-MKT200;2025 - II
43281049;GEN-101;43281049-GEN101;2025 - II
43284866;DAT-201;43284866-DAT201;2025 - I
43284866;IA-400;43284866-IA400;2025 - I
43286289;GEN-101;43286289-GEN101;2025 - II
43286289;DAT-305;43286289-DAT305;2025 - I
43286289;DAT-201;43286289-DAT201;2025 - I
43312078;IA-300;43312078-IA300;2024 - I
43312078;DAT-101;43312078-DAT101;2024 - II
43313143;DEV-101;43313143-DEV101;2024 - II
43315303;GEN-101;43315303-GEN101;2024 - I
43315303;MKT-200;43315303-MKT200;2024 - I
43331228;IA-300;43331228-IA300;2025 - II
43331228;DEV-101;43331228-DEV101;2025 - I
43331228;NEG-400;43331228-NEG400;2025 - II
43331228;UX-100;43331228-UX100;2025 - II
43331228;GEN-101;43331228-GEN101;2025 - I
43331228;DAT-201;43331228-DAT201;2025 - I
43331228;MKT-200;43331228-MKT200;2025 - II
43342517;DAT-305;43342517-DAT305;2025 - I
43342517;IA-400;43342517-IA400;2025 - II
43342517;MKT-200;43342517-MKT200;2025 - I
43342517;GEN-101;43342517-GEN101;2025 - II
43344838;MKT-200;43344838-MKT200;2025 - II
43344838;DAT-201;43344838-DAT201;2025 - II
43344838;DAT-101;43344838-DAT101;2025 - II
43344838;IA-300;43344838-IA300;2025 - II
43344838;IA-400;43344838-IA400;2025 - II
43344838;DAT-305;43344838-DAT305;2025 - I
43344838;UX-100;43344838-UX100;2025 - II
43350438;DEV-101;43350438-DEV101;2024 - II
43362081;DEV-101;43362081-DEV101;2024 - II
43362081;GEN-101;43362081-GEN101;2024 - II
43362081;NEG-400;43362081-NEG400;2024 - II
43362081;DAT-101;43362081-DAT101;2024 - I
43372972;DAT-201;43372972-DAT201;2025 - II
43388966;DEV-101;43388966-DEV101;2024 - II
43388966;IA-300;43388966-IA300;2024 - I
43394175;IA-300;43394175-IA300;2024 - II
43394175;DAT-101;43394175-DAT101;2024 - II
43394175;DEV-101;43394175-DEV101;2024 - II
43399661;IA-300;43399661-IA300;2025 - II
43399661;MKT-200;43399661-MKT200;2025 - II
43399661;DAT-101;43399661-DAT101;2025 - II
43402603;DAT-201;43402603-DAT201;2025 - II
43402603;DAT-305;43402603-DAT305;2025 - I
43416171;GEN-101;43416171-GEN101;2025 - I
43416352;DAT-101;43416352-DAT101;2024 - I
43447193;MKT-200;43447193-MKT200;2024 - II
43449566;UX-100;43449566-UX100;2024 - II
43449566;DEV-101;43449566-DEV101;2024 - I
43456083;DAT-101;43456083-DAT101;2025 - II
43456083;DAT-305;43456083-DAT305;2025 - I
43456083;DAT-201;43456083-DAT201;2025 - I
43456083;MKT-200;43456083-MKT200;2025 - I
43462497;DAT-305;43462497-DAT305;2025 - II
43462497;IA-400;43462497-IA400;2025 - I
43462497;DAT-101;43462497-DAT101;2025 - II
43471496;DAT-201;43471496-DAT201;2025 - II
43471496;UX-100;43471496-UX100;2025 - II
43471496;NEG-400;43471496-NEG400;2025 - II
43471496;DEV-101;43471496-DEV101;2025 - II
43473683;MKT-200;43473683-MKT200;2025 - II
43483992;MKT-200;43483992-MKT200;2024 - I
43492230;DAT-305;43492230-DAT305;2025 - I
43492230;DAT-201;43492230-DAT201;2025 - II
43492230;IA-300;43492230-IA300;2025 - II
43496203;IA-300;43496203-IA300;2025 - II
43496203;DEV-101;43496203-DEV101;2025 - I
43496203;GEN-101;43496203-GEN101;2025 - I
43496917;UX-100;43496917-UX100;2024 - II
43496917;IA-300;43496917-IA300;2024 - I
43498834;GEN-101;43498834-GEN101;2025 - I
43498834;MKT-200;43498834-MKT200;2025 - II
43498834;DAT-101;43498834-DAT101;2025 - I
43498834;UX-100;43498834-UX100;2025 - II
43498834;NEG-400;43498834-NEG400;2025 - I
43506692;NEG-400;43506692-NEG400;2025 - I
43506692;IA-300;43506692-IA300;2025 - I
43506692;DAT-305;43506692-DAT305;2025 - II
43506692;DEV-101;43506692-DEV101;2025 - I
43507384;DAT-101;43507384-DAT101;2025 - I
43507384;IA-400;43507384-IA400;2025 - I
43507384;DEV-101;43507384-DEV101;2025 - II
43521267;GEN-101;43521267-GEN101;2025 - II
43521267;DAT-101;43521267-DAT101;2025 - I
43521267;DEV-101;43521267-DEV101;2025 - I
43521267;IA-300;43521267-IA300;2025 - I
43521267;DAT-305;43521267-DAT305;2025 - I
43528816;IA-400;43528816-IA400;2025 - I
43528816;UX-100;43528816-UX100;2025 - II
43528816;IA-300;43528816-IA300;2025 - II
43528816;DEV-101;43528816-DEV101;2025 - II
43529073;NEG-400;43529073-NEG400;2024 - II
43529073;DEV-101;43529073-DEV101;2024 - II
43537356;NEG-400;43537356-NEG400;2025 - II
43537356;DAT-101;43537356-DAT101;2025 - II
43537356;IA-400;43537356-IA400;2025 - II
43537356;DAT-305;43537356-DAT305;2025 - I
43537356;UX-100;43537356-UX100;2025 - I
43539600;GEN-101;43539600-GEN101;2024 - I
43539600;NEG-400;43539600-NEG400;2024 - I
43539600;MKT-200;43539600-MKT200;2024 - II
43542005;UX-100;43542005-UX100;2024 - II
43542005;GEN-101;43542005-GEN101;2024 - II
43542829;DAT-101;43542829-DAT101;2025 - I
43542829;DAT-201;43542829-DAT201;2025 - II
43542829;NEG-400;43542829-NEG400;2025 - I
43542829;MKT-200;43542829-MKT200;2025 - II
43549185;DAT-101;43549185-DAT101;2024 - I
43549346;DAT-305;43549346-DAT305;2025 - I
43549346;DAT-201;43549346-DAT201;2025 - I
43549346;UX-100;43549346-UX100;2025 - II
43554211;GEN-101;43554211-GEN101;2024 - II
43554211;UX-100;43554211-UX100;2024 - II
43558573;UX-100;43558573-UX100;2025 - I
43558573;MKT-200;43558573-MKT200;2025 - I
43558573;GEN-101;43558573-GEN101;2025 - I
43558573;DAT-101;43558573-DAT101;2025 - II
43558573;NEG-400;43558573-NEG400;2025 - II
43558573;DAT-201;43558573-DAT201;2025 - I
43583039;NEG-400;43583039-NEG400;2024 - II
43597806;MKT-200;43597806-MKT200;2025 - II
43597806;DAT-101;43597806-DAT101;2025 - I
43597806;GEN-101;43597806-GEN101;2025 - I
43597806;DEV-101;43597806-DEV101;2025 - II
43605753;IA-400;43605753-IA400;2025 - II
43605753;IA-300;43605753-IA300;2025 - II
43605753;DAT-101;43605753-DAT101;2025 - I
43605753;NEG-400;43605753-NEG400;2025 - II
43615605;NEG-400;43615605-NEG400;2025 - II
43615605;IA-300;43615605-IA300;2025 - I
43615605;IA-400;43615605-IA400;2025 - II
43615605;DAT-201;43615605-DAT201;2025 - II
43615605;MKT-200;43615605-MKT200;2025 - I
43624314;MKT-200;43624314-MKT200;2025 - II
43624314;IA-300;43624314-IA300;2025 - I
43624314;UX-100;43624314-UX100;2025 - I
43624314;DAT-305;43624314-DAT305;2025 - II
43624314;DAT-101;43624314-DAT101;2025 - II
43624806;UX-100;43624806-UX100;2025 - II
43624806;DAT-101;43624806-DAT101;2025 - II
43624806;NEG-400;43624806-NEG400;2025 - II
43624806;MKT-200;43624806-MKT200;2025 - II
43625205;GEN-101;43625205-GEN101;2024 - II
43625205;DAT-101;43625205-DAT101;2024 - II
43625205;UX-100;43625205-UX100;2024 - I
43625205;DEV-101;43625205-DEV101;2024 - I
43632991;IA-400;43632991-IA400;2025 - II
43647497;DAT-201;43647497-DAT201;2025 - I
43647497;DAT-305;43647497-DAT305;2025 - I
43647497;GEN-101;43647497-GEN101;2025 - II
43647497;NEG-400;43647497-NEG400;2025 - I
43651742;GEN-101;43651742-GEN101;2024 - II
43651742;UX-100;43651742-UX100;2024 - I
43651947;UX-100;43651947-UX100;2025 - II
43651947;DAT-305;43651947-DAT305;2025 - II
43651947;IA-300;43651947-IA300;2025 - II
43652049;IA-400;43652049-IA400;2025 - II
43652049;IA-300;43652049-IA300;2025 - I
43652049;DAT-201;43652049-DAT201;2025 - I
43652049;MKT-200;43652049-MKT200;2025 - I
43652049;NEG-400;43652049-NEG400;2025 - I
43652049;DAT-101;43652049-DAT101;2025 - I
43662150;GEN-101;43662150-GEN101;2025 - II
43662150;IA-400;43662150-IA400;2025 - I
43663971;IA-300;43663971-IA300;2024 - I
43663971;NEG-400;43663971-NEG400;2024 - II
43663971;DAT-101;43663971-DAT101;2024 - II
43671191;UX-100;43671191-UX100;2024 - II
43671191;DAT-101;43671191-DAT101;2024 - II
43671566;DAT-305;43671566-DAT305;2025 - II
43671566;DEV-101;43671566-DEV101;2025 - I
43671566;NEG-400;43671566-NEG400;2025 - I
43678310;DAT-305;43678310-DAT305;2025 - I
43678310;DAT-201;43678310-DAT201;2025 - I
43678310;UX-100;43678310-UX100;2025 - II
43678310;DEV-101;43678310-DEV101;2025 - II
43678310;DAT-101;43678310-DAT101;2025 - I
43679905;DEV-101;43679905-DEV101;2025 - I
43679905;MKT-200;43679905-MKT200;2025 - II
43679905;IA-300;43679905-IA300;2025 - II
43690930;GEN-101;43690930-GEN101;2025 - I
43690930;UX-100;43690930-UX100;2025 - II
43690930;DAT-101;43690930-DAT101;2025 - I
43690930;DAT-201;43690930-DAT201;2025 - II
43695277;IA-300;43695277-IA300;2024 - I
43695277;GEN-101;43695277-GEN101;2024 - II
43695277;NEG-400;43695277-NEG400;2024 - II
43695456;MKT-200;43695456-MKT200;2024 - I
43695456;NEG-400;43695456-NEG400;2024 - I
43695489;DEV-101;43695489-DEV101;2024 - II
43704659;GEN-101;43704659-GEN101;2025 - I
43704659;DAT-101;43704659-DAT101;2025 - I
43710760;NEG-400;43710760-NEG400;2024 - II
43710760;DAT-201;43710760-DAT201;2024 - II
43710760;DEV-101;43710760-DEV101;2024 - II
43711417;DAT-305;43711417-DAT305;2025 - I
43711417;IA-300;43711417-IA300;2025 - II
43711417;DAT-101;43711417-DAT101;2025 - II
43711417;UX-100;43711417-UX100;2025 - II
43711417;NEG-400;43711417-NEG400;2025 - I
43713231;IA-400;43713231-IA400;2025 - I
43713231;DAT-305;43713231-DAT305;2025 - I
43713231;DAT-201;43713231-DAT201;2025 - II
43714584;IA-300;43714584-IA300;2025 - I
43714584;IA-400;43714584-IA400;2025 - II
43720785;DAT-201;43720785-DAT201;2024 - I
43720785;GEN-101;43720785-GEN101;2024 - I
43721576;IA-400;43721576-IA400;2025 - I
43721576;DAT-305;43721576-DAT305;2025 - II
43721576;MKT-200;43721576-MKT200;2025 - II
43721576;UX-100;43721576-UX100;2025 - I
43721576;DEV-101;43721576-DEV101;2025 - I
43726508;DEV-101;43726508-DEV101;2024 - II
43726508;DAT-101;43726508-DAT101;2024 - II
43727225;UX-100;43727225-UX100;2024 - II
43727225;DEV-101;43727225-DEV101;2024 - II
43727225;GEN-101;43727225-GEN101;2024 - II
43729856;GEN-101;43729856-GEN101;2025 - II
43729856;NEG-400;43729856-NEG400;2025 - I
43733466;GEN-101;43733466-GEN101;2024 - II
43733466;NEG-400;43733466-NEG400;2024 - II
43736953;NEG-400;43736953-NEG400;2024 - I
43736953;DEV-101;43736953-DEV101;2024 - I
43736953;MKT-200;43736953-MKT200;2024 - II
43744263;MKT-200;43744263-MKT200;2025 - I
43744263;DAT-305;43744263-DAT305;2025 - II
43744263;DAT-101;43744263-DAT101;2025 - I
43744263;IA-300;43744263-IA300;2025 - I
43750283;DAT-101;43750283-DAT101;2024 - I
43751737;GEN-101;43751737-GEN101;2025 - II
43751737;DAT-305;43751737-DAT305;2025 - II
43751737;IA-400;43751737-IA400;2025 - I
43767499;IA-300;43767499-IA300;2024 - II
43767499;DEV-101;43767499-DEV101;2024 - I
43767499;DAT-201;43767499-DAT201;2024 - I
43771658;DAT-201;43771658-DAT201;2024 - I
43771658;GEN-101;43771658-GEN101;2024 - II
43771658;DEV-101;43771658-DEV101;2024 - II
43773004;DAT-101;43773004-DAT101;2024 - II
43773004;NEG-400;43773004-NEG400;2024 - I
43773004;DEV-101;43773004-DEV101;2024 - II
43777501;IA-300;43777501-IA300;2024 - II
43777501;GEN-101;43777501-GEN101;2024 - II
43799230;IA-300;43799230-IA300;2024 - II
43799230;UX-100;43799230-UX100;2024 - II
43799230;DAT-101;43799230-DAT101;2024 - II
43802935;DEV-101;43802935-DEV101;2024 - I
43810640;MKT-200;43810640-MKT200;2024 - II
43827991;DAT-305;43827991-DAT305;2025 - I
43827991;GEN-101;43827991-GEN101;2025 - II
43827991;DEV-101;43827991-DEV101;2025 - I
43827991;IA-400;43827991-IA400;2025 - II
43830930;UX-100;43830930-UX100;2025 - II
43830930;DAT-305;43830930-DAT305;2025 - II
43831919;NEG-400;43831919-NEG400;2025 - II
43831919;DAT-101;43831919-DAT101;2025 - I
43831919;DAT-305;43831919-DAT305;2025 - I
43831919;IA-400;43831919-IA400;2025 - I
43831919;UX-100;43831919-UX100;2025 - I
43832291;DEV-101;43832291-DEV101;2025 - I
43832291;IA-400;43832291-IA400;2025 - I
43847977;DEV-101;43847977-DEV101;2025 - II
43864775;NEG-400;43864775-NEG400;2024 - II
43864775;DAT-201;43864775-DAT201;2024 - II
43864775;DEV-101;43864775-DEV101;2024 - I
43867075;UX-100;43867075-UX100;2024 - II
43871165;MKT-200;43871165-MKT200;2025 - II
43871165;DAT-201;43871165-DAT201;2025 - I
43871165;GEN-101;43871165-GEN101;2025 - I
43871165;DAT-101;43871165-DAT101;2025 - II
43871938;IA-400;43871938-IA400;2025 - I
43871938;DEV-101;43871938-DEV101;2025 - I
43871938;DAT-305;43871938-DAT305;2025 - I
43871938;NEG-400;43871938-NEG400;2025 - II
43871938;DAT-101;43871938-DAT101;2025 - I
43888324;UX-100;43888324-UX100;2024 - I
43888324;GEN-101;43888324-GEN101;2024 - I
43888324;DAT-101;43888324-DAT101;2024 - II
43889224;DAT-201;43889224-DAT201;2025 - I
43889224;DAT-305;43889224-DAT305;2025 - I
43889224;IA-400;43889224-IA400;2025 - II
43889224;NEG-400;43889224-NEG400;2025 - II
43889224;GEN-101;43889224-GEN101;2025 - I
43895529;UX-100;43895529-UX100;2025 - I
43895529;DAT-305;43895529-DAT305;2025 - II
43904377;IA-300;43904377-IA300;2025 - I
43904377;GEN-101;43904377-GEN101;2025 - II
43904377;DAT-305;43904377-DAT305;2025 - II
43904377;MKT-200;43904377-MKT200;2025 - II
43904609;DAT-101;43904609-DAT101;2024 - II
43904609;NEG-400;43904609-NEG400;2024 - I
43904609;DEV-101;43904609-DEV101;2024 - I
43904609;MKT-200;43904609-MKT200;2024 - II
43914297;DEV-101;43914297-DEV101;2024 - II
43914297;DAT-201;43914297-DAT201;2024 - II
43941263;DAT-305;43941263-DAT305;2025 - I
43941263;IA-400;43941263-IA400;2025 - I
43941263;DAT-101;43941263-DAT101;2025 - I
43941263;DEV-101;43941263-DEV101;2025 - II
43941263;IA-300;43941263-IA300;2025 - II
43941263;GEN-101;43941263-GEN101;2025 - II
43942866;MKT-200;43942866-MKT200;2024 - II
43942866;DAT-101;43942866-DAT101;2024 - II
43947996;IA-300;43947996-IA300;2024 - I
43947996;UX-100;43947996-UX100;2024 - II
43947996;DAT-101;43947996-DAT101;2024 - II
43948943;GEN-101;43948943-GEN101;2024 - II
43948943;MKT-200;43948943-MKT200;2024 - I
43956427;MKT-200;43956427-MKT200;2024 - II
43956427;UX-100;43956427-UX100;2024 - II
43970719;DAT-101;43970719-DAT101;2024 - II
43972226;MKT-200;43972226-MKT200;2024 - I
43978117;DAT-101;43978117-DAT101;2024 - I
43978117;MKT-200;43978117-MKT200;2024 - II
43978117;IA-300;43978117-IA300;2024 - II
43978117;GEN-101;43978117-GEN101;2024 - II
43990468;IA-300;43990468-IA300;2024 - II
43991288;IA-400;43991288-IA400;2025 - I
43991288;DAT-201;43991288-DAT201;2025 - I
43991288;MKT-200;43991288-MKT200;2025 - I
43991288;DAT-305;43991288-DAT305;2025 - II
43991901;DAT-101;43991901-DAT101;2024 - I
43991901;DEV-101;43991901-DEV101;2024 - II
44012569;GEN-101;44012569-GEN101;2024 - I
44025027;DAT-305;44025027-DAT305;2025 - II
44025027;DAT-201;44025027-DAT201;2025 - I
44025027;MKT-200;44025027-MKT200;2025 - II
44025027;NEG-400;44025027-NEG400;2025 - II
44047485;DAT-101;44047485-DAT101;2024 - II
44047721;UX-100;44047721-UX100;2024 - II
44047721;DAT-101;44047721-DAT101;2024 - II
44047721;MKT-200;44047721-MKT200;2024 - I
44047721;DAT-201;44047721-DAT201;2024 - I
44049715;DAT-101;44049715-DAT101;2025 - I
44049715;DAT-305;44049715-DAT305;2025 - I
44049715;DAT-201;44049715-DAT201;2025 - I
44049715;GEN-101;44049715-GEN101;2025 - II
44049715;NEG-400;44049715-NEG400;2025 - II
44059178;GEN-101;44059178-GEN101;2025 - I
44059178;IA-400;44059178-IA400;2025 - I
44059178;NEG-400;44059178-NEG400;2025 - I
44059778;DAT-101;44059778-DAT101;2024 - II
44059778;IA-300;44059778-IA300;2024 - II
44062737;MKT-200;44062737-MKT200;2025 - II
44062737;IA-300;44062737-IA300;2025 - II
44064200;DEV-101;44064200-DEV101;2025 - I
44064200;DAT-101;44064200-DAT101;2025 - II
44064200;DAT-305;44064200-DAT305;2025 - II
44067426;NEG-400;44067426-NEG400;2024 - II
44076200;IA-400;44076200-IA400;2025 - I
44076200;DAT-201;44076200-DAT201;2025 - II
44084939;IA-300;44084939-IA300;2024 - II
44084939;DAT-201;44084939-DAT201;2024 - II
44084939;NEG-400;44084939-NEG400;2024 - II
44086116;IA-300;44086116-IA300;2025 - I
44086116;UX-100;44086116-UX100;2025 - I
44094966;DAT-201;44094966-DAT201;2024 - I
44101321;DAT-201;44101321-DAT201;2025 - I
44101321;UX-100;44101321-UX100;2025 - I
44101321;DEV-101;44101321-DEV101;2025 - I
44101321;GEN-101;44101321-GEN101;2025 - I
44101321;NEG-400;44101321-NEG400;2025 - I
44107875;DAT-201;44107875-DAT201;2025 - I
44107875;GEN-101;44107875-GEN101;2025 - I
44107875;IA-300;44107875-IA300;2025 - I
44107875;DAT-305;44107875-DAT305;2025 - II
44111228;DEV-101;44111228-DEV101;2025 - II
44111228;NEG-400;44111228-NEG400;2025 - II
44111228;IA-300;44111228-IA300;2025 - II
44111228;IA-400;44111228-IA400;2025 - II
44113409;UX-100;44113409-UX100;2024 - II
44113409;IA-300;44113409-IA300;2024 - II
44113409;DAT-101;44113409-DAT101;2024 - I
44113409;DAT-201;44113409-DAT201;2024 - II
44115122;MKT-200;44115122-MKT200;2025 - I
44115122;DEV-101;44115122-DEV101;2025 - I
44115122;NEG-400;44115122-NEG400;2025 - I
44115909;DAT-201;44115909-DAT201;2025 - II
44115909;IA-400;44115909-IA400;2025 - I
44115909;DAT-101;44115909-DAT101;2025 - I
44115909;MKT-200;44115909-MKT200;2025 - I
44115909;UX-100;44115909-UX100;2025 - II
44118742;GEN-101;44118742-GEN101;2025 - II
44118742;DAT-101;44118742-DAT101;2025 - II
44118742;NEG-400;44118742-NEG400;2025 - II
44118742;IA-300;44118742-IA300;2025 - II
44120543;MKT-200;44120543-MKT200;2024 - I
44141804;MKT-200;44141804-MKT200;2024 - II
44142004;GEN-101;44142004-GEN101;2024 - I
44144505;IA-300;44144505-IA300;2024 - II
44144505;GEN-101;44144505-GEN101;2024 - II
44173257;IA-300;44173257-IA300;2025 - I
44173257;IA-400;44173257-IA400;2025 - II
44174755;GEN-101;44174755-GEN101;2025 - I
44176621;NEG-400;44176621-NEG400;2025 - II
44176621;IA-300;44176621-IA300;2025 - II
44176621;DAT-101;44176621-DAT101;2025 - II
44182964;MKT-200;44182964-MKT200;2025 - I
44182964;DAT-201;44182964-DAT201;2025 - II
44182964;UX-100;44182964-UX100;2025 - II
44182964;DAT-305;44182964-DAT305;2025 - II
44190336;DAT-201;44190336-DAT201;2025 - II
44190336;NEG-400;44190336-NEG400;2025 - II
44190336;IA-400;44190336-IA400;2025 - II
44190336;MKT-200;44190336-MKT200;2025 - I
44190336;DAT-305;44190336-DAT305;2025 - I
44190336;UX-100;44190336-UX100;2025 - I
44197978;UX-100;44197978-UX100;2025 - I
44197978;DAT-201;44197978-DAT201;2025 - I
44197978;DEV-101;44197978-DEV101;2025 - II
44197978;IA-400;44197978-IA400;2025 - I
44197978;IA-300;44197978-IA300;2025 - I
44197978;DAT-305;44197978-DAT305;2025 - II
44210932;UX-100;44210932-UX100;2024 - I
44216431;MKT-200;44216431-MKT200;2025 - I
44216431;GEN-101;44216431-GEN101;2025 - II
44216431;DAT-101;44216431-DAT101;2025 - I
44219639;GEN-101;44219639-GEN101;2024 - I
44221505;GEN-101;44221505-GEN101;2025 - II
44221505;DAT-305;44221505-DAT305;2025 - I
44221505;DEV-101;44221505-DEV101;2025 - I
44221505;DAT-101;44221505-DAT101;2025 - II
44221505;NEG-400;44221505-NEG400;2025 - II
44224033;IA-300;44224033-IA300;2025 - I
44224033;DEV-101;44224033-DEV101;2025 - II
44224033;UX-100;44224033-UX100;2025 - II
44224033;IA-400;44224033-IA400;2025 - I
44224033;NEG-400;44224033-NEG400;2025 - II
44224033;DAT-305;44224033-DAT305;2025 - I
44227115;MKT-200;44227115-MKT200;2025 - II
44227115;NEG-400;44227115-NEG400;2025 - II
44228213;DAT-101;44228213-DAT101;2024 - II
44229724;DEV-101;44229724-DEV101;2025 - I
44229724;UX-100;44229724-UX100;2025 - I
44229724;NEG-400;44229724-NEG400;2025 - I
44235496;DAT-305;44235496-DAT305;2025 - II
44235496;DAT-101;44235496-DAT101;2025 - II
44235496;MKT-200;44235496-MKT200;2025 - I
44235496;DEV-101;44235496-DEV101;2025 - I
44235496;DAT-201;44235496-DAT201;2025 - II
44241859;NEG-400;44241859-NEG400;2025 - II
44241859;IA-400;44241859-IA400;2025 - II
44241859;IA-300;44241859-IA300;2025 - I
44241859;DAT-201;44241859-DAT201;2025 - II
44241859;MKT-200;44241859-MKT200;2025 - II
44242303;DEV-101;44242303-DEV101;2024 - I
44242960;DAT-101;44242960-DAT101;2025 - II
44242960;UX-100;44242960-UX100;2025 - I
44242960;DAT-201;44242960-DAT201;2025 - I
44242960;NEG-400;44242960-NEG400;2025 - II
44263113;IA-300;44263113-IA300;2024 - II
44264848;IA-300;44264848-IA300;2025 - II
44264848;DAT-101;44264848-DAT101;2025 - II
44264848;DAT-201;44264848-DAT201;2025 - II
44284431;DAT-101;44284431-DAT101;2025 - I
44284431;IA-300;44284431-IA300;2025 - II
44284431;GEN-101;44284431-GEN101;2025 - II
44284431;MKT-200;44284431-MKT200;2025 - II
44284431;DEV-101;44284431-DEV101;2025 - II
44284579;GEN-101;44284579-GEN101;2025 - I
44286872;UX-100;44286872-UX100;2025 - II
44286872;DEV-101;44286872-DEV101;2025 - II
44286872;GEN-101;44286872-GEN101;2025 - I
44286872;MKT-200;44286872-MKT200;2025 - I
44286872;NEG-400;44286872-NEG400;2025 - II
44289991;NEG-400;44289991-NEG400;2024 - II
44289991;DEV-101;44289991-DEV101;2024 - II
44289991;GEN-101;44289991-GEN101;2024 - II
44289991;MKT-200;44289991-MKT200;2024 - I
44291013;DAT-101;44291013-DAT101;2025 - II
44291013;NEG-400;44291013-NEG400;2025 - I
44291013;IA-300;44291013-IA300;2025 - I
44291013;MKT-200;44291013-MKT200;2025 - II
44305990;IA-400;44305990-IA400;2025 - II
44305990;MKT-200;44305990-MKT200;2025 - II
44305990;DAT-201;44305990-DAT201;2025 - I
44305990;IA-300;44305990-IA300;2025 - I
44308885;UX-100;44308885-UX100;2024 - I
44313136;DAT-101;44313136-DAT101;2024 - I
44334164;MKT-200;44334164-MKT200;2025 - II
44334164;NEG-400;44334164-NEG400;2025 - I
44340522;IA-300;44340522-IA300;2025 - II
44340522;DEV-101;44340522-DEV101;2025 - I
44340522;DAT-201;44340522-DAT201;2025 - II
44341695;UX-100;44341695-UX100;2024 - II
44343101;DAT-201;44343101-DAT201;2025 - II
44343101;DAT-101;44343101-DAT101;2025 - II
44343101;UX-100;44343101-UX100;2025 - II
44343101;MKT-200;44343101-MKT200;2025 - II
44343339;DAT-305;44343339-DAT305;2025 - I
44343339;MKT-200;44343339-MKT200;2025 - II
44343339;GEN-101;44343339-GEN101;2025 - II
44343339;DAT-101;44343339-DAT101;2025 - II
44343339;IA-400;44343339-IA400;2025 - II
44343339;IA-300;44343339-IA300;2025 - II
44343339;DAT-201;44343339-DAT201;2025 - I
44345701;DAT-101;44345701-DAT101;2025 - II
44345701;UX-100;44345701-UX100;2025 - I
44345701;DAT-305;44345701-DAT305;2025 - I
44358674;DAT-201;44358674-DAT201;2024 - II
44370456;NEG-400;44370456-NEG400;2024 - I
44370456;DAT-101;44370456-DAT101;2024 - I
44370456;MKT-200;44370456-MKT200;2024 - II
44370456;UX-100;44370456-UX100;2024 - II
44376034;IA-300;44376034-IA300;2025 - I
44376034;IA-400;44376034-IA400;2025 - II
44376034;GEN-101;44376034-GEN101;2025 - I
44381082;DAT-305;44381082-DAT305;2025 - II
44383216;UX-100;44383216-UX100;2025 - I
44385458;DEV-101;44385458-DEV101;2024 - I
44398280;DAT-101;44398280-DAT101;2025 - II
44398280;IA-300;44398280-IA300;2025 - II
44398280;GEN-101;44398280-GEN101;2025 - II
44398280;DAT-305;44398280-DAT305;2025 - I
44407218;DAT-305;44407218-DAT305;2025 - II
44407218;DEV-101;44407218-DEV101;2025 - II
44407218;DAT-201;44407218-DAT201;2025 - II
44407218;NEG-400;44407218-NEG400;2025 - I
44407218;IA-400;44407218-IA400;2025 - I
44412440;DAT-101;44412440-DAT101;2024 - I
44415606;DEV-101;44415606-DEV101;2025 - II
44415606;DAT-201;44415606-DAT201;2025 - II
44415606;UX-100;44415606-UX100;2025 - II
44415606;GEN-101;44415606-GEN101;2025 - I
44419143;NEG-400;44419143-NEG400;2025 - I
44419143;IA-400;44419143-IA400;2025 - I
44419194;DEV-101;44419194-DEV101;2024 - I
44419194;NEG-400;44419194-NEG400;2024 - II
44419194;IA-300;44419194-IA300;2024 - I
44427813;DAT-101;44427813-DAT101;2024 - I
44436801;MKT-200;44436801-MKT200;2024 - II
44436801;GEN-101;44436801-GEN101;2024 - II
44441151;MKT-200;44441151-MKT200;2024 - II
44441151;DAT-101;44441151-DAT101;2024 - I
44442488;NEG-400;44442488-NEG400;2025 - II
44442488;DEV-101;44442488-DEV101;2025 - I
44442488;IA-400;44442488-IA400;2025 - II
44442488;DAT-201;44442488-DAT201;2025 - I
44443284;DAT-305;44443284-DAT305;2025 - II
44443284;DEV-101;44443284-DEV101;2025 - II
44443284;UX-100;44443284-UX100;2025 - II
44443284;DAT-201;44443284-DAT201;2025 - II
44443284;GEN-101;44443284-GEN101;2025 - II
44443284;NEG-400;44443284-NEG400;2025 - I
44445238;DAT-101;44445238-DAT101;2025 - I
44445238;DAT-201;44445238-DAT201;2025 - II
44445238;DEV-101;44445238-DEV101;2025 - II
44454123;DAT-305;44454123-DAT305;2025 - II
44454123;IA-300;44454123-IA300;2025 - I
44454123;NEG-400;44454123-NEG400;2025 - I
44454123;DAT-101;44454123-DAT101;2025 - II
44454123;GEN-101;44454123-GEN101;2025 - I
44454123;IA-400;44454123-IA400;2025 - II
44456279;DAT-201;44456279-DAT201;2024 - II
44456279;IA-300;44456279-IA300;2024 - II
44473224;MKT-200;44473224-MKT200;2025 - II
44473224;IA-300;44473224-IA300;2025 - II
44473224;UX-100;44473224-UX100;2025 - II
44473224;DEV-101;44473224-DEV101;2025 - I
44476887;NEG-400;44476887-NEG400;2025 - II
44476887;IA-400;44476887-IA400;2025 - II
44476887;GEN-101;44476887-GEN101;2025 - I
44477303;GEN-101;44477303-GEN101;2025 - II
44483113;DAT-101;44483113-DAT101;2024 - II
44488443;UX-100;44488443-UX100;2025 - II
44488443;IA-300;44488443-IA300;2025 - II
44488443;DEV-101;44488443-DEV101;2025 - II
44488443;DAT-101;44488443-DAT101;2025 - II
44490644;NEG-400;44490644-NEG400;2025 - I
44490644;IA-400;44490644-IA400;2025 - I
44490644;DAT-201;44490644-DAT201;2025 - I
44490644;IA-300;44490644-IA300;2025 - II
44490644;DAT-305;44490644-DAT305;2025 - II
44490644;MKT-200;44490644-MKT200;2025 - II
44490644;DAT-101;44490644-DAT101;2025 - II
44490644;UX-100;44490644-UX100;2025 - I
44491570;IA-300;44491570-IA300;2025 - II
44491570;DAT-305;44491570-DAT305;2025 - II
44491570;MKT-200;44491570-MKT200;2025 - I
44491570;DAT-101;44491570-DAT101;2025 - I
44492127;DAT-101;44492127-DAT101;2025 - I
44492127;IA-400;44492127-IA400;2025 - I
44492899;NEG-400;44492899-NEG400;2024 - II
44492899;DAT-201;44492899-DAT201;2024 - II
44492899;DEV-101;44492899-DEV101;2024 - II
44492899;UX-100;44492899-UX100;2024 - II
44502106;UX-100;44502106-UX100;2024 - II
44506499;IA-300;44506499-IA300;2024 - II
44506499;DEV-101;44506499-DEV101;2024 - II
44508081;DAT-101;44508081-DAT101;2024 - I
44508081;DAT-201;44508081-DAT201;2024 - I
44508081;MKT-200;44508081-MKT200;2024 - I
44508081;DEV-101;44508081-DEV101;2024 - II
44512365;IA-300;44512365-IA300;2025 - II
44512365;DAT-201;44512365-DAT201;2025 - I
44512365;MKT-200;44512365-MKT200;2025 - I
44512365;GEN-101;44512365-GEN101;2025 - II
44512365;UX-100;44512365-UX100;2025 - II
44513749;NEG-400;44513749-NEG400;2024 - I
44513749;MKT-200;44513749-MKT200;2024 - II
44513749;DAT-201;44513749-DAT201;2024 - II
44516064;UX-100;44516064-UX100;2024 - II
44521729;UX-100;44521729-UX100;2025 - I
44521824;MKT-200;44521824-MKT200;2024 - II
44528233;IA-300;44528233-IA300;2024 - I
44536877;GEN-101;44536877-GEN101;2024 - II
44536877;DAT-201;44536877-DAT201;2024 - I
44536877;NEG-400;44536877-NEG400;2024 - I
44544802;UX-100;44544802-UX100;2025 - II
44544802;IA-300;44544802-IA300;2025 - I
44544802;DAT-201;44544802-DAT201;2025 - II
44544802;DAT-305;44544802-DAT305;2025 - II
44544802;GEN-101;44544802-GEN101;2025 - II
44554637;DEV-101;44554637-DEV101;2025 - II
44554637;DAT-201;44554637-DAT201;2025 - I
44554723;GEN-101;44554723-GEN101;2024 - II
44555423;MKT-200;44555423-MKT200;2024 - I
44555423;IA-300;44555423-IA300;2024 - II
44563667;DAT-201;44563667-DAT201;2024 - I
44594931;MKT-200;44594931-MKT200;2024 - I
44594931;DAT-201;44594931-DAT201;2024 - I
44594931;IA-300;44594931-IA300;2024 - II
44594931;DAT-101;44594931-DAT101;2024 - I
44613692;IA-400;44613692-IA400;2025 - II
44613692;DAT-305;44613692-DAT305;2025 - I
44613692;DEV-101;44613692-DEV101;2025 - II
44617524;GEN-101;44617524-GEN101;2024 - II
44617524;DAT-101;44617524-DAT101;2024 - I
44635112;IA-300;44635112-IA300;2024 - I
44640011;DAT-201;44640011-DAT201;2025 - I
44640011;DAT-101;44640011-DAT101;2025 - I
44640011;MKT-200;44640011-MKT200;2025 - II
44651662;MKT-200;44651662-MKT200;2025 - II
44651662;NEG-400;44651662-NEG400;2025 - I
44651662;IA-300;44651662-IA300;2025 - II
44654200;DAT-201;44654200-DAT201;2024 - II
44654200;DAT-101;44654200-DAT101;2024 - I
44654293;DAT-201;44654293-DAT201;2024 - I
44654293;MKT-200;44654293-MKT200;2024 - II
44661890;MKT-200;44661890-MKT200;2024 - I
44661890;GEN-101;44661890-GEN101;2024 - I
44692963;NEG-400;44692963-NEG400;2025 - II
44692963;DEV-101;44692963-DEV101;2025 - II
44692963;GEN-101;44692963-GEN101;2025 - II
44692963;DAT-101;44692963-DAT101;2025 - II
44698429;DAT-201;44698429-DAT201;2024 - II
44698831;IA-300;44698831-IA300;2024 - I
44700314;DAT-305;44700314-DAT305;2025 - II
44700314;GEN-101;44700314-GEN101;2025 - II
44700314;UX-100;44700314-UX100;2025 - I
44702371;NEG-400;44702371-NEG400;2025 - II
44702371;DAT-201;44702371-DAT201;2025 - I
44702371;DAT-305;44702371-DAT305;2025 - I
44713441;GEN-101;44713441-GEN101;2024 - II
44713441;UX-100;44713441-UX100;2024 - II
44713988;NEG-400;44713988-NEG400;2024 - II
44713988;MKT-200;44713988-MKT200;2024 - I
44717216;DEV-101;44717216-DEV101;2025 - I
44717216;GEN-101;44717216-GEN101;2025 - II
44717216;IA-400;44717216-IA400;2025 - II
44724307;DAT-201;44724307-DAT201;2025 - II
44724307;IA-300;44724307-IA300;2025 - II
44724307;DAT-305;44724307-DAT305;2025 - I
44724307;DAT-101;44724307-DAT101;2025 - I
44726166;IA-400;44726166-IA400;2025 - II
44726166;IA-300;44726166-IA300;2025 - I
44726166;UX-100;44726166-UX100;2025 - II
44726166;DAT-305;44726166-DAT305;2025 - I
44726844;NEG-400;44726844-NEG400;2024 - II
44730308;MKT-200;44730308-MKT200;2025 - II
44730308;DAT-201;44730308-DAT201;2025 - II
44730308;DAT-305;44730308-DAT305;2025 - I
44730308;NEG-400;44730308-NEG400;2025 - I
44753132;UX-100;44753132-UX100;2024 - I
44753132;GEN-101;44753132-GEN101;2024 - II
44753132;IA-300;44753132-IA300;2024 - I
44754060;UX-100;44754060-UX100;2025 - I
44754060;DAT-305;44754060-DAT305;2025 - I
44754060;NEG-400;44754060-NEG400;2025 - I
44754060;DAT-201;44754060-DAT201;2025 - I
44754060;MKT-200;44754060-MKT200;2025 - II
44754301;DAT-101;44754301-DAT101;2025 - I
44754301;DAT-305;44754301-DAT305;2025 - I
44754301;DAT-201;44754301-DAT201;2025 - II
44754301;MKT-200;44754301-MKT200;2025 - II
44754301;NEG-400;44754301-NEG400;2025 - I
44765173;DAT-101;44765173-DAT101;2024 - I
44765173;GEN-101;44765173-GEN101;2024 - I
44775708;GEN-101;44775708-GEN101;2024 - I
44775708;IA-300;44775708-IA300;2024 - I
44775708;MKT-200;44775708-MKT200;2024 - II
44775708;DAT-201;44775708-DAT201;2024 - II
44775708;NEG-400;44775708-NEG400;2024 - II
44778294;GEN-101;44778294-GEN101;2024 - II
44780393;NEG-400;44780393-NEG400;2024 - I
44786123;DEV-101;44786123-DEV101;2025 - II
44786123;DAT-305;44786123-DAT305;2025 - II
44786123;DAT-101;44786123-DAT101;2025 - II
44791193;DEV-101;44791193-DEV101;2024 - I
44807676;GEN-101;44807676-GEN101;2024 - I
44811354;DAT-101;44811354-DAT101;2025 - I
44811354;NEG-400;44811354-NEG400;2025 - I
44811354;IA-300;44811354-IA300;2025 - II
44811354;MKT-200;44811354-MKT200;2025 - II
44811354;UX-100;44811354-UX100;2025 - II
44811354;DAT-201;44811354-DAT201;2025 - I
44811661;IA-400;44811661-IA400;2025 - I
44811661;MKT-200;44811661-MKT200;2025 - I
44811661;NEG-400;44811661-NEG400;2025 - II
44811661;UX-100;44811661-UX100;2025 - I
44811661;DAT-201;44811661-DAT201;2025 - II
44820591;DEV-101;44820591-DEV101;2025 - I
44820591;IA-300;44820591-IA300;2025 - I
44820591;UX-100;44820591-UX100;2025 - II
44820591;NEG-400;44820591-NEG400;2025 - II
44827801;DAT-201;44827801-DAT201;2025 - II
44827801;UX-100;44827801-UX100;2025 - II
44827801;IA-300;44827801-IA300;2025 - I
44827801;NEG-400;44827801-NEG400;2025 - II
44827801;DAT-101;44827801-DAT101;2025 - II
44830567;MKT-200;44830567-MKT200;2025 - I
44830567;IA-300;44830567-IA300;2025 - I
44830567;DEV-101;44830567-DEV101;2025 - I
44831598;UX-100;44831598-UX100;2024 - II
44844263;UX-100;44844263-UX100;2025 - I
44844263;IA-400;44844263-IA400;2025 - II
44853849;IA-400;44853849-IA400;2025 - II
44853849;NEG-400;44853849-NEG400;2025 - II
44858776;GEN-101;44858776-GEN101;2025 - I
44858776;DAT-201;44858776-DAT201;2025 - II
44858776;IA-300;44858776-IA300;2025 - I
44859529;DAT-201;44859529-DAT201;2024 - II
44870664;DAT-101;44870664-DAT101;2024 - II
44870664;DAT-201;44870664-DAT201;2024 - II
44878225;DEV-101;44878225-DEV101;2025 - II
44878225;DAT-101;44878225-DAT101;2025 - I
44878225;IA-300;44878225-IA300;2025 - II
44878225;UX-100;44878225-UX100;2025 - II
44878225;MKT-200;44878225-MKT200;2025 - II
44886400;DAT-201;44886400-DAT201;2024 - I
44886400;DEV-101;44886400-DEV101;2024 - I
44886400;NEG-400;44886400-NEG400;2024 - II
44898507;DAT-101;44898507-DAT101;2024 - II
44900640;NEG-400;44900640-NEG400;2024 - II
44904880;DEV-101;44904880-DEV101;2024 - II
44904960;IA-300;44904960-IA300;2025 - II
44904960;DAT-201;44904960-DAT201;2025 - I
44910143;MKT-200;44910143-MKT200;2024 - I
44910143;UX-100;44910143-UX100;2024 - II
44911255;DAT-201;44911255-DAT201;2025 - I
44911255;UX-100;44911255-UX100;2025 - I
44911255;MKT-200;44911255-MKT200;2025 - I
44911255;IA-300;44911255-IA300;2025 - II
44912505;IA-300;44912505-IA300;2024 - I
44919962;UX-100;44919962-UX100;2024 - I
44923903;GEN-101;44923903-GEN101;2025 - II
44923903;NEG-400;44923903-NEG400;2025 - II
44923903;DEV-101;44923903-DEV101;2025 - I
44923903;DAT-305;44923903-DAT305;2025 - II
44927685;UX-100;44927685-UX100;2024 - II
44927685;MKT-200;44927685-MKT200;2024 - I
44927685;DAT-201;44927685-DAT201;2024 - II
44927685;DEV-101;44927685-DEV101;2024 - II
44946319;MKT-200;44946319-MKT200;2024 - II
44959844;DAT-201;44959844-DAT201;2025 - I
44959844;NEG-400;44959844-NEG400;2025 - II
44959844;MKT-200;44959844-MKT200;2025 - I
44959844;UX-100;44959844-UX100;2025 - II
44965151;DEV-101;44965151-DEV101;2025 - I
44965151;GEN-101;44965151-GEN101;2025 - II
44965151;IA-300;44965151-IA300;2025 - II
44965151;IA-400;44965151-IA400;2025 - I
44986230;GEN-101;44986230-GEN101;2025 - II
44986230;IA-400;44986230-IA400;2025 - II
44986230;MKT-200;44986230-MKT200;2025 - I
44986230;DAT-201;44986230-DAT201;2025 - II
44988381;MKT-200;44988381-MKT200;2025 - II
44988381;IA-300;44988381-IA300;2025 - II
44988381;DAT-101;44988381-DAT101;2025 - I
44988381;UX-100;44988381-UX100;2025 - I
44988509;UX-100;44988509-UX100;2025 - II
44988509;DEV-101;44988509-DEV101;2025 - I
44988509;NEG-400;44988509-NEG400;2025 - II
44998271;IA-400;44998271-IA400;2025 - II
44998271;UX-100;44998271-UX100;2025 - I
44998271;NEG-400;44998271-NEG400;2025 - I
44998271;DAT-101;44998271-DAT101;2025 - II
44998271;DEV-101;44998271-DEV101;2025 - II
44998271;IA-300;44998271-IA300;2025 - I
45002798;DAT-305;45002798-DAT305;2025 - II
45002798;GEN-101;45002798-GEN101;2025 - II
45002798;IA-400;45002798-IA400;2025 - II
45007686;GEN-101;45007686-GEN101;2025 - II
45007686;DAT-101;45007686-DAT101;2025 - II
45007686;IA-300;45007686-IA300;2025 - I
45007686;DEV-101;45007686-DEV101;2025 - II
45007686;IA-400;45007686-IA400;2025 - II
45011218;NEG-400;45011218-NEG400;2025 - II
45011218;DAT-305;45011218-DAT305;2025 - II
45011218;DEV-101;45011218-DEV101;2025 - I
45024595;IA-400;45024595-IA400;2025 - I
45024595;DEV-101;45024595-DEV101;2025 - I
45024595;NEG-400;45024595-NEG400;2025 - I
45038314;NEG-400;45038314-NEG400;2024 - II
45038314;IA-300;45038314-IA300;2024 - II
45039367;DAT-101;45039367-DAT101;2024 - I
45041443;DAT-201;45041443-DAT201;2025 - II
45041443;IA-300;45041443-IA300;2025 - I
45041476;IA-400;45041476-IA400;2025 - II
45041476;IA-300;45041476-IA300;2025 - II
45041476;DAT-201;45041476-DAT201;2025 - II
45055136;UX-100;45055136-UX100;2024 - I
45055136;MKT-200;45055136-MKT200;2024 - II
45066282;IA-400;45066282-IA400;2025 - II
45066439;NEG-400;45066439-NEG400;2025 - II
45066439;MKT-200;45066439-MKT200;2025 - II
45066439;IA-300;45066439-IA300;2025 - II
45068171;GEN-101;45068171-GEN101;2024 - I
45068171;DEV-101;45068171-DEV101;2024 - I
45076126;DAT-201;45076126-DAT201;2024 - II
45076126;IA-300;45076126-IA300;2024 - I
45076126;UX-100;45076126-UX100;2024 - II
45076705;DEV-101;45076705-DEV101;2025 - II
45076705;UX-100;45076705-UX100;2025 - I
45076705;GEN-101;45076705-GEN101;2025 - I
45076705;IA-400;45076705-IA400;2025 - II
45076705;IA-300;45076705-IA300;2025 - II
45076705;DAT-201;45076705-DAT201;2025 - II
45090532;IA-300;45090532-IA300;2024 - I
45090532;MKT-200;45090532-MKT200;2024 - I
45090532;DEV-101;45090532-DEV101;2024 - I
45090752;NEG-400;45090752-NEG400;2025 - I
45090752;GEN-101;45090752-GEN101;2025 - I
45090752;DAT-305;45090752-DAT305;2025 - II
45091268;IA-300;45091268-IA300;2024 - II
45105658;UX-100;45105658-UX100;2025 - I
45105658;DAT-101;45105658-DAT101;2025 - II
45105658;DAT-305;45105658-DAT305;2025 - II
45116252;DAT-201;45116252-DAT201;2024 - II
45128829;MKT-200;45128829-MKT200;2024 - II
45130131;DAT-101;45130131-DAT101;2024 - II
45130131;GEN-101;45130131-GEN101;2024 - II
45130131;IA-300;45130131-IA300;2024 - I
45130131;MKT-200;45130131-MKT200;2024 - II
45134203;DAT-305;45134203-DAT305;2025 - II
45134203;UX-100;45134203-UX100;2025 - II
45140374;DAT-101;45140374-DAT101;2024 - II
45140374;UX-100;45140374-UX100;2024 - II
45147679;GEN-101;45147679-GEN101;2024 - I
45147679;MKT-200;45147679-MKT200;2024 - II
45147679;DAT-201;45147679-DAT201;2024 - II
45150526;UX-100;45150526-UX100;2025 - I
45150526;GEN-101;45150526-GEN101;2025 - II
45153061;UX-100;45153061-UX100;2025 - II
45153061;IA-300;45153061-IA300;2025 - II
45153061;IA-400;45153061-IA400;2025 - I
45160188;IA-400;45160188-IA400;2025 - II
45170259;DAT-201;45170259-DAT201;2024 - II
45170259;UX-100;45170259-UX100;2024 - I
45170433;DEV-101;45170433-DEV101;2024 - II
45170433;IA-300;45170433-IA300;2024 - II
45171795;DEV-101;45171795-DEV101;2024 - I
45171795;IA-300;45171795-IA300;2024 - I
45177328;DAT-305;45177328-DAT305;2025 - II
45177328;NEG-400;45177328-NEG400;2025 - I
45177328;MKT-200;45177328-MKT200;2025 - I
45177328;DEV-101;45177328-DEV101;2025 - II
45177548;MKT-200;45177548-MKT200;2025 - I
45177548;DAT-305;45177548-DAT305;2025 - I
45177548;DAT-201;45177548-DAT201;2025 - II
45177548;NEG-400;45177548-NEG400;2025 - I
45181550;NEG-400;45181550-NEG400;2024 - II
45181550;UX-100;45181550-UX100;2024 - I
45182848;GEN-101;45182848-GEN101;2024 - I
45182848;IA-300;45182848-IA300;2024 - I
45186536;IA-400;45186536-IA400;2025 - II
45186536;IA-300;45186536-IA300;2025 - I
45186536;DAT-201;45186536-DAT201;2025 - I
45186536;DAT-101;45186536-DAT101;2025 - II
45186536;GEN-101;45186536-GEN101;2025 - I
45198757;UX-100;45198757-UX100;2025 - I
45198757;DAT-305;45198757-DAT305;2025 - I
45198757;IA-400;45198757-IA400;2025 - II
45225711;DAT-101;45225711-DAT101;2025 - I
45225711;GEN-101;45225711-GEN101;2025 - I
45225711;NEG-400;45225711-NEG400;2025 - I
45225711;IA-400;45225711-IA400;2025 - II
45225711;DAT-305;45225711-DAT305;2025 - II
45225711;DEV-101;45225711-DEV101;2025 - I
45225711;UX-100;45225711-UX100;2025 - I
45245358;IA-300;45245358-IA300;2024 - II
45245358;NEG-400;45245358-NEG400;2024 - II
45246102;DAT-201;45246102-DAT201;2024 - I
45256600;GEN-101;45256600-GEN101;2025 - I
45256600;DEV-101;45256600-DEV101;2025 - I
45256600;MKT-200;45256600-MKT200;2025 - I
45256650;NEG-400;45256650-NEG400;2024 - I
45256650;UX-100;45256650-UX100;2024 - II
45259638;MKT-200;45259638-MKT200;2025 - I
45259638;IA-300;45259638-IA300;2025 - II
45259638;IA-400;45259638-IA400;2025 - II
45259638;DAT-201;45259638-DAT201;2025 - I
45265185;NEG-400;45265185-NEG400;2024 - I
45280236;MKT-200;45280236-MKT200;2025 - II
45280236;DEV-101;45280236-DEV101;2025 - I
45280236;NEG-400;45280236-NEG400;2025 - I
45280236;IA-300;45280236-IA300;2025 - II
45280236;DAT-201;45280236-DAT201;2025 - I
45291864;IA-400;45291864-IA400;2025 - I
45291864;DAT-201;45291864-DAT201;2025 - I
45291864;NEG-400;45291864-NEG400;2025 - II
45298142;DEV-101;45298142-DEV101;2024 - I
45303367;MKT-200;45303367-MKT200;2024 - II
45303367;NEG-400;45303367-NEG400;2024 - II
45303367;UX-100;45303367-UX100;2024 - I
45303367;DEV-101;45303367-DEV101;2024 - II
45303367;DAT-201;45303367-DAT201;2024 - I
45309663;IA-400;45309663-IA400;2025 - II
45309663;DEV-101;45309663-DEV101;2025 - I
45311516;DAT-101;45311516-DAT101;2025 - I
45311516;MKT-200;45311516-MKT200;2025 - II
45311516;UX-100;45311516-UX100;2025 - II
45311516;IA-300;45311516-IA300;2025 - I
45311516;IA-400;45311516-IA400;2025 - I
45315237;DAT-101;45315237-DAT101;2025 - I
45315237;GEN-101;45315237-GEN101;2025 - II
45315237;UX-100;45315237-UX100;2025 - II
45315237;DEV-101;45315237-DEV101;2025 - II
45320934;NEG-400;45320934-NEG400;2024 - II
45324229;NEG-400;45324229-NEG400;2024 - I
45331374;DAT-201;45331374-DAT201;2024 - II
45331374;MKT-200;45331374-MKT200;2024 - I
45338648;MKT-200;45338648-MKT200;2025 - I
45341305;UX-100;45341305-UX100;2024 - II
45341622;DEV-101;45341622-DEV101;2024 - I
45341622;NEG-400;45341622-NEG400;2024 - I
45348552;DAT-101;45348552-DAT101;2024 - II
45351925;IA-300;45351925-IA300;2025 - II
45351925;DAT-305;45351925-DAT305;2025 - I
45365573;IA-300;45365573-IA300;2024 - II
45368291;GEN-101;45368291-GEN101;2025 - II
45368291;UX-100;45368291-UX100;2025 - I
45368291;MKT-200;45368291-MKT200;2025 - II
45383156;UX-100;45383156-UX100;2024 - II
45383156;DAT-201;45383156-DAT201;2024 - I
45383156;GEN-101;45383156-GEN101;2024 - II
45385368;NEG-400;45385368-NEG400;2024 - II
45385368;DAT-101;45385368-DAT101;2024 - I
45385368;DAT-201;45385368-DAT201;2024 - I
45385368;IA-300;45385368-IA300;2024 - II
45385368;DEV-101;45385368-DEV101;2024 - II
45402891;MKT-200;45402891-MKT200;2024 - I
45402891;UX-100;45402891-UX100;2024 - I
45404573;DAT-201;45404573-DAT201;2025 - I
45404573;MKT-200;45404573-MKT200;2025 - I
45417367;MKT-200;45417367-MKT200;2025 - I
45417367;IA-400;45417367-IA400;2025 - II
45417367;IA-300;45417367-IA300;2025 - I
45417606;UX-100;45417606-UX100;2025 - I
45417606;DAT-101;45417606-DAT101;2025 - I
45417606;MKT-200;45417606-MKT200;2025 - I
45417606;GEN-101;45417606-GEN101;2025 - II
45417606;NEG-400;45417606-NEG400;2025 - I
45417967;NEG-400;45417967-NEG400;2024 - I
45417967;GEN-101;45417967-GEN101;2024 - II
45417967;MKT-200;45417967-MKT200;2024 - II
45419935;NEG-400;45419935-NEG400;2024 - II
45419935;DAT-101;45419935-DAT101;2024 - II
45419935;DAT-201;45419935-DAT201;2024 - II
45419935;IA-300;45419935-IA300;2024 - II
45419981;NEG-400;45419981-NEG400;2024 - II
45419981;UX-100;45419981-UX100;2024 - I
45419981;GEN-101;45419981-GEN101;2024 - I
45419981;DEV-101;45419981-DEV101;2024 - I
45422028;DEV-101;45422028-DEV101;2024 - II
45422028;GEN-101;45422028-GEN101;2024 - II
45422028;IA-300;45422028-IA300;2024 - I
45426738;NEG-400;45426738-NEG400;2024 - I
45426738;DAT-201;45426738-DAT201;2024 - II
45426946;DEV-101;45426946-DEV101;2024 - II
45427332;IA-300;45427332-IA300;2024 - II
45427332;DEV-101;45427332-DEV101;2024 - I
45427332;MKT-200;45427332-MKT200;2024 - II
45444903;IA-300;45444903-IA300;2025 - II
45444903;IA-400;45444903-IA400;2025 - I
45444903;GEN-101;45444903-GEN101;2025 - I
45444903;MKT-200;45444903-MKT200;2025 - II
45452257;DAT-305;45452257-DAT305;2025 - II
45459710;DEV-101;45459710-DEV101;2025 - I
45459710;DAT-201;45459710-DAT201;2025 - II
45459710;DAT-305;45459710-DAT305;2025 - I
45459710;IA-300;45459710-IA300;2025 - I
45459710;MKT-200;45459710-MKT200;2025 - II
45474521;IA-400;45474521-IA400;2025 - II
45474521;DAT-101;45474521-DAT101;2025 - I
45474521;MKT-200;45474521-MKT200;2025 - I
45474619;DAT-201;45474619-DAT201;2025 - II
45474619;DAT-305;45474619-DAT305;2025 - II
45474619;IA-300;45474619-IA300;2025 - II
45474619;MKT-200;45474619-MKT200;2025 - II
45474619;GEN-101;45474619-GEN101;2025 - I
45474619;DAT-101;45474619-DAT101;2025 - I
45482430;DEV-101;45482430-DEV101;2025 - II
45482430;NEG-400;45482430-NEG400;2025 - I
45482430;IA-400;45482430-IA400;2025 - II
45488677;DAT-101;45488677-DAT101;2025 - I
45488677;GEN-101;45488677-GEN101;2025 - I
45488677;NEG-400;45488677-NEG400;2025 - II
45496689;DAT-305;45496689-DAT305;2025 - II
45496689;GEN-101;45496689-GEN101;2025 - I
45496689;DAT-101;45496689-DAT101;2025 - II
45499218;UX-100;45499218-UX100;2025 - II
45499218;MKT-200;45499218-MKT200;2025 - I
45499218;DEV-101;45499218-DEV101;2025 - I
45499218;DAT-201;45499218-DAT201;2025 - I
45503533;MKT-200;45503533-MKT200;2024 - I
45507315;UX-100;45507315-UX100;2024 - I
45532881;IA-300;45532881-IA300;2024 - II
45539704;IA-400;45539704-IA400;2025 - II
45539704;DAT-201;45539704-DAT201;2025 - II
45539704;MKT-200;45539704-MKT200;2025 - II
45539704;DEV-101;45539704-DEV101;2025 - II
45539704;NEG-400;45539704-NEG400;2025 - I
45544327;DAT-101;45544327-DAT101;2024 - II
45544327;DAT-201;45544327-DAT201;2024 - II
45544606;DAT-305;45544606-DAT305;2025 - I
45544606;DAT-101;45544606-DAT101;2025 - I
45552569;DEV-101;45552569-DEV101;2025 - II
45561312;NEG-400;45561312-NEG400;2024 - II
45561312;GEN-101;45561312-GEN101;2024 - I
45561312;DAT-201;45561312-DAT201;2024 - II
45563814;IA-400;45563814-IA400;2025 - II
45563814;DAT-305;45563814-DAT305;2025 - I
45563814;MKT-200;45563814-MKT200;2025 - I
45568950;DAT-201;45568950-DAT201;2025 - I
45589540;NEG-400;45589540-NEG400;2025 - I
45589540;IA-400;45589540-IA400;2025 - II
45589540;UX-100;45589540-UX100;2025 - I
45589540;MKT-200;45589540-MKT200;2025 - I
45589540;DEV-101;45589540-DEV101;2025 - II
45594124;DAT-201;45594124-DAT201;2024 - II
45605722;MKT-200;45605722-MKT200;2024 - I
45609644;DAT-201;45609644-DAT201;2024 - II
45609644;UX-100;45609644-UX100;2024 - I
45619097;UX-100;45619097-UX100;2025 - II
45619097;DAT-201;45619097-DAT201;2025 - I
45619097;IA-400;45619097-IA400;2025 - II
45633220;NEG-400;45633220-NEG400;2024 - I
45645475;DAT-201;45645475-DAT201;2025 - II
45645475;GEN-101;45645475-GEN101;2025 - II
45647473;DEV-101;45647473-DEV101;2025 - II
45647473;DAT-201;45647473-DAT201;2025 - II
45647473;MKT-200;45647473-MKT200;2025 - I
45654702;IA-400;45654702-IA400;2025 - I
45654702;MKT-200;45654702-MKT200;2025 - I
45654702;UX-100;45654702-UX100;2025 - II
45656190;DAT-101;45656190-DAT101;2024 - I
45660425;MKT-200;45660425-MKT200;2024 - II
45663240;IA-300;45663240-IA300;2025 - II
45663240;DAT-101;45663240-DAT101;2025 - I
45663240;DAT-305;45663240-DAT305;2025 - I
45663240;DEV-101;45663240-DEV101;2025 - II
45663240;GEN-101;45663240-GEN101;2025 - I
45663240;DAT-201;45663240-DAT201;2025 - II
45663240;MKT-200;45663240-MKT200;2025 - I
45666370;UX-100;45666370-UX100;2024 - II
45670602;GEN-101;45670602-GEN101;2024 - II
45679679;IA-400;45679679-IA400;2025 - II
45679679;MKT-200;45679679-MKT200;2025 - II
45679679;NEG-400;45679679-NEG400;2025 - I
45679679;DAT-201;45679679-DAT201;2025 - I
45679679;IA-300;45679679-IA300;2025 - II
45679679;GEN-101;45679679-GEN101;2025 - II
45685363;DAT-201;45685363-DAT201;2024 - II
45685363;UX-100;45685363-UX100;2024 - II
45688788;GEN-101;45688788-GEN101;2024 - II
45688788;DAT-201;45688788-DAT201;2024 - I
45692552;DAT-201;45692552-DAT201;2024 - II
45694620;IA-400;45694620-IA400;2025 - II
45694620;DAT-201;45694620-DAT201;2025 - I
45694620;GEN-101;45694620-GEN101;2025 - I
45694620;UX-100;45694620-UX100;2025 - II
45694620;IA-300;45694620-IA300;2025 - I
45694620;NEG-400;45694620-NEG400;2025 - I
45704555;GEN-101;45704555-GEN101;2025 - II
45704555;DAT-305;45704555-DAT305;2025 - I
45704555;MKT-200;45704555-MKT200;2025 - II
45709038;UX-100;45709038-UX100;2025 - II
45709038;DAT-305;45709038-DAT305;2025 - II
45709038;GEN-101;45709038-GEN101;2025 - II
45711997;DAT-101;45711997-DAT101;2025 - II
45711997;UX-100;45711997-UX100;2025 - I
45711997;IA-300;45711997-IA300;2025 - I
45711997;MKT-200;45711997-MKT200;2025 - I
45711997;DAT-305;45711997-DAT305;2025 - I
45711997;IA-400;45711997-IA400;2025 - I
45743513;UX-100;45743513-UX100;2024 - I
45743513;MKT-200;45743513-MKT200;2024 - I
45746270;NEG-400;45746270-NEG400;2024 - II
45746270;DAT-101;45746270-DAT101;2024 - I
45746270;GEN-101;45746270-GEN101;2024 - II
45746833;DAT-201;45746833-DAT201;2025 - II
45746833;IA-300;45746833-IA300;2025 - I
45746833;NEG-400;45746833-NEG400;2025 - I
45746833;DAT-101;45746833-DAT101;2025 - II
45752068;GEN-101;45752068-GEN101;2024 - I
45752068;DAT-101;45752068-DAT101;2024 - I
45759579;DEV-101;45759579-DEV101;2025 - I
45759579;DAT-305;45759579-DAT305;2025 - I
45759579;DAT-101;45759579-DAT101;2025 - I
45763623;DAT-305;45763623-DAT305;2025 - I
45763623;DEV-101;45763623-DEV101;2025 - I
45763623;UX-100;45763623-UX100;2025 - I
45763623;DAT-201;45763623-DAT201;2025 - I
45766160;IA-300;45766160-IA300;2025 - II
45766160;NEG-400;45766160-NEG400;2025 - II
45775192;UX-100;45775192-UX100;2025 - II
45775192;IA-400;45775192-IA400;2025 - I
45775192;IA-300;45775192-IA300;2025 - I
45788790;IA-300;45788790-IA300;2024 - II
45788790;DAT-101;45788790-DAT101;2024 - II
45788790;NEG-400;45788790-NEG400;2024 - I
45797473;UX-100;45797473-UX100;2025 - II
45801274;MKT-200;45801274-MKT200;2024 - II
45813207;DEV-101;45813207-DEV101;2025 - I
45819512;NEG-400;45819512-NEG400;2024 - I
45820009;DEV-101;45820009-DEV101;2025 - I
45820009;DAT-305;45820009-DAT305;2025 - I
45820009;NEG-400;45820009-NEG400;2025 - I
45820668;DEV-101;45820668-DEV101;2025 - I
45820668;MKT-200;45820668-MKT200;2025 - II
45820668;DAT-305;45820668-DAT305;2025 - II
45825230;MKT-200;45825230-MKT200;2025 - I
45825230;DAT-201;45825230-DAT201;2025 - I
45825230;IA-400;45825230-IA400;2025 - I
45826183;MKT-200;45826183-MKT200;2024 - I
45826183;DEV-101;45826183-DEV101;2024 - II
45826183;GEN-101;45826183-GEN101;2024 - II
45838988;DEV-101;45838988-DEV101;2025 - I
45838988;DAT-305;45838988-DAT305;2025 - II
45838988;MKT-200;45838988-MKT200;2025 - II
45838988;UX-100;45838988-UX100;2025 - II
45840080;DAT-101;45840080-DAT101;2024 - I
45840080;DEV-101;45840080-DEV101;2024 - II
45840080;GEN-101;45840080-GEN101;2024 - II
45841815;DEV-101;45841815-DEV101;2025 - I
45842940;IA-300;45842940-IA300;2024 - II
45842940;UX-100;45842940-UX100;2024 - I
45842940;NEG-400;45842940-NEG400;2024 - I
45844538;MKT-200;45844538-MKT200;2024 - II
45847170;DAT-305;45847170-DAT305;2025 - II
45847470;DAT-305;45847470-DAT305;2025 - II
45847470;IA-400;45847470-IA400;2025 - I
45847470;NEG-400;45847470-NEG400;2025 - II
45850941;GEN-101;45850941-GEN101;2024 - I
45850941;NEG-400;45850941-NEG400;2024 - II
45850941;IA-300;45850941-IA300;2024 - II
45865176;IA-300;45865176-IA300;2025 - II
45865176;DAT-305;45865176-DAT305;2025 - II
45865176;GEN-101;45865176-GEN101;2025 - II
45865176;UX-100;45865176-UX100;2025 - II
45865176;DAT-201;45865176-DAT201;2025 - II
45865176;IA-400;45865176-IA400;2025 - I
45878884;UX-100;45878884-UX100;2024 - II
45890411;NEG-400;45890411-NEG400;2025 - I
45890411;DEV-101;45890411-DEV101;2025 - II
45890411;UX-100;45890411-UX100;2025 - I
45890411;DAT-305;45890411-DAT305;2025 - I
45890411;IA-300;45890411-IA300;2025 - II
45896651;DAT-101;45896651-DAT101;2024 - II
45908118;GEN-101;45908118-GEN101;2024 - II
45908531;IA-300;45908531-IA300;2024 - II
45908531;DEV-101;45908531-DEV101;2024 - I
45926308;IA-300;45926308-IA300;2024 - II
45931150;DEV-101;45931150-DEV101;2024 - II
45931150;MKT-200;45931150-MKT200;2024 - II
45941376;UX-100;45941376-UX100;2024 - II
45941376;DAT-101;45941376-DAT101;2024 - I
45948143;GEN-101;45948143-GEN101;2024 - I
45948143;MKT-200;45948143-MKT200;2024 - II
45968790;DAT-201;45968790-DAT201;2024 - I
45970742;NEG-400;45970742-NEG400;2024 - II
45980462;DAT-201;45980462-DAT201;2025 - I
45980462;NEG-400;45980462-NEG400;2025 - I
45984678;IA-300;45984678-IA300;2025 - I
45984678;NEG-400;45984678-NEG400;2025 - II
45984678;DEV-101;45984678-DEV101;2025 - II
45984678;MKT-200;45984678-MKT200;2025 - II
46024126;GEN-101;46024126-GEN101;2025 - II
46024126;MKT-200;46024126-MKT200;2025 - II
46024126;IA-300;46024126-IA300;2025 - I
46024126;NEG-400;46024126-NEG400;2025 - II
46024126;IA-400;46024126-IA400;2025 - II
46026190;GEN-101;46026190-GEN101;2025 - II
46026190;DAT-305;46026190-DAT305;2025 - II
46026190;MKT-200;46026190-MKT200;2025 - I
46026190;DEV-101;46026190-DEV101;2025 - II
46040721;DAT-101;46040721-DAT101;2025 - II
46040721;NEG-400;46040721-NEG400;2025 - II
46040721;DAT-305;46040721-DAT305;2025 - II
46060979;DAT-101;46060979-DAT101;2025 - II
46060979;UX-100;46060979-UX100;2025 - I
46069202;NEG-400;46069202-NEG400;2025 - I
46069202;MKT-200;46069202-MKT200;2025 - II
46069202;DEV-101;46069202-DEV101;2025 - I
46069202;DAT-201;46069202-DAT201;2025 - I
46080609;IA-400;46080609-IA400;2025 - I
46080609;MKT-200;46080609-MKT200;2025 - II
46103571;NEG-400;46103571-NEG400;2025 - II
46119042;GEN-101;46119042-GEN101;2025 - II
46137809;DAT-201;46137809-DAT201;2025 - II
46137809;DAT-305;46137809-DAT305;2025 - II
46137809;NEG-400;46137809-NEG400;2025 - I
46137809;GEN-101;46137809-GEN101;2025 - I
46145128;DAT-101;46145128-DAT101;2025 - I
46145128;DAT-305;46145128-DAT305;2025 - II
46145128;IA-400;46145128-IA400;2025 - II
46147941;UX-100;46147941-UX100;2025 - II
46147941;MKT-200;46147941-MKT200;2025 - I
46153310;DEV-101;46153310-DEV101;2025 - II
46153310;DAT-201;46153310-DAT201;2025 - II
46153310;NEG-400;46153310-NEG400;2025 - I
46155741;NEG-400;46155741-NEG400;2025 - I
46155741;DAT-101;46155741-DAT101;2025 - II
46155741;DAT-305;46155741-DAT305;2025 - II
46170762;DAT-201;46170762-DAT201;2025 - I
46170762;MKT-200;46170762-MKT200;2025 - I
46170762;IA-400;46170762-IA400;2025 - I
46170762;NEG-400;46170762-NEG400;2025 - I
46183284;DEV-101;46183284-DEV101;2025 - II
46183284;DAT-201;46183284-DAT201;2025 - I
46193548;DAT-305;46193548-DAT305;2025 - I
46193548;DAT-101;46193548-DAT101;2025 - I
46193548;IA-400;46193548-IA400;2025 - I
46193548;DAT-201;46193548-DAT201;2025 - I
46210812;IA-400;46210812-IA400;2025 - I
46210812;UX-100;46210812-UX100;2025 - II
46210812;DAT-101;46210812-DAT101;2025 - I
46218945;DEV-101;46218945-DEV101;2025 - II
46218945;DAT-305;46218945-DAT305;2025 - II
46218945;IA-300;46218945-IA300;2025 - II
46218945;NEG-400;46218945-NEG400;2025 - II
46218945;GEN-101;46218945-GEN101;2025 - II
46225626;DAT-305;46225626-DAT305;2025 - I
46225626;MKT-200;46225626-MKT200;2025 - I
46233381;MKT-200;46233381-MKT200;2025 - I
46233381;NEG-400;46233381-NEG400;2025 - I
46233381;IA-400;46233381-IA400;2025 - II
46256042;DAT-101;46256042-DAT101;2025 - I
46256042;MKT-200;46256042-MKT200;2025 - II
46256042;IA-400;46256042-IA400;2025 - I
46263687;IA-300;46263687-IA300;2025 - II
46263687;DAT-201;46263687-DAT201;2025 - I
46263687;GEN-101;46263687-GEN101;2025 - II
46270211;DAT-305;46270211-DAT305;2025 - I
46270211;NEG-400;46270211-NEG400;2025 - II
46271176;DEV-101;46271176-DEV101;2025 - II
46271176;NEG-400;46271176-NEG400;2025 - II
46271176;IA-400;46271176-IA400;2025 - I
46271176;UX-100;46271176-UX100;2025 - II
46271176;MKT-200;46271176-MKT200;2025 - II
46271176;GEN-101;46271176-GEN101;2025 - II
46278232;MKT-200;46278232-MKT200;2025 - I
46278232;IA-400;46278232-IA400;2025 - I
46278232;UX-100;46278232-UX100;2025 - II
46278232;IA-300;46278232-IA300;2025 - I
46281181;DAT-101;46281181-DAT101;2025 - II
46281181;MKT-200;46281181-MKT200;2025 - II
46281181;GEN-101;46281181-GEN101;2025 - II
46281181;IA-400;46281181-IA400;2025 - II
46281181;IA-300;46281181-IA300;2025 - I
46281181;DAT-305;46281181-DAT305;2025 - II
46284693;DAT-305;46284693-DAT305;2025 - II
46284693;DEV-101;46284693-DEV101;2025 - II
46314784;NEG-400;46314784-NEG400;2025 - I
46314784;DAT-201;46314784-DAT201;2025 - II
46314784;DAT-101;46314784-DAT101;2025 - II
46314784;IA-300;46314784-IA300;2025 - I
46314784;IA-400;46314784-IA400;2025 - II
46321118;DEV-101;46321118-DEV101;2025 - II
46321118;IA-400;46321118-IA400;2025 - II
46321118;MKT-200;46321118-MKT200;2025 - I
46329934;DAT-201;46329934-DAT201;2025 - II
46329934;UX-100;46329934-UX100;2025 - II
46329934;MKT-200;46329934-MKT200;2025 - I
46329934;DAT-101;46329934-DAT101;2025 - II
46329934;NEG-400;46329934-NEG400;2025 - II
46329934;IA-400;46329934-IA400;2025 - II
46329934;IA-300;46329934-IA300;2025 - I
46329934;DAT-305;46329934-DAT305;2025 - I
46345360;GEN-101;46345360-GEN101;2025 - I
46345360;DEV-101;46345360-DEV101;2025 - II
46345360;UX-100;46345360-UX100;2025 - I
46345360;NEG-400;46345360-NEG400;2025 - II
46345360;DAT-201;46345360-DAT201;2025 - II
46346975;DEV-101;46346975-DEV101;2025 - I
46346975;IA-300;46346975-IA300;2025 - II
46346975;MKT-200;46346975-MKT200;2025 - II
46356164;DEV-101;46356164-DEV101;2025 - I
46372785;MKT-200;46372785-MKT200;2025 - I
46372785;GEN-101;46372785-GEN101;2025 - II
46372785;DEV-101;46372785-DEV101;2025 - II
46372785;UX-100;46372785-UX100;2025 - II
46372785;DAT-101;46372785-DAT101;2025 - I
46372785;IA-300;46372785-IA300;2025 - II
46377357;MKT-200;46377357-MKT200;2025 - II
46377357;DAT-305;46377357-DAT305;2025 - II
46377357;NEG-400;46377357-NEG400;2025 - II
46377357;IA-400;46377357-IA400;2025 - I
46382860;GEN-101;46382860-GEN101;2025 - II
46382860;DAT-101;46382860-DAT101;2025 - II
46382860;DAT-201;46382860-DAT201;2025 - II
46382860;UX-100;46382860-UX100;2025 - II
46382860;DEV-101;46382860-DEV101;2025 - II
46385782;DAT-305;46385782-DAT305;2025 - II
46385782;GEN-101;46385782-GEN101;2025 - II
46398361;NEG-400;46398361-NEG400;2025 - II
46398361;GEN-101;46398361-GEN101;2025 - I
46398361;DAT-201;46398361-DAT201;2025 - I
46398361;MKT-200;46398361-MKT200;2025 - II
46410216;GEN-101;46410216-GEN101;2025 - I
46410216;DEV-101;46410216-DEV101;2025 - II
46410216;MKT-200;46410216-MKT200;2025 - II
46410216;NEG-400;46410216-NEG400;2025 - I
46411752;DAT-201;46411752-DAT201;2025 - I
46411752;DAT-101;46411752-DAT101;2025 - II
46411752;IA-300;46411752-IA300;2025 - I
46411752;MKT-200;46411752-MKT200;2025 - II
46418357;DEV-101;46418357-DEV101;2025 - I
46418357;DAT-201;46418357-DAT201;2025 - II
46418357;DAT-101;46418357-DAT101;2025 - II
46435125;IA-400;46435125-IA400;2025 - II
46435125;DAT-305;46435125-DAT305;2025 - I
46435125;MKT-200;46435125-MKT200;2025 - I
46435125;DEV-101;46435125-DEV101;2025 - I
46435125;UX-100;46435125-UX100;2025 - I
46435125;GEN-101;46435125-GEN101;2025 - II
46510451;NEG-400;46510451-NEG400;2025 - II
46510451;MKT-200;46510451-MKT200;2025 - I
46510451;GEN-101;46510451-GEN101;2025 - II
46518516;GEN-101;46518516-GEN101;2025 - II
46518516;IA-400;46518516-IA400;2025 - I
46518516;DEV-101;46518516-DEV101;2025 - I
46518516;DAT-101;46518516-DAT101;2025 - II
46521420;NEG-400;46521420-NEG400;2025 - II
46521420;DAT-201;46521420-DAT201;2025 - II
46521420;DEV-101;46521420-DEV101;2025 - II
46521420;IA-400;46521420-IA400;2025 - I
46538783;MKT-200;46538783-MKT200;2025 - II
46538783;IA-300;46538783-IA300;2025 - II
46538783;DAT-201;46538783-DAT201;2025 - II
46538783;NEG-400;46538783-NEG400;2025 - I
46541120;NEG-400;46541120-NEG400;2025 - I
46541120;UX-100;46541120-UX100;2025 - II
46556662;MKT-200;46556662-MKT200;2025 - II
46556662;DEV-101;46556662-DEV101;2025 - II
46556662;UX-100;46556662-UX100;2025 - I
46564562;IA-300;46564562-IA300;2025 - II
46564562;DEV-101;46564562-DEV101;2025 - II
46564562;NEG-400;46564562-NEG400;2025 - II
46564562;DAT-201;46564562-DAT201;2025 - II
46572742;UX-100;46572742-UX100;2025 - II
46572742;DAT-201;46572742-DAT201;2025 - II
46572742;DAT-305;46572742-DAT305;2025 - II
46572742;DEV-101;46572742-DEV101;2025 - I
46585675;UX-100;46585675-UX100;2025 - II
46585675;IA-300;46585675-IA300;2025 - I
46585675;DEV-101;46585675-DEV101;2025 - I
46585675;DAT-101;46585675-DAT101;2025 - I
46591765;DAT-201;46591765-DAT201;2025 - I
46596607;IA-300;46596607-IA300;2025 - II
46596607;GEN-101;46596607-GEN101;2025 - II
46596607;MKT-200;46596607-MKT200;2025 - II
46599245;NEG-400;46599245-NEG400;2025 - I
46599245;IA-400;46599245-IA400;2025 - II
46599245;DAT-201;46599245-DAT201;2025 - I
46600954;DAT-201;46600954-DAT201;2025 - II
46600954;IA-300;46600954-IA300;2025 - II
46637531;IA-400;46637531-IA400;2025 - II
46637531;DAT-305;46637531-DAT305;2025 - I
46637531;DAT-101;46637531-DAT101;2025 - II
46647366;DAT-201;46647366-DAT201;2025 - I
46647366;MKT-200;46647366-MKT200;2025 - II
46647366;IA-400;46647366-IA400;2025 - I
46649401;DAT-305;46649401-DAT305;2025 - II
46649401;MKT-200;46649401-MKT200;2025 - I
46649401;GEN-101;46649401-GEN101;2025 - II
46649401;IA-300;46649401-IA300;2025 - II
46649401;IA-400;46649401-IA400;2025 - II
46653953;DAT-201;46653953-DAT201;2025 - II
46653953;UX-100;46653953-UX100;2025 - I
46653953;IA-400;46653953-IA400;2025 - II
46653953;DAT-305;46653953-DAT305;2025 - II
46653953;NEG-400;46653953-NEG400;2025 - I
46669980;GEN-101;46669980-GEN101;2025 - II
46669980;UX-100;46669980-UX100;2025 - I
46669980;DAT-305;46669980-DAT305;2025 - II
46669980;DAT-201;46669980-DAT201;2025 - I
46698472;IA-300;46698472-IA300;2025 - II
46698472;UX-100;46698472-UX100;2025 - II
46698472;DEV-101;46698472-DEV101;2025 - I
46706919;MKT-200;46706919-MKT200;2025 - II
46706919;GEN-101;46706919-GEN101;2025 - II
46706919;DAT-305;46706919-DAT305;2025 - II
46706919;UX-100;46706919-UX100;2025 - I
46706919;IA-300;46706919-IA300;2025 - II
46706919;IA-400;46706919-IA400;2025 - II
46706919;NEG-400;46706919-NEG400;2025 - II
46708439;IA-300;46708439-IA300;2025 - II
46708439;DAT-101;46708439-DAT101;2025 - II
46762093;DAT-101;46762093-DAT101;2025 - I
46762093;IA-400;46762093-IA400;2025 - I
46762093;NEG-400;46762093-NEG400;2025 - I
46762093;DAT-305;46762093-DAT305;2025 - I
46775879;DAT-201;46775879-DAT201;2025 - II
46775879;IA-300;46775879-IA300;2025 - I
46775879;IA-400;46775879-IA400;2025 - II
46780927;DAT-305;46780927-DAT305;2025 - II
46780927;DAT-101;46780927-DAT101;2025 - II
46780927;DEV-101;46780927-DEV101;2025 - II
46780927;IA-400;46780927-IA400;2025 - I
46780927;IA-300;46780927-IA300;2025 - I
46797195;DAT-101;46797195-DAT101;2025 - II
46828583;DAT-305;46828583-DAT305;2025 - I
46828583;IA-300;46828583-IA300;2025 - II
46828583;MKT-200;46828583-MKT200;2025 - II
46828583;DEV-101;46828583-DEV101;2025 - I
46828583;NEG-400;46828583-NEG400;2025 - II
46829066;MKT-200;46829066-MKT200;2025 - II
46829066;DAT-305;46829066-DAT305;2025 - II
46829066;NEG-400;46829066-NEG400;2025 - I
46833655;MKT-200;46833655-MKT200;2025 - II
46833655;NEG-400;46833655-NEG400;2025 - II
46833655;GEN-101;46833655-GEN101;2025 - II
46833655;DAT-201;46833655-DAT201;2025 - II
46833655;IA-400;46833655-IA400;2025 - II
46847177;DEV-101;46847177-DEV101;2025 - II
46847177;GEN-101;46847177-GEN101;2025 - II
46858102;DAT-101;46858102-DAT101;2025 - I
46858102;IA-400;46858102-IA400;2025 - I
46860457;MKT-200;46860457-MKT200;2025 - II
46860457;DEV-101;46860457-DEV101;2025 - II
46860457;UX-100;46860457-UX100;2025 - I
46860457;DAT-201;46860457-DAT201;2025 - II
46860457;NEG-400;46860457-NEG400;2025 - II
46886132;UX-100;46886132-UX100;2025 - II
46886132;NEG-400;46886132-NEG400;2025 - I
46886132;IA-300;46886132-IA300;2025 - I
46886132;IA-400;46886132-IA400;2025 - I
46890428;DEV-101;46890428-DEV101;2025 - I
46890428;DAT-101;46890428-DAT101;2025 - I
46890428;GEN-101;46890428-GEN101;2025 - II
46890428;UX-100;46890428-UX100;2025 - II
46890428;DAT-305;46890428-DAT305;2025 - I
46890428;IA-300;46890428-IA300;2025 - II
46892690;MKT-200;46892690-MKT200;2025 - II
46894068;MKT-200;46894068-MKT200;2025 - I
46894068;DEV-101;46894068-DEV101;2025 - I
46894068;DAT-101;46894068-DAT101;2025 - I
46909132;DAT-201;46909132-DAT201;2025 - II
46909132;DAT-101;46909132-DAT101;2025 - II
46909132;NEG-400;46909132-NEG400;2025 - I
46909132;DEV-101;46909132-DEV101;2025 - II
46920666;IA-300;46920666-IA300;2025 - II
46920666;DEV-101;46920666-DEV101;2025 - II
46920666;DAT-101;46920666-DAT101;2025 - II
46920666;MKT-200;46920666-MKT200;2025 - II
46952948;GEN-101;46952948-GEN101;2025 - II
46952948;DAT-305;46952948-DAT305;2025 - I
46952948;DAT-101;46952948-DAT101;2025 - II
46952948;UX-100;46952948-UX100;2025 - II
46965600;IA-300;46965600-IA300;2025 - I
46965600;DAT-305;46965600-DAT305;2025 - II
46965600;NEG-400;46965600-NEG400;2025 - II
46965600;GEN-101;46965600-GEN101;2025 - I
46965600;DEV-101;46965600-DEV101;2025 - II
46966361;GEN-101;46966361-GEN101;2025 - I
46966361;DAT-201;46966361-DAT201;2025 - I
46966361;MKT-200;46966361-MKT200;2025 - I
46966361;DEV-101;46966361-DEV101;2025 - II
46992814;DAT-201;46992814-DAT201;2025 - I
46992814;GEN-101;46992814-GEN101;2025 - II
46992814;IA-300;46992814-IA300;2025 - I
46997300;DEV-101;46997300-DEV101;2025 - II
46997300;DAT-305;46997300-DAT305;2025 - II
46997300;IA-300;46997300-IA300;2025 - I
47021675;MKT-200;47021675-MKT200;2025 - I
47021675;DAT-101;47021675-DAT101;2025 - II
47022459;DAT-305;47022459-DAT305;2025 - II
47022459;DAT-101;47022459-DAT101;2025 - II
47022459;DEV-101;47022459-DEV101;2025 - I
47022459;UX-100;47022459-UX100;2025 - I
47044309;IA-400;47044309-IA400;2025 - II
47044309;MKT-200;47044309-MKT200;2025 - II
47061751;DAT-201;47061751-DAT201;2025 - I
47061751;IA-300;47061751-IA300;2025 - I
47061751;MKT-200;47061751-MKT200;2025 - II
47061751;DAT-305;47061751-DAT305;2025 - I
47061751;UX-100;47061751-UX100;2025 - I
47075635;UX-100;47075635-UX100;2025 - I
47075635;IA-400;47075635-IA400;2025 - I
47075635;DAT-305;47075635-DAT305;2025 - I
47075635;DEV-101;47075635-DEV101;2025 - II
47075635;IA-300;47075635-IA300;2025 - I
47103537;DEV-101;47103537-DEV101;2025 - I
47103537;DAT-305;47103537-DAT305;2025 - I
47103537;UX-100;47103537-UX100;2025 - I
47122979;UX-100;47122979-UX100;2025 - I
47122979;GEN-101;47122979-GEN101;2025 - II
47122979;DAT-201;47122979-DAT201;2025 - I
47122979;DEV-101;47122979-DEV101;2025 - II
47162613;DAT-201;47162613-DAT201;2025 - II
47162613;DAT-101;47162613-DAT101;2025 - I
47162613;GEN-101;47162613-GEN101;2025 - II
47162613;IA-300;47162613-IA300;2025 - II
47162613;DAT-305;47162613-DAT305;2025 - I
47162613;NEG-400;47162613-NEG400;2025 - II
47163691;MKT-200;47163691-MKT200;2025 - I
47163691;NEG-400;47163691-NEG400;2025 - II
47163691;DAT-101;47163691-DAT101;2025 - II
47163691;DAT-305;47163691-DAT305;2025 - I
47182282;DEV-101;47182282-DEV101;2025 - I
47182282;GEN-101;47182282-GEN101;2025 - II
47182282;UX-100;47182282-UX100;2025 - I
47186211;DAT-101;47186211-DAT101;2025 - I
47186211;GEN-101;47186211-GEN101;2025 - II
47186211;DEV-101;47186211-DEV101;2025 - II
47197652;IA-300;47197652-IA300;2025 - I
47197652;UX-100;47197652-UX100;2025 - II
47197652;MKT-200;47197652-MKT200;2025 - I
47199649;DEV-101;47199649-DEV101;2025 - I
47199649;MKT-200;47199649-MKT200;2025 - I
47199649;IA-300;47199649-IA300;2025 - I
47199649;DAT-101;47199649-DAT101;2025 - II
47199649;DAT-201;47199649-DAT201;2025 - I
47199896;DAT-305;47199896-DAT305;2025 - II
47199896;NEG-400;47199896-NEG400;2025 - II
47206312;GEN-101;47206312-GEN101;2025 - II
47206312;MKT-200;47206312-MKT200;2025 - II
47206312;UX-100;47206312-UX100;2025 - II
47206312;DEV-101;47206312-DEV101;2025 - I
47207202;IA-400;47207202-IA400;2025 - II
47207202;IA-300;47207202-IA300;2025 - II
47207202;DEV-101;47207202-DEV101;2025 - I
47214050;GEN-101;47214050-GEN101;2025 - I
47217063;GEN-101;47217063-GEN101;2025 - I
47217063;DAT-201;47217063-DAT201;2025 - I
47221206;MKT-200;47221206-MKT200;2025 - II
47221206;GEN-101;47221206-GEN101;2025 - I
47221206;DAT-201;47221206-DAT201;2025 - I
47221206;DEV-101;47221206-DEV101;2025 - I
47223646;DAT-101;47223646-DAT101;2025 - I
47233498;MKT-200;47233498-MKT200;2025 - II
47233498;DEV-101;47233498-DEV101;2025 - I
47233498;DAT-305;47233498-DAT305;2025 - II
47247100;IA-400;47247100-IA400;2025 - II
47247100;DAT-305;47247100-DAT305;2025 - I
47320705;NEG-400;47320705-NEG400;2025 - I
47320705;UX-100;47320705-UX100;2025 - II
47320705;DEV-101;47320705-DEV101;2025 - II
47358131;IA-400;47358131-IA400;2025 - II
47367569;NEG-400;47367569-NEG400;2025 - I
47367569;DEV-101;47367569-DEV101;2025 - II
47399378;IA-400;47399378-IA400;2025 - I
47399378;NEG-400;47399378-NEG400;2025 - I
47399378;DAT-201;47399378-DAT201;2025 - I
47404191;DAT-201;47404191-DAT201;2025 - II
47404191;UX-100;47404191-UX100;2025 - I
47404191;IA-400;47404191-IA400;2025 - I
47416283;DAT-101;47416283-DAT101;2025 - I
47416283;GEN-101;47416283-GEN101;2025 - II
47430513;GEN-101;47430513-GEN101;2025 - I
47430513;DAT-305;47430513-DAT305;2025 - II
47454606;DAT-201;47454606-DAT201;2025 - I
47468880;DAT-305;47468880-DAT305;2025 - I
47481163;DEV-101;47481163-DEV101;2025 - II
47481163;DAT-101;47481163-DAT101;2025 - II
47481163;IA-400;47481163-IA400;2025 - I
47483336;DAT-101;47483336-DAT101;2025 - II
47483336;DEV-101;47483336-DEV101;2025 - II
47483336;DAT-201;47483336-DAT201;2025 - I
47506119;MKT-200;47506119-MKT200;2025 - I
47506119;UX-100;47506119-UX100;2025 - I
47517294;MKT-200;47517294-MKT200;2025 - I
47517294;GEN-101;47517294-GEN101;2025 - I
47517294;DAT-305;47517294-DAT305;2025 - II
47517294;NEG-400;47517294-NEG400;2025 - I
47517294;DEV-101;47517294-DEV101;2025 - II
47530910;DAT-305;47530910-DAT305;2025 - II
47556368;NEG-400;47556368-NEG400;2025 - I
47556368;MKT-200;47556368-MKT200;2025 - I
47556368;DEV-101;47556368-DEV101;2025 - I
47556368;IA-300;47556368-IA300;2025 - I
47579509;UX-100;47579509-UX100;2025 - I
47582243;DAT-201;47582243-DAT201;2025 - I
47582243;GEN-101;47582243-GEN101;2025 - I
47582243;DEV-101;47582243-DEV101;2025 - I
47582243;IA-300;47582243-IA300;2025 - I
47607767;UX-100;47607767-UX100;2025 - I
47607767;DAT-201;47607767-DAT201;2025 - I
47607767;DAT-101;47607767-DAT101;2025 - I
47611874;IA-400;47611874-IA400;2025 - II
47611874;GEN-101;47611874-GEN101;2025 - I
47633067;UX-100;47633067-UX100;2025 - I
47633067;IA-400;47633067-IA400;2025 - I
47633067;DAT-101;47633067-DAT101;2025 - I
47645473;NEG-400;47645473-NEG400;2025 - II
47645473;MKT-200;47645473-MKT200;2025 - II
47649810;GEN-101;47649810-GEN101;2025 - I
47649810;MKT-200;47649810-MKT200;2025 - II
47649810;DEV-101;47649810-DEV101;2025 - I
47649810;NEG-400;47649810-NEG400;2025 - I
47649810;IA-400;47649810-IA400;2025 - II
47678899;DAT-305;47678899-DAT305;2025 - I
47678899;GEN-101;47678899-GEN101;2025 - II
47678899;UX-100;47678899-UX100;2025 - II
47690351;GEN-101;47690351-GEN101;2025 - II
47690351;DAT-201;47690351-DAT201;2025 - II
47700089;IA-400;47700089-IA400;2025 - I
47700089;IA-300;47700089-IA300;2025 - II
47700089;DAT-201;47700089-DAT201;2025 - II
47700089;MKT-200;47700089-MKT200;2025 - I
47700089;DEV-101;47700089-DEV101;2025 - II
47700089;GEN-101;47700089-GEN101;2025 - II
47707678;DAT-305;47707678-DAT305;2025 - II
47707678;UX-100;47707678-UX100;2025 - II
47707678;DEV-101;47707678-DEV101;2025 - I
47707678;MKT-200;47707678-MKT200;2025 - I
47707678;IA-300;47707678-IA300;2025 - I
47707678;DAT-101;47707678-DAT101;2025 - I
47731681;GEN-101;47731681-GEN101;2025 - II
47731681;DAT-305;47731681-DAT305;2025 - I
47733210;MKT-200;47733210-MKT200;2025 - II
47733210;DAT-305;47733210-DAT305;2025 - I
47733210;IA-300;47733210-IA300;2025 - I
47733210;IA-400;47733210-IA400;2025 - II
47733210;DAT-201;47733210-DAT201;2025 - I
47762723;MKT-200;47762723-MKT200;2025 - II
47762723;GEN-101;47762723-GEN101;2025 - II
47762723;DAT-201;47762723-DAT201;2025 - II
47764924;DEV-101;47764924-DEV101;2025 - II
47764924;NEG-400;47764924-NEG400;2025 - I
47775711;DAT-101;47775711-DAT101;2025 - II
47775711;IA-300;47775711-IA300;2025 - II
47775711;GEN-101;47775711-GEN101;2025 - II
47775711;UX-100;47775711-UX100;2025 - II
47776360;DAT-201;47776360-DAT201;2025 - II
47776360;GEN-101;47776360-GEN101;2025 - I
47776360;DAT-101;47776360-DAT101;2025 - I
47788251;UX-100;47788251-UX100;2025 - II
47788251;DEV-101;47788251-DEV101;2025 - II
47817560;IA-400;47817560-IA400;2025 - II
47817560;IA-300;47817560-IA300;2025 - II
47817560;MKT-200;47817560-MKT200;2025 - I
47822229;DAT-201;47822229-DAT201;2025 - II
47822229;DAT-101;47822229-DAT101;2025 - II
47822229;IA-300;47822229-IA300;2025 - I
47822229;MKT-200;47822229-MKT200;2025 - II
47826221;DAT-305;47826221-DAT305;2025 - I
47826221;DAT-101;47826221-DAT101;2025 - I
47826221;GEN-101;47826221-GEN101;2025 - I
47826221;IA-300;47826221-IA300;2025 - II
47826221;DAT-201;47826221-DAT201;2025 - II
47826221;DEV-101;47826221-DEV101;2025 - II
47826221;UX-100;47826221-UX100;2025 - II
47864391;IA-400;47864391-IA400;2025 - II
47864391;DAT-305;47864391-DAT305;2025 - II
47864391;UX-100;47864391-UX100;2025 - II
47906696;NEG-400;47906696-NEG400;2025 - II
47906696;IA-400;47906696-IA400;2025 - II
47906696;GEN-101;47906696-GEN101;2025 - II
47908881;DAT-101;47908881-DAT101;2025 - I
47908881;NEG-400;47908881-NEG400;2025 - II
47908881;MKT-200;47908881-MKT200;2025 - I
47909977;GEN-101;47909977-GEN101;2025 - II
47909977;UX-100;47909977-UX100;2025 - I
47909977;MKT-200;47909977-MKT200;2025 - II
47911334;MKT-200;47911334-MKT200;2025 - I
47911334;DEV-101;47911334-DEV101;2025 - I
47915465;IA-300;47915465-IA300;2025 - I
47915465;IA-400;47915465-IA400;2025 - II
47969954;UX-100;47969954-UX100;2025 - I
47969954;DAT-305;47969954-DAT305;2025 - II
47969954;GEN-101;47969954-GEN101;2025 - I
47969954;DAT-201;47969954-DAT201;2025 - II
47983495;IA-300;47983495-IA300;2025 - II
47983495;DAT-101;47983495-DAT101;2025 - I
47983495;GEN-101;47983495-GEN101;2025 - II
47983613;DAT-101;47983613-DAT101;2025 - I
47983613;DAT-201;47983613-DAT201;2025 - II
47983613;IA-400;47983613-IA400;2025 - II
47983613;GEN-101;47983613-GEN101;2025 - I
47983613;IA-300;47983613-IA300;2025 - II
47983613;NEG-400;47983613-NEG400;2025 - I
47983613;MKT-200;47983613-MKT200;2025 - II
47993064;UX-100;47993064-UX100;2025 - II
47993064;DAT-201;47993064-DAT201;2025 - II
47993064;NEG-400;47993064-NEG400;2025 - II
