ID_Importacion;Fecha_Lista;Nota;Estado
30309712-NEG400;2024-03-01;3;Desaprobado
33789545-DAT201;2024-03-01;1;Desaprobado
34250668-DEV101;2024-03-01;7;Aprobado
37706458-IA300;2024-03-01;5;Aprobado
41943395-GEN101;2024-03-01;8;Aprobado
45147679-GEN101;2024-03-01;10;Aprobado
32343092-MKT200;2024-03-02;3;Desaprobado
37513790-UX100;2024-03-02;5;Aprobado
41111676-DAT201;2024-03-02;2;Desaprobado
43449566-DEV101;2024-03-02;6;Aprobado
43539600-NEG400;2024-03-02;5;Aprobado
44047721-MKT200;2024-03-02;4;Aprobado
45130131-IA300;2024-03-02;8;Aprobado
45688788-DAT201;2024-03-02;10;Aprobado
30542692-NEG400;2024-03-03;10;Aprobado
31303564-DAT201;2024-03-03;6;Aprobado
34508314-NEG400;2024-03-03;10;Aprobado
35891432-DAT101;2024-03-03;3;Desaprobado
38811418-NEG400;2024-03-03;6;Aprobado
39074649-DEV101;2024-03-03;9;Aprobado
30348701-IA300;2024-03-04;9;Aprobado
31763113-UX100;2024-03-04;4;Aprobado
32971550-UX100;2024-03-04;3;Desaprobado
36163868-DAT101;2024-03-04;7;Aprobado
38677145-DEV101;2024-03-04;4;Aprobado
41944353-DAT101;2024-03-04;7;Aprobado
44313136-DAT101;2024-03-04;2;Desaprobado
30117903-IA300;2024-03-05;7;Aprobado
33541682-UX100;2024-03-05;4;Aprobado
35376871-NEG400;2024-03-05;1;Desaprobado
35620137-NEG400;2024-03-05;1;Desaprobado
37085503-DEV101;2024-03-05;2;Desaprobado
38207316-DEV101;2024-03-05;4;Aprobado
39696052-GEN101;2024-03-05;8;Aprobado
40578248-MKT200;2024-03-05;10;Aprobado
41068300-IA300;2024-03-05;3;Desaprobado
42500015-DAT101;2024-03-05;2;Desaprobado
44012569-GEN101;2024-03-05;9;Aprobado
45840080-DAT101;2024-03-05;10;Aprobado
31621161-MKT200;2024-03-06;7;Aprobado
35420584-IA300;2024-03-06;10;Aprobado
36369209-UX100;2024-03-06;9;Aprobado
41289550-UX100;2024-03-06;9;Aprobado
42254691-IA300;2024-03-06;8;Aprobado
42845702-MKT200;2024-03-06;5;Aprobado
43625205-UX100;2024-03-06;1;Desaprobado
44635112-IA300;2024-03-06;6;Aprobado
45656190-DAT101;2024-03-06;5;Aprobado
33952849-DAT201;2024-03-07;5;Aprobado
35824110-GEN101;2024-03-07;6;Aprobado
38194575-DAT101;2024-03-07;6;Aprobado
40033579-UX100;2024-03-07;8;Aprobado
44094966-DAT201;2024-03-07;10;Aprobado
32991581-GEN101;2024-03-08;5;Aprobado
33838303-GEN101;2024-03-08;10;Aprobado
36279807-NEG400;2024-03-08;7;Aprobado
37222211-DEV101;2024-03-08;2;Desaprobado
38750180-UX100;2024-03-08;5;Aprobado
41885509-NEG400;2024-03-08;4;Aprobado
42208457-DAT201;2024-03-08;7;Aprobado
32160000-DEV101;2024-03-09;4;Aprobado
32349994-UX100;2024-03-09;9;Aprobado
33081027-UX100;2024-03-09;9;Aprobado
34636803-MKT200;2024-03-09;4;Aprobado
37604035-DAT201;2024-03-09;1;Desaprobado
38223982-UX100;2024-03-09;2;Desaprobado
38645258-MKT200;2024-03-09;6;Aprobado
41289550-MKT200;2024-03-09;6;Aprobado
31379964-GEN101;2024-03-10;9;Aprobado
36015798-UX100;2024-03-10;10;Aprobado
36128228-MKT200;2024-03-10;6;Aprobado
37795993-DEV101;2024-03-10;1;Desaprobado
37951141-DAT101;2024-03-10;4;Aprobado
38629655-IA300;2024-03-10;3;Desaprobado
39734889-GEN101;2024-03-10;2;Desaprobado
41134242-GEN101;2024-03-10;9;Aprobado
45752068-DAT101;2024-03-10;1;Desaprobado
30507337-IA300;2024-03-11;3;Desaprobado
31187731-MKT200;2024-03-11;9;Aprobado
33155313-DAT101;2024-03-11;7;Aprobado
33195960-GEN101;2024-03-11;6;Aprobado
35524090-MKT200;2024-03-11;6;Aprobado
31370404-GEN101;2024-03-12;3;Desaprobado
32200927-MKT200;2024-03-12;10;Aprobado
35081927-DAT201;2024-03-12;5;Aprobado
35589315-DEV101;2024-03-12;6;Aprobado
35845730-NEG400;2024-03-12;5;Aprobado
35915007-DAT201;2024-03-12;8;Aprobado
42574929-IA300;2024-03-12;8;Aprobado
31554768-IA300;2024-03-13;3;Desaprobado
32150912-GEN101;2024-03-13;4;Aprobado
33988348-NEG400;2024-03-13;1;Desaprobado
34471842-NEG400;2024-03-13;7;Aprobado
40988877-NEG400;2024-03-13;9;Aprobado
42305779-DAT101;2024-03-13;5;Aprobado
32088271-MKT200;2024-03-14;1;Desaprobado
32474711-IA300;2024-03-14;6;Aprobado
36005534-DAT101;2024-03-14;5;Aprobado
36117422-DAT101;2024-03-14;7;Aprobado
41591741-NEG400;2024-03-14;1;Desaprobado
41754338-IA300;2024-03-14;1;Desaprobado
42740444-MKT200;2024-03-14;1;Desaprobado
31629308-DAT201;2024-03-15;2;Desaprobado
33293475-UX100;2024-03-15;7;Aprobado
33601032-DAT201;2024-03-15;2;Desaprobado
36868365-UX100;2024-03-15;1;Desaprobado
37275248-DAT201;2024-03-15;7;Aprobado
42763799-DAT201;2024-03-15;2;Desaprobado
42881854-MKT200;2024-03-15;4;Aprobado
43315303-GEN101;2024-03-15;3;Desaprobado
43904609-DEV101;2024-03-15;6;Aprobado
34343777-NEG400;2024-03-16;1;Desaprobado
34939319-DAT201;2024-03-16;6;Aprobado
35650079-DEV101;2024-03-16;1;Desaprobado
36630045-MKT200;2024-03-16;1;Desaprobado
37663002-DAT101;2024-03-16;10;Aprobado
37795993-GEN101;2024-03-16;8;Aprobado
39916823-IA300;2024-03-16;2;Desaprobado
40603350-DAT101;2024-03-16;1;Desaprobado
42613265-IA300;2024-03-16;5;Aprobado
42645481-MKT200;2024-03-16;4;Aprobado
43888324-UX100;2024-03-16;9;Aprobado
31122274-IA300;2024-03-17;7;Aprobado
31629308-DAT201;2024-03-17;1;Desaprobado
32152121-MKT200;2024-03-17;3;Desaprobado
34211417-DEV101;2024-03-17;8;Aprobado
36906085-UX100;2024-03-17;5;Aprobado
37795993-GEN101;2024-03-17;1;Desaprobado
40422549-MKT200;2024-03-17;10;Aprobado
45182848-IA300;2024-03-17;10;Aprobado
30680437-DEV101;2024-03-18;2;Desaprobado
35648819-DAT101;2024-03-18;10;Aprobado
36362413-NEG400;2024-03-18;6;Aprobado
37706458-MKT200;2024-03-18;8;Aprobado
37856329-GEN101;2024-03-18;3;Desaprobado
38934818-DAT201;2024-03-18;9;Aprobado
43651742-UX100;2024-03-18;8;Aprobado
44661890-GEN101;2024-03-18;6;Aprobado
30856430-DAT201;2024-03-19;4;Aprobado
31629308-UX100;2024-03-19;1;Desaprobado
35915416-DAT201;2024-03-19;3;Desaprobado
37869329-IA300;2024-03-19;9;Aprobado
38526500-DAT101;2024-03-19;9;Aprobado
41332008-GEN101;2024-03-19;1;Desaprobado
42760731-NEG400;2024-03-19;5;Aprobado
31767975-DAT101;2024-03-20;5;Aprobado
35049197-DAT201;2024-03-20;10;Aprobado
36629400-DEV101;2024-03-20;4;Aprobado
36701152-DAT201;2024-03-20;2;Desaprobado
38877407-DEV101;2024-03-20;6;Aprobado
39775624-UX100;2024-03-20;9;Aprobado
42254691-DAT201;2024-03-20;5;Aprobado
44536877-NEG400;2024-03-20;7;Aprobado
30252475-UX100;2024-03-21;5;Aprobado
30279612-MKT200;2024-03-21;5;Aprobado
30362258-NEG400;2024-03-21;7;Aprobado
31087473-UX100;2024-03-21;6;Aprobado
35515194-DAT101;2024-03-21;10;Aprobado
36309794-IA300;2024-03-21;4;Aprobado
36727365-DAT101;2024-03-21;9;Aprobado
45561312-GEN101;2024-03-21;9;Aprobado
32349994-MKT200;2024-03-22;4;Aprobado
34567608-DEV101;2024-03-22;3;Desaprobado
35316729-MKT200;2024-03-22;3;Desaprobado
38194575-DAT201;2024-03-22;1;Desaprobado
38622234-MKT200;2024-03-22;6;Aprobado
42208457-UX100;2024-03-22;2;Desaprobado
42727516-IA300;2024-03-22;7;Aprobado
42909942-DAT201;2024-03-22;10;Aprobado
44385458-DEV101;2024-03-22;1;Desaprobado
44927685-MKT200;2024-03-22;4;Aprobado
31061893-DAT101;2024-03-23;7;Aprobado
31061893-DAT101;2024-03-23;6;Aprobado
32141644-DEV101;2024-03-23;6;Aprobado
34356381-UX100;2024-03-23;9;Aprobado
37674710-UX100;2024-03-23;10;Aprobado
39571770-IA300;2024-03-23;6;Aprobado
40578248-DAT201;2024-03-23;8;Aprobado
41112892-DEV101;2024-03-23;5;Aprobado
41530667-GEN101;2024-03-23;8;Aprobado
43105183-GEN101;2024-03-23;3;Desaprobado
35517472-DAT201;2024-03-24;4;Aprobado
36163868-GEN101;2024-03-24;3;Desaprobado
39463207-IA300;2024-03-24;6;Aprobado
34635361-DAT201;2024-03-25;5;Aprobado
35501443-UX100;2024-03-25;1;Desaprobado
37678418-DAT101;2024-03-25;1;Desaprobado
42253635-MKT200;2024-03-25;9;Aprobado
30966401-UX100;2024-03-26;4;Aprobado
34092604-GEN101;2024-03-26;4;Aprobado
36906085-DAT201;2024-03-26;10;Aprobado
36948146-DEV101;2024-03-26;2;Desaprobado
37505561-GEN101;2024-03-26;10;Aprobado
39144752-DAT201;2024-03-26;2;Desaprobado
39386440-DAT201;2024-03-26;9;Aprobado
40245831-NEG400;2024-03-26;7;Aprobado
41931470-IA300;2024-03-26;4;Aprobado
42500015-IA300;2024-03-26;10;Aprobado
45419981-DEV101;2024-03-26;4;Aprobado
45503533-MKT200;2024-03-26;1;Desaprobado
30465936-DAT101;2024-03-27;1;Desaprobado
34758464-GEN101;2024-03-27;2;Desaprobado
36456678-DAT201;2024-03-27;8;Aprobado
36489803-DAT201;2024-03-27;3;Desaprobado
36594040-DAT101;2024-03-27;3;Desaprobado
37142397-IA300;2024-03-27;9;Aprobado
37444361-DAT101;2024-03-27;1;Desaprobado
38481398-UX100;2024-03-27;2;Desaprobado
39194704-DEV101;2024-03-27;5;Aprobado
39747478-NEG400;2024-03-27;2;Desaprobado
40167473-UX100;2024-03-27;3;Desaprobado
40421216-GEN101;2024-03-27;3;Desaprobado
40764881-DEV101;2024-03-27;2;Desaprobado
41915923-DAT101;2024-03-27;9;Aprobado
42002650-NEG400;2024-03-27;6;Aprobado
44654200-DAT101;2024-03-27;4;Aprobado
44765173-GEN101;2024-03-27;4;Aprobado
45171795-IA300;2024-03-27;1;Desaprobado
30619113-DEV101;2024-03-28;4;Aprobado
38038154-IA300;2024-03-28;9;Aprobado
38446695-GEN101;2024-03-28;3;Desaprobado
39641826-DAT101;2024-03-28;10;Aprobado
41748984-MKT200;2024-03-28;2;Desaprobado
43062304-UX100;2024-03-28;4;Aprobado
44412440-DAT101;2024-03-28;4;Aprobado
44753132-UX100;2024-03-28;8;Aprobado
31165911-NEG400;2024-03-29;8;Aprobado
31442827-MKT200;2024-03-29;10;Aprobado
31821525-DEV101;2024-03-29;4;Aprobado
37749075-MKT200;2024-03-29;9;Aprobado
37797988-NEG400;2024-03-29;9;Aprobado
38657054-MKT200;2024-03-29;9;Aprobado
41594052-GEN101;2024-03-29;10;Aprobado
41943395-IA300;2024-03-29;10;Aprobado
44698831-IA300;2024-03-29;3;Desaprobado
44765173-DAT101;2024-03-29;8;Aprobado
30263228-IA300;2024-03-30;6;Aprobado
31162466-DEV101;2024-03-30;7;Aprobado
31777177-DAT201;2024-03-30;4;Aprobado
32416248-DEV101;2024-03-30;2;Desaprobado
35745673-UX100;2024-03-30;6;Aprobado
36016561-NEG400;2024-03-30;3;Desaprobado
39054820-DAT201;2024-03-30;8;Aprobado
39451059-GEN101;2024-03-30;1;Desaprobado
42179672-IA300;2024-03-30;3;Desaprobado
42909942-NEG400;2024-03-30;3;Desaprobado
31178906-UX100;2024-03-31;7;Aprobado
31935757-DEV101;2024-03-31;10;Aprobado
35648819-DEV101;2024-03-31;5;Aprobado
36461761-DAT101;2024-03-31;1;Desaprobado
36855486-DAT201;2024-03-31;3;Desaprobado
37161768-UX100;2024-03-31;8;Aprobado
38657054-MKT200;2024-03-31;1;Desaprobado
39556507-IA300;2024-03-31;1;Desaprobado
44508081-DAT101;2024-03-31;8;Aprobado
30116169-MKT200;2024-04-01;5;Aprobado
32932411-IA300;2024-04-01;9;Aprobado
35990190-DEV101;2024-04-01;4;Aprobado
38925094-DAT101;2024-04-01;4;Aprobado
40534516-DAT101;2024-04-01;7;Aprobado
40701939-DAT101;2024-04-01;10;Aprobado
41473248-IA300;2024-04-01;8;Aprobado
41575887-GEN101;2024-04-01;4;Aprobado
44555423-MKT200;2024-04-01;6;Aprobado
44563667-DAT201;2024-04-01;1;Desaprobado
45341622-NEG400;2024-04-01;4;Aprobado
45402891-MKT200;2024-04-01;1;Desaprobado
30058812-IA300;2024-04-02;5;Aprobado
30370016-MKT200;2024-04-02;7;Aprobado
34146531-IA300;2024-04-02;2;Desaprobado
34508314-GEN101;2024-04-02;2;Desaprobado
35023742-DAT101;2024-04-02;1;Desaprobado
36083652-DEV101;2024-04-02;1;Desaprobado
39463207-DAT201;2024-04-02;8;Aprobado
43767499-DEV101;2024-04-02;5;Aprobado
44419194-IA300;2024-04-02;9;Aprobado
45788790-NEG400;2024-04-02;2;Desaprobado
30309712-MKT200;2024-04-03;7;Aprobado
34166651-DEV101;2024-04-03;2;Desaprobado
35437650-DAT201;2024-04-03;3;Desaprobado
38388641-MKT200;2024-04-03;4;Aprobado
45341622-DEV101;2024-04-03;2;Desaprobado
31593963-MKT200;2024-04-04;2;Desaprobado
33665133-DAT101;2024-04-04;6;Aprobado
34059848-DAT201;2024-04-04;5;Aprobado
35196112-DEV101;2024-04-04;10;Aprobado
35598228-MKT200;2024-04-04;5;Aprobado
39129106-MKT200;2024-04-04;4;Aprobado
40167473-MKT200;2024-04-04;6;Aprobado
42002650-DAT101;2024-04-04;6;Aprobado
42727516-IA300;2024-04-04;6;Aprobado
30279612-DAT201;2024-04-05;5;Aprobado
31723879-IA300;2024-04-05;4;Aprobado
31800702-DEV101;2024-04-05;10;Aprobado
35745673-NEG400;2024-04-05;7;Aprobado
36725023-NEG400;2024-04-05;1;Desaprobado
40105729-GEN101;2024-04-05;2;Desaprobado
40860494-DAT201;2024-04-05;3;Desaprobado
42679506-IA300;2024-04-05;5;Aprobado
42892502-UX100;2024-04-05;6;Aprobado
43720785-GEN101;2024-04-05;8;Aprobado
30174396-DEV101;2024-04-06;3;Desaprobado
31453197-MKT200;2024-04-06;6;Aprobado
32196825-IA300;2024-04-06;6;Aprobado
32272850-NEG400;2024-04-06;6;Aprobado
33601032-UX100;2024-04-06;4;Aprobado
36392604-GEN101;2024-04-06;8;Aprobado
36630045-NEG400;2024-04-06;9;Aprobado
38406894-DAT201;2024-04-06;3;Desaprobado
38657054-UX100;2024-04-06;9;Aprobado
39003369-UX100;2024-04-06;2;Desaprobado
39718327-DEV101;2024-04-06;5;Aprobado
40532051-DAT101;2024-04-06;6;Aprobado
42331291-DAT201;2024-04-06;7;Aprobado
42331291-NEG400;2024-04-06;2;Desaprobado
44886400-DAT201;2024-04-06;3;Desaprobado
45609644-UX100;2024-04-06;5;Aprobado
33665133-DAT201;2024-04-07;7;Aprobado
34443405-MKT200;2024-04-07;5;Aprobado
34711560-DEV101;2024-04-07;8;Aprobado
35155411-DAT201;2024-04-07;9;Aprobado
38750180-MKT200;2024-04-07;2;Desaprobado
39308771-DEV101;2024-04-07;3;Desaprobado
40338924-NEG400;2024-04-07;5;Aprobado
40446070-NEG400;2024-04-07;3;Desaprobado
40496612-DAT101;2024-04-07;8;Aprobado
43736953-DEV101;2024-04-07;9;Aprobado
45427332-DEV101;2024-04-07;1;Desaprobado
45503533-MKT200;2024-04-07;2;Desaprobado
35409911-IA300;2024-04-08;6;Aprobado
36839899-NEG400;2024-04-08;1;Desaprobado
37345680-UX100;2024-04-08;7;Aprobado
39500363-UX100;2024-04-08;10;Aprobado
42208457-GEN101;2024-04-08;4;Aprobado
43388966-IA300;2024-04-08;8;Aprobado
32430086-DAT101;2024-04-09;2;Desaprobado
33663590-DEV101;2024-04-09;8;Aprobado
34508314-IA300;2024-04-09;4;Aprobado
36392604-DAT101;2024-04-09;10;Aprobado
40421216-GEN101;2024-04-09;4;Aprobado
41886872-DAT101;2024-04-09;5;Aprobado
43312078-IA300;2024-04-09;2;Desaprobado
43483992-MKT200;2024-04-09;4;Aprobado
43549185-DAT101;2024-04-09;10;Aprobado
30348701-GEN101;2024-04-10;8;Aprobado
32143636-DAT201;2024-04-10;4;Aprobado
32272850-DAT101;2024-04-10;5;Aprobado
32449620-UX100;2024-04-10;3;Desaprobado
33353040-DAT201;2024-04-10;9;Aprobado
34759191-NEG400;2024-04-10;4;Aprobado
35212815-IA300;2024-04-10;2;Desaprobado
37155742-NEG400;2024-04-10;10;Aprobado
41883892-IA300;2024-04-10;4;Aprobado
42758944-NEG400;2024-04-10;8;Aprobado
31295512-DEV101;2024-04-11;7;Aprobado
31326547-IA300;2024-04-11;4;Aprobado
36083652-NEG400;2024-04-11;4;Aprobado
38657054-IA300;2024-04-11;10;Aprobado
38866674-NEG400;2024-04-11;2;Desaprobado
41597245-DEV101;2024-04-11;9;Aprobado
41883892-IA300;2024-04-11;2;Desaprobado
42321650-DEV101;2024-04-11;4;Aprobado
42679506-GEN101;2024-04-11;1;Desaprobado
45743513-MKT200;2024-04-11;8;Aprobado
31453197-DAT201;2024-04-12;6;Aprobado
34635361-MKT200;2024-04-12;6;Aprobado
35745673-GEN101;2024-04-12;7;Aprobado
38338168-DEV101;2024-04-12;6;Aprobado
40434897-GEN101;2024-04-12;9;Aprobado
41109574-DEV101;2024-04-12;3;Desaprobado
42590810-DAT101;2024-04-12;3;Desaprobado
42810923-UX100;2024-04-12;7;Aprobado
44113409-DAT101;2024-04-12;8;Aprobado
33225144-IA300;2024-04-13;10;Aprobado
33387615-DAT201;2024-04-13;2;Desaprobado
35449166-MKT200;2024-04-13;8;Aprobado
38223982-DAT101;2024-04-13;8;Aprobado
39430035-DEV101;2024-04-13;8;Aprobado
45147679-GEN101;2024-04-13;2;Desaprobado
31352683-MKT200;2024-04-14;5;Aprobado
34508314-UX100;2024-04-14;4;Aprobado
39777873-DAT201;2024-04-14;3;Desaprobado
41941216-IA300;2024-04-14;4;Aprobado
43888324-GEN101;2024-04-14;8;Aprobado
44791193-DEV101;2024-04-14;5;Aprobado
30126752-DAT101;2024-04-15;2;Desaprobado
30723545-UX100;2024-04-15;5;Aprobado
30926558-UX100;2024-04-15;3;Desaprobado
31205804-NEG400;2024-04-15;2;Desaprobado
38290265-NEG400;2024-04-15;10;Aprobado
39099433-NEG400;2024-04-15;8;Aprobado
40328227-IA300;2024-04-15;7;Aprobado
40886471-DAT101;2024-04-15;7;Aprobado
41171969-GEN101;2024-04-15;6;Aprobado
41297634-MKT200;2024-04-15;1;Desaprobado
42378567-IA300;2024-04-15;8;Aprobado
43773004-NEG400;2024-04-15;10;Aprobado
35188238-UX100;2024-04-16;3;Desaprobado
35440459-DAT101;2024-04-16;5;Aprobado
37099184-UX100;2024-04-16;1;Desaprobado
39157120-IA300;2024-04-16;3;Desaprobado
41829357-IA300;2024-04-16;9;Aprobado
42849061-IA300;2024-04-16;7;Aprobado
31370404-DAT201;2024-04-17;3;Desaprobado
31868622-MKT200;2024-04-17;10;Aprobado
32099618-MKT200;2024-04-17;10;Aprobado
39157120-IA300;2024-04-17;2;Desaprobado
40371152-DAT201;2024-04-17;9;Aprobado
45076126-IA300;2024-04-17;2;Desaprobado
30619113-MKT200;2024-04-18;1;Desaprobado
36630045-DAT201;2024-04-18;10;Aprobado
37024637-UX100;2024-04-18;9;Aprobado
39822223-IA300;2024-04-18;5;Aprobado
39924190-GEN101;2024-04-18;1;Desaprobado
42419781-UX100;2024-04-18;6;Aprobado
42928321-MKT200;2024-04-18;7;Aprobado
43068884-NEG400;2024-04-18;8;Aprobado
44635112-IA300;2024-04-18;4;Aprobado
45055136-UX100;2024-04-18;7;Aprobado
31730247-NEG400;2024-04-19;5;Aprobado
32808702-DAT201;2024-04-19;1;Desaprobado
34801591-GEN101;2024-04-19;5;Aprobado
35674650-DAT201;2024-04-19;1;Desaprobado
36326296-IA300;2024-04-19;8;Aprobado
37949128-NEG400;2024-04-19;10;Aprobado
41763206-DEV101;2024-04-19;9;Aprobado
43416352-DAT101;2024-04-19;9;Aprobado
45419981-GEN101;2024-04-19;3;Desaprobado
30413264-IA300;2024-04-20;1;Desaprobado
31366271-MKT200;2024-04-20;4;Aprobado
33493292-UX100;2024-04-20;5;Aprobado
34711560-DAT201;2024-04-20;2;Desaprobado
40665974-DAT201;2024-04-20;2;Desaprobado
42124538-UX100;2024-04-20;7;Aprobado
44594931-DAT201;2024-04-20;9;Aprobado
32578687-DAT101;2024-04-21;9;Aprobado
33556417-NEG400;2024-04-21;6;Aprobado
33630695-DAT101;2024-04-21;1;Desaprobado
37268989-DAT101;2024-04-21;9;Aprobado
39924190-IA300;2024-04-21;8;Aprobado
40993683-DEV101;2024-04-21;10;Aprobado
41950086-GEN101;2024-04-21;8;Aprobado
45842940-UX100;2024-04-21;2;Desaprobado
33035804-MKT200;2024-04-22;1;Desaprobado
33429749-DAT101;2024-04-22;9;Aprobado
33601032-IA300;2024-04-22;6;Aprobado
36794996-UX100;2024-04-22;9;Aprobado
37706458-DAT101;2024-04-22;3;Desaprobado
38038154-MKT200;2024-04-22;8;Aprobado
39579403-DAT101;2024-04-22;4;Aprobado
45743513-UX100;2024-04-22;1;Desaprobado
45819512-NEG400;2024-04-22;10;Aprobado
33753511-UX100;2024-04-23;9;Aprobado
35627041-DAT101;2024-04-23;4;Aprobado
36031653-IA300;2024-04-23;7;Aprobado
38866674-MKT200;2024-04-23;4;Aprobado
41065435-GEN101;2024-04-23;7;Aprobado
45170259-UX100;2024-04-23;5;Aprobado
30763137-DAT101;2024-04-24;10;Aprobado
31188805-NEG400;2024-04-24;9;Aprobado
33247205-GEN101;2024-04-24;1;Desaprobado
36629400-DAT101;2024-04-24;6;Aprobado
36878477-DAT201;2024-04-24;3;Desaprobado
37678418-DAT201;2024-04-24;9;Aprobado
41077276-GEN101;2024-04-24;1;Desaprobado
42002650-DEV101;2024-04-24;10;Aprobado
44594931-DAT101;2024-04-24;8;Aprobado
45303367-UX100;2024-04-24;6;Aprobado
45968790-DAT201;2024-04-24;9;Aprobado
30089193-DAT101;2024-04-25;2;Desaprobado
30445334-GEN101;2024-04-25;8;Aprobado
32698751-IA300;2024-04-25;4;Aprobado
36456678-DEV101;2024-04-25;1;Desaprobado
36659139-DAT101;2024-04-25;7;Aprobado
31230787-DEV101;2024-04-26;9;Aprobado
31263287-IA300;2024-04-26;7;Aprobado
31730247-DEV101;2024-04-26;5;Aprobado
33267106-MKT200;2024-04-26;8;Aprobado
34077479-GEN101;2024-04-26;3;Desaprobado
34864189-IA300;2024-04-26;3;Desaprobado
36349870-DAT101;2024-04-26;5;Aprobado
38038154-IA300;2024-04-26;9;Aprobado
39164387-UX100;2024-04-26;8;Aprobado
41998415-DAT101;2024-04-26;6;Aprobado
42242735-MKT200;2024-04-26;8;Aprobado
44242303-DEV101;2024-04-26;5;Aprobado
44713988-MKT200;2024-04-26;6;Aprobado
44807676-GEN101;2024-04-26;9;Aprobado
45383156-DAT201;2024-04-26;1;Desaprobado
45385368-DAT101;2024-04-26;2;Desaprobado
31379248-MKT200;2024-04-27;6;Aprobado
31692100-UX100;2024-04-27;8;Aprobado
33885760-DEV101;2024-04-27;10;Aprobado
35620137-IA300;2024-04-27;5;Aprobado
35845730-NEG400;2024-04-27;3;Desaprobado
37949128-UX100;2024-04-27;5;Aprobado
38290265-DEV101;2024-04-27;6;Aprobado
39842417-DEV101;2024-04-27;3;Desaprobado
42132790-IA300;2024-04-27;10;Aprobado
44120543-MKT200;2024-04-27;7;Aprobado
31438321-NEG400;2024-04-28;8;Aprobado
31593963-DAT201;2024-04-28;6;Aprobado
33338311-NEG400;2024-04-28;5;Aprobado
33387615-IA300;2024-04-28;9;Aprobado
35845730-MKT200;2024-04-28;2;Desaprobado
38877407-DAT201;2024-04-28;6;Aprobado
40348880-DAT201;2024-04-28;7;Aprobado
41003214-IA300;2024-04-28;8;Aprobado
45303367-DAT201;2024-04-28;1;Desaprobado
45633220-NEG400;2024-04-28;3;Desaprobado
31134185-NEG400;2024-04-29;3;Desaprobado
31185224-NEG400;2024-04-29;3;Desaprobado
32349994-IA300;2024-04-29;3;Desaprobado
38542906-UX100;2024-04-29;1;Desaprobado
35740137-MKT200;2024-04-30;9;Aprobado
38832034-NEG400;2024-04-30;7;Aprobado
43720785-DAT201;2024-04-30;1;Desaprobado
44753132-IA300;2024-04-30;5;Aprobado
45256650-NEG400;2024-04-30;6;Aprobado
31370404-DAT201;2024-05-01;10;Aprobado
32085812-DAT201;2024-05-01;2;Desaprobado
33155313-DEV101;2024-05-01;10;Aprobado
36313373-IA300;2024-05-01;2;Desaprobado
36744678-DAT201;2024-05-01;3;Desaprobado
37935165-DAT101;2024-05-01;9;Aprobado
39129106-GEN101;2024-05-01;7;Aprobado
40069107-MKT200;2024-05-01;5;Aprobado
42331291-DAT101;2024-05-01;1;Desaprobado
44775708-GEN101;2024-05-01;1;Desaprobado
45850941-GEN101;2024-05-01;4;Aprobado
30437958-MKT200;2024-05-02;9;Aprobado
32259990-UX100;2024-05-02;8;Aprobado
40214433-DAT101;2024-05-02;8;Aprobado
42208457-DAT201;2024-05-02;10;Aprobado
42574929-DAT101;2024-05-02;10;Aprobado
42881854-DAT201;2024-05-02;2;Desaprobado
31921360-GEN101;2024-05-03;9;Aprobado
32343092-NEG400;2024-05-03;3;Desaprobado
34845546-DAT201;2024-05-03;7;Aprobado
38689454-MKT200;2024-05-03;1;Desaprobado
39268069-NEG400;2024-05-03;9;Aprobado
39777873-NEG400;2024-05-03;7;Aprobado
42928321-DEV101;2024-05-03;4;Aprobado
43023911-DAT101;2024-05-03;4;Aprobado
30566758-UX100;2024-05-04;1;Desaprobado
31594777-DAT101;2024-05-04;3;Desaprobado
32169352-IA300;2024-05-04;3;Desaprobado
33663590-DAT101;2024-05-04;6;Aprobado
33922912-DEV101;2024-05-04;3;Desaprobado
36907787-UX100;2024-05-04;1;Desaprobado
37261587-DAT101;2024-05-04;10;Aprobado
37795993-DAT101;2024-05-04;8;Aprobado
39041016-DEV101;2024-05-04;6;Aprobado
41885509-MKT200;2024-05-04;9;Aprobado
45752068-GEN101;2024-05-04;3;Desaprobado
31599603-MKT200;2024-05-05;5;Aprobado
32099297-IA300;2024-05-05;8;Aprobado
32578687-NEG400;2024-05-05;5;Aprobado
37454570-DAT101;2024-05-05;10;Aprobado
41129177-NEG400;2024-05-05;7;Aprobado
42266843-NEG400;2024-05-05;2;Desaprobado
45826183-MKT200;2024-05-05;1;Desaprobado
31821525-DAT201;2024-05-06;1;Desaprobado
33699765-UX100;2024-05-06;8;Aprobado
34070539-GEN101;2024-05-06;9;Aprobado
35579453-DAT201;2024-05-06;5;Aprobado
37054065-DEV101;2024-05-06;1;Desaprobado
38622234-DAT201;2024-05-06;10;Aprobado
43904609-NEG400;2024-05-06;4;Aprobado
45842940-NEG400;2024-05-06;6;Aprobado
31800702-GEN101;2024-05-07;10;Aprobado
34631318-DEV101;2024-05-07;1;Desaprobado
34715773-DEV101;2024-05-07;1;Desaprobado
35543489-UX100;2024-05-07;1;Desaprobado
40776019-GEN101;2024-05-07;4;Aprobado
40818237-GEN101;2024-05-07;10;Aprobado
43695456-MKT200;2024-05-07;9;Aprobado
43771658-DAT201;2024-05-07;6;Aprobado
45171795-DEV101;2024-05-07;6;Aprobado
45181550-UX100;2024-05-07;3;Desaprobado
45385368-DAT201;2024-05-07;6;Aprobado
45426738-NEG400;2024-05-07;7;Aprobado
31263287-UX100;2024-05-08;1;Desaprobado
32151241-UX100;2024-05-08;2;Desaprobado
33130984-DAT101;2024-05-08;10;Aprobado
35155411-DAT201;2024-05-08;6;Aprobado
42280040-NEG400;2024-05-08;4;Aprobado
30339434-DAT201;2024-05-09;2;Desaprobado
31868622-MKT200;2024-05-09;1;Desaprobado
32259990-IA300;2024-05-09;9;Aprobado
33130984-DAT201;2024-05-09;9;Aprobado
33506985-UX100;2024-05-09;8;Aprobado
35325959-MKT200;2024-05-09;5;Aprobado
37083223-DAT101;2024-05-09;1;Desaprobado
38162732-NEG400;2024-05-09;9;Aprobado
39402003-DAT101;2024-05-09;4;Aprobado
39856178-DAT101;2024-05-09;3;Desaprobado
40133866-NEG400;2024-05-09;5;Aprobado
42576713-DAT101;2024-05-09;6;Aprobado
42799422-DAT201;2024-05-09;9;Aprobado
43010564-DAT201;2024-05-09;2;Desaprobado
44780393-NEG400;2024-05-09;4;Aprobado
30365765-GEN101;2024-05-10;1;Desaprobado
31370404-IA300;2024-05-10;10;Aprobado
34255143-DEV101;2024-05-10;9;Aprobado
34529542-DAT101;2024-05-10;10;Aprobado
34529542-DAT101;2024-05-10;6;Aprobado
37550168-IA300;2024-05-10;2;Desaprobado
38481398-NEG400;2024-05-10;4;Aprobado
39216162-MKT200;2024-05-10;3;Desaprobado
39579403-UX100;2024-05-10;8;Aprobado
39691054-UX100;2024-05-10;3;Desaprobado
41943395-DAT101;2024-05-10;2;Desaprobado
44536877-DAT201;2024-05-10;2;Desaprobado
44886400-DEV101;2024-05-10;4;Aprobado
30619113-GEN101;2024-05-11;7;Aprobado
31800702-DEV101;2024-05-11;6;Aprobado
33838303-GEN101;2024-05-11;7;Aprobado
34636803-IA300;2024-05-11;10;Aprobado
37849139-DAT101;2024-05-11;4;Aprobado
39001607-DAT201;2024-05-11;2;Desaprobado
45402891-UX100;2024-05-11;1;Desaprobado
31061893-IA300;2024-05-12;5;Aprobado
33444595-DAT201;2024-05-12;8;Aprobado
36514168-DEV101;2024-05-12;10;Aprobado
37706458-MKT200;2024-05-12;4;Aprobado
40578248-IA300;2024-05-12;4;Aprobado
42677307-GEN101;2024-05-12;7;Aprobado
30782743-IA300;2024-05-13;2;Desaprobado
32808702-UX100;2024-05-13;1;Desaprobado
34864189-GEN101;2024-05-13;7;Aprobado
37253616-DAT201;2024-05-13;4;Aprobado
37949128-IA300;2024-05-13;8;Aprobado
39001607-UX100;2024-05-13;10;Aprobado
42208457-DAT101;2024-05-13;9;Aprobado
33857648-DAT101;2024-05-14;2;Desaprobado
35471829-DEV101;2024-05-14;2;Desaprobado
38724522-UX100;2024-05-14;8;Aprobado
40051444-GEN101;2024-05-14;6;Aprobado
31868622-MKT200;2024-05-15;2;Desaprobado
32864447-NEG400;2024-05-15;8;Aprobado
33696189-GEN101;2024-05-15;9;Aprobado
35891432-IA300;2024-05-15;4;Aprobado
36369209-DAT201;2024-05-15;5;Aprobado
42576713-DEV101;2024-05-15;10;Aprobado
43105183-IA300;2024-05-15;9;Aprobado
43991901-DAT101;2024-05-15;9;Aprobado
44775708-IA300;2024-05-15;1;Desaprobado
44912505-IA300;2024-05-15;6;Aprobado
33488611-UX100;2024-05-16;3;Desaprobado
36286352-NEG400;2024-05-16;5;Aprobado
38114009-DEV101;2024-05-16;10;Aprobado
39129106-DAT201;2024-05-16;9;Aprobado
41065435-GEN101;2024-05-16;1;Desaprobado
41594052-UX100;2024-05-16;3;Desaprobado
41848705-DAT201;2024-05-16;7;Aprobado
42576713-UX100;2024-05-16;1;Desaprobado
43539600-GEN101;2024-05-16;8;Aprobado
30126752-GEN101;2024-05-17;9;Aprobado
35915416-IA300;2024-05-17;8;Aprobado
35965210-UX100;2024-05-17;6;Aprobado
39264124-DEV101;2024-05-17;4;Aprobado
45298142-DEV101;2024-05-17;8;Aprobado
32556008-DAT101;2024-05-18;2;Desaprobado
34265698-MKT200;2024-05-18;7;Aprobado
36362413-DAT101;2024-05-18;2;Desaprobado
37326359-DEV101;2024-05-18;9;Aprobado
40105729-MKT200;2024-05-18;1;Desaprobado
40579606-UX100;2024-05-18;7;Aprobado
41003214-NEG400;2024-05-18;4;Aprobado
41111676-NEG400;2024-05-18;7;Aprobado
43978117-DAT101;2024-05-18;2;Desaprobado
30974929-MKT200;2024-05-19;7;Aprobado
33115581-DAT201;2024-05-19;2;Desaprobado
37347578-IA300;2024-05-19;3;Desaprobado
39144752-IA300;2024-05-19;7;Aprobado
40649002-DEV101;2024-05-19;10;Aprobado
42221418-NEG400;2024-05-19;2;Desaprobado
43362081-DAT101;2024-05-19;5;Aprobado
44508081-MKT200;2024-05-19;2;Desaprobado
31399534-NEG400;2024-05-20;3;Desaprobado
33221169-IA300;2024-05-20;8;Aprobado
34845546-DAT101;2024-05-20;5;Aprobado
35543489-DAT101;2024-05-20;3;Desaprobado
35810239-IA300;2024-05-20;4;Aprobado
36727365-DEV101;2024-05-20;2;Desaprobado
37179608-UX100;2024-05-20;4;Aprobado
37223015-DAT201;2024-05-20;5;Aprobado
37831209-DEV101;2024-05-20;6;Aprobado
39405037-GEN101;2024-05-20;9;Aprobado
41347543-GEN101;2024-05-20;6;Aprobado
45090532-MKT200;2024-05-20;3;Desaprobado
31379964-NEG400;2024-05-21;1;Desaprobado
32099618-MKT200;2024-05-21;4;Aprobado
33049597-IA300;2024-05-21;5;Aprobado
34209869-IA300;2024-05-21;1;Desaprobado
34363040-DAT201;2024-05-21;3;Desaprobado
37329041-IA300;2024-05-21;2;Desaprobado
38048801-IA300;2024-05-21;4;Aprobado
38485886-DEV101;2024-05-21;2;Desaprobado
39695989-UX100;2024-05-21;1;Desaprobado
40338924-DAT201;2024-05-21;4;Aprobado
40727710-MKT200;2024-05-21;6;Aprobado
41147686-DAT101;2024-05-21;2;Desaprobado
44210932-UX100;2024-05-21;10;Aprobado
35282987-IA300;2024-05-22;10;Aprobado
36935055-MKT200;2024-05-22;6;Aprobado
35471829-DEV101;2024-05-23;9;Aprobado
37604035-NEG400;2024-05-23;2;Desaprobado
37797988-DAT201;2024-05-23;7;Aprobado
38726954-DAT201;2024-05-23;4;Aprobado
41330737-MKT200;2024-05-23;10;Aprobado
42024629-GEN101;2024-05-23;6;Aprobado
42509169-MKT200;2024-05-23;9;Aprobado
43802935-DEV101;2024-05-23;6;Aprobado
44370456-DAT101;2024-05-23;10;Aprobado
45419981-UX100;2024-05-23;9;Aprobado
30309712-DAT101;2024-05-24;10;Aprobado
31295512-DAT201;2024-05-24;6;Aprobado
33074317-DEV101;2024-05-24;1;Desaprobado
35589315-DAT201;2024-05-24;10;Aprobado
31922848-DEV101;2024-05-25;10;Aprobado
33630695-UX100;2024-05-25;1;Desaprobado
33957369-DAT201;2024-05-25;9;Aprobado
36702199-IA300;2024-05-25;6;Aprobado
38373582-GEN101;2024-05-25;5;Aprobado
38446695-IA300;2024-05-25;2;Desaprobado
38451826-GEN101;2024-05-25;5;Aprobado
39269288-DAT101;2024-05-25;3;Desaprobado
45039367-DAT101;2024-05-25;7;Aprobado
45090532-DEV101;2024-05-25;8;Aprobado
31158762-IA300;2024-05-26;9;Aprobado
33827674-UX100;2024-05-26;8;Aprobado
36953747-DAT201;2024-05-26;2;Desaprobado
39386861-DAT201;2024-05-26;3;Desaprobado
44617524-DAT101;2024-05-26;1;Desaprobado
44910143-MKT200;2024-05-26;6;Aprobado
45265185-NEG400;2024-05-26;9;Aprobado
33696189-GEN101;2024-05-27;8;Aprobado
34211417-DEV101;2024-05-27;4;Aprobado
34758464-NEG400;2024-05-27;4;Aprobado
36163868-IA300;2024-05-27;8;Aprobado
36392604-IA300;2024-05-27;9;Aprobado
38218744-UX100;2024-05-27;6;Aprobado
42117900-GEN101;2024-05-27;5;Aprobado
42849061-GEN101;2024-05-27;2;Desaprobado
43767499-DAT201;2024-05-27;4;Aprobado
30469731-GEN101;2024-05-28;1;Desaprobado
31438742-DEV101;2024-05-28;6;Aprobado
33910188-NEG400;2024-05-28;1;Desaprobado
34250668-MKT200;2024-05-28;2;Desaprobado
41333233-DAT101;2024-05-28;3;Desaprobado
42706367-NEG400;2024-05-28;2;Desaprobado
43159265-DEV101;2024-05-28;7;Aprobado
43270052-MKT200;2024-05-28;8;Aprobado
44654293-DAT201;2024-05-28;9;Aprobado
31621161-IA300;2024-05-29;1;Desaprobado
33630695-IA300;2024-05-29;5;Aprobado
34971595-IA300;2024-05-29;8;Aprobado
37935165-MKT200;2024-05-29;3;Desaprobado
39386861-UX100;2024-05-29;4;Aprobado
41077276-IA300;2024-05-29;5;Aprobado
30946614-MKT200;2024-05-30;9;Aprobado
32971550-IA300;2024-05-30;8;Aprobado
34092604-IA300;2024-05-30;6;Aprobado
35320655-DAT201;2024-05-30;7;Aprobado
38164166-MKT200;2024-05-30;1;Desaprobado
40729905-DAT101;2024-05-30;7;Aprobado
42757045-MKT200;2024-05-30;1;Desaprobado
44308885-UX100;2024-05-30;1;Desaprobado
32196825-IA300;2024-05-31;4;Aprobado
33035804-GEN101;2024-05-31;4;Aprobado
34033433-NEG400;2024-05-31;8;Aprobado
34617592-MKT200;2024-05-31;10;Aprobado
36855486-MKT200;2024-05-31;10;Aprobado
37168127-GEN101;2024-05-31;8;Aprobado
40513724-DAT201;2024-05-31;7;Aprobado
41829357-MKT200;2024-05-31;3;Desaprobado
45417967-NEG400;2024-05-31;5;Aprobado
33541682-IA300;2024-06-01;5;Aprobado
36489803-UX100;2024-06-01;1;Desaprobado
43315303-MKT200;2024-06-01;1;Desaprobado
44047721-DAT201;2024-06-01;4;Aprobado
30106929-DAT201;2024-06-02;1;Desaprobado
30985783-DAT101;2024-06-02;7;Aprobado
31593963-UX100;2024-06-02;8;Aprobado
32295114-IA300;2024-06-02;5;Aprobado
32357600-GEN101;2024-06-02;5;Aprobado
32698751-GEN101;2024-06-02;8;Aprobado
34209869-UX100;2024-06-02;9;Aprobado
37856329-NEG400;2024-06-02;10;Aprobado
38140531-IA300;2024-06-02;9;Aprobado
38290265-DEV101;2024-06-02;1;Desaprobado
40980648-DAT201;2024-06-02;4;Aprobado
42024629-DEV101;2024-06-02;3;Desaprobado
42576713-DEV101;2024-06-02;5;Aprobado
44528233-IA300;2024-06-02;5;Aprobado
31356012-MKT200;2024-06-03;6;Aprobado
32430086-DAT101;2024-06-03;8;Aprobado
32440459-GEN101;2024-06-03;6;Aprobado
33352008-DAT101;2024-06-03;3;Desaprobado
35625713-GEN101;2024-06-03;1;Desaprobado
36490297-DAT201;2024-06-03;5;Aprobado
37605752-UX100;2024-06-03;3;Desaprobado
30226372-NEG400;2024-06-04;4;Aprobado
31352683-UX100;2024-06-04;4;Aprobado
32272850-DAT101;2024-06-04;2;Desaprobado
34039776-NEG400;2024-06-04;3;Desaprobado
34211417-GEN101;2024-06-04;3;Desaprobado
34446593-NEG400;2024-06-04;9;Aprobado
39875233-NEG400;2024-06-04;1;Desaprobado
42219949-UX100;2024-06-04;5;Aprobado
43864775-DEV101;2024-06-04;3;Desaprobado
31509667-NEG400;2024-06-05;9;Aprobado
32575818-IA300;2024-06-05;6;Aprobado
32702619-DAT101;2024-06-05;2;Desaprobado
33338311-NEG400;2024-06-05;5;Aprobado
34912303-NEG400;2024-06-05;4;Aprobado
34998039-IA300;2024-06-05;6;Aprobado
37012198-DAT201;2024-06-05;4;Aprobado
38207316-GEN101;2024-06-05;7;Aprobado
39129106-GEN101;2024-06-05;10;Aprobado
42500015-MKT200;2024-06-05;3;Desaprobado
43663971-IA300;2024-06-05;8;Aprobado
43947996-IA300;2024-06-05;2;Desaprobado
44219639-GEN101;2024-06-05;5;Aprobado
45341622-NEG400;2024-06-05;5;Aprobado
45941376-DAT101;2024-06-05;3;Desaprobado
31303564-DAT201;2024-06-06;5;Aprobado
31963378-DEV101;2024-06-06;3;Desaprobado
36855486-NEG400;2024-06-06;2;Desaprobado
38162732-NEG400;2024-06-06;9;Aprobado
38370600-DAT101;2024-06-06;3;Desaprobado
38934818-UX100;2024-06-06;1;Desaprobado
41021877-UX100;2024-06-06;9;Aprobado
33663590-UX100;2024-06-07;8;Aprobado
35111521-MKT200;2024-06-07;2;Desaprobado
35437650-DEV101;2024-06-07;6;Aprobado
38393673-IA300;2024-06-07;4;Aprobado
38519723-MKT200;2024-06-07;9;Aprobado
39194704-DEV101;2024-06-07;2;Desaprobado
44289991-MKT200;2024-06-07;4;Aprobado
30246491-IA300;2024-06-08;3;Desaprobado
30386383-DAT201;2024-06-08;7;Aprobado
34078388-MKT200;2024-06-08;7;Aprobado
36725023-GEN101;2024-06-08;1;Desaprobado
39341417-NEG400;2024-06-08;7;Aprobado
41129177-GEN101;2024-06-08;8;Aprobado
43695456-NEG400;2024-06-08;9;Aprobado
30246491-DEV101;2024-06-09;8;Aprobado
35155914-NEG400;2024-06-09;10;Aprobado
36057182-DAT201;2024-06-09;9;Aprobado
37223015-GEN101;2024-06-09;7;Aprobado
38642477-MKT200;2024-06-09;9;Aprobado
40126484-DAT101;2024-06-09;3;Desaprobado
41788868-NEG400;2024-06-09;3;Desaprobado
45090532-IA300;2024-06-09;8;Aprobado
30386383-DAT101;2024-06-10;5;Aprobado
35188238-MKT200;2024-06-10;10;Aprobado
35501443-DEV101;2024-06-10;2;Desaprobado
45246102-DAT201;2024-06-10;10;Aprobado
32150263-DEV101;2024-06-11;1;Desaprobado
33730130-NEG400;2024-06-11;1;Desaprobado
35325959-UX100;2024-06-11;6;Aprobado
35468094-IA300;2024-06-11;10;Aprobado
36236123-DAT201;2024-06-11;1;Desaprobado
39308771-DEV101;2024-06-11;3;Desaprobado
39341417-DAT201;2024-06-11;8;Aprobado
41473248-DAT101;2024-06-11;2;Desaprobado
44419194-DEV101;2024-06-11;6;Aprobado
44508081-DAT201;2024-06-11;1;Desaprobado
32050515-GEN101;2024-06-12;9;Aprobado
32682238-NEG400;2024-06-12;1;Desaprobado
32811654-MKT200;2024-06-12;6;Aprobado
33444595-DAT101;2024-06-12;4;Aprobado
37169999-NEG400;2024-06-12;2;Desaprobado
37550168-IA300;2024-06-12;6;Aprobado
38268761-NEG400;2024-06-12;10;Aprobado
38325772-IA300;2024-06-12;1;Desaprobado
38657054-DAT201;2024-06-12;9;Aprobado
41333233-DEV101;2024-06-12;4;Aprobado
41620840-GEN101;2024-06-12;7;Aprobado
43750283-DAT101;2024-06-12;7;Aprobado
45068171-GEN101;2024-06-12;4;Aprobado
45605722-MKT200;2024-06-12;4;Aprobado
30941372-UX100;2024-06-13;5;Aprobado
31222266-IA300;2024-06-13;7;Aprobado
34081471-DAT101;2024-06-13;9;Aprobado
34494885-GEN101;2024-06-13;2;Desaprobado
34636803-GEN101;2024-06-13;2;Desaprobado
36470833-IA300;2024-06-13;2;Desaprobado
37199951-DEV101;2024-06-13;1;Desaprobado
37915491-UX100;2024-06-13;9;Aprobado
41171969-DAT101;2024-06-13;1;Desaprobado
43720785-DAT201;2024-06-13;8;Aprobado
45182848-GEN101;2024-06-13;9;Aprobado
31554768-IA300;2024-06-14;10;Aprobado
33081027-MKT200;2024-06-14;4;Aprobado
34731502-MKT200;2024-06-14;3;Desaprobado
36016561-IA300;2024-06-14;8;Aprobado
39563230-DAT201;2024-06-14;3;Desaprobado
39605597-DAT101;2024-06-14;2;Desaprobado
41702335-IA300;2024-06-14;1;Desaprobado
42693185-MKT200;2024-06-14;7;Aprobado
44513749-NEG400;2024-06-14;8;Aprobado
45068171-DEV101;2024-06-14;8;Aprobado
45324229-NEG400;2024-06-14;8;Aprobado
33436656-DAT201;2024-06-15;10;Aprobado
33493292-NEG400;2024-06-15;3;Desaprobado
42881854-DAT201;2024-06-15;5;Aprobado
44919962-UX100;2024-06-15;2;Desaprobado
33115581-MKT200;2024-06-16;7;Aprobado
33267106-MKT200;2024-06-16;2;Desaprobado
34077479-DAT201;2024-06-16;1;Desaprobado
34635361-NEG400;2024-06-16;8;Aprobado
34657279-DAT201;2024-06-16;8;Aprobado
36725023-DAT201;2024-06-16;10;Aprobado
36890268-MKT200;2024-06-16;7;Aprobado
37573276-DAT101;2024-06-16;4;Aprobado
41702335-DAT201;2024-06-16;3;Desaprobado
42331291-DAT201;2024-06-16;10;Aprobado
43736953-NEG400;2024-06-16;2;Desaprobado
44594931-MKT200;2024-06-16;4;Aprobado
45417967-NEG400;2024-06-16;9;Aprobado
31205804-DAT101;2024-06-17;1;Desaprobado
34365303-GEN101;2024-06-17;8;Aprobado
35620137-DEV101;2024-06-17;5;Aprobado
36236123-MKT200;2024-06-17;1;Desaprobado
37869329-GEN101;2024-06-17;1;Desaprobado
38622234-DAT201;2024-06-17;6;Aprobado
42219949-NEG400;2024-06-17;8;Aprobado
45331374-MKT200;2024-06-17;3;Desaprobado
45746270-DAT101;2024-06-17;5;Aprobado
30680437-MKT200;2024-06-18;2;Desaprobado
31185224-IA300;2024-06-18;10;Aprobado
31935757-UX100;2024-06-18;9;Aprobado
33037423-IA300;2024-06-18;2;Desaprobado
34631318-MKT200;2024-06-18;8;Aprobado
34845546-DAT101;2024-06-18;8;Aprobado
35376871-NEG400;2024-06-18;2;Desaprobado
39734889-UX100;2024-06-18;10;Aprobado
43043273-MKT200;2024-06-18;2;Desaprobado
33386069-DAT101;2024-06-19;5;Aprobado
33673050-NEG400;2024-06-19;3;Desaprobado
36251602-IA300;2024-06-19;10;Aprobado
39579403-DAT201;2024-06-19;6;Aprobado
41694165-DAT101;2024-06-19;3;Desaprobado
30321355-NEG400;2024-06-20;2;Desaprobado
30507337-DEV101;2024-06-20;3;Desaprobado
32180590-GEN101;2024-06-20;6;Aprobado
33547291-DAT201;2024-06-20;8;Aprobado
33556417-IA300;2024-06-20;8;Aprobado
38567788-DAT101;2024-06-20;5;Aprobado
40059343-GEN101;2024-06-20;7;Aprobado
45422028-IA300;2024-06-20;1;Desaprobado
45908531-DEV101;2024-06-20;5;Aprobado
45948143-GEN101;2024-06-20;5;Aprobado
36349870-IA300;2024-06-21;8;Aprobado
36727365-GEN101;2024-06-21;5;Aprobado
39269288-UX100;2024-06-21;5;Aprobado
41174384-UX100;2024-06-21;8;Aprobado
41252196-MKT200;2024-06-21;2;Desaprobado
44370456-NEG400;2024-06-21;5;Aprobado
31379964-IA300;2024-06-22;6;Aprobado
34081471-UX100;2024-06-22;3;Desaprobado
38720883-GEN101;2024-06-22;2;Desaprobado
42826422-IA300;2024-06-22;9;Aprobado
43695277-IA300;2024-06-22;4;Aprobado
43972226-MKT200;2024-06-22;5;Aprobado
44441151-DAT101;2024-06-22;4;Aprobado
33678309-UX100;2024-06-23;1;Desaprobado
34839561-IA300;2024-06-23;6;Aprobado
35376871-MKT200;2024-06-23;2;Desaprobado
36800218-DEV101;2024-06-23;9;Aprobado
37797988-IA300;2024-06-23;6;Aprobado
39224971-NEG400;2024-06-23;2;Desaprobado
42905002-MKT200;2024-06-23;3;Desaprobado
30700814-DAT101;2024-06-24;5;Aprobado
32150912-GEN101;2024-06-24;8;Aprobado
32264676-DEV101;2024-06-24;6;Aprobado
32272850-UX100;2024-06-24;3;Desaprobado
37454570-DAT201;2024-06-24;2;Desaprobado
38038154-UX100;2024-06-24;8;Aprobado
39341417-NEG400;2024-06-24;9;Aprobado
40051802-IA300;2024-06-24;9;Aprobado
41109574-UX100;2024-06-24;4;Aprobado
30252475-GEN101;2024-06-25;8;Aprobado
32134822-NEG400;2024-06-25;7;Aprobado
32800317-GEN101;2024-06-25;4;Aprobado
35524090-DAT201;2024-06-25;1;Desaprobado
37915491-IA300;2024-06-25;6;Aprobado
38406894-DAT201;2024-06-25;8;Aprobado
43023911-UX100;2024-06-25;10;Aprobado
31187731-IA300;2024-06-26;7;Aprobado
31621161-DEV101;2024-06-26;10;Aprobado
32349994-MKT200;2024-06-26;3;Desaprobado
33025091-DAT201;2024-06-26;10;Aprobado
33109769-IA300;2024-06-26;8;Aprobado
35569822-MKT200;2024-06-26;8;Aprobado
39605597-UX100;2024-06-26;4;Aprobado
39679193-MKT200;2024-06-26;5;Aprobado
40220174-DEV101;2024-06-26;4;Aprobado
42011137-DAT201;2024-06-26;4;Aprobado
43496917-IA300;2024-06-26;5;Aprobado
30300658-DAT201;2024-06-27;3;Desaprobado
30974929-MKT200;2024-06-27;10;Aprobado
32150912-GEN101;2024-06-27;3;Desaprobado
33753511-IA300;2024-06-27;6;Aprobado
34011987-MKT200;2024-06-27;4;Aprobado
35325959-IA300;2024-06-27;1;Desaprobado
36016561-DEV101;2024-06-27;7;Aprobado
37706458-DAT201;2024-06-27;7;Aprobado
39386861-DEV101;2024-06-27;3;Desaprobado
40863182-DEV101;2024-06-27;10;Aprobado
44661890-MKT200;2024-06-27;5;Aprobado
38223982-DAT101;2024-06-28;5;Aprobado
38370600-DAT101;2024-06-28;6;Aprobado
39921380-DAT201;2024-06-28;2;Desaprobado
44427813-DAT101;2024-06-28;5;Aprobado
44594931-DAT201;2024-06-28;9;Aprobado
45507315-UX100;2024-06-28;5;Aprobado
31065119-NEG400;2024-06-29;8;Aprobado
32902968-DAT201;2024-06-29;10;Aprobado
33225144-DAT201;2024-06-29;1;Desaprobado
36462635-MKT200;2024-06-29;9;Aprobado
38789605-DAT201;2024-06-29;3;Desaprobado
41182374-NEG400;2024-06-29;3;Desaprobado
42221418-DEV101;2024-06-29;6;Aprobado
42863827-GEN101;2024-06-29;6;Aprobado
44142004-GEN101;2024-06-29;1;Desaprobado
31356012-DAT101;2024-06-30;9;Aprobado
32487000-MKT200;2024-06-30;5;Aprobado
35316729-UX100;2024-06-30;7;Aprobado
36629400-GEN101;2024-06-30;5;Aprobado
37179608-MKT200;2024-06-30;5;Aprobado
37935165-DAT101;2024-06-30;6;Aprobado
42168576-DEV101;2024-06-30;3;Desaprobado
42763799-IA300;2024-06-30;4;Aprobado
42954368-MKT200;2024-06-30;8;Aprobado
43625205-DEV101;2024-06-30;2;Desaprobado
43948943-MKT200;2024-06-30;6;Aprobado
31593963-UX100;2024-07-01;5;Aprobado
34715773-DAT201;2024-07-01;1;Desaprobado
36083652-UX100;2024-07-01;3;Desaprobado
37665322-DAT101;2024-07-01;10;Aprobado
40776019-DEV101;2024-07-01;2;Desaprobado
32474711-MKT200;2024-07-02;6;Aprobado
34033433-IA300;2024-07-02;2;Desaprobado
34166651-NEG400;2024-07-02;4;Aprobado
34457031-IA300;2024-07-02;7;Aprobado
34761805-NEG400;2024-07-02;7;Aprobado
36158336-NEG400;2024-07-02;1;Desaprobado
36629400-MKT200;2024-07-02;8;Aprobado
36953747-IA300;2024-07-02;5;Aprobado
37123255-NEG400;2024-07-02;4;Aprobado
38290265-IA300;2024-07-02;5;Aprobado
40513724-DEV101;2024-07-02;4;Aprobado
42928321-DEV101;2024-07-02;3;Desaprobado
44831598-UX100;2024-07-02;9;Aprobado
30642032-NEG400;2024-07-03;5;Aprobado
34554870-GEN101;2024-07-03;7;Aprobado
39724445-IA300;2024-07-03;9;Aprobado
39839138-DAT201;2024-07-03;1;Desaprobado
44084939-IA300;2024-07-03;5;Aprobado
44726844-NEG400;2024-07-03;1;Desaprobado
32247069-GEN101;2024-07-04;10;Aprobado
34529542-UX100;2024-07-04;9;Aprobado
36501353-MKT200;2024-07-04;1;Desaprobado
37329041-UX100;2024-07-04;7;Aprobado
37550168-IA300;2024-07-04;5;Aprobado
40214433-DAT101;2024-07-04;2;Desaprobado
41503023-DAT101;2024-07-04;7;Aprobado
43956427-MKT200;2024-07-04;5;Aprobado
30261560-NEG400;2024-07-05;8;Aprobado
36821499-DAT201;2024-07-05;7;Aprobado
37678418-IA300;2024-07-05;2;Desaprobado
37706458-GEN101;2024-07-05;9;Aprobado
40860494-UX100;2024-07-05;4;Aprobado
44263113-IA300;2024-07-05;6;Aprobado
45140374-UX100;2024-07-05;2;Desaprobado
31896700-UX100;2024-07-06;6;Aprobado
32712408-DAT101;2024-07-06;9;Aprobado
36456678-NEG400;2024-07-06;3;Desaprobado
36985322-IA300;2024-07-06;8;Aprobado
39479461-GEN101;2024-07-06;7;Aprobado
40237965-UX100;2024-07-06;1;Desaprobado
40913314-GEN101;2024-07-06;5;Aprobado
43394175-DAT101;2024-07-06;3;Desaprobado
44047485-DAT101;2024-07-06;3;Desaprobado
32357600-DEV101;2024-07-07;9;Aprobado
36629400-GEN101;2024-07-07;1;Desaprobado
39099433-NEG400;2024-07-07;7;Aprobado
39129106-NEG400;2024-07-07;4;Aprobado
39263332-UX100;2024-07-07;1;Desaprobado
39632675-DEV101;2024-07-07;5;Aprobado
39875233-IA300;2024-07-07;10;Aprobado
40105729-DAT101;2024-07-07;7;Aprobado
42760731-NEG400;2024-07-07;5;Aprobado
42849061-DAT101;2024-07-07;1;Desaprobado
31271467-IA300;2024-07-08;2;Desaprobado
33838303-MKT200;2024-07-08;2;Desaprobado
33857648-DAT101;2024-07-08;6;Aprobado
35213115-DAT101;2024-07-08;1;Desaprobado
38072230-MKT200;2024-07-08;7;Aprobado
41813295-DAT201;2024-07-08;4;Aprobado
44555423-MKT200;2024-07-08;1;Desaprobado
30815585-IA300;2024-07-09;1;Desaprobado
37222211-UX100;2024-07-09;1;Desaprobado
37642410-DEV101;2024-07-09;1;Desaprobado
38480744-DAT201;2024-07-09;2;Desaprobado
38941014-MKT200;2024-07-09;10;Aprobado
42799422-MKT200;2024-07-09;10;Aprobado
32272850-DAT101;2024-07-10;1;Desaprobado
35420584-DAT201;2024-07-10;7;Aprobado
35625713-GEN101;2024-07-10;9;Aprobado
36322281-IA300;2024-07-10;10;Aprobado
36985322-MKT200;2024-07-10;7;Aprobado
42630421-DAT101;2024-07-10;6;Aprobado
43554211-GEN101;2024-07-10;6;Aprobado
44047721-UX100;2024-07-10;3;Desaprobado
44370456-UX100;2024-07-10;8;Aprobado
31165911-NEG400;2024-07-11;9;Aprobado
35111521-DAT101;2024-07-11;2;Desaprobado
36128228-DAT101;2024-07-11;2;Desaprobado
37284939-GEN101;2024-07-11;9;Aprobado
39371126-DEV101;2024-07-11;3;Desaprobado
39881121-UX100;2024-07-11;9;Aprobado
41788868-MKT200;2024-07-11;9;Aprobado
42679506-GEN101;2024-07-11;9;Aprobado
43010564-NEG400;2024-07-11;9;Aprobado
44508081-DEV101;2024-07-11;6;Aprobado
30445520-DAT201;2024-07-12;5;Aprobado
37239130-NEG400;2024-07-12;8;Aprobado
40348880-UX100;2024-07-12;9;Aprobado
44059778-DAT101;2024-07-12;7;Aprobado
44886400-NEG400;2024-07-12;6;Aprobado
45507315-UX100;2024-07-12;7;Aprobado
31636346-DEV101;2024-07-13;4;Aprobado
34161904-DAT101;2024-07-13;7;Aprobado
36050675-GEN101;2024-07-13;10;Aprobado
36470833-DAT101;2024-07-13;10;Aprobado
36470833-MKT200;2024-07-13;5;Aprobado
44094966-DAT201;2024-07-13;9;Aprobado
45561312-DAT201;2024-07-13;1;Desaprobado
30246491-DAT101;2024-07-14;6;Aprobado
30642032-DEV101;2024-07-14;7;Aprobado
34161904-GEN101;2024-07-14;7;Aprobado
34666804-GEN101;2024-07-14;10;Aprobado
35895932-DAT201;2024-07-14;6;Aprobado
36163868-DAT101;2024-07-14;7;Aprobado
36461761-NEG400;2024-07-14;3;Desaprobado
36514666-GEN101;2024-07-14;3;Desaprobado
37915491-IA300;2024-07-14;7;Aprobado
38221990-DAT201;2024-07-14;1;Desaprobado
42740444-GEN101;2024-07-14;2;Desaprobado
43991901-DEV101;2024-07-14;3;Desaprobado
44753132-UX100;2024-07-14;2;Desaprobado
33033916-GEN101;2024-07-15;1;Desaprobado
36948669-IA300;2024-07-15;1;Desaprobado
41402719-UX100;2024-07-15;8;Aprobado
43736953-MKT200;2024-07-15;9;Aprobado
37337493-UX100;2024-07-16;3;Desaprobado
38749521-UX100;2024-07-16;3;Desaprobado
43771658-GEN101;2024-07-16;6;Aprobado
44778294-GEN101;2024-07-16;2;Desaprobado
45931150-DEV101;2024-07-16;10;Aprobado
30058812-DEV101;2024-07-17;4;Aprobado
33567445-GEN101;2024-07-17;3;Desaprobado
34998039-DAT101;2024-07-17;4;Aprobado
35648819-IA300;2024-07-17;9;Aprobado
36935055-UX100;2024-07-17;7;Aprobado
39001607-GEN101;2024-07-17;2;Desaprobado
39632675-DAT101;2024-07-17;8;Aprobado
39718327-DAT201;2024-07-17;3;Desaprobado
41119537-DAT201;2024-07-17;1;Desaprobado
43695277-GEN101;2024-07-17;7;Aprobado
30279612-DAT101;2024-07-18;8;Aprobado
30506093-GEN101;2024-07-18;2;Desaprobado
32449620-UX100;2024-07-18;4;Aprobado
32540190-UX100;2024-07-18;1;Desaprobado
36031653-DAT201;2024-07-18;2;Desaprobado
37242370-DAT201;2024-07-18;7;Aprobado
38353339-GEN101;2024-07-18;5;Aprobado
41291663-DAT201;2024-07-18;2;Desaprobado
41330737-UX100;2024-07-18;4;Aprobado
43010564-GEN101;2024-07-18;7;Aprobado
43773004-DAT101;2024-07-18;6;Aprobado
32686293-GEN101;2024-07-19;7;Aprobado
33076159-IA300;2024-07-19;2;Desaprobado
33493292-DEV101;2024-07-19;6;Aprobado
34554550-IA300;2024-07-19;2;Desaprobado
36892131-DAT101;2024-07-19;4;Aprobado
36907787-DEV101;2024-07-19;8;Aprobado
37123255-MKT200;2024-07-19;8;Aprobado
39881121-IA300;2024-07-19;8;Aprobado
40775474-UX100;2024-07-19;8;Aprobado
41017872-IA300;2024-07-19;5;Aprobado
41112892-IA300;2024-07-19;7;Aprobado
41788868-IA300;2024-07-19;5;Aprobado
41866022-DEV101;2024-07-19;7;Aprobado
43105183-DEV101;2024-07-19;9;Aprobado
30197508-UX100;2024-07-20;3;Desaprobado
30926558-DEV101;2024-07-20;4;Aprobado
34146531-IA300;2024-07-20;2;Desaprobado
35325959-DEV101;2024-07-20;4;Aprobado
35915600-NEG400;2024-07-20;5;Aprobado
36651921-IA300;2024-07-20;9;Aprobado
38917148-DAT201;2024-07-20;3;Desaprobado
42179672-UX100;2024-07-20;3;Desaprobado
43710760-NEG400;2024-07-20;1;Desaprobado
45419935-DAT101;2024-07-20;4;Aprobado
45948143-MKT200;2024-07-20;10;Aprobado
30058812-DAT201;2024-07-21;9;Aprobado
30367578-UX100;2024-07-21;1;Desaprobado
31388447-IA300;2024-07-21;9;Aprobado
31731791-IA300;2024-07-21;4;Aprobado
34485777-GEN101;2024-07-21;4;Aprobado
37442207-DEV101;2024-07-21;6;Aprobado
41437572-UX100;2024-07-21;9;Aprobado
41943395-DEV101;2024-07-21;7;Aprobado
43888324-DAT101;2024-07-21;8;Aprobado
32902968-MKT200;2024-07-22;4;Aprobado
40746517-GEN101;2024-07-22;5;Aprobado
41575887-GEN101;2024-07-22;3;Desaprobado
43198246-DAT101;2024-07-22;8;Aprobado
43496917-UX100;2024-07-22;4;Aprobado
43864775-NEG400;2024-07-22;6;Aprobado
44370456-UX100;2024-07-22;10;Aprobado
44927685-DAT201;2024-07-22;8;Aprobado
30616294-DAT201;2024-07-23;1;Desaprobado
32151606-DAT201;2024-07-23;9;Aprobado
33619676-DEV101;2024-07-23;5;Aprobado
34635361-DAT101;2024-07-23;3;Desaprobado
35501443-DAT101;2024-07-23;6;Aprobado
37242370-DAT201;2024-07-23;6;Aprobado
37949128-DAT101;2024-07-23;6;Aprobado
43625205-DAT101;2024-07-23;2;Desaprobado
31800702-NEG400;2024-07-24;2;Desaprobado
34636803-IA300;2024-07-24;3;Desaprobado
34801591-GEN101;2024-07-24;10;Aprobado
36839899-IA300;2024-07-24;5;Aprobado
39041016-IA300;2024-07-24;7;Aprobado
39110609-DEV101;2024-07-24;9;Aprobado
44142004-GEN101;2024-07-24;7;Aprobado
44358674-DAT201;2024-07-24;10;Aprobado
31835198-DAT101;2024-07-25;3;Desaprobado
33722791-DEV101;2024-07-25;7;Aprobado
34365303-DAT201;2024-07-25;10;Aprobado
36907787-GEN101;2024-07-25;5;Aprobado
37332897-MKT200;2024-07-25;10;Aprobado
42473169-IA300;2024-07-25;8;Aprobado
44370456-MKT200;2024-07-25;9;Aprobado
45341305-UX100;2024-07-25;6;Aprobado
33025091-IA300;2024-07-26;6;Aprobado
36380821-DAT201;2024-07-26;6;Aprobado
39540425-DAT201;2024-07-26;4;Aprobado
40775474-IA300;2024-07-26;8;Aprobado
42863827-MKT200;2024-07-26;4;Aprobado
43043273-UX100;2024-07-26;6;Aprobado
43978117-GEN101;2024-07-26;9;Aprobado
31763113-GEN101;2024-07-27;10;Aprobado
35188238-NEG400;2024-07-27;8;Aprobado
35589315-DAT201;2024-07-27;9;Aprobado
36251602-UX100;2024-07-27;5;Aprobado
36380821-NEG400;2024-07-27;3;Desaprobado
38156702-IA300;2024-07-27;4;Aprobado
32443281-DAT101;2024-07-28;10;Aprobado
32682238-NEG400;2024-07-28;10;Aprobado
34844319-UX100;2024-07-28;4;Aprobado
36279807-DAT101;2024-07-28;8;Aprobado
39777873-IA300;2024-07-28;1;Desaprobado
41177146-DAT201;2024-07-28;3;Desaprobado
41726756-UX100;2024-07-28;7;Aprobado
42208457-MKT200;2024-07-28;10;Aprobado
43043273-DAT101;2024-07-28;3;Desaprobado
31834919-IA300;2024-07-29;9;Aprobado
31888081-DEV101;2024-07-29;4;Aprobado
32143636-NEG400;2024-07-29;8;Aprobado
32474711-GEN101;2024-07-29;1;Desaprobado
34027014-NEG400;2024-07-29;10;Aprobado
35412606-IA300;2024-07-29;5;Aprobado
35944501-NEG400;2024-07-29;1;Desaprobado
36326296-DEV101;2024-07-29;3;Desaprobado
37223015-MKT200;2024-07-29;10;Aprobado
38282799-NEG400;2024-07-29;2;Desaprobado
41249420-DAT201;2024-07-29;3;Desaprobado
43220086-DAT101;2024-07-29;10;Aprobado
43312078-DAT101;2024-07-29;6;Aprobado
43914297-DEV101;2024-07-29;7;Aprobado
45426946-DEV101;2024-07-29;5;Aprobado
45788790-IA300;2024-07-29;3;Desaprobado
30367040-IA300;2024-07-30;10;Aprobado
32108091-GEN101;2024-07-30;9;Aprobado
35281520-NEG400;2024-07-30;3;Desaprobado
41333709-DAT101;2024-07-30;6;Aprobado
41754338-IA300;2024-07-30;9;Aprobado
44113409-IA300;2024-07-30;7;Aprobado
31725100-NEG400;2024-07-31;3;Desaprobado
34529542-IA300;2024-07-31;7;Aprobado
34704174-DEV101;2024-07-31;2;Desaprobado
35155914-MKT200;2024-07-31;6;Aprobado
36057182-DAT101;2024-07-31;9;Aprobado
36615209-GEN101;2024-07-31;6;Aprobado
38140531-DAT201;2024-07-31;2;Desaprobado
41297634-GEN101;2024-07-31;3;Desaprobado
41503023-UX100;2024-07-31;10;Aprobado
30530462-GEN101;2024-08-01;10;Aprobado
31036656-DAT201;2024-08-01;7;Aprobado
33247205-UX100;2024-08-01;7;Aprobado
33885760-UX100;2024-08-01;7;Aprobado
34704174-IA300;2024-08-01;10;Aprobado
35589315-DEV101;2024-08-01;9;Aprobado
38129607-MKT200;2024-08-01;9;Aprobado
39877132-DAT101;2024-08-01;10;Aprobado
44513749-NEG400;2024-08-01;6;Aprobado
44713441-GEN101;2024-08-01;10;Aprobado
45826183-DEV101;2024-08-01;8;Aprobado
45840080-GEN101;2024-08-01;2;Desaprobado
30398761-IA300;2024-08-02;6;Aprobado
30757580-NEG400;2024-08-02;8;Aprobado
31730247-NEG400;2024-08-02;9;Aprobado
31922848-DAT101;2024-08-02;2;Desaprobado
31922848-DEV101;2024-08-02;5;Aprobado
32259990-MKT200;2024-08-02;9;Aprobado
33730688-IA300;2024-08-02;7;Aprobado
35345987-DAT101;2024-08-02;9;Aprobado
36005534-UX100;2024-08-02;1;Desaprobado
44341695-UX100;2024-08-02;2;Desaprobado
45130131-MKT200;2024-08-02;5;Aprobado
45385368-DEV101;2024-08-02;3;Desaprobado
34617592-NEG400;2024-08-03;2;Desaprobado
34864189-DEV101;2024-08-03;4;Aprobado
36727365-DAT201;2024-08-03;7;Aprobado
38406894-IA300;2024-08-03;8;Aprobado
39041016-DAT201;2024-08-03;3;Desaprobado
39924190-DAT201;2024-08-03;9;Aprobado
33112320-NEG400;2024-08-04;5;Aprobado
34567608-DAT101;2024-08-04;4;Aprobado
38632250-NEG400;2024-08-04;1;Desaprobado
44775708-DAT201;2024-08-04;4;Aprobado
30642032-DAT201;2024-08-05;4;Aprobado
32412306-MKT200;2024-08-05;5;Aprobado
43671191-DAT101;2024-08-05;6;Aprobado
45038314-NEG400;2024-08-05;7;Aprobado
30961379-MKT200;2024-08-06;5;Aprobado
31922848-MKT200;2024-08-06;9;Aprobado
32150263-UX100;2024-08-06;7;Aprobado
32204161-MKT200;2024-08-06;3;Desaprobado
32540190-MKT200;2024-08-06;4;Aprobado
34758464-IA300;2024-08-06;5;Aprobado
38749521-MKT200;2024-08-06;3;Desaprobado
39563230-NEG400;2024-08-06;4;Aprobado
39921380-MKT200;2024-08-06;8;Aprobado
41258011-DEV101;2024-08-06;9;Aprobado
41291663-DAT101;2024-08-06;9;Aprobado
42321650-DAT101;2024-08-06;10;Aprobado
44775708-MKT200;2024-08-06;4;Aprobado
45245358-IA300;2024-08-06;3;Desaprobado
30098040-GEN101;2024-08-07;4;Aprobado
32902968-UX100;2024-08-07;3;Desaprobado
35565985-DAT201;2024-08-07;4;Aprobado
36821499-GEN101;2024-08-07;1;Desaprobado
42674907-MKT200;2024-08-07;8;Aprobado
42763799-GEN101;2024-08-07;10;Aprobado
43671191-UX100;2024-08-07;8;Aprobado
45181550-NEG400;2024-08-07;3;Desaprobado
30123333-NEG400;2024-08-08;3;Desaprobado
33293475-DAT101;2024-08-08;5;Aprobado
33753511-UX100;2024-08-08;9;Aprobado
33827674-DAT101;2024-08-08;5;Aprobado
37244102-DAT101;2024-08-08;4;Aprobado
37814684-DAT101;2024-08-08;6;Aprobado
38856423-MKT200;2024-08-08;10;Aprobado
39579403-GEN101;2024-08-08;5;Aprobado
43695277-NEG400;2024-08-08;10;Aprobado
30116169-GEN101;2024-08-09;6;Aprobado
30469731-DAT101;2024-08-09;5;Aprobado
33460388-DAT101;2024-08-09;5;Aprobado
41664468-IA300;2024-08-09;4;Aprobado
44144505-IA300;2024-08-09;10;Aprobado
44536877-NEG400;2024-08-09;7;Aprobado
45385368-IA300;2024-08-09;1;Desaprobado
45931150-MKT200;2024-08-09;2;Desaprobado
30117903-IA300;2024-08-10;10;Aprobado
31636346-DAT101;2024-08-10;8;Aprobado
32449620-MKT200;2024-08-10;5;Aprobado
34207249-UX100;2024-08-10;4;Aprobado
37155742-UX100;2024-08-10;2;Desaprobado
37478367-NEG400;2024-08-10;3;Desaprobado
37678418-GEN101;2024-08-10;6;Aprobado
39679193-DEV101;2024-08-10;9;Aprobado
41943395-UX100;2024-08-10;6;Aprobado
42132790-GEN101;2024-08-10;7;Aprobado
43867075-UX100;2024-08-10;2;Desaprobado
31554768-DEV101;2024-08-11;7;Aprobado
33619676-DAT101;2024-08-11;9;Aprobado
39842417-DEV101;2024-08-11;8;Aprobado
40578248-DEV101;2024-08-11;10;Aprobado
42242735-GEN101;2024-08-11;4;Aprobado
42781956-MKT200;2024-08-11;5;Aprobado
35589315-GEN101;2024-08-12;5;Aprobado
41268285-NEG400;2024-08-12;7;Aprobado
42590810-UX100;2024-08-12;5;Aprobado
42936217-UX100;2024-08-12;9;Aprobado
43942866-MKT200;2024-08-12;7;Aprobado
44144505-GEN101;2024-08-12;3;Desaprobado
31922848-GEN101;2024-08-13;8;Aprobado
33130984-MKT200;2024-08-13;10;Aprobado
33871049-DAT101;2024-08-13;9;Aprobado
36727365-MKT200;2024-08-13;1;Desaprobado
37495057-DEV101;2024-08-13;1;Desaprobado
37678418-DAT201;2024-08-13;2;Desaprobado
39341417-DEV101;2024-08-13;6;Aprobado
40840726-NEG400;2024-08-13;3;Desaprobado
43539600-MKT200;2024-08-13;6;Aprobado
44775708-NEG400;2024-08-13;2;Desaprobado
45417967-MKT200;2024-08-13;5;Aprobado
31921360-MKT200;2024-08-14;3;Desaprobado
35552454-DAT101;2024-08-14;1;Desaprobado
36890268-DAT101;2024-08-14;9;Aprobado
37244102-NEG400;2024-08-14;3;Desaprobado
41734135-DAT201;2024-08-14;3;Desaprobado
42693185-UX100;2024-08-14;3;Desaprobado
34070539-MKT200;2024-08-15;10;Aprobado
35023742-GEN101;2024-08-15;7;Aprobado
35953678-DEV101;2024-08-15;7;Aprobado
36296794-GEN101;2024-08-15;2;Desaprobado
36907787-IA300;2024-08-15;4;Aprobado
39157120-UX100;2024-08-15;10;Aprobado
43110444-IA300;2024-08-15;6;Aprobado
45842940-IA300;2024-08-15;7;Aprobado
30055060-DAT201;2024-08-16;5;Aprobado
36236123-DAT101;2024-08-16;2;Desaprobado
37495057-MKT200;2024-08-16;3;Desaprobado
39579403-MKT200;2024-08-16;9;Aprobado
40132599-GEN101;2024-08-16;1;Desaprobado
44506499-DEV101;2024-08-16;1;Desaprobado
45383156-GEN101;2024-08-16;8;Aprobado
30941372-DEV101;2024-08-17;7;Aprobado
31295512-MKT200;2024-08-17;5;Aprobado
42706367-GEN101;2024-08-17;7;Aprobado
44141804-MKT200;2024-08-17;1;Desaprobado
44513749-MKT200;2024-08-17;10;Aprobado
45850941-IA300;2024-08-17;3;Desaprobado
33049597-MKT200;2024-08-18;6;Aprobado
33678309-DEV101;2024-08-18;5;Aprobado
35842163-UX100;2024-08-18;1;Desaprobado
38406894-DAT101;2024-08-18;6;Aprobado
38406935-DAT101;2024-08-18;3;Desaprobado
39684246-IA300;2024-08-18;8;Aprobado
44228213-DAT101;2024-08-18;5;Aprobado
31451368-DEV101;2024-08-19;3;Desaprobado
33049597-MKT200;2024-08-19;7;Aprobado
35345987-DAT201;2024-08-19;9;Aprobado
35388639-GEN101;2024-08-19;2;Desaprobado
41824986-GEN101;2024-08-19;2;Desaprobado
42810923-UX100;2024-08-19;9;Aprobado
43350438-DEV101;2024-08-19;2;Desaprobado
43362081-DEV101;2024-08-19;9;Aprobado
43799230-DAT101;2024-08-19;4;Aprobado
45170433-DEV101;2024-08-19;4;Aprobado
45970742-NEG400;2024-08-19;9;Aprobado
30985783-MKT200;2024-08-20;2;Desaprobado
33338311-DAT101;2024-08-20;5;Aprobado
37031483-GEN101;2024-08-20;4;Aprobado
37275248-IA300;2024-08-20;2;Desaprobado
38290123-DAT101;2024-08-20;8;Aprobado
38325772-GEN101;2024-08-20;10;Aprobado
40665974-DAT201;2024-08-20;4;Aprobado
40701939-UX100;2024-08-20;1;Desaprobado
41765198-MKT200;2024-08-20;10;Aprobado
42411250-DAT201;2024-08-20;5;Aprobado
42886191-DEV101;2024-08-20;10;Aprobado
44084939-DAT201;2024-08-20;4;Aprobado
33601032-DAT101;2024-08-21;2;Desaprobado
35605561-DEV101;2024-08-21;7;Aprobado
35891432-NEG400;2024-08-21;8;Aprobado
39264124-MKT200;2024-08-21;7;Aprobado
41258011-DEV101;2024-08-21;7;Aprobado
41333709-IA300;2024-08-21;1;Desaprobado
42024629-DEV101;2024-08-21;1;Desaprobado
43651742-GEN101;2024-08-21;10;Aprobado
45383156-UX100;2024-08-21;2;Desaprobado
32738313-DAT201;2024-08-22;3;Desaprobado
32991581-MKT200;2024-08-22;8;Aprobado
35196112-DEV101;2024-08-22;9;Aprobado
35278293-DEV101;2024-08-22;4;Aprobado
35297114-MKT200;2024-08-22;2;Desaprobado
35437650-NEG400;2024-08-22;7;Aprobado
36928006-IA300;2024-08-22;5;Aprobado
38526500-GEN101;2024-08-22;2;Desaprobado
40237965-MKT200;2024-08-22;7;Aprobado
40583085-GEN101;2024-08-22;1;Desaprobado
43529073-NEG400;2024-08-22;1;Desaprobado
44654293-MKT200;2024-08-22;7;Aprobado
30300658-UX100;2024-08-23;2;Desaprobado
31767975-DAT201;2024-08-23;1;Desaprobado
32991581-MKT200;2024-08-23;6;Aprobado
35111521-NEG400;2024-08-23;6;Aprobado
38072230-MKT200;2024-08-23;2;Desaprobado
39386440-DEV101;2024-08-23;4;Aprobado
41728313-GEN101;2024-08-23;2;Desaprobado
31554768-DAT101;2024-08-24;10;Aprobado
33693959-UX100;2024-08-24;1;Desaprobado
33964267-MKT200;2024-08-24;9;Aprobado
35196112-NEG400;2024-08-24;5;Aprobado
38811418-GEN101;2024-08-24;2;Desaprobado
40988877-GEN101;2024-08-24;2;Desaprobado
41485165-IA300;2024-08-24;1;Desaprobado
31399534-DAT101;2024-08-25;4;Aprobado
33988348-IA300;2024-08-25;7;Aprobado
34146531-UX100;2024-08-25;4;Aprobado
34198627-IA300;2024-08-25;3;Desaprobado
34446593-NEG400;2024-08-25;4;Aprobado
34687649-DEV101;2024-08-25;3;Desaprobado
35281520-DAT101;2024-08-25;9;Aprobado
36727365-IA300;2024-08-25;2;Desaprobado
37337493-UX100;2024-08-25;5;Aprobado
40496612-UX100;2024-08-25;4;Aprobado
45038314-IA300;2024-08-25;6;Aprobado
30088172-DAT101;2024-08-26;7;Aprobado
31017566-MKT200;2024-08-26;3;Desaprobado
36800218-GEN101;2024-08-26;3;Desaprobado
39479461-DAT201;2024-08-26;4;Aprobado
39500363-IA300;2024-08-26;10;Aprobado
40422549-DAT201;2024-08-26;8;Aprobado
40729905-MKT200;2024-08-26;3;Desaprobado
42699425-DAT201;2024-08-26;10;Aprobado
45746270-GEN101;2024-08-26;9;Aprobado
30367578-DAT201;2024-08-27;5;Aprobado
32692729-IA300;2024-08-27;9;Aprobado
37326359-DAT201;2024-08-27;1;Desaprobado
38290265-UX100;2024-08-27;8;Aprobado
38726954-UX100;2024-08-27;1;Desaprobado
41248088-DAT201;2024-08-27;9;Aprobado
43542005-UX100;2024-08-27;8;Aprobado
34250668-GEN101;2024-08-28;4;Aprobado
34864189-NEG400;2024-08-28;10;Aprobado
35242773-NEG400;2024-08-28;5;Aprobado
35654379-DEV101;2024-08-28;5;Aprobado
36906085-DEV101;2024-08-28;8;Aprobado
38689454-MKT200;2024-08-28;2;Desaprobado
38832034-GEN101;2024-08-28;3;Desaprobado
42810923-DAT101;2024-08-28;5;Aprobado
43948943-GEN101;2024-08-28;7;Aprobado
44436801-MKT200;2024-08-28;5;Aprobado
31102495-UX100;2024-08-29;3;Desaprobado
33043866-NEG400;2024-08-29;3;Desaprobado
36651921-DEV101;2024-08-29;8;Aprobado
39695033-GEN101;2024-08-29;8;Aprobado
40069107-DEV101;2024-08-29;3;Desaprobado
43727225-DEV101;2024-08-29;1;Desaprobado
43799230-UX100;2024-08-29;8;Aprobado
45130131-DAT101;2024-08-29;4;Aprobado
32556008-MKT200;2024-08-30;8;Aprobado
32864447-IA300;2024-08-30;2;Desaprobado
33828320-DEV101;2024-08-30;9;Aprobado
35155914-GEN101;2024-08-30;1;Desaprobado
39563230-NEG400;2024-08-30;7;Aprobado
30123333-UX100;2024-08-31;7;Aprobado
32152121-DEV101;2024-08-31;8;Aprobado
33544470-DAT101;2024-08-31;4;Aprobado
39314240-NEG400;2024-08-31;7;Aprobado
39515864-DAT101;2024-08-31;3;Desaprobado
40860494-NEG400;2024-08-31;7;Aprobado
43362081-GEN101;2024-08-31;9;Aprobado
43799230-IA300;2024-08-31;8;Aprobado
30735404-DEV101;2024-09-01;8;Aprobado
31271467-DEV101;2024-09-01;4;Aprobado
33133815-UX100;2024-09-01;4;Aprobado
33722791-DEV101;2024-09-01;10;Aprobado
38133728-IA300;2024-09-01;8;Aprobado
40348880-DAT201;2024-09-01;3;Desaprobado
31071888-GEN101;2024-09-02;8;Aprobado
31102495-MKT200;2024-09-02;4;Aprobado
34529542-DAT201;2024-09-02;5;Aprobado
35543489-IA300;2024-09-02;1;Desaprobado
36890268-NEG400;2024-09-02;8;Aprobado
38137274-NEG400;2024-09-02;8;Aprobado
39540425-UX100;2024-09-02;4;Aprobado
39641826-GEN101;2024-09-02;4;Aprobado
45427332-IA300;2024-09-02;8;Aprobado
45896651-DAT101;2024-09-02;9;Aprobado
30566758-MKT200;2024-09-03;8;Aprobado
32050515-DEV101;2024-09-03;8;Aprobado
33109769-DAT201;2024-09-03;8;Aprobado
34077479-DAT201;2024-09-03;7;Aprobado
35511517-GEN101;2024-09-03;6;Aprobado
35906862-DEV101;2024-09-03;3;Desaprobado
40132599-GEN101;2024-09-03;7;Aprobado
40306605-DEV101;2024-09-03;8;Aprobado
43394175-DEV101;2024-09-03;10;Aprobado
33429749-MKT200;2024-09-04;1;Desaprobado
35940256-MKT200;2024-09-04;1;Desaprobado
36948669-DAT201;2024-09-04;7;Aprobado
38717375-GEN101;2024-09-04;7;Aprobado
40840726-GEN101;2024-09-04;8;Aprobado
45055136-UX100;2024-09-04;6;Aprobado
30680437-MKT200;2024-09-05;8;Aprobado
38188233-UX100;2024-09-05;3;Desaprobado
40668065-DEV101;2024-09-05;7;Aprobado
41702335-DAT201;2024-09-05;2;Desaprobado
43663971-DAT101;2024-09-05;9;Aprobado
44516064-UX100;2024-09-05;5;Aprobado
31888081-NEG400;2024-09-06;7;Aprobado
32231628-UX100;2024-09-06;3;Desaprobado
36163868-GEN101;2024-09-06;6;Aprobado
36821499-NEG400;2024-09-06;4;Aprobado
38485886-DAT101;2024-09-06;8;Aprobado
41485165-DAT201;2024-09-06;10;Aprobado
41950086-MKT200;2024-09-06;9;Aprobado
45182848-IA300;2024-09-06;6;Aprobado
45544327-DAT201;2024-09-06;3;Desaprobado
30055060-DEV101;2024-09-07;7;Aprobado
30230499-GEN101;2024-09-07;2;Desaprobado
31594777-DAT101;2024-09-07;4;Aprobado
32673458-NEG400;2024-09-07;7;Aprobado
32682238-DEV101;2024-09-07;5;Aprobado
33423546-UX100;2024-09-07;9;Aprobado
34728997-NEG400;2024-09-07;4;Aprobado
41109574-DAT201;2024-09-07;1;Desaprobado
43956427-UX100;2024-09-07;7;Aprobado
44219639-GEN101;2024-09-07;1;Desaprobado
30117903-DAT201;2024-09-08;6;Aprobado
31834919-MKT200;2024-09-08;2;Desaprobado
32901887-DAT201;2024-09-08;8;Aprobado
36309794-DEV101;2024-09-08;9;Aprobado
36821499-NEG400;2024-09-08;1;Desaprobado
37239533-NEG400;2024-09-08;3;Desaprobado
38842716-DAT101;2024-09-08;7;Aprobado
43529073-DEV101;2024-09-08;9;Aprobado
43733466-NEG400;2024-09-08;4;Aprobado
30004548-DAT101;2024-09-09;9;Aprobado
31187731-NEG400;2024-09-09;4;Aprobado
32556008-GEN101;2024-09-09;5;Aprobado
33155313-NEG400;2024-09-09;8;Aprobado
34508314-IA300;2024-09-09;4;Aprobado
36520319-IA300;2024-09-09;1;Desaprobado
36907787-DAT201;2024-09-09;4;Aprobado
38081258-GEN101;2024-09-09;4;Aprobado
38726954-MKT200;2024-09-09;9;Aprobado
41268285-GEN101;2024-09-09;5;Aprobado
41310259-DEV101;2024-09-09;6;Aprobado
42082012-IA300;2024-09-09;9;Aprobado
43710760-DEV101;2024-09-09;7;Aprobado
44492899-DAT201;2024-09-09;2;Desaprobado
45692552-DAT201;2024-09-09;3;Desaprobado
32919443-DAT101;2024-09-10;10;Aprobado
33545850-DAT201;2024-09-10;8;Aprobado
34989772-GEN101;2024-09-10;10;Aprobado
36953747-DEV101;2024-09-10;7;Aprobado
38519723-UX100;2024-09-10;8;Aprobado
38928581-DAT201;2024-09-10;6;Aprobado
40156501-MKT200;2024-09-10;1;Desaprobado
41418439-DEV101;2024-09-10;7;Aprobado
36537106-DEV101;2024-09-11;5;Aprobado
37347578-DAT201;2024-09-11;2;Desaprobado
38434835-MKT200;2024-09-11;7;Aprobado
39268069-IA300;2024-09-11;7;Aprobado
40746517-MKT200;2024-09-11;1;Desaprobado
41008531-IA300;2024-09-11;10;Aprobado
42674907-GEN101;2024-09-11;7;Aprobado
43388966-DEV101;2024-09-11;5;Aprobado
43539600-GEN101;2024-09-11;3;Desaprobado
43978117-GEN101;2024-09-11;6;Aprobado
30367578-DEV101;2024-09-12;2;Desaprobado
31134185-DAT101;2024-09-12;2;Desaprobado
31777177-GEN101;2024-09-12;1;Desaprobado
32823541-UX100;2024-09-12;2;Desaprobado
33957369-GEN101;2024-09-12;9;Aprobado
34447081-DAT101;2024-09-12;1;Desaprobado
35031297-DEV101;2024-09-12;2;Desaprobado
38703238-GEN101;2024-09-12;2;Desaprobado
38703285-NEG400;2024-09-12;4;Aprobado
38856423-GEN101;2024-09-12;9;Aprobado
39110609-DAT201;2024-09-12;6;Aprobado
39463207-UX100;2024-09-12;2;Desaprobado
41453617-DAT201;2024-09-12;2;Desaprobado
43362081-DEV101;2024-09-12;10;Aprobado
43449566-UX100;2024-09-12;2;Desaprobado
43726508-DEV101;2024-09-12;7;Aprobado
44492899-UX100;2024-09-12;1;Desaprobado
44521824-MKT200;2024-09-12;3;Desaprobado
30116169-UX100;2024-09-13;2;Desaprobado
30996789-UX100;2024-09-13;2;Desaprobado
31692100-NEG400;2024-09-13;7;Aprobado
34641008-DAT101;2024-09-13;6;Aprobado
34731502-IA300;2024-09-13;7;Aprobado
40132599-DAT201;2024-09-13;8;Aprobado
41112892-UX100;2024-09-13;9;Aprobado
41252196-IA300;2024-09-13;4;Aprobado
43068884-DAT101;2024-09-13;1;Desaprobado
44084939-NEG400;2024-09-13;6;Aprobado
45091268-IA300;2024-09-13;9;Aprobado
31178906-NEG400;2024-09-14;6;Aprobado
31591629-DEV101;2024-09-14;1;Desaprobado
33957369-DEV101;2024-09-14;4;Aprobado
35579453-MKT200;2024-09-14;5;Aprobado
38027945-IA300;2024-09-14;1;Desaprobado
30365765-DEV101;2024-09-15;8;Aprobado
30772589-UX100;2024-09-15;7;Aprobado
32151241-MKT200;2024-09-15;10;Aprobado
33688099-GEN101;2024-09-15;7;Aprobado
35196112-GEN101;2024-09-15;3;Desaprobado
36251602-NEG400;2024-09-15;7;Aprobado
38481398-DEV101;2024-09-15;10;Aprobado
39208663-DEV101;2024-09-15;3;Desaprobado
41915923-IA300;2024-09-15;4;Aprobado
41950086-DAT201;2024-09-15;4;Aprobado
45532881-IA300;2024-09-15;7;Aprobado
45826183-GEN101;2024-09-15;2;Desaprobado
30106929-DAT201;2024-09-16;4;Aprobado
30116169-IA300;2024-09-16;8;Aprobado
32838454-DAT101;2024-09-16;1;Desaprobado
32875207-NEG400;2024-09-16;8;Aprobado
33506985-DAT101;2024-09-16;10;Aprobado
37244102-UX100;2024-09-16;9;Aprobado
39696052-DAT101;2024-09-16;4;Aprobado
41310259-DAT201;2024-09-16;6;Aprobado
41660538-IA300;2024-09-16;10;Aprobado
42026432-GEN101;2024-09-16;7;Aprobado
42740444-DAT101;2024-09-16;6;Aprobado
43394175-IA300;2024-09-16;5;Aprobado
44289991-DEV101;2024-09-16;6;Aprobado
45878884-UX100;2024-09-16;8;Aprobado
30117903-DEV101;2024-09-17;2;Desaprobado
33506985-GEN101;2024-09-17;8;Aprobado
33696189-GEN101;2024-09-17;1;Desaprobado
35961291-NEG400;2024-09-17;1;Desaprobado
40583085-DAT201;2024-09-17;7;Aprobado
42555362-DAT101;2024-09-17;4;Aprobado
43771658-DEV101;2024-09-17;1;Desaprobado
31695622-NEG400;2024-09-18;1;Desaprobado
32151606-IA300;2024-09-18;5;Aprobado
34081471-NEG400;2024-09-18;3;Desaprobado
35906862-NEG400;2024-09-18;2;Desaprobado
35915416-DAT101;2024-09-18;3;Desaprobado
36847519-DAT101;2024-09-18;3;Desaprobado
38353339-DAT101;2024-09-18;2;Desaprobado
40701939-IA300;2024-09-18;5;Aprobado
42740444-DEV101;2024-09-18;5;Aprobado
45844538-MKT200;2024-09-18;2;Desaprobado
30609077-GEN101;2024-09-19;4;Aprobado
30763126-DAT201;2024-09-19;4;Aprobado
35449166-NEG400;2024-09-19;3;Desaprobado
40421216-DAT101;2024-09-19;7;Aprobado
40422549-MKT200;2024-09-19;3;Desaprobado
41788868-DAT201;2024-09-19;5;Aprobado
43810640-MKT200;2024-09-19;2;Desaprobado
31366271-IA300;2024-09-20;7;Aprobado
33567445-NEG400;2024-09-20;9;Aprobado
33878037-IA300;2024-09-20;2;Desaprobado
34485777-GEN101;2024-09-20;7;Aprobado
37083223-IA300;2024-09-20;5;Aprobado
38567788-UX100;2024-09-20;5;Aprobado
39749714-MKT200;2024-09-20;6;Aprobado
41258011-DAT101;2024-09-20;5;Aprobado
41437572-GEN101;2024-09-20;4;Aprobado
45427332-MKT200;2024-09-20;9;Aprobado
45544327-DAT101;2024-09-20;1;Desaprobado
31704019-UX100;2024-09-21;4;Aprobado
39571770-GEN101;2024-09-21;7;Aprobado
41594052-MKT200;2024-09-21;10;Aprobado
43625205-GEN101;2024-09-21;3;Desaprobado
43727225-UX100;2024-09-21;6;Aprobado
43978117-MKT200;2024-09-21;5;Aprobado
44502106-UX100;2024-09-21;5;Aprobado
44617524-GEN101;2024-09-21;3;Desaprobado
33081027-DAT201;2024-09-22;6;Aprobado
36514666-DAT101;2024-09-22;5;Aprobado
38717375-IA300;2024-09-22;1;Desaprobado
40764881-IA300;2024-09-22;3;Desaprobado
41003214-NEG400;2024-09-22;10;Aprobado
41402719-DAT101;2024-09-22;2;Desaprobado
41664468-UX100;2024-09-22;7;Aprobado
45303367-MKT200;2024-09-22;6;Aprobado
45666370-UX100;2024-09-22;7;Aprobado
30642032-MKT200;2024-09-23;4;Aprobado
30966401-UX100;2024-09-23;9;Aprobado
32697331-NEG400;2024-09-23;8;Aprobado
33506985-GEN101;2024-09-23;7;Aprobado
33883514-MKT200;2024-09-23;5;Aprobado
34452113-DAT101;2024-09-23;7;Aprobado
35517472-IA300;2024-09-23;2;Desaprobado
35854507-DAT101;2024-09-23;7;Aprobado
38072230-UX100;2024-09-23;9;Aprobado
40421216-DEV101;2024-09-23;4;Aprobado
41726756-NEG400;2024-09-23;10;Aprobado
41788868-GEN101;2024-09-23;6;Aprobado
44513749-DAT201;2024-09-23;9;Aprobado
45170433-IA300;2024-09-23;5;Aprobado
45341622-NEG400;2024-09-23;6;Aprobado
43777501-IA300;2024-09-24;2;Desaprobado
45850941-NEG400;2024-09-24;6;Aprobado
32096884-DEV101;2024-09-25;4;Aprobado
32830740-IA300;2024-09-25;4;Aprobado
33158030-MKT200;2024-09-25;4;Aprobado
35409911-UX100;2024-09-25;10;Aprobado
36163868-DAT101;2024-09-25;6;Aprobado
40214433-GEN101;2024-09-25;8;Aprobado
41252196-MKT200;2024-09-25;6;Aprobado
41332008-DAT101;2024-09-25;6;Aprobado
43978117-MKT200;2024-09-25;10;Aprobado
44513749-DAT201;2024-09-25;1;Desaprobado
44946319-MKT200;2024-09-25;9;Aprobado
31071888-IA300;2024-09-26;6;Aprobado
34452113-NEG400;2024-09-26;5;Aprobado
35409911-NEG400;2024-09-26;1;Desaprobado
35792864-DAT201;2024-09-26;4;Aprobado
35904105-DEV101;2024-09-26;7;Aprobado
36161620-DAT201;2024-09-26;10;Aprobado
37149339-UX100;2024-09-26;5;Aprobado
37239130-UX100;2024-09-26;2;Desaprobado
39696052-DEV101;2024-09-26;2;Desaprobado
41240321-GEN101;2024-09-26;2;Desaprobado
31562479-MKT200;2024-09-27;4;Aprobado
33423546-DAT201;2024-09-27;5;Aprobado
35944501-UX100;2024-09-27;1;Desaprobado
37332897-DAT201;2024-09-27;10;Aprobado
38657054-DEV101;2024-09-27;9;Aprobado
40764881-MKT200;2024-09-27;10;Aprobado
33293475-DAT101;2024-09-28;9;Aprobado
34850065-DEV101;2024-09-28;8;Aprobado
35891432-DEV101;2024-09-28;7;Aprobado
35953678-MKT200;2024-09-28;10;Aprobado
42706367-DEV101;2024-09-28;5;Aprobado
44228213-DAT101;2024-09-28;7;Aprobado
31262811-MKT200;2024-09-29;3;Desaprobado
31500794-UX100;2024-09-29;6;Aprobado
33488611-DEV101;2024-09-29;6;Aprobado
33822169-GEN101;2024-09-29;2;Desaprobado
38282799-UX100;2024-09-29;4;Aprobado
38406894-UX100;2024-09-29;2;Desaprobado
41092656-GEN101;2024-09-29;8;Aprobado
44492899-DEV101;2024-09-29;3;Desaprobado
45685363-UX100;2024-09-29;8;Aprobado
30506093-NEG400;2024-09-30;2;Desaprobado
31305554-IA300;2024-09-30;7;Aprobado
31668253-DEV101;2024-09-30;4;Aprobado
31800702-GEN101;2024-09-30;1;Desaprobado
32284080-DAT101;2024-09-30;2;Desaprobado
33212131-DEV101;2024-09-30;7;Aprobado
35690393-DAT101;2024-09-30;6;Aprobado
35718936-MKT200;2024-09-30;1;Desaprobado
40980648-DAT101;2024-09-30;8;Aprobado
43970719-DAT101;2024-09-30;4;Aprobado
31379964-IA300;2024-10-01;5;Aprobado
32152121-UX100;2024-10-01;7;Aprobado
32486624-GEN101;2024-10-01;6;Aprobado
36702199-GEN101;2024-10-01;8;Aprobado
38325772-IA300;2024-10-01;10;Aprobado
38519723-NEG400;2024-10-01;1;Desaprobado
41109574-MKT200;2024-10-01;7;Aprobado
41886872-NEG400;2024-10-01;3;Desaprobado
42677307-DAT201;2024-10-01;9;Aprobado
32369229-MKT200;2024-10-02;2;Desaprobado
34839561-MKT200;2024-10-02;10;Aprobado
35449166-DAT201;2024-10-02;8;Aprobado
36867908-NEG400;2024-10-02;10;Aprobado
36906085-MKT200;2024-10-02;1;Desaprobado
37665322-UX100;2024-10-02;3;Desaprobado
37749075-NEG400;2024-10-02;3;Desaprobado
39386440-UX100;2024-10-02;2;Desaprobado
40306605-DAT201;2024-10-02;7;Aprobado
41077276-NEG400;2024-10-02;10;Aprobado
41212075-UX100;2024-10-02;2;Desaprobado
41511282-DAT201;2024-10-02;4;Aprobado
41664468-MKT200;2024-10-02;8;Aprobado
44419194-NEG400;2024-10-02;2;Desaprobado
45788790-DAT101;2024-10-02;3;Desaprobado
31162466-DAT101;2024-10-03;7;Aprobado
32151606-UX100;2024-10-03;10;Aprobado
33665133-GEN101;2024-10-03;4;Aprobado
34998039-NEG400;2024-10-03;8;Aprobado
35552454-DAT101;2024-10-03;1;Desaprobado
39038900-UX100;2024-10-03;4;Aprobado
43447193-MKT200;2024-10-03;9;Aprobado
44898507-DAT101;2024-10-03;4;Aprobado
45941376-UX100;2024-10-03;3;Desaprobado
32099618-GEN101;2024-10-04;5;Aprobado
33883514-IA300;2024-10-04;7;Aprobado
37216255-MKT200;2024-10-04;8;Aprobado
38446695-UX100;2024-10-04;9;Aprobado
40988877-DEV101;2024-10-04;1;Desaprobado
45256650-UX100;2024-10-04;2;Desaprobado
34209869-DEV101;2024-10-05;10;Aprobado
34218122-UX100;2024-10-05;7;Aprobado
35810239-DAT101;2024-10-05;10;Aprobado
37550168-DAT201;2024-10-05;8;Aprobado
40603350-NEG400;2024-10-05;5;Aprobado
31356012-UX100;2024-10-06;8;Aprobado
32578687-MKT200;2024-10-06;8;Aprobado
34731502-DEV101;2024-10-06;3;Desaprobado
35297114-DAT201;2024-10-06;1;Desaprobado
40578248-IA300;2024-10-06;1;Desaprobado
44289991-GEN101;2024-10-06;9;Aprobado
45417967-GEN101;2024-10-06;1;Desaprobado
31636346-NEG400;2024-10-07;3;Desaprobado
40358012-UX100;2024-10-07;4;Aprobado
42727516-UX100;2024-10-07;5;Aprobado
42740444-DEV101;2024-10-07;7;Aprobado
45320934-NEG400;2024-10-07;8;Aprobado
45609644-DAT201;2024-10-07;7;Aprobado
45878884-UX100;2024-10-07;6;Aprobado
32659067-NEG400;2024-10-08;4;Aprobado
33555444-MKT200;2024-10-08;5;Aprobado
36279807-MKT200;2024-10-08;8;Aprobado
37054065-NEG400;2024-10-08;3;Desaprobado
37179608-DAT201;2024-10-08;8;Aprobado
37607894-UX100;2024-10-08;4;Aprobado
39839138-MKT200;2024-10-08;6;Aprobado
32033807-MKT200;2024-10-09;2;Desaprobado
33037423-DEV101;2024-10-09;7;Aprobado
33247205-NEG400;2024-10-09;6;Aprobado
36794996-NEG400;2024-10-09;8;Aprobado
37531532-NEG400;2024-10-09;3;Desaprobado
40727710-GEN101;2024-10-09;4;Aprobado
30398761-DAT101;2024-10-10;3;Desaprobado
32349994-IA300;2024-10-10;7;Aprobado
33693959-DEV101;2024-10-10;1;Desaprobado
37223015-DAT201;2024-10-10;8;Aprobado
37268989-NEG400;2024-10-10;5;Aprobado
37564736-GEN101;2024-10-10;9;Aprobado
37597528-MKT200;2024-10-10;4;Aprobado
39264124-DAT101;2024-10-10;5;Aprobado
39822223-MKT200;2024-10-10;7;Aprobado
43767499-IA300;2024-10-10;1;Desaprobado
45926308-IA300;2024-10-10;1;Desaprobado
32901887-DAT201;2024-10-11;9;Aprobado
34759191-MKT200;2024-10-11;2;Desaprobado
34761805-DEV101;2024-10-11;7;Aprobado
41511282-DAT201;2024-10-11;5;Aprobado
44492899-NEG400;2024-10-11;4;Aprobado
44870664-DAT201;2024-10-11;1;Desaprobado
44927685-DEV101;2024-10-11;2;Desaprobado
31404097-DAT101;2024-10-12;6;Aprobado
33109769-DAT201;2024-10-12;10;Aprobado
35668496-GEN101;2024-10-12;7;Aprobado
38600036-MKT200;2024-10-12;3;Desaprobado
40579606-DAT101;2024-10-12;3;Desaprobado
42799422-GEN101;2024-10-12;2;Desaprobado
42826422-NEG400;2024-10-12;6;Aprobado
43093166-UX100;2024-10-12;6;Aprobado
43727225-GEN101;2024-10-12;9;Aprobado
44554723-GEN101;2024-10-12;10;Aprobado
44698429-DAT201;2024-10-12;10;Aprobado
32486624-UX100;2024-10-13;4;Aprobado
32785292-MKT200;2024-10-13;1;Desaprobado
32794495-NEG400;2024-10-13;9;Aprobado
33898883-IA300;2024-10-13;2;Desaprobado
40069107-DAT201;2024-10-13;7;Aprobado
42242735-DEV101;2024-10-13;3;Desaprobado
43726508-DAT101;2024-10-13;9;Aprobado
44113409-DAT201;2024-10-13;10;Aprobado
31399534-GEN101;2024-10-14;8;Aprobado
31442827-DEV101;2024-10-14;7;Aprobado
32443281-DEV101;2024-10-14;8;Aprobado
33247205-DEV101;2024-10-14;3;Desaprobado
34529542-NEG400;2024-10-14;10;Aprobado
35023742-DAT101;2024-10-14;7;Aprobado
35854507-DAT201;2024-10-14;3;Desaprobado
36470833-GEN101;2024-10-14;4;Aprobado
37239130-DAT101;2024-10-14;6;Aprobado
38526500-MKT200;2024-10-14;6;Aprobado
40993683-DAT201;2024-10-14;9;Aprobado
44831598-UX100;2024-10-14;7;Aprobado
31544603-NEG400;2024-10-15;10;Aprobado
31800702-DAT101;2024-10-15;6;Aprobado
34471842-GEN101;2024-10-15;2;Desaprobado
34801591-MKT200;2024-10-15;7;Aprobado
36847519-MKT200;2024-10-15;6;Aprobado
37244102-NEG400;2024-10-15;4;Aprobado
38388641-IA300;2024-10-15;3;Desaprobado
39684246-GEN101;2024-10-15;9;Aprobado
41235752-UX100;2024-10-15;10;Aprobado
45116252-DAT201;2024-10-15;3;Desaprobado
34146531-UX100;2024-10-16;6;Aprobado
34724187-DAT101;2024-10-16;1;Desaprobado
36489803-IA300;2024-10-16;1;Desaprobado
39734889-DAT101;2024-10-16;6;Aprobado
34457031-GEN101;2024-10-17;6;Aprobado
35023742-DEV101;2024-10-17;10;Aprobado
36456678-UX100;2024-10-17;8;Aprobado
36746458-DAT101;2024-10-17;2;Desaprobado
38290123-DAT101;2024-10-17;7;Aprobado
39579403-DAT101;2024-10-17;6;Aprobado
43773004-DEV101;2024-10-17;6;Aprobado
43799230-UX100;2024-10-17;6;Aprobado
45688788-GEN101;2024-10-17;3;Desaprobado
31087473-IA300;2024-10-18;6;Aprobado
33081027-DAT101;2024-10-18;5;Aprobado
36161620-GEN101;2024-10-18;8;Aprobado
37564736-NEG400;2024-10-18;9;Aprobado
37706458-DAT101;2024-10-18;1;Desaprobado
37795993-GEN101;2024-10-18;1;Desaprobado
42242735-NEG400;2024-10-18;5;Aprobado
42473169-GEN101;2024-10-18;4;Aprobado
42622519-UX100;2024-10-18;7;Aprobado
43733466-GEN101;2024-10-18;9;Aprobado
44927685-UX100;2024-10-18;6;Aprobado
30682265-DEV101;2024-10-19;4;Aprobado
31453197-GEN101;2024-10-19;3;Desaprobado
31692100-MKT200;2024-10-19;4;Aprobado
32120170-GEN101;2024-10-19;6;Aprobado
38370600-UX100;2024-10-19;5;Aprobado
41330737-DAT201;2024-10-19;6;Aprobado
41473248-MKT200;2024-10-19;9;Aprobado
42760731-IA300;2024-10-19;5;Aprobado
43542005-GEN101;2024-10-19;1;Desaprobado
32487000-DAT201;2024-10-20;6;Aprobado
34363040-DAT201;2024-10-20;10;Aprobado
34657279-MKT200;2024-10-20;5;Aprobado
35589315-IA300;2024-10-20;1;Desaprobado
37272214-DAT101;2024-10-20;3;Desaprobado
37376900-GEN101;2024-10-20;2;Desaprobado
41564993-DAT201;2024-10-20;10;Aprobado
43023911-DAT101;2024-10-20;7;Aprobado
31356012-MKT200;2024-10-21;1;Desaprobado
31438742-IA300;2024-10-21;2;Desaprobado
32556008-GEN101;2024-10-21;3;Desaprobado
32864447-DEV101;2024-10-21;10;Aprobado
34617592-DAT101;2024-10-21;6;Aprobado
34731502-DAT101;2024-10-21;4;Aprobado
34761805-DAT201;2024-10-21;3;Desaprobado
36016561-MKT200;2024-10-21;7;Aprobado
37216255-MKT200;2024-10-21;7;Aprobado
38485886-DAT201;2024-10-21;10;Aprobado
40391525-DAT101;2024-10-21;2;Desaprobado
41765198-MKT200;2024-10-21;6;Aprobado
42266843-IA300;2024-10-21;6;Aprobado
42936217-UX100;2024-10-21;1;Desaprobado
44910143-UX100;2024-10-21;5;Aprobado
45417967-MKT200;2024-10-21;1;Desaprobado
31087473-IA300;2024-10-22;1;Desaprobado
35915007-UX100;2024-10-22;6;Aprobado
36839899-DAT201;2024-10-22;8;Aprobado
37032603-IA300;2024-10-22;2;Desaprobado
37495057-DAT101;2024-10-22;2;Desaprobado
38832034-GEN101;2024-10-22;1;Desaprobado
39038900-UX100;2024-10-22;5;Aprobado
39910307-DAT101;2024-10-22;1;Desaprobado
41944353-IA300;2024-10-22;8;Aprobado
43990468-IA300;2024-10-22;5;Aprobado
45348552-DAT101;2024-10-22;4;Aprobado
45746270-NEG400;2024-10-22;6;Aprobado
31581376-DEV101;2024-10-23;1;Desaprobado
32349994-GEN101;2024-10-23;7;Aprobado
32811654-MKT200;2024-10-23;6;Aprobado
33730130-NEG400;2024-10-23;10;Aprobado
34759191-DEV101;2024-10-23;5;Aprobado
35961291-DEV101;2024-10-23;8;Aprobado
36456678-DEV101;2024-10-23;10;Aprobado
37663002-DEV101;2024-10-23;5;Aprobado
40965886-DAT101;2024-10-23;6;Aprobado
41289623-UX100;2024-10-23;7;Aprobado
41453617-DAT201;2024-10-23;6;Aprobado
41941216-IA300;2024-10-23;4;Aprobado
31599603-GEN101;2024-10-24;9;Aprobado
32443281-DEV101;2024-10-24;6;Aprobado
34250668-MKT200;2024-10-24;6;Aprobado
38443830-IA300;2024-10-24;8;Aprobado
41702335-MKT200;2024-10-24;6;Aprobado
44900640-NEG400;2024-10-24;2;Desaprobado
32152121-UX100;2024-10-25;5;Aprobado
37478367-MKT200;2024-10-25;9;Aprobado
37856329-GEN101;2024-10-25;7;Aprobado
38388641-DAT201;2024-10-25;6;Aprobado
38600036-MKT200;2024-10-25;10;Aprobado
39110609-GEN101;2024-10-25;6;Aprobado
39910307-UX100;2024-10-25;5;Aprobado
42622519-IA300;2024-10-25;5;Aprobado
44067426-NEG400;2024-10-25;2;Desaprobado
31770202-DAT101;2024-10-26;8;Aprobado
31922848-GEN101;2024-10-26;3;Desaprobado
32855448-NEG400;2024-10-26;8;Aprobado
35824110-NEG400;2024-10-26;4;Aprobado
35915600-GEN101;2024-10-26;5;Aprobado
38082801-MKT200;2024-10-26;7;Aprobado
42124538-MKT200;2024-10-26;8;Aprobado
42740444-DAT201;2024-10-26;4;Aprobado
44441151-MKT200;2024-10-26;6;Aprobado
45383156-UX100;2024-10-26;8;Aprobado
45419935-IA300;2024-10-26;5;Aprobado
35668496-IA300;2024-10-27;5;Aprobado
37179608-DAT201;2024-10-27;4;Aprobado
41607939-DEV101;2024-10-27;6;Aprobado
42613265-GEN101;2024-10-27;8;Aprobado
30808302-GEN101;2024-10-28;5;Aprobado
33212131-MKT200;2024-10-28;5;Aprobado
38223982-GEN101;2024-10-28;7;Aprobado
41126806-GEN101;2024-10-28;10;Aprobado
41453617-NEG400;2024-10-28;6;Aprobado
42789411-IA300;2024-10-28;7;Aprobado
44370456-NEG400;2024-10-28;2;Desaprobado
33567445-GEN101;2024-10-29;8;Aprobado
35569822-DAT201;2024-10-29;3;Desaprobado
39353079-UX100;2024-10-29;5;Aprobado
41291663-DAT201;2024-10-29;3;Desaprobado
42305779-GEN101;2024-10-29;3;Desaprobado
33601032-NEG400;2024-10-30;5;Aprobado
34543225-IA300;2024-10-30;8;Aprobado
35975020-MKT200;2024-10-30;10;Aprobado
38290265-NEG400;2024-10-30;10;Aprobado
41886872-DAT101;2024-10-30;5;Aprobado
42321650-DAT101;2024-10-30;10;Aprobado
42419781-NEG400;2024-10-30;6;Aprobado
43947996-DAT101;2024-10-30;1;Desaprobado
44506499-IA300;2024-10-30;7;Aprobado
45147679-MKT200;2024-10-30;5;Aprobado
45908118-GEN101;2024-10-30;6;Aprobado
39749714-IA300;2024-10-31;4;Aprobado
41134242-GEN101;2024-10-31;1;Desaprobado
43777501-GEN101;2024-10-31;7;Aprobado
44765173-GEN101;2024-10-31;5;Aprobado
36377876-NEG400;2024-11-01;2;Desaprobado
36501353-MKT200;2024-11-01;8;Aprobado
36948146-GEN101;2024-11-01;2;Desaprobado
38567788-DEV101;2024-11-01;1;Desaprobado
39260956-NEG400;2024-11-01;9;Aprobado
42677307-DEV101;2024-11-01;7;Aprobado
43010564-IA300;2024-11-01;2;Desaprobado
45594124-DAT201;2024-11-01;8;Aprobado
45685363-DAT201;2024-11-01;2;Desaprobado
30716676-NEG400;2024-11-02;8;Aprobado
35031297-NEG400;2024-11-02;4;Aprobado
42706367-DAT201;2024-11-02;1;Desaprobado
44289991-NEG400;2024-11-02;4;Aprobado
30808302-MKT200;2024-11-03;9;Aprobado
31178906-GEN101;2024-11-03;9;Aprobado
36031653-IA300;2024-11-03;5;Aprobado
36867908-GEN101;2024-11-03;2;Desaprobado
39605597-DEV101;2024-11-03;2;Desaprobado
41728313-GEN101;2024-11-03;9;Aprobado
43062304-DEV101;2024-11-03;1;Desaprobado
30413264-UX100;2024-11-04;7;Aprobado
31263287-IA300;2024-11-04;6;Aprobado
34636803-DAT201;2024-11-04;1;Desaprobado
41291663-DAT201;2024-11-04;5;Aprobado
45365573-IA300;2024-11-04;3;Desaprobado
32416248-MKT200;2024-11-05;9;Aprobado
33460388-GEN101;2024-11-05;6;Aprobado
33693770-UX100;2024-11-05;6;Aprobado
34446593-GEN101;2024-11-05;2;Desaprobado
34572098-GEN101;2024-11-05;2;Desaprobado
43243328-DAT101;2024-11-05;3;Desaprobado
43948943-MKT200;2024-11-05;8;Aprobado
30300658-IA300;2024-11-06;9;Aprobado
32180590-DAT101;2024-11-06;10;Aprobado
37222211-UX100;2024-11-06;2;Desaprobado
38866674-GEN101;2024-11-06;6;Aprobado
39515864-IA300;2024-11-06;4;Aprobado
42974553-UX100;2024-11-06;8;Aprobado
43362081-NEG400;2024-11-06;6;Aprobado
45128829-MKT200;2024-11-06;6;Aprobado
45303367-DEV101;2024-11-06;4;Aprobado
45426738-DAT201;2024-11-06;4;Aprobado
30413264-DAT101;2024-11-07;6;Aprobado
31178906-DEV101;2024-11-07;8;Aprobado
31554768-DAT201;2024-11-07;2;Desaprobado
32556008-DAT101;2024-11-07;3;Desaprobado
35023742-DAT101;2024-11-07;5;Aprobado
35409911-DEV101;2024-11-07;5;Aprobado
35471829-DEV101;2024-11-07;6;Aprobado
36907787-NEG400;2024-11-07;3;Desaprobado
37513790-IA300;2024-11-07;8;Aprobado
39451059-NEG400;2024-11-07;3;Desaprobado
41003214-DAT101;2024-11-07;2;Desaprobado
41938150-UX100;2024-11-07;2;Desaprobado
43710760-DAT201;2024-11-07;2;Desaprobado
43914297-DAT201;2024-11-07;7;Aprobado
30126752-DAT201;2024-11-08;8;Aprobado
31356012-MKT200;2024-11-08;1;Desaprobado
31636346-GEN101;2024-11-08;2;Desaprobado
36187665-IA300;2024-11-08;2;Desaprobado
38314294-IA300;2024-11-08;8;Aprobado
45055136-MKT200;2024-11-08;10;Aprobado
30619113-NEG400;2024-11-09;7;Aprobado
30757580-NEG400;2024-11-09;10;Aprobado
30894734-NEG400;2024-11-09;7;Aprobado
36161620-DAT201;2024-11-09;2;Desaprobado
36725023-DEV101;2024-11-09;8;Aprobado
37026116-GEN101;2024-11-09;9;Aprobado
38282799-GEN101;2024-11-09;3;Desaprobado
43554211-UX100;2024-11-09;6;Aprobado
44654200-DAT201;2024-11-09;10;Aprobado
44927685-MKT200;2024-11-09;6;Aprobado
45303367-NEG400;2024-11-09;4;Aprobado
45801274-MKT200;2024-11-09;10;Aprobado
45840080-GEN101;2024-11-09;2;Desaprobado
34343777-NEG400;2024-11-10;4;Aprobado
40105729-MKT200;2024-11-10;3;Desaprobado
43904609-DAT101;2024-11-10;6;Aprobado
44456279-IA300;2024-11-10;9;Aprobado
31263287-IA300;2024-11-11;7;Aprobado
31271467-MKT200;2024-11-11;5;Aprobado
32480053-DAT201;2024-11-11;1;Desaprobado
35589315-UX100;2024-11-11;7;Aprobado
37564736-MKT200;2024-11-11;9;Aprobado
41570701-IA300;2024-11-11;2;Desaprobado
42253635-UX100;2024-11-11;9;Aprobado
32028899-DEV101;2024-11-12;4;Aprobado
32096884-DAT201;2024-11-12;9;Aprobado
34998039-NEG400;2024-11-12;4;Aprobado
36906085-DEV101;2024-11-12;9;Aprobado
39921380-DAT201;2024-11-12;3;Desaprobado
43864775-DAT201;2024-11-12;7;Aprobado
44886400-DAT201;2024-11-12;6;Aprobado
45670602-GEN101;2024-11-12;10;Aprobado
30300948-MKT200;2024-11-13;9;Aprobado
30370016-MKT200;2024-11-13;7;Aprobado
30469731-IA300;2024-11-13;6;Aprobado
39371126-DAT101;2024-11-13;3;Desaprobado
30898022-UX100;2024-11-14;3;Desaprobado
31271467-NEG400;2024-11-14;10;Aprobado
32085812-DAT201;2024-11-14;10;Aprobado
32200927-MKT200;2024-11-14;2;Desaprobado
36083652-DAT201;2024-11-14;4;Aprobado
36537106-MKT200;2024-11-14;3;Desaprobado
36651921-UX100;2024-11-14;4;Aprobado
41150046-DAT201;2024-11-14;3;Desaprobado
43947996-UX100;2024-11-14;7;Aprobado
44904880-DEV101;2024-11-14;9;Aprobado
45130131-GEN101;2024-11-14;2;Desaprobado
32308961-DAT101;2024-11-15;1;Desaprobado
32369229-UX100;2024-11-15;10;Aprobado
34207249-IA300;2024-11-15;8;Aprobado
34446593-UX100;2024-11-15;7;Aprobado
37275248-DAT201;2024-11-15;10;Aprobado
37915491-MKT200;2024-11-15;3;Desaprobado
39749714-UX100;2024-11-15;5;Aprobado
39924190-DAT101;2024-11-15;3;Desaprobado
43029052-GEN101;2024-11-15;10;Aprobado
45147679-DAT201;2024-11-15;7;Aprobado
45385368-NEG400;2024-11-15;5;Aprobado
30089193-MKT200;2024-11-16;8;Aprobado
32160000-IA300;2024-11-16;4;Aprobado
32480053-MKT200;2024-11-16;5;Aprobado
36380821-DAT101;2024-11-16;6;Aprobado
42221418-UX100;2024-11-16;2;Desaprobado
35718936-DAT101;2024-11-17;9;Aprobado
37012198-NEG400;2024-11-17;6;Aprobado
37678418-MKT200;2024-11-17;2;Desaprobado
38542906-DEV101;2024-11-17;2;Desaprobado
43062304-MKT200;2024-11-17;2;Desaprobado
43802935-DEV101;2024-11-17;9;Aprobado
44412440-DAT101;2024-11-17;4;Aprobado
32556008-UX100;2024-11-18;2;Desaprobado
34758464-MKT200;2024-11-18;1;Desaprobado
35810239-DAT201;2024-11-18;5;Aprobado
40358012-NEG400;2024-11-18;9;Aprobado
41511282-DEV101;2024-11-18;9;Aprobado
42826422-MKT200;2024-11-18;10;Aprobado
33693959-NEG400;2024-11-19;4;Aprobado
34077479-UX100;2024-11-19;9;Aprobado
36377876-NEG400;2024-11-19;8;Aprobado
37080082-NEG400;2024-11-19;8;Aprobado
37253616-UX100;2024-11-19;2;Desaprobado
37604035-MKT200;2024-11-19;4;Aprobado
38129607-DAT101;2024-11-19;4;Aprobado
40626532-DAT201;2024-11-19;7;Aprobado
41824986-DEV101;2024-11-19;3;Desaprobado
42826422-IA300;2024-11-19;10;Aprobado
45170259-DAT201;2024-11-19;10;Aprobado
34218122-DAT101;2024-11-20;7;Aprobado
36098117-IA300;2024-11-20;10;Aprobado
42789411-NEG400;2024-11-20;2;Desaprobado
44870664-DAT101;2024-11-20;3;Desaprobado
31087473-UX100;2024-11-21;8;Aprobado
31723879-MKT200;2024-11-21;2;Desaprobado
32160000-DAT201;2024-11-21;8;Aprobado
33076159-DAT201;2024-11-21;7;Aprobado
33693959-DAT201;2024-11-21;3;Desaprobado
35891432-DAT101;2024-11-21;8;Aprobado
36847519-GEN101;2024-11-21;1;Desaprobado
39129106-DAT101;2024-11-21;3;Desaprobado
40988877-DEV101;2024-11-21;6;Aprobado
42221418-UX100;2024-11-21;1;Desaprobado
42331291-DEV101;2024-11-21;4;Aprobado
31162466-MKT200;2024-11-22;6;Aprobado
34508314-UX100;2024-11-22;8;Aprobado
35810239-MKT200;2024-11-22;1;Desaprobado
36163868-DAT101;2024-11-22;5;Aprobado
40069107-GEN101;2024-11-22;3;Desaprobado
41597245-NEG400;2024-11-22;9;Aprobado
41950086-DAT101;2024-11-22;1;Desaprobado
43978117-IA300;2024-11-22;9;Aprobado
31725100-UX100;2024-11-23;2;Desaprobado
32659067-MKT200;2024-11-23;9;Aprobado
33696189-DEV101;2024-11-23;2;Desaprobado
35517461-NEG400;2024-11-23;9;Aprobado
36629400-MKT200;2024-11-23;3;Desaprobado
41402719-NEG400;2024-11-23;9;Aprobado
43088662-NEG400;2024-11-23;4;Aprobado
44436801-GEN101;2024-11-23;4;Aprobado
30542692-GEN101;2024-11-24;2;Desaprobado
32991581-DAT101;2024-11-24;1;Desaprobado
33436656-DAT201;2024-11-24;9;Aprobado
33541682-DAT201;2024-11-24;4;Aprobado
35740137-DAT101;2024-11-24;9;Aprobado
37682475-DAT101;2024-11-24;1;Desaprobado
44141804-MKT200;2024-11-24;7;Aprobado
44594931-DAT201;2024-11-24;9;Aprobado
32443281-GEN101;2024-11-25;5;Aprobado
32902968-NEG400;2024-11-25;10;Aprobado
33460388-NEG400;2024-11-25;7;Aprobado
34631318-DAT201;2024-11-25;3;Desaprobado
34759191-DAT101;2024-11-25;2;Desaprobado
35579453-MKT200;2024-11-25;1;Desaprobado
35961291-GEN101;2024-11-25;10;Aprobado
37444361-GEN101;2024-11-25;8;Aprobado
41291663-NEG400;2024-11-25;4;Aprobado
42740444-DAT201;2024-11-25;2;Desaprobado
42909942-DEV101;2024-11-25;1;Desaprobado
43023911-UX100;2024-11-25;4;Aprobado
45076126-DAT201;2024-11-25;10;Aprobado
45419935-DAT201;2024-11-25;4;Aprobado
45419935-NEG400;2024-11-25;5;Aprobado
33109769-DEV101;2024-11-26;8;Aprobado
33488611-DAT201;2024-11-26;4;Aprobado
33699765-DAT101;2024-11-26;2;Desaprobado
35061213-IA300;2024-11-26;10;Aprobado
36031653-DAT101;2024-11-26;8;Aprobado
37604035-UX100;2024-11-26;3;Desaprobado
38622234-NEG400;2024-11-26;1;Desaprobado
42287708-DAT201;2024-11-26;7;Aprobado
45341305-UX100;2024-11-26;7;Aprobado
45422028-DEV101;2024-11-26;7;Aprobado
45422028-GEN101;2024-11-26;5;Aprobado
30763137-DAT201;2024-11-27;1;Desaprobado
33648177-GEN101;2024-11-27;4;Aprobado
35654379-MKT200;2024-11-27;1;Desaprobado
37272214-UX100;2024-11-27;8;Aprobado
41664468-DEV101;2024-11-27;4;Aprobado
41744958-DAT201;2024-11-27;6;Aprobado
42645481-DAT201;2024-11-27;3;Desaprobado
43159265-NEG400;2024-11-27;4;Aprobado
44059778-IA300;2024-11-27;5;Aprobado
30348701-GEN101;2024-11-28;7;Aprobado
30996789-IA300;2024-11-28;9;Aprobado
31134185-MKT200;2024-11-28;9;Aprobado
31636346-DAT101;2024-11-28;8;Aprobado
31704019-NEG400;2024-11-28;4;Aprobado
32556008-MKT200;2024-11-28;10;Aprobado
33193102-GEN101;2024-11-28;1;Desaprobado
33722791-UX100;2024-11-28;9;Aprobado
33910188-MKT200;2024-11-28;6;Aprobado
33957369-IA300;2024-11-28;8;Aprobado
35652925-DEV101;2024-11-28;1;Desaprobado
37556007-GEN101;2024-11-28;8;Aprobado
37573276-GEN101;2024-11-28;8;Aprobado
40965886-DAT201;2024-11-28;1;Desaprobado
41883892-MKT200;2024-11-28;2;Desaprobado
43001086-MKT200;2024-11-28;8;Aprobado
43313143-DEV101;2024-11-28;4;Aprobado
44113409-UX100;2024-11-28;9;Aprobado
30808302-GEN101;2024-11-29;1;Desaprobado
32702619-DEV101;2024-11-29;4;Aprobado
34007375-UX100;2024-11-29;2;Desaprobado
34933089-MKT200;2024-11-29;6;Aprobado
36861254-DEV101;2024-11-29;3;Desaprobado
38657054-DAT201;2024-11-29;6;Aprobado
44536877-GEN101;2024-11-29;1;Desaprobado
45561312-NEG400;2024-11-29;4;Aprobado
45840080-DEV101;2024-11-29;6;Aprobado
31036656-IA300;2024-11-30;1;Desaprobado
31158762-DAT201;2024-11-30;10;Aprobado
31370404-IA300;2024-11-30;2;Desaprobado
32259990-MKT200;2024-11-30;2;Desaprobado
32486624-NEG400;2024-11-30;2;Desaprobado
34724187-GEN101;2024-11-30;5;Aprobado
35449166-GEN101;2024-11-30;7;Aprobado
36279807-UX100;2024-11-30;6;Aprobado
36744678-UX100;2024-11-30;8;Aprobado
37326359-UX100;2024-11-30;6;Aprobado
39251592-GEN101;2024-11-30;7;Aprobado
39556507-DAT201;2024-11-30;6;Aprobado
40214433-UX100;2024-11-30;2;Desaprobado
43695489-DEV101;2024-11-30;1;Desaprobado
43904609-MKT200;2024-11-30;10;Aprobado
44555423-IA300;2024-11-30;6;Aprobado
44713441-UX100;2024-11-30;4;Aprobado
31301580-MKT200;2024-12-01;2;Desaprobado
33247205-DAT201;2024-12-01;10;Aprobado
35061213-DAT201;2024-12-01;2;Desaprobado
35409911-NEG400;2024-12-01;4;Aprobado
36907787-GEN101;2024-12-01;3;Desaprobado
37080082-DAT101;2024-12-01;4;Aprobado
37915491-IA300;2024-12-01;10;Aprobado
38137274-UX100;2024-12-01;4;Aprobado
42590810-GEN101;2024-12-01;8;Aprobado
42954368-DEV101;2024-12-01;6;Aprobado
43583039-NEG400;2024-12-01;9;Aprobado
30081724-NEG400;2024-12-02;8;Aprobado
32575818-GEN101;2024-12-02;4;Aprobado
33678309-DAT201;2024-12-02;9;Aprobado
35565985-DAT201;2024-12-02;9;Aprobado
36594040-MKT200;2024-12-02;3;Desaprobado
45419981-NEG400;2024-12-02;8;Aprobado
45948143-GEN101;2024-12-02;10;Aprobado
31263287-GEN101;2024-12-03;9;Aprobado
33910188-DAT201;2024-12-03;4;Aprobado
38133728-NEG400;2024-12-03;3;Desaprobado
38766730-IA300;2024-12-03;2;Desaprobado
40419585-IA300;2024-12-03;9;Aprobado
41664468-IA300;2024-12-03;3;Desaprobado
43663971-NEG400;2024-12-03;2;Desaprobado
44456279-DAT201;2024-12-03;7;Aprobado
45090532-MKT200;2024-12-03;9;Aprobado
45140374-DAT101;2024-12-03;5;Aprobado
30359807-MKT200;2024-12-04;7;Aprobado
31692100-DAT101;2024-12-04;1;Desaprobado
31704019-GEN101;2024-12-04;6;Aprobado
35420584-UX100;2024-12-04;7;Aprobado
35940256-DEV101;2024-12-04;1;Desaprobado
36349870-DAT201;2024-12-04;2;Desaprobado
36630045-GEN101;2024-12-04;2;Desaprobado
39003369-DAT201;2024-12-04;8;Aprobado
40174122-DAT101;2024-12-04;1;Desaprobado
41333709-GEN101;2024-12-04;3;Desaprobado
30716676-UX100;2024-12-05;2;Desaprobado
40132599-MKT200;2024-12-05;10;Aprobado
43942866-DAT101;2024-12-05;2;Desaprobado
44594931-IA300;2024-12-05;3;Desaprobado
45245358-NEG400;2024-12-05;9;Aprobado
30946614-DAT201;2024-12-06;5;Aprobado
32169352-MKT200;2024-12-06;7;Aprobado
40167473-IA300;2024-12-06;6;Aprobado
45076126-UX100;2024-12-06;2;Desaprobado
30700814-DAT201;2024-12-07;6;Aprobado
32099618-DAT101;2024-12-07;8;Aprobado
33033916-DAT101;2024-12-07;5;Aprobado
35468094-DEV101;2024-12-07;3;Desaprobado
35627041-DEV101;2024-12-07;3;Desaprobado
37607894-UX100;2024-12-07;1;Desaprobado
37706458-UX100;2024-12-07;10;Aprobado
42473833-MKT200;2024-12-07;5;Aprobado
42590810-DAT201;2024-12-07;2;Desaprobado
33789545-IA300;2024-12-08;9;Aprobado
35569822-NEG400;2024-12-08;10;Aprobado
35927529-NEG400;2024-12-08;10;Aprobado
42280040-DEV101;2024-12-08;4;Aprobado
42331291-IA300;2024-12-08;2;Desaprobado
45660425-MKT200;2024-12-08;3;Desaprobado
34070539-DEV101;2024-12-09;4;Aprobado
36309794-DAT101;2024-12-09;3;Desaprobado
36313373-MKT200;2024-12-09;2;Desaprobado
36392604-IA300;2024-12-09;6;Aprobado
36878477-DAT201;2024-12-09;10;Aprobado
40358012-DAT101;2024-12-09;6;Aprobado
34631318-GEN101;2024-12-10;10;Aprobado
34758464-NEG400;2024-12-10;8;Aprobado
35081927-GEN101;2024-12-10;2;Desaprobado
36461761-GEN101;2024-12-10;9;Aprobado
37268989-DAT101;2024-12-10;4;Aprobado
39038900-DAT201;2024-12-10;10;Aprobado
44713988-NEG400;2024-12-10;10;Aprobado
30226372-IA300;2024-12-11;7;Aprobado
30609077-DAT201;2024-12-11;9;Aprobado
31162466-DAT201;2024-12-11;2;Desaprobado
31509667-MKT200;2024-12-11;3;Desaprobado
31591629-IA300;2024-12-11;10;Aprobado
33827674-UX100;2024-12-11;7;Aprobado
35674650-DEV101;2024-12-11;6;Aprobado
35854507-IA300;2024-12-11;9;Aprobado
38164166-IA300;2024-12-11;5;Aprobado
39269288-MKT200;2024-12-11;9;Aprobado
43802935-DEV101;2024-12-11;4;Aprobado
44047721-DAT101;2024-12-11;6;Aprobado
30910226-DEV101;2024-12-12;9;Aprobado
31205804-GEN101;2024-12-12;8;Aprobado
33130984-DAT201;2024-12-12;5;Aprobado
33567445-DEV101;2024-12-12;1;Desaprobado
34130452-MKT200;2024-12-12;9;Aprobado
35023742-DEV101;2024-12-12;6;Aprobado
35915600-UX100;2024-12-12;2;Desaprobado
36070932-NEG400;2024-12-12;9;Aprobado
37674710-DEV101;2024-12-12;5;Aprobado
37927619-IA300;2024-12-12;4;Aprobado
38290123-NEG400;2024-12-12;10;Aprobado
39916823-UX100;2024-12-12;1;Desaprobado
40038176-UX100;2024-12-12;9;Aprobado
42740444-DAT201;2024-12-12;5;Aprobado
44753132-GEN101;2024-12-12;1;Desaprobado
32196825-UX100;2024-12-13;1;Desaprobado
32369229-DAT201;2024-12-13;9;Aprobado
34146531-DEV101;2024-12-13;1;Desaprobado
36489803-NEG400;2024-12-13;4;Aprobado
38333929-UX100;2024-12-13;9;Aprobado
42613265-NEG400;2024-12-13;7;Aprobado
42826422-DEV101;2024-12-13;2;Desaprobado
44859529-DAT201;2024-12-13;9;Aprobado
45331374-DAT201;2024-12-13;9;Aprobado
33665133-DAT101;2024-12-14;2;Desaprobado
36629400-DEV101;2024-12-14;10;Aprobado
37222211-GEN101;2024-12-14;10;Aprobado
39074649-NEG400;2024-12-14;1;Desaprobado
41111676-IA300;2024-12-14;4;Aprobado
42253635-DAT201;2024-12-14;9;Aprobado
44483113-DAT101;2024-12-14;1;Desaprobado
45908531-IA300;2024-12-14;3;Desaprobado
30277884-MKT200;2025-03-01;3;Desaprobado
31153469-UX100;2025-03-01;7;Aprobado
32844429-DAT305;2025-03-01;1;Desaprobado
33362152-DAT201;2025-03-01;4;Aprobado
34223113-IA400;2025-03-01;8;Aprobado
35310111-DAT305;2025-03-01;8;Aprobado
36511898-DAT305;2025-03-01;10;Aprobado
40204911-DEV101;2025-03-01;9;Aprobado
40269989-DAT201;2025-03-01;1;Desaprobado
40284355-NEG400;2025-03-01;4;Aprobado
40833222-DAT305;2025-03-01;2;Desaprobado
40852091-DAT305;2025-03-01;10;Aprobado
41016204-DAT305;2025-03-01;9;Aprobado
41907942-NEG400;2025-03-01;1;Desaprobado
43342517-DAT305;2025-03-01;8;Aprobado
44383216-UX100;2025-03-01;7;Aprobado
44445238-DAT101;2025-03-01;1;Desaprobado
44724307-DAT101;2025-03-01;8;Aprobado
44730308-NEG400;2025-03-01;3;Desaprobado
44844263-UX100;2025-03-01;7;Aprobado
46410216-GEN101;2025-03-01;2;Desaprobado
47320705-NEG400;2025-03-01;9;Aprobado
30224289-MKT200;2025-03-02;10;Aprobado
30520054-DEV101;2025-03-02;7;Aprobado
30808375-UX100;2025-03-02;5;Aprobado
32027618-GEN101;2025-03-02;6;Aprobado
33697024-MKT200;2025-03-02;8;Aprobado
34223113-DAT101;2025-03-02;3;Desaprobado
35077928-IA400;2025-03-02;6;Aprobado
37090862-DAT201;2025-03-02;1;Desaprobado
37412229-IA400;2025-03-02;3;Desaprobado
40437078-DAT101;2025-03-02;1;Desaprobado
44286872-GEN101;2025-03-02;1;Desaprobado
44343339-DAT201;2025-03-02;5;Aprobado
45280236-DEV101;2025-03-02;9;Aprobado
31136038-DAT201;2025-03-03;5;Aprobado
31221480-IA400;2025-03-03;3;Desaprobado
31445923-IA300;2025-03-03;10;Aprobado
32459600-DAT101;2025-03-03;9;Aprobado
32604998-IA400;2025-03-03;1;Desaprobado
33568791-IA300;2025-03-03;4;Aprobado
33800391-IA300;2025-03-03;5;Aprobado
37639684-DAT305;2025-03-03;1;Desaprobado
38405437-IA300;2025-03-03;2;Desaprobado
40104822-MKT200;2025-03-03;8;Aprobado
40235116-DAT201;2025-03-03;6;Aprobado
43507384-DAT101;2025-03-03;7;Aprobado
43729856-NEG400;2025-03-03;2;Desaprobado
44415606-GEN101;2025-03-03;1;Desaprobado
46585675-IA300;2025-03-03;4;Aprobado
31221561-GEN101;2025-03-04;9;Aprobado
31786305-NEG400;2025-03-04;2;Desaprobado
32935035-DAT101;2025-03-04;7;Aprobado
33201122-DAT101;2025-03-04;1;Desaprobado
33418893-GEN101;2025-03-04;6;Aprobado
33792064-DAT101;2025-03-04;9;Aprobado
34316765-DAT305;2025-03-04;4;Aprobado
37799625-DEV101;2025-03-04;3;Desaprobado
41016204-UX100;2025-03-04;6;Aprobado
43678310-DAT305;2025-03-04;10;Aprobado
43690930-DAT101;2025-03-04;9;Aprobado
44190336-DAT305;2025-03-04;9;Aprobado
44544802-IA300;2025-03-04;7;Aprobado
46890428-DEV101;2025-03-04;9;Aprobado
47731681-DAT305;2025-03-04;1;Desaprobado
30674136-NEG400;2025-03-05;10;Aprobado
31239788-DEV101;2025-03-05;3;Desaprobado
33518284-DAT201;2025-03-05;7;Aprobado
33614240-GEN101;2025-03-05;5;Aprobado
34364066-NEG400;2025-03-05;2;Desaprobado
36996781-IA400;2025-03-05;9;Aprobado
38040781-NEG400;2025-03-05;4;Aprobado
38714246-IA300;2025-03-05;2;Desaprobado
40175984-IA400;2025-03-05;9;Aprobado
43558573-DAT201;2025-03-05;6;Aprobado
44197978-IA400;2025-03-05;3;Desaprobado
45663240-GEN101;2025-03-05;9;Aprobado
47075635-DAT305;2025-03-05;4;Aprobado
31239788-GEN101;2025-03-06;10;Aprobado
31332769-UX100;2025-03-06;1;Desaprobado
31681085-DEV101;2025-03-06;5;Aprobado
32270986-MKT200;2025-03-06;5;Aprobado
34341037-IA400;2025-03-06;2;Desaprobado
35844073-NEG400;2025-03-06;10;Aprobado
36219416-MKT200;2025-03-06;6;Aprobado
36742732-DAT101;2025-03-06;4;Aprobado
37091816-DAT305;2025-03-06;1;Desaprobado
37335497-IA400;2025-03-06;9;Aprobado
37412229-DEV101;2025-03-06;4;Aprobado
37639684-DAT101;2025-03-06;9;Aprobado
39796864-IA400;2025-03-06;10;Aprobado
41785959-IA300;2025-03-06;2;Desaprobado
43037722-DAT101;2025-03-06;9;Aprobado
43652049-NEG400;2025-03-06;6;Aprobado
43871938-DEV101;2025-03-06;4;Aprobado
44086116-UX100;2025-03-06;1;Desaprobado
44476887-GEN101;2025-03-06;5;Aprobado
45225711-UX100;2025-03-06;2;Desaprobado
45280236-NEG400;2025-03-06;2;Desaprobado
45311516-IA400;2025-03-06;4;Aprobado
45368291-UX100;2025-03-06;7;Aprobado
46193548-DAT305;2025-03-06;1;Desaprobado
47221206-GEN101;2025-03-06;8;Aprobado
47223646-DAT101;2025-03-06;8;Aprobado
30301798-DEV101;2025-03-07;5;Aprobado
31848115-DAT305;2025-03-07;7;Aprobado
32028866-IA400;2025-03-07;4;Aprobado
36234502-DAT201;2025-03-07;8;Aprobado
37095694-GEN101;2025-03-07;5;Aprobado
40192554-IA300;2025-03-07;5;Aprobado
40531804-DEV101;2025-03-07;2;Desaprobado
45259638-DAT201;2025-03-07;4;Aprobado
45544606-DAT101;2025-03-07;1;Desaprobado
46193548-IA400;2025-03-07;5;Aprobado
47075635-UX100;2025-03-07;7;Aprobado
30395149-DEV101;2025-03-08;6;Aprobado
31332769-NEG400;2025-03-08;4;Aprobado
31681085-UX100;2025-03-08;4;Aprobado
32496231-DAT201;2025-03-08;4;Aprobado
32789755-DAT305;2025-03-08;7;Aprobado
33201122-DAT305;2025-03-08;1;Desaprobado
33479160-DAT305;2025-03-08;7;Aprobado
33594873-GEN101;2025-03-08;3;Desaprobado
34197558-IA400;2025-03-08;5;Aprobado
36145210-GEN101;2025-03-08;9;Aprobado
36858459-DAT101;2025-03-08;4;Aprobado
37659718-NEG400;2025-03-08;8;Aprobado
38531146-GEN101;2025-03-08;8;Aprobado
41912939-IA400;2025-03-08;6;Aprobado
43344838-DAT305;2025-03-08;6;Aprobado
44490644-NEG400;2025-03-08;5;Aprobado
47909977-UX100;2025-03-08;5;Aprobado
31349203-MKT200;2025-03-09;8;Aprobado
31559920-DAT201;2025-03-09;10;Aprobado
34441439-GEN101;2025-03-09;2;Desaprobado
39796864-IA400;2025-03-09;2;Desaprobado
39820530-NEG400;2025-03-09;4;Aprobado
40305444-DAT201;2025-03-09;1;Desaprobado
43498834-NEG400;2025-03-09;8;Aprobado
43605753-DAT101;2025-03-09;6;Aprobado
44284579-GEN101;2025-03-09;9;Aprobado
44521729-UX100;2025-03-09;3;Desaprobado
44965151-IA400;2025-03-09;1;Desaprobado
30064860-DAT201;2025-03-10;3;Desaprobado
30125745-DEV101;2025-03-10;4;Aprobado
31486885-DEV101;2025-03-10;3;Desaprobado
33379578-DAT305;2025-03-10;4;Aprobado
33381581-GEN101;2025-03-10;5;Aprobado
34057124-MKT200;2025-03-10;6;Aprobado
34316765-NEG400;2025-03-10;8;Aprobado
37013243-DAT201;2025-03-10;9;Aprobado
37679372-IA400;2025-03-10;8;Aprobado
38020693-DAT201;2025-03-10;7;Aprobado
38946448-DAT201;2025-03-10;9;Aprobado
39220415-DEV101;2025-03-10;8;Aprobado
41234290-DEV101;2025-03-10;8;Aprobado
44101321-DEV101;2025-03-10;7;Aprobado
44490644-UX100;2025-03-10;1;Desaprobado
45539704-NEG400;2025-03-10;8;Aprobado
45711997-MKT200;2025-03-10;4;Aprobado
45775192-IA300;2025-03-10;3;Desaprobado
46193548-DAT201;2025-03-10;2;Desaprobado
46572742-DEV101;2025-03-10;1;Desaprobado
46966361-DAT201;2025-03-10;9;Aprobado
47221206-DAT201;2025-03-10;3;Desaprobado
30713710-DAT201;2025-03-11;2;Desaprobado
31153469-IA400;2025-03-11;3;Desaprobado
34577564-DAT101;2025-03-11;1;Desaprobado
34832335-IA400;2025-03-11;8;Aprobado
34841664-DEV101;2025-03-11;10;Aprobado
34923335-NEG400;2025-03-11;10;Aprobado
36659434-GEN101;2025-03-11;6;Aprobado
39068971-DAT101;2025-03-11;5;Aprobado
39160706-MKT200;2025-03-11;2;Desaprobado
40774819-DAT201;2025-03-11;7;Aprobado
40916647-DAT305;2025-03-11;5;Aprobado
43690930-GEN101;2025-03-11;4;Aprobado
44025027-DAT201;2025-03-11;1;Desaprobado
46762093-NEG400;2025-03-11;10;Aprobado
47607767-DAT101;2025-03-11;8;Aprobado
31318273-MKT200;2025-03-12;7;Aprobado
32098690-IA300;2025-03-12;6;Aprobado
33179098-DAT101;2025-03-12;4;Aprobado
33452954-DAT305;2025-03-12;9;Aprobado
34785335-MKT200;2025-03-12;6;Aprobado
34888999-IA300;2025-03-12;2;Desaprobado
34944058-DAT201;2025-03-12;8;Aprobado
36257669-DAT305;2025-03-12;2;Desaprobado
36745278-DEV101;2025-03-12;10;Aprobado
36971688-DEV101;2025-03-12;6;Aprobado
37799625-GEN101;2025-03-12;6;Aprobado
40283838-IA300;2025-03-12;10;Aprobado
40287807-DAT201;2025-03-12;1;Desaprobado
43456083-MKT200;2025-03-12;3;Desaprobado
43558573-GEN101;2025-03-12;1;Desaprobado
43615605-MKT200;2025-03-12;8;Aprobado
44216431-DAT101;2025-03-12;9;Aprobado
44229724-DEV101;2025-03-12;9;Aprobado
44827801-IA300;2025-03-12;7;Aprobado
45311516-IA300;2025-03-12;1;Desaprobado
45759579-DAT101;2025-03-12;1;Desaprobado
46314784-NEG400;2025-03-12;3;Desaprobado
46398361-GEN101;2025-03-12;6;Aprobado
46518516-DEV101;2025-03-12;3;Desaprobado
30677244-NEG400;2025-03-13;9;Aprobado
32776935-IA400;2025-03-13;2;Desaprobado
32816822-DAT201;2025-03-13;3;Desaprobado
34130787-MKT200;2025-03-13;2;Desaprobado
34869838-DAT201;2025-03-13;4;Aprobado
35038799-DEV101;2025-03-13;1;Desaprobado
35850567-IA400;2025-03-13;9;Aprobado
35930527-DAT101;2025-03-13;10;Aprobado
35951430-NEG400;2025-03-13;7;Aprobado
37456292-DAT201;2025-03-13;6;Aprobado
38531146-DAT305;2025-03-13;2;Desaprobado
40400092-DAT101;2025-03-13;7;Aprobado
40745106-UX100;2025-03-13;9;Aprobado
41132630-UX100;2025-03-13;4;Aprobado
44221505-DEV101;2025-03-13;5;Aprobado
44345701-DAT305;2025-03-13;6;Aprobado
46256042-IA400;2025-03-13;8;Aprobado
47611874-GEN101;2025-03-13;5;Aprobado
31297438-UX100;2025-03-14;2;Desaprobado
31355414-UX100;2025-03-14;2;Desaprobado
31360651-DAT101;2025-03-14;9;Aprobado
31864701-IA300;2025-03-14;6;Aprobado
32905120-DAT201;2025-03-14;3;Desaprobado
32986537-IA300;2025-03-14;10;Aprobado
33362152-IA300;2025-03-14;8;Aprobado
34353357-NEG400;2025-03-14;6;Aprobado
35809204-IA400;2025-03-14;10;Aprobado
37226510-NEG400;2025-03-14;5;Aprobado
37639684-MKT200;2025-03-14;4;Aprobado
40228309-NEG400;2025-03-14;3;Desaprobado
40967959-NEG400;2025-03-14;6;Aprobado
41398180-UX100;2025-03-14;2;Desaprobado
43496203-GEN101;2025-03-14;10;Aprobado
43652049-DAT101;2025-03-14;10;Aprobado
43831919-UX100;2025-03-14;7;Aprobado
43871165-GEN101;2025-03-14;8;Aprobado
44224033-DAT305;2025-03-14;2;Desaprobado
47826221-GEN101;2025-03-14;8;Aprobado
31379839-DAT101;2025-03-15;6;Aprobado
31848115-IA400;2025-03-15;4;Aprobado
32705831-DAT305;2025-03-15;7;Aprobado
33568791-DAT305;2025-03-15;2;Desaprobado
35077928-DAT305;2025-03-15;7;Aprobado
36304118-DEV101;2025-03-15;7;Aprobado
37974144-IA300;2025-03-15;5;Aprobado
38002503-IA300;2025-03-15;7;Aprobado
39126892-DAT201;2025-03-15;8;Aprobado
40253163-IA300;2025-03-15;10;Aprobado
43615605-IA300;2025-03-15;10;Aprobado
43991288-IA400;2025-03-15;5;Aprobado
44730308-DAT305;2025-03-15;2;Desaprobado
45474619-GEN101;2025-03-15;7;Aprobado
47021675-MKT200;2025-03-15;3;Desaprobado
47454606-DAT201;2025-03-15;10;Aprobado
47649810-NEG400;2025-03-15;2;Desaprobado
31278420-DAT101;2025-03-16;5;Aprobado
32463030-MKT200;2025-03-16;2;Desaprobado
32965831-UX100;2025-03-16;10;Aprobado
34355144-UX100;2025-03-16;7;Aprobado
34896530-DAT305;2025-03-16;6;Aprobado
35608376-DAT201;2025-03-16;7;Aprobado
35821025-DAT201;2025-03-16;7;Aprobado
36421707-IA300;2025-03-16;2;Desaprobado
36745278-UX100;2025-03-16;4;Aprobado
38452657-DAT101;2025-03-16;2;Desaprobado
38693211-GEN101;2025-03-16;2;Desaprobado
39107282-GEN101;2025-03-16;7;Aprobado
39820530-UX100;2025-03-16;6;Aprobado
40176154-IA300;2025-03-16;4;Aprobado
41785959-GEN101;2025-03-16;6;Aprobado
43729856-NEG400;2025-03-16;5;Aprobado
44101321-UX100;2025-03-16;2;Desaprobado
46828583-DAT305;2025-03-16;3;Desaprobado
46890428-DAT101;2025-03-16;9;Aprobado
30811908-UX100;2025-03-17;8;Aprobado
30923193-DAT305;2025-03-17;8;Aprobado
31020972-IA300;2025-03-17;9;Aprobado
32581169-UX100;2025-03-17;3;Desaprobado
33175574-DAT101;2025-03-17;3;Desaprobado
34648956-GEN101;2025-03-17;8;Aprobado
37008739-IA300;2025-03-17;5;Aprobado
39255922-GEN101;2025-03-17;3;Desaprobado
40045468-GEN101;2025-03-17;7;Aprobado
40253163-IA400;2025-03-17;9;Aprobado
46780927-IA300;2025-03-17;3;Desaprobado
47022459-DEV101;2025-03-17;4;Aprobado
47122979-DAT201;2025-03-17;6;Aprobado
30074046-DAT305;2025-03-18;8;Aprobado
30268860-IA400;2025-03-18;2;Desaprobado
30395149-UX100;2025-03-18;4;Aprobado
31313953-IA300;2025-03-18;4;Aprobado
33088513-DEV101;2025-03-18;7;Aprobado
34647475-IA400;2025-03-18;9;Aprobado
34869838-DEV101;2025-03-18;7;Aprobado
35837738-NEG400;2025-03-18;8;Aprobado
36996781-GEN101;2025-03-18;1;Desaprobado
37098062-DAT305;2025-03-18;2;Desaprobado
37458197-GEN101;2025-03-18;8;Aprobado
37561242-DEV101;2025-03-18;3;Desaprobado
37679372-IA400;2025-03-18;5;Aprobado
38661719-GEN101;2025-03-18;2;Desaprobado
39337175-DAT101;2025-03-18;10;Aprobado
39647120-DAT101;2025-03-18;7;Aprobado
43286289-DAT201;2025-03-18;2;Desaprobado
43492230-DAT305;2025-03-18;7;Aprobado
47367569-NEG400;2025-03-18;9;Aprobado
47649810-NEG400;2025-03-18;8;Aprobado
47908881-MKT200;2025-03-18;10;Aprobado
30528419-UX100;2025-03-19;9;Aprobado
31081090-UX100;2025-03-19;5;Aprobado
31547849-MKT200;2025-03-19;1;Desaprobado
32281165-DAT201;2025-03-19;3;Desaprobado
33418893-DAT101;2025-03-19;10;Aprobado
33610212-IA400;2025-03-19;4;Aprobado
34057124-NEG400;2025-03-19;9;Aprobado
34987487-DAT305;2025-03-19;3;Desaprobado
35410565-UX100;2025-03-19;10;Aprobado
36257669-IA400;2025-03-19;7;Aprobado
37057932-NEG400;2025-03-19;2;Desaprobado
37095694-DEV101;2025-03-19;4;Aprobado
37286941-DEV101;2025-03-19;6;Aprobado
37456292-DEV101;2025-03-19;8;Aprobado
38070258-DAT305;2025-03-19;1;Desaprobado
38940969-GEN101;2025-03-19;2;Desaprobado
39547835-MKT200;2025-03-19;1;Desaprobado
39905167-DAT201;2025-03-19;8;Aprobado
40140970-NEG400;2025-03-19;4;Aprobado
43831919-DAT305;2025-03-19;8;Aprobado
44101321-GEN101;2025-03-19;1;Desaprobado
44190336-MKT200;2025-03-19;6;Aprobado
46997300-IA300;2025-03-19;10;Aprobado
47556368-MKT200;2025-03-19;7;Aprobado
47915465-IA300;2025-03-19;8;Aprobado
30173121-IA400;2025-03-20;2;Desaprobado
31185628-UX100;2025-03-20;8;Aprobado
32286145-IA300;2025-03-20;4;Aprobado
33594873-DEV101;2025-03-20;7;Aprobado
34353357-MKT200;2025-03-20;4;Aprobado
36570791-UX100;2025-03-20;9;Aprobado
37098062-IA400;2025-03-20;8;Aprobado
38393487-DAT101;2025-03-20;4;Aprobado
38452657-IA300;2025-03-20;5;Aprobado
38549006-DAT305;2025-03-20;3;Desaprobado
39195104-MKT200;2025-03-20;4;Aprobado
39337175-UX100;2025-03-20;9;Aprobado
40745106-DAT101;2025-03-20;7;Aprobado
41337962-IA400;2025-03-20;4;Aprobado
43069128-DAT101;2025-03-20;8;Aprobado
44407218-NEG400;2025-03-20;5;Aprobado
44492127-IA400;2025-03-20;9;Aprobado
45711997-IA400;2025-03-20;2;Desaprobado
31909036-IA300;2025-03-21;1;Desaprobado
32108581-GEN101;2025-03-21;2;Desaprobado
33362152-NEG400;2025-03-21;7;Aprobado
33714793-GEN101;2025-03-21;6;Aprobado
34151433-DEV101;2025-03-21;6;Aprobado
34355689-GEN101;2025-03-21;4;Aprobado
35608376-DAT101;2025-03-21;6;Aprobado
36421707-GEN101;2025-03-21;7;Aprobado
37874267-MKT200;2025-03-21;2;Desaprobado
39473672-DAT101;2025-03-21;6;Aprobado
39733145-IA300;2025-03-21;8;Aprobado
39817999-IA400;2025-03-21;1;Desaprobado
41051648-GEN101;2025-03-21;6;Aprobado
43402603-DAT305;2025-03-21;8;Aprobado
45011218-DEV101;2025-03-21;1;Desaprobado
45404573-DAT201;2025-03-21;5;Aprobado
30639152-DAT201;2025-03-22;9;Aprobado
31748817-IA400;2025-03-22;4;Aprobado
32935035-DEV101;2025-03-22;10;Aprobado
33594873-NEG400;2025-03-22;7;Aprobado
34887945-MKT200;2025-03-22;6;Aprobado
35054932-GEN101;2025-03-22;7;Aprobado
36169395-DAT101;2025-03-22;9;Aprobado
37219780-IA300;2025-03-22;1;Desaprobado
38340878-MKT200;2025-03-22;5;Aprobado
39195104-IA400;2025-03-22;10;Aprobado
40358538-DEV101;2025-03-22;2;Desaprobado
41337962-NEG400;2025-03-22;2;Desaprobado
41785959-IA300;2025-03-22;10;Aprobado
44398280-DAT305;2025-03-22;5;Aprobado
45444903-IA400;2025-03-22;8;Aprobado
46024126-IA300;2025-03-22;7;Aprobado
46329934-MKT200;2025-03-22;9;Aprobado
47163691-MKT200;2025-03-22;1;Desaprobado
47199649-MKT200;2025-03-22;10;Aprobado
47633067-UX100;2025-03-22;3;Desaprobado
30649167-MKT200;2025-03-23;3;Desaprobado
31153469-NEG400;2025-03-23;7;Aprobado
32459600-UX100;2025-03-23;1;Desaprobado
33683627-DAT101;2025-03-23;5;Aprobado
34648956-NEG400;2025-03-23;4;Aprobado
34873483-IA300;2025-03-23;9;Aprobado
37572605-NEG400;2025-03-23;9;Aprobado
37802380-UX100;2025-03-23;6;Aprobado
38002503-DAT201;2025-03-23;10;Aprobado
38066467-UX100;2025-03-23;10;Aprobado
45890411-NEG400;2025-03-23;4;Aprobado
46345360-UX100;2025-03-23;10;Aprobado
46909132-NEG400;2025-03-23;8;Aprobado
47700089-MKT200;2025-03-23;6;Aprobado
31662806-IA400;2025-03-24;4;Aprobado
31742344-NEG400;2025-03-24;4;Aprobado
31864701-DAT201;2025-03-24;5;Aprobado
32889452-MKT200;2025-03-24;5;Aprobado
33846409-DAT101;2025-03-24;2;Desaprobado
34197558-DEV101;2025-03-24;2;Desaprobado
34696467-IA300;2025-03-24;5;Aprobado
35385278-UX100;2025-03-24;2;Desaprobado
35629692-NEG400;2025-03-24;2;Desaprobado
36443537-NEG400;2025-03-24;9;Aprobado
39046561-DAT305;2025-03-24;5;Aprobado
39278348-UX100;2025-03-24;8;Aprobado
39733145-GEN101;2025-03-24;10;Aprobado
40116733-DEV101;2025-03-24;10;Aprobado
41083641-UX100;2025-03-24;2;Desaprobado
41132630-DEV101;2025-03-24;5;Aprobado
43185797-DAT201;2025-03-24;8;Aprobado
44182964-MKT200;2025-03-24;10;Aprobado
45291864-IA400;2025-03-24;1;Desaprobado
45711997-DAT305;2025-03-24;2;Desaprobado
30356437-DAT101;2025-03-25;10;Aprobado
34933614-UX100;2025-03-25;6;Aprobado
35407054-MKT200;2025-03-25;5;Aprobado
36780964-DAT201;2025-03-25;9;Aprobado
39407484-UX100;2025-03-25;6;Aprobado
43647497-DAT305;2025-03-25;9;Aprobado
43751737-IA400;2025-03-25;9;Aprobado
44754301-NEG400;2025-03-25;5;Aprobado
45825230-IA400;2025-03-25;1;Desaprobado
47481163-IA400;2025-03-25;4;Aprobado
47707678-DAT101;2025-03-25;6;Aprobado
47776360-GEN101;2025-03-25;1;Desaprobado
30187041-DAT305;2025-03-26;6;Aprobado
30219683-DAT305;2025-03-26;6;Aprobado
30506698-UX100;2025-03-26;4;Aprobado
30703214-DEV101;2025-03-26;3;Desaprobado
31445923-DEV101;2025-03-26;5;Aprobado
32034364-GEN101;2025-03-26;1;Desaprobado
32329071-DAT201;2025-03-26;7;Aprobado
32839194-DAT101;2025-03-26;4;Aprobado
33353197-DAT305;2025-03-26;10;Aprobado
35410565-NEG400;2025-03-26;5;Aprobado
37947511-NEG400;2025-03-26;7;Aprobado
41084438-DEV101;2025-03-26;10;Aprobado
45338648-MKT200;2025-03-26;6;Aprobado
46193548-DAT101;2025-03-26;4;Aprobado
47182282-DEV101;2025-03-26;4;Aprobado
47649810-GEN101;2025-03-26;9;Aprobado
31898350-DAT201;2025-03-27;3;Desaprobado
32723334-DAT101;2025-03-27;9;Aprobado
32986537-DEV101;2025-03-27;5;Aprobado
33179098-MKT200;2025-03-27;10;Aprobado
33896639-DAT101;2025-03-27;9;Aprobado
35147199-NEG400;2025-03-27;1;Desaprobado
36600824-UX100;2025-03-27;7;Aprobado
37725025-NEG400;2025-03-27;10;Aprobado
37763133-GEN101;2025-03-27;3;Desaprobado
39023389-UX100;2025-03-27;8;Aprobado
41994164-DAT201;2025-03-27;2;Desaprobado
43537356-DAT305;2025-03-27;7;Aprobado
44334164-NEG400;2025-03-27;8;Aprobado
44754060-DAT305;2025-03-27;1;Desaprobado
44965151-IA400;2025-03-27;2;Desaprobado
45150526-UX100;2025-03-27;3;Desaprobado
32821847-IA400;2025-03-28;5;Aprobado
33520372-DAT201;2025-03-28;4;Aprobado
34294158-UX100;2025-03-28;3;Desaprobado
37171122-MKT200;2025-03-28;10;Aprobado
38089426-IA400;2025-03-28;3;Desaprobado
40045468-IA400;2025-03-28;4;Aprobado
40330349-MKT200;2025-03-28;7;Aprobado
40804778-DAT201;2025-03-28;2;Desaprobado
43704659-GEN101;2025-03-28;2;Desaprobado
44049715-DAT101;2025-03-28;2;Desaprobado
44830567-DEV101;2025-03-28;8;Aprobado
46418357-DEV101;2025-03-28;6;Aprobado
31355414-DAT305;2025-03-29;7;Aprobado
33566074-DAT305;2025-03-29;3;Desaprobado
36065546-NEG400;2025-03-29;7;Aprobado
36701529-DAT305;2025-03-29;4;Aprobado
36858459-NEG400;2025-03-29;10;Aprobado
41066323-IA300;2025-03-29;9;Aprobado
41132630-DAT305;2025-03-29;5;Aprobado
44376034-IA300;2025-03-29;3;Desaprobado
45041443-IA300;2025-03-29;5;Aprobado
47207202-DEV101;2025-03-29;2;Desaprobado
30268860-NEG400;2025-03-30;8;Aprobado
31992185-NEG400;2025-03-30;9;Aprobado
32664172-MKT200;2025-03-30;3;Desaprobado
33614240-IA400;2025-03-30;4;Aprobado
34108557-GEN101;2025-03-30;1;Desaprobado
36996781-DAT101;2025-03-30;9;Aprobado
37659718-GEN101;2025-03-30;10;Aprobado
38531623-DAT201;2025-03-30;1;Desaprobado
39073370-NEG400;2025-03-30;7;Aprobado
39412125-GEN101;2025-03-30;8;Aprobado
41051244-DAT201;2025-03-30;4;Aprobado
41056827-GEN101;2025-03-30;5;Aprobado
41816794-DAT101;2025-03-30;7;Aprobado
43249808-DAT201;2025-03-30;1;Desaprobado
44512365-MKT200;2025-03-30;3;Desaprobado
44988509-DEV101;2025-03-30;5;Aprobado
45076705-GEN101;2025-03-30;9;Aprobado
46518516-DEV101;2025-03-30;9;Aprobado
46886132-NEG400;2025-03-30;10;Aprobado
30163309-GEN101;2025-03-31;5;Aprobado
30344498-IA400;2025-03-31;6;Aprobado
32098690-DAT305;2025-03-31;1;Desaprobado
32362905-DEV101;2025-03-31;6;Aprobado
33714793-NEG400;2025-03-31;3;Desaprobado
34615409-DAT305;2025-03-31;1;Desaprobado
35850567-DAT305;2025-03-31;8;Aprobado
37162747-NEG400;2025-03-31;1;Desaprobado
39023389-IA400;2025-03-31;10;Aprobado
39473672-DAT305;2025-03-31;8;Aprobado
40305444-UX100;2025-03-31;7;Aprobado
43662150-IA400;2025-03-31;6;Aprobado
43704659-DAT101;2025-03-31;10;Aprobado
44398280-DAT305;2025-03-31;4;Aprobado
44476887-GEN101;2025-03-31;10;Aprobado
45820668-DEV101;2025-03-31;3;Desaprobado
46435125-MKT200;2025-03-31;6;Aprobado
47633067-DAT101;2025-03-31;4;Aprobado
31239788-IA400;2025-04-01;2;Desaprobado
31909036-NEG400;2025-04-01;2;Desaprobado
32283744-IA300;2025-04-01;2;Desaprobado
33143242-DAT101;2025-04-01;3;Desaprobado
33143242-DEV101;2025-04-01;5;Aprobado
33831924-UX100;2025-04-01;3;Desaprobado
34883029-DAT305;2025-04-01;2;Desaprobado
35809204-NEG400;2025-04-01;10;Aprobado
38773709-NEG400;2025-04-01;1;Desaprobado
40454674-UX100;2025-04-01;8;Aprobado
40804778-DAT305;2025-04-01;6;Aprobado
40915348-DAT101;2025-04-01;8;Aprobado
41721070-DAT201;2025-04-01;5;Aprobado
43558573-MKT200;2025-04-01;3;Desaprobado
43678310-DAT201;2025-04-01;5;Aprobado
44115122-NEG400;2025-04-01;7;Aprobado
44454123-IA300;2025-04-01;7;Aprobado
45980462-NEG400;2025-04-01;7;Aprobado
46321118-MKT200;2025-04-01;6;Aprobado
47404191-UX100;2025-04-01;2;Desaprobado
47582243-GEN101;2025-04-01;10;Aprobado
47983495-DAT101;2025-04-01;5;Aprobado
30430162-DEV101;2025-04-02;10;Aprobado
30430162-UX100;2025-04-02;7;Aprobado
32201924-IA400;2025-04-02;3;Desaprobado
32498967-GEN101;2025-04-02;2;Desaprobado
32705831-DAT101;2025-04-02;7;Aprobado
33418893-DAT201;2025-04-02;10;Aprobado
34401288-DAT101;2025-04-02;5;Aprobado
34814097-DAT305;2025-04-02;1;Desaprobado
36511898-GEN101;2025-04-02;2;Desaprobado
36542829-DEV101;2025-04-02;7;Aprobado
37370656-MKT200;2025-04-02;7;Aprobado
37839367-GEN101;2025-04-02;9;Aprobado
38042975-NEG400;2025-04-02;3;Desaprobado
39087618-UX100;2025-04-02;2;Desaprobado
39407484-MKT200;2025-04-02;4;Aprobado
40039504-GEN101;2025-04-02;2;Desaprobado
40235116-MKT200;2025-04-02;5;Aprobado
43871938-DAT305;2025-04-02;8;Aprobado
44235496-MKT200;2025-04-02;6;Aprobado
45825230-MKT200;2025-04-02;6;Aprobado
45841815-DEV101;2025-04-02;5;Aprobado
46069202-DEV101;2025-04-02;6;Aprobado
46170762-NEG400;2025-04-02;6;Aprobado
31908414-IA300;2025-04-03;5;Aprobado
34743897-DAT305;2025-04-03;1;Desaprobado
35994686-DAT201;2025-04-03;7;Aprobado
39337175-DAT305;2025-04-03;9;Aprobado
39684156-DAT101;2025-04-03;3;Desaprobado
41066323-IA400;2025-04-03;7;Aprobado
46233381-NEG400;2025-04-03;9;Aprobado
46585675-DEV101;2025-04-03;8;Aprobado
46965600-IA300;2025-04-03;4;Aprobado
47103537-UX100;2025-04-03;2;Desaprobado
31261719-IA400;2025-04-04;8;Aprobado
32965831-NEG400;2025-04-04;7;Aprobado
33320861-IA400;2025-04-04;5;Aprobado
34661132-DAT101;2025-04-04;1;Desaprobado
36617253-GEN101;2025-04-04;3;Desaprobado
37095694-UX100;2025-04-04;2;Desaprobado
38695540-GEN101;2025-04-04;4;Aprobado
39996815-IA300;2025-04-04;2;Desaprobado
43521267-DEV101;2025-04-04;10;Aprobado
44651662-NEG400;2025-04-04;5;Aprobado
45654702-MKT200;2025-04-04;4;Aprobado
45694620-IA300;2025-04-04;5;Aprobado
47582243-IA300;2025-04-04;5;Aprobado
47707678-IA300;2025-04-04;4;Aprobado
30946573-MKT200;2025-04-05;6;Aprobado
32451951-IA300;2025-04-05;2;Desaprobado
32986537-DAT101;2025-04-05;3;Desaprobado
33745990-GEN101;2025-04-05;4;Aprobado
33984071-MKT200;2025-04-05;8;Aprobado
34089245-IA400;2025-04-05;5;Aprobado
34316765-GEN101;2025-04-05;2;Desaprobado
35383408-IA400;2025-04-05;7;Aprobado
36998955-GEN101;2025-04-05;7;Aprobado
37039481-DEV101;2025-04-05;3;Desaprobado
39006974-UX100;2025-04-05;4;Aprobado
39475622-DAT201;2025-04-05;10;Aprobado
39765048-DAT201;2025-04-05;7;Aprobado
40204911-MKT200;2025-04-05;4;Aprobado
40846299-GEN101;2025-04-05;3;Desaprobado
43991288-MKT200;2025-04-05;7;Aprobado
44115122-MKT200;2025-04-05;10;Aprobado
45654702-IA400;2025-04-05;8;Aprobado
46155741-NEG400;2025-04-05;4;Aprobado
46281181-IA300;2025-04-05;5;Aprobado
30268860-DEV101;2025-04-06;9;Aprobado
31261719-DEV101;2025-04-06;8;Aprobado
32098690-IA300;2025-04-06;7;Aprobado
32100445-DAT305;2025-04-06;2;Desaprobado
32441127-NEG400;2025-04-06;9;Aprobado
32860968-UX100;2025-04-06;3;Desaprobado
33582066-DAT101;2025-04-06;9;Aprobado
34288472-DAT201;2025-04-06;2;Desaprobado
34696467-IA300;2025-04-06;1;Desaprobado
35199789-NEG400;2025-04-06;3;Desaprobado
35930527-NEG400;2025-04-06;4;Aprobado
40175984-UX100;2025-04-06;4;Aprobado
40774819-DAT101;2025-04-06;7;Aprobado
41016204-DAT201;2025-04-06;10;Aprobado
45459710-IA300;2025-04-06;7;Aprobado
45820009-DEV101;2025-04-06;1;Desaprobado
46762093-DAT305;2025-04-06;2;Desaprobado
46992814-IA300;2025-04-06;4;Aprobado
47214050-GEN101;2025-04-06;1;Desaprobado
47733210-DAT201;2025-04-06;3;Desaprobado
30268860-DEV101;2025-04-07;1;Desaprobado
30520054-MKT200;2025-04-07;10;Aprobado
31471846-NEG400;2025-04-07;1;Desaprobado
32839404-NEG400;2025-04-07;5;Aprobado
33714793-IA400;2025-04-07;9;Aprobado
34343190-IA300;2025-04-07;9;Aprobado
35077928-GEN101;2025-04-07;6;Aprobado
36971688-UX100;2025-04-07;4;Aprobado
36974458-UX100;2025-04-07;6;Aprobado
37392794-NEG400;2025-04-07;2;Desaprobado
39335040-IA300;2025-04-07;5;Aprobado
40358538-IA300;2025-04-07;10;Aprobado
40661993-MKT200;2025-04-07;8;Aprobado
40998609-DEV101;2025-04-07;6;Aprobado
41273545-DEV101;2025-04-07;1;Desaprobado
43162851-UX100;2025-04-07;3;Desaprobado
43832291-DEV101;2025-04-07;10;Aprobado
44702371-DAT201;2025-04-07;9;Aprobado
44998271-NEG400;2025-04-07;9;Aprobado
45309663-DEV101;2025-04-07;5;Aprobado
45820009-DAT305;2025-04-07;5;Aprobado
47162613-DAT305;2025-04-07;6;Aprobado
31324108-NEG400;2025-04-08;2;Desaprobado
33614240-GEN101;2025-04-08;4;Aprobado
33895965-MKT200;2025-04-08;5;Aprobado
34057124-UX100;2025-04-08;6;Aprobado
34627342-IA300;2025-04-08;6;Aprobado
35580984-DEV101;2025-04-08;1;Desaprobado
36028849-NEG400;2025-04-08;7;Aprobado
36200569-IA300;2025-04-08;4;Aprobado
37412229-UX100;2025-04-08;10;Aprobado
37672436-DEV101;2025-04-08;5;Aprobado
38070258-UX100;2025-04-08;1;Desaprobado
40140970-IA400;2025-04-08;7;Aprobado
40597857-DAT201;2025-04-08;1;Desaprobado
44229724-NEG400;2025-04-08;5;Aprobado
45563814-DAT305;2025-04-08;10;Aprobado
45865176-IA400;2025-04-08;2;Desaprobado
47399378-NEG400;2025-04-08;7;Aprobado
47517294-NEG400;2025-04-08;6;Aprobado
30301798-DAT101;2025-04-09;10;Aprobado
30483176-DEV101;2025-04-09;2;Desaprobado
32441127-UX100;2025-04-09;7;Aprobado
33229738-NEG400;2025-04-09;7;Aprobado
34108557-IA400;2025-04-09;2;Desaprobado
34933614-UX100;2025-04-09;3;Desaprobado
36718901-NEG400;2025-04-09;2;Desaprobado
37335497-NEG400;2025-04-09;5;Aprobado
37370656-UX100;2025-04-09;1;Desaprobado
39126892-DAT201;2025-04-09;2;Desaprobado
39311402-IA300;2025-04-09;3;Desaprobado
40014561-DAT201;2025-04-09;2;Desaprobado
40409948-IA300;2025-04-09;1;Desaprobado
41559534-DAT305;2025-04-09;5;Aprobado
43416171-GEN101;2025-04-09;2;Desaprobado
44454123-NEG400;2025-04-09;3;Desaprobado
45589540-UX100;2025-04-09;9;Aprobado
45663240-DAT305;2025-04-09;9;Aprobado
45820009-NEG400;2025-04-09;4;Aprobado
46170762-IA400;2025-04-09;4;Aprobado
46762093-DAT101;2025-04-09;7;Aprobado
46762093-IA400;2025-04-09;1;Desaprobado
47199649-IA300;2025-04-09;3;Desaprobado
30382587-IA300;2025-04-10;9;Aprobado
30713710-UX100;2025-04-10;9;Aprobado
30958838-DAT201;2025-04-10;3;Desaprobado
32776935-MKT200;2025-04-10;10;Aprobado
33596181-MKT200;2025-04-10;8;Aprobado
35115152-DAT101;2025-04-10;9;Aprobado
35476879-UX100;2025-04-10;10;Aprobado
35994686-MKT200;2025-04-10;5;Aprobado
36304118-GEN101;2025-04-10;10;Aprobado
36992557-DEV101;2025-04-10;8;Aprobado
37829833-NEG400;2025-04-10;1;Desaprobado
40099804-IA400;2025-04-10;5;Aprobado
40366603-NEG400;2025-04-10;9;Aprobado
41234290-DAT305;2025-04-10;9;Aprobado
43286289-DAT305;2025-04-10;8;Aprobado
43507384-IA400;2025-04-10;2;Desaprobado
43652049-MKT200;2025-04-10;4;Aprobado
45499218-DEV101;2025-04-10;1;Desaprobado
31864701-GEN101;2025-04-11;7;Aprobado
33452954-GEN101;2025-04-11;8;Aprobado
33914516-DAT201;2025-04-11;6;Aprobado
35509748-IA400;2025-04-11;10;Aprobado
35667236-IA400;2025-04-11;1;Desaprobado
36742732-DAT101;2025-04-11;9;Aprobado
37090862-UX100;2025-04-11;6;Aprobado
39281798-DAT305;2025-04-11;2;Desaprobado
40423919-DAT201;2025-04-11;3;Desaprobado
40904939-DAT101;2025-04-11;3;Desaprobado
40950154-NEG400;2025-04-11;4;Aprobado
41001006-UX100;2025-04-11;1;Desaprobado
41422321-MKT200;2025-04-11;2;Desaprobado
41627786-DAT305;2025-04-11;2;Desaprobado
43506692-DEV101;2025-04-11;4;Aprobado
43714584-IA300;2025-04-11;6;Aprobado
43991288-MKT200;2025-04-11;8;Aprobado
45186536-IA300;2025-04-11;5;Aprobado
45256600-GEN101;2025-04-11;4;Aprobado
45474619-DAT101;2025-04-11;6;Aprobado
45544606-DAT101;2025-04-11;9;Aprobado
45890411-NEG400;2025-04-11;3;Desaprobado
46653953-NEG400;2025-04-11;5;Aprobado
46992814-DAT201;2025-04-11;1;Desaprobado
47556368-NEG400;2025-04-11;4;Aprobado
30294943-MKT200;2025-04-12;3;Desaprobado
30703214-GEN101;2025-04-12;8;Aprobado
31206140-GEN101;2025-04-12;4;Aprobado
31425696-DAT201;2025-04-12;5;Aprobado
32027618-UX100;2025-04-12;4;Aprobado
32100445-DAT305;2025-04-12;10;Aprobado
32100445-NEG400;2025-04-12;7;Aprobado
32171676-DAT201;2025-04-12;7;Aprobado
33596181-MKT200;2025-04-12;9;Aprobado
34130787-UX100;2025-04-12;2;Desaprobado
38017139-NEG400;2025-04-12;7;Aprobado
39297755-UX100;2025-04-12;7;Aprobado
39765048-NEG400;2025-04-12;2;Desaprobado
40296795-MKT200;2025-04-12;1;Desaprobado
41671067-DAT101;2025-04-12;4;Aprobado
46329934-IA300;2025-04-12;1;Desaprobado
46828583-DEV101;2025-04-12;8;Aprobado
30301798-IA400;2025-04-13;7;Aprobado
31531992-DAT201;2025-04-13;3;Desaprobado
34883029-UX100;2025-04-13;9;Aprobado
36156003-UX100;2025-04-13;8;Aprobado
38313159-UX100;2025-04-13;8;Aprobado
38964128-DAT201;2025-04-13;5;Aprobado
39480865-DEV101;2025-04-13;3;Desaprobado
41994956-NEG400;2025-04-13;8;Aprobado
43889224-DAT305;2025-04-13;3;Desaprobado
44284431-DAT101;2025-04-13;7;Aprobado
46398361-DAT201;2025-04-13;1;Desaprobado
47122979-DAT201;2025-04-13;3;Desaprobado
30703214-NEG400;2025-04-14;4;Aprobado
31278420-NEG400;2025-04-14;1;Desaprobado
31615043-MKT200;2025-04-14;7;Aprobado
32119317-DAT305;2025-04-14;8;Aprobado
32805911-DEV101;2025-04-14;5;Aprobado
32839194-NEG400;2025-04-14;5;Aprobado
33520372-DAT305;2025-04-14;10;Aprobado
34577564-UX100;2025-04-14;6;Aprobado
35147199-DAT201;2025-04-14;3;Desaprobado
35450908-IA300;2025-04-14;4;Aprobado
35667236-DEV101;2025-04-14;8;Aprobado
36065546-DAT201;2025-04-14;4;Aprobado
37106276-IA300;2025-04-14;6;Aprobado
38002503-DAT305;2025-04-14;1;Desaprobado
41641503-IA300;2025-04-14;8;Aprobado
43492230-DAT305;2025-04-14;3;Desaprobado
43542829-DAT101;2025-04-14;10;Aprobado
43721576-UX100;2025-04-14;3;Desaprobado
43871938-IA400;2025-04-14;8;Aprobado
46356164-DEV101;2025-04-14;8;Aprobado
47582243-DEV101;2025-04-14;4;Aprobado
31110381-DAT305;2025-04-15;9;Aprobado
31349203-DAT101;2025-04-15;6;Aprobado
33276302-GEN101;2025-04-15;1;Desaprobado
34089245-NEG400;2025-04-15;2;Desaprobado
35294128-IA300;2025-04-15;4;Aprobado
37370656-DAT305;2025-04-15;7;Aprobado
37907386-NEG400;2025-04-15;4;Aprobado
38310176-NEG400;2025-04-15;9;Aprobado
38780853-NEG400;2025-04-15;5;Aprobado
39623347-IA300;2025-04-15;3;Desaprobado
40253163-DAT101;2025-04-15;1;Desaprobado
40311533-GEN101;2025-04-15;6;Aprobado
41833461-IA400;2025-04-15;3;Desaprobado
43941263-DAT305;2025-04-15;8;Aprobado
44049715-DAT305;2025-04-15;8;Aprobado
44101321-NEG400;2025-04-15;7;Aprobado
44197978-UX100;2025-04-15;3;Desaprobado
44376034-GEN101;2025-04-15;9;Aprobado
44521729-UX100;2025-04-15;10;Aprobado
45315237-DAT101;2025-04-15;3;Desaprobado
45694620-GEN101;2025-04-15;5;Aprobado
46225626-MKT200;2025-04-15;2;Desaprobado
47199649-DEV101;2025-04-15;7;Aprobado
47233498-DEV101;2025-04-15;5;Aprobado
47733210-DAT305;2025-04-15;3;Desaprobado
31221480-DAT305;2025-04-16;2;Desaprobado
31221480-UX100;2025-04-16;10;Aprobado
32441127-DAT101;2025-04-16;7;Aprobado
32860968-DAT201;2025-04-16;1;Desaprobado
34814097-IA400;2025-04-16;10;Aprobado
35532629-DAT101;2025-04-16;9;Aprobado
36600824-DAT201;2025-04-16;1;Desaprobado
36858459-DAT305;2025-04-16;3;Desaprobado
36882138-UX100;2025-04-16;7;Aprobado
37098062-DAT101;2025-04-16;9;Aprobado
38275238-DEV101;2025-04-16;3;Desaprobado
39396593-DAT201;2025-04-16;10;Aprobado
39407484-IA400;2025-04-16;4;Aprobado
40745106-DAT101;2025-04-16;3;Desaprobado
43055426-DAT101;2025-04-16;10;Aprobado
44811354-DAT101;2025-04-16;7;Aprobado
45499218-DAT201;2025-04-16;6;Aprobado
46410216-NEG400;2025-04-16;9;Aprobado
47517294-GEN101;2025-04-16;4;Aprobado
30523625-DAT101;2025-04-17;4;Aprobado
30781172-IA300;2025-04-17;2;Desaprobado
32201924-MKT200;2025-04-17;4;Aprobado
34508579-GEN101;2025-04-17;1;Desaprobado
36092237-MKT200;2025-04-17;10;Aprobado
36659434-MKT200;2025-04-17;4;Aprobado
37151523-MKT200;2025-04-17;1;Desaprobado
37880219-DEV101;2025-04-17;10;Aprobado
37952540-DEV101;2025-04-17;3;Desaprobado
39195104-GEN101;2025-04-17;8;Aprobado
39335040-MKT200;2025-04-17;10;Aprobado
41532385-UX100;2025-04-17;5;Aprobado
43286289-DAT201;2025-04-17;7;Aprobado
43671566-DEV101;2025-04-17;2;Desaprobado
44407218-IA400;2025-04-17;1;Desaprobado
44443284-NEG400;2025-04-17;3;Desaprobado
44878225-DAT101;2025-04-17;6;Aprobado
44911255-DAT201;2025-04-17;1;Desaprobado
46270211-DAT305;2025-04-17;10;Aprobado
47517294-NEG400;2025-04-17;6;Aprobado
47582243-DAT201;2025-04-17;8;Aprobado
30781172-DAT305;2025-04-18;1;Desaprobado
31136038-DAT201;2025-04-18;5;Aprobado
32101106-IA300;2025-04-18;10;Aprobado
32108581-DAT305;2025-04-18;5;Aprobado
34764302-DAT305;2025-04-18;5;Aprobado
35425422-UX100;2025-04-18;1;Desaprobado
37381074-IA300;2025-04-18;3;Desaprobado
39231072-UX100;2025-04-18;5;Aprobado
41671067-DAT305;2025-04-18;4;Aprobado
41818271-DAT101;2025-04-18;10;Aprobado
43647497-NEG400;2025-04-18;5;Aprobado
45759579-DAT305;2025-04-18;7;Aprobado
46372785-MKT200;2025-04-18;10;Aprobado
47022459-UX100;2025-04-18;8;Aprobado
47197652-IA300;2025-04-18;4;Aprobado
30344498-MKT200;2025-04-19;3;Desaprobado
30800017-IA300;2025-04-19;1;Desaprobado
31360651-DAT101;2025-04-19;5;Aprobado
32028866-GEN101;2025-04-19;3;Desaprobado
32318137-DAT201;2025-04-19;10;Aprobado
32986537-IA300;2025-04-19;2;Desaprobado
33381581-GEN101;2025-04-19;7;Aprobado
36443537-MKT200;2025-04-19;2;Desaprobado
36780964-NEG400;2025-04-19;9;Aprobado
38181190-DAT101;2025-04-19;5;Aprobado
39046561-DAT305;2025-04-19;1;Desaprobado
39145092-NEG400;2025-04-19;3;Desaprobado
39311402-IA300;2025-04-19;1;Desaprobado
39416795-GEN101;2025-04-19;1;Desaprobado
39480865-IA400;2025-04-19;1;Desaprobado
43690930-GEN101;2025-04-19;10;Aprobado
43941263-IA400;2025-04-19;4;Aprobado
44830567-DEV101;2025-04-19;8;Aprobado
44986230-MKT200;2025-04-19;1;Desaprobado
44998271-IA300;2025-04-19;7;Aprobado
45482430-NEG400;2025-04-19;4;Aprobado
45694620-NEG400;2025-04-19;6;Aprobado
46137809-GEN101;2025-04-19;4;Aprobado
46556662-UX100;2025-04-19;6;Aprobado
46706919-UX100;2025-04-19;8;Aprobado
32027618-DAT305;2025-04-20;10;Aprobado
32966903-DAT305;2025-04-20;9;Aprobado
35563087-MKT200;2025-04-20;5;Aprobado
36480390-DEV101;2025-04-20;6;Aprobado
36594251-IA400;2025-04-20;1;Desaprobado
37907386-DAT305;2025-04-20;8;Aprobado
38693211-DAT201;2025-04-20;1;Desaprobado
38902809-UX100;2025-04-20;5;Aprobado
39265874-NEG400;2025-04-20;8;Aprobado
41051648-MKT200;2025-04-20;9;Aprobado
41398180-DAT101;2025-04-20;7;Aprobado
43249808-NEG400;2025-04-20;10;Aprobado
43267084-GEN101;2025-04-20;9;Aprobado
44221505-DAT305;2025-04-20;6;Aprobado
46572742-DEV101;2025-04-20;7;Aprobado
47199649-DAT201;2025-04-20;8;Aprobado
47416283-DAT101;2025-04-20;6;Aprobado
36858459-IA300;2025-04-21;1;Desaprobado
36858459-NEG400;2025-04-21;7;Aprobado
37013243-DAT305;2025-04-21;4;Aprobado
37725025-DAT101;2025-04-21;3;Desaprobado
37774603-GEN101;2025-04-21;1;Desaprobado
43744263-MKT200;2025-04-21;7;Aprobado
44216431-MKT200;2025-04-21;3;Desaprobado
44811661-UX100;2025-04-21;1;Desaprobado
45351925-DAT305;2025-04-21;8;Aprobado
45417606-MKT200;2025-04-21;8;Aprobado
45679679-DAT201;2025-04-21;8;Aprobado
46647366-IA400;2025-04-21;10;Aprobado
30958838-IA300;2025-04-22;8;Aprobado
31332769-DAT305;2025-04-22;1;Desaprobado
31786305-NEG400;2025-04-22;9;Aprobado
32119317-UX100;2025-04-22;1;Desaprobado
32889452-MKT200;2025-04-22;9;Aprobado
35722006-IA300;2025-04-22;3;Desaprobado
36421707-UX100;2025-04-22;7;Aprobado
36617253-DEV101;2025-04-22;9;Aprobado
37561794-UX100;2025-04-22;10;Aprobado
37763133-DEV101;2025-04-22;5;Aprobado
39160706-GEN101;2025-04-22;5;Aprobado
39733145-IA400;2025-04-22;2;Desaprobado
39908813-IA300;2025-04-22;6;Aprobado
40904939-MKT200;2025-04-22;7;Aprobado
41314648-IA400;2025-04-22;9;Aprobado
43342517-MKT200;2025-04-22;1;Desaprobado
43671566-NEG400;2025-04-22;6;Aprobado
43827991-DEV101;2025-04-22;8;Aprobado
44724307-DAT101;2025-04-22;6;Aprobado
45890411-DAT305;2025-04-22;4;Aprobado
46069202-NEG400;2025-04-22;3;Desaprobado
30973506-IA400;2025-04-23;7;Aprobado
31445923-IA300;2025-04-23;7;Aprobado
31510273-DEV101;2025-04-23;9;Aprobado
31992185-MKT200;2025-04-23;7;Aprobado
33247551-GEN101;2025-04-23;8;Aprobado
33745990-DAT201;2025-04-23;8;Aprobado
34353357-DEV101;2025-04-23;5;Aprobado
37059839-GEN101;2025-04-23;4;Aprobado
37059839-MKT200;2025-04-23;1;Desaprobado
37606348-DAT305;2025-04-23;8;Aprobado
37606348-IA400;2025-04-23;7;Aprobado
38070258-UX100;2025-04-23;9;Aprobado
39311402-IA300;2025-04-23;1;Desaprobado
43055426-DAT101;2025-04-23;8;Aprobado
44305990-DAT201;2025-04-23;9;Aprobado
30703214-UX100;2025-04-24;4;Aprobado
30973506-NEG400;2025-04-24;8;Aprobado
31332769-UX100;2025-04-24;2;Desaprobado
37171122-MKT200;2025-04-24;6;Aprobado
37351522-DEV101;2025-04-24;9;Aprobado
38671585-DAT305;2025-04-24;10;Aprobado
38695540-DAT101;2025-04-24;7;Aprobado
40176154-GEN101;2025-04-24;1;Desaprobado
40201800-DAT101;2025-04-24;6;Aprobado
41950319-IA400;2025-04-24;7;Aprobado
43267084-MKT200;2025-04-24;4;Aprobado
44419143-IA400;2025-04-24;7;Aprobado
44640011-DAT101;2025-04-24;4;Aprobado
45256600-MKT200;2025-04-24;9;Aprobado
45488677-GEN101;2025-04-24;8;Aprobado
46170762-DAT201;2025-04-24;9;Aprobado
46669980-DAT201;2025-04-24;5;Aprobado
46952948-DAT305;2025-04-24;5;Aprobado
30125745-IA300;2025-04-25;6;Aprobado
30186819-DAT101;2025-04-25;2;Desaprobado
30271801-NEG400;2025-04-25;1;Desaprobado
30356437-DAT201;2025-04-25;1;Desaprobado
33916616-IA400;2025-04-25;10;Aprobado
34919210-UX100;2025-04-25;7;Aprobado
35580984-DAT305;2025-04-25;9;Aprobado
39068971-GEN101;2025-04-25;6;Aprobado
39171997-IA400;2025-04-25;3;Desaprobado
39416795-NEG400;2025-04-25;8;Aprobado
41016204-DAT305;2025-04-25;4;Aprobado
41340763-NEG400;2025-04-25;7;Aprobado
43549346-DAT201;2025-04-25;8;Aprobado
44490644-DAT201;2025-04-25;2;Desaprobado
44754301-DAT305;2025-04-25;4;Aprobado
44998271-IA300;2025-04-25;3;Desaprobado
45177328-NEG400;2025-04-25;3;Desaprobado
45280236-DAT201;2025-04-25;4;Aprobado
45841815-DEV101;2025-04-25;7;Aprobado
46210812-IA400;2025-04-25;2;Desaprobado
46966361-MKT200;2025-04-25;1;Desaprobado
47221206-DEV101;2025-04-25;3;Desaprobado
31177427-UX100;2025-04-26;10;Aprobado
31909036-GEN101;2025-04-26;2;Desaprobado
32073901-GEN101;2025-04-26;5;Aprobado
34356341-DAT305;2025-04-26;2;Desaprobado
35722006-GEN101;2025-04-26;3;Desaprobado
37381074-IA300;2025-04-26;4;Aprobado
40854875-GEN101;2025-04-26;5;Aprobado
41396027-UX100;2025-04-26;10;Aprobado
41641503-NEG400;2025-04-26;2;Desaprobado
41830154-NEG400;2025-04-26;3;Desaprobado
41890956-IA300;2025-04-26;7;Aprobado
43098716-DEV101;2025-04-26;8;Aprobado
43456083-DAT305;2025-04-26;2;Desaprobado
43521267-DAT305;2025-04-26;5;Aprobado
43542829-NEG400;2025-04-26;3;Desaprobado
43624314-UX100;2025-04-26;7;Aprobado
44554637-DAT201;2025-04-26;4;Aprobado
44754060-DAT201;2025-04-26;3;Desaprobado
44998271-UX100;2025-04-26;10;Aprobado
45711997-IA300;2025-04-26;7;Aprobado
46858102-IA400;2025-04-26;8;Aprobado
46966361-DAT201;2025-04-26;6;Aprobado
30528419-IA300;2025-04-27;9;Aprobado
30713710-NEG400;2025-04-27;6;Aprobado
30781172-MKT200;2025-04-27;1;Desaprobado
31961540-NEG400;2025-04-27;10;Aprobado
32108581-DAT101;2025-04-27;9;Aprobado
34401288-DAT305;2025-04-27;6;Aprobado
34705463-DAT305;2025-04-27;10;Aprobado
34785335-DAT305;2025-04-27;2;Desaprobado
34935270-MKT200;2025-04-27;3;Desaprobado
35129843-DAT101;2025-04-27;10;Aprobado
37182051-IA400;2025-04-27;4;Aprobado
39412125-NEG400;2025-04-27;2;Desaprobado
40099804-GEN101;2025-04-27;5;Aprobado
40915348-DAT101;2025-04-27;2;Desaprobado
41289442-DEV101;2025-04-27;7;Aprobado
43098716-GEN101;2025-04-27;5;Aprobado
47483336-DAT201;2025-04-27;4;Aprobado
30205757-DAT201;2025-04-28;8;Aprobado
30283834-GEN101;2025-04-28;5;Aprobado
31221561-IA400;2025-04-28;3;Desaprobado
34151433-DAT201;2025-04-28;1;Desaprobado
35722006-DAT101;2025-04-28;6;Aprobado
37412229-IA300;2025-04-28;6;Aprobado
43537356-UX100;2025-04-28;5;Aprobado
43889224-DAT201;2025-04-28;6;Aprobado
44286872-MKT200;2025-04-28;5;Aprobado
44512365-DAT201;2025-04-28;2;Desaprobado
45763623-DAT305;2025-04-28;4;Aprobado
46435125-DAT305;2025-04-28;9;Aprobado
30227674-UX100;2025-04-29;8;Aprobado
32911130-DAT305;2025-04-29;1;Desaprobado
33745990-UX100;2025-04-29;7;Aprobado
39297755-UX100;2025-04-29;10;Aprobado
40305444-IA400;2025-04-29;6;Aprobado
40454674-DAT201;2025-04-29;5;Aprobado
40915348-IA300;2025-04-29;3;Desaprobado
41084438-DAT101;2025-04-29;1;Desaprobado
44107875-DAT201;2025-04-29;1;Desaprobado
44988381-UX100;2025-04-29;9;Aprobado
45459710-IA300;2025-04-29;4;Aprobado
46377357-IA400;2025-04-29;5;Aprobado
46780927-IA400;2025-04-29;10;Aprobado
47197652-MKT200;2025-04-29;8;Aprobado
47320705-NEG400;2025-04-29;6;Aprobado
30342609-DAT305;2025-04-30;2;Desaprobado
32583779-DAT101;2025-04-30;10;Aprobado
32664172-DEV101;2025-04-30;4;Aprobado
32905120-MKT200;2025-04-30;7;Aprobado
33247551-UX100;2025-04-30;5;Aprobado
33304657-IA400;2025-04-30;6;Aprobado
36300221-DEV101;2025-04-30;9;Aprobado
37448077-DAT201;2025-04-30;5;Aprobado
39547835-NEG400;2025-04-30;2;Desaprobado
43040142-DAT201;2025-04-30;3;Desaprobado
43254348-NEG400;2025-04-30;2;Desaprobado
43506692-NEG400;2025-04-30;10;Aprobado
43549346-DAT305;2025-04-30;2;Desaprobado
44059178-GEN101;2025-04-30;6;Aprobado
44613692-DAT305;2025-04-30;10;Aprobado
31318273-UX100;2025-05-01;4;Aprobado
31528064-NEG400;2025-05-01;5;Aprobado
31864701-IA300;2025-05-01;4;Aprobado
31992185-DAT101;2025-05-01;4;Aprobado
33505185-UX100;2025-05-01;2;Desaprobado
34341037-GEN101;2025-05-01;8;Aprobado
34356341-IA400;2025-05-01;10;Aprobado
38066467-DAT201;2025-05-01;5;Aprobado
44190336-UX100;2025-05-01;7;Aprobado
46278232-IA400;2025-05-01;3;Desaprobado
47061751-DAT201;2025-05-01;6;Aprobado
30278086-DAT101;2025-05-02;5;Aprobado
30283834-DEV101;2025-05-02;7;Aprobado
30649167-NEG400;2025-05-02;5;Aprobado
30713710-MKT200;2025-05-02;5;Aprobado
30973506-IA400;2025-05-02;9;Aprobado
31181222-MKT200;2025-05-02;1;Desaprobado
32330822-DAT305;2025-05-02;6;Aprobado
32460250-IA400;2025-05-02;7;Aprobado
32905120-DAT101;2025-05-02;10;Aprobado
33379578-IA400;2025-05-02;2;Desaprobado
34508579-IA400;2025-05-02;9;Aprobado
36534604-DAT201;2025-05-02;5;Aprobado
39121001-NEG400;2025-05-02;8;Aprobado
39220415-IA300;2025-05-02;6;Aprobado
39244530-MKT200;2025-05-02;3;Desaprobado
39337175-UX100;2025-05-02;5;Aprobado
43462497-IA400;2025-05-02;10;Aprobado
44754060-UX100;2025-05-02;4;Aprobado
44811661-MKT200;2025-05-02;4;Aprobado
45186536-DAT201;2025-05-02;2;Desaprobado
46521420-IA400;2025-05-02;4;Aprobado
47186211-DAT101;2025-05-02;8;Aprobado
30294943-DAT305;2025-05-03;10;Aprobado
31864701-GEN101;2025-05-03;2;Desaprobado
32034364-DEV101;2025-05-03;5;Aprobado
33175574-DAT101;2025-05-03;9;Aprobado
33381581-IA300;2025-05-03;8;Aprobado
33479160-DAT101;2025-05-03;5;Aprobado
34318077-DAT101;2025-05-03;6;Aprobado
34341037-IA300;2025-05-03;1;Desaprobado
37057932-UX100;2025-05-03;2;Desaprobado
37639684-NEG400;2025-05-03;9;Aprobado
38714246-DAT201;2025-05-03;10;Aprobado
38991597-IA400;2025-05-03;10;Aprobado
40014561-DAT101;2025-05-03;5;Aprobado
43597806-GEN101;2025-05-03;4;Aprobado
44242960-DAT201;2025-05-03;1;Desaprobado
44343339-DAT305;2025-05-03;2;Desaprobado
44811354-NEG400;2025-05-03;3;Desaprobado
45186536-DAT201;2025-05-03;1;Desaprobado
45198757-UX100;2025-05-03;4;Aprobado
45417367-IA300;2025-05-03;10;Aprobado
46411752-IA300;2025-05-03;3;Desaprobado
47579509-UX100;2025-05-03;4;Aprobado
30173121-MKT200;2025-05-04;2;Desaprobado
30268860-IA300;2025-05-04;8;Aprobado
31576981-NEG400;2025-05-04;10;Aprobado
31909036-DEV101;2025-05-04;10;Aprobado
33717161-DAT305;2025-05-04;2;Desaprobado
34290854-IA300;2025-05-04;3;Desaprobado
34627342-MKT200;2025-05-04;7;Aprobado
35834047-DEV101;2025-05-04;2;Desaprobado
36003291-IA300;2025-05-04;9;Aprobado
36314879-DEV101;2025-05-04;6;Aprobado
39752062-UX100;2025-05-04;1;Desaprobado
41559534-DEV101;2025-05-04;8;Aprobado
43059176-UX100;2025-05-04;6;Aprobado
43652049-DAT201;2025-05-04;2;Desaprobado
45759579-DEV101;2025-05-04;7;Aprobado
47633067-IA400;2025-05-04;5;Aprobado
31185628-IA300;2025-05-05;7;Aprobado
31318273-DAT305;2025-05-05;6;Aprobado
33084765-DEV101;2025-05-05;6;Aprobado
33520372-IA400;2025-05-05;7;Aprobado
33800391-DAT201;2025-05-05;2;Desaprobado
33816707-DAT201;2025-05-05;5;Aprobado
35115152-DAT101;2025-05-05;9;Aprobado
35129843-NEG400;2025-05-05;9;Aprobado
36003291-DAT305;2025-05-05;5;Aprobado
36780964-GEN101;2025-05-05;2;Desaprobado
37840610-DEV101;2025-05-05;3;Desaprobado
38625723-UX100;2025-05-05;4;Aprobado
41051244-IA300;2025-05-05;10;Aprobado
43558573-UX100;2025-05-05;2;Desaprobado
44454123-GEN101;2025-05-05;4;Aprobado
44717216-DEV101;2025-05-05;10;Aprobado
44904960-DAT201;2025-05-05;6;Aprobado
44998271-NEG400;2025-05-05;6;Aprobado
45763623-DAT201;2025-05-05;7;Aprobado
46026190-MKT200;2025-05-05;5;Aprobado
30074046-IA400;2025-05-06;1;Desaprobado
30820105-GEN101;2025-05-06;8;Aprobado
31486885-DEV101;2025-05-06;5;Aprobado
34743406-DAT305;2025-05-06;6;Aprobado
34883029-UX100;2025-05-06;10;Aprobado
35450908-IA400;2025-05-06;9;Aprobado
35643961-NEG400;2025-05-06;5;Aprobado
36092237-NEG400;2025-05-06;6;Aprobado
36200569-DAT101;2025-05-06;6;Aprobado
37280564-NEG400;2025-05-06;5;Aprobado
37584867-DAT305;2025-05-06;9;Aprobado
37733861-NEG400;2025-05-06;8;Aprobado
37829833-UX100;2025-05-06;7;Aprobado
38030283-DAT101;2025-05-06;5;Aprobado
38773709-NEG400;2025-05-06;4;Aprobado
39407484-GEN101;2025-05-06;1;Desaprobado
39647120-DAT201;2025-05-06;1;Desaprobado
39737785-GEN101;2025-05-06;6;Aprobado
40531804-DAT305;2025-05-06;7;Aprobado
40948220-DAT101;2025-05-06;8;Aprobado
43624314-IA300;2025-05-06;1;Desaprobado
44224033-IA400;2025-05-06;8;Aprobado
44724307-DAT305;2025-05-06;5;Aprobado
46669980-UX100;2025-05-06;2;Desaprobado
46894068-DAT101;2025-05-06;8;Aprobado
47182282-UX100;2025-05-06;1;Desaprobado
47983613-GEN101;2025-05-06;2;Desaprobado
31685297-IA400;2025-05-07;7;Aprobado
31786305-NEG400;2025-05-07;2;Desaprobado
32498967-UX100;2025-05-07;7;Aprobado
32976983-GEN101;2025-05-07;1;Desaprobado
33649881-DAT201;2025-05-07;4;Aprobado
34089245-DAT305;2025-05-07;3;Desaprobado
35643961-DEV101;2025-05-07;5;Aprobado
37725025-DAT101;2025-05-07;4;Aprobado
38181190-DEV101;2025-05-07;5;Aprobado
39752062-MKT200;2025-05-07;9;Aprobado
43276053-IA300;2025-05-07;8;Aprobado
45153061-IA400;2025-05-07;4;Aprobado
45459710-DEV101;2025-05-07;3;Desaprobado
46775879-IA300;2025-05-07;9;Aprobado
47399378-DAT201;2025-05-07;3;Desaprobado
30377321-DAT101;2025-05-08;1;Desaprobado
31594339-UX100;2025-05-08;3;Desaprobado
31662806-GEN101;2025-05-08;10;Aprobado
31961540-IA300;2025-05-08;10;Aprobado
35069582-MKT200;2025-05-08;1;Desaprobado
35115152-DAT201;2025-05-08;8;Aprobado
35476879-GEN101;2025-05-08;6;Aprobado
36040952-IA300;2025-05-08;3;Desaprobado
37148568-IA300;2025-05-08;6;Aprobado
39647120-DEV101;2025-05-08;3;Desaprobado
39835913-DAT201;2025-05-08;9;Aprobado
41815317-NEG400;2025-05-08;6;Aprobado
43098716-NEG400;2025-05-08;7;Aprobado
43889224-GEN101;2025-05-08;4;Aprobado
45024595-IA400;2025-05-08;1;Desaprobado
45259638-MKT200;2025-05-08;2;Desaprobado
46183284-DAT201;2025-05-08;4;Aprobado
46345360-GEN101;2025-05-08;8;Aprobado
30163309-DAT305;2025-05-09;5;Aprobado
30205757-NEG400;2025-05-09;9;Aprobado
31898350-DEV101;2025-05-09;4;Aprobado
32817735-UX100;2025-05-09;7;Aprobado
33088513-DAT201;2025-05-09;7;Aprobado
33247551-IA300;2025-05-09;5;Aprobado
33742338-IA400;2025-05-09;8;Aprobado
33895965-NEG400;2025-05-09;10;Aprobado
36040952-DAT101;2025-05-09;8;Aprobado
40253163-MKT200;2025-05-09;7;Aprobado
43040142-DAT201;2025-05-09;6;Aprobado
43744263-DAT101;2025-05-09;6;Aprobado
45763623-UX100;2025-05-09;8;Aprobado
46271176-IA400;2025-05-09;5;Aprobado
32460250-IA400;2025-05-10;6;Aprobado
32604998-DEV101;2025-05-10;1;Desaprobado
32976983-GEN101;2025-05-10;5;Aprobado
33614240-DEV101;2025-05-10;7;Aprobado
35608376-DEV101;2025-05-10;9;Aprobado
36003291-IA300;2025-05-10;7;Aprobado
37121626-NEG400;2025-05-10;1;Desaprobado
39255922-NEG400;2025-05-10;8;Aprobado
39996815-GEN101;2025-05-10;6;Aprobado
41204894-MKT200;2025-05-10;7;Aprobado
41890956-DAT305;2025-05-10;4;Aprobado
44049715-DAT201;2025-05-10;2;Desaprobado
44858776-IA300;2025-05-10;9;Aprobado
45496689-GEN101;2025-05-10;5;Aprobado
46599245-NEG400;2025-05-10;9;Aprobado
47607767-DAT201;2025-05-10;4;Aprobado
47607767-UX100;2025-05-10;1;Desaprobado
47911334-DEV101;2025-05-10;5;Aprobado
47983613-DAT101;2025-05-10;4;Aprobado
30416964-DAT101;2025-05-11;10;Aprobado
31177427-MKT200;2025-05-11;3;Desaprobado
32183463-IA300;2025-05-11;5;Aprobado
35267675-GEN101;2025-05-11;4;Aprobado
38171209-DAT201;2025-05-11;10;Aprobado
38315775-NEG400;2025-05-11;10;Aprobado
38405437-MKT200;2025-05-11;5;Aprobado
39647120-DEV101;2025-05-11;3;Desaprobado
40330349-GEN101;2025-05-11;3;Desaprobado
40681899-DAT305;2025-05-11;4;Aprobado
40846299-MKT200;2025-05-11;6;Aprobado
41132630-GEN101;2025-05-11;2;Desaprobado
41627786-IA300;2025-05-11;6;Aprobado
43249808-GEN101;2025-05-11;8;Aprobado
43831919-DAT101;2025-05-11;10;Aprobado
44059178-IA400;2025-05-11;4;Aprobado
44115122-DEV101;2025-05-11;7;Aprobado
44491570-DAT101;2025-05-11;4;Aprobado
45090752-GEN101;2025-05-11;1;Desaprobado
45544606-DAT305;2025-05-11;1;Desaprobado
45619097-DAT201;2025-05-11;4;Aprobado
46541120-NEG400;2025-05-11;5;Aprobado
30227674-NEG400;2025-05-12;7;Aprobado
30808375-DAT201;2025-05-12;4;Aprobado
31313953-UX100;2025-05-12;10;Aprobado
31355414-DAT101;2025-05-12;10;Aprobado
31355414-UX100;2025-05-12;5;Aprobado
32349636-DAT201;2025-05-12;9;Aprobado
35276014-NEG400;2025-05-12;9;Aprobado
37024576-DEV101;2025-05-12;2;Desaprobado
38292751-DAT201;2025-05-12;5;Aprobado
39195104-DEV101;2025-05-12;4;Aprobado
39220415-IA300;2025-05-12;9;Aprobado
40305444-DAT305;2025-05-12;5;Aprobado
44726166-DAT305;2025-05-12;4;Aprobado
45890411-UX100;2025-05-12;5;Aprobado
46060979-UX100;2025-05-12;5;Aprobado
46894068-MKT200;2025-05-12;10;Aprobado
47103537-DAT305;2025-05-12;6;Aprobado
30055439-DAT305;2025-05-13;4;Aprobado
30672524-UX100;2025-05-13;4;Aprobado
32723334-IA300;2025-05-13;10;Aprobado
33452954-IA300;2025-05-13;3;Desaprobado
35115152-UX100;2025-05-13;1;Desaprobado
35994686-DEV101;2025-05-13;3;Desaprobado
36727561-UX100;2025-05-13;9;Aprobado
36971688-GEN101;2025-05-13;6;Aprobado
36992557-DAT201;2025-05-13;9;Aprobado
37370656-GEN101;2025-05-13;8;Aprobado
37584867-UX100;2025-05-13;9;Aprobado
37774603-DAT101;2025-05-13;3;Desaprobado
37907386-UX100;2025-05-13;2;Desaprobado
40014561-IA300;2025-05-13;7;Aprobado
40756585-UX100;2025-05-13;6;Aprobado
43521267-IA300;2025-05-13;10;Aprobado
44173257-IA300;2025-05-13;10;Aprobado
44345701-DAT305;2025-05-13;1;Desaprobado
45417606-NEG400;2025-05-13;8;Aprobado
46329934-DAT305;2025-05-13;6;Aprobado
46649401-MKT200;2025-05-13;1;Desaprobado
47506119-UX100;2025-05-13;3;Desaprobado
31015246-IA400;2025-05-14;3;Desaprobado
33507272-MKT200;2025-05-14;7;Aprobado
33594873-IA300;2025-05-14;8;Aprobado
34294158-NEG400;2025-05-14;4;Aprobado
34743897-IA300;2025-05-14;10;Aprobado
35054932-DAT201;2025-05-14;8;Aprobado
36434636-UX100;2025-05-14;5;Aprobado
37874267-IA400;2025-05-14;10;Aprobado
40401825-DAT305;2025-05-14;4;Aprobado
40874592-NEG400;2025-05-14;9;Aprobado
44242960-UX100;2025-05-14;5;Aprobado
44291013-NEG400;2025-05-14;5;Aprobado
45459710-DAT305;2025-05-14;2;Desaprobado
45775192-IA400;2025-05-14;9;Aprobado
46170762-MKT200;2025-05-14;1;Desaprobado
46278232-MKT200;2025-05-14;7;Aprobado
46829066-NEG400;2025-05-14;1;Desaprobado
47908881-DAT101;2025-05-14;6;Aprobado
31365812-IA300;2025-05-15;7;Aprobado
32935035-UX100;2025-05-15;9;Aprobado
33127447-UX100;2025-05-15;3;Desaprobado
34832335-DEV101;2025-05-15;9;Aprobado
34873483-IA400;2025-05-15;10;Aprobado
37381074-IA400;2025-05-15;2;Desaprobado
39297755-DAT101;2025-05-15;8;Aprobado
44241859-IA300;2025-05-15;8;Aprobado
45647473-MKT200;2025-05-15;2;Desaprobado
31332769-GEN101;2025-05-16;9;Aprobado
32581169-DAT201;2025-05-16;4;Aprobado
32723334-DAT101;2025-05-16;1;Desaprobado
33594873-DAT201;2025-05-16;9;Aprobado
34498415-DAT101;2025-05-16;4;Aprobado
38549006-GEN101;2025-05-16;10;Aprobado
38869750-UX100;2025-05-16;4;Aprobado
40116733-UX100;2025-05-16;8;Aprobado
44064200-DEV101;2025-05-16;2;Desaprobado
44197978-IA300;2025-05-16;8;Aprobado
44473224-DEV101;2025-05-16;4;Aprobado
45368291-UX100;2025-05-16;6;Aprobado
47217063-DAT201;2025-05-16;5;Aprobado
31277192-NEG400;2025-05-17;7;Aprobado
33276302-DAT305;2025-05-17;7;Aprobado
33511174-UX100;2025-05-17;2;Desaprobado
34411929-DAT305;2025-05-17;2;Desaprobado
34661132-DAT305;2025-05-17;5;Aprobado
34858008-MKT200;2025-05-17;2;Desaprobado
34919210-DAT305;2025-05-17;8;Aprobado
35951430-IA400;2025-05-17;9;Aprobado
38818793-DAT201;2025-05-17;6;Aprobado
39337175-IA400;2025-05-17;4;Aprobado
40204911-DAT305;2025-05-17;4;Aprobado
43191267-DAT101;2025-05-17;7;Aprobado
32339744-DEV101;2025-05-18;6;Aprobado
34486034-MKT200;2025-05-18;8;Aprobado
34743897-DAT101;2025-05-18;6;Aprobado
35720054-IA300;2025-05-18;1;Desaprobado
36780964-DEV101;2025-05-18;6;Aprobado
37679372-DEV101;2025-05-18;7;Aprobado
37952540-IA300;2025-05-18;2;Desaprobado
38111908-DAT201;2025-05-18;4;Aprobado
39068971-UX100;2025-05-18;10;Aprobado
40582609-DEV101;2025-05-18;10;Aprobado
41559534-NEG400;2025-05-18;7;Aprobado
43284866-IA400;2025-05-18;8;Aprobado
44911255-MKT200;2025-05-18;7;Aprobado
45813207-DEV101;2025-05-18;6;Aprobado
47061751-IA300;2025-05-18;9;Aprobado
30186819-DAT201;2025-05-19;9;Aprobado
30386246-DAT101;2025-05-19;6;Aprobado
31067946-IA300;2025-05-19;4;Aprobado
31136038-NEG400;2025-05-19;8;Aprobado
31681085-MKT200;2025-05-19;8;Aprobado
31924807-DEV101;2025-05-19;9;Aprobado
32329071-DAT101;2025-05-19;7;Aprobado
32496231-UX100;2025-05-19;4;Aprobado
32839404-DEV101;2025-05-19;6;Aprobado
32965831-DAT305;2025-05-19;8;Aprobado
34944058-NEG400;2025-05-19;9;Aprobado
36992557-DEV101;2025-05-19;8;Aprobado
36998955-DAT305;2025-05-19;7;Aprobado
38648189-UX100;2025-05-19;9;Aprobado
39835913-NEG400;2025-05-19;2;Desaprobado
40400092-DAT101;2025-05-19;4;Aprobado
43871938-DEV101;2025-05-19;7;Aprobado
44224033-IA300;2025-05-19;6;Aprobado
46510451-MKT200;2025-05-19;10;Aprobado
47915465-IA300;2025-05-19;1;Desaprobado
30506698-GEN101;2025-05-20;2;Desaprobado
30923193-GEN101;2025-05-20;5;Aprobado
32454237-DAT305;2025-05-20;3;Desaprobado
34705463-DAT305;2025-05-20;8;Aprobado
37392794-DAT201;2025-05-20;10;Aprobado
38693211-NEG400;2025-05-20;7;Aprobado
39557640-DAT305;2025-05-20;6;Aprobado
40333573-GEN101;2025-05-20;4;Aprobado
40606935-DEV101;2025-05-20;2;Desaprobado
40852091-MKT200;2025-05-20;9;Aprobado
40915348-DAT101;2025-05-20;5;Aprobado
43331228-DEV101;2025-05-20;4;Aprobado
44345701-UX100;2025-05-20;5;Aprobado
44811354-DAT201;2025-05-20;2;Desaprobado
44911255-UX100;2025-05-20;2;Desaprobado
45177548-DAT305;2025-05-20;2;Desaprobado
45417606-UX100;2025-05-20;9;Aprobado
46147941-MKT200;2025-05-20;4;Aprobado
30386246-DAT305;2025-05-21;5;Aprobado
30820105-DAT201;2025-05-21;3;Desaprobado
31547849-NEG400;2025-05-21;6;Aprobado
33247551-DAT201;2025-05-21;2;Desaprobado
33507272-IA400;2025-05-21;5;Aprobado
34355689-DAT201;2025-05-21;10;Aprobado
35038799-DAT101;2025-05-21;4;Aprobado
35983804-MKT200;2025-05-21;4;Aprobado
37392794-IA300;2025-05-21;5;Aprobado
37952315-IA300;2025-05-21;1;Desaprobado
39160706-DAT305;2025-05-21;9;Aprobado
39278348-IA400;2025-05-21;6;Aprobado
39412125-DAT101;2025-05-21;3;Desaprobado
45198757-DAT305;2025-05-21;6;Aprobado
45256600-DEV101;2025-05-21;3;Desaprobado
45847470-IA400;2025-05-21;5;Aprobado
47817560-MKT200;2025-05-21;5;Aprobado
30055089-DAT101;2025-05-22;7;Aprobado
31099331-GEN101;2025-05-22;5;Aprobado
31425696-IA300;2025-05-22;5;Aprobado
32459600-IA300;2025-05-22;7;Aprobado
33276302-UX100;2025-05-22;5;Aprobado
33697024-MKT200;2025-05-22;7;Aprobado
34705463-DAT201;2025-05-22;8;Aprobado
34785335-DAT101;2025-05-22;9;Aprobado
35486815-IA400;2025-05-22;1;Desaprobado
37162747-DAT101;2025-05-22;1;Desaprobado
38030283-MKT200;2025-05-22;6;Aprobado
41532385-DAT305;2025-05-22;2;Desaprobado
43679905-DEV101;2025-05-22;2;Desaprobado
43721576-IA400;2025-05-22;2;Desaprobado
47822229-IA300;2025-05-22;7;Aprobado
30789190-IA300;2025-05-23;3;Desaprobado
31685297-IA400;2025-05-23;8;Aprobado
32816822-IA300;2025-05-23;6;Aprobado
35722006-GEN101;2025-05-23;6;Aprobado
37017626-DAT201;2025-05-23;2;Desaprobado
37057932-GEN101;2025-05-23;4;Aprobado
37515292-DEV101;2025-05-23;6;Aprobado
38066467-DAT201;2025-05-23;6;Aprobado
38211223-NEG400;2025-05-23;2;Desaprobado
39278348-NEG400;2025-05-23;4;Aprobado
40102789-DEV101;2025-05-23;7;Aprobado
40582609-IA300;2025-05-23;3;Desaprobado
41166199-IA400;2025-05-23;9;Aprobado
41641503-MKT200;2025-05-23;5;Aprobado
43331228-DEV101;2025-05-23;5;Aprobado
44059178-NEG400;2025-05-23;3;Desaprobado
45563814-MKT200;2025-05-23;5;Aprobado
45663240-MKT200;2025-05-23;9;Aprobado
46314784-IA300;2025-05-23;9;Aprobado
30064860-DEV101;2025-05-24;10;Aprobado
30766010-IA300;2025-05-24;5;Aprobado
30789190-GEN101;2025-05-24;10;Aprobado
31015246-UX100;2025-05-24;10;Aprobado
31528064-DAT305;2025-05-24;7;Aprobado
35983804-IA300;2025-05-24;9;Aprobado
38531623-NEG400;2025-05-24;8;Aprobado
39040140-DAT305;2025-05-24;8;Aprobado
41830154-DAT305;2025-05-24;3;Desaprobado
43624314-UX100;2025-05-24;10;Aprobado
43744263-IA300;2025-05-24;6;Aprobado
43831919-UX100;2025-05-24;2;Desaprobado
43941263-DAT101;2025-05-24;2;Desaprobado
44115909-MKT200;2025-05-24;2;Desaprobado
44959844-MKT200;2025-05-24;5;Aprobado
45256600-DEV101;2025-05-24;3;Desaprobado
45488677-DAT101;2025-05-24;7;Aprobado
46225626-DAT305;2025-05-24;5;Aprobado
46233381-MKT200;2025-05-24;10;Aprobado
46398361-DAT201;2025-05-24;1;Desaprobado
30224289-GEN101;2025-05-25;7;Aprobado
30719634-MKT200;2025-05-25;1;Desaprobado
31313953-NEG400;2025-05-25;1;Desaprobado
32318137-DEV101;2025-05-25;4;Aprobado
32454237-DAT201;2025-05-25;2;Desaprobado
32592763-IA300;2025-05-25;2;Desaprobado
32839194-DAT101;2025-05-25;5;Aprobado
34364066-MKT200;2025-05-25;8;Aprobado
34696467-UX100;2025-05-25;9;Aprobado
34705463-MKT200;2025-05-25;3;Desaprobado
35207049-UX100;2025-05-25;6;Aprobado
36727561-NEG400;2025-05-25;8;Aprobado
36858459-MKT200;2025-05-25;1;Desaprobado
37672436-MKT200;2025-05-25;9;Aprobado
39796864-GEN101;2025-05-25;6;Aprobado
43286289-DAT305;2025-05-25;8;Aprobado
43597806-DAT101;2025-05-25;2;Desaprobado
44726166-IA300;2025-05-25;1;Desaprobado
45820009-DAT305;2025-05-25;5;Aprobado
47197652-IA300;2025-05-25;10;Aprobado
30294943-NEG400;2025-05-26;6;Aprobado
31261719-IA300;2025-05-26;5;Aprobado
31379839-MKT200;2025-05-26;3;Desaprobado
32027618-IA300;2025-05-26;6;Aprobado
32108581-NEG400;2025-05-26;9;Aprobado
33846409-DAT305;2025-05-26;9;Aprobado
34130787-NEG400;2025-05-26;9;Aprobado
34858008-DAT201;2025-05-26;3;Desaprobado
39335040-DAT101;2025-05-26;5;Aprobado
39579172-IA400;2025-05-26;5;Aprobado
40014561-IA300;2025-05-26;9;Aprobado
40753275-DEV101;2025-05-26;6;Aprobado
43496203-DEV101;2025-05-26;8;Aprobado
44305990-IA300;2025-05-26;4;Aprobado
44820591-IA300;2025-05-26;1;Desaprobado
45694620-DAT201;2025-05-26;6;Aprobado
45711997-UX100;2025-05-26;2;Desaprobado
32911130-DAT201;2025-05-27;7;Aprobado
34432017-GEN101;2025-05-27;6;Aprobado
34933614-IA400;2025-05-27;3;Desaprobado
35450908-UX100;2025-05-27;4;Aprobado
35821025-NEG400;2025-05-27;6;Aprobado
35834047-IA400;2025-05-27;3;Desaprobado
39159460-IA400;2025-05-27;8;Aprobado
40948220-DEV101;2025-05-27;9;Aprobado
40989234-DAT201;2025-05-27;10;Aprobado
44340522-DEV101;2025-05-27;5;Aprobado
47700089-IA400;2025-05-27;1;Desaprobado
47911334-MKT200;2025-05-27;4;Aprobado
30227674-UX100;2025-05-28;2;Desaprobado
31360651-DAT201;2025-05-28;7;Aprobado
32183463-DAT101;2025-05-28;9;Aprobado
33800391-GEN101;2025-05-28;2;Desaprobado
34223113-IA300;2025-05-28;3;Desaprobado
34729179-GEN101;2025-05-28;5;Aprobado
36227478-NEG400;2025-05-28;1;Desaprobado
36434636-IA400;2025-05-28;7;Aprobado
37059839-NEG400;2025-05-28;1;Desaprobado
37515292-GEN101;2025-05-28;9;Aprobado
38002503-NEG400;2025-05-28;9;Aprobado
39220415-MKT200;2025-05-28;3;Desaprobado
40753275-DAT305;2025-05-28;4;Aprobado
41818271-UX100;2025-05-28;7;Aprobado
43037722-DAT201;2025-05-28;1;Desaprobado
43284866-DAT201;2025-05-28;5;Aprobado
45444903-GEN101;2025-05-28;3;Desaprobado
45663240-DAT101;2025-05-28;1;Desaprobado
46372785-DAT101;2025-05-28;10;Aprobado
32128322-MKT200;2025-05-29;8;Aprobado
34197558-IA400;2025-05-29;4;Aprobado
34869838-MKT200;2025-05-29;2;Desaprobado
34883029-DAT101;2025-05-29;4;Aprobado
34977085-DAT201;2025-05-29;3;Desaprobado
38661719-UX100;2025-05-29;1;Desaprobado
39908813-MKT200;2025-05-29;6;Aprobado
40451762-UX100;2025-05-29;3;Desaprobado
40661993-DAT101;2025-05-29;10;Aprobado
41721070-DEV101;2025-05-29;2;Desaprobado
41782307-DAT201;2025-05-29;9;Aprobado
43498834-DAT101;2025-05-29;3;Desaprobado
44235496-DEV101;2025-05-29;9;Aprobado
47969954-UX100;2025-05-29;4;Aprobado
32139544-GEN101;2025-05-30;10;Aprobado
32228319-DAT305;2025-05-30;4;Aprobado
36907961-DAT201;2025-05-30;3;Desaprobado
37381074-DAT101;2025-05-30;5;Aprobado
38967997-DEV101;2025-05-30;10;Aprobado
39046561-IA400;2025-05-30;3;Desaprobado
39107282-DAT305;2025-05-30;4;Aprobado
40783770-DAT201;2025-05-30;8;Aprobado
41396027-UX100;2025-05-30;4;Aprobado
44754060-NEG400;2025-05-30;5;Aprobado
44858776-GEN101;2025-05-30;2;Desaprobado
45225711-DEV101;2025-05-30;4;Aprobado
45404573-MKT200;2025-05-30;7;Aprobado
46170762-DAT201;2025-05-30;6;Aprobado
46997300-IA300;2025-05-30;1;Desaprobado
30789190-DAT305;2025-05-31;5;Aprobado
31324108-NEG400;2025-05-31;10;Aprobado
31492591-DAT305;2025-05-31;6;Aprobado
34294158-NEG400;2025-05-31;4;Aprobado
35844073-NEG400;2025-05-31;9;Aprobado
38340878-GEN101;2025-05-31;7;Aprobado
39337175-IA300;2025-05-31;6;Aprobado
40874592-DEV101;2025-05-31;5;Aprobado
43276053-UX100;2025-05-31;5;Aprobado
44442488-DAT201;2025-05-31;3;Desaprobado
44923903-DEV101;2025-05-31;9;Aprobado
45474521-DAT101;2025-05-31;6;Aprobado
45746833-NEG400;2025-05-31;8;Aprobado
47075635-UX100;2025-05-31;8;Aprobado
30277884-GEN101;2025-06-01;6;Aprobado
30703214-DEV101;2025-06-01;9;Aprobado
30808375-DEV101;2025-06-01;8;Aprobado
31020972-MKT200;2025-06-01;1;Desaprobado
31594339-GEN101;2025-06-01;9;Aprobado
31961540-NEG400;2025-06-01;8;Aprobado
32130223-MKT200;2025-06-01;3;Desaprobado
32496231-DEV101;2025-06-01;6;Aprobado
32776935-MKT200;2025-06-01;2;Desaprobado
32839194-DEV101;2025-06-01;2;Desaprobado
34531843-IA400;2025-06-01;9;Aprobado
34888999-UX100;2025-06-01;1;Desaprobado
39040140-IA300;2025-06-01;7;Aprobado
39145092-MKT200;2025-06-01;9;Aprobado
39475622-MKT200;2025-06-01;6;Aprobado
41289442-NEG400;2025-06-01;5;Aprobado
43008590-DAT101;2025-06-01;2;Desaprobado
43456083-DAT201;2025-06-01;5;Aprobado
43871938-DAT101;2025-06-01;3;Desaprobado
45291864-DAT201;2025-06-01;4;Aprobado
45746833-IA300;2025-06-01;6;Aprobado
46653953-UX100;2025-06-01;4;Aprobado
47061751-UX100;2025-06-01;7;Aprobado
31467025-IA400;2025-06-02;6;Aprobado
32034364-DAT101;2025-06-02;4;Aprobado
35834047-UX100;2025-06-02;1;Desaprobado
37527174-IA300;2025-06-02;1;Desaprobado
38417833-DAT101;2025-06-02;6;Aprobado
39255922-DAT101;2025-06-02;2;Desaprobado
40531804-DAT201;2025-06-02;1;Desaprobado
41815317-GEN101;2025-06-02;6;Aprobado
43678310-DAT101;2025-06-02;9;Aprobado
43827991-DAT305;2025-06-02;6;Aprobado
44754301-DAT101;2025-06-02;2;Desaprobado
45177548-MKT200;2025-06-02;2;Desaprobado
47217063-GEN101;2025-06-02;7;Aprobado
31531992-DEV101;2025-06-03;4;Aprobado
33418893-IA400;2025-06-03;5;Aprobado
36594251-IA400;2025-06-03;10;Aprobado
37583844-DEV101;2025-06-03;7;Aprobado
40140970-DAT305;2025-06-03;7;Aprobado
40296795-DEV101;2025-06-03;9;Aprobado
41023707-UX100;2025-06-03;7;Aprobado
41890956-UX100;2025-06-03;9;Aprobado
44229724-UX100;2025-06-03;7;Aprobado
44820591-DEV101;2025-06-03;3;Desaprobado
45024595-NEG400;2025-06-03;4;Aprobado
45311516-DAT101;2025-06-03;6;Aprobado
47707678-MKT200;2025-06-03;10;Aprobado
30268860-MKT200;2025-06-04;9;Aprobado
30301798-IA300;2025-06-04;6;Aprobado
30356437-NEG400;2025-06-04;10;Aprobado
31528064-MKT200;2025-06-04;6;Aprobado
34353357-DAT305;2025-06-04;4;Aprobado
35608376-UX100;2025-06-04;8;Aprobado
35753821-DAT305;2025-06-04;4;Aprobado
36092237-IA400;2025-06-04;2;Desaprobado
36532331-NEG400;2025-06-04;8;Aprobado
37874267-IA400;2025-06-04;3;Desaprobado
38070258-UX100;2025-06-04;8;Aprobado
38559625-DEV101;2025-06-04;9;Aprobado
40451762-DAT101;2025-06-04;4;Aprobado
41950319-DEV101;2025-06-04;10;Aprobado
43721576-DEV101;2025-06-04;6;Aprobado
44059178-IA400;2025-06-04;10;Aprobado
45177328-MKT200;2025-06-04;1;Desaprobado
45177548-MKT200;2025-06-04;6;Aprobado
46538783-NEG400;2025-06-04;2;Desaprobado
47061751-DAT305;2025-06-04;9;Aprobado
30278086-IA300;2025-06-05;3;Desaprobado
30301798-GEN101;2025-06-05;7;Aprobado
33683627-IA400;2025-06-05;7;Aprobado
34294158-IA400;2025-06-05;2;Desaprobado
36133533-DAT201;2025-06-05;3;Desaprobado
36701529-MKT200;2025-06-05;6;Aprobado
37515292-DAT201;2025-06-05;1;Desaprobado
37515292-DAT305;2025-06-05;7;Aprobado
38111908-DAT101;2025-06-05;8;Aprobado
38393487-DEV101;2025-06-05;5;Aprobado
40409948-IA300;2025-06-05;6;Aprobado
44049715-DAT201;2025-06-05;5;Aprobado
44442488-DEV101;2025-06-05;4;Aprobado
45225711-GEN101;2025-06-05;2;Desaprobado
45568950-DAT201;2025-06-05;2;Desaprobado
46585675-DAT101;2025-06-05;4;Aprobado
46890428-DAT305;2025-06-05;3;Desaprobado
32664172-NEG400;2025-06-06;6;Aprobado
37039481-NEG400;2025-06-06;4;Aprobado
37412229-GEN101;2025-06-06;1;Desaprobado
38648189-NEG400;2025-06-06;2;Desaprobado
41016204-GEN101;2025-06-06;8;Aprobado
44190336-MKT200;2025-06-06;9;Aprobado
44197978-DAT201;2025-06-06;5;Aprobado
45024595-DEV101;2025-06-06;5;Aprobado
45225711-DAT101;2025-06-06;5;Aprobado
45499218-MKT200;2025-06-06;8;Aprobado
45984678-IA300;2025-06-06;1;Desaprobado
46966361-GEN101;2025-06-06;5;Aprobado
47556368-IA300;2025-06-06;6;Aprobado
31576981-DAT201;2025-06-07;10;Aprobado
32139544-DEV101;2025-06-07;10;Aprobado
35054932-DAT201;2025-06-07;1;Desaprobado
35199789-UX100;2025-06-07;6;Aprobado
35207049-UX100;2025-06-07;10;Aprobado
35486815-MKT200;2025-06-07;7;Aprobado
35580984-NEG400;2025-06-07;4;Aprobado
36882138-NEG400;2025-06-07;8;Aprobado
37226510-DAT201;2025-06-07;9;Aprobado
37412229-DAT201;2025-06-07;6;Aprobado
38405437-DAT305;2025-06-07;3;Desaprobado
39623347-GEN101;2025-06-07;9;Aprobado
40451762-DEV101;2025-06-07;6;Aprobado
41340763-GEN101;2025-06-07;1;Desaprobado
45679679-NEG400;2025-06-07;8;Aprobado
45711997-DAT305;2025-06-07;2;Desaprobado
46080609-IA400;2025-06-07;6;Aprobado
47075635-IA300;2025-06-07;9;Aprobado
31313953-IA400;2025-06-08;6;Aprobado
31846333-NEG400;2025-06-08;5;Aprobado
32183463-IA300;2025-06-08;2;Desaprobado
32789755-IA300;2025-06-08;6;Aprobado
32844429-NEG400;2025-06-08;1;Desaprobado
33379578-NEG400;2025-06-08;7;Aprobado
38020693-NEG400;2025-06-08;5;Aprobado
40201800-DAT305;2025-06-08;4;Aprobado
44491570-MKT200;2025-06-08;3;Desaprobado
45105658-UX100;2025-06-08;4;Aprobado
45186536-GEN101;2025-06-08;6;Aprobado
45838988-DEV101;2025-06-08;2;Desaprobado
34896530-MKT200;2025-06-09;7;Aprobado
38017139-NEG400;2025-06-09;5;Aprobado
40104822-DEV101;2025-06-09;10;Aprobado
40998609-DAT305;2025-06-09;5;Aprobado
44640011-DAT201;2025-06-09;4;Aprobado
44959844-DAT201;2025-06-09;7;Aprobado
44965151-DEV101;2025-06-09;8;Aprobado
44988381-DAT101;2025-06-09;9;Aprobado
45225711-NEG400;2025-06-09;8;Aprobado
45704555-DAT305;2025-06-09;9;Aprobado
46069202-DAT201;2025-06-09;8;Aprobado
30382587-DEV101;2025-06-10;6;Aprobado
30430162-IA300;2025-06-10;8;Aprobado
32034364-NEG400;2025-06-10;6;Aprobado
33276302-NEG400;2025-06-10;6;Aprobado
34498415-UX100;2025-06-10;7;Aprobado
35415212-NEG400;2025-06-10;3;Desaprobado
38417833-DEV101;2025-06-10;5;Aprobado
38500035-GEN101;2025-06-10;2;Desaprobado
38695540-DAT101;2025-06-10;3;Desaprobado
39623347-DEV101;2025-06-10;5;Aprobado
40366603-DAT201;2025-06-10;10;Aprobado
41016204-GEN101;2025-06-10;5;Aprobado
41904080-DAT201;2025-06-10;10;Aprobado
44064200-DEV101;2025-06-10;10;Aprobado
44107875-IA300;2025-06-10;9;Aprobado
46698472-DEV101;2025-06-10;5;Aprobado
47163691-DAT305;2025-06-10;2;Desaprobado
47367569-NEG400;2025-06-10;3;Desaprobado
30163309-DEV101;2025-06-11;9;Aprobado
30430162-DAT305;2025-06-11;4;Aprobado
33397920-IA300;2025-06-11;3;Desaprobado
34883029-DAT305;2025-06-11;5;Aprobado
35574653-GEN101;2025-06-11;6;Aprobado
36594251-DAT101;2025-06-11;8;Aprobado
36765559-IA400;2025-06-11;6;Aprobado
38002503-NEG400;2025-06-11;7;Aprobado
39412125-GEN101;2025-06-11;10;Aprobado
39759071-MKT200;2025-06-11;5;Aprobado
40753275-IA300;2025-06-11;1;Desaprobado
41314648-DAT201;2025-06-11;10;Aprobado
43286289-DAT201;2025-06-11;5;Aprobado
44086116-IA300;2025-06-11;6;Aprobado
44115909-IA400;2025-06-11;5;Aprobado
44830567-MKT200;2025-06-11;5;Aprobado
46346975-DEV101;2025-06-11;4;Aprobado
46860457-UX100;2025-06-11;2;Desaprobado
47826221-DAT305;2025-06-11;10;Aprobado
30342609-GEN101;2025-06-12;7;Aprobado
31531992-IA400;2025-06-12;3;Desaprobado
32028866-DAT201;2025-06-12;3;Desaprobado
33984071-MKT200;2025-06-12;10;Aprobado
35115152-MKT200;2025-06-12;7;Aprobado
35994686-DAT101;2025-06-12;1;Desaprobado
36443537-UX100;2025-06-12;6;Aprobado
36510557-UX100;2025-06-12;5;Aprobado
36701529-DAT201;2025-06-12;2;Desaprobado
36892333-IA400;2025-06-12;3;Desaprobado
38275238-IA400;2025-06-12;8;Aprobado
38292751-NEG400;2025-06-12;10;Aprobado
38549006-MKT200;2025-06-12;2;Desaprobado
39265874-DAT201;2025-06-12;3;Desaprobado
39547835-DEV101;2025-06-12;1;Desaprobado
40423919-DAT201;2025-06-12;7;Aprobado
43647497-DAT201;2025-06-12;9;Aprobado
44076200-IA400;2025-06-12;6;Aprobado
44490644-IA400;2025-06-12;8;Aprobado
47122979-UX100;2025-06-12;2;Desaprobado
30672524-IA300;2025-06-13;4;Aprobado
33745990-UX100;2025-06-13;8;Aprobado
34702143-DEV101;2025-06-13;9;Aprobado
35809204-UX100;2025-06-13;8;Aprobado
35821025-DEV101;2025-06-13;3;Desaprobado
35839853-DAT101;2025-06-13;5;Aprobado
36676918-DAT305;2025-06-13;10;Aprobado
36691364-IA400;2025-06-13;7;Aprobado
37527174-IA300;2025-06-13;5;Aprobado
37952315-NEG400;2025-06-13;6;Aprobado
38780853-MKT200;2025-06-13;4;Aprobado
43037722-MKT200;2025-06-13;2;Desaprobado
45090752-NEG400;2025-06-13;5;Aprobado
45488677-DAT101;2025-06-13;10;Aprobado
46153310-NEG400;2025-06-13;10;Aprobado
46256042-DAT101;2025-06-13;4;Aprobado
46263687-DAT201;2025-06-13;9;Aprobado
30055439-IA300;2025-06-14;8;Aprobado
30277884-DAT305;2025-06-14;8;Aprobado
31015246-DAT201;2025-06-14;4;Aprobado
31634609-DAT305;2025-06-14;8;Aprobado
34705463-MKT200;2025-06-14;6;Aprobado
38181190-IA300;2025-06-14;1;Desaprobado
38559625-IA300;2025-06-14;3;Desaprobado
39265874-UX100;2025-06-14;5;Aprobado
40423919-DAT305;2025-06-14;4;Aprobado
43040142-UX100;2025-06-14;9;Aprobado
43498834-GEN101;2025-06-14;8;Aprobado
43652049-IA300;2025-06-14;4;Aprobado
43711417-DAT305;2025-06-14;4;Aprobado
44512365-DAT201;2025-06-14;6;Aprobado
47075635-IA400;2025-06-14;8;Aprobado
47764924-NEG400;2025-06-14;4;Aprobado
30055089-DAT101;2025-06-15;1;Desaprobado
30528419-UX100;2025-06-15;2;Desaprobado
30800017-UX100;2025-06-15;4;Aprobado
30923193-IA300;2025-06-15;7;Aprobado
31067946-DAT101;2025-06-15;1;Desaprobado
32171052-IA400;2025-06-15;9;Aprobado
32935035-DAT101;2025-06-15;8;Aprobado
35580984-NEG400;2025-06-15;10;Aprobado
35643961-UX100;2025-06-15;6;Aprobado
36349336-DAT101;2025-06-15;4;Aprobado
36858459-DAT305;2025-06-15;8;Aprobado
37763133-DAT201;2025-06-15;7;Aprobado
38589344-DAT201;2025-06-15;5;Aprobado
40039504-DAT305;2025-06-15;3;Desaprobado
43711417-NEG400;2025-06-15;8;Aprobado
43831919-IA400;2025-06-15;3;Desaprobado
45544606-DAT101;2025-06-15;6;Aprobado
45980462-DAT201;2025-06-15;9;Aprobado
47517294-MKT200;2025-06-15;6;Aprobado
47678899-DAT305;2025-06-15;10;Aprobado
30839312-IA400;2025-06-16;8;Aprobado
31365812-MKT200;2025-06-16;2;Desaprobado
31559920-NEG400;2025-06-16;3;Desaprobado
31562676-GEN101;2025-06-16;3;Desaprobado
32592763-NEG400;2025-06-16;10;Aprobado
34577564-UX100;2025-06-16;8;Aprobado
36971688-DAT101;2025-06-16;6;Aprobado
37840610-GEN101;2025-06-16;2;Desaprobado
38405437-DAT305;2025-06-16;3;Desaprobado
40102789-UX100;2025-06-16;6;Aprobado
40852091-UX100;2025-06-16;7;Aprobado
41721378-NEG400;2025-06-16;9;Aprobado
45825230-DAT201;2025-06-16;5;Aprobado
46858102-DAT101;2025-06-16;9;Aprobado
30677244-UX100;2025-06-17;10;Aprobado
31365812-MKT200;2025-06-17;3;Desaprobado
31685119-MKT200;2025-06-17;5;Aprobado
33683627-DAT201;2025-06-17;9;Aprobado
34089245-IA400;2025-06-17;8;Aprobado
35199789-DEV101;2025-06-17;5;Aprobado
36364003-IA400;2025-06-17;1;Desaprobado
36858459-DEV101;2025-06-17;7;Aprobado
37606348-DEV101;2025-06-17;9;Aprobado
37763133-DEV101;2025-06-17;2;Desaprobado
38181190-NEG400;2025-06-17;9;Aprobado
40401825-DEV101;2025-06-17;9;Aprobado
41532385-NEG400;2025-06-17;2;Desaprobado
43331228-DAT201;2025-06-17;8;Aprobado
43506692-IA300;2025-06-17;8;Aprobado
43713231-IA400;2025-06-17;8;Aprobado
44700314-UX100;2025-06-17;4;Aprobado
45007686-IA300;2025-06-17;5;Aprobado
45589540-NEG400;2025-06-17;4;Aprobado
46137809-NEG400;2025-06-17;5;Aprobado
46210812-DAT101;2025-06-17;5;Aprobado
46669980-DAT201;2025-06-17;7;Aprobado
47826221-DAT101;2025-06-17;10;Aprobado
30483176-GEN101;2025-06-18;7;Aprobado
30839312-IA400;2025-06-18;1;Desaprobado
31660305-GEN101;2025-06-18;9;Aprobado
32658531-DAT201;2025-06-18;8;Aprobado
33896639-DAT101;2025-06-18;10;Aprobado
34148661-IA300;2025-06-18;6;Aprobado
34364066-GEN101;2025-06-18;2;Desaprobado
35115152-DEV101;2025-06-18;3;Desaprobado
39796864-IA400;2025-06-18;6;Aprobado
40400092-DAT201;2025-06-18;1;Desaprobado
40658261-DAT101;2025-06-18;4;Aprobado
43528816-IA400;2025-06-18;7;Aprobado
43991288-DAT201;2025-06-18;8;Aprobado
46518516-IA400;2025-06-18;8;Aprobado
46599245-DAT201;2025-06-18;10;Aprobado
30677244-NEG400;2025-06-19;6;Aprobado
30800017-MKT200;2025-06-19;7;Aprobado
32119317-UX100;2025-06-19;6;Aprobado
32201924-IA400;2025-06-19;8;Aprobado
32805911-IA300;2025-06-19;2;Desaprobado
36185529-DAT101;2025-06-19;4;Aprobado
37091816-GEN101;2025-06-19;8;Aprobado
37351522-IA300;2025-06-19;6;Aprobado
37952540-DAT305;2025-06-19;4;Aprobado
38531623-DAT201;2025-06-19;7;Aprobado
38625723-MKT200;2025-06-19;9;Aprobado
40661993-IA300;2025-06-19;5;Aprobado
40832369-NEG400;2025-06-19;7;Aprobado
43506692-IA300;2025-06-19;7;Aprobado
44107875-GEN101;2025-06-19;4;Aprobado
44286872-MKT200;2025-06-19;3;Desaprobado
45474521-MKT200;2025-06-19;6;Aprobado
45589540-MKT200;2025-06-19;2;Desaprobado
46647366-DAT201;2025-06-19;4;Aprobado
46669980-UX100;2025-06-19;2;Desaprobado
31332769-MKT200;2025-06-20;4;Aprobado
32889452-DEV101;2025-06-20;7;Aprobado
33175574-IA400;2025-06-20;9;Aprobado
35284612-DEV101;2025-06-20;10;Aprobado
37013243-DAT101;2025-06-20;9;Aprobado
41213341-IA300;2025-06-20;3;Desaprobado
41907942-DAT201;2025-06-20;2;Desaprobado
44174755-GEN101;2025-06-20;8;Aprobado
44419143-NEG400;2025-06-20;2;Desaprobado
44702371-DAT305;2025-06-20;5;Aprobado
45417367-MKT200;2025-06-20;7;Aprobado
45417606-DAT101;2025-06-20;7;Aprobado
47103537-DEV101;2025-06-20;3;Desaprobado
47206312-DEV101;2025-06-20;2;Desaprobado
47468880-DAT305;2025-06-20;7;Aprobado
33717161-MKT200;2025-06-21;6;Aprobado
36532331-DEV101;2025-06-21;6;Aprobado
38559625-UX100;2025-06-21;2;Desaprobado
39473672-IA400;2025-06-21;5;Aprobado
44345701-UX100;2025-06-21;9;Aprobado
46278232-IA300;2025-06-21;4;Aprobado
32108581-GEN101;2025-06-22;9;Aprobado
32171052-UX100;2025-06-22;3;Desaprobado
32171676-DAT101;2025-06-22;8;Aprobado
34793173-DAT201;2025-06-22;4;Aprobado
34933614-NEG400;2025-06-22;5;Aprobado
35951430-DAT201;2025-06-22;3;Desaprobado
36028849-DAT201;2025-06-22;5;Aprobado
36200569-DEV101;2025-06-22;8;Aprobado
37280564-IA400;2025-06-22;4;Aprobado
37370656-MKT200;2025-06-22;1;Desaprobado
38417833-DAT101;2025-06-22;10;Aprobado
39337175-DAT101;2025-06-22;4;Aprobado
39737785-MKT200;2025-06-22;2;Desaprobado
40330349-IA400;2025-06-22;10;Aprobado
40832369-DAT305;2025-06-22;4;Aprobado
41066323-MKT200;2025-06-22;8;Aprobado
41396027-DEV101;2025-06-22;10;Aprobado
41803813-GEN101;2025-06-22;10;Aprobado
41818271-GEN101;2025-06-22;4;Aprobado
44492127-DAT101;2025-06-22;10;Aprobado
45568950-DAT201;2025-06-22;4;Aprobado
46145128-DAT101;2025-06-22;9;Aprobado
46965600-GEN101;2025-06-22;5;Aprobado
30187041-IA400;2025-06-23;4;Aprobado
31076430-DAT101;2025-06-23;2;Desaprobado
32281165-MKT200;2025-06-23;5;Aprobado
33916616-UX100;2025-06-23;1;Desaprobado
34044850-NEG400;2025-06-23;7;Aprobado
34401288-DEV101;2025-06-23;3;Desaprobado
35218002-DAT201;2025-06-23;10;Aprobado
36028849-DAT305;2025-06-23;9;Aprobado
36169395-IA300;2025-06-23;2;Desaprobado
37370656-MKT200;2025-06-23;5;Aprobado
37584867-DAT101;2025-06-23;5;Aprobado
37679372-IA400;2025-06-23;8;Aprobado
38794221-DAT305;2025-06-23;2;Desaprobado
39073064-GEN101;2025-06-23;6;Aprobado
39121001-DAT201;2025-06-23;7;Aprobado
41016204-MKT200;2025-06-23;1;Desaprobado
43521267-DEV101;2025-06-23;1;Desaprobado
44754301-DAT101;2025-06-23;6;Aprobado
46435125-UX100;2025-06-23;7;Aprobado
47430513-GEN101;2025-06-23;3;Desaprobado
32329071-IA400;2025-06-24;5;Aprobado
35821025-DAT101;2025-06-24;4;Aprobado
36907961-DEV101;2025-06-24;1;Desaprobado
36971688-GEN101;2025-06-24;2;Desaprobado
37527174-UX100;2025-06-24;10;Aprobado
39752062-GEN101;2025-06-24;8;Aprobado
39901527-DAT101;2025-06-24;5;Aprobado
43713231-DAT305;2025-06-24;8;Aprobado
43895529-UX100;2025-06-24;6;Aprobado
46886132-IA300;2025-06-24;2;Desaprobado
47556368-DEV101;2025-06-24;5;Aprobado
34729179-IA300;2025-06-25;1;Desaprobado
36765559-IA300;2025-06-25;8;Aprobado
37057932-IA400;2025-06-25;4;Aprobado
38869750-DAT101;2025-06-25;5;Aprobado
39623347-UX100;2025-06-25;2;Desaprobado
40333573-IA400;2025-06-25;3;Desaprobado
40333573-UX100;2025-06-25;8;Aprobado
43832291-IA400;2025-06-25;1;Desaprobado
43904377-IA300;2025-06-25;10;Aprobado
44754060-DAT201;2025-06-25;10;Aprobado
46886132-IA400;2025-06-25;4;Aprobado
47404191-IA400;2025-06-25;7;Aprobado
47776360-DAT101;2025-06-25;6;Aprobado
30163309-IA400;2025-06-26;2;Desaprobado
32860968-DAT201;2025-06-26;6;Aprobado
35385278-GEN101;2025-06-26;5;Aprobado
35419862-NEG400;2025-06-26;7;Aprobado
37017626-NEG400;2025-06-26;6;Aprobado
37280564-GEN101;2025-06-26;5;Aprobado
38869750-UX100;2025-06-26;5;Aprobado
39040140-DAT101;2025-06-26;3;Desaprobado
39278348-UX100;2025-06-26;9;Aprobado
39796864-IA300;2025-06-26;10;Aprobado
40400092-DEV101;2025-06-26;6;Aprobado
40783770-DEV101;2025-06-26;4;Aprobado
41661140-MKT200;2025-06-26;9;Aprobado
44229724-UX100;2025-06-26;9;Aprobado
47162613-DAT101;2025-06-26;1;Desaprobado
47399378-IA400;2025-06-26;8;Aprobado
47649810-DEV101;2025-06-26;6;Aprobado
32098690-DAT305;2025-06-27;3;Desaprobado
32108581-DEV101;2025-06-27;2;Desaprobado
32454237-DAT101;2025-06-27;2;Desaprobado
33683627-IA300;2025-06-27;2;Desaprobado
33698941-GEN101;2025-06-27;2;Desaprobado
35837738-GEN101;2025-06-27;6;Aprobado
35839853-GEN101;2025-06-27;6;Aprobado
36600824-DAT201;2025-06-27;6;Aprobado
36701529-DAT305;2025-06-27;3;Desaprobado
37057932-GEN101;2025-06-27;9;Aprobado
41166199-DAT305;2025-06-27;1;Desaprobado
43331228-GEN101;2025-06-27;9;Aprobado
44115909-DAT101;2025-06-27;7;Aprobado
46411752-DAT201;2025-06-27;10;Aprobado
46435125-DEV101;2025-06-27;4;Aprobado
46637531-DAT305;2025-06-27;8;Aprobado
47247100-DAT305;2025-06-27;3;Desaprobado
31324108-DAT101;2025-06-28;10;Aprobado
31898350-IA400;2025-06-28;7;Aprobado
32567561-NEG400;2025-06-28;5;Aprobado
33962182-GEN101;2025-06-28;5;Aprobado
34935270-IA300;2025-06-28;5;Aprobado
35383408-NEG400;2025-06-28;5;Aprobado
36727561-DAT201;2025-06-28;4;Aprobado
38940969-IA300;2025-06-28;1;Desaprobado
40284355-IA300;2025-06-28;9;Aprobado
40719473-MKT200;2025-06-28;4;Aprobado
40852091-IA300;2025-06-28;3;Desaprobado
43871165-DAT201;2025-06-28;7;Aprobado
44343339-DAT201;2025-06-28;4;Aprobado
44811661-IA400;2025-06-28;9;Aprobado
47733210-IA300;2025-06-28;2;Desaprobado
33296162-DAT201;2025-06-29;6;Aprobado
33641153-UX100;2025-06-29;6;Aprobado
33816707-DAT101;2025-06-29;1;Desaprobado
34486034-UX100;2025-06-29;4;Aprobado
34832335-MKT200;2025-06-29;9;Aprobado
34987487-IA300;2025-06-29;1;Desaprobado
36349336-NEG400;2025-06-29;3;Desaprobado
37725025-DAT201;2025-06-29;8;Aprobado
37885100-DAT201;2025-06-29;6;Aprobado
38340878-GEN101;2025-06-29;4;Aprobado
38549006-IA400;2025-06-29;5;Aprobado
39908813-DAT305;2025-06-29;9;Aprobado
40612010-DEV101;2025-06-29;3;Desaprobado
41006133-GEN101;2025-06-29;8;Aprobado
41051244-NEG400;2025-06-29;4;Aprobado
44101321-DAT201;2025-06-29;2;Desaprobado
44291013-IA300;2025-06-29;2;Desaprobado
45763623-DEV101;2025-06-29;7;Aprobado
46591765-DAT201;2025-06-29;9;Aprobado
46669980-DAT201;2025-06-29;8;Aprobado
46890428-DEV101;2025-06-29;5;Aprobado
47707678-DEV101;2025-06-29;5;Aprobado
47969954-GEN101;2025-06-29;7;Aprobado
47983613-NEG400;2025-06-29;7;Aprobado
30224289-IA300;2025-06-30;9;Aprobado
30386246-NEG400;2025-06-30;4;Aprobado
31349203-UX100;2025-06-30;3;Desaprobado
31660305-NEG400;2025-06-30;4;Aprobado
31961540-DAT201;2025-06-30;8;Aprobado
33127447-GEN101;2025-06-30;10;Aprobado
33914516-DEV101;2025-06-30;6;Aprobado
34148661-DAT101;2025-06-30;7;Aprobado
34615409-DAT101;2025-06-30;6;Aprobado
34923335-DEV101;2025-06-30;8;Aprobado
38622475-NEG400;2025-06-30;4;Aprobado
38869750-DAT101;2025-06-30;1;Desaprobado
39171997-DAT201;2025-06-30;10;Aprobado
40284355-IA400;2025-06-30;1;Desaprobado
40804778-UX100;2025-06-30;1;Desaprobado
41785959-DAT101;2025-06-30;4;Aprobado
41803813-DAT305;2025-06-30;6;Aprobado
43521267-DAT101;2025-06-30;6;Aprobado
44830567-IA300;2025-06-30;7;Aprobado
45076705-UX100;2025-06-30;9;Aprobado
45177548-NEG400;2025-06-30;4;Aprobado
45311516-IA400;2025-06-30;8;Aprobado
46647366-IA400;2025-06-30;3;Desaprobado
46894068-DEV101;2025-06-30;4;Aprobado
47320705-NEG400;2025-06-30;8;Aprobado
47506119-MKT200;2025-06-30;4;Aprobado
30528419-NEG400;2025-07-01;8;Aprobado
32726810-DAT305;2025-07-01;10;Aprobado
32839194-DAT305;2025-07-01;5;Aprobado
35757363-DEV101;2025-07-01;10;Aprobado
37008739-IA300;2025-07-01;8;Aprobado
40337941-MKT200;2025-07-01;6;Aprobado
40358538-IA300;2025-07-01;8;Aprobado
40531804-UX100;2025-07-01;8;Aprobado
40989234-DAT305;2025-07-01;6;Aprobado
41398180-GEN101;2025-07-01;6;Aprobado
44490644-DAT101;2025-07-01;10;Aprobado
44521729-UX100;2025-07-01;5;Aprobado
44811354-UX100;2025-07-01;2;Desaprobado
44858776-IA300;2025-07-01;3;Desaprobado
46026190-GEN101;2025-07-01;7;Aprobado
30713710-MKT200;2025-07-02;8;Aprobado
31185628-GEN101;2025-07-02;9;Aprobado
31355414-MKT200;2025-07-02;4;Aprobado
31486885-DEV101;2025-07-02;4;Aprobado
32349636-DEV101;2025-07-02;5;Aprobado
33479160-DAT305;2025-07-02;2;Desaprobado
34832335-DAT101;2025-07-02;2;Desaprobado
36434636-GEN101;2025-07-02;4;Aprobado
38042975-UX100;2025-07-02;10;Aprobado
38589344-MKT200;2025-07-02;7;Aprobado
38648189-NEG400;2025-07-02;8;Aprobado
39901527-GEN101;2025-07-02;4;Aprobado
40833222-IA400;2025-07-02;1;Desaprobado
41532385-NEG400;2025-07-02;6;Aprobado
46599245-DAT201;2025-07-02;5;Aprobado
47731681-GEN101;2025-07-02;4;Aprobado
33596181-NEG400;2025-07-03;5;Aprobado
35033683-NEG400;2025-07-03;5;Aprobado
37335497-DEV101;2025-07-03;4;Aprobado
38500035-MKT200;2025-07-03;1;Desaprobado
38693211-UX100;2025-07-03;1;Desaprobado
43098716-IA400;2025-07-03;3;Desaprobado
43344838-DAT201;2025-07-03;8;Aprobado
45763623-DAT305;2025-07-03;7;Aprobado
47163691-MKT200;2025-07-03;2;Desaprobado
47233498-MKT200;2025-07-03;1;Desaprobado
47700089-IA300;2025-07-03;8;Aprobado
30811908-IA400;2025-07-04;4;Aprobado
31360651-GEN101;2025-07-04;8;Aprobado
31379839-UX100;2025-07-04;7;Aprobado
32454237-IA400;2025-07-04;6;Aprobado
32496231-DAT101;2025-07-04;8;Aprobado
32703610-IA300;2025-07-04;7;Aprobado
32726810-MKT200;2025-07-04;7;Aprobado
33418893-GEN101;2025-07-04;8;Aprobado
33511174-DAT101;2025-07-04;6;Aprobado
35419862-DAT305;2025-07-04;6;Aprobado
36314879-IA300;2025-07-04;1;Desaprobado
38275238-DAT201;2025-07-04;9;Aprobado
44702371-NEG400;2025-07-04;5;Aprobado
44959844-NEG400;2025-07-04;5;Aprobado
45663240-IA300;2025-07-04;4;Aprobado
46271176-DEV101;2025-07-04;10;Aprobado
46382860-DAT201;2025-07-04;7;Aprobado
46556662-DEV101;2025-07-04;6;Aprobado
46649401-IA300;2025-07-04;4;Aprobado
47826221-IA300;2025-07-04;3;Desaprobado
47909977-GEN101;2025-07-04;7;Aprobado
30173121-UX100;2025-07-05;10;Aprobado
31221480-GEN101;2025-07-05;7;Aprobado
32128322-DAT101;2025-07-05;8;Aprobado
32726810-DAT201;2025-07-05;4;Aprobado
34288472-MKT200;2025-07-05;7;Aprobado
34702143-DAT201;2025-07-05;3;Desaprobado
35054932-UX100;2025-07-05;8;Aprobado
37392794-IA300;2025-07-05;4;Aprobado
37840610-DAT101;2025-07-05;6;Aprobado
40201800-UX100;2025-07-05;10;Aprobado
44415606-DEV101;2025-07-05;2;Desaprobado
45775192-UX100;2025-07-05;1;Desaprobado
46521420-NEG400;2025-07-05;5;Aprobado
46649401-MKT200;2025-07-05;9;Aprobado
30672524-GEN101;2025-07-06;10;Aprobado
31206140-MKT200;2025-07-06;1;Desaprobado
31685297-DAT305;2025-07-06;2;Desaprobado
31924807-DAT101;2025-07-06;10;Aprobado
32283744-GEN101;2025-07-06;10;Aprobado
32318137-GEN101;2025-07-06;6;Aprobado
35069582-IA300;2025-07-06;10;Aprobado
36510557-DAT201;2025-07-06;4;Aprobado
37561242-NEG400;2025-07-06;6;Aprobado
38292751-DAT305;2025-07-06;8;Aprobado
40287807-UX100;2025-07-06;1;Desaprobado
40948220-MKT200;2025-07-06;4;Aprobado
41166199-IA300;2025-07-06;1;Desaprobado
41818271-UX100;2025-07-06;4;Aprobado
43344838-UX100;2025-07-06;5;Aprobado
43651947-IA300;2025-07-06;1;Desaprobado
43827991-IA400;2025-07-06;7;Aprobado
44419143-IA400;2025-07-06;10;Aprobado
44476887-IA400;2025-07-06;8;Aprobado
45459710-DAT201;2025-07-06;5;Aprobado
46596607-GEN101;2025-07-06;5;Aprobado
46706919-IA300;2025-07-06;4;Aprobado
46992814-DAT201;2025-07-06;9;Aprobado
47022459-DAT305;2025-07-06;1;Desaprobado
47163691-MKT200;2025-07-06;7;Aprobado
47826221-DEV101;2025-07-06;10;Aprobado
31277192-IA400;2025-07-07;8;Aprobado
31297438-NEG400;2025-07-07;4;Aprobado
31471846-NEG400;2025-07-07;3;Desaprobado
32139544-UX100;2025-07-07;5;Aprobado
34223113-NEG400;2025-07-07;4;Aprobado
34446896-DAT305;2025-07-07;1;Desaprobado
34508579-IA300;2025-07-07;4;Aprobado
35033683-DAT305;2025-07-07;10;Aprobado
36364003-DAT101;2025-07-07;1;Desaprobado
36971688-GEN101;2025-07-07;5;Aprobado
38263069-DEV101;2025-07-07;1;Desaprobado
39214817-DAT305;2025-07-07;10;Aprobado
39281798-GEN101;2025-07-07;5;Aprobado
40366603-IA400;2025-07-07;8;Aprobado
41051244-DAT201;2025-07-07;1;Desaprobado
43344838-IA400;2025-07-07;3;Desaprobado
44454123-DAT305;2025-07-07;3;Desaprobado
47022459-DAT101;2025-07-07;8;Aprobado
30125745-DAT305;2025-07-08;8;Aprobado
31559920-DAT201;2025-07-08;8;Aprobado
32201924-NEG400;2025-07-08;10;Aprobado
32592763-DAT305;2025-07-08;9;Aprobado
32776935-UX100;2025-07-08;9;Aprobado
33201122-IA300;2025-07-08;8;Aprobado
33742338-DAT201;2025-07-08;5;Aprobado
34441439-DEV101;2025-07-08;5;Aprobado
34631520-UX100;2025-07-08;9;Aprobado
35683885-GEN101;2025-07-08;9;Aprobado
35983804-GEN101;2025-07-08;6;Aprobado
36331097-DAT101;2025-07-08;3;Desaprobado
36349336-DEV101;2025-07-08;10;Aprobado
36511898-DEV101;2025-07-08;4;Aprobado
36594251-DEV101;2025-07-08;7;Aprobado
36892333-UX100;2025-07-08;2;Desaprobado
39073370-UX100;2025-07-08;8;Aprobado
39335040-DAT101;2025-07-08;8;Aprobado
41627786-DEV101;2025-07-08;2;Desaprobado
41912939-DAT305;2025-07-08;8;Aprobado
43344838-MKT200;2025-07-08;7;Aprobado
44115909-DAT201;2025-07-08;6;Aprobado
44730308-MKT200;2025-07-08;7;Aprobado
44827801-UX100;2025-07-08;8;Aprobado
45315237-GEN101;2025-07-08;4;Aprobado
46346975-MKT200;2025-07-08;8;Aprobado
46894068-DAT101;2025-07-08;5;Aprobado
30851248-IA400;2025-07-09;1;Desaprobado
31547849-DEV101;2025-07-09;8;Aprobado
33698941-MKT200;2025-07-09;9;Aprobado
34743406-IA400;2025-07-09;7;Aprobado
34764302-IA400;2025-07-09;3;Desaprobado
34841664-UX100;2025-07-09;1;Desaprobado
35722006-IA300;2025-07-09;2;Desaprobado
36158027-DAT305;2025-07-09;6;Aprobado
37039481-IA300;2025-07-09;6;Aprobado
39337175-NEG400;2025-07-09;9;Aprobado
39407484-MKT200;2025-07-09;3;Desaprobado
39535799-DAT101;2025-07-09;2;Desaprobado
43162851-DAT101;2025-07-09;10;Aprobado
44284431-GEN101;2025-07-09;9;Aprobado
45619097-IA400;2025-07-09;8;Aprobado
46040721-NEG400;2025-07-09;10;Aprobado
46218945-GEN101;2025-07-09;8;Aprobado
46284693-DEV101;2025-07-09;10;Aprobado
47021675-DAT101;2025-07-09;6;Aprobado
31961540-IA300;2025-07-10;10;Aprobado
33511174-GEN101;2025-07-10;8;Aprobado
33520255-GEN101;2025-07-10;2;Desaprobado
36145210-NEG400;2025-07-10;2;Desaprobado
37280564-DAT201;2025-07-10;4;Aprobado
37335497-GEN101;2025-07-10;4;Aprobado
38393487-IA400;2025-07-10;2;Desaprobado
38648189-UX100;2025-07-10;5;Aprobado
40099804-DAT305;2025-07-10;8;Aprobado
40283838-DEV101;2025-07-10;2;Desaprobado
40293144-IA300;2025-07-10;7;Aprobado
40296795-NEG400;2025-07-10;3;Desaprobado
41671067-NEG400;2025-07-10;10;Aprobado
41785959-DAT305;2025-07-10;3;Desaprobado
44286872-DEV101;2025-07-10;6;Aprobado
44445238-DAT201;2025-07-10;8;Aprobado
45619097-UX100;2025-07-10;3;Desaprobado
46653953-DAT305;2025-07-10;10;Aprobado
46669980-GEN101;2025-07-10;2;Desaprobado
47826221-DAT305;2025-07-10;3;Desaprobado
30800017-DAT305;2025-07-11;4;Aprobado
30851248-UX100;2025-07-11;6;Aprobado
31634609-IA300;2025-07-11;9;Aprobado
33353197-IA300;2025-07-11;3;Desaprobado
33916616-DAT101;2025-07-11;3;Desaprobado
34883029-DEV101;2025-07-11;6;Aprobado
37039481-DAT201;2025-07-11;7;Aprobado
37121626-GEN101;2025-07-11;3;Desaprobado
37171122-NEG400;2025-07-11;2;Desaprobado
37381074-NEG400;2025-07-11;8;Aprobado
38452657-DEV101;2025-07-11;4;Aprobado
38991597-DEV101;2025-07-11;6;Aprobado
39835913-MKT200;2025-07-11;9;Aprobado
40582609-GEN101;2025-07-11;8;Aprobado
44291013-MKT200;2025-07-11;1;Desaprobado
44844263-IA400;2025-07-11;5;Aprobado
45663240-DEV101;2025-07-11;10;Aprobado
46564562-NEG400;2025-07-11;3;Desaprobado
46847177-GEN101;2025-07-11;10;Aprobado
47162613-IA300;2025-07-11;3;Desaprobado
47517294-DAT305;2025-07-11;4;Aprobado
31177427-DAT305;2025-07-12;2;Desaprobado
32451951-GEN101;2025-07-12;6;Aprobado
32592763-DAT101;2025-07-12;8;Aprobado
33596181-DAT101;2025-07-12;10;Aprobado
34299183-NEG400;2025-07-12;9;Aprobado
39908813-NEG400;2025-07-12;2;Desaprobado
41661140-IA400;2025-07-12;10;Aprobado
41907942-IA300;2025-07-12;9;Aprobado
44062737-IA300;2025-07-12;9;Aprobado
44613692-DEV101;2025-07-12;6;Aprobado
46225626-MKT200;2025-07-12;6;Aprobado
46775879-IA400;2025-07-12;8;Aprobado
30216143-MKT200;2025-07-13;10;Aprobado
30271801-GEN101;2025-07-13;2;Desaprobado
30679979-IA300;2025-07-13;3;Desaprobado
30789190-UX100;2025-07-13;7;Aprobado
30851248-DAT305;2025-07-13;5;Aprobado
31076430-GEN101;2025-07-13;6;Aprobado
33201122-UX100;2025-07-13;10;Aprobado
34696467-DEV101;2025-07-13;3;Desaprobado
34705463-DAT201;2025-07-13;2;Desaprobado
37090862-IA300;2025-07-13;4;Aprobado
37131375-UX100;2025-07-13;6;Aprobado
38500035-MKT200;2025-07-13;4;Aprobado
39297755-DAT201;2025-07-13;5;Aprobado
39684156-DAT201;2025-07-13;3;Desaprobado
40284355-DAT201;2025-07-13;8;Aprobado
40358538-GEN101;2025-07-13;8;Aprobado
41084438-UX100;2025-07-13;8;Aprobado
43344838-IA300;2025-07-13;10;Aprobado
44221505-GEN101;2025-07-13;2;Desaprobado
46860457-DEV101;2025-07-13;6;Aprobado
32108581-MKT200;2025-07-14;8;Aprobado
32139544-NEG400;2025-07-14;4;Aprobado
32454237-IA300;2025-07-14;5;Aprobado
32935035-GEN101;2025-07-14;2;Desaprobado
33614240-DAT101;2025-07-14;7;Aprobado
35598065-DEV101;2025-07-14;1;Desaprobado
35809204-DAT305;2025-07-14;7;Aprobado
36200569-NEG400;2025-07-14;10;Aprobado
37017626-DEV101;2025-07-14;8;Aprobado
40655822-DEV101;2025-07-14;6;Aprobado
41083641-IA300;2025-07-14;3;Desaprobado
45647473-DAT201;2025-07-14;9;Aprobado
31848115-IA400;2025-07-15;7;Aprobado
31908414-NEG400;2025-07-15;8;Aprobado
32166416-IA400;2025-07-15;10;Aprobado
32330822-DAT101;2025-07-15;8;Aprobado
33698941-IA400;2025-07-15;5;Aprobado
37572605-IA300;2025-07-15;6;Aprobado
38002503-DAT201;2025-07-15;6;Aprobado
38340878-NEG400;2025-07-15;7;Aprobado
38648189-DAT201;2025-07-15;2;Desaprobado
43008590-DAT101;2025-07-15;1;Desaprobado
43662150-GEN101;2025-07-15;6;Aprobado
44115909-UX100;2025-07-15;2;Desaprobado
44224033-UX100;2025-07-15;1;Desaprobado
44786123-DEV101;2025-07-15;2;Desaprobado
44988509-NEG400;2025-07-15;6;Aprobado
45186536-DAT101;2025-07-15;2;Desaprobado
46069202-MKT200;2025-07-15;7;Aprobado
47993064-NEG400;2025-07-15;4;Aprobado
30283834-DAT101;2025-07-16;1;Desaprobado
32101106-IA400;2025-07-16;4;Aprobado
32966903-DEV101;2025-07-16;7;Aprobado
33304657-IA400;2025-07-16;10;Aprobado
33714793-UX100;2025-07-16;4;Aprobado
33818954-DEV101;2025-07-16;1;Desaprobado
36443537-NEG400;2025-07-16;9;Aprobado
37460819-MKT200;2025-07-16;7;Aprobado
38002503-DAT305;2025-07-16;2;Desaprobado
40902797-DEV101;2025-07-16;9;Aprobado
40989234-NEG400;2025-07-16;3;Desaprobado
43008590-DEV101;2025-07-16;3;Desaprobado
43678310-DEV101;2025-07-16;1;Desaprobado
44111228-DEV101;2025-07-16;1;Desaprobado
44827801-IA300;2025-07-16;8;Aprobado
46155741-DAT305;2025-07-16;1;Desaprobado
46256042-MKT200;2025-07-16;10;Aprobado
47645473-NEG400;2025-07-16;2;Desaprobado
30506698-DAT101;2025-07-17;6;Aprobado
30923193-IA300;2025-07-17;2;Desaprobado
31355414-DAT101;2025-07-17;3;Desaprobado
32329071-MKT200;2025-07-17;9;Aprobado
32435922-IA400;2025-07-17;4;Aprobado
32550613-MKT200;2025-07-17;8;Aprobado
32911130-IA300;2025-07-17;8;Aprobado
32966903-NEG400;2025-07-17;1;Desaprobado
33143242-UX100;2025-07-17;7;Aprobado
33397920-IA400;2025-07-17;4;Aprobado
34057124-MKT200;2025-07-17;3;Desaprobado
34355144-UX100;2025-07-17;3;Desaprobado
37090862-DEV101;2025-07-17;7;Aprobado
37171122-MKT200;2025-07-17;4;Aprobado
37774603-DAT201;2025-07-17;8;Aprobado
38500035-IA400;2025-07-17;4;Aprobado
40681899-MKT200;2025-07-17;3;Desaprobado
40848361-IA300;2025-07-17;8;Aprobado
41273545-DAT305;2025-07-17;2;Desaprobado
45024595-IA400;2025-07-17;7;Aprobado
45474619-DAT305;2025-07-17;10;Aprobado
46218945-DAT305;2025-07-17;6;Aprobado
46270211-NEG400;2025-07-17;7;Aprobado
46600954-IA300;2025-07-17;10;Aprobado
46909132-DAT101;2025-07-17;4;Aprobado
30483176-IA400;2025-07-18;9;Aprobado
31067946-UX100;2025-07-18;9;Aprobado
32119317-DAT101;2025-07-18;4;Aprobado
34151433-NEG400;2025-07-18;3;Desaprobado
34299183-DAT101;2025-07-18;6;Aprobado
34832335-IA400;2025-07-18;2;Desaprobado
35310111-IA400;2025-07-18;4;Aprobado
35608376-NEG400;2025-07-18;7;Aprobado
35720054-DAT305;2025-07-18;6;Aprobado
37171122-MKT200;2025-07-18;10;Aprobado
39831826-IA400;2025-07-18;1;Desaprobado
40998609-DAT101;2025-07-18;8;Aprobado
41907942-IA300;2025-07-18;8;Aprobado
43249808-GEN101;2025-07-18;10;Aprobado
43751737-DAT305;2025-07-18;7;Aprobado
44407218-IA400;2025-07-18;7;Aprobado
44754301-MKT200;2025-07-18;3;Desaprobado
45011218-DAT305;2025-07-18;7;Aprobado
46894068-DAT101;2025-07-18;6;Aprobado
46997300-DEV101;2025-07-18;10;Aprobado
47162613-NEG400;2025-07-18;7;Aprobado
31662806-DAT201;2025-07-19;2;Desaprobado
32034364-MKT200;2025-07-19;7;Aprobado
32604998-DEV101;2025-07-19;6;Aprobado
32976983-UX100;2025-07-19;8;Aprobado
33948364-DAT201;2025-07-19;4;Aprobado
34814097-IA400;2025-07-19;5;Aprobado
34850967-DAT201;2025-07-19;7;Aprobado
39416795-UX100;2025-07-19;4;Aprobado
39557640-NEG400;2025-07-19;9;Aprobado
39820530-IA400;2025-07-19;5;Aprobado
40235116-IA300;2025-07-19;6;Aprobado
41273545-DAT201;2025-07-19;1;Desaprobado
41830154-DAT101;2025-07-19;2;Desaprobado
41907942-MKT200;2025-07-19;1;Desaprobado
43473683-MKT200;2025-07-19;4;Aprobado
46833655-MKT200;2025-07-19;6;Aprobado
31173022-DAT305;2025-07-20;8;Aprobado
31486885-NEG400;2025-07-20;4;Aprobado
32330822-DAT101;2025-07-20;4;Aprobado
32459600-DAT305;2025-07-20;10;Aprobado
32664172-DAT101;2025-07-20;1;Desaprobado
33641153-GEN101;2025-07-20;6;Aprobado
33948364-DEV101;2025-07-20;5;Aprobado
33984071-DAT101;2025-07-20;6;Aprobado
35821025-IA400;2025-07-20;4;Aprobado
35951430-DAT201;2025-07-20;6;Aprobado
36003291-DAT305;2025-07-20;8;Aprobado
36701529-MKT200;2025-07-20;7;Aprobado
37874267-IA400;2025-07-20;9;Aprobado
38869750-NEG400;2025-07-20;2;Desaprobado
39214817-IA300;2025-07-20;3;Desaprobado
43008590-IA300;2025-07-20;4;Aprobado
43254348-DAT201;2025-07-20;10;Aprobado
44049715-GEN101;2025-07-20;4;Aprobado
44858776-DAT201;2025-07-20;8;Aprobado
45482430-IA400;2025-07-20;1;Desaprobado
46026190-DEV101;2025-07-20;10;Aprobado
46170762-MKT200;2025-07-20;7;Aprobado
30639152-IA300;2025-07-21;8;Aprobado
32098690-IA300;2025-07-21;5;Aprobado
32101106-DAT305;2025-07-21;7;Aprobado
33698941-DAT201;2025-07-21;1;Desaprobado
33800391-MKT200;2025-07-21;5;Aprobado
35457839-DEV101;2025-07-21;5;Aprobado
35926356-DEV101;2025-07-21;7;Aprobado
35983804-GEN101;2025-07-21;3;Desaprobado
37151523-UX100;2025-07-21;3;Desaprobado
38340878-DAT201;2025-07-21;2;Desaprobado
40045468-IA300;2025-07-21;8;Aprobado
44340522-DEV101;2025-07-21;5;Aprobado
44398280-GEN101;2025-07-21;3;Desaprobado
44490644-UX100;2025-07-21;7;Aprobado
44651662-NEG400;2025-07-21;4;Aprobado
45041476-DAT201;2025-07-21;2;Desaprobado
45645475-GEN101;2025-07-21;2;Desaprobado
46385782-GEN101;2025-07-21;7;Aprobado
31324108-DEV101;2025-07-22;9;Aprobado
31445923-DEV101;2025-07-22;2;Desaprobado
32201924-IA400;2025-07-22;10;Aprobado
34316765-IA300;2025-07-22;4;Aprobado
35930527-IA300;2025-07-22;6;Aprobado
37659718-UX100;2025-07-22;7;Aprobado
38315775-UX100;2025-07-22;3;Desaprobado
38531146-IA400;2025-07-22;3;Desaprobado
38648189-MKT200;2025-07-22;1;Desaprobado
39006974-DAT201;2025-07-22;2;Desaprobado
39047069-DEV101;2025-07-22;10;Aprobado
39297755-IA400;2025-07-22;2;Desaprobado
39831826-DAT101;2025-07-22;6;Aprobado
40039504-IA300;2025-07-22;6;Aprobado
40366603-GEN101;2025-07-22;5;Aprobado
40437937-MKT200;2025-07-22;8;Aprobado
40523492-GEN101;2025-07-22;8;Aprobado
40582609-UX100;2025-07-22;8;Aprobado
40719473-IA300;2025-07-22;7;Aprobado
43098716-NEG400;2025-07-22;3;Desaprobado
44445238-DAT201;2025-07-22;8;Aprobado
45002798-IA400;2025-07-22;5;Aprobado
45488677-NEG400;2025-07-22;2;Desaprobado
46649401-DAT305;2025-07-22;7;Aprobado
47122979-UX100;2025-07-22;7;Aprobado
47775711-GEN101;2025-07-22;4;Aprobado
30205757-GEN101;2025-07-23;9;Aprobado
30639152-GEN101;2025-07-23;8;Aprobado
32170253-DEV101;2025-07-23;5;Aprobado
32839194-IA300;2025-07-23;9;Aprobado
34219114-GEN101;2025-07-23;10;Aprobado
34764302-GEN101;2025-07-23;6;Aprobado
37119833-IA300;2025-07-23;8;Aprobado
40661993-UX100;2025-07-23;8;Aprobado
41084438-IA400;2025-07-23;9;Aprobado
43059176-IA400;2025-07-23;2;Desaprobado
43721576-DAT305;2025-07-23;3;Desaprobado
43889224-IA400;2025-07-23;10;Aprobado
45225711-DAT305;2025-07-23;2;Desaprobado
46572742-DAT305;2025-07-23;4;Aprobado
47915465-IA400;2025-07-23;10;Aprobado
31277192-MKT200;2025-07-24;10;Aprobado
31559920-NEG400;2025-07-24;9;Aprobado
32817735-IA400;2025-07-24;10;Aprobado
33276302-NEG400;2025-07-24;9;Aprobado
34883029-IA400;2025-07-24;2;Desaprobado
34933614-IA300;2025-07-24;4;Aprobado
34987487-DEV101;2025-07-24;1;Desaprobado
35385278-MKT200;2025-07-24;1;Desaprobado
37412229-DAT101;2025-07-24;1;Desaprobado
38417833-MKT200;2025-07-24;4;Aprobado
38648189-MKT200;2025-07-24;6;Aprobado
39087618-GEN101;2025-07-24;7;Aprobado
43037722-DEV101;2025-07-24;10;Aprobado
44490644-IA300;2025-07-24;9;Aprobado
44923903-GEN101;2025-07-24;7;Aprobado
46271176-UX100;2025-07-24;6;Aprobado
46411752-MKT200;2025-07-24;7;Aprobado
36863273-NEG400;2025-07-25;7;Aprobado
36974458-UX100;2025-07-25;1;Desaprobado
37606348-DAT201;2025-07-25;5;Aprobado
38405437-DAT101;2025-07-25;4;Aprobado
39335040-IA400;2025-07-25;3;Desaprobado
40681899-UX100;2025-07-25;9;Aprobado
40745106-GEN101;2025-07-25;10;Aprobado
45645475-GEN101;2025-07-25;6;Aprobado
45820668-DEV101;2025-07-25;5;Aprobado
46210812-DAT101;2025-07-25;4;Aprobado
47416283-DAT101;2025-07-25;1;Desaprobado
31015246-DAT201;2025-07-26;10;Aprobado
33143242-DAT305;2025-07-26;6;Aprobado
33697024-GEN101;2025-07-26;6;Aprobado
35284612-DEV101;2025-07-26;3;Desaprobado
39265874-IA400;2025-07-26;5;Aprobado
39473672-NEG400;2025-07-26;8;Aprobado
44197978-UX100;2025-07-26;3;Desaprobado
46382860-DEV101;2025-07-26;5;Aprobado
46647366-IA400;2025-07-26;9;Aprobado
46708439-IA300;2025-07-26;10;Aprobado
47122979-DEV101;2025-07-26;9;Aprobado
47764924-DEV101;2025-07-26;10;Aprobado
30271801-DAT201;2025-07-27;10;Aprobado
31209670-MKT200;2025-07-27;6;Aprobado
31615043-DAT201;2025-07-27;9;Aprobado
32844429-UX100;2025-07-27;8;Aprobado
33191684-IA400;2025-07-27;5;Aprobado
34288472-NEG400;2025-07-27;6;Aprobado
36331097-DAT101;2025-07-27;2;Desaprobado
38292751-DAT305;2025-07-27;9;Aprobado
38818793-UX100;2025-07-27;9;Aprobado
38964128-IA400;2025-07-27;3;Desaprobado
39733145-DAT305;2025-07-27;9;Aprobado
40762250-IA400;2025-07-27;3;Desaprobado
41416545-IA300;2025-07-27;1;Desaprobado
45763623-DEV101;2025-07-27;8;Aprobado
46153310-DAT201;2025-07-27;4;Aprobado
47983613-IA300;2025-07-27;7;Aprobado
30377321-UX100;2025-07-28;10;Aprobado
32108581-IA300;2025-07-28;2;Desaprobado
33320861-DEV101;2025-07-28;5;Aprobado
34577564-UX100;2025-07-28;10;Aprobado
34729179-IA400;2025-07-28;5;Aprobado
36156003-GEN101;2025-07-28;5;Aprobado
36765559-DAT101;2025-07-28;9;Aprobado
40287807-MKT200;2025-07-28;3;Desaprobado
40305444-NEG400;2025-07-28;5;Aprobado
40451762-IA300;2025-07-28;5;Aprobado
41204894-MKT200;2025-07-28;8;Aprobado
44173257-IA300;2025-07-28;1;Desaprobado
44454123-IA300;2025-07-28;3;Desaprobado
44692963-DAT101;2025-07-28;8;Aprobado
47700089-MKT200;2025-07-28;5;Aprobado
30789190-IA400;2025-07-29;5;Aprobado
31662806-IA400;2025-07-29;10;Aprobado
34057124-IA300;2025-07-29;1;Desaprobado
35629692-NEG400;2025-07-29;5;Aprobado
39159460-MKT200;2025-07-29;1;Desaprobado
39297755-GEN101;2025-07-29;4;Aprobado
43471496-NEG400;2025-07-29;1;Desaprobado
43690930-DAT201;2025-07-29;6;Aprobado
44241859-NEG400;2025-07-29;6;Aprobado
44442488-NEG400;2025-07-29;6;Aprobado
44811354-IA300;2025-07-29;1;Desaprobado
45259638-IA300;2025-07-29;4;Aprobado
45444903-MKT200;2025-07-29;3;Desaprobado
46024126-NEG400;2025-07-29;7;Aprobado
46564562-IA300;2025-07-29;2;Desaprobado
46706919-IA400;2025-07-29;3;Desaprobado
30173121-DAT201;2025-07-30;7;Aprobado
30377321-UX100;2025-07-30;6;Aprobado
31015246-DAT201;2025-07-30;4;Aprobado
31185628-MKT200;2025-07-30;8;Aprobado
33518284-MKT200;2025-07-30;9;Aprobado
33831924-UX100;2025-07-30;9;Aprobado
34089245-DAT305;2025-07-30;9;Aprobado
36156003-MKT200;2025-07-30;9;Aprobado
36219416-DAT101;2025-07-30;2;Desaprobado
36235580-DAT305;2025-07-30;5;Aprobado
36570791-DAT101;2025-07-30;2;Desaprobado
37335497-MKT200;2025-07-30;1;Desaprobado
37515292-IA400;2025-07-30;2;Desaprobado
37799625-DAT201;2025-07-30;3;Desaprobado
37885100-DAT101;2025-07-30;2;Desaprobado
38089426-DAT201;2025-07-30;6;Aprobado
38780853-MKT200;2025-07-30;7;Aprobado
40756585-NEG400;2025-07-30;9;Aprobado
41830154-DEV101;2025-07-30;2;Desaprobado
41904080-DAT101;2025-07-30;7;Aprobado
44724307-IA300;2025-07-30;4;Aprobado
45311516-IA300;2025-07-30;9;Aprobado
46828583-IA300;2025-07-30;5;Aprobado
46920666-DAT101;2025-07-30;6;Aprobado
30839312-MKT200;2025-07-31;10;Aprobado
31221561-DAT305;2025-07-31;10;Aprobado
32130223-IA300;2025-07-31;6;Aprobado
33397920-GEN101;2025-07-31;7;Aprobado
36907961-IA300;2025-07-31;4;Aprobado
37091816-NEG400;2025-07-31;5;Aprobado
37460819-MKT200;2025-07-31;4;Aprobado
38714246-UX100;2025-07-31;9;Aprobado
45890411-DEV101;2025-07-31;5;Aprobado
46060979-DAT101;2025-07-31;4;Aprobado
46541120-UX100;2025-07-31;3;Desaprobado
46920666-IA300;2025-07-31;3;Desaprobado
47247100-DAT305;2025-07-31;3;Desaprobado
47367569-DEV101;2025-07-31;5;Aprobado
47993064-UX100;2025-07-31;8;Aprobado
30344498-DAT101;2025-08-01;1;Desaprobado
31221480-IA300;2025-08-01;7;Aprobado
31278420-MKT200;2025-08-01;3;Desaprobado
31467025-DAT305;2025-08-01;9;Aprobado
32098690-DAT101;2025-08-01;2;Desaprobado
33742338-NEG400;2025-08-01;7;Aprobado
33831924-GEN101;2025-08-01;5;Aprobado
35199789-GEN101;2025-08-01;10;Aprobado
35218002-IA400;2025-08-01;5;Aprobado
39684156-UX100;2025-08-01;3;Desaprobado
41416545-DAT305;2025-08-01;3;Desaprobado
44025027-NEG400;2025-08-01;9;Aprobado
44473224-IA300;2025-08-01;2;Desaprobado
45259638-IA400;2025-08-01;7;Aprobado
46377357-NEG400;2025-08-01;9;Aprobado
47199649-DAT101;2025-08-01;1;Desaprobado
47633067-UX100;2025-08-01;1;Desaprobado
31864701-GEN101;2025-08-02;4;Aprobado
33846409-DEV101;2025-08-02;4;Aprobado
34148661-DEV101;2025-08-02;8;Aprobado
34661132-DAT201;2025-08-02;5;Aprobado
34841664-DEV101;2025-08-02;9;Aprobado
35753821-NEG400;2025-08-02;5;Aprobado
35809204-DAT201;2025-08-02;3;Desaprobado
36219416-DAT101;2025-08-02;6;Aprobado
38452657-DEV101;2025-08-02;3;Desaprobado
38794221-IA400;2025-08-02;5;Aprobado
44064200-DAT101;2025-08-02;2;Desaprobado
44107875-DAT305;2025-08-02;2;Desaprobado
44911255-UX100;2025-08-02;7;Aprobado
46026190-DAT305;2025-08-02;7;Aprobado
47221206-MKT200;2025-08-02;1;Desaprobado
30958838-IA300;2025-08-03;7;Aprobado
31067946-IA300;2025-08-03;10;Aprobado
31332769-MKT200;2025-08-03;8;Aprobado
32027618-UX100;2025-08-03;10;Aprobado
32171676-NEG400;2025-08-03;5;Aprobado
33914516-GEN101;2025-08-03;5;Aprobado
36092237-GEN101;2025-08-03;3;Desaprobado
37774603-UX100;2025-08-03;6;Aprobado
40655822-DAT201;2025-08-03;5;Aprobado
40948220-DAT305;2025-08-03;9;Aprobado
43342517-IA400;2025-08-03;10;Aprobado
44878225-UX100;2025-08-03;7;Aprobado
46345360-DAT201;2025-08-03;7;Aprobado
46647366-MKT200;2025-08-03;9;Aprobado
31864701-UX100;2025-08-04;4;Aprobado
32567561-DAT305;2025-08-04;3;Desaprobado
33304657-NEG400;2025-08-04;3;Desaprobado
34743897-NEG400;2025-08-04;4;Aprobado
37013243-IA400;2025-08-04;9;Aprobado
38549006-IA400;2025-08-04;8;Aprobado
38695540-NEG400;2025-08-04;5;Aprobado
39449899-DAT305;2025-08-04;2;Desaprobado
39737785-DAT201;2025-08-04;5;Aprobado
39835913-MKT200;2025-08-04;3;Desaprobado
40283838-MKT200;2025-08-04;7;Aprobado
45645475-DAT201;2025-08-04;5;Aprobado
45841815-DEV101;2025-08-04;10;Aprobado
46382860-GEN101;2025-08-04;5;Aprobado
47700089-DEV101;2025-08-04;2;Desaprobado
30703214-IA400;2025-08-05;3;Desaprobado
31076430-GEN101;2025-08-05;8;Aprobado
32228319-DAT101;2025-08-05;7;Aprobado
32817735-NEG400;2025-08-05;3;Desaprobado
33362152-IA300;2025-08-05;9;Aprobado
33895965-UX100;2025-08-05;3;Desaprobado
35267675-DEV101;2025-08-05;10;Aprobado
35410565-UX100;2025-08-05;7;Aprobado
35983804-DAT101;2025-08-05;7;Aprobado
35983804-DEV101;2025-08-05;7;Aprobado
35994686-GEN101;2025-08-05;4;Aprobado
36511898-DAT201;2025-08-05;2;Desaprobado
39046561-NEG400;2025-08-05;1;Desaprobado
39087618-DEV101;2025-08-05;4;Aprobado
40175984-UX100;2025-08-05;9;Aprobado
40409948-MKT200;2025-08-05;8;Aprobado
41641503-DAT201;2025-08-05;4;Aprobado
43690930-UX100;2025-08-05;7;Aprobado
43721576-IA400;2025-08-05;3;Desaprobado
44182964-UX100;2025-08-05;4;Aprobado
44476887-NEG400;2025-08-05;1;Desaprobado
45417606-UX100;2025-08-05;5;Aprobado
45482430-DEV101;2025-08-05;9;Aprobado
30703214-DAT101;2025-08-06;1;Desaprobado
31324108-UX100;2025-08-06;5;Aprobado
36169395-NEG400;2025-08-06;6;Aprobado
37121626-IA400;2025-08-06;8;Aprobado
38695540-DEV101;2025-08-06;8;Aprobado
39121001-UX100;2025-08-06;7;Aprobado
39817999-DAT305;2025-08-06;4;Aprobado
43647497-NEG400;2025-08-06;4;Aprobado
44965151-IA300;2025-08-06;4;Aprobado
47122979-GEN101;2025-08-06;6;Aprobado
47788251-UX100;2025-08-06;4;Aprobado
47826221-UX100;2025-08-06;8;Aprobado
47864391-DAT305;2025-08-06;5;Aprobado
32435922-UX100;2025-08-07;1;Desaprobado
32776935-UX100;2025-08-07;10;Aprobado
33709759-NEG400;2025-08-07;5;Aprobado
34508579-DEV101;2025-08-07;6;Aprobado
39623347-MKT200;2025-08-07;8;Aprobado
40284355-DAT201;2025-08-07;5;Aprobado
41815317-GEN101;2025-08-07;10;Aprobado
43331228-DAT201;2025-08-07;9;Aprobado
43537356-NEG400;2025-08-07;10;Aprobado
45309663-IA400;2025-08-07;9;Aprobado
30283080-DAT201;2025-08-08;10;Aprobado
30639152-NEG400;2025-08-08;3;Desaprobado
32581169-DAT101;2025-08-08;10;Aprobado
32816822-MKT200;2025-08-08;10;Aprobado
33127447-UX100;2025-08-08;8;Aprobado
33191684-DEV101;2025-08-08;5;Aprobado
35077928-MKT200;2025-08-08;6;Aprobado
39195104-IA300;2025-08-08;10;Aprobado
40394280-DAT305;2025-08-08;2;Desaprobado
41083641-NEG400;2025-08-08;4;Aprobado
43597806-MKT200;2025-08-08;5;Aprobado
44305990-MKT200;2025-08-08;3;Desaprobado
45474521-DAT101;2025-08-08;1;Desaprobado
45820668-DAT305;2025-08-08;9;Aprobado
46385782-DAT305;2025-08-08;4;Aprobado
46398361-MKT200;2025-08-08;4;Aprobado
30173121-DAT101;2025-08-09;10;Aprobado
30851248-DAT201;2025-08-09;6;Aprobado
31742344-IA400;2025-08-09;9;Aprobado
31848115-DAT305;2025-08-09;8;Aprobado
32028866-IA300;2025-08-09;8;Aprobado
32480780-MKT200;2025-08-09;7;Aprobado
32966903-NEG400;2025-08-09;9;Aprobado
33333250-IA300;2025-08-09;6;Aprobado
33717161-DAT201;2025-08-09;7;Aprobado
35415212-DEV101;2025-08-09;5;Aprobado
36314879-DAT201;2025-08-09;1;Desaprobado
40350483-IA400;2025-08-09;2;Desaprobado
41083641-DAT305;2025-08-09;9;Aprobado
41627786-DAT305;2025-08-09;3;Desaprobado
43647497-DAT305;2025-08-09;3;Desaprobado
44111228-NEG400;2025-08-09;4;Aprobado
46600954-DAT201;2025-08-09;3;Desaprobado
47690351-DAT201;2025-08-09;6;Aprobado
30820105-DEV101;2025-08-10;10;Aprobado
32388706-NEG400;2025-08-10;3;Desaprobado
32703610-DAT305;2025-08-10;7;Aprobado
32997790-NEG400;2025-08-10;4;Aprobado
33614240-IA300;2025-08-10;8;Aprobado
34441439-DEV101;2025-08-10;6;Aprobado
34793173-IA400;2025-08-10;8;Aprobado
35133995-IA300;2025-08-10;9;Aprobado
35310111-UX100;2025-08-10;1;Desaprobado
35720054-NEG400;2025-08-10;6;Aprobado
35837738-NEG400;2025-08-10;4;Aprobado
35947218-MKT200;2025-08-10;8;Aprobado
35951430-DAT201;2025-08-10;7;Aprobado
36617253-UX100;2025-08-10;4;Aprobado
40915348-IA300;2025-08-10;1;Desaprobado
41006133-NEG400;2025-08-10;1;Desaprobado
41994164-IA300;2025-08-10;8;Aprobado
43185797-MKT200;2025-08-10;10;Aprobado
43751737-GEN101;2025-08-10;1;Desaprobado
44115909-MKT200;2025-08-10;8;Aprobado
44118742-GEN101;2025-08-10;8;Aprobado
44334164-MKT200;2025-08-10;4;Aprobado
45619097-UX100;2025-08-10;1;Desaprobado
30386246-GEN101;2025-08-11;2;Desaprobado
31181222-UX100;2025-08-11;1;Desaprobado
31239788-DAT101;2025-08-11;4;Aprobado
32270986-UX100;2025-08-11;6;Aprobado
32284312-UX100;2025-08-11;10;Aprobado
32460250-IA300;2025-08-11;4;Aprobado
33379578-DAT101;2025-08-11;10;Aprobado
33717161-UX100;2025-08-11;10;Aprobado
34401288-DEV101;2025-08-11;1;Desaprobado
34401288-IA400;2025-08-11;1;Desaprobado
35753821-UX100;2025-08-11;9;Aprobado
35757363-DEV101;2025-08-11;2;Desaprobado
36691364-DAT201;2025-08-11;1;Desaprobado
36971688-MKT200;2025-08-11;5;Aprobado
40804778-MKT200;2025-08-11;5;Aprobado
44717216-DEV101;2025-08-11;7;Aprobado
46233381-IA400;2025-08-11;6;Aprobado
46410216-DEV101;2025-08-11;1;Desaprobado
46653953-DAT201;2025-08-11;7;Aprobado
47358131-IA400;2025-08-11;1;Desaprobado
30377321-UX100;2025-08-12;2;Desaprobado
30662919-IA400;2025-08-12;3;Desaprobado
33520372-DAT101;2025-08-12;1;Desaprobado
35837738-DAT101;2025-08-12;8;Aprobado
36040952-DAT201;2025-08-12;5;Aprobado
37947511-DAT101;2025-08-12;9;Aprobado
38940969-DAT201;2025-08-12;1;Desaprobado
39265874-DAT305;2025-08-12;2;Desaprobado
40330349-IA300;2025-08-12;3;Desaprobado
43008590-MKT200;2025-08-12;4;Aprobado
43037722-IA400;2025-08-12;7;Aprobado
44544802-UX100;2025-08-12;7;Aprobado
45474521-IA400;2025-08-12;7;Aprobado
45496689-DAT101;2025-08-12;6;Aprobado
46596607-IA300;2025-08-12;1;Desaprobado
47906696-IA400;2025-08-12;1;Desaprobado
30055439-GEN101;2025-08-13;2;Desaprobado
32098690-NEG400;2025-08-13;5;Aprobado
33698941-IA300;2025-08-13;10;Aprobado
34858008-MKT200;2025-08-13;1;Desaprobado
35930527-NEG400;2025-08-13;5;Aprobado
36145210-IA300;2025-08-13;1;Desaprobado
38111908-IA300;2025-08-13;5;Aprobado
39195104-IA400;2025-08-13;2;Desaprobado
39831826-IA400;2025-08-13;4;Aprobado
40437078-UX100;2025-08-13;7;Aprobado
40902797-NEG400;2025-08-13;7;Aprobado
44613692-IA400;2025-08-13;3;Desaprobado
46147941-UX100;2025-08-13;10;Aprobado
46521420-DEV101;2025-08-13;10;Aprobado
47649810-MKT200;2025-08-13;8;Aprobado
47776360-DAT201;2025-08-13;10;Aprobado
47969954-DAT305;2025-08-13;2;Desaprobado
30800017-DAT101;2025-08-14;5;Aprobado
31324108-DAT101;2025-08-14;8;Aprobado
31864701-UX100;2025-08-14;4;Aprobado
37057932-DEV101;2025-08-14;2;Desaprobado
37725025-DAT101;2025-08-14;5;Aprobado
39449899-NEG400;2025-08-14;9;Aprobado
40140970-MKT200;2025-08-14;1;Desaprobado
41083641-NEG400;2025-08-14;9;Aprobado
43624314-MKT200;2025-08-14;7;Aprobado
43711417-NEG400;2025-08-14;10;Aprobado
44025027-NEG400;2025-08-14;6;Aprobado
45134203-UX100;2025-08-14;7;Aprobado
45589540-DEV101;2025-08-14;10;Aprobado
46263687-IA300;2025-08-14;9;Aprobado
31136038-UX100;2025-08-15;1;Desaprobado
31924807-GEN101;2025-08-15;1;Desaprobado
32997790-IA400;2025-08-15;9;Aprobado
33229738-MKT200;2025-08-15;5;Aprobado
33353197-NEG400;2025-08-15;8;Aprobado
33596181-NEG400;2025-08-15;7;Aprobado
36138156-IA300;2025-08-15;6;Aprobado
36583358-GEN101;2025-08-15;4;Aprobado
37672436-MKT200;2025-08-15;7;Aprobado
38030283-DEV101;2025-08-15;1;Desaprobado
39817999-IA400;2025-08-15;3;Desaprobado
43037722-DAT305;2025-08-15;5;Aprobado
43679905-IA300;2025-08-15;6;Aprobado
43904377-GEN101;2025-08-15;10;Aprobado
45186536-IA400;2025-08-15;1;Desaprobado
46377357-NEG400;2025-08-15;10;Aprobado
47206312-UX100;2025-08-15;5;Aprobado
47633067-IA400;2025-08-15;3;Desaprobado
33698941-MKT200;2025-08-16;4;Aprobado
34648956-DEV101;2025-08-16;2;Desaprobado
34743897-MKT200;2025-08-16;4;Aprobado
34883029-NEG400;2025-08-16;1;Desaprobado
35115152-DAT101;2025-08-16;3;Desaprobado
35608376-MKT200;2025-08-16;6;Aprobado
36003291-DAT201;2025-08-16;9;Aprobado
36300221-UX100;2025-08-16;8;Aprobado
38111908-DAT305;2025-08-16;1;Desaprobado
38991597-NEG400;2025-08-16;3;Desaprobado
43528816-DEV101;2025-08-16;5;Aprobado
43711417-DAT305;2025-08-16;4;Aprobado
44554637-DEV101;2025-08-16;1;Desaprobado
44878225-DEV101;2025-08-16;7;Aprobado
45647473-DEV101;2025-08-16;5;Aprobado
46346975-IA300;2025-08-16;5;Aprobado
46780927-DEV101;2025-08-16;1;Desaprobado
47416283-GEN101;2025-08-16;5;Aprobado
30811908-GEN101;2025-08-17;2;Desaprobado
35850567-DEV101;2025-08-17;2;Desaprobado
39901527-IA400;2025-08-17;3;Desaprobado
40531804-DAT201;2025-08-17;10;Aprobado
40874592-DAT101;2025-08-17;5;Aprobado
41994164-DAT101;2025-08-17;2;Desaprobado
43281049-MKT200;2025-08-17;5;Aprobado
43615605-DAT201;2025-08-17;10;Aprobado
45654702-UX100;2025-08-17;4;Aprobado
46329934-IA400;2025-08-17;6;Aprobado
46920666-DEV101;2025-08-17;9;Aprobado
47162613-GEN101;2025-08-17;8;Aprobado
32139544-MKT200;2025-08-18;2;Desaprobado
33320861-UX100;2025-08-18;10;Aprobado
33505185-NEG400;2025-08-18;9;Aprobado
33714793-NEG400;2025-08-18;2;Desaprobado
35509748-DAT201;2025-08-18;3;Desaprobado
37162747-GEN101;2025-08-18;8;Aprobado
37918142-DAT101;2025-08-18;1;Desaprobado
41066323-IA400;2025-08-18;1;Desaprobado
44443284-GEN101;2025-08-18;7;Aprobado
45066439-NEG400;2025-08-18;10;Aprobado
45280236-NEG400;2025-08-18;1;Desaprobado
47633067-IA400;2025-08-18;1;Desaprobado
47733210-IA400;2025-08-18;10;Aprobado
47909977-UX100;2025-08-18;10;Aprobado
30506698-IA400;2025-08-19;6;Aprobado
30677244-IA400;2025-08-19;9;Aprobado
31662806-DAT201;2025-08-19;9;Aprobado
32241129-DAT305;2025-08-19;6;Aprobado
32703610-NEG400;2025-08-19;10;Aprobado
32839194-DAT305;2025-08-19;9;Aprobado
34647475-DAT201;2025-08-19;10;Aprobado
35470566-NEG400;2025-08-19;1;Desaprobado
37335497-DEV101;2025-08-19;8;Aprobado
37763133-MKT200;2025-08-19;2;Desaprobado
37874267-IA300;2025-08-19;2;Desaprobado
39535799-UX100;2025-08-19;4;Aprobado
40250893-MKT200;2025-08-19;3;Desaprobado
41340763-DEV101;2025-08-19;6;Aprobado
41815317-UX100;2025-08-19;1;Desaprobado
44491570-DAT305;2025-08-19;1;Desaprobado
45766160-NEG400;2025-08-19;10;Aprobado
46024126-IA400;2025-08-19;8;Aprobado
46218945-NEG400;2025-08-19;4;Aprobado
46653953-IA400;2025-08-19;4;Aprobado
46706919-NEG400;2025-08-19;7;Aprobado
47320705-DEV101;2025-08-19;5;Aprobado
30781172-UX100;2025-08-20;5;Aprobado
31153469-GEN101;2025-08-20;1;Desaprobado
32170253-GEN101;2025-08-20;9;Aprobado
33896639-DAT201;2025-08-20;7;Aprobado
34933614-IA400;2025-08-20;9;Aprobado
36092237-IA400;2025-08-20;7;Aprobado
36858459-IA300;2025-08-20;5;Aprobado
38353870-MKT200;2025-08-20;10;Aprobado
40230385-MKT200;2025-08-20;10;Aprobado
40832369-DEV101;2025-08-20;8;Aprobado
43615605-NEG400;2025-08-20;10;Aprobado
44445238-DEV101;2025-08-20;2;Desaprobado
44988509-UX100;2025-08-20;6;Aprobado
45368291-GEN101;2025-08-20;9;Aprobado
46060979-DAT101;2025-08-20;2;Desaprobado
46314784-DAT101;2025-08-20;2;Desaprobado
30946573-NEG400;2025-08-21;3;Desaprobado
31277192-IA400;2025-08-21;8;Aprobado
32349636-MKT200;2025-08-21;5;Aprobado
33229738-IA300;2025-08-21;1;Desaprobado
35415212-MKT200;2025-08-21;7;Aprobado
39535799-IA400;2025-08-21;7;Aprobado
39765048-IA400;2025-08-21;2;Desaprobado
41079498-UX100;2025-08-21;9;Aprobado
43904377-DAT305;2025-08-21;6;Aprobado
44111228-DEV101;2025-08-21;1;Desaprobado
44443284-DEV101;2025-08-21;7;Aprobado
45539704-DAT201;2025-08-21;10;Aprobado
45847170-DAT305;2025-08-21;8;Aprobado
45984678-DEV101;2025-08-21;6;Aprobado
46024126-IA400;2025-08-21;5;Aprobado
46271176-IA400;2025-08-21;6;Aprobado
46314784-DAT201;2025-08-21;1;Desaprobado
46828583-MKT200;2025-08-21;8;Aprobado
32170253-DAT101;2025-08-22;5;Aprobado
39335040-IA300;2025-08-22;2;Desaprobado
39407484-DEV101;2025-08-22;2;Desaprobado
39901527-NEG400;2025-08-22;4;Aprobado
40102789-IA400;2025-08-22;2;Desaprobado
41627786-NEG400;2025-08-22;1;Desaprobado
41641503-DAT101;2025-08-22;9;Aprobado
43399661-MKT200;2025-08-22;7;Aprobado
44640011-MKT200;2025-08-22;9;Aprobado
45041443-IA300;2025-08-22;5;Aprobado
46284693-DAT305;2025-08-22;6;Aprobado
46329934-DAT101;2025-08-22;6;Aprobado
47182282-GEN101;2025-08-22;9;Aprobado
31803019-UX100;2025-08-23;8;Aprobado
33479160-IA400;2025-08-23;8;Aprobado
35450908-GEN101;2025-08-23;4;Aprobado
37829833-DAT305;2025-08-23;2;Desaprobado
40948220-DAT201;2025-08-23;4;Aprobado
43632991-IA400;2025-08-23;8;Aprobado
44512365-IA300;2025-08-23;9;Aprobado
44717216-IA400;2025-08-23;3;Desaprobado
45474619-GEN101;2025-08-23;5;Aprobado
45711997-DAT101;2025-08-23;5;Aprobado
31020972-NEG400;2025-08-24;4;Aprobado
31730204-DAT201;2025-08-24;3;Desaprobado
32028866-GEN101;2025-08-24;6;Aprobado
32073901-DAT201;2025-08-24;3;Desaprobado
32099939-NEG400;2025-08-24;3;Desaprobado
32388706-MKT200;2025-08-24;4;Aprobado
34977085-IA400;2025-08-24;4;Aprobado
35951430-NEG400;2025-08-24;4;Aprobado
38313159-GEN101;2025-08-24;3;Desaprobado
39107282-UX100;2025-08-24;2;Desaprobado
39214817-DEV101;2025-08-24;2;Desaprobado
40874592-IA300;2025-08-24;8;Aprobado
43679905-DEV101;2025-08-24;2;Desaprobado
45452257-DAT305;2025-08-24;6;Aprobado
45694620-IA400;2025-08-24;1;Desaprobado
45890411-DEV101;2025-08-24;2;Desaprobado
46153310-DEV101;2025-08-24;6;Aprobado
34631520-IA400;2025-08-25;4;Aprobado
35303961-IA300;2025-08-25;7;Aprobado
35951430-MKT200;2025-08-25;6;Aprobado
39592778-DAT201;2025-08-25;4;Aprobado
41204894-UX100;2025-08-25;2;Desaprobado
41340763-GEN101;2025-08-25;9;Aprobado
41721070-DAT201;2025-08-25;6;Aprobado
41815317-GEN101;2025-08-25;7;Aprobado
44062737-MKT200;2025-08-25;4;Aprobado
44264848-IA300;2025-08-25;6;Aprobado
45679679-MKT200;2025-08-25;8;Aprobado
46698472-IA300;2025-08-25;2;Desaprobado
47207202-IA400;2025-08-25;2;Desaprobado
47762723-GEN101;2025-08-25;2;Desaprobado
47969954-GEN101;2025-08-25;2;Desaprobado
32170253-IA300;2025-08-26;5;Aprobado
32228319-UX100;2025-08-26;7;Aprobado
32860968-DEV101;2025-08-26;5;Aprobado
33800391-MKT200;2025-08-26;2;Desaprobado
35839853-DEV101;2025-08-26;4;Aprobado
36421707-DAT305;2025-08-26;9;Aprobado
38902809-MKT200;2025-08-26;8;Aprobado
39231072-GEN101;2025-08-26;5;Aprobado
39255922-DAT101;2025-08-26;9;Aprobado
40284355-NEG400;2025-08-26;5;Aprobado
43344838-MKT200;2025-08-26;5;Aprobado
45311516-UX100;2025-08-26;6;Aprobado
46137809-DAT201;2025-08-26;7;Aprobado
46435125-IA400;2025-08-26;6;Aprobado
47061751-MKT200;2025-08-26;5;Aprobado
30060967-DAT101;2025-08-27;1;Desaprobado
33683627-DAT201;2025-08-27;8;Aprobado
35580984-MKT200;2025-08-27;3;Desaprobado
36314879-DAT305;2025-08-27;3;Desaprobado
37182051-DAT201;2025-08-27;6;Aprobado
37829833-MKT200;2025-08-27;9;Aprobado
39093550-DAT101;2025-08-27;5;Aprobado
39547835-DAT201;2025-08-27;5;Aprobado
39733145-IA400;2025-08-27;8;Aprobado
44241859-DAT201;2025-08-27;8;Aprobado
45813207-DEV101;2025-08-27;5;Aprobado
46653953-IA400;2025-08-27;8;Aprobado
31559920-DAT201;2025-08-28;7;Aprobado
34627342-NEG400;2025-08-28;2;Desaprobado
35574653-DAT201;2025-08-28;1;Desaprobado
36133533-DEV101;2025-08-28;8;Aprobado
37351522-NEG400;2025-08-28;4;Aprobado
37802380-DEV101;2025-08-28;6;Aprobado
38181190-MKT200;2025-08-28;1;Desaprobado
38498499-DAT101;2025-08-28;8;Aprobado
39278348-GEN101;2025-08-28;10;Aprobado
39337175-DAT101;2025-08-28;10;Aprobado
39835913-IA400;2025-08-28;1;Desaprobado
40409948-IA300;2025-08-28;5;Aprobado
45011218-NEG400;2025-08-28;5;Aprobado
45417606-NEG400;2025-08-28;5;Aprobado
47481163-DAT101;2025-08-28;5;Aprobado
47993064-DAT201;2025-08-28;5;Aprobado
31221561-UX100;2025-08-29;2;Desaprobado
31634609-DAT101;2025-08-29;10;Aprobado
31730204-IA400;2025-08-29;1;Desaprobado
32409630-DAT201;2025-08-29;2;Desaprobado
33353197-DAT201;2025-08-29;5;Aprobado
34577564-DAT305;2025-08-29;6;Aprobado
34832335-DAT305;2025-08-29;5;Aprobado
35207049-IA400;2025-08-29;5;Aprobado
35330350-DAT201;2025-08-29;10;Aprobado
37584867-DAT201;2025-08-29;7;Aprobado
39449899-IA400;2025-08-29;4;Aprobado
41950319-DAT201;2025-08-29;1;Desaprobado
43008590-IA300;2025-08-29;5;Aprobado
44176621-DAT101;2025-08-29;5;Aprobado
45225711-DAT305;2025-08-29;5;Aprobado
47822229-DAT201;2025-08-29;2;Desaprobado
34696467-DAT101;2025-08-30;3;Desaprobado
35147199-NEG400;2025-08-30;7;Aprobado
36138156-DAT101;2025-08-30;9;Aprobado
38066467-GEN101;2025-08-30;3;Desaprobado
39449899-DAT101;2025-08-30;2;Desaprobado
40582609-DAT305;2025-08-30;8;Aprobado
45309663-IA400;2025-08-30;6;Aprobado
45647473-DEV101;2025-08-30;3;Desaprobado
45890411-IA300;2025-08-30;3;Desaprobado
46418357-DAT201;2025-08-30;9;Aprobado
47199896-DAT305;2025-08-30;2;Desaprobado
47764924-DEV101;2025-08-30;7;Aprobado
30858543-MKT200;2025-08-31;3;Desaprobado
31681085-NEG400;2025-08-31;3;Desaprobado
32028866-DAT201;2025-08-31;9;Aprobado
34288472-DAT305;2025-08-31;2;Desaprobado
35407054-IA400;2025-08-31;9;Aprobado
35532629-MKT200;2025-08-31;9;Aprobado
36992557-IA400;2025-08-31;4;Aprobado
37458197-DEV101;2025-08-31;2;Desaprobado
39278348-DAT201;2025-08-31;6;Aprobado
40293144-DEV101;2025-08-31;8;Aprobado
41912939-DEV101;2025-08-31;9;Aprobado
43615605-DAT201;2025-08-31;4;Aprobado
44853849-IA400;2025-08-31;4;Aprobado
45007686-DAT101;2025-08-31;10;Aprobado
45474521-MKT200;2025-08-31;5;Aprobado
45763623-DAT201;2025-08-31;1;Desaprobado
46847177-DEV101;2025-08-31;6;Aprobado
47775711-DAT101;2025-08-31;7;Aprobado
30278086-DAT201;2025-09-01;5;Aprobado
30858543-IA300;2025-09-01;5;Aprobado
32108581-GEN101;2025-09-01;10;Aprobado
32171052-IA300;2025-09-01;4;Aprobado
32567561-GEN101;2025-09-01;9;Aprobado
32726810-MKT200;2025-09-01;10;Aprobado
35450908-DAT101;2025-09-01;10;Aprobado
35486815-DEV101;2025-09-01;8;Aprobado
37017626-DAT101;2025-09-01;10;Aprobado
37039481-DAT101;2025-09-01;6;Aprobado
37952540-DAT201;2025-09-01;4;Aprobado
38111908-IA300;2025-09-01;3;Desaprobado
38794221-IA400;2025-09-01;1;Desaprobado
38936509-DEV101;2025-09-01;6;Aprobado
39159460-DEV101;2025-09-01;10;Aprobado
39265874-UX100;2025-09-01;6;Aprobado
40228309-IA300;2025-09-01;1;Desaprobado
40451762-UX100;2025-09-01;8;Aprobado
44025027-DAT305;2025-09-01;4;Aprobado
44343339-IA300;2025-09-01;8;Aprobado
44692963-GEN101;2025-09-01;5;Aprobado
46708439-DAT101;2025-09-01;9;Aprobado
46966361-DEV101;2025-09-01;5;Aprobado
30186819-IA400;2025-09-02;10;Aprobado
30839312-UX100;2025-09-02;3;Desaprobado
32703610-DAT305;2025-09-02;8;Aprobado
32997790-DAT305;2025-09-02;9;Aprobado
33709759-IA300;2025-09-02;5;Aprobado
35580984-DAT201;2025-09-02;4;Aprobado
35951430-MKT200;2025-09-02;10;Aprobado
36443537-DAT305;2025-09-02;8;Aprobado
36570791-IA400;2025-09-02;7;Aprobado
37561242-NEG400;2025-09-02;8;Aprobado
37880219-UX100;2025-09-02;5;Aprobado
37952540-DEV101;2025-09-02;7;Aprobado
38631479-DAT101;2025-09-02;9;Aprobado
39160706-IA400;2025-09-02;7;Aprobado
40804778-DEV101;2025-09-02;10;Aprobado
44476887-IA400;2025-09-02;2;Desaprobado
44490644-DAT201;2025-09-02;4;Aprobado
45539704-DAT201;2025-09-02;6;Aprobado
45539704-DEV101;2025-09-02;1;Desaprobado
30344498-DAT101;2025-09-03;8;Aprobado
31445923-GEN101;2025-09-03;10;Aprobado
33143242-NEG400;2025-09-03;2;Desaprobado
35147199-UX100;2025-09-03;2;Desaprobado
35207049-MKT200;2025-09-03;9;Aprobado
35407054-DEV101;2025-09-03;4;Aprobado
35598065-DAT305;2025-09-03;10;Aprobado
35930527-NEG400;2025-09-03;7;Aprobado
36691364-MKT200;2025-09-03;3;Desaprobado
37679372-DAT305;2025-09-03;4;Aprobado
39214817-MKT200;2025-09-03;4;Aprobado
40967959-IA400;2025-09-03;3;Desaprobado
43191267-DAT305;2025-09-03;1;Desaprobado
43528816-IA300;2025-09-03;4;Aprobado
43624806-NEG400;2025-09-03;1;Desaprobado
44118742-NEG400;2025-09-03;2;Desaprobado
46284693-DAT305;2025-09-03;8;Aprobado
31177427-MKT200;2025-09-04;10;Aprobado
31576981-DAT101;2025-09-04;7;Aprobado
32098690-IA400;2025-09-04;2;Desaprobado
32108581-NEG400;2025-09-04;10;Aprobado
32284312-IA300;2025-09-04;10;Aprobado
33418893-UX100;2025-09-04;1;Desaprobado
33984071-GEN101;2025-09-04;4;Aprobado
34705463-DAT101;2025-09-04;4;Aprobado
45865176-GEN101;2025-09-04;6;Aprobado
46411752-DAT101;2025-09-04;9;Aprobado
46829066-MKT200;2025-09-04;6;Aprobado
46833655-IA400;2025-09-04;6;Aprobado
47517294-DEV101;2025-09-04;9;Aprobado
47530910-DAT305;2025-09-04;5;Aprobado
32284312-IA400;2025-09-05;3;Desaprobado
33397920-DEV101;2025-09-05;1;Desaprobado
33610212-IA300;2025-09-05;10;Aprobado
33818954-DEV101;2025-09-05;7;Aprobado
35115152-DEV101;2025-09-05;9;Aprobado
35218002-IA400;2025-09-05;10;Aprobado
37632339-UX100;2025-09-05;1;Desaprobado
39820530-GEN101;2025-09-05;4;Aprobado
39835913-DAT201;2025-09-05;9;Aprobado
40451762-DAT201;2025-09-05;2;Desaprobado
40967959-NEG400;2025-09-05;2;Desaprobado
41051244-MKT200;2025-09-05;6;Aprobado
41289442-UX100;2025-09-05;6;Aprobado
45309663-DEV101;2025-09-05;7;Aprobado
45474619-IA300;2025-09-05;7;Aprobado
45694620-DAT201;2025-09-05;9;Aprobado
45890411-IA300;2025-09-05;7;Aprobado
46706919-MKT200;2025-09-05;5;Aprobado
47908881-DAT101;2025-09-05;6;Aprobado
31015246-DAT101;2025-09-06;10;Aprobado
31846333-IA300;2025-09-06;1;Desaprobado
32329071-IA300;2025-09-06;10;Aprobado
34577564-DAT101;2025-09-06;2;Desaprobado
37370656-DAT101;2025-09-06;5;Aprobado
37370656-IA300;2025-09-06;3;Desaprobado
39047069-DAT201;2025-09-06;6;Aprobado
39073064-DEV101;2025-09-06;5;Aprobado
39396593-DAT201;2025-09-06;10;Aprobado
39752062-GEN101;2025-09-06;4;Aprobado
40269989-IA400;2025-09-06;6;Aprobado
40437078-DAT305;2025-09-06;8;Aprobado
43462497-DAT101;2025-09-06;4;Aprobado
44443284-NEG400;2025-09-06;5;Aprobado
44988381-IA300;2025-09-06;1;Desaprobado
45351925-IA300;2025-09-06;5;Aprobado
45679679-IA400;2025-09-06;6;Aprobado
46281181-DAT101;2025-09-06;10;Aprobado
31425696-NEG400;2025-09-07;1;Desaprobado
32270986-IA300;2025-09-07;10;Aprobado
33714793-IA300;2025-09-07;3;Desaprobado
33984071-IA400;2025-09-07;5;Aprobado
34432017-IA400;2025-09-07;8;Aprobado
34531843-GEN101;2025-09-07;8;Aprobado
37106276-DEV101;2025-09-07;5;Aprobado
38531623-MKT200;2025-09-07;10;Aprobado
39647120-UX100;2025-09-07;2;Desaprobado
40582609-IA300;2025-09-07;6;Aprobado
41204894-DEV101;2025-09-07;3;Desaprobado
41627786-DEV101;2025-09-07;4;Aprobado
43904377-MKT200;2025-09-07;9;Aprobado
45105658-DAT101;2025-09-07;5;Aprobado
31136038-MKT200;2025-09-08;10;Aprobado
31209670-DAT101;2025-09-08;6;Aprobado
32441127-MKT200;2025-09-08;10;Aprobado
32498967-MKT200;2025-09-08;9;Aprobado
33175574-IA400;2025-09-08;1;Desaprobado
36235580-GEN101;2025-09-08;9;Aprobado
38818793-DAT305;2025-09-08;9;Aprobado
44190336-IA400;2025-09-08;6;Aprobado
44227115-NEG400;2025-09-08;5;Aprobado
44235496-DAT305;2025-09-08;2;Desaprobado
45076705-IA400;2025-09-08;4;Aprobado
45198757-IA400;2025-09-08;7;Aprobado
46210812-UX100;2025-09-08;2;Desaprobado
46780927-DAT101;2025-09-08;3;Desaprobado
31313953-IA300;2025-09-09;1;Desaprobado
31425696-NEG400;2025-09-09;10;Aprobado
31803019-DAT305;2025-09-09;6;Aprobado
33247551-GEN101;2025-09-09;3;Desaprobado
33375552-DAT101;2025-09-09;6;Aprobado
33717161-DEV101;2025-09-09;9;Aprobado
33846409-UX100;2025-09-09;3;Desaprobado
34888999-GEN101;2025-09-09;6;Aprobado
36996781-IA400;2025-09-09;8;Aprobado
38417833-IA300;2025-09-09;10;Aprobado
39835913-DAT201;2025-09-09;6;Aprobado
40235116-IA400;2025-09-09;2;Desaprobado
41448781-UX100;2025-09-09;6;Aprobado
43281049-MKT200;2025-09-09;3;Desaprobado
43284866-IA400;2025-09-09;3;Desaprobado
46103571-NEG400;2025-09-09;3;Desaprobado
47983613-IA400;2025-09-09;4;Aprobado
30377321-IA300;2025-09-10;8;Aprobado
31313953-DAT101;2025-09-10;4;Aprobado
32460250-IA300;2025-09-10;4;Aprobado
32592763-MKT200;2025-09-10;6;Aprobado
35994686-DAT201;2025-09-10;2;Desaprobado
35994686-IA300;2025-09-10;4;Aprobado
36092237-UX100;2025-09-10;4;Aprobado
36532331-DAT101;2025-09-10;1;Desaprobado
38171209-DAT101;2025-09-10;3;Desaprobado
39068971-DAT101;2025-09-10;6;Aprobado
40597857-DAT101;2025-09-10;5;Aprobado
41398180-NEG400;2025-09-10;1;Desaprobado
43558573-DAT101;2025-09-10;1;Desaprobado
44229724-NEG400;2025-09-10;8;Aprobado
44923903-DAT305;2025-09-10;1;Desaprobado
45865176-DAT305;2025-09-10;4;Aprobado
46345360-DEV101;2025-09-10;3;Desaprobado
46410216-MKT200;2025-09-10;9;Aprobado
47206312-MKT200;2025-09-10;1;Desaprobado
47517294-NEG400;2025-09-10;2;Desaprobado
31846333-DAT101;2025-09-11;8;Aprobado
36092237-UX100;2025-09-11;2;Desaprobado
36160142-DAT305;2025-09-11;10;Aprobado
36992557-UX100;2025-09-11;4;Aprobado
39592778-UX100;2025-09-11;6;Aprobado
39796864-IA300;2025-09-11;2;Desaprobado
40451762-IA400;2025-09-11;8;Aprobado
43941263-IA300;2025-09-11;8;Aprobado
46345360-NEG400;2025-09-11;6;Aprobado
32329071-GEN101;2025-09-12;2;Desaprobado
32339744-MKT200;2025-09-12;7;Aprobado
34486034-IA400;2025-09-12;7;Aprobado
35276014-MKT200;2025-09-12;10;Aprobado
35580984-DAT305;2025-09-12;6;Aprobado
36160142-NEG400;2025-09-12;9;Aprobado
39046561-IA400;2025-09-12;7;Aprobado
39278348-IA400;2025-09-12;10;Aprobado
40230385-DAT201;2025-09-12;3;Desaprobado
41833461-IA400;2025-09-12;1;Desaprobado
44343101-UX100;2025-09-12;2;Desaprobado
44443284-DAT201;2025-09-12;5;Aprobado
45368291-MKT200;2025-09-12;4;Aprobado
46706919-DAT305;2025-09-12;5;Aprobado
46762093-NEG400;2025-09-12;6;Aprobado
30344498-DAT101;2025-09-13;4;Aprobado
32905120-DAT305;2025-09-13;10;Aprobado
33229738-DEV101;2025-09-13;4;Aprobado
33259158-UX100;2025-09-13;7;Aprobado
35457839-MKT200;2025-09-13;9;Aprobado
36304118-DEV101;2025-09-13;6;Aprobado
37095694-MKT200;2025-09-13;7;Aprobado
37981847-IA400;2025-09-13;9;Aprobado
38042975-MKT200;2025-09-13;4;Aprobado
40230385-DEV101;2025-09-13;4;Aprobado
40330349-DAT101;2025-09-13;8;Aprobado
40582609-UX100;2025-09-13;8;Aprobado
45417367-MKT200;2025-09-13;10;Aprobado
46890428-DEV101;2025-09-13;1;Desaprobado
30639152-DAT101;2025-09-14;8;Aprobado
33895965-DAT101;2025-09-14;7;Aprobado
33895965-UX100;2025-09-14;9;Aprobado
34858008-DEV101;2025-09-14;9;Aprobado
35850567-IA300;2025-09-14;9;Aprobado
36511898-GEN101;2025-09-14;4;Aprobado
37639684-DEV101;2025-09-14;5;Aprobado
39297755-NEG400;2025-09-14;1;Desaprobado
41234290-IA300;2025-09-14;1;Desaprobado
43162851-DAT305;2025-09-14;3;Desaprobado
43174343-IA300;2025-09-14;3;Desaprobado
43941263-IA400;2025-09-14;9;Aprobado
44730308-MKT200;2025-09-14;5;Aprobado
45160188-IA400;2025-09-14;8;Aprobado
46564562-IA300;2025-09-14;5;Aprobado
46706919-GEN101;2025-09-14;8;Aprobado
46890428-DEV101;2025-09-14;10;Aprobado
30301798-GEN101;2025-09-15;7;Aprobado
31748817-NEG400;2025-09-15;9;Aprobado
32592763-UX100;2025-09-15;3;Desaprobado
32726810-UX100;2025-09-15;8;Aprobado
34148661-GEN101;2025-09-15;8;Aprobado
34627342-DAT201;2025-09-15;2;Desaprobado
35069582-UX100;2025-09-15;4;Aprobado
35837738-DEV101;2025-09-15;10;Aprobado
38452657-MKT200;2025-09-15;7;Aprobado
38625723-IA300;2025-09-15;7;Aprobado
38661719-GEN101;2025-09-15;5;Aprobado
39592778-DAT101;2025-09-15;10;Aprobado
39831826-DAT201;2025-09-15;3;Desaprobado
39996815-GEN101;2025-09-15;8;Aprobado
40833222-NEG400;2025-09-15;8;Aprobado
41204894-IA400;2025-09-15;2;Desaprobado
41204894-MKT200;2025-09-15;8;Aprobado
41234886-MKT200;2025-09-15;9;Aprobado
44197978-DAT201;2025-09-15;8;Aprobado
44811661-NEG400;2025-09-15;10;Aprobado
45820668-MKT200;2025-09-15;8;Aprobado
46329934-NEG400;2025-09-15;5;Aprobado
47700089-DAT201;2025-09-15;8;Aprobado
30278086-IA400;2025-09-16;1;Desaprobado
31020972-DAT201;2025-09-16;4;Aprobado
31297438-DAT305;2025-09-16;6;Aprobado
32705831-MKT200;2025-09-16;6;Aprobado
32860968-NEG400;2025-09-16;7;Aprobado
34873483-IA400;2025-09-16;1;Desaprobado
35683885-IA300;2025-09-16;2;Desaprobado
36160142-DEV101;2025-09-16;1;Desaprobado
36185529-NEG400;2025-09-16;10;Aprobado
36780964-DEV101;2025-09-16;3;Desaprobado
41083641-NEG400;2025-09-16;5;Aprobado
44241859-IA400;2025-09-16;6;Aprobado
44730308-DAT305;2025-09-16;2;Desaprobado
45663240-DAT201;2025-09-16;9;Aprobado
46992814-GEN101;2025-09-16;3;Desaprobado
30020248-DAT101;2025-09-17;10;Aprobado
35284612-NEG400;2025-09-17;4;Aprobado
35667236-IA300;2025-09-17;2;Desaprobado
38211223-GEN101;2025-09-17;9;Aprobado
39592778-IA400;2025-09-17;9;Aprobado
40848361-MKT200;2025-09-17;6;Aprobado
43624806-UX100;2025-09-17;10;Aprobado
43651947-UX100;2025-09-17;5;Aprobado
44284431-MKT200;2025-09-17;1;Desaprobado
45539704-MKT200;2025-09-17;8;Aprobado
46040721-DAT305;2025-09-17;4;Aprobado
46271176-GEN101;2025-09-17;10;Aprobado
46281181-MKT200;2025-09-17;5;Aprobado
46372785-UX100;2025-09-17;1;Desaprobado
46564562-IA300;2025-09-17;4;Aprobado
30020248-NEG400;2025-09-18;8;Aprobado
30789190-IA300;2025-09-18;1;Desaprobado
30808375-IA400;2025-09-18;5;Aprobado
31318273-MKT200;2025-09-18;8;Aprobado
32604998-MKT200;2025-09-18;10;Aprobado
32658531-IA400;2025-09-18;5;Aprobado
32723334-GEN101;2025-09-18;9;Aprobado
33846409-IA400;2025-09-18;10;Aprobado
34355689-NEG400;2025-09-18;8;Aprobado
34887945-DAT305;2025-09-18;5;Aprobado
35572715-UX100;2025-09-18;6;Aprobado
38680320-DAT305;2025-09-18;3;Desaprobado
39145092-DEV101;2025-09-18;7;Aprobado
39416795-MKT200;2025-09-18;10;Aprobado
41204894-GEN101;2025-09-18;1;Desaprobado
43456083-DAT101;2025-09-18;8;Aprobado
43498834-MKT200;2025-09-18;10;Aprobado
44235496-DAT101;2025-09-18;5;Aprobado
44291013-DAT101;2025-09-18;3;Desaprobado
44340522-DAT201;2025-09-18;4;Aprobado
44988381-MKT200;2025-09-18;9;Aprobado
46137809-DAT305;2025-09-18;1;Desaprobado
46435125-DEV101;2025-09-18;9;Aprobado
47122979-UX100;2025-09-18;1;Desaprobado
30224289-DAT101;2025-09-19;9;Aprobado
30283834-DAT201;2025-09-19;2;Desaprobado
30520054-MKT200;2025-09-19;10;Aprobado
32997790-DAT201;2025-09-19;2;Desaprobado
33518284-GEN101;2025-09-19;7;Aprobado
34661132-IA300;2025-09-19;1;Desaprobado
36314879-DAT201;2025-09-19;7;Aprobado
38549006-DEV101;2025-09-19;8;Aprobado
39442545-DAT201;2025-09-19;4;Aprobado
39919057-UX100;2025-09-19;3;Desaprobado
44197978-DAT201;2025-09-19;3;Desaprobado
44443284-DEV101;2025-09-19;7;Aprobado
46281181-GEN101;2025-09-19;3;Desaprobado
30946573-DAT201;2025-09-20;9;Aprobado
31332769-IA300;2025-09-20;4;Aprobado
32171676-DAT201;2025-09-20;1;Desaprobado
35580984-DAT201;2025-09-20;10;Aprobado
35608376-GEN101;2025-09-20;8;Aprobado
36158027-UX100;2025-09-20;4;Aprobado
36169395-DAT305;2025-09-20;6;Aprobado
36511898-MKT200;2025-09-20;6;Aprobado
43471496-UX100;2025-09-20;5;Aprobado
44025027-MKT200;2025-09-20;6;Aprobado
44197978-DEV101;2025-09-20;4;Aprobado
45474619-MKT200;2025-09-20;8;Aprobado
30064860-DAT305;2025-09-21;10;Aprobado
30382587-NEG400;2025-09-21;8;Aprobado
30789190-GEN101;2025-09-21;2;Desaprobado
31313953-UX100;2025-09-21;2;Desaprobado
33698941-DAT101;2025-09-21;3;Desaprobado
35753821-IA400;2025-09-21;5;Aprobado
36617253-IA400;2025-09-21;4;Aprobado
39087618-DAT201;2025-09-21;4;Aprobado
40230385-IA400;2025-09-21;8;Aprobado
43331228-UX100;2025-09-21;1;Desaprobado
43690930-DAT201;2025-09-21;2;Desaprobado
44415606-UX100;2025-09-21;4;Aprobado
44853849-NEG400;2025-09-21;3;Desaprobado
46137809-NEG400;2025-09-21;9;Aprobado
31297438-IA400;2025-09-22;9;Aprobado
32128322-DAT305;2025-09-22;8;Aprobado
34432017-IA400;2025-09-22;1;Desaprobado
34814097-DAT305;2025-09-22;8;Aprobado
36534604-UX100;2025-09-22;9;Aprobado
37632339-GEN101;2025-09-22;6;Aprobado
37639684-IA300;2025-09-22;8;Aprobado
40409948-MKT200;2025-09-22;10;Aprobado
40437078-NEG400;2025-09-22;9;Aprobado
47163691-DAT101;2025-09-22;5;Aprobado
30074046-DAT305;2025-09-23;2;Desaprobado
30356437-DEV101;2025-09-23;8;Aprobado
30430162-UX100;2025-09-23;7;Aprobado
31297438-DAT101;2025-09-23;8;Aprobado
31660305-NEG400;2025-09-23;9;Aprobado
31864701-GEN101;2025-09-23;2;Desaprobado
32776935-DEV101;2025-09-23;4;Aprobado
35415212-MKT200;2025-09-23;8;Aprobado
36532331-DAT201;2025-09-23;5;Aprobado
40902797-IA400;2025-09-23;9;Aprobado
41803813-IA400;2025-09-23;8;Aprobado
44190336-NEG400;2025-09-23;2;Desaprobado
45654702-IA400;2025-09-23;4;Aprobado
46860457-NEG400;2025-09-23;10;Aprobado
47908881-NEG400;2025-09-23;10;Aprobado
34057124-DAT101;2025-09-24;5;Aprobado
36691364-IA300;2025-09-24;8;Aprobado
39047069-NEG400;2025-09-24;1;Desaprobado
39160706-NEG400;2025-09-24;9;Aprobado
39396593-UX100;2025-09-24;1;Desaprobado
39592778-DAT305;2025-09-24;1;Desaprobado
40358538-GEN101;2025-09-24;8;Aprobado
40854875-IA300;2025-09-24;10;Aprobado
41079498-DAT101;2025-09-24;8;Aprobado
41234886-IA300;2025-09-24;2;Desaprobado
41721378-DAT201;2025-09-24;4;Aprobado
41833461-DAT305;2025-09-24;3;Desaprobado
43003702-NEG400;2025-09-24;9;Aprobado
43162851-DAT305;2025-09-24;1;Desaprobado
43254348-IA300;2025-09-24;5;Aprobado
44454123-NEG400;2025-09-24;3;Desaprobado
44811661-NEG400;2025-09-24;5;Aprobado
45746833-DAT101;2025-09-24;4;Aprobado
46233381-MKT200;2025-09-24;10;Aprobado
30060967-IA300;2025-09-25;8;Aprobado
30283834-DEV101;2025-09-25;5;Aprobado
30808375-NEG400;2025-09-25;1;Desaprobado
32976983-IA400;2025-09-25;9;Aprobado
35994686-DEV101;2025-09-25;1;Desaprobado
36002678-DAT305;2025-09-25;2;Desaprobado
37567816-IA300;2025-09-25;1;Desaprobado
37632339-IA300;2025-09-25;5;Aprobado
38263069-DAT201;2025-09-25;2;Desaprobado
39796864-IA300;2025-09-25;4;Aprobado
41994956-IA300;2025-09-25;9;Aprobado
43185797-DAT101;2025-09-25;3;Desaprobado
43721576-MKT200;2025-09-25;5;Aprobado
44343339-GEN101;2025-09-25;6;Aprobado
45280236-MKT200;2025-09-25;7;Aprobado
45351925-DAT305;2025-09-25;2;Desaprobado
46218945-DEV101;2025-09-25;3;Desaprobado
46596607-MKT200;2025-09-25;2;Desaprobado
46965600-DEV101;2025-09-25;8;Aprobado
47399378-NEG400;2025-09-25;4;Aprobado
31076430-DAT305;2025-09-26;2;Desaprobado
31486885-DAT101;2025-09-26;1;Desaprobado
32099939-DEV101;2025-09-26;1;Desaprobado
33984071-DAT305;2025-09-26;4;Aprobado
36257669-MKT200;2025-09-26;6;Aprobado
37286941-NEG400;2025-09-26;9;Aprobado
37335497-IA300;2025-09-26;1;Desaprobado
37584867-GEN101;2025-09-26;5;Aprobado
38780853-IA300;2025-09-26;8;Aprobado
39416795-UX100;2025-09-26;2;Desaprobado
43040142-IA400;2025-09-26;9;Aprobado
44381082-DAT305;2025-09-26;7;Aprobado
45076705-DEV101;2025-09-26;4;Aprobado
46321118-DEV101;2025-09-26;9;Aprobado
30639152-DAT101;2025-09-27;2;Desaprobado
30811908-DEV101;2025-09-27;5;Aprobado
32101106-NEG400;2025-09-27;8;Aprobado
34411929-IA300;2025-09-27;10;Aprobado
36003291-DAT101;2025-09-27;3;Desaprobado
36659434-DAT201;2025-09-27;1;Desaprobado
37091816-IA400;2025-09-27;1;Desaprobado
39145092-DAT201;2025-09-27;2;Desaprobado
41234290-MKT200;2025-09-27;4;Aprobado
41422321-GEN101;2025-09-27;3;Desaprobado
43991288-DAT305;2025-09-27;9;Aprobado
44754060-MKT200;2025-09-27;10;Aprobado
47247100-IA400;2025-09-27;4;Aprobado
30283080-DAT101;2025-09-28;10;Aprobado
36235580-DAT101;2025-09-28;2;Desaprobado
37017626-DAT201;2025-09-28;7;Aprobado
38622475-DAT201;2025-09-28;7;Aprobado
39996815-DAT101;2025-09-28;7;Aprobado
40854875-DAT305;2025-09-28;1;Desaprobado
41907942-DAT201;2025-09-28;2;Desaprobado
43624806-MKT200;2025-09-28;4;Aprobado
45134203-DAT305;2025-09-28;6;Aprobado
45280236-IA300;2025-09-28;1;Desaprobado
46329934-DAT201;2025-09-28;6;Aprobado
47983613-MKT200;2025-09-28;3;Desaprobado
32119317-IA300;2025-09-29;2;Desaprobado
32201924-GEN101;2025-09-29;1;Desaprobado
34648956-DAT305;2025-09-29;7;Aprobado
34841664-GEN101;2025-09-29;3;Desaprobado
36158027-IA400;2025-09-29;4;Aprobado
36349336-DEV101;2025-09-29;2;Desaprobado
36882138-IA300;2025-09-29;8;Aprobado
37515292-DAT201;2025-09-29;9;Aprobado
39047069-DAT305;2025-09-29;9;Aprobado
39765048-DAT305;2025-09-29;8;Aprobado
40804778-MKT200;2025-09-29;9;Aprobado
41950319-MKT200;2025-09-29;9;Aprobado
43098716-DAT305;2025-09-29;1;Desaprobado
43098716-IA300;2025-09-29;5;Aprobado
43492230-IA300;2025-09-29;9;Aprobado
43496203-IA300;2025-09-29;7;Aprobado
43605753-IA300;2025-09-29;5;Aprobado
44197978-DAT305;2025-09-29;1;Desaprobado
44242960-NEG400;2025-09-29;8;Aprobado
44488443-IA300;2025-09-29;10;Aprobado
44544802-DAT201;2025-09-29;6;Aprobado
30186819-DAT101;2025-09-30;7;Aprobado
32454237-MKT200;2025-09-30;1;Desaprobado
32459600-DAT201;2025-09-30;6;Aprobado
33191684-MKT200;2025-09-30;3;Desaprobado
36480390-NEG400;2025-09-30;4;Aprobado
37059839-IA300;2025-09-30;4;Aprobado
37885100-GEN101;2025-09-30;3;Desaprobado
39416795-UX100;2025-09-30;1;Desaprobado
39535799-DAT101;2025-09-30;3;Desaprobado
40039504-DAT305;2025-09-30;6;Aprobado
40967959-DAT201;2025-09-30;6;Aprobado
43624314-DAT305;2025-09-30;8;Aprobado
44182964-DAT305;2025-09-30;7;Aprobado
44235496-DAT101;2025-09-30;3;Desaprobado
44398280-IA300;2025-09-30;1;Desaprobado
44407218-DEV101;2025-09-30;8;Aprobado
44700314-GEN101;2025-09-30;5;Aprobado
44754060-UX100;2025-09-30;7;Aprobado
44959844-UX100;2025-09-30;9;Aprobado
46780927-DAT305;2025-09-30;8;Aprobado
46886132-UX100;2025-09-30;9;Aprobado
46952948-DAT101;2025-09-30;2;Desaprobado
47075635-DEV101;2025-09-30;8;Aprobado
47481163-DEV101;2025-09-30;2;Desaprobado
30163309-GEN101;2025-10-01;9;Aprobado
30271801-DEV101;2025-10-01;5;Aprobado
30283080-UX100;2025-10-01;6;Aprobado
30381511-IA400;2025-10-01;5;Aprobado
30672524-IA300;2025-10-01;1;Desaprobado
30719634-DAT305;2025-10-01;7;Aprobado
31748817-IA300;2025-10-01;9;Aprobado
32460250-DEV101;2025-10-01;1;Desaprobado
33511174-DEV101;2025-10-01;10;Aprobado
34108557-UX100;2025-10-01;7;Aprobado
35054932-IA300;2025-10-01;2;Desaprobado
35486815-IA400;2025-10-01;5;Aprobado
36257669-DAT101;2025-10-01;4;Aprobado
36907961-DAT305;2025-10-01;9;Aprobado
37095694-IA300;2025-10-01;5;Aprobado
37119833-DAT305;2025-10-01;7;Aprobado
38680320-IA300;2025-10-01;7;Aprobado
40337941-DAT101;2025-10-01;5;Aprobado
40451762-DEV101;2025-10-01;5;Aprobado
40719473-IA400;2025-10-01;1;Desaprobado
40915348-DAT201;2025-10-01;2;Desaprobado
40967959-DAT305;2025-10-01;6;Aprobado
41273545-UX100;2025-10-01;9;Aprobado
41904080-DAT201;2025-10-01;8;Aprobado
43069128-DAT101;2025-10-01;1;Desaprobado
44343101-DAT101;2025-10-01;3;Desaprobado
44343101-DAT201;2025-10-01;8;Aprobado
44443284-UX100;2025-10-01;6;Aprobado
44477303-GEN101;2025-10-01;6;Aprobado
44878225-IA300;2025-10-01;2;Desaprobado
45539704-NEG400;2025-10-01;9;Aprobado
46278232-UX100;2025-10-01;9;Aprobado
46510451-MKT200;2025-10-01;4;Aprobado
30055089-GEN101;2025-10-02;4;Aprobado
32362905-IA300;2025-10-02;5;Aprobado
34869838-IA400;2025-10-02;7;Aprobado
35218002-MKT200;2025-10-02;4;Aprobado
35608376-DAT305;2025-10-02;7;Aprobado
37131375-DAT101;2025-10-02;10;Aprobado
39265874-DEV101;2025-10-02;10;Aprobado
39412125-DAT305;2025-10-02;4;Aprobado
40904939-NEG400;2025-10-02;4;Aprobado
41023707-IA300;2025-10-02;4;Aprobado
46080609-MKT200;2025-10-02;6;Aprobado
47320705-UX100;2025-10-02;1;Desaprobado
47633067-UX100;2025-10-02;1;Desaprobado
47707678-DAT305;2025-10-02;9;Aprobado
31909036-DAT101;2025-10-03;2;Desaprobado
32726810-DAT101;2025-10-03;4;Aprobado
33831924-IA400;2025-10-03;10;Aprobado
35722006-IA300;2025-10-03;3;Desaprobado
36138156-IA400;2025-10-03;2;Desaprobado
36532331-IA400;2025-10-03;9;Aprobado
38531623-DAT101;2025-10-03;1;Desaprobado
38631479-NEG400;2025-10-03;5;Aprobado
39244530-DAT305;2025-10-03;8;Aprobado
40305444-MKT200;2025-10-03;7;Aprobado
40401825-DAT305;2025-10-03;2;Desaprobado
40998609-UX100;2025-10-03;5;Aprobado
43162851-DAT305;2025-10-03;9;Aprobado
45482430-IA400;2025-10-03;4;Aprobado
47775711-UX100;2025-10-03;9;Aprobado
32128322-DAT101;2025-10-04;9;Aprobado
32388706-IA300;2025-10-04;8;Aprobado
33143242-IA400;2025-10-04;3;Desaprobado
34089245-IA300;2025-10-04;7;Aprobado
34501518-DAT201;2025-10-04;4;Aprobado
39335040-MKT200;2025-10-04;3;Desaprobado
39396593-DEV101;2025-10-04;3;Desaprobado
39449899-DAT305;2025-10-04;10;Aprobado
40783770-NEG400;2025-10-04;8;Aprobado
43185797-NEG400;2025-10-04;10;Aprobado
44115122-DEV101;2025-10-04;10;Aprobado
44544802-DAT305;2025-10-04;1;Desaprobado
44717216-GEN101;2025-10-04;1;Desaprobado
46329934-DAT201;2025-10-04;10;Aprobado
31116340-DEV101;2025-10-05;3;Desaprobado
31786305-DAT101;2025-10-05;3;Desaprobado
33792064-MKT200;2025-10-05;2;Desaprobado
34355689-DEV101;2025-10-05;5;Aprobado
34764302-DAT201;2025-10-05;6;Aprobado
34896530-GEN101;2025-10-05;7;Aprobado
35419862-MKT200;2025-10-05;1;Desaprobado
37733861-DAT101;2025-10-05;6;Aprobado
40333573-MKT200;2025-10-05;4;Aprobado
41213341-DEV101;2025-10-05;5;Aprobado
41289442-UX100;2025-10-05;1;Desaprobado
43830930-DAT305;2025-10-05;4;Aprobado
44490644-DAT305;2025-10-05;2;Desaprobado
44692963-NEG400;2025-10-05;9;Aprobado
45225711-DAT101;2025-10-05;3;Desaprobado
45311516-MKT200;2025-10-05;3;Desaprobado
46410216-MKT200;2025-10-05;6;Aprobado
46637531-IA400;2025-10-05;1;Desaprobado
46965600-DAT305;2025-10-05;6;Aprobado
31067946-MKT200;2025-10-06;5;Aprobado
31846283-IA400;2025-10-06;6;Aprobado
32496231-IA400;2025-10-06;6;Aprobado
32583779-IA300;2025-10-06;8;Aprobado
33296162-IA300;2025-10-06;10;Aprobado
34696467-NEG400;2025-10-06;3;Desaprobado
40846299-DAT305;2025-10-06;8;Aprobado
44343101-MKT200;2025-10-06;9;Aprobado
44820591-UX100;2025-10-06;10;Aprobado
46024126-MKT200;2025-10-06;7;Aprobado
47788251-DEV101;2025-10-06;10;Aprobado
30342609-NEG400;2025-10-07;7;Aprobado
30649167-IA400;2025-10-07;4;Aprobado
32130223-DAT101;2025-10-07;1;Desaprobado
32349636-NEG400;2025-10-07;4;Aprobado
32844429-DEV101;2025-10-07;1;Desaprobado
35199789-UX100;2025-10-07;6;Aprobado
35951430-UX100;2025-10-07;1;Desaprobado
36780964-DAT101;2025-10-07;1;Desaprobado
37106276-GEN101;2025-10-07;9;Aprobado
38695540-DAT305;2025-10-07;4;Aprobado
39073370-DAT101;2025-10-07;7;Aprobado
39579172-UX100;2025-10-07;7;Aprobado
40733106-DAT201;2025-10-07;4;Aprobado
40762250-IA400;2025-10-07;6;Aprobado
43537356-DAT101;2025-10-07;10;Aprobado
44049715-NEG400;2025-10-07;7;Aprobado
44911255-IA300;2025-10-07;3;Desaprobado
46329934-UX100;2025-10-07;7;Aprobado
46372785-DEV101;2025-10-07;3;Desaprobado
46510451-GEN101;2025-10-07;10;Aprobado
46847177-DEV101;2025-10-07;1;Desaprobado
46890428-UX100;2025-10-07;5;Aprobado
31748817-NEG400;2025-10-08;2;Desaprobado
31786305-DAT305;2025-10-08;7;Aprobado
33683627-IA400;2025-10-08;1;Desaprobado
34288472-IA300;2025-10-08;9;Aprobado
37596799-IA400;2025-10-08;5;Aprobado
38085164-NEG400;2025-10-08;3;Desaprobado
38940969-IA300;2025-10-08;2;Desaprobado
40998609-NEG400;2025-10-08;4;Aprobado
41166199-DAT201;2025-10-08;7;Aprobado
43254348-UX100;2025-10-08;3;Desaprobado
43462497-DAT305;2025-10-08;2;Desaprobado
44490644-MKT200;2025-10-08;5;Aprobado
45177548-MKT200;2025-10-08;6;Aprobado
46119042-GEN101;2025-10-08;3;Desaprobado
46225626-MKT200;2025-10-08;2;Desaprobado
46564562-DEV101;2025-10-08;3;Desaprobado
46564562-IA300;2025-10-08;5;Aprobado
30639152-DEV101;2025-10-09;8;Aprobado
31365812-NEG400;2025-10-09;9;Aprobado
31547849-UX100;2025-10-09;6;Aprobado
32905120-IA300;2025-10-09;2;Desaprobado
33568791-IA300;2025-10-09;7;Aprobado
36858459-IA400;2025-10-09;6;Aprobado
36992557-UX100;2025-10-09;8;Aprobado
37059839-NEG400;2025-10-09;5;Aprobado
38964128-DAT201;2025-10-09;7;Aprobado
39623347-IA300;2025-10-09;3;Desaprobado
40916647-DEV101;2025-10-09;5;Aprobado
44473224-UX100;2025-10-09;8;Aprobado
45368291-MKT200;2025-10-09;7;Aprobado
45984678-IA300;2025-10-09;1;Desaprobado
31278420-GEN101;2025-10-10;6;Aprobado
31332769-UX100;2025-10-10;4;Aprobado
31576981-DAT101;2025-10-10;6;Aprobado
32441127-DEV101;2025-10-10;8;Aprobado
36780964-IA300;2025-10-10;6;Aprobado
36858459-GEN101;2025-10-10;1;Desaprobado
39737785-DEV101;2025-10-10;3;Desaprobado
39817999-DAT101;2025-10-10;4;Aprobado
40756585-GEN101;2025-10-10;4;Aprobado
41890956-GEN101;2025-10-10;3;Desaprobado
43008590-UX100;2025-10-10;8;Aprobado
47217063-GEN101;2025-10-10;8;Aprobado
47822229-DAT101;2025-10-10;7;Aprobado
47906696-NEG400;2025-10-10;5;Aprobado
30946573-IA300;2025-10-11;8;Aprobado
31908414-DAT305;2025-10-11;2;Desaprobado
33201122-DAT305;2025-10-11;8;Aprobado
33229738-UX100;2025-10-11;5;Aprobado
34130787-DEV101;2025-10-11;2;Desaprobado
39047069-MKT200;2025-10-11;2;Desaprobado
39901527-GEN101;2025-10-11;6;Aprobado
43098716-MKT200;2025-10-11;2;Desaprobado
45002798-GEN101;2025-10-11;2;Desaprobado
45041476-IA300;2025-10-11;10;Aprobado
46024126-MKT200;2025-10-11;3;Desaprobado
47197652-UX100;2025-10-11;2;Desaprobado
31486885-MKT200;2025-10-12;3;Desaprobado
31848115-IA300;2025-10-12;3;Desaprobado
32817735-DAT305;2025-10-12;3;Desaprobado
33614240-IA400;2025-10-12;3;Desaprobado
33649881-UX100;2025-10-12;9;Aprobado
34883029-UX100;2025-10-12;1;Desaprobado
34987487-DAT305;2025-10-12;6;Aprobado
35683885-IA400;2025-10-12;10;Aprobado
36480390-IA400;2025-10-12;1;Desaprobado
38714246-IA300;2025-10-12;3;Desaprobado
39073064-IA400;2025-10-12;7;Aprobado
39107282-GEN101;2025-10-12;6;Aprobado
39396593-MKT200;2025-10-12;10;Aprobado
40104822-GEN101;2025-10-12;1;Desaprobado
40399678-GEN101;2025-10-12;9;Aprobado
40833222-MKT200;2025-10-12;5;Aprobado
40854875-DAT101;2025-10-12;3;Desaprobado
43549346-UX100;2025-10-12;5;Aprobado
44988509-DEV101;2025-10-12;5;Aprobado
45841815-DEV101;2025-10-12;1;Desaprobado
46797195-DAT101;2025-10-12;6;Aprobado
31365812-DEV101;2025-10-13;6;Aprobado
33507272-NEG400;2025-10-13;3;Desaprobado
35486815-DAT101;2025-10-13;10;Aprobado
39047069-DAT201;2025-10-13;7;Aprobado
40175984-DAT305;2025-10-13;5;Aprobado
40523492-DAT305;2025-10-13;9;Aprobado
41204894-NEG400;2025-10-13;4;Aprobado
41815317-IA400;2025-10-13;3;Desaprobado
43471496-DEV101;2025-10-13;5;Aprobado
43714584-IA400;2025-10-13;8;Aprobado
44176621-IA300;2025-10-13;3;Desaprobado
44692963-DEV101;2025-10-13;5;Aprobado
45311516-IA300;2025-10-13;2;Desaprobado
30278086-DAT305;2025-10-14;6;Aprobado
32844429-NEG400;2025-10-14;3;Desaprobado
35470566-UX100;2025-10-14;9;Aprobado
36156003-NEG400;2025-10-14;8;Aprobado
37947511-IA300;2025-10-14;5;Aprobado
40394280-DAT305;2025-10-14;4;Aprobado
41833461-UX100;2025-10-14;3;Desaprobado
44443284-DAT305;2025-10-14;6;Aprobado
45496689-DAT305;2025-10-14;1;Desaprobado
47733210-MKT200;2025-10-14;4;Aprobado
30506698-MKT200;2025-10-15;6;Aprobado
35133995-IA400;2025-10-15;3;Desaprobado
35425422-DEV101;2025-10-15;6;Aprobado
35837738-DEV101;2025-10-15;5;Aprobado
36676918-IA400;2025-10-15;10;Aprobado
39281798-GEN101;2025-10-15;8;Aprobado
40039504-DAT101;2025-10-15;8;Aprobado
40330349-UX100;2025-10-15;1;Desaprobado
43492230-DAT305;2025-10-15;2;Desaprobado
43496203-DEV101;2025-10-15;3;Desaprobado
43729856-GEN101;2025-10-15;3;Desaprobado
44241859-MKT200;2025-10-15;3;Desaprobado
44286872-DEV101;2025-10-15;7;Aprobado
44754301-DAT201;2025-10-15;5;Aprobado
45694620-DAT201;2025-10-15;10;Aprobado
30679979-IA400;2025-10-16;1;Desaprobado
31961540-IA300;2025-10-16;6;Aprobado
32201924-DEV101;2025-10-16;7;Aprobado
35407054-DEV101;2025-10-16;6;Aprobado
35629692-GEN101;2025-10-16;3;Desaprobado
36532331-GEN101;2025-10-16;4;Aprobado
37567816-IA300;2025-10-16;8;Aprobado
38786481-DAT101;2025-10-16;4;Aprobado
40284355-DEV101;2025-10-16;1;Desaprobado
40437078-DEV101;2025-10-16;5;Aprobado
45820009-DEV101;2025-10-16;10;Aprobado
46538783-IA300;2025-10-16;3;Desaprobado
47611874-IA400;2025-10-16;1;Desaprobado
30219683-DEV101;2025-10-17;1;Desaprobado
31277192-DEV101;2025-10-17;7;Aprobado
31528900-DAT201;2025-10-17;8;Aprobado
31748817-DAT101;2025-10-17;10;Aprobado
32028866-DAT201;2025-10-17;8;Aprobado
33247551-UX100;2025-10-17;2;Desaprobado
34743897-DEV101;2025-10-17;6;Aprobado
37460819-GEN101;2025-10-17;2;Desaprobado
39835913-NEG400;2025-10-17;3;Desaprobado
40350483-DAT101;2025-10-17;7;Aprobado
40582609-DEV101;2025-10-17;4;Aprobado
41016204-IA300;2025-10-17;9;Aprobado
43331228-DAT201;2025-10-17;6;Aprobado
44724307-DAT201;2025-10-17;3;Desaprobado
44811354-NEG400;2025-10-17;10;Aprobado
46833655-DAT201;2025-10-17;2;Desaprobado
31531992-DEV101;2025-10-18;2;Desaprobado
31885715-DAT201;2025-10-18;8;Aprobado
32027618-NEG400;2025-10-18;10;Aprobado
32166416-MKT200;2025-10-18;4;Aprobado
32329071-UX100;2025-10-18;4;Aprobado
34764302-DAT305;2025-10-18;2;Desaprobado
35207049-UX100;2025-10-18;8;Aprobado
35930527-DAT305;2025-10-18;4;Aprobado
36882138-GEN101;2025-10-18;2;Desaprobado
36971688-MKT200;2025-10-18;1;Desaprobado
37874267-DEV101;2025-10-18;9;Aprobado
37874267-IA400;2025-10-18;6;Aprobado
39006974-DAT305;2025-10-18;2;Desaprobado
39765048-DAT305;2025-10-18;7;Aprobado
40642269-UX100;2025-10-18;10;Aprobado
44454123-DAT101;2025-10-18;4;Aprobado
46218945-NEG400;2025-10-18;10;Aprobado
46653953-DAT305;2025-10-18;1;Desaprobado
47826221-DAT305;2025-10-18;5;Aprobado
30125745-MKT200;2025-10-19;2;Desaprobado
34108557-DAT101;2025-10-19;5;Aprobado
34764302-DAT201;2025-10-19;2;Desaprobado
35077928-UX100;2025-10-19;10;Aprobado
35284612-DAT201;2025-10-19;3;Desaprobado
36765559-IA300;2025-10-19;8;Aprobado
39901527-IA300;2025-10-19;4;Aprobado
40099804-NEG400;2025-10-19;1;Desaprobado
40330349-UX100;2025-10-19;3;Desaprobado
40756585-MKT200;2025-10-19;1;Desaprobado
40854875-GEN101;2025-10-19;1;Desaprobado
40915348-DAT305;2025-10-19;4;Aprobado
43055426-DEV101;2025-10-19;2;Desaprobado
45153061-IA300;2025-10-19;7;Aprobado
45177548-NEG400;2025-10-19;3;Desaprobado
46510451-NEG400;2025-10-19;9;Aprobado
36092237-NEG400;2025-10-20;3;Desaprobado
37392794-DAT101;2025-10-20;4;Aprobado
38085164-GEN101;2025-10-20;8;Aprobado
39195104-MKT200;2025-10-20;3;Desaprobado
43647497-GEN101;2025-10-20;9;Aprobado
44488443-DEV101;2025-10-20;10;Aprobado
44700314-DAT305;2025-10-20;7;Aprobado
44911255-UX100;2025-10-20;2;Desaprobado
45291864-NEG400;2025-10-20;9;Aprobado
45766160-IA300;2025-10-20;5;Aprobado
45797473-UX100;2025-10-20;9;Aprobado
45984678-MKT200;2025-10-20;8;Aprobado
46026190-DEV101;2025-10-20;6;Aprobado
46377357-DAT305;2025-10-20;8;Aprobado
46538783-MKT200;2025-10-20;6;Aprobado
30219683-DEV101;2025-10-21;4;Aprobado
30381511-GEN101;2025-10-21;7;Aprobado
31177427-MKT200;2025-10-21;4;Aprobado
31485455-NEG400;2025-10-21;10;Aprobado
32480780-DAT201;2025-10-21;5;Aprobado
33745990-IA400;2025-10-21;7;Aprobado
33816707-DEV101;2025-10-21;8;Aprobado
34873483-GEN101;2025-10-21;2;Desaprobado
35629692-IA300;2025-10-21;5;Aprobado
36727561-DAT101;2025-10-21;7;Aprobado
37799625-DAT305;2025-10-21;1;Desaprobado
39250711-DAT201;2025-10-21;4;Aprobado
40014561-NEG400;2025-10-21;3;Desaprobado
40902797-NEG400;2025-10-21;3;Desaprobado
43040142-DAT305;2025-10-21;7;Aprobado
43191267-NEG400;2025-10-21;10;Aprobado
43331228-MKT200;2025-10-21;6;Aprobado
43498834-UX100;2025-10-21;5;Aprobado
44118742-IA300;2025-10-21;2;Desaprobado
44544802-GEN101;2025-10-21;5;Aprobado
44986230-GEN101;2025-10-21;5;Aprobado
45482430-IA400;2025-10-21;7;Aprobado
47700089-GEN101;2025-10-21;4;Aprobado
47909977-MKT200;2025-10-21;7;Aprobado
32286145-DAT305;2025-10-22;5;Aprobado
33397920-DAT201;2025-10-22;10;Aprobado
33528686-NEG400;2025-10-22;4;Aprobado
34888999-MKT200;2025-10-22;4;Aprobado
35951430-IA400;2025-10-22;8;Aprobado
37981847-IA300;2025-10-22;8;Aprobado
38714246-MKT200;2025-10-22;1;Desaprobado
39311402-GEN101;2025-10-22;1;Desaprobado
40846299-DEV101;2025-10-22;2;Desaprobado
41833461-DAT305;2025-10-22;8;Aprobado
43507384-DEV101;2025-10-22;2;Desaprobado
43542829-DAT201;2025-10-22;2;Desaprobado
44491570-IA300;2025-10-22;8;Aprobado
44730308-NEG400;2025-10-22;8;Aprobado
44754301-MKT200;2025-10-22;7;Aprobado
46952948-GEN101;2025-10-22;7;Aprobado
30674136-UX100;2025-10-23;9;Aprobado
31277192-MKT200;2025-10-23;9;Aprobado
31355414-DAT101;2025-10-23;2;Desaprobado
32108581-NEG400;2025-10-23;4;Aprobado
32171676-DEV101;2025-10-23;9;Aprobado
33505185-DAT201;2025-10-23;5;Aprobado
33792064-DAT101;2025-10-23;5;Aprobado
33896639-DAT305;2025-10-23;2;Desaprobado
35470566-MKT200;2025-10-23;5;Aprobado
36219416-GEN101;2025-10-23;8;Aprobado
36257669-IA300;2025-10-23;1;Desaprobado
36998955-DAT305;2025-10-23;8;Aprobado
37171122-MKT200;2025-10-23;7;Aprobado
38042975-UX100;2025-10-23;2;Desaprobado
39159460-GEN101;2025-10-23;10;Aprobado
40140970-GEN101;2025-10-23;9;Aprobado
40848361-DAT101;2025-10-23;2;Desaprobado
44651662-IA300;2025-10-23;5;Aprobado
44811661-MKT200;2025-10-23;7;Aprobado
46411752-IA300;2025-10-23;1;Desaprobado
46572742-UX100;2025-10-23;2;Desaprobado
47483336-DEV101;2025-10-23;1;Desaprobado
47864391-UX100;2025-10-23;3;Desaprobado
47993064-NEG400;2025-10-23;4;Aprobado
32905120-IA300;2025-10-24;3;Desaprobado
35199789-DAT305;2025-10-24;8;Aprobado
36434636-IA400;2025-10-24;4;Aprobado
39040140-MKT200;2025-10-24;1;Desaprobado
43372972-DAT201;2025-10-24;2;Desaprobado
43402603-DAT201;2025-10-24;6;Aprobado
44221505-DAT101;2025-10-24;6;Aprobado
45539704-NEG400;2025-10-24;3;Desaprobado
45589540-IA400;2025-10-24;1;Desaprobado
45847470-NEG400;2025-10-24;3;Desaprobado
46418357-DAT101;2025-10-24;1;Desaprobado
30394856-UX100;2025-10-25;7;Aprobado
31355414-GEN101;2025-10-25;2;Desaprobado
31681085-DAT305;2025-10-25;9;Aprobado
32108581-DEV101;2025-10-25;10;Aprobado
32583779-DAT305;2025-10-25;8;Aprobado
33641153-IA400;2025-10-25;9;Aprobado
34148661-DAT201;2025-10-25;2;Desaprobado
36200569-IA300;2025-10-25;8;Aprobado
37561794-NEG400;2025-10-25;9;Aprobado
38275238-DAT101;2025-10-25;1;Desaprobado
40305444-DAT101;2025-10-25;10;Aprobado
40337941-NEG400;2025-10-25;9;Aprobado
40998609-DAT201;2025-10-25;5;Aprobado
43558573-MKT200;2025-10-25;9;Aprobado
43713231-DAT201;2025-10-25;3;Desaprobado
45704555-GEN101;2025-10-25;8;Aprobado
45838988-MKT200;2025-10-25;1;Desaprobado
46218945-IA300;2025-10-25;8;Aprobado
46372785-GEN101;2025-10-25;9;Aprobado
46599245-IA400;2025-10-25;1;Desaprobado
46833655-MKT200;2025-10-25;9;Aprobado
47044309-MKT200;2025-10-25;9;Aprobado
47822229-MKT200;2025-10-25;3;Desaprobado
30020248-UX100;2025-10-26;8;Aprobado
30277884-GEN101;2025-10-26;9;Aprobado
30713710-DAT201;2025-10-26;3;Desaprobado
32583779-IA300;2025-10-26;4;Aprobado
34343190-DAT201;2025-10-26;8;Aprobado
36745278-NEG400;2025-10-26;6;Aprobado
38869750-IA400;2025-10-26;4;Aprobado
39121001-DAT305;2025-10-26;3;Desaprobado
39337175-DAT201;2025-10-26;7;Aprobado
39579172-NEG400;2025-10-26;6;Aprobado
43652049-IA400;2025-10-26;6;Aprobado
43827991-GEN101;2025-10-26;4;Aprobado
43871938-NEG400;2025-10-26;3;Desaprobado
43991288-DAT305;2025-10-26;2;Desaprobado
44182964-DAT201;2025-10-26;2;Desaprobado
45105658-DAT305;2025-10-26;7;Aprobado
30074046-MKT200;2025-10-27;2;Desaprobado
32522161-NEG400;2025-10-27;4;Aprobado
34294158-DAT101;2025-10-27;10;Aprobado
35383408-DAT101;2025-10-27;8;Aprobado
36742732-NEG400;2025-10-27;1;Desaprobado
37918142-DEV101;2025-10-27;5;Aprobado
39073370-MKT200;2025-10-27;6;Aprobado
39480865-DAT101;2025-10-27;3;Desaprobado
40902797-DEV101;2025-10-27;8;Aprobado
40904939-DAT305;2025-10-27;5;Aprobado
41396027-DAT201;2025-10-27;6;Aprobado
44986230-DAT201;2025-10-27;3;Desaprobado
45066439-MKT200;2025-10-27;1;Desaprobado
46060979-UX100;2025-10-27;8;Aprobado
46669980-DAT305;2025-10-27;2;Desaprobado
46952948-UX100;2025-10-27;6;Aprobado
47233498-DAT305;2025-10-27;10;Aprobado
30219683-UX100;2025-10-28;3;Desaprobado
33566074-DAT101;2025-10-28;8;Aprobado
33896639-DAT305;2025-10-28;1;Desaprobado
36300221-DAT305;2025-10-28;3;Desaprobado
37774603-GEN101;2025-10-28;2;Desaprobado
37799625-GEN101;2025-10-28;7;Aprobado
41084438-DEV101;2025-10-28;7;Aprobado
44076200-DAT201;2025-10-28;8;Aprobado
45552569-DEV101;2025-10-28;5;Aprobado
45679679-IA300;2025-10-28;4;Aprobado
46024126-GEN101;2025-10-28;4;Aprobado
33175574-IA300;2025-10-29;10;Aprobado
34401288-MKT200;2025-10-29;9;Aprobado
34486034-IA400;2025-10-29;9;Aprobado
34631520-DAT305;2025-10-29;4;Aprobado
35133995-DAT201;2025-10-29;6;Aprobado
35930527-IA400;2025-10-29;6;Aprobado
37335497-MKT200;2025-10-29;5;Aprobado
39145092-IA400;2025-10-29;8;Aprobado
41815317-MKT200;2025-10-29;7;Aprobado
44286872-UX100;2025-10-29;4;Aprobado
44305990-IA400;2025-10-29;3;Desaprobado
44454123-DAT101;2025-10-29;3;Desaprobado
44754301-MKT200;2025-10-29;2;Desaprobado
45076705-IA300;2025-10-29;2;Desaprobado
45709038-DAT305;2025-10-29;1;Desaprobado
45847470-NEG400;2025-10-29;5;Aprobado
46556662-MKT200;2025-10-29;1;Desaprobado
30173121-IA400;2025-10-30;7;Aprobado
32604998-MKT200;2025-10-30;2;Desaprobado
32805911-IA300;2025-10-30;3;Desaprobado
34219114-NEG400;2025-10-30;5;Aprobado
34923335-NEG400;2025-10-30;6;Aprobado
35563087-DEV101;2025-10-30;7;Aprobado
35947218-MKT200;2025-10-30;10;Aprobado
40400092-MKT200;2025-10-30;3;Desaprobado
43471496-DAT201;2025-10-30;1;Desaprobado
43941263-GEN101;2025-10-30;3;Desaprobado
44827801-NEG400;2025-10-30;4;Aprobado
44986230-MKT200;2025-10-30;1;Desaprobado
46847177-DEV101;2025-10-30;9;Aprobado
30649167-DAT201;2025-10-31;6;Aprobado
33201122-MKT200;2025-10-31;6;Aprobado
34294158-DAT201;2025-10-31;7;Aprobado
35947218-IA300;2025-10-31;7;Aprobado
36691364-DAT101;2025-10-31;5;Aprobado
37182051-IA400;2025-10-31;9;Aprobado
41671067-DAT101;2025-10-31;3;Desaprobado
43605753-NEG400;2025-10-31;5;Aprobado
43615605-IA400;2025-10-31;1;Desaprobado
44173257-IA400;2025-10-31;1;Desaprobado
44492127-IA400;2025-10-31;8;Aprobado
47983613-DAT201;2025-10-31;8;Aprobado
32027618-MKT200;2025-11-01;7;Aprobado
32171052-DAT101;2025-11-01;10;Aprobado
33800391-GEN101;2025-11-01;7;Aprobado
34130787-GEN101;2025-11-01;3;Desaprobado
36421707-DAT101;2025-11-01;2;Desaprobado
36882138-NEG400;2025-11-01;10;Aprobado
36971688-IA400;2025-11-01;6;Aprobado
45368291-GEN101;2025-11-01;4;Aprobado
46382860-UX100;2025-11-01;4;Aprobado
46518516-DAT101;2025-11-01;10;Aprobado
46829066-DAT305;2025-11-01;6;Aprobado
31099331-GEN101;2025-11-02;2;Desaprobado
32997790-GEN101;2025-11-02;3;Desaprobado
33520255-GEN101;2025-11-02;1;Desaprobado
33742338-DEV101;2025-11-02;4;Aprobado
34108557-DAT101;2025-11-02;4;Aprobado
36701529-DAT101;2025-11-02;2;Desaprobado
37182051-UX100;2025-11-02;8;Aprobado
39765048-DAT305;2025-11-02;7;Aprobado
40235116-DAT305;2025-11-02;5;Aprobado
40606935-GEN101;2025-11-02;5;Aprobado
40950154-MKT200;2025-11-02;1;Desaprobado
41904080-DAT201;2025-11-02;4;Aprobado
43679905-IA300;2025-11-02;3;Desaprobado
44235496-DAT201;2025-11-02;1;Desaprobado
44407218-DAT201;2025-11-02;4;Aprobado
46145128-IA400;2025-11-02;5;Aprobado
46372785-IA300;2025-11-02;5;Aprobado
46521420-DAT201;2025-11-02;7;Aprobado
30672524-DAT201;2025-11-03;1;Desaprobado
31177427-MKT200;2025-11-03;7;Aprobado
31324108-GEN101;2025-11-03;2;Desaprobado
32496231-DAT101;2025-11-03;4;Aprobado
33229738-DAT201;2025-11-03;6;Aprobado
36234502-MKT200;2025-11-03;1;Desaprobado
36892333-DAT305;2025-11-03;3;Desaprobado
37952540-NEG400;2025-11-03;7;Aprobado
44305990-IA300;2025-11-03;1;Desaprobado
45177548-DAT201;2025-11-03;2;Desaprobado
46410216-NEG400;2025-11-03;7;Aprobado
46698472-UX100;2025-11-03;7;Aprobado
47207202-IA300;2025-11-03;5;Aprobado
30362736-DAT101;2025-11-04;1;Desaprobado
31349203-DAT201;2025-11-04;8;Aprobado
32119317-NEG400;2025-11-04;8;Aprobado
32454237-DAT101;2025-11-04;8;Aprobado
32816822-IA300;2025-11-04;5;Aprobado
33175574-DEV101;2025-11-04;6;Aprobado
35844073-DAT305;2025-11-04;10;Aprobado
36480390-GEN101;2025-11-04;7;Aprobado
38648189-NEG400;2025-11-04;4;Aprobado
39820530-DAT201;2025-11-04;5;Aprobado
43331228-DEV101;2025-11-04;5;Aprobado
44878225-MKT200;2025-11-04;3;Desaprobado
45865176-IA300;2025-11-04;2;Desaprobado
45984678-NEG400;2025-11-04;2;Desaprobado
46183284-DEV101;2025-11-04;10;Aprobado
31467025-DEV101;2025-11-05;1;Desaprobado
31531992-IA400;2025-11-05;7;Aprobado
34702143-IA300;2025-11-05;9;Aprobado
35218002-GEN101;2025-11-05;10;Aprobado
35809204-GEN101;2025-11-05;4;Aprobado
38559625-DEV101;2025-11-05;6;Aprobado
39475622-DAT305;2025-11-05;7;Aprobado
40399678-IA400;2025-11-05;8;Aprobado
40401825-NEG400;2025-11-05;7;Aprobado
40846299-GEN101;2025-11-05;8;Aprobado
40846299-IA400;2025-11-05;1;Desaprobado
43008590-UX100;2025-11-05;7;Aprobado
43276053-UX100;2025-11-05;1;Desaprobado
44190336-DAT201;2025-11-05;3;Desaprobado
46997300-DAT305;2025-11-05;10;Aprobado
47186211-DEV101;2025-11-05;1;Desaprobado
47707678-DAT101;2025-11-05;1;Desaprobado
31562676-IA300;2025-11-06;9;Aprobado
33683627-DAT101;2025-11-06;1;Desaprobado
33742338-DAT201;2025-11-06;7;Aprobado
34508579-DAT101;2025-11-06;7;Aprobado
34873483-DAT101;2025-11-06;4;Aprobado
35033683-DAT305;2025-11-06;7;Aprobado
36600824-DAT305;2025-11-06;9;Aprobado
37091816-IA300;2025-11-06;6;Aprobado
37280564-DAT201;2025-11-06;3;Desaprobado
40451762-IA400;2025-11-06;1;Desaprobado
41314648-DEV101;2025-11-06;7;Aprobado
43830930-UX100;2025-11-06;9;Aprobado
43941263-DEV101;2025-11-06;8;Aprobado
44224033-DEV101;2025-11-06;2;Desaprobado
44264848-DAT101;2025-11-06;1;Desaprobado
44923903-NEG400;2025-11-06;6;Aprobado
45444903-IA300;2025-11-06;8;Aprobado
46372785-DEV101;2025-11-06;5;Aprobado
30677244-DAT101;2025-11-07;4;Aprobado
31332769-IA400;2025-11-07;3;Desaprobado
32171052-IA400;2025-11-07;5;Aprobado
33127447-NEG400;2025-11-07;8;Aprobado
33846409-IA400;2025-11-07;2;Desaprobado
34411929-IA300;2025-11-07;9;Aprobado
34446896-NEG400;2025-11-07;10;Aprobado
35629692-DEV101;2025-11-07;3;Desaprobado
35951430-DAT305;2025-11-07;3;Desaprobado
36227478-GEN101;2025-11-07;4;Aprobado
39023389-IA300;2025-11-07;9;Aprobado
43191267-IA300;2025-11-07;3;Desaprobado
45417606-GEN101;2025-11-07;2;Desaprobado
45499218-UX100;2025-11-07;5;Aprobado
45838988-MKT200;2025-11-07;8;Aprobado
46572742-DAT201;2025-11-07;4;Aprobado
46909132-DAT201;2025-11-07;10;Aprobado
30271801-DAT101;2025-11-08;2;Desaprobado
32201924-MKT200;2025-11-08;1;Desaprobado
34501518-MKT200;2025-11-08;4;Aprobado
35077928-DEV101;2025-11-08;8;Aprobado
35608376-GEN101;2025-11-08;6;Aprobado
36185529-DAT305;2025-11-08;5;Aprobado
36617253-DAT101;2025-11-08;7;Aprobado
39250711-IA300;2025-11-08;7;Aprobado
39412125-DAT201;2025-11-08;10;Aprobado
39759071-UX100;2025-11-08;2;Desaprobado
40756585-UX100;2025-11-08;7;Aprobado
44376034-IA400;2025-11-08;10;Aprobado
45007686-DAT101;2025-11-08;2;Desaprobado
47690351-GEN101;2025-11-08;5;Aprobado
30205757-NEG400;2025-11-09;3;Desaprobado
31864701-GEN101;2025-11-09;8;Aprobado
32099939-DAT101;2025-11-09;1;Desaprobado
32986537-UX100;2025-11-09;1;Desaprobado
35407054-DAT305;2025-11-09;5;Aprobado
37351522-NEG400;2025-11-09;1;Desaprobado
39126892-GEN101;2025-11-09;1;Desaprobado
39281798-NEG400;2025-11-09;10;Aprobado
40719473-GEN101;2025-11-09;2;Desaprobado
41213341-DAT305;2025-11-09;1;Desaprobado
41661140-IA300;2025-11-09;4;Aprobado
43456083-DAT101;2025-11-09;2;Desaprobado
45002798-DAT305;2025-11-09;5;Aprobado
30713710-IA300;2025-11-10;1;Desaprobado
31206140-DAT201;2025-11-10;7;Aprobado
32522161-IA400;2025-11-10;1;Desaprobado
35385278-DAT201;2025-11-10;9;Aprobado
35926356-DAT305;2025-11-10;8;Aprobado
40980489-DEV101;2025-11-10;4;Aprobado
41833461-GEN101;2025-11-10;10;Aprobado
44227115-MKT200;2025-11-10;4;Aprobado
44227115-NEG400;2025-11-10;9;Aprobado
44340522-IA300;2025-11-10;2;Desaprobado
46145128-DAT305;2025-11-10;8;Aprobado
32119317-DAT305;2025-11-11;7;Aprobado
32349636-DAT101;2025-11-11;1;Desaprobado
32454237-IA300;2025-11-11;6;Aprobado
32496231-DAT305;2025-11-11;5;Aprobado
38714246-DEV101;2025-11-11;9;Aprobado
39126892-DAT305;2025-11-11;8;Aprobado
40612010-IA400;2025-11-11;5;Aprobado
41626422-GEN101;2025-11-11;8;Aprobado
43286289-GEN101;2025-11-11;3;Desaprobado
43651947-DAT305;2025-11-11;5;Aprobado
45315237-UX100;2025-11-11;4;Aprobado
45444903-IA400;2025-11-11;9;Aprobado
47645473-MKT200;2025-11-11;7;Aprobado
31615043-DAT201;2025-11-12;2;Desaprobado
33582066-GEN101;2025-11-12;2;Desaprobado
33709759-DAT305;2025-11-12;3;Desaprobado
33745990-IA400;2025-11-12;9;Aprobado
33818954-DAT201;2025-11-12;3;Desaprobado
34341037-UX100;2025-11-12;1;Desaprobado
34832335-IA400;2025-11-12;1;Desaprobado
35926356-DEV101;2025-11-12;10;Aprobado
36160142-NEG400;2025-11-12;2;Desaprobado
36907961-DAT101;2025-11-12;7;Aprobado
37017626-IA400;2025-11-12;5;Aprobado
37515292-MKT200;2025-11-12;8;Aprobado
37763133-DAT305;2025-11-12;8;Aprobado
38002503-IA400;2025-11-12;3;Desaprobado
38111908-DEV101;2025-11-12;1;Desaprobado
38964128-MKT200;2025-11-12;3;Desaprobado
40451762-DEV101;2025-11-12;3;Desaprobado
43711417-IA300;2025-11-12;3;Desaprobado
43871938-NEG400;2025-11-12;5;Aprobado
44345701-DAT101;2025-11-12;2;Desaprobado
44827801-DAT201;2025-11-12;2;Desaprobado
46281181-MKT200;2025-11-12;6;Aprobado
34148661-IA300;2025-11-13;1;Desaprobado
34647475-MKT200;2025-11-13;6;Aprobado
36234502-NEG400;2025-11-13;1;Desaprobado
36727561-MKT200;2025-11-13;9;Aprobado
36907961-DAT101;2025-11-13;2;Desaprobado
38263069-MKT200;2025-11-13;8;Aprobado
39297755-GEN101;2025-11-13;2;Desaprobado
40039504-UX100;2025-11-13;5;Aprobado
41079498-DAT305;2025-11-13;6;Aprobado
43895529-DAT305;2025-11-13;1;Desaprobado
44221505-NEG400;2025-11-13;8;Aprobado
44398280-DAT101;2025-11-13;6;Aprobado
46382860-DAT101;2025-11-13;10;Aprobado
47483336-DAT101;2025-11-13;3;Desaprobado
30958838-IA300;2025-11-14;3;Desaprobado
31365812-DAT101;2025-11-14;9;Aprobado
32966903-MKT200;2025-11-14;2;Desaprobado
35821025-DEV101;2025-11-14;10;Aprobado
37286941-DAT101;2025-11-14;7;Aprobado
39449899-DAT305;2025-11-14;9;Aprobado
39996815-IA400;2025-11-14;1;Desaprobado
41994956-IA400;2025-11-14;6;Aprobado
43008590-NEG400;2025-11-14;9;Aprobado
43528816-UX100;2025-11-14;6;Aprobado
44473224-MKT200;2025-11-14;1;Desaprobado
46281181-DAT305;2025-11-14;6;Aprobado
46314784-IA400;2025-11-14;3;Desaprobado
46321118-IA400;2025-11-14;7;Aprobado
46538783-DAT201;2025-11-14;6;Aprobado
30342609-UX100;2025-11-15;1;Desaprobado
31528064-IA400;2025-11-15;10;Aprobado
34343190-DEV101;2025-11-15;4;Aprobado
37907386-DAT201;2025-11-15;7;Aprobado
37918142-DAT101;2025-11-15;9;Aprobado
37947511-MKT200;2025-11-15;8;Aprobado
39311402-DAT201;2025-11-15;9;Aprobado
39820530-DAT101;2025-11-15;1;Desaprobado
40612010-NEG400;2025-11-15;9;Aprobado
44726166-UX100;2025-11-15;3;Desaprobado
46155741-DAT101;2025-11-15;9;Aprobado
47430513-DAT305;2025-11-15;7;Aprobado
47556368-MKT200;2025-11-15;5;Aprobado
30060967-DEV101;2025-11-16;5;Aprobado
30713710-IA300;2025-11-16;10;Aprobado
31846283-IA300;2025-11-16;6;Aprobado
32339744-IA400;2025-11-16;2;Desaprobado
36534604-IA400;2025-11-16;3;Desaprobado
37606348-DAT201;2025-11-16;6;Aprobado
37918142-IA400;2025-11-16;7;Aprobado
39107282-IA400;2025-11-16;4;Aprobado
39919057-MKT200;2025-11-16;9;Aprobado
40531804-NEG400;2025-11-16;8;Aprobado
43711417-DAT101;2025-11-16;2;Desaprobado
45315237-DEV101;2025-11-16;4;Aprobado
45865176-UX100;2025-11-16;10;Aprobado
30060967-IA400;2025-11-17;2;Desaprobado
33229738-UX100;2025-11-17;5;Aprobado
35837738-DAT201;2025-11-17;1;Desaprobado
36040952-MKT200;2025-11-17;9;Aprobado
37606348-IA400;2025-11-17;9;Aprobado
38559625-GEN101;2025-11-17;1;Desaprobado
38936509-DAT101;2025-11-17;8;Aprobado
39068971-IA400;2025-11-17;6;Aprobado
40733106-DAT101;2025-11-17;6;Aprobado
40745106-NEG400;2025-11-17;1;Desaprobado
43624806-DAT101;2025-11-17;5;Aprobado
44118742-DAT101;2025-11-17;10;Aprobado
45539704-IA400;2025-11-17;2;Desaprobado
46890428-GEN101;2025-11-17;3;Desaprobado
30283834-DAT201;2025-11-18;1;Desaprobado
32935035-NEG400;2025-11-18;4;Aprobado
34577564-NEG400;2025-11-18;1;Desaprobado
35476879-DAT201;2025-11-18;2;Desaprobado
35720054-DEV101;2025-11-18;7;Aprobado
36331097-UX100;2025-11-18;3;Desaprobado
36349336-IA300;2025-11-18;3;Desaprobado
36745278-DAT101;2025-11-18;6;Aprobado
37679372-UX100;2025-11-18;8;Aprobado
38030283-DEV101;2025-11-18;2;Desaprobado
40228309-IA400;2025-11-18;4;Aprobado
40253163-GEN101;2025-11-18;1;Desaprobado
40606935-DAT305;2025-11-18;7;Aprobado
41016204-DAT305;2025-11-18;3;Desaprobado
43558573-GEN101;2025-11-18;10;Aprobado
43871165-MKT200;2025-11-18;4;Aprobado
44286872-NEG400;2025-11-18;4;Aprobado
45417367-IA400;2025-11-18;3;Desaprobado
45709038-DAT305;2025-11-18;3;Desaprobado
46026190-DAT305;2025-11-18;5;Aprobado
46377357-MKT200;2025-11-18;6;Aprobado
46398361-NEG400;2025-11-18;6;Aprobado
46649401-IA400;2025-11-18;4;Aprobado
47826221-DAT201;2025-11-18;10;Aprobado
31067946-MKT200;2025-11-19;5;Aprobado
37219780-UX100;2025-11-19;1;Desaprobado
37567816-DAT101;2025-11-19;10;Aprobado
38275238-DAT305;2025-11-19;2;Desaprobado
39765048-IA300;2025-11-19;10;Aprobado
43847977-DEV101;2025-11-19;3;Desaprobado
44726166-IA400;2025-11-19;6;Aprobado
45076705-DAT201;2025-11-19;9;Aprobado
46281181-IA400;2025-11-19;6;Aprobado
46669980-DAT201;2025-11-19;3;Desaprobado
47186211-GEN101;2025-11-19;7;Aprobado
31467025-NEG400;2025-11-20;4;Aprobado
31742344-DEV101;2025-11-20;1;Desaprobado
33247551-DAT101;2025-11-20;7;Aprobado
33641153-DEV101;2025-11-20;3;Desaprobado
35643961-DAT201;2025-11-20;5;Aprobado
38531146-DEV101;2025-11-20;7;Aprobado
40437078-MKT200;2025-11-20;2;Desaprobado
40833222-IA300;2025-11-20;5;Aprobado
41912939-MKT200;2025-11-20;1;Desaprobado
43331228-IA300;2025-11-20;6;Aprobado
44730308-DAT201;2025-11-20;7;Aprobado
45474619-DAT101;2025-11-20;10;Aprobado
46372785-DEV101;2025-11-20;10;Aprobado
47044309-MKT200;2025-11-20;4;Aprobado
47775711-IA300;2025-11-20;9;Aprobado
31547849-IA400;2025-11-21;4;Aprobado
32860968-MKT200;2025-11-21;7;Aprobado
33818954-NEG400;2025-11-21;2;Desaprobado
34223113-GEN101;2025-11-21;3;Desaprobado
35069582-DEV101;2025-11-21;9;Aprobado
36028849-NEG400;2025-11-21;9;Aprobado
38500035-DAT305;2025-11-21;1;Desaprobado
38964128-DAT305;2025-11-21;5;Aprobado
41661140-GEN101;2025-11-21;4;Aprobado
41833461-UX100;2025-11-21;10;Aprobado
44291013-IA300;2025-11-21;3;Desaprobado
44786123-DAT305;2025-11-21;5;Aprobado
47707678-UX100;2025-11-21;8;Aprobado
47983495-IA300;2025-11-21;3;Desaprobado
30483176-DAT305;2025-11-22;1;Desaprobado
33247551-DAT305;2025-11-22;2;Desaprobado
34531843-NEG400;2025-11-22;4;Aprobado
34923335-UX100;2025-11-22;10;Aprobado
37766757-IA300;2025-11-22;4;Aprobado
40045468-UX100;2025-11-22;9;Aprobado
40451762-GEN101;2025-11-22;6;Aprobado
41051648-DAT305;2025-11-22;6;Aprobado
43342517-GEN101;2025-11-22;10;Aprobado
46314784-DAT101;2025-11-22;8;Aprobado
31081090-NEG400;2025-11-23;6;Aprobado
31360651-IA400;2025-11-23;10;Aprobado
36971688-UX100;2025-11-23;8;Aprobado
37572605-NEG400;2025-11-23;4;Aprobado
40230385-DAT101;2025-11-23;8;Aprobado
43162851-IA400;2025-11-23;9;Aprobado
43174343-UX100;2025-11-23;8;Aprobado
44827801-DAT201;2025-11-23;6;Aprobado
45007686-DEV101;2025-11-23;4;Aprobado
45007686-GEN101;2025-11-23;6;Aprobado
45007686-IA400;2025-11-23;8;Aprobado
45066282-IA400;2025-11-23;3;Desaprobado
45291864-DAT201;2025-11-23;3;Desaprobado
45694620-UX100;2025-11-23;5;Aprobado
45838988-UX100;2025-11-23;4;Aprobado
46828583-DEV101;2025-11-23;1;Desaprobado
47649810-IA400;2025-11-23;10;Aprobado
30163309-DEV101;2025-11-24;3;Desaprobado
30382587-DAT101;2025-11-24;7;Aprobado
31445923-IA400;2025-11-24;10;Aprobado
31662806-DEV101;2025-11-24;3;Desaprobado
33582066-MKT200;2025-11-24;4;Aprobado
34318077-IA400;2025-11-24;4;Aprobado
35284612-UX100;2025-11-24;2;Desaprobado
35410565-UX100;2025-11-24;9;Aprobado
35667236-MKT200;2025-11-24;5;Aprobado
36600824-DAT305;2025-11-24;1;Desaprobado
37017626-NEG400;2025-11-24;4;Aprobado
38531146-NEG400;2025-11-24;4;Aprobado
39442545-IA400;2025-11-24;7;Aprobado
41213341-IA400;2025-11-24;4;Aprobado
41398180-DAT305;2025-11-24;8;Aprobado
43059176-NEG400;2025-11-24;5;Aprobado
43597806-GEN101;2025-11-24;2;Desaprobado
44998271-DAT101;2025-11-24;10;Aprobado
46708439-IA300;2025-11-24;3;Desaprobado
46892690-MKT200;2025-11-24;10;Aprobado
47206312-GEN101;2025-11-24;7;Aprobado
47817560-IA400;2025-11-24;5;Aprobado
30187041-NEG400;2025-11-25;9;Aprobado
30283834-IA400;2025-11-25;6;Aprobado
32705831-GEN101;2025-11-25;6;Aprobado
32911130-DEV101;2025-11-25;10;Aprobado
36028849-DAT101;2025-11-25;5;Aprobado
36257669-DAT305;2025-11-25;10;Aprobado
37458197-NEG400;2025-11-25;4;Aprobado
38531146-DAT305;2025-11-25;10;Aprobado
38967997-NEG400;2025-11-25;9;Aprobado
40253163-DEV101;2025-11-25;6;Aprobado
41785959-DAT101;2025-11-25;6;Aprobado
44284431-DEV101;2025-11-25;1;Desaprobado
45090752-DAT305;2025-11-25;10;Aprobado
45459710-MKT200;2025-11-25;10;Aprobado
45838988-MKT200;2025-11-25;3;Desaprobado
46024126-MKT200;2025-11-25;7;Aprobado
46860457-DAT201;2025-11-25;9;Aprobado
31864701-MKT200;2025-11-26;4;Aprobado
35407054-IA300;2025-11-26;5;Aprobado
35450908-DAT101;2025-11-26;8;Aprobado
37280564-UX100;2025-11-26;6;Aprobado
38040781-NEG400;2025-11-26;9;Aprobado
38393487-UX100;2025-11-26;3;Desaprobado
39796864-DAT101;2025-11-26;9;Aprobado
40333573-DAT101;2025-11-26;6;Aprobado
40437078-NEG400;2025-11-26;10;Aprobado
40762250-DAT305;2025-11-26;2;Desaprobado
41870584-IA400;2025-11-26;4;Aprobado
43537356-IA400;2025-11-26;3;Desaprobado
43679905-MKT200;2025-11-26;4;Aprobado
44651662-MKT200;2025-11-26;6;Aprobado
44998271-DEV101;2025-11-26;6;Aprobado
44998271-IA400;2025-11-26;4;Aprobado
46585675-DAT101;2025-11-26;7;Aprobado
30820105-DAT201;2025-11-27;5;Aprobado
31221480-IA400;2025-11-27;5;Aprobado
31278420-GEN101;2025-11-27;5;Aprobado
31528900-GEN101;2025-11-27;6;Aprobado
32170253-IA400;2025-11-27;5;Aprobado
33984071-DAT305;2025-11-27;7;Aprobado
35410565-IA400;2025-11-27;8;Aprobado
36331097-GEN101;2025-11-27;7;Aprobado
36594251-DAT201;2025-11-27;5;Aprobado
36992557-GEN101;2025-11-27;4;Aprobado
37098062-NEG400;2025-11-27;2;Desaprobado
38313159-MKT200;2025-11-27;8;Aprobado
40400092-DAT305;2025-11-27;6;Aprobado
43597806-DEV101;2025-11-27;6;Aprobado
44923903-NEG400;2025-11-27;8;Aprobado
44986230-IA400;2025-11-27;2;Desaprobado
45704555-MKT200;2025-11-27;8;Aprobado
45746833-DAT201;2025-11-27;8;Aprobado
46040721-DAT101;2025-11-27;3;Desaprobado
46271176-MKT200;2025-11-27;6;Aprobado
30125745-UX100;2025-11-28;6;Aprobado
30766010-IA400;2025-11-28;3;Desaprobado
30858543-GEN101;2025-11-28;1;Desaprobado
31020972-NEG400;2025-11-28;4;Aprobado
31492591-DAT101;2025-11-28;4;Aprobado
31961540-IA400;2025-11-28;3;Desaprobado
32451951-NEG400;2025-11-28;5;Aprobado
32839194-IA400;2025-11-28;9;Aprobado
33333250-IA400;2025-11-28;3;Desaprobado
33962182-GEN101;2025-11-28;10;Aprobado
33984071-UX100;2025-11-28;2;Desaprobado
36701529-UX100;2025-11-28;4;Aprobado
38794221-DAT305;2025-11-28;7;Aprobado
41016204-MKT200;2025-11-28;9;Aprobado
41234886-MKT200;2025-11-28;10;Aprobado
41671067-DAT201;2025-11-28;9;Aprobado
43671566-DAT305;2025-11-28;8;Aprobado
43871165-DAT101;2025-11-28;7;Aprobado
43889224-DAT305;2025-11-28;1;Desaprobado
44216431-GEN101;2025-11-28;7;Aprobado
44811354-MKT200;2025-11-28;4;Aprobado
45474619-DAT201;2025-11-28;6;Aprobado
46170762-MKT200;2025-11-28;10;Aprobado
47678899-GEN101;2025-11-28;3;Desaprobado
47762723-MKT200;2025-11-28;10;Aprobado
33247551-IA300;2025-11-29;6;Aprobado
34316765-GEN101;2025-11-29;6;Aprobado
37596799-DAT101;2025-11-29;3;Desaprobado
37981847-UX100;2025-11-29;8;Aprobado
39160706-MKT200;2025-11-29;5;Aprobado
39195104-GEN101;2025-11-29;10;Aprobado
39996815-IA400;2025-11-29;5;Aprobado
41289442-IA400;2025-11-29;10;Aprobado
44343339-MKT200;2025-11-29;4;Aprobado
46858102-DAT101;2025-11-29;10;Aprobado
47162613-DAT201;2025-11-29;4;Aprobado
30958838-DEV101;2025-11-30;7;Aprobado
31748817-GEN101;2025-11-30;9;Aprobado
32130223-IA300;2025-11-30;3;Desaprobado
32997790-DAT201;2025-11-30;7;Aprobado
33397920-DAT101;2025-11-30;4;Aprobado
33594873-DAT305;2025-11-30;8;Aprobado
34057124-IA400;2025-11-30;7;Aprobado
34341037-MKT200;2025-11-30;8;Aprobado
34873483-GEN101;2025-11-30;3;Desaprobado
35147199-NEG400;2025-11-30;6;Aprobado
36583358-GEN101;2025-11-30;3;Desaprobado
37131375-MKT200;2025-11-30;9;Aprobado
37351522-GEN101;2025-11-30;2;Desaprobado
37725025-IA300;2025-11-30;2;Desaprobado
38040781-DAT305;2025-11-30;10;Aprobado
38310176-MKT200;2025-11-30;1;Desaprobado
41626422-GEN101;2025-11-30;2;Desaprobado
43744263-DAT305;2025-11-30;5;Aprobado
44064200-DAT305;2025-11-30;6;Aprobado
44343339-DAT101;2025-11-30;7;Aprobado
44343339-IA400;2025-11-30;1;Desaprobado
46860457-NEG400;2025-11-30;1;Desaprobado
47186211-GEN101;2025-11-30;4;Aprobado
30187041-IA400;2025-12-01;8;Aprobado
32821847-NEG400;2025-12-01;2;Desaprobado
35683885-MKT200;2025-12-01;8;Aprobado
37039481-GEN101;2025-12-01;5;Aprobado
37763133-GEN101;2025-12-01;9;Aprobado
38393487-NEG400;2025-12-01;10;Aprobado
39040140-IA400;2025-12-01;6;Aprobado
39255922-MKT200;2025-12-01;1;Desaprobado
39820530-DAT305;2025-12-01;2;Desaprobado
41016204-IA400;2025-12-01;8;Aprobado
43399661-IA300;2025-12-01;1;Desaprobado
43506692-DAT305;2025-12-01;8;Aprobado
44111228-IA300;2025-12-01;7;Aprobado
44442488-IA400;2025-12-01;3;Desaprobado
44454123-IA400;2025-12-01;3;Desaprobado
47731681-GEN101;2025-12-01;9;Aprobado
30271801-UX100;2025-12-02;9;Aprobado
30362736-DAT101;2025-12-02;8;Aprobado
30506698-DAT201;2025-12-02;4;Aprobado
31510273-IA400;2025-12-02;4;Aprobado
31528900-DEV101;2025-12-02;1;Desaprobado
31662806-GEN101;2025-12-02;2;Desaprobado
32550613-IA300;2025-12-02;3;Desaprobado
33818954-GEN101;2025-12-02;6;Aprobado
34353357-IA300;2025-12-02;3;Desaprobado
34785335-DEV101;2025-12-02;8;Aprobado
35419862-DAT101;2025-12-02;4;Aprobado
36996781-GEN101;2025-12-02;4;Aprobado
38452657-GEN101;2025-12-02;4;Aprobado
38714246-MKT200;2025-12-02;3;Desaprobado
39220415-DAT305;2025-12-02;3;Desaprobado
41396027-DAT305;2025-12-02;2;Desaprobado
41782307-MKT200;2025-12-02;6;Aprobado
41907942-IA400;2025-12-02;3;Desaprobado
43542829-MKT200;2025-12-02;4;Aprobado
43624314-DAT101;2025-12-02;6;Aprobado
43711417-UX100;2025-12-02;6;Aprobado
44488443-DAT101;2025-12-02;10;Aprobado
45041443-DAT201;2025-12-02;3;Desaprobado
46698472-DEV101;2025-12-02;3;Desaprobado
47221206-GEN101;2025-12-02;5;Aprobado
47993064-DAT201;2025-12-02;3;Desaprobado
30020248-UX100;2025-12-03;8;Aprobado
30416964-IA300;2025-12-03;8;Aprobado
30674136-IA400;2025-12-03;4;Aprobado
32860968-IA400;2025-12-03;9;Aprobado
34793173-DAT201;2025-12-03;1;Desaprobado
35038799-DEV101;2025-12-03;2;Desaprobado
35199789-IA400;2025-12-03;4;Aprobado
35207049-DEV101;2025-12-03;2;Desaprobado
41626422-DAT305;2025-12-03;4;Aprobado
41815317-DAT305;2025-12-03;3;Desaprobado
44965151-GEN101;2025-12-03;8;Aprobado
45499218-MKT200;2025-12-03;1;Desaprobado
46271176-NEG400;2025-12-03;6;Aprobado
31531992-DEV101;2025-12-04;4;Aprobado
32581169-GEN101;2025-12-04;4;Aprobado
32816822-IA400;2025-12-04;3;Desaprobado
32965831-IA300;2025-12-04;10;Aprobado
33084765-DAT101;2025-12-04;2;Desaprobado
33614240-DAT201;2025-12-04;8;Aprobado
35115152-IA300;2025-12-04;9;Aprobado
35330350-NEG400;2025-12-04;1;Desaprobado
36992557-DAT305;2025-12-04;1;Desaprobado
40102789-DAT305;2025-12-04;5;Aprobado
43678310-UX100;2025-12-04;5;Aprobado
44544802-DAT305;2025-12-04;1;Desaprobado
45177328-DAT305;2025-12-04;3;Desaprobado
45694620-NEG400;2025-12-04;1;Desaprobado
45865176-DAT201;2025-12-04;8;Aprobado
46435125-GEN101;2025-12-04;7;Aprobado
47864391-IA400;2025-12-04;1;Desaprobado
30377321-DAT305;2025-12-05;5;Aprobado
31528064-DAT201;2025-12-05;4;Aprobado
32031851-IA300;2025-12-05;8;Aprobado
32171676-NEG400;2025-12-05;2;Desaprobado
33641153-UX100;2025-12-05;9;Aprobado
34355689-DAT305;2025-12-05;2;Desaprobado
35532629-DAT201;2025-12-05;9;Aprobado
39107282-UX100;2025-12-05;4;Aprobado
41083641-MKT200;2025-12-05;7;Aprobado
41213341-MKT200;2025-12-05;6;Aprobado
43059176-DEV101;2025-12-05;8;Aprobado
43991288-MKT200;2025-12-05;5;Aprobado
44415606-DAT201;2025-12-05;8;Aprobado
44488443-DAT101;2025-12-05;5;Aprobado
45225711-DEV101;2025-12-05;9;Aprobado
46833655-NEG400;2025-12-05;10;Aprobado
31081090-DAT201;2025-12-06;10;Aprobado
31898350-GEN101;2025-12-06;9;Aprobado
33229738-GEN101;2025-12-06;2;Desaprobado
33816707-DAT305;2025-12-06;9;Aprobado
33818954-DAT305;2025-12-06;8;Aprobado
34729179-IA400;2025-12-06;5;Aprobado
35115152-DEV101;2025-12-06;3;Desaprobado
35419862-IA400;2025-12-06;4;Aprobado
36510557-UX100;2025-12-06;5;Aprobado
37584867-DAT101;2025-12-06;10;Aprobado
39255922-IA300;2025-12-06;7;Aprobado
39278348-DEV101;2025-12-06;2;Desaprobado
39442545-DAT201;2025-12-06;3;Desaprobado
40235116-NEG400;2025-12-06;8;Aprobado
40269989-DAT305;2025-12-06;6;Aprobado
41006133-DEV101;2025-12-06;1;Desaprobado
41785959-DAT305;2025-12-06;6;Aprobado
43558573-NEG400;2025-12-06;3;Desaprobado
44820591-NEG400;2025-12-06;5;Aprobado
45709038-UX100;2025-12-06;7;Aprobado
46564562-DAT201;2025-12-06;1;Desaprobado
46585675-UX100;2025-12-06;8;Aprobado
46828583-NEG400;2025-12-06;2;Desaprobado
47044309-IA400;2025-12-06;3;Desaprobado
47163691-NEG400;2025-12-06;5;Aprobado
47206312-GEN101;2025-12-06;9;Aprobado
47217063-GEN101;2025-12-06;7;Aprobado
47404191-DAT201;2025-12-06;3;Desaprobado
47762723-DAT201;2025-12-06;6;Aprobado
47906696-GEN101;2025-12-06;6;Aprobado
30958838-DAT305;2025-12-07;9;Aprobado
32166416-IA300;2025-12-07;6;Aprobado
32805911-UX100;2025-12-07;3;Desaprobado
33641153-IA300;2025-12-07;10;Aprobado
34888999-DAT101;2025-12-07;9;Aprobado
37952540-MKT200;2025-12-07;3;Desaprobado
40401825-DAT305;2025-12-07;5;Aprobado
40531804-DEV101;2025-12-07;8;Aprobado
41006133-NEG400;2025-12-07;6;Aprobado
43331228-NEG400;2025-12-07;10;Aprobado
44488443-IA300;2025-12-07;4;Aprobado
45619097-UX100;2025-12-07;9;Aprobado
45838988-DAT305;2025-12-07;4;Aprobado
46411752-IA300;2025-12-07;2;Desaprobado
46890428-IA300;2025-12-07;7;Aprobado
30163309-GEN101;2025-12-08;5;Aprobado
30703214-DAT305;2025-12-08;4;Aprobado
31803019-IA300;2025-12-08;2;Desaprobado
32658531-GEN101;2025-12-08;1;Desaprobado
32839404-DEV101;2025-12-08;2;Desaprobado
33143242-IA300;2025-12-08;8;Aprobado
35470566-DEV101;2025-12-08;7;Aprobado
35470566-NEG400;2025-12-08;9;Aprobado
36848058-DAT305;2025-12-08;1;Desaprobado
38030283-DEV101;2025-12-08;7;Aprobado
39107282-UX100;2025-12-08;10;Aprobado
39412125-IA300;2025-12-08;4;Aprobado
40204911-DAT305;2025-12-08;5;Aprobado
40756585-IA400;2025-12-08;2;Desaprobado
41337962-DAT101;2025-12-08;1;Desaprobado
41398180-NEG400;2025-12-08;9;Aprobado
44176621-NEG400;2025-12-08;7;Aprobado
44754301-DAT101;2025-12-08;2;Desaprobado
44786123-DAT101;2025-12-08;1;Desaprobado
46518516-GEN101;2025-12-08;8;Aprobado
46538783-MKT200;2025-12-08;2;Desaprobado
32108581-NEG400;2025-12-09;10;Aprobado
32318137-NEG400;2025-12-09;7;Aprobado
33088513-UX100;2025-12-09;3;Desaprobado
33816707-UX100;2025-12-09;7;Aprobado
35383408-MKT200;2025-12-09;10;Aprobado
37039481-IA400;2025-12-09;2;Desaprobado
41671067-DEV101;2025-12-09;3;Desaprobado
43174343-UX100;2025-12-09;10;Aprobado
43744263-DAT101;2025-12-09;8;Aprobado
43889224-NEG400;2025-12-09;2;Desaprobado
44242960-DAT101;2025-12-09;3;Desaprobado
44407218-DAT305;2025-12-09;6;Aprobado
44488443-UX100;2025-12-09;4;Aprobado
46263687-GEN101;2025-12-09;3;Desaprobado
46833655-GEN101;2025-12-09;1;Desaprobado
47206312-MKT200;2025-12-09;6;Aprobado
31076430-MKT200;2025-12-10;2;Desaprobado
32201924-DAT201;2025-12-10;9;Aprobado
33084765-DAT201;2025-12-10;9;Aprobado
33229738-NEG400;2025-12-10;4;Aprobado
35844073-DAT201;2025-12-10;2;Desaprobado
36156003-DAT101;2025-12-10;3;Desaprobado
37286941-DAT201;2025-12-10;2;Desaprobado
37981847-DEV101;2025-12-10;2;Desaprobado
38773709-DAT201;2025-12-10;5;Aprobado
40116733-IA300;2025-12-10;4;Aprobado
40989234-IA300;2025-12-10;9;Aprobado
43605753-DAT101;2025-12-10;5;Aprobado
45153061-UX100;2025-12-10;4;Aprobado
45311516-MKT200;2025-12-10;6;Aprobado
46382860-UX100;2025-12-10;9;Aprobado
32451951-GEN101;2025-12-11;2;Desaprobado
33614240-GEN101;2025-12-11;8;Aprobado
35310111-NEG400;2025-12-11;6;Aprobado
37527174-IA400;2025-12-11;9;Aprobado
39407484-IA400;2025-12-11;10;Aprobado
39733145-DAT201;2025-12-11;6;Aprobado
41023707-NEG400;2025-12-11;6;Aprobado
41671067-DAT201;2025-12-11;8;Aprobado
41782307-DAT305;2025-12-11;9;Aprobado
44284431-IA300;2025-12-11;2;Desaprobado
46193548-DAT305;2025-12-11;1;Desaprobado
30205757-DAT201;2025-12-12;4;Aprobado
31206140-GEN101;2025-12-12;5;Aprobado
33191684-DEV101;2025-12-12;4;Aprobado
35054932-IA400;2025-12-12;2;Desaprobado
38417833-DEV101;2025-12-12;6;Aprobado
40774819-DEV101;2025-12-12;9;Aprobado
40998609-DAT101;2025-12-12;5;Aprobado
43254348-GEN101;2025-12-12;9;Aprobado
43281049-GEN101;2025-12-12;3;Desaprobado
46649401-GEN101;2025-12-12;6;Aprobado
46780927-DEV101;2025-12-12;8;Aprobado
47817560-IA300;2025-12-12;2;Desaprobado
47983613-DAT101;2025-12-12;9;Aprobado
30395149-MKT200;2025-12-13;9;Aprobado
30649167-MKT200;2025-12-13;3;Desaprobado
31136038-DAT305;2025-12-13;5;Aprobado
31662806-IA300;2025-12-13;3;Desaprobado
32099939-NEG400;2025-12-13;7;Aprobado
32986537-NEG400;2025-12-13;10;Aprobado
33792064-IA400;2025-12-13;2;Desaprobado
33818954-UX100;2025-12-13;9;Aprobado
34294158-GEN101;2025-12-13;2;Desaprobado
34411929-DAT101;2025-12-13;8;Aprobado
38589344-DAT101;2025-12-13;3;Desaprobado
39473672-DEV101;2025-12-13;3;Desaprobado
43399661-DAT101;2025-12-13;4;Aprobado
43831919-NEG400;2025-12-13;5;Aprobado
44492127-DAT101;2025-12-13;8;Aprobado
45679679-GEN101;2025-12-13;8;Aprobado
46637531-DAT101;2025-12-13;2;Desaprobado
46965600-NEG400;2025-12-13;8;Aprobado
47969954-DAT201;2025-12-13;4;Aprobado
30677244-DEV101;2025-12-14;6;Aprobado
31748817-DEV101;2025-12-14;9;Aprobado
32171676-IA300;2025-12-14;1;Desaprobado
33568791-GEN101;2025-12-14;5;Aprobado
33714793-IA300;2025-12-14;8;Aprobado
34148661-IA300;2025-12-14;1;Desaprobado
34627342-DAT101;2025-12-14;2;Desaprobado
35218002-UX100;2025-12-14;1;Desaprobado
35643961-IA400;2025-12-14;2;Desaprobado
36848058-GEN101;2025-12-14;5;Aprobado
37351522-DAT201;2025-12-14;5;Aprobado
38955588-MKT200;2025-12-14;4;Aprobado
39820530-IA300;2025-12-14;1;Desaprobado
40283838-DAT305;2025-12-14;3;Desaprobado
41818271-DEV101;2025-12-14;5;Aprobado
43276053-NEG400;2025-12-14;10;Aprobado
44811661-DAT201;2025-12-14;1;Desaprobado
44827801-DAT101;2025-12-14;10;Aprobado
47199896-NEG400;2025-12-14;10;Aprobado
47906696-GEN101;2025-12-14;10;Aprobado
30430162-MKT200;2025-12-15;10;Aprobado
30789190-GEN101;2025-12-15;9;Aprobado
31355414-GEN101;2025-12-15;9;Aprobado
31485455-GEN101;2025-12-15;3;Desaprobado
32966903-UX100;2025-12-15;2;Desaprobado
33507272-DEV101;2025-12-15;1;Desaprobado
33610212-UX100;2025-12-15;5;Aprobado
33742338-DEV101;2025-12-15;4;Aprobado
37119833-MKT200;2025-12-15;4;Aprobado
38964128-IA300;2025-12-15;6;Aprobado
39752062-IA400;2025-12-15;6;Aprobado
40916647-DAT201;2025-12-15;9;Aprobado
43521267-GEN101;2025-12-15;3;Desaprobado
43605753-IA400;2025-12-15;10;Aprobado
44182964-DAT201;2025-12-15;4;Aprobado
44224033-NEG400;2025-12-15;2;Desaprobado
44381082-DAT305;2025-12-15;10;Aprobado
44442488-NEG400;2025-12-15;2;Desaprobado
44904960-IA300;2025-12-15;9;Aprobado
45066439-IA300;2025-12-15;1;Desaprobado
45177328-DEV101;2025-12-15;6;Aprobado
45225711-IA400;2025-12-15;5;Aprobado
46909132-DEV101;2025-12-15;2;Desaprobado
47103537-UX100;2025-12-15;6;Aprobado
30381511-UX100;2025-12-16;7;Aprobado
30382587-DEV101;2025-12-16;9;Aprobado
30394856-IA300;2025-12-16;3;Desaprobado
30781172-DAT101;2025-12-16;5;Aprobado
31898350-IA300;2025-12-16;5;Aprobado
31961540-DEV101;2025-12-16;2;Desaprobado
32480780-DAT305;2025-12-16;2;Desaprobado
32805911-DAT101;2025-12-16;3;Desaprobado
33127447-DAT305;2025-12-16;5;Aprobado
35809204-DAT305;2025-12-16;5;Aprobado
36304118-MKT200;2025-12-16;10;Aprobado
38622475-DAT101;2025-12-16;8;Aprobado
38869750-DAT305;2025-12-16;5;Aprobado
40967959-NEG400;2025-12-16;1;Desaprobado
45417606-GEN101;2025-12-16;10;Aprobado
45709038-GEN101;2025-12-16;7;Aprobado
47983495-GEN101;2025-12-16;1;Desaprobado
30186819-GEN101;2025-12-17;5;Aprobado
30283080-DEV101;2025-12-17;1;Desaprobado
30851248-MKT200;2025-12-17;3;Desaprobado
31349203-NEG400;2025-12-17;7;Aprobado
32860968-GEN101;2025-12-17;1;Desaprobado
33320861-DAT305;2025-12-17;7;Aprobado
33984071-GEN101;2025-12-17;1;Desaprobado
34935270-MKT200;2025-12-17;3;Desaprobado
37840610-MKT200;2025-12-17;1;Desaprobado
37918142-DAT101;2025-12-17;4;Aprobado
40989234-DAT305;2025-12-17;5;Aprobado
41904080-DAT305;2025-12-17;7;Aprobado
45150526-GEN101;2025-12-17;2;Desaprobado
45847470-DAT305;2025-12-17;6;Aprobado
46860457-MKT200;2025-12-17;7;Aprobado
47969954-DAT201;2025-12-17;6;Aprobado
30283080-DAT101;2025-12-18;3;Desaprobado
31177427-DAT305;2025-12-18;10;Aprobado
31181222-UX100;2025-12-18;2;Desaprobado
31528900-DAT101;2025-12-18;3;Desaprobado
33594873-DAT101;2025-12-18;3;Desaprobado
34290854-GEN101;2025-12-18;3;Desaprobado
34364066-IA300;2025-12-18;9;Aprobado
35077928-MKT200;2025-12-18;10;Aprobado
35470566-DEV101;2025-12-18;10;Aprobado
38531623-DEV101;2025-12-18;4;Aprobado
39579172-DAT305;2025-12-18;9;Aprobado
39961417-UX100;2025-12-18;8;Aprobado
40287807-DAT305;2025-12-18;9;Aprobado
40287807-MKT200;2025-12-18;3;Desaprobado
43624806-MKT200;2025-12-18;5;Aprobado
44111228-IA400;2025-12-18;7;Aprobado
45041476-IA400;2025-12-18;2;Desaprobado
45563814-IA400;2025-12-18;7;Aprobado
45890411-DAT305;2025-12-18;4;Aprobado
46920666-MKT200;2025-12-18;5;Aprobado
47022459-DAT101;2025-12-18;4;Aprobado
47678899-UX100;2025-12-18;10;Aprobado
30064860-DAT101;2025-12-19;6;Aprobado
30271801-GEN101;2025-12-19;5;Aprobado
30483176-DAT305;2025-12-19;10;Aprobado
32139544-DAT201;2025-12-19;5;Aprobado
32986537-DAT305;2025-12-19;7;Aprobado
35033683-NEG400;2025-12-19;1;Desaprobado
36542829-IA400;2025-12-19;2;Desaprobado
37335497-IA300;2025-12-19;10;Aprobado
37679372-MKT200;2025-12-19;3;Desaprobado
39231072-GEN101;2025-12-19;10;Aprobado
39996815-NEG400;2025-12-19;3;Desaprobado
40950154-DAT305;2025-12-19;8;Aprobado
41641503-DEV101;2025-12-19;9;Aprobado
43344838-DAT101;2025-12-19;7;Aprobado
43492230-DAT201;2025-12-19;1;Desaprobado
44264848-DAT201;2025-12-19;5;Aprobado
44512365-GEN101;2025-12-19;8;Aprobado
44512365-UX100;2025-12-19;10;Aprobado
45488677-GEN101;2025-12-19;2;Desaprobado
46775879-DAT201;2025-12-19;6;Aprobado
