Fecha_Examen,Nombre,Apellido,DNI,Email,Telefono,Codigo_Materia,Nombre_Materia,Nota,Estado
2025-03-01,Bautista,Fernandez,34223113,bautista.fernandez@gmail.com,+54 9 3145 4593,IA-400,Deep Learning Aplicado,8,Aprobado
2025-03-01,Salvador,Ramos,41907942,salvador.ramos@gmail.com,+54 9 3774 3820,NEG-400,Liderazgo y Negociación,1,Desaprobado
2025-03-01,Juana,Rodriguez,31153469,juana.rodriguez@gmail.com,+54 9 3804 8052,UX-100,Diseño de Experiencia de Usuario,7,Aprobado
2025-03-01,Mia Morena,Fernandez,36511898,mia morena.fernandez@gmail.com,+54 9 3793 6933,DAT-305,Big Data & Cloud,10,Aprobado
2025-03-01,Martín,Castillo,44383216,martín.castillo25@outlook.com,+54 15 2578 1165,UX-100,Diseño de Experiencia de Usuario,7,Aprobado
2025-03-01,Sofía,Acosta,40284355,sofía.acosta@gmail.com,+54 9 3691 9391,NEG-400,Liderazgo y Negociación,4,Aprobado
2025-03-01,Malena,Diaz,46410216,malena.diaz25@outlook.com,+54 9 3383 2231,GEN-101,Ética y Tecnología,2,Desaprobado
2025-03-01,Tiziano Valentin,Miranda,44844263,tiziano valentin.miranda25@outlook.com,+54 15 2617 4221,UX-100,Diseño de Experiencia de Usuario,7,Aprobado
2025-03-01,Lautaro Nicolas,Aguero,40833222,lautaro nicolas.aguero@gmail.com,+54 9 3416 4586,DAT-305,Big Data & Cloud,2,Desaprobado
2025-03-01,Ignacio,Torres,40852091,ignacio.torres@gmail.com,+54 9 3481 9334,DAT-305,Big Data & Cloud,10,Aprobado
2025-03-01,Isabella,Roldan,43342517,isabella.roldan25@outlook.com,+54 15 2118 4040,DAT-305,Big Data & Cloud,8,Aprobado
2025-03-01,Benjamin Alejandro,Morales,44730308,benjamin alejandro.morales25@outlook.com,+54 9 3420 3298,NEG-400,Liderazgo y Negociación,3,Desaprobado
2025-03-01,Benjamin,Rodriguez,44445238,benjamin.rodriguez25@outlook.com,+54 9 3308 8552,DAT-101,Introducción a los Datos,1,Desaprobado
2025-03-01,Josefina,Gonzalez,40269989,josefina.gonzalez@gmail.com,+54 15 2375 8291,DAT-201,Estadística Avanzada,1,Desaprobado
2025-03-01,Mateo,Ortiz,30277884,mateo.ortiz@gmail.com,+54 15 2204 5454,MKT-200,Marketing de Contenidos,3,Desaprobado
2025-03-01,Zoe Valentina,Molina,35310111,zoe valentina.molina@gmail.com,+54 9 3792 5384,DAT-305,Big Data & Cloud,8,Aprobado
2025-03-01,Valentino,Morales,33362152,valentino.morales@gmail.com,+54 9 3973 5775,DAT-201,Estadística Avanzada,4,Aprobado
2025-03-01,Valentina,Mendez,40204911,valentina.mendez@gmail.com,+54 9 3144 8911,DEV-101,Algoritmos I,9,Aprobado
2025-03-01,Catalina,Mendoza,47320705,catalina.mendoza25@outlook.com,+54 9 3256 8036,NEG-400,Liderazgo y Negociación,9,Aprobado
2025-03-01,Lautaro Benjamin,Gomez,44724307,lautaro benjamin.gomez25@outlook.com,+54 15 2212 5434,DAT-101,Introducción a los Datos,8,Aprobado
2025-03-01,Ignacio,Martinez,41016204,ignacio.martinez@gmail.com,+54 9 3892 3689,DAT-305,Big Data & Cloud,9,Aprobado
2025-03-01,Juana,Rios,32844429,juana.rios@gmail.com,+54 15 2482 5721,DAT-305,Big Data & Cloud,1,Desaprobado
2025-03-02,Zoe,Fernandez,44286872,zoe.fernandez25@outlook.com,+54 9 3358 4498,GEN-101,Ética y Tecnología,1,Desaprobado
2025-03-02,Zoe Valentina,Martinez,37090862,zoe valentina.martinez@gmail.com,+54 9 3331 0799,DAT-201,Estadística Avanzada,1,Desaprobado
2025-03-02,Thiago Gabriel,Vazquez,32027618,thiago gabriel.vazquez@gmail.com,+54 9 3179 5999,GEN-101,Ética y Tecnología,6,Aprobado
2025-03-02,Joaquín,Gonzalez,45280236,joaquín.gonzalez25@outlook.com,+54 15 2698 8228,DEV-101,Algoritmos I,9,Aprobado
2025-03-02,Joaquina,Martinez,30224289,joaquina.martinez@gmail.com,+54 9 3874 8796,MKT-200,Marketing de Contenidos,10,Aprobado
2025-03-02,Francisco,Ferreyra,40437078,francisco.ferreyra@gmail.com,+54 9 3985 4160,DAT-101,Introducción a los Datos,1,Desaprobado
2025-03-02,Santiago,Morales,30808375,santiago.morales@gmail.com,+54 9 3713 2441,UX-100,Diseño de Experiencia de Usuario,5,Aprobado
2025-03-02,Bautista,Fernandez,34223113,bautista.fernandez@gmail.com,+54 9 3145 4593,DAT-101,Introducción a los Datos,3,Desaprobado
2025-03-02,Ambar,Gutierrez,37412229,ambar.gutierrez@gmail.com,+54 9 3508 8909,IA-400,Deep Learning Aplicado,3,Desaprobado
2025-03-02,Maria Emilia,Benitez,33697024,maria emilia.benitez@gmail.com,+54 9 3968 9826,MKT-200,Marketing de Contenidos,8,Aprobado
2025-03-02,Juan Bautista,Cardozo,30520054,juan bautista.cardozo@gmail.com,+54 15 2531 1496,DEV-101,Algoritmos I,7,Aprobado
2025-03-02,Catalina,Gonzalez,35077928,catalina.gonzalez@gmail.com,+54 9 3275 8507,IA-400,Deep Learning Aplicado,6,Aprobado
2025-03-02,Bruno,Rodriguez,44343339,bruno.rodriguez25@outlook.com,+54 15 2462 5981,DAT-201,Estadística Avanzada,5,Aprobado
2025-03-03,Facundo,Medina,43729856,facundo.medina25@outlook.com,+54 15 2341 9750,NEG-400,Liderazgo y Negociación,2,Desaprobado
2025-03-03,Benjamin,Ortiz,31445923,benjamin.ortiz@gmail.com,+54 9 3491 8793,IA-300,Redes Neuronales,10,Aprobado
2025-03-03,Tiziano Valentin,Caceres,38405437,tiziano valentin.caceres@gmail.com,+54 15 2451 0969,IA-300,Redes Neuronales,2,Desaprobado
2025-03-03,Santiago,Diaz,46585675,santiago.diaz25@outlook.com,+54 15 2586 5948,IA-300,Redes Neuronales,4,Aprobado
2025-03-03,Felipe,Fernandez,40235116,felipe.fernandez@gmail.com,+54 9 3491 3591,DAT-201,Estadística Avanzada,6,Aprobado
2025-03-03,Lorenzo,Olivera,31221480,lorenzo.olivera@gmail.com,+54 9 3530 8326,IA-400,Deep Learning Aplicado,3,Desaprobado
2025-03-03,Isabella,Alvarez,40104822,isabella.alvarez@gmail.com,+54 15 2545 8644,MKT-200,Marketing de Contenidos,8,Aprobado
2025-03-03,Juan Gabriel,Miranda,37639684,juan gabriel.miranda@gmail.com,+54 15 2895 6357,DAT-305,Big Data & Cloud,1,Desaprobado
2025-03-03,Felipe,Ledesma,33800391,felipe.ledesma@gmail.com,+54 9 3704 9628,IA-300,Redes Neuronales,5,Aprobado
2025-03-03,Lorenzo,Luna,44415606,lorenzo.luna25@outlook.com,+54 9 3621 2073,GEN-101,Ética y Tecnología,1,Desaprobado
2025-03-03,Vicente,Gonzalez,31136038,vicente.gonzalez@gmail.com,+54 15 2971 1423,DAT-201,Estadística Avanzada,5,Aprobado
2025-03-03,Julieta,Alvarez,32459600,julieta.alvarez@gmail.com,+54 9 3170 3456,DAT-101,Introducción a los Datos,9,Aprobado
2025-03-03,Jeremias,Figueroa,33568791,jeremias.figueroa@gmail.com,+54 15 2577 0480,IA-300,Redes Neuronales,4,Aprobado
2025-03-03,Agustín,Vargas,43507384,agustín.vargas25@outlook.com,+54 9 3327 7831,DAT-101,Introducción a los Datos,7,Aprobado
2025-03-03,Valentino,Paz,32604998,valentino.paz@gmail.com,+54 15 2165 0154,IA-400,Deep Learning Aplicado,1,Desaprobado
2025-03-04,Valentino,Cabrera,44544802,valentino.cabrera25@outlook.com,+54 15 2156 5497,IA-300,Redes Neuronales,7,Aprobado
2025-03-04,Maximo,Romero,33418893,maximo.romero@gmail.com,+54 15 2655 6620,GEN-101,Ética y Tecnología,6,Aprobado
2025-03-04,Ana Paula,Hernandez,33201122,ana paula.hernandez@gmail.com,+54 9 3117 9767,DAT-101,Introducción a los Datos,1,Desaprobado
2025-03-04,Tiziano,Gomez,33792064,tiziano.gomez@gmail.com,+54 15 2343 7952,DAT-101,Introducción a los Datos,9,Aprobado
2025-03-04,Angel Gabriel,Diaz,31786305,angel gabriel.diaz@gmail.com,+54 9 3746 8800,NEG-400,Liderazgo y Negociación,2,Desaprobado
2025-03-04,Micaela,Rodriguez,43678310,micaela.rodriguez25@outlook.com,+54 9 3700 6729,DAT-305,Big Data & Cloud,10,Aprobado
2025-03-04,Lourdes,Correa,43690930,lourdes.correa25@outlook.com,+54 9 3569 7113,DAT-101,Introducción a los Datos,9,Aprobado
2025-03-04,Francisco,Nuñez,31221561,francisco.nuñez@gmail.com,+54 15 2303 8793,GEN-101,Ética y Tecnología,9,Aprobado
2025-03-04,Priscila,Muñoz,47731681,priscila.muñoz25@outlook.com,+54 9 3757 5948,DAT-305,Big Data & Cloud,1,Desaprobado
2025-03-04,Ignacio,Martinez,41016204,ignacio.martinez@gmail.com,+54 9 3892 3689,UX-100,Diseño de Experiencia de Usuario,6,Aprobado
2025-03-04,Thiago Benjamin,Castillo,37799625,thiago benjamin.castillo@gmail.com,+54 15 2976 0796,DEV-101,Algoritmos I,3,Desaprobado
2025-03-04,Martina,Lopez,46890428,martina.lopez25@outlook.com,+54 15 2191 0910,DEV-101,Algoritmos I,9,Aprobado
2025-03-04,Alma,Sanchez,34316765,alma.sanchez@gmail.com,+54 15 2426 3934,DAT-305,Big Data & Cloud,4,Aprobado
2025-03-04,Santino,Acosta,32935035,santino.acosta@gmail.com,+54 9 3106 9475,DAT-101,Introducción a los Datos,7,Aprobado
2025-03-04,Juan Sebastian,Fernandez,44190336,juan sebastian.fernandez25@outlook.com,+54 15 2892 9959,DAT-305,Big Data & Cloud,9,Aprobado
2025-03-05,Santino,Gonzalez,40175984,santino.gonzalez@gmail.com,+54 15 2323 4216,IA-400,Deep Learning Aplicado,9,Aprobado
2025-03-05,Tomàs,Soria,31239788,tomàs.soria@gmail.com,+54 15 2906 2250,DEV-101,Algoritmos I,3,Desaprobado
2025-03-05,Tiziana,Fernandez,30674136,tiziana.fernandez@gmail.com,+54 9 3122 2104,NEG-400,Liderazgo y Negociación,10,Aprobado
2025-03-05,Thiago Leonel,Lopez,44197978,thiago leonel.lopez25@outlook.com,+54 15 2665 4161,IA-400,Deep Learning Aplicado,3,Desaprobado
2025-03-05,Faustino,Gomez,45663240,faustino.gomez25@outlook.com,+54 15 2408 2797,GEN-101,Ética y Tecnología,9,Aprobado
2025-03-05,Tomas,Leiva,36996781,tomas.leiva@gmail.com,+54 15 2713 1844,IA-400,Deep Learning Aplicado,9,Aprobado
2025-03-05,Pilar,Gonzalez,33518284,pilar.gonzalez@gmail.com,+54 9 3439 1905,DAT-201,Estadística Avanzada,7,Aprobado
2025-03-05,Joaquin,Pereyra,38714246,joaquin.pereyra@gmail.com,+54 9 3239 6010,IA-300,Redes Neuronales,2,Desaprobado
2025-03-05,Martina,Medina,33614240,martina.medina@gmail.com,+54 9 3418 2700,GEN-101,Ética y Tecnología,5,Aprobado
2025-03-05,Guadalupe,Gonzalez,47075635,guadalupe.gonzalez25@outlook.com,+54 15 2419 6391,DAT-305,Big Data & Cloud,4,Aprobado
2025-03-05,Emma,Fernandez,38040781,emma.fernandez@gmail.com,+54 9 3641 7723,NEG-400,Liderazgo y Negociación,4,Aprobado
2025-03-05,Maximiliano,Moreno,34364066,maximiliano.moreno@gmail.com,+54 9 3974 4314,NEG-400,Liderazgo y Negociación,2,Desaprobado
2025-03-05,Lucio,Lucero,43558573,lucio.lucero25@outlook.com,+54 9 3267 0444,DAT-201,Estadística Avanzada,6,Aprobado
2025-03-06,Joaquín,Gonzalez,45280236,joaquín.gonzalez25@outlook.com,+54 15 2698 8228,NEG-400,Liderazgo y Negociación,2,Desaprobado
2025-03-06,Emiliano,Gonzalez,32270986,emiliano.gonzalez@gmail.com,+54 15 2108 6227,MKT-200,Marketing de Contenidos,5,Aprobado
2025-03-06,Abigail,Bravo,45225711,abigail.bravo25@outlook.com,+54 9 3623 4808,UX-100,Diseño de Experiencia de Usuario,2,Desaprobado
2025-03-06,Máximo,Dominguez,46193548,máximo.dominguez25@outlook.com,+54 9 3467 4424,DAT-305,Big Data & Cloud,1,Desaprobado
2025-03-06,Juan Manuel,Gonzalez,43037722,juan manuel.gonzalez25@outlook.com,+54 15 2320 0807,DAT-101,Introducción a los Datos,9,Aprobado
2025-03-06,Alma,Martinez,36742732,alma.martinez@gmail.com,+54 15 2929 3875,DAT-101,Introducción a los Datos,4,Aprobado
2025-03-06,Josefina,Avila,37091816,josefina.avila@gmail.com,+54 9 3271 7601,DAT-305,Big Data & Cloud,1,Desaprobado
2025-03-06,Isabella,Alvarez,43871938,isabella.alvarez25@outlook.com,+54 9 3191 5405,DEV-101,Algoritmos I,4,Aprobado
2025-03-06,Rosario,Peralta,37335497,rosario.peralta@gmail.com,+54 15 2481 8075,IA-400,Deep Learning Aplicado,9,Aprobado
2025-03-06,Juan Gabriel,Miranda,37639684,juan gabriel.miranda@gmail.com,+54 15 2895 6357,DAT-101,Introducción a los Datos,9,Aprobado
2025-03-06,Nahiara Jazmin,Gomez,44086116,nahiara jazmin.gomez25@outlook.com,+54 15 2811 3007,UX-100,Diseño de Experiencia de Usuario,1,Desaprobado
2025-03-06,Ciro,Campos,31681085,ciro.campos@gmail.com,+54 9 3430 5299,DEV-101,Algoritmos I,5,Aprobado
2025-03-06,Juan Ignacio,Martinez,41785959,juan ignacio.martinez@gmail.com,+54 15 2848 6053,IA-300,Redes Neuronales,2,Desaprobado
2025-03-06,Alma Jazmin,Lucero,47223646,alma jazmin.lucero25@outlook.com,+54 9 3526 3368,DAT-101,Introducción a los Datos,8,Aprobado
2025-03-06,Emma,Rojas,35844073,emma.rojas@gmail.com,+54 9 3697 8656,NEG-400,Liderazgo y Negociación,10,Aprobado
2025-03-06,Julia,Garcia,34341037,julia.garcia@gmail.com,+54 9 3642 4333,IA-400,Deep Learning Aplicado,2,Desaprobado
2025-03-06,Joaquin,Suarez,44476887,joaquin.suarez25@outlook.com,+54 15 2166 7577,GEN-101,Ética y Tecnología,5,Aprobado
2025-03-06,Ambar,Gutierrez,37412229,ambar.gutierrez@gmail.com,+54 9 3508 8909,DEV-101,Algoritmos I,4,Aprobado
2025-03-06,Isabella,Rojas,45311516,isabella.rojas25@outlook.com,+54 15 2924 3437,IA-400,Deep Learning Aplicado,4,Aprobado
2025-03-06,Maximo,Dominguez,45368291,maximo.dominguez25@outlook.com,+54 9 3136 3468,UX-100,Diseño de Experiencia de Usuario,7,Aprobado
2025-03-06,Alma,Rodriguez,39796864,alma.rodriguez@gmail.com,+54 9 3771 9880,IA-400,Deep Learning Aplicado,10,Aprobado
2025-03-06,Felicitas,Martinez,43652049,felicitas.martinez25@outlook.com,+54 15 2818 1118,NEG-400,Liderazgo y Negociación,6,Aprobado
2025-03-06,Juan Bautista,Acosta,31332769,juan bautista.acosta@gmail.com,+54 15 2161 8024,UX-100,Diseño de Experiencia de Usuario,1,Desaprobado
2025-03-06,Luciano,Escobar,36219416,luciano.escobar@gmail.com,+54 9 3612 0056,MKT-200,Marketing de Contenidos,6,Aprobado
2025-03-06,Clara,Carrizo,47221206,clara.carrizo25@outlook.com,+54 15 2569 5576,GEN-101,Ética y Tecnología,8,Aprobado
2025-03-06,Tomàs,Soria,31239788,tomàs.soria@gmail.com,+54 15 2906 2250,GEN-101,Ética y Tecnología,10,Aprobado
2025-03-07,Paulina,Muñoz,30301798,paulina.muñoz@gmail.com,+54 15 2363 3856,DEV-101,Algoritmos I,5,Aprobado
2025-03-07,Mateo Joaquin,Godoy,31848115,mateo joaquin.godoy@gmail.com,+54 15 2405 3759,DAT-305,Big Data & Cloud,7,Aprobado
2025-03-07,Guadalupe,Gonzalez,47075635,guadalupe.gonzalez25@outlook.com,+54 15 2419 6391,UX-100,Diseño de Experiencia de Usuario,7,Aprobado
2025-03-07,Alma,Flores,32028866,alma.flores@gmail.com,+54 9 3925 3441,IA-400,Deep Learning Aplicado,4,Aprobado
2025-03-07,Máximo,Dominguez,46193548,máximo.dominguez25@outlook.com,+54 9 3467 4424,IA-400,Deep Learning Aplicado,5,Aprobado
2025-03-07,Juana,Fernandez,36234502,juana.fernandez@gmail.com,+54 9 3108 1615,DAT-201,Estadística Avanzada,8,Aprobado
2025-03-07,Matias,Moreno,40531804,matias.moreno@gmail.com,+54 15 2572 0376,DEV-101,Algoritmos I,2,Desaprobado
2025-03-07,Bruno,Diaz,45544606,bruno.diaz25@outlook.com,+54 9 3150 0621,DAT-101,Introducción a los Datos,1,Desaprobado
2025-03-07,Juan Ignacio,Godoy,45259638,juan ignacio.godoy25@outlook.com,+54 9 3765 6971,DAT-201,Estadística Avanzada,4,Aprobado
2025-03-07,Lautaro Benjamin,Figueroa,37095694,lautaro benjamin.figueroa@gmail.com,+54 15 2679 4827,GEN-101,Ética y Tecnología,5,Aprobado
2025-03-07,Benjamin,Gomez,40192554,benjamin.gomez@gmail.com,+54 9 3196 4533,IA-300,Redes Neuronales,5,Aprobado
2025-03-08,Elena,Castro,32496231,elena.castro@gmail.com,+54 9 3921 9876,DAT-201,Estadística Avanzada,4,Aprobado
2025-03-08,Juan Bautista,Acosta,31332769,juan bautista.acosta@gmail.com,+54 15 2161 8024,NEG-400,Liderazgo y Negociación,4,Aprobado
2025-03-08,Ciro,Campos,31681085,ciro.campos@gmail.com,+54 9 3430 5299,UX-100,Diseño de Experiencia de Usuario,4,Aprobado
2025-03-08,Ana Paula,Hernandez,33201122,ana paula.hernandez@gmail.com,+54 9 3117 9767,DAT-305,Big Data & Cloud,1,Desaprobado
2025-03-08,Maximiliano,Leiva,36858459,maximiliano.leiva@gmail.com,+54 15 2575 6363,DAT-101,Introducción a los Datos,4,Aprobado
2025-03-08,Catalina,Romero,33594873,catalina.romero@gmail.com,+54 15 2835 4023,GEN-101,Ética y Tecnología,3,Desaprobado
2025-03-08,Mia,Gimenez,44490644,mia.gimenez25@outlook.com,+54 9 3250 3782,NEG-400,Liderazgo y Negociación,5,Aprobado
2025-03-08,Santino,Rodriguez,33479160,santino.rodriguez@gmail.com,+54 15 2497 0261,DAT-305,Big Data & Cloud,7,Aprobado
2025-03-08,Angelina,Pereyra,32789755,angelina.pereyra@gmail.com,+54 15 2962 5391,DAT-305,Big Data & Cloud,7,Aprobado
2025-03-08,Benicio,Cruz,34197558,benicio.cruz@gmail.com,+54 15 2156 1384,IA-400,Deep Learning Aplicado,5,Aprobado
2025-03-08,Martina,Ferreyra,43344838,martina.ferreyra25@outlook.com,+54 15 2727 0701,DAT-305,Big Data & Cloud,6,Aprobado
2025-03-08,Juan Ignacio,Gomez,38531146,juan ignacio.gomez@gmail.com,+54 15 2703 5360,GEN-101,Ética y Tecnología,8,Aprobado
2025-03-08,Ambar,Gonzalez,36145210,ambar.gonzalez@gmail.com,+54 15 2703 4941,GEN-101,Ética y Tecnología,9,Aprobado
2025-03-08,Victoria,Paez,47909977,victoria.paez25@outlook.com,+54 15 2470 1352,UX-100,Diseño de Experiencia de Usuario,5,Aprobado
2025-03-08,Bianca,Soria,30395149,bianca.soria@gmail.com,+54 9 3777 1138,DEV-101,Algoritmos I,6,Aprobado
2025-03-08,Paloma,Aguirre,37659718,paloma.aguirre@gmail.com,+54 15 2626 3682,NEG-400,Liderazgo y Negociación,8,Aprobado
2025-03-08,Agustín,Navarro,41912939,agustín.navarro@gmail.com,+54 9 3115 9430,IA-400,Deep Learning Aplicado,6,Aprobado
2025-03-09,Juana,Ramirez,31559920,juana.ramirez@gmail.com,+54 9 3665 4505,DAT-201,Estadística Avanzada,10,Aprobado
2025-03-09,Lara,Gonzalez,43605753,lara.gonzalez25@outlook.com,+54 15 2479 7242,DAT-101,Introducción a los Datos,6,Aprobado
2025-03-09,Malena,Rodriguez,44284579,malena.rodriguez25@outlook.com,+54 15 2440 9800,GEN-101,Ética y Tecnología,9,Aprobado
2025-03-09,Valentino,Diaz,40305444,valentino.diaz@gmail.com,+54 9 3909 7225,DAT-201,Estadística Avanzada,1,Desaprobado
2025-03-09,Morena Jazmin,Gomez,39820530,morena jazmin.gomez@gmail.com,+54 15 2599 8329,NEG-400,Liderazgo y Negociación,4,Aprobado
2025-03-09,Josefina,Lopez,43498834,josefina.lopez25@outlook.com,+54 15 2506 2420,NEG-400,Liderazgo y Negociación,8,Aprobado
2025-03-09,Juan Cruz,Flores,31349203,juan cruz.flores@gmail.com,+54 9 3845 1594,MKT-200,Marketing de Contenidos,8,Aprobado
2025-03-09,Bruno,Aguirre,44521729,bruno.aguirre25@outlook.com,+54 15 2498 5280,UX-100,Diseño de Experiencia de Usuario,3,Desaprobado
2025-03-09,Elena,Luna,44965151,elena.luna25@outlook.com,+54 9 3178 3640,IA-400,Deep Learning Aplicado,1,Desaprobado
2025-03-09,Benjamin,Roldan,34441439,benjamin.roldan@gmail.com,+54 9 3508 9831,GEN-101,Ética y Tecnología,2,Desaprobado
2025-03-09,Alma,Rodriguez,39796864,alma.rodriguez@gmail.com,+54 9 3771 9880,IA-400,Deep Learning Aplicado,2,Desaprobado
2025-03-10,Maria Paz,Escobar,44101321,maria paz.escobar25@outlook.com,+54 15 2610 2977,DEV-101,Algoritmos I,7,Aprobado
2025-03-10,Dylan Benjamin,Martinez,30125745,dylan benjamin.martinez@gmail.com,+54 9 3339 9964,DEV-101,Algoritmos I,4,Aprobado
2025-03-10,Bautista Benjamin,Sosa,37679372,bautista benjamin.sosa@gmail.com,+54 9 3430 3693,IA-400,Deep Learning Aplicado,8,Aprobado
2025-03-10,Milena,Romero,46572742,milena.romero25@outlook.com,+54 9 3205 0052,DEV-101,Algoritmos I,1,Desaprobado
2025-03-10,Luciano Benjamin,Ramos,30064860,luciano benjamin.ramos@gmail.com,+54 9 3267 2391,DAT-201,Estadística Avanzada,3,Desaprobado
2025-03-10,Mia Valentina,Gimenez,46966361,mia valentina.gimenez25@outlook.com,+54 15 2560 1349,DAT-201,Estadística Avanzada,9,Aprobado
2025-03-10,Constantino,Acosta,34057124,constantino.acosta@gmail.com,+54 9 3853 6227,MKT-200,Marketing de Contenidos,6,Aprobado
2025-03-10,Máximo,Dominguez,46193548,máximo.dominguez25@outlook.com,+54 9 3467 4424,DAT-201,Estadística Avanzada,2,Desaprobado
2025-03-10,Valentino,Fernandez,33381581,valentino.fernandez@gmail.com,+54 15 2319 9485,GEN-101,Ética y Tecnología,5,Aprobado
2025-03-10,Geronimo,Maidana,41234290,geronimo.maidana@gmail.com,+54 9 3633 4141,DEV-101,Algoritmos I,8,Aprobado
2025-03-10,Valentino,Torres,31486885,valentino.torres@gmail.com,+54 9 3638 2030,DEV-101,Algoritmos I,3,Desaprobado
2025-03-10,Isabella,Pereyra,37013243,isabella.pereyra@gmail.com,+54 9 3889 3897,DAT-201,Estadística Avanzada,9,Aprobado
2025-03-10,Mia,Ponce,38946448,mia.ponce@gmail.com,+54 15 2465 8212,DAT-201,Estadística Avanzada,9,Aprobado
2025-03-10,Charo,Martinez,33379578,charo.martinez@gmail.com,+54 15 2680 9235,DAT-305,Big Data & Cloud,4,Aprobado
2025-03-10,Tobias,Cruz,39220415,tobias.cruz@gmail.com,+54 9 3555 5056,DEV-101,Algoritmos I,8,Aprobado
2025-03-10,Thiago Benjamin,Rodriguez,45711997,thiago benjamin.rodriguez25@outlook.com,+54 15 2875 1684,MKT-200,Marketing de Contenidos,4,Aprobado
2025-03-10,Clara,Carrizo,47221206,clara.carrizo25@outlook.com,+54 15 2569 5576,DAT-201,Estadística Avanzada,3,Desaprobado
2025-03-10,Priscila,Torres,45539704,priscila.torres25@outlook.com,+54 15 2693 1603,NEG-400,Liderazgo y Negociación,8,Aprobado
2025-03-10,Mia,Gimenez,44490644,mia.gimenez25@outlook.com,+54 9 3250 3782,UX-100,Diseño de Experiencia de Usuario,1,Desaprobado
2025-03-10,Antonella,Morales,45775192,antonella.morales25@outlook.com,+54 15 2796 2692,IA-300,Redes Neuronales,3,Desaprobado
2025-03-10,Alma,Sanchez,34316765,alma.sanchez@gmail.com,+54 15 2426 3934,NEG-400,Liderazgo y Negociación,8,Aprobado
2025-03-10,Santino,Duarte,38020693,santino.duarte@gmail.com,+54 15 2512 5398,DAT-201,Estadística Avanzada,7,Aprobado
2025-03-11,Lourdes,Correa,43690930,lourdes.correa25@outlook.com,+54 9 3569 7113,GEN-101,Ética y Tecnología,4,Aprobado
2025-03-11,Salvador,Correa,34577564,salvador.correa@gmail.com,+54 15 2524 2874,DAT-101,Introducción a los Datos,1,Desaprobado
2025-03-11,Facundo,Figueroa,34832335,facundo.figueroa@gmail.com,+54 9 3982 9731,IA-400,Deep Learning Aplicado,8,Aprobado
2025-03-11,Mateo Benjamin,Gonzalez,34841664,mateo benjamin.gonzalez@gmail.com,+54 9 3530 7559,DEV-101,Algoritmos I,10,Aprobado
2025-03-11,Isabella,Perez,40774819,isabella.perez@gmail.com,+54 9 3748 9884,DAT-201,Estadística Avanzada,7,Aprobado
2025-03-11,Julieta,Coronel,44025027,julieta.coronel25@outlook.com,+54 9 3966 2319,DAT-201,Estadística Avanzada,1,Desaprobado
2025-03-11,Mia Jazmin,Duarte,36659434,mia jazmin.duarte@gmail.com,+54 15 2178 1659,GEN-101,Ética y Tecnología,6,Aprobado
2025-03-11,Santino Gabriel,Diaz,34923335,santino gabriel.diaz@gmail.com,+54 9 3245 9481,NEG-400,Liderazgo y Negociación,10,Aprobado
2025-03-11,Maximiliano,Molina,47607767,maximiliano.molina25@outlook.com,+54 15 2310 9539,DAT-101,Introducción a los Datos,8,Aprobado
2025-03-11,Renata,Dominguez,39160706,renata.dominguez@gmail.com,+54 9 3981 3766,MKT-200,Marketing de Contenidos,2,Desaprobado
2025-03-11,Julia,Gonzalez,30713710,julia.gonzalez@gmail.com,+54 15 2264 3330,DAT-201,Estadística Avanzada,2,Desaprobado
2025-03-11,Olivia,Gonzalez,46762093,olivia.gonzalez25@outlook.com,+54 9 3271 5190,NEG-400,Liderazgo y Negociación,10,Aprobado
2025-03-11,Emanuel,Figueroa,39068971,emanuel.figueroa@gmail.com,+54 9 3938 6344,DAT-101,Introducción a los Datos,5,Aprobado
2025-03-11,Juana,Rodriguez,31153469,juana.rodriguez@gmail.com,+54 9 3804 8052,IA-400,Deep Learning Aplicado,3,Desaprobado
2025-03-11,Martina,Fernandez,40916647,martina.fernandez@gmail.com,+54 15 2289 9356,DAT-305,Big Data & Cloud,5,Aprobado
2025-03-12,Jeremias,Herrera,36971688,jeremias.herrera@gmail.com,+54 15 2368 4123,DEV-101,Algoritmos I,6,Aprobado
2025-03-12,Ana Paula,Pereyra,34785335,ana paula.pereyra@gmail.com,+54 15 2960 0575,MKT-200,Marketing de Contenidos,6,Aprobado
2025-03-12,Delfina,Fernandez,32098690,delfina.fernandez@gmail.com,+54 9 3395 3178,IA-300,Redes Neuronales,6,Aprobado
2025-03-12,Lisandro,Pereyra,40283838,lisandro.pereyra@gmail.com,+54 9 3211 8821,IA-300,Redes Neuronales,10,Aprobado
2025-03-12,Facundo,Ayala,43615605,facundo.ayala25@outlook.com,+54 9 3834 7596,MKT-200,Marketing de Contenidos,8,Aprobado
2025-03-12,Tomas Benjamin,Lopez,46398361,tomas benjamin.lopez25@outlook.com,+54 15 2126 0160,GEN-101,Ética y Tecnología,6,Aprobado
2025-03-12,Mora,Castillo,33452954,mora.castillo@gmail.com,+54 15 2662 4041,DAT-305,Big Data & Cloud,9,Aprobado
2025-03-12,Delfina,Aguero,34944058,delfina.aguero@gmail.com,+54 9 3980 8330,DAT-201,Estadística Avanzada,8,Aprobado
2025-03-12,Thiago Benjamin,Castillo,37799625,thiago benjamin.castillo@gmail.com,+54 15 2976 0796,GEN-101,Ética y Tecnología,6,Aprobado
2025-03-12,Paloma,Gonzalez,34888999,paloma.gonzalez@gmail.com,+54 9 3840 2726,IA-300,Redes Neuronales,2,Desaprobado
2025-03-12,Thiago Benjamin,Perez,44216431,thiago benjamin.perez25@outlook.com,+54 15 2299 6609,DAT-101,Introducción a los Datos,9,Aprobado
2025-03-12,Juan Manuel,Gomez,43456083,juan manuel.gomez25@outlook.com,+54 9 3996 1245,MKT-200,Marketing de Contenidos,3,Desaprobado
2025-03-12,Guadalupe,Hernandez,31318273,guadalupe.hernandez@gmail.com,+54 9 3787 0236,MKT-200,Marketing de Contenidos,7,Aprobado
2025-03-12,Joaquin,Herrera,40287807,joaquin.herrera@gmail.com,+54 15 2323 1233,DAT-201,Estadística Avanzada,1,Desaprobado
2025-03-12,Maite,Martinez,36745278,maite.martinez@gmail.com,+54 9 3371 1700,DEV-101,Algoritmos I,10,Aprobado
2025-03-12,Lucio,Lucero,43558573,lucio.lucero25@outlook.com,+54 9 3267 0444,GEN-101,Ética y Tecnología,1,Desaprobado
2025-03-12,Maria Paz,Arias,46314784,maria paz.arias25@outlook.com,+54 15 2311 0032,NEG-400,Liderazgo y Negociación,3,Desaprobado
2025-03-12,Pedro,Ferreyra,45759579,pedro.ferreyra25@outlook.com,+54 9 3450 7680,DAT-101,Introducción a los Datos,1,Desaprobado
2025-03-12,Maite,Ramos,36257669,maite.ramos@gmail.com,+54 15 2136 3807,DAT-305,Big Data & Cloud,2,Desaprobado
2025-03-12,Isabella,Rojas,45311516,isabella.rojas25@outlook.com,+54 15 2924 3437,IA-300,Redes Neuronales,1,Desaprobado
2025-03-12,Juan Martin,Alvarez,44827801,juan martin.alvarez25@outlook.com,+54 15 2714 8261,IA-300,Redes Neuronales,7,Aprobado
2025-03-12,Nicolas,Gomez,33179098,nicolas.gomez@gmail.com,+54 9 3781 1162,DAT-101,Introducción a los Datos,4,Aprobado
2025-03-12,Fausto,Gutierrez,46518516,fausto.gutierrez25@outlook.com,+54 9 3720 5245,DEV-101,Algoritmos I,3,Desaprobado
2025-03-12,Geronimo,Acosta,44229724,geronimo.acosta25@outlook.com,+54 15 2507 4379,DEV-101,Algoritmos I,9,Aprobado
2025-03-13,Victoria,Vazquez,47611874,victoria.vazquez25@outlook.com,+54 9 3167 5878,GEN-101,Ética y Tecnología,5,Aprobado
2025-03-13,Constantino,Moreno,44221505,constantino.moreno25@outlook.com,+54 15 2504 1837,DEV-101,Algoritmos I,5,Aprobado
2025-03-13,Martina,Moreno,35930527,martina.moreno@gmail.com,+54 15 2480 5090,DAT-101,Introducción a los Datos,10,Aprobado
2025-03-13,Juan Francisco,Cruz,40400092,juan francisco.cruz@gmail.com,+54 9 3864 0213,DAT-101,Introducción a los Datos,7,Aprobado
2025-03-13,Juan Martin,Suarez,41132630,juan martin.suarez@gmail.com,+54 15 2314 1908,UX-100,Diseño de Experiencia de Usuario,4,Aprobado
2025-03-13,Kiara,Rodriguez,44345701,kiara.rodriguez25@outlook.com,+54 15 2341 2551,DAT-305,Big Data & Cloud,6,Aprobado
2025-03-13,Juan Ignacio,Rojas,32816822,juan ignacio.rojas@gmail.com,+54 15 2535 4047,DAT-201,Estadística Avanzada,3,Desaprobado
2025-03-13,Joaquín,Aguirre,40745106,joaquín.aguirre@gmail.com,+54 9 3442 0527,UX-100,Diseño de Experiencia de Usuario,9,Aprobado
2025-03-13,Facundo,Gomez,34869838,facundo.gomez@gmail.com,+54 9 3877 4942,DAT-201,Estadística Avanzada,4,Aprobado
2025-03-13,Santiago Benjamin,Alvarez,46256042,santiago benjamin.alvarez25@outlook.com,+54 9 3745 9012,IA-400,Deep Learning Aplicado,8,Aprobado
2025-03-13,Matias,Martin,35850567,matias.martin@gmail.com,+54 15 2276 9738,IA-400,Deep Learning Aplicado,9,Aprobado
2025-03-13,Francisco,Correa,30677244,francisco.correa@gmail.com,+54 15 2954 2808,NEG-400,Liderazgo y Negociación,9,Aprobado
2025-03-13,Bautista Benjamin,Ruiz,32776935,bautista benjamin.ruiz@gmail.com,+54 9 3526 3801,IA-400,Deep Learning Aplicado,2,Desaprobado
2025-03-13,Helena,Gomez,34130787,helena.gomez@gmail.com,+54 9 3179 5083,MKT-200,Marketing de Contenidos,2,Desaprobado
2025-03-13,Catalina,Sosa,35951430,catalina.sosa@gmail.com,+54 9 3274 5282,NEG-400,Liderazgo y Negociación,7,Aprobado
2025-03-13,Emma,Paz,37456292,emma.paz@gmail.com,+54 15 2915 7105,DAT-201,Estadística Avanzada,6,Aprobado
2025-03-13,Juan Ignacio,Gomez,38531146,juan ignacio.gomez@gmail.com,+54 15 2703 5360,DAT-305,Big Data & Cloud,2,Desaprobado
2025-03-13,Delfina,Diaz,35038799,delfina.diaz@gmail.com,+54 15 2637 9283,DEV-101,Algoritmos I,1,Desaprobado
2025-03-14,Valentino,Morales,33362152,valentino.morales@gmail.com,+54 9 3973 5775,IA-300,Redes Neuronales,8,Aprobado
2025-03-14,Thiago Gabriel,Torres,43871165,thiago gabriel.torres25@outlook.com,+54 9 3175 5589,GEN-101,Ética y Tecnología,8,Aprobado
2025-03-14,Martina,Coronel,31864701,martina.coronel@gmail.com,+54 9 3131 6223,IA-300,Redes Neuronales,6,Aprobado
2025-03-14,Facundo,Paez,32905120,facundo.paez@gmail.com,+54 15 2203 0561,DAT-201,Estadística Avanzada,3,Desaprobado
2025-03-14,Martina,Ledesma,31355414,martina.ledesma@gmail.com,+54 15 2859 7962,UX-100,Diseño de Experiencia de Usuario,2,Desaprobado
2025-03-14,Ian Ezequiel,Silva,31360651,ian ezequiel.silva@gmail.com,+54 9 3829 6877,DAT-101,Introducción a los Datos,9,Aprobado
2025-03-14,Felicitas,Martinez,43652049,felicitas.martinez25@outlook.com,+54 15 2818 1118,DAT-101,Introducción a los Datos,10,Aprobado
2025-03-14,Genaro,Caceres,41398180,genaro.caceres@gmail.com,+54 9 3872 1544,UX-100,Diseño de Experiencia de Usuario,2,Desaprobado
2025-03-14,Catalina,Benitez,31297438,catalina.benitez@gmail.com,+54 9 3186 7579,UX-100,Diseño de Experiencia de Usuario,2,Desaprobado
2025-03-14,Isabella,Benitez,37226510,isabella.benitez@gmail.com,+54 9 3593 2788,NEG-400,Liderazgo y Negociación,5,Aprobado
2025-03-14,Matilda,Cabrera,47826221,matilda.cabrera25@outlook.com,+54 15 2779 9063,GEN-101,Ética y Tecnología,8,Aprobado
2025-03-14,Maria Guadalupe,Alvarez,32986537,maria guadalupe.alvarez@gmail.com,+54 15 2709 5950,IA-300,Redes Neuronales,10,Aprobado
2025-03-14,Alejo,Juarez,34353357,alejo.juarez@gmail.com,+54 15 2977 7774,NEG-400,Liderazgo y Negociación,6,Aprobado
2025-03-14,Juan Gabriel,Miranda,37639684,juan gabriel.miranda@gmail.com,+54 15 2895 6357,MKT-200,Marketing de Contenidos,4,Aprobado
2025-03-14,Lautaro Benjamin,Garcia,40967959,lautaro benjamin.garcia@gmail.com,+54 9 3115 2589,NEG-400,Liderazgo y Negociación,6,Aprobado
2025-03-14,Ignacio,Herrera,35809204,ignacio.herrera@gmail.com,+54 15 2197 8926,IA-400,Deep Learning Aplicado,10,Aprobado
2025-03-14,Alma Valentina,Rojas,44224033,alma valentina.rojas25@outlook.com,+54 9 3918 6431,DAT-305,Big Data & Cloud,2,Desaprobado
2025-03-14,Julian,Ledesma,40228309,julian.ledesma@gmail.com,+54 15 2119 2341,NEG-400,Liderazgo y Negociación,3,Desaprobado
2025-03-14,Morena,Perez,43496203,morena.perez25@outlook.com,+54 15 2914 0349,GEN-101,Ética y Tecnología,10,Aprobado
2025-03-14,Santino,Vargas,43831919,santino.vargas25@outlook.com,+54 15 2824 6183,UX-100,Diseño de Experiencia de Usuario,7,Aprobado
2025-03-15,Mia,Paez,36304118,mia.paez@gmail.com,+54 15 2723 1546,DEV-101,Algoritmos I,7,Aprobado
2025-03-15,Salvador,Torres,47649810,salvador.torres25@outlook.com,+54 9 3948 2014,NEG-400,Liderazgo y Negociación,2,Desaprobado
2025-03-15,Agustín,Roldan,40253163,agustín.roldan@gmail.com,+54 15 2136 8544,IA-300,Redes Neuronales,10,Aprobado
2025-03-15,Facundo,Ayala,43615605,facundo.ayala25@outlook.com,+54 9 3834 7596,IA-300,Redes Neuronales,10,Aprobado
2025-03-15,Catalina,Gonzalez,35077928,catalina.gonzalez@gmail.com,+54 9 3275 8507,DAT-305,Big Data & Cloud,7,Aprobado
2025-03-15,Amparo,Herrera,39126892,amparo.herrera@gmail.com,+54 9 3635 7667,DAT-201,Estadística Avanzada,8,Aprobado
2025-03-15,Renata,Cruz,38002503,renata.cruz@gmail.com,+54 15 2623 2405,IA-300,Redes Neuronales,7,Aprobado
2025-03-15,Delfina,Diaz,31379839,delfina.diaz@gmail.com,+54 9 3977 5615,DAT-101,Introducción a los Datos,6,Aprobado
2025-03-15,Thiago Leonel,Gomez,47454606,thiago leonel.gomez25@outlook.com,+54 15 2385 7762,DAT-201,Estadística Avanzada,10,Aprobado
2025-03-15,Mia Jazmin,Fernandez,37974144,mia jazmin.fernandez@gmail.com,+54 15 2988 3506,IA-300,Redes Neuronales,5,Aprobado
2025-03-15,Benjamin Alejandro,Morales,44730308,benjamin alejandro.morales25@outlook.com,+54 9 3420 3298,DAT-305,Big Data & Cloud,2,Desaprobado
2025-03-15,Mateo Joaquin,Godoy,31848115,mateo joaquin.godoy@gmail.com,+54 15 2405 3759,IA-400,Deep Learning Aplicado,4,Aprobado
2025-03-15,Nicolas,Coronel,45474619,nicolas.coronel25@outlook.com,+54 9 3111 0312,GEN-101,Ética y Tecnología,7,Aprobado
2025-03-15,Jeremias,Figueroa,33568791,jeremias.figueroa@gmail.com,+54 15 2577 0480,DAT-305,Big Data & Cloud,2,Desaprobado
2025-03-15,Benjamin Ezequiel,Vargas,47021675,benjamin ezequiel.vargas25@outlook.com,+54 15 2575 5414,MKT-200,Marketing de Contenidos,3,Desaprobado
2025-03-15,Santino,Lopez,43991288,santino.lopez25@outlook.com,+54 15 2139 5310,IA-400,Deep Learning Aplicado,5,Aprobado
2025-03-15,Mora,Rojas,32705831,mora.rojas@gmail.com,+54 9 3996 9928,DAT-305,Big Data & Cloud,7,Aprobado
2025-03-16,Luna,Peralta,38452657,luna.peralta@gmail.com,+54 9 3304 4049,DAT-101,Introducción a los Datos,2,Desaprobado
2025-03-16,Morena Jazmin,Gomez,39820530,morena jazmin.gomez@gmail.com,+54 15 2599 8329,UX-100,Diseño de Experiencia de Usuario,6,Aprobado
2025-03-16,Thiago Leonel,Villalba,32965831,thiago leonel.villalba@gmail.com,+54 9 3572 0626,UX-100,Diseño de Experiencia de Usuario,10,Aprobado
2025-03-16,Sofía,Valdez,35821025,sofía.valdez@gmail.com,+54 9 3396 6346,DAT-201,Estadística Avanzada,7,Aprobado
2025-03-16,Facundo,Medina,43729856,facundo.medina25@outlook.com,+54 15 2341 9750,NEG-400,Liderazgo y Negociación,5,Aprobado
2025-03-16,Juan Ignacio,Martinez,41785959,juan ignacio.martinez@gmail.com,+54 15 2848 6053,GEN-101,Ética y Tecnología,6,Aprobado
2025-03-16,Maite,Martinez,36745278,maite.martinez@gmail.com,+54 9 3371 1700,UX-100,Diseño de Experiencia de Usuario,4,Aprobado
2025-03-16,Ana Paula,Gonzalez,32463030,ana paula.gonzalez@gmail.com,+54 9 3150 0459,MKT-200,Marketing de Contenidos,2,Desaprobado
2025-03-16,Lautaro,Luna,34896530,lautaro.luna@gmail.com,+54 9 3634 2447,DAT-305,Big Data & Cloud,6,Aprobado
2025-03-16,Catalina,Gonzalez,31278420,catalina.gonzalez@gmail.com,+54 15 2852 0968,DAT-101,Introducción a los Datos,5,Aprobado
2025-03-16,Lucía ,Blanco,46828583,lucía .blanco25@outlook.com,+54 9 3174 5167,DAT-305,Big Data & Cloud,3,Desaprobado
2025-03-16,Jeremias,Flores,36421707,jeremias.flores@gmail.com,+54 15 2227 9114,IA-300,Redes Neuronales,2,Desaprobado
2025-03-16,Maria Paz,Escobar,44101321,maria paz.escobar25@outlook.com,+54 15 2610 2977,UX-100,Diseño de Experiencia de Usuario,2,Desaprobado
2025-03-16,Thiago,Villalba,39107282,thiago.villalba@gmail.com,+54 9 3639 4235,GEN-101,Ética y Tecnología,7,Aprobado
2025-03-16,Lucio,Gomez,40176154,lucio.gomez@gmail.com,+54 15 2422 5856,IA-300,Redes Neuronales,4,Aprobado
2025-03-16,Martina,Lopez,46890428,martina.lopez25@outlook.com,+54 15 2191 0910,DAT-101,Introducción a los Datos,9,Aprobado
2025-03-16,Ignacio,Ruiz,34355144,ignacio.ruiz@gmail.com,+54 15 2811 9307,UX-100,Diseño de Experiencia de Usuario,7,Aprobado
2025-03-16,Josefina,Arias,38693211,josefina.arias@gmail.com,+54 15 2330 5908,GEN-101,Ética y Tecnología,2,Desaprobado
2025-03-16,Tobias,Castillo,35608376,tobias.castillo@gmail.com,+54 15 2609 1713,DAT-201,Estadística Avanzada,7,Aprobado
2025-03-17,Victoria,Castro,30811908,victoria.castro@gmail.com,+54 15 2181 6193,UX-100,Diseño de Experiencia de Usuario,8,Aprobado
2025-03-17,Mateo Benjamin,Coronel,33175574,mateo benjamin.coronel@gmail.com,+54 9 3615 8883,DAT-101,Introducción a los Datos,3,Desaprobado
2025-03-17,Juana,Juarez,46780927,juana.juarez25@outlook.com,+54 15 2786 6426,IA-300,Redes Neuronales,3,Desaprobado
2025-03-17,Juan Ignacio,Lucero,40045468,juan ignacio.lucero@gmail.com,+54 15 2123 1979,GEN-101,Ética y Tecnología,7,Aprobado
2025-03-17,Zoe,Franco,34648956,zoe.franco@gmail.com,+54 15 2706 3482,GEN-101,Ética y Tecnología,8,Aprobado
2025-03-17,Benjamin,Olivera,37008739,benjamin.olivera@gmail.com,+54 15 2853 5290,IA-300,Redes Neuronales,5,Aprobado
2025-03-17,Jazmin,Acosta,47022459,jazmin.acosta25@outlook.com,+54 9 3135 5420,DEV-101,Algoritmos I,4,Aprobado
2025-03-17,Emma,Acosta,31020972,emma.acosta@gmail.com,+54 15 2700 4343,IA-300,Redes Neuronales,9,Aprobado
2025-03-17,Martina,Ponce,47122979,martina.ponce25@outlook.com,+54 9 3940 4991,DAT-201,Estadística Avanzada,6,Aprobado
2025-03-17,Bautista,Velazquez,39255922,bautista.velazquez@gmail.com,+54 15 2339 6181,GEN-101,Ética y Tecnología,3,Desaprobado
2025-03-17,Valentina,Rios,32581169,valentina.rios@gmail.com,+54 15 2447 0353,UX-100,Diseño de Experiencia de Usuario,3,Desaprobado
2025-03-17,Mateo Joaquin,Olivera,30923193,mateo joaquin.olivera@gmail.com,+54 15 2481 0044,DAT-305,Big Data & Cloud,8,Aprobado
2025-03-17,Agustín,Roldan,40253163,agustín.roldan@gmail.com,+54 15 2136 8544,IA-400,Deep Learning Aplicado,9,Aprobado
2025-03-18,Santino Ezequiel,Quiroga,31313953,santino ezequiel.quiroga@gmail.com,+54 15 2930 1507,IA-300,Redes Neuronales,4,Aprobado
2025-03-18,Renzo,Rodriguez,43492230,renzo.rodriguez25@outlook.com,+54 9 3387 6333,DAT-305,Big Data & Cloud,7,Aprobado
2025-03-18,Valentino,Ferreyra,33088513,valentino.ferreyra@gmail.com,+54 15 2279 1991,DEV-101,Algoritmos I,7,Aprobado
2025-03-18,Luca,Gimenez,35837738,luca.gimenez@gmail.com,+54 15 2839 5749,NEG-400,Liderazgo y Negociación,8,Aprobado
2025-03-18,Tomas,Leiva,36996781,tomas.leiva@gmail.com,+54 15 2713 1844,GEN-101,Ética y Tecnología,1,Desaprobado
2025-03-18,Bianca,Soria,30395149,bianca.soria@gmail.com,+54 9 3777 1138,UX-100,Diseño de Experiencia de Usuario,4,Aprobado
2025-03-18,Simon,Rojas,43286289,simon.rojas25@outlook.com,+54 9 3498 3718,DAT-201,Estadística Avanzada,2,Desaprobado
2025-03-18,Thiago Ezequiel,Ferreyra,47908881,thiago ezequiel.ferreyra25@outlook.com,+54 9 3314 9532,MKT-200,Marketing de Contenidos,10,Aprobado
2025-03-18,Salvador,Torres,47649810,salvador.torres25@outlook.com,+54 9 3948 2014,NEG-400,Liderazgo y Negociación,8,Aprobado
2025-03-18,Isabella,Romero,39337175,isabella.romero@gmail.com,+54 15 2846 4951,DAT-101,Introducción a los Datos,10,Aprobado
2025-03-18,Santiago Nicolas,Rodriguez,38661719,santiago nicolas.rodriguez@gmail.com,+54 9 3276 2307,GEN-101,Ética y Tecnología,2,Desaprobado
2025-03-18,Facundo,Gomez,34869838,facundo.gomez@gmail.com,+54 9 3877 4942,DEV-101,Algoritmos I,7,Aprobado
2025-03-18,Bautista Benjamin,Sosa,37679372,bautista benjamin.sosa@gmail.com,+54 9 3430 3693,IA-400,Deep Learning Aplicado,5,Aprobado
2025-03-18,Josefina,Gonzalez,37458197,josefina.gonzalez@gmail.com,+54 15 2673 8875,GEN-101,Ética y Tecnología,8,Aprobado
2025-03-18,Pedro,Duarte,30268860,pedro.duarte@gmail.com,+54 9 3255 7541,IA-400,Deep Learning Aplicado,2,Desaprobado
2025-03-18,Rosario,Aguirre,37098062,rosario.aguirre@gmail.com,+54 15 2104 7961,DAT-305,Big Data & Cloud,2,Desaprobado
2025-03-18,Bautista,Castro,39647120,bautista.castro@gmail.com,+54 9 3859 7299,DAT-101,Introducción a los Datos,7,Aprobado
2025-03-18,Bruno,Gimenez,34647475,bruno.gimenez@gmail.com,+54 9 3280 6169,IA-400,Deep Learning Aplicado,9,Aprobado
2025-03-18,Catalina,Martinez,30074046,catalina.martinez@gmail.com,+54 9 3304 8866,DAT-305,Big Data & Cloud,8,Aprobado
2025-03-18,Pedro,Cordoba,47367569,pedro.cordoba25@outlook.com,+54 9 3182 8480,NEG-400,Liderazgo y Negociación,9,Aprobado
2025-03-18,Lucas,Perez,37561242,lucas.perez@gmail.com,+54 15 2550 4270,DEV-101,Algoritmos I,3,Desaprobado
2025-03-19,Thiago Ezequiel,Flores,47915465,thiago ezequiel.flores25@outlook.com,+54 9 3495 5766,IA-300,Redes Neuronales,8,Aprobado
2025-03-19,Thiago Valentin,Mansilla,31547849,thiago valentin.mansilla@gmail.com,+54 9 3515 2592,MKT-200,Marketing de Contenidos,1,Desaprobado
2025-03-19,Tomàs,Martinez,31081090,tomàs.martinez@gmail.com,+54 9 3259 2795,UX-100,Diseño de Experiencia de Usuario,5,Aprobado
2025-03-19,Benjamin,Torres,37286941,benjamin.torres@gmail.com,+54 9 3554 1110,DEV-101,Algoritmos I,6,Aprobado
2025-03-19,Benicio,Fernandez,38070258,benicio.fernandez@gmail.com,+54 9 3937 1930,DAT-305,Big Data & Cloud,1,Desaprobado
2025-03-19,Felipe,Arias,40140970,felipe.arias@gmail.com,+54 9 3762 8206,NEG-400,Liderazgo y Negociación,4,Aprobado
2025-03-19,Justina,Maldonado,34987487,justina.maldonado@gmail.com,+54 9 3535 1855,DAT-305,Big Data & Cloud,3,Desaprobado
2025-03-19,Renata,Diaz,38940969,renata.diaz@gmail.com,+54 15 2422 4877,GEN-101,Ética y Tecnología,2,Desaprobado
2025-03-19,Maite,Ramos,36257669,maite.ramos@gmail.com,+54 15 2136 3807,IA-400,Deep Learning Aplicado,7,Aprobado
2025-03-19,Martina,Bravo,39905167,martina.bravo@gmail.com,+54 15 2576 1183,DAT-201,Estadística Avanzada,8,Aprobado
2025-03-19,Constantino,Acosta,34057124,constantino.acosta@gmail.com,+54 9 3853 6227,NEG-400,Liderazgo y Negociación,9,Aprobado
2025-03-19,Maria Paz,Escobar,44101321,maria paz.escobar25@outlook.com,+54 15 2610 2977,GEN-101,Ética y Tecnología,1,Desaprobado
2025-03-19,Antonio,Ledesma,30528419,antonio.ledesma@gmail.com,+54 9 3878 9658,UX-100,Diseño de Experiencia de Usuario,9,Aprobado
2025-03-19,Mateo Agustin,Torres,35410565,mateo agustin.torres@gmail.com,+54 9 3239 8260,UX-100,Diseño de Experiencia de Usuario,10,Aprobado
2025-03-19,Juan Sebastian,Fernandez,44190336,juan sebastian.fernandez25@outlook.com,+54 15 2892 9959,MKT-200,Marketing de Contenidos,6,Aprobado
2025-03-19,Nicolas,Quiroga,32281165,nicolas.quiroga@gmail.com,+54 9 3913 3206,DAT-201,Estadística Avanzada,3,Desaprobado
2025-03-19,Lola,Diaz,39547835,lola.diaz@gmail.com,+54 15 2695 5368,MKT-200,Marketing de Contenidos,1,Desaprobado
2025-03-19,Juan Pablo,Avila,46997300,juan pablo.avila25@outlook.com,+54 9 3613 9929,IA-300,Redes Neuronales,10,Aprobado
2025-03-19,Lautaro Benjamin,Figueroa,37095694,lautaro benjamin.figueroa@gmail.com,+54 15 2679 4827,DEV-101,Algoritmos I,4,Aprobado
2025-03-19,Martina,Martinez,33610212,martina.martinez@gmail.com,+54 9 3261 8643,IA-400,Deep Learning Aplicado,4,Aprobado
2025-03-19,Maximo,Romero,33418893,maximo.romero@gmail.com,+54 15 2655 6620,DAT-101,Introducción a los Datos,10,Aprobado
2025-03-19,Santino,Vargas,43831919,santino.vargas25@outlook.com,+54 15 2824 6183,DAT-305,Big Data & Cloud,8,Aprobado
2025-03-19,Thiago Agustin,Diaz,37057932,thiago agustin.diaz@gmail.com,+54 9 3291 2665,NEG-400,Liderazgo y Negociación,2,Desaprobado
2025-03-19,Emma,Paz,37456292,emma.paz@gmail.com,+54 15 2915 7105,DEV-101,Algoritmos I,8,Aprobado
2025-03-19,Martín,Sanchez,47556368,martín.sanchez25@outlook.com,+54 15 2731 1062,MKT-200,Marketing de Contenidos,7,Aprobado
2025-03-20,Alejo,Juarez,34353357,alejo.juarez@gmail.com,+54 15 2977 7774,MKT-200,Marketing de Contenidos,4,Aprobado
2025-03-20,Santiago Nicolas,Miranda,38393487,santiago nicolas.miranda@gmail.com,+54 9 3320 6037,DAT-101,Introducción a los Datos,4,Aprobado
2025-03-20,Franco,Miranda,31185628,franco.miranda@gmail.com,+54 15 2123 3316,UX-100,Diseño de Experiencia de Usuario,8,Aprobado
2025-03-20,Ignacio,Avila,39195104,ignacio.avila@gmail.com,+54 15 2473 6581,MKT-200,Marketing de Contenidos,4,Aprobado
2025-03-20,Catalina,Romero,33594873,catalina.romero@gmail.com,+54 15 2835 4023,DEV-101,Algoritmos I,7,Aprobado
2025-03-20,Nahiara,Silva,30173121,nahiara.silva@gmail.com,+54 15 2523 3685,IA-400,Deep Learning Aplicado,2,Desaprobado
2025-03-20,Luna,Peralta,38452657,luna.peralta@gmail.com,+54 9 3304 4049,IA-300,Redes Neuronales,5,Aprobado
2025-03-20,Thiago Benjamin,Rodriguez,45711997,thiago benjamin.rodriguez25@outlook.com,+54 15 2875 1684,IA-400,Deep Learning Aplicado,2,Desaprobado
2025-03-20,Simon,Villalba,44492127,simon.villalba25@outlook.com,+54 9 3597 2076,IA-400,Deep Learning Aplicado,9,Aprobado
2025-03-20,Benjamin,Gomez,38549006,benjamin.gomez@gmail.com,+54 9 3854 3007,DAT-305,Big Data & Cloud,3,Desaprobado
2025-03-20,Joaquín,Aguirre,40745106,joaquín.aguirre@gmail.com,+54 9 3442 0527,DAT-101,Introducción a los Datos,7,Aprobado
2025-03-20,Rosario,Aguirre,37098062,rosario.aguirre@gmail.com,+54 15 2104 7961,IA-400,Deep Learning Aplicado,8,Aprobado
2025-03-20,Isabella,Romero,39337175,isabella.romero@gmail.com,+54 15 2846 4951,UX-100,Diseño de Experiencia de Usuario,9,Aprobado
2025-03-20,Juan Ignacio,Moreno,43069128,juan ignacio.moreno25@outlook.com,+54 9 3282 3118,DAT-101,Introducción a los Datos,8,Aprobado
2025-03-20,Simon,Castro,41337962,simon.castro@gmail.com,+54 9 3846 2409,IA-400,Deep Learning Aplicado,4,Aprobado
2025-03-20,Francesca,Gonzalez,36570791,francesca.gonzalez@gmail.com,+54 9 3356 4933,UX-100,Diseño de Experiencia de Usuario,9,Aprobado
2025-03-20,Josefina,Herrera,32286145,josefina.herrera@gmail.com,+54 9 3344 8568,IA-300,Redes Neuronales,4,Aprobado
2025-03-20,Dante,Castillo,44407218,dante.castillo25@outlook.com,+54 9 3640 3279,NEG-400,Liderazgo y Negociación,5,Aprobado
2025-03-21,Alfonsina,Ramos,39733145,alfonsina.ramos@gmail.com,+54 15 2392 8879,IA-300,Redes Neuronales,8,Aprobado
2025-03-21,Isabella,Farias,41051648,isabella.farias@gmail.com,+54 9 3794 4647,GEN-101,Ética y Tecnología,6,Aprobado
2025-03-21,Tobias,Castillo,35608376,tobias.castillo@gmail.com,+54 15 2609 1713,DAT-101,Introducción a los Datos,6,Aprobado
2025-03-21,Juan Ignacio,Sosa,43402603,juan ignacio.sosa25@outlook.com,+54 9 3994 8984,DAT-305,Big Data & Cloud,8,Aprobado
2025-03-21,Clara,Muñoz,32108581,clara.muñoz@gmail.com,+54 15 2753 2952,GEN-101,Ética y Tecnología,2,Desaprobado
2025-03-21,Thiago Valentin,Rodriguez,31909036,thiago valentin.rodriguez@gmail.com,+54 15 2280 0393,IA-300,Redes Neuronales,1,Desaprobado
2025-03-21,Valentino,Morales,33362152,valentino.morales@gmail.com,+54 9 3973 5775,NEG-400,Liderazgo y Negociación,7,Aprobado
2025-03-21,Nahiara,Miranda,39473672,nahiara.miranda@gmail.com,+54 15 2698 1134,DAT-101,Introducción a los Datos,6,Aprobado
2025-03-21,Julieta,Sanchez,34355689,julieta.sanchez@gmail.com,+54 15 2191 1477,GEN-101,Ética y Tecnología,4,Aprobado
2025-03-21,Ciro,Vera,37874267,ciro.vera@gmail.com,+54 15 2120 0554,MKT-200,Marketing de Contenidos,2,Desaprobado
2025-03-21,Guillermina,Lopez,39817999,guillermina.lopez@gmail.com,+54 9 3292 7922,IA-400,Deep Learning Aplicado,1,Desaprobado
2025-03-21,Uma,Castro,33714793,uma.castro@gmail.com,+54 15 2383 1242,GEN-101,Ética y Tecnología,6,Aprobado
2025-03-21,Alma,Gonzalez,34151433,alma.gonzalez@gmail.com,+54 15 2235 2468,DEV-101,Algoritmos I,6,Aprobado
2025-03-21,Camila,Perez,45404573,camila.perez25@outlook.com,+54 15 2535 9910,DAT-201,Estadística Avanzada,5,Aprobado
2025-03-21,Giuliana,Ledesma,45011218,giuliana.ledesma25@outlook.com,+54 9 3191 1011,DEV-101,Algoritmos I,1,Desaprobado
2025-03-21,Jeremias,Flores,36421707,jeremias.flores@gmail.com,+54 15 2227 9114,GEN-101,Ética y Tecnología,7,Aprobado
2025-03-22,Victoria,Pereyra,31748817,victoria.pereyra@gmail.com,+54 15 2850 7128,IA-400,Deep Learning Aplicado,4,Aprobado
2025-03-22,Juana,Torres,38340878,juana.torres@gmail.com,+54 15 2298 8036,MKT-200,Marketing de Contenidos,5,Aprobado
2025-03-22,Gino,Cruz,37219780,gino.cruz@gmail.com,+54 15 2687 4814,IA-300,Redes Neuronales,1,Desaprobado
2025-03-22,Juan Ignacio,Martinez,41785959,juan ignacio.martinez@gmail.com,+54 15 2848 6053,IA-300,Redes Neuronales,10,Aprobado
2025-03-22,Catalina,Romero,33594873,catalina.romero@gmail.com,+54 15 2835 4023,NEG-400,Liderazgo y Negociación,7,Aprobado
2025-03-22,Camila,Gonzalez,40358538,camila.gonzalez@gmail.com,+54 15 2722 9597,DEV-101,Algoritmos I,2,Desaprobado
2025-03-22,Sofia,Fernandez,46329934,sofia.fernandez25@outlook.com,+54 15 2380 1193,MKT-200,Marketing de Contenidos,9,Aprobado
2025-03-22,Benjamin,Franco,47163691,benjamin.franco25@outlook.com,+54 9 3701 0029,MKT-200,Marketing de Contenidos,1,Desaprobado
2025-03-22,Ambar,Ledesma,46024126,ambar.ledesma25@outlook.com,+54 15 2968 7519,IA-300,Redes Neuronales,7,Aprobado
2025-03-22,Lucia,Silva,45444903,lucia.silva25@outlook.com,+54 9 3480 5318,IA-400,Deep Learning Aplicado,8,Aprobado
2025-03-22,Lucio,Acosta,47633067,lucio.acosta25@outlook.com,+54 9 3453 1982,UX-100,Diseño de Experiencia de Usuario,3,Desaprobado
2025-03-22,Zoe Jazmin,Maldonado,34887945,zoe jazmin.maldonado@gmail.com,+54 9 3123 8508,MKT-200,Marketing de Contenidos,6,Aprobado
2025-03-22,Alma Mia,Rodriguez,44398280,alma mia.rodriguez25@outlook.com,+54 15 2887 4749,DAT-305,Big Data & Cloud,5,Aprobado
2025-03-22,Abigail,Luna,30639152,abigail.luna@gmail.com,+54 15 2606 9413,DAT-201,Estadística Avanzada,9,Aprobado
2025-03-22,Franco,Figueroa,47199649,franco.figueroa25@outlook.com,+54 9 3535 1422,MKT-200,Marketing de Contenidos,10,Aprobado
2025-03-22,Maria Emilia,Herrera,35054932,maria emilia.herrera@gmail.com,+54 9 3252 6002,GEN-101,Ética y Tecnología,7,Aprobado
2025-03-22,Simon,Castro,41337962,simon.castro@gmail.com,+54 9 3846 2409,NEG-400,Liderazgo y Negociación,2,Desaprobado
2025-03-22,Ignacio,Avila,39195104,ignacio.avila@gmail.com,+54 15 2473 6581,IA-400,Deep Learning Aplicado,10,Aprobado
2025-03-22,Tiziano Valentin,Gonzalez,36169395,tiziano valentin.gonzalez@gmail.com,+54 15 2380 6289,DAT-101,Introducción a los Datos,9,Aprobado
2025-03-22,Santino,Acosta,32935035,santino.acosta@gmail.com,+54 9 3106 9475,DEV-101,Algoritmos I,10,Aprobado
2025-03-23,Zoe,Franco,34648956,zoe.franco@gmail.com,+54 15 2706 3482,NEG-400,Liderazgo y Negociación,4,Aprobado
2025-03-23,Renata,Cruz,38002503,renata.cruz@gmail.com,+54 15 2623 2405,DAT-201,Estadística Avanzada,10,Aprobado
2025-03-23,Nicolas,Dominguez,38066467,nicolas.dominguez@gmail.com,+54 9 3330 4137,UX-100,Diseño de Experiencia de Usuario,10,Aprobado
2025-03-23,Lautaro,Gomez,34873483,lautaro.gomez@gmail.com,+54 15 2591 4004,IA-300,Redes Neuronales,9,Aprobado
2025-03-23,Gael,Martinez,47700089,gael.martinez25@outlook.com,+54 9 3988 0239,MKT-200,Marketing de Contenidos,6,Aprobado
2025-03-23,Emma,Vega,37572605,emma.vega@gmail.com,+54 9 3730 3864,NEG-400,Liderazgo y Negociación,9,Aprobado
2025-03-23,Guillermina,Sosa,30649167,guillermina.sosa@gmail.com,+54 15 2849 9225,MKT-200,Marketing de Contenidos,3,Desaprobado
2025-03-23,Lautaro Benjamin,Hernandez,46345360,lautaro benjamin.hernandez25@outlook.com,+54 15 2100 6981,UX-100,Diseño de Experiencia de Usuario,10,Aprobado
2025-03-23,Elena,Herrera,37802380,elena.herrera@gmail.com,+54 15 2537 7105,UX-100,Diseño de Experiencia de Usuario,6,Aprobado
2025-03-23,Julieta,Alvarez,32459600,julieta.alvarez@gmail.com,+54 9 3170 3456,UX-100,Diseño de Experiencia de Usuario,1,Desaprobado
2025-03-23,Thiago Benjamin,Ayala,33683627,thiago benjamin.ayala@gmail.com,+54 9 3339 0062,DAT-101,Introducción a los Datos,5,Aprobado
2025-03-23,Miguel Angel,Lucero,45890411,miguel angel.lucero25@outlook.com,+54 15 2766 2715,NEG-400,Liderazgo y Negociación,4,Aprobado
2025-03-23,Maximiliano,Dominguez,46909132,maximiliano.dominguez25@outlook.com,+54 15 2754 8219,NEG-400,Liderazgo y Negociación,8,Aprobado
2025-03-23,Juana,Rodriguez,31153469,juana.rodriguez@gmail.com,+54 9 3804 8052,NEG-400,Liderazgo y Negociación,7,Aprobado
2025-03-24,Emilia,Sanchez,35629692,emilia.sanchez@gmail.com,+54 15 2299 9413,NEG-400,Liderazgo y Negociación,2,Desaprobado
2025-03-24,Sofía,Fernandez,40116733,sofía.fernandez@gmail.com,+54 15 2508 2621,DEV-101,Algoritmos I,10,Aprobado
2025-03-24,Malena,Torres,31662806,malena.torres@gmail.com,+54 15 2176 1827,IA-400,Deep Learning Aplicado,4,Aprobado
2025-03-24,Alma,Paz,35385278,alma.paz@gmail.com,+54 15 2320 7489,UX-100,Diseño de Experiencia de Usuario,2,Desaprobado
2025-03-24,Gabriel,Acosta,32889452,gabriel.acosta@gmail.com,+54 9 3498 4154,MKT-200,Marketing de Contenidos,5,Aprobado
2025-03-24,Martina,Coronel,31864701,martina.coronel@gmail.com,+54 9 3131 6223,DAT-201,Estadística Avanzada,5,Aprobado
2025-03-24,Nina,Muñoz,45291864,nina.muñoz25@outlook.com,+54 9 3857 9028,IA-400,Deep Learning Aplicado,1,Desaprobado
2025-03-24,Juan Martin,Suarez,41132630,juan martin.suarez@gmail.com,+54 15 2314 1908,DEV-101,Algoritmos I,5,Aprobado
2025-03-24,Angel Gabriel,Lopez,41083641,angel gabriel.lopez@gmail.com,+54 9 3311 3545,UX-100,Diseño de Experiencia de Usuario,2,Desaprobado
2025-03-24,Santino,Torres,44182964,santino.torres25@outlook.com,+54 9 3959 2093,MKT-200,Marketing de Contenidos,10,Aprobado
2025-03-24,Ciro,Diaz,39046561,ciro.diaz@gmail.com,+54 15 2290 8580,DAT-305,Big Data & Cloud,5,Aprobado
2025-03-24,Juan Pablo,Vega,33846409,juan pablo.vega@gmail.com,+54 9 3457 2670,DAT-101,Introducción a los Datos,2,Desaprobado
2025-03-24,Mora,Arias,31742344,mora.arias@gmail.com,+54 9 3719 0515,NEG-400,Liderazgo y Negociación,4,Aprobado
2025-03-24,Benicio,Cruz,34197558,benicio.cruz@gmail.com,+54 15 2156 1384,DEV-101,Algoritmos I,2,Desaprobado
2025-03-24,Alfonsina,Ramos,39733145,alfonsina.ramos@gmail.com,+54 15 2392 8879,GEN-101,Ética y Tecnología,10,Aprobado
2025-03-24,Josefina,Sosa,36443537,josefina.sosa@gmail.com,+54 9 3295 3403,NEG-400,Liderazgo y Negociación,9,Aprobado
2025-03-24,Gino,Farias,39278348,gino.farias@gmail.com,+54 9 3368 2775,UX-100,Diseño de Experiencia de Usuario,8,Aprobado
2025-03-24,Joaquin,Mansilla,34696467,joaquin.mansilla@gmail.com,+54 9 3717 5960,IA-300,Redes Neuronales,5,Aprobado
2025-03-24,Thiago Benjamin,Rodriguez,45711997,thiago benjamin.rodriguez25@outlook.com,+54 15 2875 1684,DAT-305,Big Data & Cloud,2,Desaprobado
2025-03-24,Santiago,Torres,43185797,santiago.torres25@outlook.com,+54 9 3462 8959,DAT-201,Estadística Avanzada,8,Aprobado
2025-03-25,Bianca,Cruz,47481163,bianca.cruz25@outlook.com,+54 9 3910 1010,IA-400,Deep Learning Aplicado,4,Aprobado
2025-03-25,Benjamin,Nuñez,34933614,benjamin.nuñez@gmail.com,+54 15 2237 6897,UX-100,Diseño de Experiencia de Usuario,6,Aprobado
2025-03-25,Lola,Sanchez,43751737,lola.sanchez25@outlook.com,+54 15 2979 0300,IA-400,Deep Learning Aplicado,9,Aprobado
2025-03-25,Sofia,Diaz,47707678,sofia.diaz25@outlook.com,+54 15 2176 6152,DAT-101,Introducción a los Datos,6,Aprobado
2025-03-25,Mia Valentina,Gomez,39407484,mia valentina.gomez@gmail.com,+54 15 2229 9819,UX-100,Diseño de Experiencia de Usuario,6,Aprobado
2025-03-25,Benjamin,Guzman,47776360,benjamin.guzman25@outlook.com,+54 9 3670 5167,GEN-101,Ética y Tecnología,1,Desaprobado
2025-03-25,Renata,Benitez,44754301,renata.benitez25@outlook.com,+54 9 3242 9792,NEG-400,Liderazgo y Negociación,5,Aprobado
2025-03-25,Julieta,Godoy,36780964,julieta.godoy@gmail.com,+54 9 3696 3139,DAT-201,Estadística Avanzada,9,Aprobado
2025-03-25,Morena,Villalba,45825230,morena.villalba25@outlook.com,+54 15 2845 1885,IA-400,Deep Learning Aplicado,1,Desaprobado
2025-03-25,Zoe Jazmin,Gutierrez,43647497,zoe jazmin.gutierrez25@outlook.com,+54 15 2460 6899,DAT-305,Big Data & Cloud,9,Aprobado
2025-03-25,Lola,Acuña,35407054,lola.acuña@gmail.com,+54 9 3800 7780,MKT-200,Marketing de Contenidos,5,Aprobado
2025-03-25,Lautaro Benjamin,Rodriguez,30356437,lautaro benjamin.rodriguez@gmail.com,+54 15 2259 6158,DAT-101,Introducción a los Datos,10,Aprobado
2025-03-26,Salvador,Torres,47649810,salvador.torres25@outlook.com,+54 9 3948 2014,GEN-101,Ética y Tecnología,9,Aprobado
2025-03-26,Benjamin,Ortiz,31445923,benjamin.ortiz@gmail.com,+54 9 3491 8793,DEV-101,Algoritmos I,5,Aprobado
2025-03-26,Máximo,Dominguez,46193548,máximo.dominguez25@outlook.com,+54 9 3467 4424,DAT-101,Introducción a los Datos,4,Aprobado
2025-03-26,Mateo,Mansilla,32839194,mateo.mansilla@gmail.com,+54 9 3965 8085,DAT-101,Introducción a los Datos,4,Aprobado
2025-03-26,Juan Bautista,Ramirez,30219683,juan bautista.ramirez@gmail.com,+54 15 2867 3355,DAT-305,Big Data & Cloud,6,Aprobado
2025-03-26,Thiago,Leiva,45338648,thiago.leiva25@outlook.com,+54 15 2324 7649,MKT-200,Marketing de Contenidos,6,Aprobado
2025-03-26,Mateo Agustin,Torres,35410565,mateo agustin.torres@gmail.com,+54 9 3239 8260,NEG-400,Liderazgo y Negociación,5,Aprobado
2025-03-26,Delfina,Paz,32329071,delfina.paz@gmail.com,+54 9 3502 4461,DAT-201,Estadística Avanzada,7,Aprobado
2025-03-26,León,Gonzalez,37947511,león.gonzalez@gmail.com,+54 15 2238 6033,NEG-400,Liderazgo y Negociación,7,Aprobado
2025-03-26,Santiago,Roldan,33353197,santiago.roldan@gmail.com,+54 9 3596 3393,DAT-305,Big Data & Cloud,10,Aprobado
2025-03-26,Valentina ,Fernandez,47182282,valentina .fernandez25@outlook.com,+54 15 2641 9430,DEV-101,Algoritmos I,4,Aprobado
2025-03-26,Maria Victoria,Gimenez,41084438,maria victoria.gimenez@gmail.com,+54 9 3854 1182,DEV-101,Algoritmos I,10,Aprobado
2025-03-26,Zoe,Vera,30506698,zoe.vera@gmail.com,+54 9 3787 7001,UX-100,Diseño de Experiencia de Usuario,4,Aprobado
2025-03-26,Gino,Ruiz,32034364,gino.ruiz@gmail.com,+54 15 2534 9591,GEN-101,Ética y Tecnología,1,Desaprobado
2025-03-26,Emilia,Cardozo,30703214,emilia.cardozo@gmail.com,+54 9 3875 1081,DEV-101,Algoritmos I,3,Desaprobado
2025-03-26,Julia,Romero,30187041,julia.romero@gmail.com,+54 9 3379 1814,DAT-305,Big Data & Cloud,6,Aprobado
2025-03-27,Ignacio,Gomez,44334164,ignacio.gomez25@outlook.com,+54 15 2365 4676,NEG-400,Liderazgo y Negociación,8,Aprobado
2025-03-27,Juan Manuel,Arias,39023389,juan manuel.arias@gmail.com,+54 9 3290 1431,UX-100,Diseño de Experiencia de Usuario,8,Aprobado
2025-03-27,Alejo,Gonzalez,35147199,alejo.gonzalez@gmail.com,+54 15 2428 8396,NEG-400,Liderazgo y Negociación,1,Desaprobado
2025-03-27,Juana,Pereyra,41994164,juana.pereyra@gmail.com,+54 15 2769 4412,DAT-201,Estadística Avanzada,2,Desaprobado
2025-03-27,Maria Guadalupe,Alvarez,32986537,maria guadalupe.alvarez@gmail.com,+54 15 2709 5950,DEV-101,Algoritmos I,5,Aprobado
2025-03-27,Isabella,Ledesma,36600824,isabella.ledesma@gmail.com,+54 15 2938 0878,UX-100,Diseño de Experiencia de Usuario,7,Aprobado
2025-03-27,Nicolas,Gomez,33179098,nicolas.gomez@gmail.com,+54 9 3781 1162,MKT-200,Marketing de Contenidos,10,Aprobado
2025-03-27,Felipe,Ledesma,31898350,felipe.ledesma@gmail.com,+54 9 3828 9935,DAT-201,Estadística Avanzada,3,Desaprobado
2025-03-27,Thiago,Molina,43537356,thiago.molina25@outlook.com,+54 15 2461 4112,DAT-305,Big Data & Cloud,7,Aprobado
2025-03-27,Simon,Maldonado,37725025,simon.maldonado@gmail.com,+54 9 3878 7089,NEG-400,Liderazgo y Negociación,10,Aprobado
2025-03-27,Josefina,Herrera,37763133,josefina.herrera@gmail.com,+54 9 3576 3256,GEN-101,Ética y Tecnología,3,Desaprobado
2025-03-27,Facundo,Flores,32723334,facundo.flores@gmail.com,+54 15 2967 2706,DAT-101,Introducción a los Datos,9,Aprobado
2025-03-27,Agostina,Benitez,33896639,agostina.benitez@gmail.com,+54 9 3895 1316,DAT-101,Introducción a los Datos,9,Aprobado
2025-03-27,Mateo,Bustos,45150526,mateo.bustos25@outlook.com,+54 15 2689 4844,UX-100,Diseño de Experiencia de Usuario,3,Desaprobado
2025-03-27,Elena,Luna,44965151,elena.luna25@outlook.com,+54 9 3178 3640,IA-400,Deep Learning Aplicado,2,Desaprobado
2025-03-27,Maria Victoria,Gonzalez,44754060,maria victoria.gonzalez25@outlook.com,+54 15 2674 0499,DAT-305,Big Data & Cloud,1,Desaprobado
2025-03-28,Juan Ignacio,Lucero,40045468,juan ignacio.lucero@gmail.com,+54 15 2123 1979,IA-400,Deep Learning Aplicado,4,Aprobado
2025-03-28,Juan Sebastian,Pereyra,44830567,juan sebastian.pereyra25@outlook.com,+54 15 2242 1449,DEV-101,Algoritmos I,8,Aprobado
2025-03-28,Mia Valentina,Gomez,37171122,mia valentina.gomez@gmail.com,+54 15 2597 7948,MKT-200,Marketing de Contenidos,10,Aprobado
2025-03-28,Santino,Benitez,32821847,santino.benitez@gmail.com,+54 15 2380 1070,IA-400,Deep Learning Aplicado,5,Aprobado
2025-03-28,Martina,Romero,34294158,martina.romero@gmail.com,+54 9 3618 8488,UX-100,Diseño de Experiencia de Usuario,3,Desaprobado
2025-03-28,Olivia,Lopez,40804778,olivia.lopez@gmail.com,+54 9 3809 7636,DAT-201,Estadística Avanzada,2,Desaprobado
2025-03-28,Nina,Suarez,43704659,nina.suarez25@outlook.com,+54 15 2286 8138,GEN-101,Ética y Tecnología,2,Desaprobado
2025-03-28,Thiago Nahuel,Castro,40330349,thiago nahuel.castro@gmail.com,+54 15 2513 2629,MKT-200,Marketing de Contenidos,7,Aprobado
2025-03-28,Camila,Olivera,38089426,camila.olivera@gmail.com,+54 15 2343 5969,IA-400,Deep Learning Aplicado,3,Desaprobado
2025-03-28,Thiago Valentin,Fernandez,44049715,thiago valentin.fernandez25@outlook.com,+54 15 2608 7431,DAT-101,Introducción a los Datos,2,Desaprobado
2025-03-28,Clara,Godoy,46418357,clara.godoy25@outlook.com,+54 15 2263 1097,DEV-101,Algoritmos I,6,Aprobado
2025-03-28,Ignacio,Alvarez,33520372,ignacio.alvarez@gmail.com,+54 9 3118 2508,DAT-201,Estadística Avanzada,4,Aprobado
2025-03-29,Constanza,Gutierrez,45041443,constanza.gutierrez25@outlook.com,+54 9 3234 4070,IA-300,Redes Neuronales,5,Aprobado
2025-03-29,Nicolas,Pereyra,36701529,nicolas.pereyra@gmail.com,+54 15 2753 1008,DAT-305,Big Data & Cloud,4,Aprobado
2025-03-29,Juan Martin,Suarez,41132630,juan martin.suarez@gmail.com,+54 15 2314 1908,DAT-305,Big Data & Cloud,5,Aprobado
2025-03-29,Joaquin,Mendez,36065546,joaquin.mendez@gmail.com,+54 9 3116 2665,NEG-400,Liderazgo y Negociación,7,Aprobado
2025-03-29,Olivia,Silva,47207202,olivia.silva25@outlook.com,+54 9 3393 1131,DEV-101,Algoritmos I,2,Desaprobado
2025-03-29,Martina,Ledesma,31355414,martina.ledesma@gmail.com,+54 15 2859 7962,DAT-305,Big Data & Cloud,7,Aprobado
2025-03-29,Benjamin,Silva,44376034,benjamin.silva25@outlook.com,+54 15 2697 6166,IA-300,Redes Neuronales,3,Desaprobado
2025-03-29,Guillermina,Ponce,33566074,guillermina.ponce@gmail.com,+54 15 2494 2419,DAT-305,Big Data & Cloud,3,Desaprobado
2025-03-29,Lisandro,Martinez,41066323,lisandro.martinez@gmail.com,+54 9 3238 4573,IA-300,Redes Neuronales,9,Aprobado
2025-03-29,Maximiliano,Leiva,36858459,maximiliano.leiva@gmail.com,+54 15 2575 6363,NEG-400,Liderazgo y Negociación,10,Aprobado
2025-03-30,Tomàs,Godoy,41051244,tomàs.godoy@gmail.com,+54 15 2375 1247,DAT-201,Estadística Avanzada,4,Aprobado
2025-03-30,Tomàs,Ortiz,45076705,tomàs.ortiz25@outlook.com,+54 9 3857 6471,GEN-101,Ética y Tecnología,9,Aprobado
2025-03-30,Tomas,Lopez,46886132,tomas.lopez25@outlook.com,+54 9 3563 0960,NEG-400,Liderazgo y Negociación,10,Aprobado
2025-03-30,Catalina,Rodriguez,38531623,catalina.rodriguez@gmail.com,+54 9 3727 8330,DAT-201,Estadística Avanzada,1,Desaprobado
2025-03-30,Lola,Valdez,39412125,lola.valdez@gmail.com,+54 9 3115 0663,GEN-101,Ética y Tecnología,8,Aprobado
2025-03-30,Nicolas,Martinez,44512365,nicolas.martinez25@outlook.com,+54 15 2284 1152,MKT-200,Marketing de Contenidos,3,Desaprobado
2025-03-30,Fausto,Gutierrez,46518516,fausto.gutierrez25@outlook.com,+54 9 3720 5245,DEV-101,Algoritmos I,9,Aprobado
2025-03-30,Camila,Arias,31992185,camila.arias@gmail.com,+54 9 3300 4904,NEG-400,Liderazgo y Negociación,9,Aprobado
2025-03-30,Tomas,Leiva,36996781,tomas.leiva@gmail.com,+54 15 2713 1844,DAT-101,Introducción a los Datos,9,Aprobado
2025-03-30,Pedro,Duarte,30268860,pedro.duarte@gmail.com,+54 9 3255 7541,NEG-400,Liderazgo y Negociación,8,Aprobado
2025-03-30,Santiago Benjamin,Rodriguez,41816794,santiago benjamin.rodriguez@gmail.com,+54 15 2686 0781,DAT-101,Introducción a los Datos,7,Aprobado
2025-03-30,Paloma,Aguirre,37659718,paloma.aguirre@gmail.com,+54 15 2626 3682,GEN-101,Ética y Tecnología,10,Aprobado
2025-03-30,Victoria,Barrios,43249808,victoria.barrios25@outlook.com,+54 9 3497 6531,DAT-201,Estadística Avanzada,1,Desaprobado
2025-03-30,Delfina,Alvarez,44988509,delfina.alvarez25@outlook.com,+54 9 3816 7473,DEV-101,Algoritmos I,5,Aprobado
2025-03-30,Luna,Dominguez,41056827,luna.dominguez@gmail.com,+54 15 2569 9500,GEN-101,Ética y Tecnología,5,Aprobado
2025-03-30,Valentina,Castro,34108557,valentina.castro@gmail.com,+54 9 3518 2775,GEN-101,Ética y Tecnología,1,Desaprobado
2025-03-30,Martina,Medina,33614240,martina.medina@gmail.com,+54 9 3418 2700,IA-400,Deep Learning Aplicado,4,Aprobado
2025-03-30,Guadalupe,Garcia,32664172,guadalupe.garcia@gmail.com,+54 15 2806 1915,MKT-200,Marketing de Contenidos,3,Desaprobado
2025-03-30,Camila,Rodriguez,39073370,camila.rodriguez@gmail.com,+54 9 3690 4388,NEG-400,Liderazgo y Negociación,7,Aprobado
2025-03-31,Juan Pablo,Benitez,30163309,juan pablo.benitez@gmail.com,+54 9 3838 2898,GEN-101,Ética y Tecnología,5,Aprobado
2025-03-31,Guadalupe,Rodriguez,45820668,guadalupe.rodriguez25@outlook.com,+54 9 3584 6180,DEV-101,Algoritmos I,3,Desaprobado
2025-03-31,Delfina,Fernandez,32098690,delfina.fernandez@gmail.com,+54 9 3395 3178,DAT-305,Big Data & Cloud,1,Desaprobado
2025-03-31,Alma Mia,Rodriguez,44398280,alma mia.rodriguez25@outlook.com,+54 15 2887 4749,DAT-305,Big Data & Cloud,4,Aprobado
2025-03-31,Juan Martin,Farias,30344498,juan martin.farias@gmail.com,+54 9 3720 0021,IA-400,Deep Learning Aplicado,6,Aprobado
2025-03-31,Uma,Castro,33714793,uma.castro@gmail.com,+54 15 2383 1242,NEG-400,Liderazgo y Negociación,3,Desaprobado
2025-03-31,Octavio,Avila,37162747,octavio.avila@gmail.com,+54 15 2884 2550,NEG-400,Liderazgo y Negociación,1,Desaprobado
2025-03-31,Valentino,Diaz,40305444,valentino.diaz@gmail.com,+54 9 3909 7225,UX-100,Diseño de Experiencia de Usuario,7,Aprobado
2025-03-31,Lucio,Acosta,47633067,lucio.acosta25@outlook.com,+54 9 3453 1982,DAT-101,Introducción a los Datos,4,Aprobado
2025-03-31,Ramiro,Bustos,43662150,ramiro.bustos25@outlook.com,+54 15 2594 6952,IA-400,Deep Learning Aplicado,6,Aprobado
2025-03-31,Tiziano,Franco,46435125,tiziano.franco25@outlook.com,+54 15 2381 1987,MKT-200,Marketing de Contenidos,6,Aprobado
2025-03-31,Joaquin,Suarez,44476887,joaquin.suarez25@outlook.com,+54 15 2166 7577,GEN-101,Ética y Tecnología,10,Aprobado
2025-03-31,Amparo,Vera,32362905,amparo.vera@gmail.com,+54 15 2324 4765,DEV-101,Algoritmos I,6,Aprobado
2025-03-31,Nina,Suarez,43704659,nina.suarez25@outlook.com,+54 15 2286 8138,DAT-101,Introducción a los Datos,10,Aprobado
2025-03-31,Santiago,Rodriguez,34615409,santiago.rodriguez@gmail.com,+54 9 3605 7539,DAT-305,Big Data & Cloud,1,Desaprobado
2025-03-31,Matias,Martin,35850567,matias.martin@gmail.com,+54 15 2276 9738,DAT-305,Big Data & Cloud,8,Aprobado
2025-03-31,Nahiara,Miranda,39473672,nahiara.miranda@gmail.com,+54 15 2698 1134,DAT-305,Big Data & Cloud,8,Aprobado
2025-03-31,Juan Manuel,Arias,39023389,juan manuel.arias@gmail.com,+54 9 3290 1431,IA-400,Deep Learning Aplicado,10,Aprobado
2025-04-01,Francisca,Perez,32283744,francisca.perez@gmail.com,+54 15 2698 0596,IA-300,Redes Neuronales,2,Desaprobado
2025-04-01,Catalina,Acuña,47983495,catalina.acuña25@outlook.com,+54 9 3473 6039,DAT-101,Introducción a los Datos,5,Aprobado
2025-04-01,Kiara,Nuñez,44454123,kiara.nuñez25@outlook.com,+54 9 3406 6420,IA-300,Redes Neuronales,7,Aprobado
2025-04-01,Bianca,Arias,38773709,bianca.arias@gmail.com,+54 15 2889 8252,NEG-400,Liderazgo y Negociación,1,Desaprobado
2025-04-01,Valentina,Martinez,47582243,valentina.martinez25@outlook.com,+54 15 2581 5432,GEN-101,Ética y Tecnología,10,Aprobado
2025-04-01,Ignacio,Herrera,35809204,ignacio.herrera@gmail.com,+54 15 2197 8926,NEG-400,Liderazgo y Negociación,10,Aprobado
2025-04-01,Sol,Rodriguez,46321118,sol.rodriguez25@outlook.com,+54 15 2893 7423,MKT-200,Marketing de Contenidos,6,Aprobado
2025-04-01,Thiago Nicolas,Garcia,45980462,thiago nicolas.garcia25@outlook.com,+54 9 3914 3226,NEG-400,Liderazgo y Negociación,7,Aprobado
2025-04-01,Joaquin,Diaz,40454674,joaquin.diaz@gmail.com,+54 15 2466 5320,UX-100,Diseño de Experiencia de Usuario,8,Aprobado
2025-04-01,Guillermina,Rodriguez,41721070,guillermina.rodriguez@gmail.com,+54 15 2870 7471,DAT-201,Estadística Avanzada,5,Aprobado
2025-04-01,Juan Cruz,Alvarez,40915348,juan cruz.alvarez@gmail.com,+54 15 2127 7692,DAT-101,Introducción a los Datos,8,Aprobado
2025-04-01,Maximo,Toledo,34883029,maximo.toledo@gmail.com,+54 9 3423 2266,DAT-305,Big Data & Cloud,2,Desaprobado
2025-04-01,Guadalupe,Luna,33143242,guadalupe.luna@gmail.com,+54 9 3766 6689,DAT-101,Introducción a los Datos,3,Desaprobado
2025-04-01,Lucio,Lucero,43558573,lucio.lucero25@outlook.com,+54 9 3267 0444,MKT-200,Marketing de Contenidos,3,Desaprobado
2025-04-01,Micaela,Rodriguez,43678310,micaela.rodriguez25@outlook.com,+54 9 3700 6729,DAT-201,Estadística Avanzada,5,Aprobado
2025-04-01,Ignacio,Ruiz,44115122,ignacio.ruiz25@outlook.com,+54 9 3857 4661,NEG-400,Liderazgo y Negociación,7,Aprobado
2025-04-01,Victoria,Gonzalez,47404191,victoria.gonzalez25@outlook.com,+54 9 3626 4680,UX-100,Diseño de Experiencia de Usuario,2,Desaprobado
2025-04-01,Thiago Agustin,Gonzalez,33831924,thiago agustin.gonzalez@gmail.com,+54 9 3844 4805,UX-100,Diseño de Experiencia de Usuario,3,Desaprobado
2025-04-01,Olivia,Lopez,40804778,olivia.lopez@gmail.com,+54 9 3809 7636,DAT-305,Big Data & Cloud,6,Aprobado
2025-04-01,Thiago Valentin,Rodriguez,31909036,thiago valentin.rodriguez@gmail.com,+54 15 2280 0393,NEG-400,Liderazgo y Negociación,2,Desaprobado
2025-04-01,Tomàs,Soria,31239788,tomàs.soria@gmail.com,+54 15 2906 2250,IA-400,Deep Learning Aplicado,2,Desaprobado
2025-04-01,Guadalupe,Luna,33143242,guadalupe.luna@gmail.com,+54 9 3766 6689,DEV-101,Algoritmos I,5,Aprobado
2025-04-02,Mia Morena,Fernandez,36511898,mia morena.fernandez@gmail.com,+54 9 3793 6933,GEN-101,Ética y Tecnología,2,Desaprobado
2025-04-02,Juana,Benitez,40039504,juana.benitez@gmail.com,+54 15 2577 6493,GEN-101,Ética y Tecnología,2,Desaprobado
2025-04-02,Felipe,Fernandez,40235116,felipe.fernandez@gmail.com,+54 9 3491 3591,MKT-200,Marketing de Contenidos,5,Aprobado
2025-04-02,Ignacio,Maidana,30430162,ignacio.maidana@gmail.com,+54 15 2590 5842,DEV-101,Algoritmos I,10,Aprobado
2025-04-02,Morena,Villalba,45825230,morena.villalba25@outlook.com,+54 15 2845 1885,MKT-200,Marketing de Contenidos,6,Aprobado
2025-04-02,Luciano,Gonzalez,46170762,luciano.gonzalez25@outlook.com,+54 15 2284 2891,NEG-400,Liderazgo y Negociación,6,Aprobado
2025-04-02,Maximo,Romero,33418893,maximo.romero@gmail.com,+54 15 2655 6620,DAT-201,Estadística Avanzada,10,Aprobado
2025-04-02,Mateo Ezequiel,Ferreyra,44235496,mateo ezequiel.ferreyra25@outlook.com,+54 15 2133 4336,MKT-200,Marketing de Contenidos,6,Aprobado
2025-04-02,Federico,Ramirez,32498967,federico.ramirez@gmail.com,+54 15 2968 1349,GEN-101,Ética y Tecnología,2,Desaprobado
2025-04-02,Bautista,Gonzalez,37370656,bautista.gonzalez@gmail.com,+54 15 2873 8581,MKT-200,Marketing de Contenidos,7,Aprobado
2025-04-02,Guillermina,Garcia,36542829,guillermina.garcia@gmail.com,+54 15 2957 3056,DEV-101,Algoritmos I,7,Aprobado
2025-04-02,Jazmin,Molina,45841815,jazmin.molina25@outlook.com,+54 9 3818 6655,DEV-101,Algoritmos I,5,Aprobado
2025-04-02,Santiago,Ramos,39087618,santiago.ramos@gmail.com,+54 15 2802 9717,UX-100,Diseño de Experiencia de Usuario,2,Desaprobado
2025-04-02,Mora,Rojas,32705831,mora.rojas@gmail.com,+54 9 3996 9928,DAT-101,Introducción a los Datos,7,Aprobado
2025-04-02,Antonio,Dominguez,37839367,antonio.dominguez@gmail.com,+54 9 3577 5650,GEN-101,Ética y Tecnología,9,Aprobado
2025-04-02,Francesca,Fernandez,46069202,francesca.fernandez25@outlook.com,+54 9 3807 8753,DEV-101,Algoritmos I,6,Aprobado
2025-04-02,Isabella,Alvarez,43871938,isabella.alvarez25@outlook.com,+54 9 3191 5405,DAT-305,Big Data & Cloud,8,Aprobado
2025-04-02,Ian Ezequiel,Lopez,34401288,ian ezequiel.lopez@gmail.com,+54 15 2541 9578,DAT-101,Introducción a los Datos,5,Aprobado
2025-04-02,Jazmin,Rodriguez,38042975,jazmin.rodriguez@gmail.com,+54 15 2984 7690,NEG-400,Liderazgo y Negociación,3,Desaprobado
2025-04-02,Martina,Ojeda,34814097,martina.ojeda@gmail.com,+54 15 2326 9248,DAT-305,Big Data & Cloud,1,Desaprobado
2025-04-02,Mia Valentina,Gomez,39407484,mia valentina.gomez@gmail.com,+54 15 2229 9819,MKT-200,Marketing de Contenidos,4,Aprobado
2025-04-02,Alma,Martinez,32201924,alma.martinez@gmail.com,+54 15 2111 3316,IA-400,Deep Learning Aplicado,3,Desaprobado
2025-04-02,Ignacio,Maidana,30430162,ignacio.maidana@gmail.com,+54 15 2590 5842,UX-100,Diseño de Experiencia de Usuario,7,Aprobado
2025-04-03,Helena,Avila,39684156,helena.avila@gmail.com,+54 9 3312 5660,DAT-101,Introducción a los Datos,3,Desaprobado
2025-04-03,Manuel,Sosa,35994686,manuel.sosa@gmail.com,+54 15 2970 5278,DAT-201,Estadística Avanzada,7,Aprobado
2025-04-03,Lautaro,Diaz,31908414,lautaro.diaz@gmail.com,+54 15 2776 4121,IA-300,Redes Neuronales,5,Aprobado
2025-04-03,Benjamin Ezequiel,Flores,34743897,benjamin ezequiel.flores@gmail.com,+54 9 3592 3371,DAT-305,Big Data & Cloud,1,Desaprobado
2025-04-03,Lucia,Vargas,46965600,lucia.vargas25@outlook.com,+54 15 2303 7009,IA-300,Redes Neuronales,4,Aprobado
2025-04-03,Sofía,Gutierrez,46233381,sofía.gutierrez25@outlook.com,+54 9 3303 6001,NEG-400,Liderazgo y Negociación,9,Aprobado
2025-04-03,Santiago,Diaz,46585675,santiago.diaz25@outlook.com,+54 15 2586 5948,DEV-101,Algoritmos I,8,Aprobado
2025-04-03,Isabella,Romero,39337175,isabella.romero@gmail.com,+54 15 2846 4951,DAT-305,Big Data & Cloud,9,Aprobado
2025-04-03,Lisandro,Martinez,41066323,lisandro.martinez@gmail.com,+54 9 3238 4573,IA-400,Deep Learning Aplicado,7,Aprobado
2025-04-03,Tomàs,Arias,47103537,tomàs.arias25@outlook.com,+54 9 3586 8949,UX-100,Diseño de Experiencia de Usuario,2,Desaprobado
2025-04-04,Juan Francisco,Torres,45694620,juan francisco.torres25@outlook.com,+54 9 3762 4736,IA-300,Redes Neuronales,5,Aprobado
2025-04-04,Ian Benjamin,Bravo,31261719,ian benjamin.bravo@gmail.com,+54 15 2410 8723,IA-400,Deep Learning Aplicado,8,Aprobado
2025-04-04,Thiago Leonel,Villalba,32965831,thiago leonel.villalba@gmail.com,+54 9 3572 0626,NEG-400,Liderazgo y Negociación,7,Aprobado
2025-04-04,Bastian,Fernandez,33320861,bastian.fernandez@gmail.com,+54 9 3905 6663,IA-400,Deep Learning Aplicado,5,Aprobado
2025-04-04,Paula,Ledesma,44651662,paula.ledesma25@outlook.com,+54 9 3286 2293,NEG-400,Liderazgo y Negociación,5,Aprobado
2025-04-04,Gael,Miranda,43521267,gael.miranda25@outlook.com,+54 15 2753 6899,DEV-101,Algoritmos I,10,Aprobado
2025-04-04,Dylan,Peralta,38695540,dylan.peralta@gmail.com,+54 15 2105 6753,GEN-101,Ética y Tecnología,4,Aprobado
2025-04-04,Agustin,Gimenez,39996815,agustin.gimenez@gmail.com,+54 15 2269 2834,IA-300,Redes Neuronales,2,Desaprobado
2025-04-04,Micaela,Villalba,36617253,micaela.villalba@gmail.com,+54 15 2257 7786,GEN-101,Ética y Tecnología,3,Desaprobado
2025-04-04,Valentina,Martinez,47582243,valentina.martinez25@outlook.com,+54 15 2581 5432,IA-300,Redes Neuronales,5,Aprobado
2025-04-04,Constanza,Garcia,45654702,constanza.garcia25@outlook.com,+54 15 2548 3235,MKT-200,Marketing de Contenidos,4,Aprobado
2025-04-04,Sofia,Diaz,47707678,sofia.diaz25@outlook.com,+54 15 2176 6152,IA-300,Redes Neuronales,4,Aprobado
2025-04-04,Valentino,Lopez,34661132,valentino.lopez@gmail.com,+54 15 2133 9476,DAT-101,Introducción a los Datos,1,Desaprobado
2025-04-04,Lautaro Benjamin,Figueroa,37095694,lautaro benjamin.figueroa@gmail.com,+54 15 2679 4827,UX-100,Diseño de Experiencia de Usuario,2,Desaprobado
2025-04-05,Ian Benjamin,Garcia,36998955,ian benjamin.garcia@gmail.com,+54 9 3641 9048,GEN-101,Ética y Tecnología,7,Aprobado
2025-04-05,Joaquin,Pereyra,40846299,joaquin.pereyra@gmail.com,+54 9 3438 6551,GEN-101,Ética y Tecnología,3,Desaprobado
2025-04-05,Sofía,Gomez,39475622,sofía.gomez@gmail.com,+54 15 2649 5613,DAT-201,Estadística Avanzada,10,Aprobado
2025-04-05,Santiago,Benitez,46281181,santiago.benitez25@outlook.com,+54 15 2457 7890,IA-300,Redes Neuronales,5,Aprobado
2025-04-05,Constanza,Garcia,45654702,constanza.garcia25@outlook.com,+54 15 2548 3235,IA-400,Deep Learning Aplicado,8,Aprobado
2025-04-05,Bianca,Gimenez,32451951,bianca.gimenez@gmail.com,+54 9 3950 4224,IA-300,Redes Neuronales,2,Desaprobado
2025-04-05,Milagros,Maidana,34089245,milagros.maidana@gmail.com,+54 15 2315 0648,IA-400,Deep Learning Aplicado,5,Aprobado
2025-04-05,Juan,Ramirez,33984071,juan.ramirez@gmail.com,+54 15 2725 9320,MKT-200,Marketing de Contenidos,8,Aprobado
2025-04-05,Santino,Lopez,43991288,santino.lopez25@outlook.com,+54 15 2139 5310,MKT-200,Marketing de Contenidos,7,Aprobado
2025-04-05,Valentina,Mendez,40204911,valentina.mendez@gmail.com,+54 9 3144 8911,MKT-200,Marketing de Contenidos,4,Aprobado
2025-04-05,Matias,Carrizo,33745990,matias.carrizo@gmail.com,+54 9 3696 4789,GEN-101,Ética y Tecnología,4,Aprobado
2025-04-05,Miguel Angel,Sosa,39765048,miguel angel.sosa@gmail.com,+54 15 2265 6557,DAT-201,Estadística Avanzada,7,Aprobado
2025-04-05,Luisina,Juarez,30946573,luisina.juarez@gmail.com,+54 15 2512 8164,MKT-200,Marketing de Contenidos,6,Aprobado
2025-04-05,Ignacio,Ruiz,44115122,ignacio.ruiz25@outlook.com,+54 9 3857 4661,MKT-200,Marketing de Contenidos,10,Aprobado
2025-04-05,Bautista,Ortiz,35383408,bautista.ortiz@gmail.com,+54 15 2586 7544,IA-400,Deep Learning Aplicado,7,Aprobado
2025-04-05,Santino Agustin,Gomez,46155741,santino agustin.gomez25@outlook.com,+54 15 2190 9079,NEG-400,Liderazgo y Negociación,4,Aprobado
2025-04-05,Camila,Rios,37039481,camila.rios@gmail.com,+54 15 2438 9612,DEV-101,Algoritmos I,3,Desaprobado
2025-04-05,Maria Guadalupe,Alvarez,32986537,maria guadalupe.alvarez@gmail.com,+54 15 2709 5950,DAT-101,Introducción a los Datos,3,Desaprobado
2025-04-05,Alma,Sanchez,34316765,alma.sanchez@gmail.com,+54 15 2426 3934,GEN-101,Ética y Tecnología,2,Desaprobado
2025-04-05,Tiziana,Rios,39006974,tiziana.rios@gmail.com,+54 9 3692 4085,UX-100,Diseño de Experiencia de Usuario,4,Aprobado
2025-04-06,Joaquin,Mansilla,34696467,joaquin.mansilla@gmail.com,+54 9 3717 5960,IA-300,Redes Neuronales,1,Desaprobado
2025-04-06,Alfonsina,Quiroga,33582066,alfonsina.quiroga@gmail.com,+54 15 2537 4263,DAT-101,Introducción a los Datos,9,Aprobado
2025-04-06,Pedro,Duarte,30268860,pedro.duarte@gmail.com,+54 9 3255 7541,DEV-101,Algoritmos I,9,Aprobado
2025-04-06,Santino,Gonzalez,40175984,santino.gonzalez@gmail.com,+54 15 2323 4216,UX-100,Diseño de Experiencia de Usuario,4,Aprobado
2025-04-06,Jazmin,Ledesma,32441127,jazmin.ledesma@gmail.com,+54 15 2561 4868,NEG-400,Liderazgo y Negociación,9,Aprobado
2025-04-06,Ignacio,Martinez,41016204,ignacio.martinez@gmail.com,+54 9 3892 3689,DAT-201,Estadística Avanzada,10,Aprobado
2025-04-06,Olivia,Gonzalez,46762093,olivia.gonzalez25@outlook.com,+54 9 3271 5190,DAT-305,Big Data & Cloud,2,Desaprobado
2025-04-06,Alfonsina,Rivero,34288472,alfonsina.rivero@gmail.com,+54 15 2757 9385,DAT-201,Estadística Avanzada,2,Desaprobado
2025-04-06,Nicolas,Gomez,45820009,nicolas.gomez25@outlook.com,+54 9 3556 1596,DEV-101,Algoritmos I,1,Desaprobado
2025-04-06,Luca,Benitez,32100445,luca.benitez@gmail.com,+54 15 2258 7351,DAT-305,Big Data & Cloud,2,Desaprobado
2025-04-06,Juan Pablo,Benitez,47733210,juan pablo.benitez25@outlook.com,+54 9 3148 0398,DAT-201,Estadística Avanzada,3,Desaprobado
2025-04-06,Valentina,Martinez,45459710,valentina.martinez25@outlook.com,+54 15 2676 9164,IA-300,Redes Neuronales,7,Aprobado
2025-04-06,Ian Benjamin,Bravo,31261719,ian benjamin.bravo@gmail.com,+54 15 2410 8723,DEV-101,Algoritmos I,8,Aprobado
2025-04-06,Isabella,Perez,40774819,isabella.perez@gmail.com,+54 9 3748 9884,DAT-101,Introducción a los Datos,7,Aprobado
2025-04-06,Francesco,Molina,46992814,francesco.molina25@outlook.com,+54 9 3743 8853,IA-300,Redes Neuronales,4,Aprobado
2025-04-06,Martina,Moreno,35930527,martina.moreno@gmail.com,+54 15 2480 5090,NEG-400,Liderazgo y Negociación,4,Aprobado
2025-04-06,Francisco,Gonzalez,32860968,francisco.gonzalez@gmail.com,+54 9 3321 6241,UX-100,Diseño de Experiencia de Usuario,3,Desaprobado
2025-04-06,Ana Paula,Lopez,47214050,ana paula.lopez25@outlook.com,+54 9 3941 3876,GEN-101,Ética y Tecnología,1,Desaprobado
2025-04-06,Delfina,Fernandez,32098690,delfina.fernandez@gmail.com,+54 9 3395 3178,IA-300,Redes Neuronales,7,Aprobado
2025-04-06,Juana,Garcia,35199789,juana.garcia@gmail.com,+54 15 2910 1928,NEG-400,Liderazgo y Negociación,3,Desaprobado
2025-04-07,Tomàs,Gonzalez,40998609,tomàs.gonzalez@gmail.com,+54 9 3448 1992,DEV-101,Algoritmos I,6,Aprobado
2025-04-07,Camila,Gonzalez,40358538,camila.gonzalez@gmail.com,+54 15 2722 9597,IA-300,Redes Neuronales,10,Aprobado
2025-04-07,Juan Bautista,Cardozo,30520054,juan bautista.cardozo@gmail.com,+54 15 2531 1496,MKT-200,Marketing de Contenidos,10,Aprobado
2025-04-07,Agustín,Hernandez,39335040,agustín.hernandez@gmail.com,+54 15 2669 5824,IA-300,Redes Neuronales,5,Aprobado
2025-04-07,Catalina,Gonzalez,35077928,catalina.gonzalez@gmail.com,+54 9 3275 8507,GEN-101,Ética y Tecnología,6,Aprobado
2025-04-07,Juan Martin,Silva,47162613,juan martin.silva25@outlook.com,+54 15 2873 0424,DAT-305,Big Data & Cloud,6,Aprobado
2025-04-07,Jeremias,Herrera,36971688,jeremias.herrera@gmail.com,+54 15 2368 4123,UX-100,Diseño de Experiencia de Usuario,4,Aprobado
2025-04-07,Martina,Flores,43162851,martina.flores25@outlook.com,+54 15 2164 8198,UX-100,Diseño de Experiencia de Usuario,3,Desaprobado
2025-04-07,Jazmin,Gonzalez,44702371,jazmin.gonzalez25@outlook.com,+54 9 3903 0070,DAT-201,Estadística Avanzada,9,Aprobado
2025-04-07,Pedro,Ferreyra,41273545,pedro.ferreyra@gmail.com,+54 15 2430 2797,DEV-101,Algoritmos I,1,Desaprobado
2025-04-07,Thiago Benjamin,Acosta,31471846,thiago benjamin.acosta@gmail.com,+54 9 3832 4833,NEG-400,Liderazgo y Negociación,1,Desaprobado
2025-04-07,Pedro,Duarte,30268860,pedro.duarte@gmail.com,+54 9 3255 7541,DEV-101,Algoritmos I,1,Desaprobado
2025-04-07,Guadalupe,Guzman,44998271,guadalupe.guzman25@outlook.com,+54 9 3216 7688,NEG-400,Liderazgo y Negociación,9,Aprobado
2025-04-07,Juliana,Lopez,32839404,juliana.lopez@gmail.com,+54 15 2948 1879,NEG-400,Liderazgo y Negociación,5,Aprobado
2025-04-07,Juan Bautista,Fernandez,36974458,juan bautista.fernandez@gmail.com,+54 15 2159 2603,UX-100,Diseño de Experiencia de Usuario,6,Aprobado
2025-04-07,Ciro,Martinez,37392794,ciro.martinez@gmail.com,+54 9 3615 6839,NEG-400,Liderazgo y Negociación,2,Desaprobado
2025-04-07,Lucio,Soto,40661993,lucio.soto@gmail.com,+54 9 3942 8997,MKT-200,Marketing de Contenidos,8,Aprobado
2025-04-07,Catalina,Luna,34343190,catalina.luna@gmail.com,+54 15 2555 1130,IA-300,Redes Neuronales,9,Aprobado
2025-04-07,Nicolas,Gomez,45820009,nicolas.gomez25@outlook.com,+54 9 3556 1596,DAT-305,Big Data & Cloud,5,Aprobado
2025-04-07,Uma,Castro,33714793,uma.castro@gmail.com,+54 15 2383 1242,IA-400,Deep Learning Aplicado,9,Aprobado
2025-04-07,Santiago,Rios,45309663,santiago.rios25@outlook.com,+54 9 3109 4316,DEV-101,Algoritmos I,5,Aprobado
2025-04-07,Josefina,Rodriguez,43832291,josefina.rodriguez25@outlook.com,+54 15 2172 1267,DEV-101,Algoritmos I,10,Aprobado
2025-04-08,Geronimo,Acosta,44229724,geronimo.acosta25@outlook.com,+54 15 2507 4379,NEG-400,Liderazgo y Negociación,5,Aprobado
2025-04-08,Clara,Duarte,47517294,clara.duarte25@outlook.com,+54 9 3696 9591,NEG-400,Liderazgo y Negociación,6,Aprobado
2025-04-08,Martina,Medina,33614240,martina.medina@gmail.com,+54 9 3418 2700,GEN-101,Ética y Tecnología,4,Aprobado
2025-04-08,Agustina,Romero,47399378,agustina.romero25@outlook.com,+54 9 3127 2768,NEG-400,Liderazgo y Negociación,7,Aprobado
2025-04-08,Helena,Martinez,33895965,helena.martinez@gmail.com,+54 9 3703 3281,MKT-200,Marketing de Contenidos,5,Aprobado
2025-04-08,Lisandro,Ruiz,34627342,lisandro.ruiz@gmail.com,+54 15 2711 2919,IA-300,Redes Neuronales,6,Aprobado
2025-04-08,Lucía,Fernandez,36028849,lucía.fernandez@gmail.com,+54 15 2982 2674,NEG-400,Liderazgo y Negociación,7,Aprobado
2025-04-08,Constantino,Acosta,34057124,constantino.acosta@gmail.com,+54 9 3853 6227,UX-100,Diseño de Experiencia de Usuario,6,Aprobado
2025-04-08,Angelina,Garcia,35580984,angelina.garcia@gmail.com,+54 9 3933 6024,DEV-101,Algoritmos I,1,Desaprobado
2025-04-08,Lucía,Correa,37672436,lucía.correa@gmail.com,+54 15 2916 6374,DEV-101,Algoritmos I,5,Aprobado
2025-04-08,Agustin,Ledesma,40597857,agustin.ledesma@gmail.com,+54 9 3986 5887,DAT-201,Estadística Avanzada,1,Desaprobado
2025-04-08,Catalina,Ferreyra,45563814,catalina.ferreyra25@outlook.com,+54 9 3912 0137,DAT-305,Big Data & Cloud,10,Aprobado
2025-04-08,Benicio,Fernandez,38070258,benicio.fernandez@gmail.com,+54 9 3937 1930,UX-100,Diseño de Experiencia de Usuario,1,Desaprobado
2025-04-08,Paloma,Vazquez,36200569,paloma.vazquez@gmail.com,+54 9 3381 2923,IA-300,Redes Neuronales,4,Aprobado
2025-04-08,Samuel,Gomez,45865176,samuel.gomez25@outlook.com,+54 15 2951 2629,IA-400,Deep Learning Aplicado,2,Desaprobado
2025-04-08,Sol,Herrera,31324108,sol.herrera@gmail.com,+54 9 3553 6298,NEG-400,Liderazgo y Negociación,2,Desaprobado
2025-04-08,Felipe,Arias,40140970,felipe.arias@gmail.com,+54 9 3762 8206,IA-400,Deep Learning Aplicado,7,Aprobado
2025-04-08,Ambar,Gutierrez,37412229,ambar.gutierrez@gmail.com,+54 9 3508 8909,UX-100,Diseño de Experiencia de Usuario,10,Aprobado
2025-04-09,Valentino,Gonzalez,33229738,valentino.gonzalez@gmail.com,+54 15 2268 3184,NEG-400,Liderazgo y Negociación,7,Aprobado
2025-04-09,Rosario,Peralta,37335497,rosario.peralta@gmail.com,+54 15 2481 8075,NEG-400,Liderazgo y Negociación,5,Aprobado
2025-04-09,Clara,Medina,30483176,clara.medina@gmail.com,+54 9 3844 5967,DEV-101,Algoritmos I,2,Desaprobado
2025-04-09,Thiago,Muñoz,43416171,thiago.muñoz25@outlook.com,+54 9 3603 7408,GEN-101,Ética y Tecnología,2,Desaprobado
2025-04-09,Tomàs,Cardozo,39311402,tomàs.cardozo@gmail.com,+54 15 2113 4033,IA-300,Redes Neuronales,3,Desaprobado
2025-04-09,Faustino,Gomez,45663240,faustino.gomez25@outlook.com,+54 15 2408 2797,DAT-305,Big Data & Cloud,9,Aprobado
2025-04-09,Olivia,Gonzalez,46762093,olivia.gonzalez25@outlook.com,+54 9 3271 5190,IA-400,Deep Learning Aplicado,1,Desaprobado
2025-04-09,Amparo,Herrera,39126892,amparo.herrera@gmail.com,+54 9 3635 7667,DAT-201,Estadística Avanzada,2,Desaprobado
2025-04-09,Nicolas,Gomez,45820009,nicolas.gomez25@outlook.com,+54 9 3556 1596,NEG-400,Liderazgo y Negociación,4,Aprobado
2025-04-09,Olivia,Gonzalez,46762093,olivia.gonzalez25@outlook.com,+54 9 3271 5190,DAT-101,Introducción a los Datos,7,Aprobado
2025-04-09,Benjamin,Nuñez,34933614,benjamin.nuñez@gmail.com,+54 15 2237 6897,UX-100,Diseño de Experiencia de Usuario,3,Desaprobado
2025-04-09,Paulina,Muñoz,30301798,paulina.muñoz@gmail.com,+54 15 2363 3856,DAT-101,Introducción a los Datos,10,Aprobado
2025-04-09,Jazmin,Ledesma,32441127,jazmin.ledesma@gmail.com,+54 15 2561 4868,UX-100,Diseño de Experiencia de Usuario,7,Aprobado
2025-04-09,Rafael,Nuñez,40409948,rafael.nuñez@gmail.com,+54 9 3892 9373,IA-300,Redes Neuronales,1,Desaprobado
2025-04-09,Bautista,Gonzalez,37370656,bautista.gonzalez@gmail.com,+54 15 2873 8581,UX-100,Diseño de Experiencia de Usuario,1,Desaprobado
2025-04-09,Sara,Villalba,41559534,sara.villalba@gmail.com,+54 9 3565 1002,DAT-305,Big Data & Cloud,5,Aprobado
2025-04-09,Kiara,Nuñez,44454123,kiara.nuñez25@outlook.com,+54 9 3406 6420,NEG-400,Liderazgo y Negociación,3,Desaprobado
2025-04-09,Benjamin,Perez,40014561,benjamin.perez@gmail.com,+54 9 3804 5680,DAT-201,Estadística Avanzada,2,Desaprobado
2025-04-09,Bautista,Muñoz,36718901,bautista.muñoz@gmail.com,+54 15 2819 1067,NEG-400,Liderazgo y Negociación,2,Desaprobado
2025-04-09,Santino,Mendoza,45589540,santino.mendoza25@outlook.com,+54 15 2664 9679,UX-100,Diseño de Experiencia de Usuario,9,Aprobado
2025-04-09,Luciano,Gonzalez,46170762,luciano.gonzalez25@outlook.com,+54 15 2284 2891,IA-400,Deep Learning Aplicado,4,Aprobado
2025-04-09,Valentina,Castro,34108557,valentina.castro@gmail.com,+54 9 3518 2775,IA-400,Deep Learning Aplicado,2,Desaprobado
2025-04-09,Franco,Figueroa,47199649,franco.figueroa25@outlook.com,+54 9 3535 1422,IA-300,Redes Neuronales,3,Desaprobado
2025-04-10,Bautista Benjamin,Ruiz,32776935,bautista benjamin.ruiz@gmail.com,+54 9 3526 3801,MKT-200,Marketing de Contenidos,10,Aprobado
2025-04-10,Agustín,Vargas,43507384,agustín.vargas25@outlook.com,+54 9 3327 7831,IA-400,Deep Learning Aplicado,2,Desaprobado
2025-04-10,Simon,Rojas,43286289,simon.rojas25@outlook.com,+54 9 3498 3718,DAT-305,Big Data & Cloud,8,Aprobado
2025-04-10,Amparo,Pereyra,35115152,amparo.pereyra@gmail.com,+54 9 3249 7262,DAT-101,Introducción a los Datos,9,Aprobado
2025-04-10,Alvaro,Arias,37829833,alvaro.arias@gmail.com,+54 9 3413 6271,NEG-400,Liderazgo y Negociación,1,Desaprobado
2025-04-10,Nahuel,Ojeda,30958838,nahuel.ojeda@gmail.com,+54 9 3892 4032,DAT-201,Estadística Avanzada,3,Desaprobado
2025-04-10,Felicitas,Martinez,43652049,felicitas.martinez25@outlook.com,+54 15 2818 1118,MKT-200,Marketing de Contenidos,4,Aprobado
2025-04-10,Manuel,Sosa,35994686,manuel.sosa@gmail.com,+54 15 2970 5278,MKT-200,Marketing de Contenidos,5,Aprobado
2025-04-10,Juan Martin,Olivera,40366603,juan martin.olivera@gmail.com,+54 15 2153 5577,NEG-400,Liderazgo y Negociación,9,Aprobado
2025-04-10,Juan Ignacio,Flores,45499218,juan ignacio.flores25@outlook.com,+54 15 2417 6495,DEV-101,Algoritmos I,1,Desaprobado
2025-04-10,Joaquin,Juarez,35476879,joaquin.juarez@gmail.com,+54 9 3242 1143,UX-100,Diseño de Experiencia de Usuario,10,Aprobado
2025-04-10,Julia,Gonzalez,30713710,julia.gonzalez@gmail.com,+54 15 2264 3330,UX-100,Diseño de Experiencia de Usuario,9,Aprobado
2025-04-10,Santiago,Mendoza,30382587,santiago.mendoza@gmail.com,+54 9 3200 6730,IA-300,Redes Neuronales,9,Aprobado
2025-04-10,Mia,Paez,36304118,mia.paez@gmail.com,+54 15 2723 1546,GEN-101,Ética y Tecnología,10,Aprobado
2025-04-10,Morena Jazmin,Benitez,33596181,morena jazmin.benitez@gmail.com,+54 15 2683 4039,MKT-200,Marketing de Contenidos,8,Aprobado
2025-04-10,Ciro,Caceres,36992557,ciro.caceres@gmail.com,+54 9 3996 2042,DEV-101,Algoritmos I,8,Aprobado
2025-04-10,Geronimo,Maidana,41234290,geronimo.maidana@gmail.com,+54 9 3633 4141,DAT-305,Big Data & Cloud,9,Aprobado
2025-04-10,Pedro,Mendez,40099804,pedro.mendez@gmail.com,+54 15 2260 7597,IA-400,Deep Learning Aplicado,5,Aprobado
2025-04-11,Santino,Lopez,43991288,santino.lopez25@outlook.com,+54 15 2139 5310,MKT-200,Marketing de Contenidos,8,Aprobado
2025-04-11,Pilar,Romero,43714584,pilar.romero25@outlook.com,+54 15 2774 0490,IA-300,Redes Neuronales,6,Aprobado
2025-04-11,Bruno,Diaz,45544606,bruno.diaz25@outlook.com,+54 9 3150 0621,DAT-101,Introducción a los Datos,9,Aprobado
2025-04-11,Miguel Angel,Lucero,45890411,miguel angel.lucero25@outlook.com,+54 15 2766 2715,NEG-400,Liderazgo y Negociación,3,Desaprobado
2025-04-11,Salvador,Lopez,41422321,salvador.lopez@gmail.com,+54 15 2550 8708,MKT-200,Marketing de Contenidos,2,Desaprobado
2025-04-11,Francisco,Aguirre,45186536,francisco.aguirre25@outlook.com,+54 9 3696 3421,IA-300,Redes Neuronales,5,Aprobado
2025-04-11,Simon,Sanchez,40423919,simon.sanchez@gmail.com,+54 15 2664 7787,DAT-201,Estadística Avanzada,3,Desaprobado
2025-04-11,Facundo,Maldonado,43506692,facundo.maldonado25@outlook.com,+54 9 3181 0506,DEV-101,Algoritmos I,4,Aprobado
2025-04-11,Martín,Sanchez,47556368,martín.sanchez25@outlook.com,+54 15 2731 1062,NEG-400,Liderazgo y Negociación,4,Aprobado
2025-04-11,Francesco,Molina,46992814,francesco.molina25@outlook.com,+54 9 3743 8853,DAT-201,Estadística Avanzada,1,Desaprobado
2025-04-11,Isabella,Coronel,45256600,isabella.coronel25@outlook.com,+54 15 2611 5687,GEN-101,Ética y Tecnología,4,Aprobado
2025-04-11,Santiago Nicolas,Ponce,40950154,santiago nicolas.ponce@gmail.com,+54 9 3841 4023,NEG-400,Liderazgo y Negociación,4,Aprobado
2025-04-11,Agustin,Gonzalez,40904939,agustin.gonzalez@gmail.com,+54 15 2218 7975,DAT-101,Introducción a los Datos,3,Desaprobado
2025-04-11,Martina,Coronel,31864701,martina.coronel@gmail.com,+54 9 3131 6223,GEN-101,Ética y Tecnología,7,Aprobado
2025-04-11,Francesca,Ruiz,35667236,francesca.ruiz@gmail.com,+54 9 3545 7920,IA-400,Deep Learning Aplicado,1,Desaprobado
2025-04-11,Nicolas,Coronel,45474619,nicolas.coronel25@outlook.com,+54 9 3111 0312,DAT-101,Introducción a los Datos,6,Aprobado
2025-04-11,Alma,Martinez,36742732,alma.martinez@gmail.com,+54 15 2929 3875,DAT-101,Introducción a los Datos,9,Aprobado
2025-04-11,Josefina,Fernandez,41627786,josefina.fernandez@gmail.com,+54 15 2599 9754,DAT-305,Big Data & Cloud,2,Desaprobado
2025-04-11,Mora,Castillo,33452954,mora.castillo@gmail.com,+54 15 2662 4041,GEN-101,Ética y Tecnología,8,Aprobado
2025-04-11,Juan,Dominguez,39281798,juan.dominguez@gmail.com,+54 9 3390 1416,DAT-305,Big Data & Cloud,2,Desaprobado
2025-04-11,Juan Bautista,Cardozo,35509748,juan bautista.cardozo@gmail.com,+54 9 3898 1732,IA-400,Deep Learning Aplicado,10,Aprobado
2025-04-11,Francisco,Medina,33914516,francisco.medina@gmail.com,+54 15 2170 5083,DAT-201,Estadística Avanzada,6,Aprobado
2025-04-11,Bruno,Ramos,46653953,bruno.ramos25@outlook.com,+54 15 2897 3303,NEG-400,Liderazgo y Negociación,5,Aprobado
2025-04-11,Zoe Jazmin,Rojas,41001006,zoe jazmin.rojas@gmail.com,+54 15 2431 5467,UX-100,Diseño de Experiencia de Usuario,1,Desaprobado
2025-04-11,Zoe Valentina,Martinez,37090862,zoe valentina.martinez@gmail.com,+54 9 3331 0799,UX-100,Diseño de Experiencia de Usuario,6,Aprobado
2025-04-12,Luciana,Caceres,41671067,luciana.caceres@gmail.com,+54 9 3975 2743,DAT-101,Introducción a los Datos,4,Aprobado
2025-04-12,Agustin,Hernandez,40296795,agustin.hernandez@gmail.com,+54 15 2150 0504,MKT-200,Marketing de Contenidos,1,Desaprobado
2025-04-12,Juan Ignacio,Cabrera,31425696,juan ignacio.cabrera@gmail.com,+54 15 2237 6605,DAT-201,Estadística Avanzada,5,Aprobado
2025-04-12,Thiago Ezequiel,Herrera,39297755,thiago ezequiel.herrera@gmail.com,+54 15 2844 0577,UX-100,Diseño de Experiencia de Usuario,7,Aprobado
2025-04-12,Morena Jazmin,Benitez,33596181,morena jazmin.benitez@gmail.com,+54 15 2683 4039,MKT-200,Marketing de Contenidos,9,Aprobado
2025-04-12,Sofia,Fernandez,46329934,sofia.fernandez25@outlook.com,+54 15 2380 1193,IA-300,Redes Neuronales,1,Desaprobado
2025-04-12,Thiago Gabriel,Vazquez,32027618,thiago gabriel.vazquez@gmail.com,+54 9 3179 5999,UX-100,Diseño de Experiencia de Usuario,4,Aprobado
2025-04-12,Miguel Angel,Sosa,39765048,miguel angel.sosa@gmail.com,+54 15 2265 6557,NEG-400,Liderazgo y Negociación,2,Desaprobado
2025-04-12,Luca,Benitez,32100445,luca.benitez@gmail.com,+54 15 2258 7351,NEG-400,Liderazgo y Negociación,7,Aprobado
2025-04-12,Luciano Benjamin,Gonzalez,38017139,luciano benjamin.gonzalez@gmail.com,+54 15 2118 0896,NEG-400,Liderazgo y Negociación,7,Aprobado
2025-04-12,Lara,Peralta,32171676,lara.peralta@gmail.com,+54 15 2143 7730,DAT-201,Estadística Avanzada,7,Aprobado
2025-04-12,Lucía ,Blanco,46828583,lucía .blanco25@outlook.com,+54 9 3174 5167,DEV-101,Algoritmos I,8,Aprobado
2025-04-12,Agustín,Martinez,30294943,agustín.martinez@gmail.com,+54 15 2298 9209,MKT-200,Marketing de Contenidos,3,Desaprobado
2025-04-12,Emilia,Cardozo,30703214,emilia.cardozo@gmail.com,+54 9 3875 1081,GEN-101,Ética y Tecnología,8,Aprobado
2025-04-12,Luca,Benitez,32100445,luca.benitez@gmail.com,+54 15 2258 7351,DAT-305,Big Data & Cloud,10,Aprobado
2025-04-12,Tomas,Pereyra,31206140,tomas.pereyra@gmail.com,+54 9 3797 5403,GEN-101,Ética y Tecnología,4,Aprobado
2025-04-12,Helena,Gomez,34130787,helena.gomez@gmail.com,+54 9 3179 5083,UX-100,Diseño de Experiencia de Usuario,2,Desaprobado
2025-04-13,Paulina,Muñoz,30301798,paulina.muñoz@gmail.com,+54 15 2363 3856,IA-400,Deep Learning Aplicado,7,Aprobado
2025-04-13,Julieta,Quiroga,38964128,julieta.quiroga@gmail.com,+54 15 2997 1411,DAT-201,Estadística Avanzada,5,Aprobado
2025-04-13,Luz Milagros,Paz,36156003,luz milagros.paz@gmail.com,+54 9 3142 1931,UX-100,Diseño de Experiencia de Usuario,8,Aprobado
2025-04-13,Martina,Ponce,47122979,martina.ponce25@outlook.com,+54 9 3940 4991,DAT-201,Estadística Avanzada,3,Desaprobado
2025-04-13,Santiago,Lucero,44284431,santiago.lucero25@outlook.com,+54 15 2793 1757,DAT-101,Introducción a los Datos,7,Aprobado
2025-04-13,Felipe,Castillo,39480865,felipe.castillo@gmail.com,+54 15 2863 2853,DEV-101,Algoritmos I,3,Desaprobado
2025-04-13,Maximo,Toledo,34883029,maximo.toledo@gmail.com,+54 9 3423 2266,UX-100,Diseño de Experiencia de Usuario,9,Aprobado
2025-04-13,Tomas Benjamin,Lopez,46398361,tomas benjamin.lopez25@outlook.com,+54 15 2126 0160,DAT-201,Estadística Avanzada,1,Desaprobado
2025-04-13,Bianca,Miranda,31531992,bianca.miranda@gmail.com,+54 15 2921 0384,DAT-201,Estadística Avanzada,3,Desaprobado
2025-04-13,Jazmín,Figueroa,38313159,jazmín.figueroa@gmail.com,+54 9 3198 8595,UX-100,Diseño de Experiencia de Usuario,8,Aprobado
2025-04-13,Santino Benjamin,Aguero,41994956,santino benjamin.aguero@gmail.com,+54 15 2570 6892,NEG-400,Liderazgo y Negociación,8,Aprobado
2025-04-13,Uma,Martinez,43889224,uma.martinez25@outlook.com,+54 9 3161 3837,DAT-305,Big Data & Cloud,3,Desaprobado
2025-04-14,Mateo,Mansilla,32839194,mateo.mansilla@gmail.com,+54 9 3965 8085,NEG-400,Liderazgo y Negociación,5,Aprobado
2025-04-14,Ignacio,Miranda,31615043,ignacio.miranda@gmail.com,+54 15 2574 4777,MKT-200,Marketing de Contenidos,7,Aprobado
2025-04-14,Renzo,Rodriguez,43492230,renzo.rodriguez25@outlook.com,+54 9 3387 6333,DAT-305,Big Data & Cloud,3,Desaprobado
2025-04-14,Joaquin,Mansilla,43721576,joaquin.mansilla25@outlook.com,+54 9 3211 2576,UX-100,Diseño de Experiencia de Usuario,3,Desaprobado
2025-04-14,Emilia,Cardozo,30703214,emilia.cardozo@gmail.com,+54 9 3875 1081,NEG-400,Liderazgo y Negociación,4,Aprobado
2025-04-14,Valentina,Martinez,47582243,valentina.martinez25@outlook.com,+54 15 2581 5432,DEV-101,Algoritmos I,4,Aprobado
2025-04-14,Ambar,Martinez,41641503,ambar.martinez@gmail.com,+54 15 2263 4099,IA-300,Redes Neuronales,8,Aprobado
2025-04-14,Alejo,Gonzalez,35147199,alejo.gonzalez@gmail.com,+54 15 2428 8396,DAT-201,Estadística Avanzada,3,Desaprobado
2025-04-14,Giuliana,Campos,43542829,giuliana.campos25@outlook.com,+54 15 2374 6730,DAT-101,Introducción a los Datos,10,Aprobado
2025-04-14,Francesca,Ruiz,35667236,francesca.ruiz@gmail.com,+54 9 3545 7920,DEV-101,Algoritmos I,8,Aprobado
2025-04-14,Isabella,Romero,37106276,isabella.romero@gmail.com,+54 15 2995 6996,IA-300,Redes Neuronales,6,Aprobado
2025-04-14,Luca,Gonzalez,32805911,luca.gonzalez@gmail.com,+54 15 2843 9079,DEV-101,Algoritmos I,5,Aprobado
2025-04-14,Renata,Cruz,38002503,renata.cruz@gmail.com,+54 15 2623 2405,DAT-305,Big Data & Cloud,1,Desaprobado
2025-04-14,Joaquin,Mendez,36065546,joaquin.mendez@gmail.com,+54 9 3116 2665,DAT-201,Estadística Avanzada,4,Aprobado
2025-04-14,Isabella,Alvarez,43871938,isabella.alvarez25@outlook.com,+54 9 3191 5405,IA-400,Deep Learning Aplicado,8,Aprobado
2025-04-14,Thiago Benjamin,Romero,35450908,thiago benjamin.romero@gmail.com,+54 15 2559 8530,IA-300,Redes Neuronales,4,Aprobado
2025-04-14,Salvador,Correa,34577564,salvador.correa@gmail.com,+54 15 2524 2874,UX-100,Diseño de Experiencia de Usuario,6,Aprobado
2025-04-14,Sofia,Gimenez,32119317,sofia.gimenez@gmail.com,+54 15 2389 3033,DAT-305,Big Data & Cloud,8,Aprobado
2025-04-14,Catalina,Gonzalez,31278420,catalina.gonzalez@gmail.com,+54 15 2852 0968,NEG-400,Liderazgo y Negociación,1,Desaprobado
2025-04-14,Thiago Leonel,Avila,46356164,thiago leonel.avila25@outlook.com,+54 9 3276 2400,DEV-101,Algoritmos I,8,Aprobado
2025-04-14,Ignacio,Alvarez,33520372,ignacio.alvarez@gmail.com,+54 9 3118 2508,DAT-305,Big Data & Cloud,10,Aprobado
2025-04-15,Valentin,Gonzalez,43941263,valentin.gonzalez25@outlook.com,+54 9 3151 4372,DAT-305,Big Data & Cloud,8,Aprobado
2025-04-15,Nahuel,Ramirez,38780853,nahuel.ramirez@gmail.com,+54 15 2737 9559,NEG-400,Liderazgo y Negociación,5,Aprobado
2025-04-15,Juan Francisco,Torres,45694620,juan francisco.torres25@outlook.com,+54 9 3762 4736,GEN-101,Ética y Tecnología,5,Aprobado
2025-04-15,Maria Paz,Escobar,44101321,maria paz.escobar25@outlook.com,+54 15 2610 2977,NEG-400,Liderazgo y Negociación,7,Aprobado
2025-04-15,Bautista,Gonzalez,37370656,bautista.gonzalez@gmail.com,+54 15 2873 8581,DAT-305,Big Data & Cloud,7,Aprobado
2025-04-15,Morena,Cardozo,41833461,morena.cardozo@gmail.com,+54 15 2732 9591,IA-400,Deep Learning Aplicado,3,Desaprobado
2025-04-15,Franco,Figueroa,47199649,franco.figueroa25@outlook.com,+54 9 3535 1422,DEV-101,Algoritmos I,7,Aprobado
2025-04-15,Mateo,Sanchez,38310176,mateo.sanchez@gmail.com,+54 9 3677 5459,NEG-400,Liderazgo y Negociación,9,Aprobado
2025-04-15,Bruno,Aguirre,44521729,bruno.aguirre25@outlook.com,+54 15 2498 5280,UX-100,Diseño de Experiencia de Usuario,10,Aprobado
2025-04-15,Thiago Leonel,Lopez,44197978,thiago leonel.lopez25@outlook.com,+54 15 2665 4161,UX-100,Diseño de Experiencia de Usuario,3,Desaprobado
2025-04-15,Federico,Cordoba,33276302,federico.cordoba@gmail.com,+54 9 3661 7911,GEN-101,Ética y Tecnología,1,Desaprobado
2025-04-15,Benjamin,Silva,44376034,benjamin.silva25@outlook.com,+54 15 2697 6166,GEN-101,Ética y Tecnología,9,Aprobado
2025-04-15,Simon,Miranda,40311533,simon.miranda@gmail.com,+54 15 2501 3910,GEN-101,Ética y Tecnología,6,Aprobado
2025-04-15,Mia Morena,Ramirez,47233498,mia morena.ramirez25@outlook.com,+54 9 3170 8619,DEV-101,Algoritmos I,5,Aprobado
2025-04-15,Julieta,Luna,31110381,julieta.luna@gmail.com,+54 9 3248 3787,DAT-305,Big Data & Cloud,9,Aprobado
2025-04-15,Clara,Fernandez,46225626,clara.fernandez25@outlook.com,+54 9 3708 8556,MKT-200,Marketing de Contenidos,2,Desaprobado
2025-04-15,Thiago Valentin,Fernandez,44049715,thiago valentin.fernandez25@outlook.com,+54 15 2608 7431,DAT-305,Big Data & Cloud,8,Aprobado
2025-04-15,Alma Valentina,Medina,45315237,alma valentina.medina25@outlook.com,+54 15 2251 7215,DAT-101,Introducción a los Datos,3,Desaprobado
2025-04-15,Francisco,Flores,39623347,francisco.flores@gmail.com,+54 15 2101 9948,IA-300,Redes Neuronales,3,Desaprobado
2025-04-15,Milagros,Maidana,34089245,milagros.maidana@gmail.com,+54 15 2315 0648,NEG-400,Liderazgo y Negociación,2,Desaprobado
2025-04-15,Juan Pablo,Benitez,47733210,juan pablo.benitez25@outlook.com,+54 9 3148 0398,DAT-305,Big Data & Cloud,3,Desaprobado
2025-04-15,Mateo,Rios,37907386,mateo.rios@gmail.com,+54 15 2561 9595,NEG-400,Liderazgo y Negociación,4,Aprobado
2025-04-15,Julia,Ruiz,35294128,julia.ruiz@gmail.com,+54 15 2286 8953,IA-300,Redes Neuronales,4,Aprobado
2025-04-15,Agustín,Roldan,40253163,agustín.roldan@gmail.com,+54 15 2136 8544,DAT-101,Introducción a los Datos,1,Desaprobado
2025-04-15,Juan Cruz,Flores,31349203,juan cruz.flores@gmail.com,+54 9 3845 1594,DAT-101,Introducción a los Datos,6,Aprobado
2025-04-16,Lorenzo,Olivera,31221480,lorenzo.olivera@gmail.com,+54 9 3530 8326,UX-100,Diseño de Experiencia de Usuario,10,Aprobado
2025-04-16,Nicolas,Rodriguez,39396593,nicolas.rodriguez@gmail.com,+54 9 3777 9793,DAT-201,Estadística Avanzada,10,Aprobado
2025-04-16,Martina,Ojeda,34814097,martina.ojeda@gmail.com,+54 15 2326 9248,IA-400,Deep Learning Aplicado,10,Aprobado
2025-04-16,Jazmin,Ledesma,32441127,jazmin.ledesma@gmail.com,+54 15 2561 4868,DAT-101,Introducción a los Datos,7,Aprobado
2025-04-16,Lorenzo,Olivera,31221480,lorenzo.olivera@gmail.com,+54 9 3530 8326,DAT-305,Big Data & Cloud,2,Desaprobado
2025-04-16,Joaquín,Aguirre,40745106,joaquín.aguirre@gmail.com,+54 9 3442 0527,DAT-101,Introducción a los Datos,3,Desaprobado
2025-04-16,Valentina,Castro,43055426,valentina.castro25@outlook.com,+54 9 3424 2168,DAT-101,Introducción a los Datos,10,Aprobado
2025-04-16,Mia Valentina,Gomez,39407484,mia valentina.gomez@gmail.com,+54 15 2229 9819,IA-400,Deep Learning Aplicado,4,Aprobado
2025-04-16,Juana,Maldonado,35532629,juana.maldonado@gmail.com,+54 9 3613 1037,DAT-101,Introducción a los Datos,9,Aprobado
2025-04-16,Rosario,Aguirre,37098062,rosario.aguirre@gmail.com,+54 15 2104 7961,DAT-101,Introducción a los Datos,9,Aprobado
2025-04-16,Juan Ignacio,Flores,45499218,juan ignacio.flores25@outlook.com,+54 15 2417 6495,DAT-201,Estadística Avanzada,6,Aprobado
2025-04-16,Clara,Duarte,47517294,clara.duarte25@outlook.com,+54 9 3696 9591,GEN-101,Ética y Tecnología,4,Aprobado
2025-04-16,Malena,Diaz,46410216,malena.diaz25@outlook.com,+54 9 3383 2231,NEG-400,Liderazgo y Negociación,9,Aprobado
2025-04-16,Francisco,Gonzalez,32860968,francisco.gonzalez@gmail.com,+54 9 3321 6241,DAT-201,Estadística Avanzada,1,Desaprobado
2025-04-16,Isabella,Ledesma,36600824,isabella.ledesma@gmail.com,+54 15 2938 0878,DAT-201,Estadística Avanzada,1,Desaprobado
2025-04-16,Guadalupe,Suarez,44811354,guadalupe.suarez25@outlook.com,+54 15 2203 0506,DAT-101,Introducción a los Datos,7,Aprobado
2025-04-16,Emilia,Morales,38275238,emilia.morales@gmail.com,+54 9 3287 0630,DEV-101,Algoritmos I,3,Desaprobado
2025-04-16,Maximiliano,Leiva,36858459,maximiliano.leiva@gmail.com,+54 15 2575 6363,DAT-305,Big Data & Cloud,3,Desaprobado
2025-04-16,Agustín,Acosta,36882138,agustín.acosta@gmail.com,+54 15 2451 1690,UX-100,Diseño de Experiencia de Usuario,7,Aprobado
2025-04-17,Valentina,Martinez,47582243,valentina.martinez25@outlook.com,+54 15 2581 5432,DAT-201,Estadística Avanzada,8,Aprobado
2025-04-17,Alma,Martinez,32201924,alma.martinez@gmail.com,+54 15 2111 3316,MKT-200,Marketing de Contenidos,4,Aprobado
2025-04-17,Julian,Fernandez,34508579,julian.fernandez@gmail.com,+54 15 2362 0745,GEN-101,Ética y Tecnología,1,Desaprobado
2025-04-17,Agustín,Hernandez,39335040,agustín.hernandez@gmail.com,+54 15 2669 5824,MKT-200,Marketing de Contenidos,10,Aprobado
2025-04-17,Valentino,Gimenez,36092237,valentino.gimenez@gmail.com,+54 15 2622 8522,MKT-200,Marketing de Contenidos,10,Aprobado
2025-04-17,Mia Jazmin,Duarte,36659434,mia jazmin.duarte@gmail.com,+54 15 2178 1659,MKT-200,Marketing de Contenidos,4,Aprobado
2025-04-17,Jeronimo,Romero,37151523,jeronimo.romero@gmail.com,+54 15 2900 3200,MKT-200,Marketing de Contenidos,1,Desaprobado
2025-04-17,Ian,Morales,30781172,ian.morales@gmail.com,+54 15 2845 5090,IA-300,Redes Neuronales,2,Desaprobado
2025-04-17,Ignacio,Avila,39195104,ignacio.avila@gmail.com,+54 15 2473 6581,GEN-101,Ética y Tecnología,8,Aprobado
2025-04-17,Thiago Nahuel,Muñoz,43671566,thiago nahuel.muñoz25@outlook.com,+54 9 3757 7861,DEV-101,Algoritmos I,2,Desaprobado
2025-04-17,Clara,Duarte,47517294,clara.duarte25@outlook.com,+54 9 3696 9591,NEG-400,Liderazgo y Negociación,6,Aprobado
2025-04-17,Jazmin,Barrios,44911255,jazmin.barrios25@outlook.com,+54 9 3242 2607,DAT-201,Estadística Avanzada,1,Desaprobado
2025-04-17,Julia,Romero,46270211,julia.romero25@outlook.com,+54 9 3300 1505,DAT-305,Big Data & Cloud,10,Aprobado
2025-04-17,Giuliana,Fernandez,44443284,giuliana.fernandez25@outlook.com,+54 9 3223 7666,NEG-400,Liderazgo y Negociación,3,Desaprobado
2025-04-17,Dante,Castillo,44407218,dante.castillo25@outlook.com,+54 9 3640 3279,IA-400,Deep Learning Aplicado,1,Desaprobado
2025-04-17,Gael,Medina,37952540,gael.medina@gmail.com,+54 9 3322 6257,DEV-101,Algoritmos I,3,Desaprobado
2025-04-17,Simon,Rojas,43286289,simon.rojas25@outlook.com,+54 9 3498 3718,DAT-201,Estadística Avanzada,7,Aprobado
2025-04-17,Pilar,Arias,44878225,pilar.arias25@outlook.com,+54 9 3712 3590,DAT-101,Introducción a los Datos,6,Aprobado
2025-04-17,Tiziana,Flores,41532385,tiziana.flores@gmail.com,+54 9 3747 5194,UX-100,Diseño de Experiencia de Usuario,5,Aprobado
2025-04-17,Maria Victoria,Ojeda,37880219,maria victoria.ojeda@gmail.com,+54 15 2686 9879,DEV-101,Algoritmos I,10,Aprobado
2025-04-17,Renzo,Rodriguez,30523625,renzo.rodriguez@gmail.com,+54 15 2696 1633,DAT-101,Introducción a los Datos,4,Aprobado
2025-04-18,Santino,Herrera,34764302,santino.herrera@gmail.com,+54 15 2544 4531,DAT-305,Big Data & Cloud,5,Aprobado
2025-04-18,Pedro,Ferreyra,45759579,pedro.ferreyra25@outlook.com,+54 9 3450 7680,DAT-305,Big Data & Cloud,7,Aprobado
2025-04-18,Tomas,Rodriguez,41818271,tomas.rodriguez@gmail.com,+54 9 3256 7760,DAT-101,Introducción a los Datos,10,Aprobado
2025-04-18,Zoe Jazmin,Gutierrez,43647497,zoe jazmin.gutierrez25@outlook.com,+54 15 2460 6899,NEG-400,Liderazgo y Negociación,5,Aprobado
2025-04-18,Mia,Quiroga,37381074,mia.quiroga@gmail.com,+54 9 3252 2837,IA-300,Redes Neuronales,3,Desaprobado
2025-04-18,Ian,Morales,30781172,ian.morales@gmail.com,+54 15 2845 5090,DAT-305,Big Data & Cloud,1,Desaprobado
2025-04-18,Luciana,Caceres,41671067,luciana.caceres@gmail.com,+54 9 3975 2743,DAT-305,Big Data & Cloud,4,Aprobado
2025-04-18,Clara,Muñoz,32108581,clara.muñoz@gmail.com,+54 15 2753 2952,DAT-305,Big Data & Cloud,5,Aprobado
2025-04-18,Bautista Benjamin,Caceres,47197652,bautista benjamin.caceres25@outlook.com,+54 15 2762 7365,IA-300,Redes Neuronales,4,Aprobado
2025-04-18,Joaquín,Peralta,46372785,joaquín.peralta25@outlook.com,+54 9 3801 1599,MKT-200,Marketing de Contenidos,10,Aprobado
2025-04-18,Jazmin,Acosta,47022459,jazmin.acosta25@outlook.com,+54 9 3135 5420,UX-100,Diseño de Experiencia de Usuario,8,Aprobado
2025-04-18,Vicente,Gonzalez,31136038,vicente.gonzalez@gmail.com,+54 15 2971 1423,DAT-201,Estadística Avanzada,5,Aprobado
2025-04-18,Dante,Ramirez,35425422,dante.ramirez@gmail.com,+54 9 3205 6715,UX-100,Diseño de Experiencia de Usuario,1,Desaprobado
2025-04-18,Bianca,Alvarez,39231072,bianca.alvarez@gmail.com,+54 15 2274 2808,UX-100,Diseño de Experiencia de Usuario,5,Aprobado
2025-04-18,Faustino,Lopez,32101106,faustino.lopez@gmail.com,+54 15 2628 4268,IA-300,Redes Neuronales,10,Aprobado
2025-04-19,Mora,Moreno,32318137,mora.moreno@gmail.com,+54 9 3220 2564,DAT-201,Estadística Avanzada,10,Aprobado
2025-04-19,Lourdes,Correa,43690930,lourdes.correa25@outlook.com,+54 9 3569 7113,GEN-101,Ética y Tecnología,10,Aprobado
2025-04-19,Guadalupe,Guzman,44998271,guadalupe.guzman25@outlook.com,+54 9 3216 7688,IA-300,Redes Neuronales,7,Aprobado
2025-04-19,Sofia,Castro,39416795,sofia.castro@gmail.com,+54 15 2163 2423,GEN-101,Ética y Tecnología,1,Desaprobado
2025-04-19,Valentino,Fernandez,33381581,valentino.fernandez@gmail.com,+54 15 2319 9485,GEN-101,Ética y Tecnología,7,Aprobado
2025-04-19,Ian Ezequiel,Silva,31360651,ian ezequiel.silva@gmail.com,+54 9 3829 6877,DAT-101,Introducción a los Datos,5,Aprobado
2025-04-19,Maria Guadalupe,Alvarez,32986537,maria guadalupe.alvarez@gmail.com,+54 15 2709 5950,IA-300,Redes Neuronales,2,Desaprobado
2025-04-19,Francesca,Ramos,38181190,francesca.ramos@gmail.com,+54 15 2982 4752,DAT-101,Introducción a los Datos,5,Aprobado
2025-04-19,Juan Cruz,Moyano,30800017,juan cruz.moyano@gmail.com,+54 15 2808 1024,IA-300,Redes Neuronales,1,Desaprobado
2025-04-19,Ciro,Aguirre,46137809,ciro.aguirre25@outlook.com,+54 15 2585 2761,GEN-101,Ética y Tecnología,4,Aprobado
2025-04-19,Felipe,Castillo,39480865,felipe.castillo@gmail.com,+54 15 2863 2853,IA-400,Deep Learning Aplicado,1,Desaprobado
2025-04-19,Tomàs,Cardozo,39311402,tomàs.cardozo@gmail.com,+54 15 2113 4033,IA-300,Redes Neuronales,1,Desaprobado
2025-04-19,Valentin,Gonzalez,43941263,valentin.gonzalez25@outlook.com,+54 9 3151 4372,IA-400,Deep Learning Aplicado,4,Aprobado
2025-04-19,Ciro,Diaz,39046561,ciro.diaz@gmail.com,+54 15 2290 8580,DAT-305,Big Data & Cloud,1,Desaprobado
2025-04-19,Josefina,Sosa,36443537,josefina.sosa@gmail.com,+54 9 3295 3403,MKT-200,Marketing de Contenidos,2,Desaprobado
2025-04-19,Juan Francisco,Torres,45694620,juan francisco.torres25@outlook.com,+54 9 3762 4736,NEG-400,Liderazgo y Negociación,6,Aprobado
2025-04-19,Alma,Flores,32028866,alma.flores@gmail.com,+54 9 3925 3441,GEN-101,Ética y Tecnología,3,Desaprobado
2025-04-19,Juan Bautista,Perez,46556662,juan bautista.perez25@outlook.com,+54 9 3755 1308,UX-100,Diseño de Experiencia de Usuario,6,Aprobado
2025-04-19,Ciro,Velazquez,39145092,ciro.velazquez@gmail.com,+54 15 2145 9376,NEG-400,Liderazgo y Negociación,3,Desaprobado
2025-04-19,Juan Sebastian,Pereyra,44830567,juan sebastian.pereyra25@outlook.com,+54 15 2242 1449,DEV-101,Algoritmos I,8,Aprobado
2025-04-19,Julieta,Godoy,36780964,julieta.godoy@gmail.com,+54 9 3696 3139,NEG-400,Liderazgo y Negociación,9,Aprobado
2025-04-19,Samuel,Paez,44986230,samuel.paez25@outlook.com,+54 15 2908 7183,MKT-200,Marketing de Contenidos,1,Desaprobado
2025-04-19,Valentina,Gonzalez,45482430,valentina.gonzalez25@outlook.com,+54 9 3479 4266,NEG-400,Liderazgo y Negociación,4,Aprobado
2025-04-19,Juan Martin,Farias,30344498,juan martin.farias@gmail.com,+54 9 3720 0021,MKT-200,Marketing de Contenidos,3,Desaprobado
2025-04-19,Bruno,Cruz,46706919,bruno.cruz25@outlook.com,+54 15 2846 5923,UX-100,Diseño de Experiencia de Usuario,8,Aprobado
2025-04-20,Ana Paula,Molina,36480390,ana paula.molina@gmail.com,+54 9 3377 3025,DEV-101,Algoritmos I,6,Aprobado
2025-04-20,Priscila,Gonzalez,32966903,priscila.gonzalez@gmail.com,+54 9 3910 5293,DAT-305,Big Data & Cloud,9,Aprobado
2025-04-20,Julieta,Gonzalez,38902809,julieta.gonzalez@gmail.com,+54 15 2885 7977,UX-100,Diseño de Experiencia de Usuario,5,Aprobado
2025-04-20,Constantino,Moreno,44221505,constantino.moreno25@outlook.com,+54 15 2504 1837,DAT-305,Big Data & Cloud,6,Aprobado
2025-04-20,Thiago Gabriel,Vazquez,32027618,thiago gabriel.vazquez@gmail.com,+54 9 3179 5999,DAT-305,Big Data & Cloud,10,Aprobado
2025-04-20,Milena,Romero,46572742,milena.romero25@outlook.com,+54 9 3205 0052,DEV-101,Algoritmos I,7,Aprobado
2025-04-20,Mateo,Rios,37907386,mateo.rios@gmail.com,+54 15 2561 9595,DAT-305,Big Data & Cloud,8,Aprobado
2025-04-20,Victoria,Barrios,43249808,victoria.barrios25@outlook.com,+54 9 3497 6531,NEG-400,Liderazgo y Negociación,10,Aprobado
2025-04-20,Josefina,Arias,38693211,josefina.arias@gmail.com,+54 15 2330 5908,DAT-201,Estadística Avanzada,1,Desaprobado
2025-04-20,Isabella,Farias,41051648,isabella.farias@gmail.com,+54 9 3794 4647,MKT-200,Marketing de Contenidos,9,Aprobado
2025-04-20,Genaro,Caceres,41398180,genaro.caceres@gmail.com,+54 9 3872 1544,DAT-101,Introducción a los Datos,7,Aprobado
2025-04-20,Martina,Gimenez,36594251,martina.gimenez@gmail.com,+54 9 3517 9045,IA-400,Deep Learning Aplicado,1,Desaprobado
2025-04-20,Ignacio,Diaz,35563087,ignacio.diaz@gmail.com,+54 15 2494 9875,MKT-200,Marketing de Contenidos,5,Aprobado
2025-04-20,Franco,Figueroa,47199649,franco.figueroa25@outlook.com,+54 9 3535 1422,DAT-201,Estadística Avanzada,8,Aprobado
2025-04-20,Santino,Lopez,39265874,santino.lopez@gmail.com,+54 9 3354 9405,NEG-400,Liderazgo y Negociación,8,Aprobado
2025-04-20,Valentino,Velazquez,43267084,valentino.velazquez25@outlook.com,+54 9 3708 0733,GEN-101,Ética y Tecnología,9,Aprobado
2025-04-20,Martin,Toledo,47416283,martin.toledo25@outlook.com,+54 15 2702 3459,DAT-101,Introducción a los Datos,6,Aprobado
2025-04-21,Maximiliano,Leiva,36858459,maximiliano.leiva@gmail.com,+54 15 2575 6363,IA-300,Redes Neuronales,1,Desaprobado
2025-04-21,Agustín,Soria,45351925,agustín.soria25@outlook.com,+54 9 3897 5265,DAT-305,Big Data & Cloud,8,Aprobado
2025-04-21,Simon,Maldonado,37725025,simon.maldonado@gmail.com,+54 9 3878 7089,DAT-101,Introducción a los Datos,3,Desaprobado
2025-04-21,Thiago Agustin,Suarez,37774603,thiago agustin.suarez@gmail.com,+54 15 2250 4670,GEN-101,Ética y Tecnología,1,Desaprobado
2025-04-21,Agustina,Blanco,43744263,agustina.blanco25@outlook.com,+54 9 3703 5683,MKT-200,Marketing de Contenidos,7,Aprobado
2025-04-21,Ciro Benjamin,Juarez,44811661,ciro benjamin.juarez25@outlook.com,+54 15 2447 6107,UX-100,Diseño de Experiencia de Usuario,1,Desaprobado
2025-04-21,Maximiliano,Leiva,36858459,maximiliano.leiva@gmail.com,+54 15 2575 6363,NEG-400,Liderazgo y Negociación,7,Aprobado
2025-04-21,Isabella,Pereyra,37013243,isabella.pereyra@gmail.com,+54 9 3889 3897,DAT-305,Big Data & Cloud,4,Aprobado
2025-04-21,Thiago Benjamin,Perez,44216431,thiago benjamin.perez25@outlook.com,+54 15 2299 6609,MKT-200,Marketing de Contenidos,3,Desaprobado
2025-04-21,Joaquin,Fernandez,46647366,joaquin.fernandez25@outlook.com,+54 15 2647 1797,IA-400,Deep Learning Aplicado,10,Aprobado
2025-04-21,Ignacio,Blanco,45679679,ignacio.blanco25@outlook.com,+54 9 3818 2260,DAT-201,Estadística Avanzada,8,Aprobado
2025-04-21,Luana,Martinez,45417606,luana.martinez25@outlook.com,+54 9 3215 1578,MKT-200,Marketing de Contenidos,8,Aprobado
2025-04-22,Renata,Dominguez,39160706,renata.dominguez@gmail.com,+54 9 3981 3766,GEN-101,Ética y Tecnología,5,Aprobado
2025-04-22,Dante,Ruiz,35722006,dante.ruiz@gmail.com,+54 9 3948 5100,IA-300,Redes Neuronales,3,Desaprobado
2025-04-22,Juan Bautista,Acosta,31332769,juan bautista.acosta@gmail.com,+54 15 2161 8024,DAT-305,Big Data & Cloud,1,Desaprobado
2025-04-22,Sofia,Sanchez,41314648,sofia.sanchez@gmail.com,+54 15 2374 2561,IA-400,Deep Learning Aplicado,9,Aprobado
2025-04-22,Sofia,Gimenez,32119317,sofia.gimenez@gmail.com,+54 15 2389 3033,UX-100,Diseño de Experiencia de Usuario,1,Desaprobado
2025-04-22,Micaela,Villalba,36617253,micaela.villalba@gmail.com,+54 15 2257 7786,DEV-101,Algoritmos I,9,Aprobado
2025-04-22,Nahuel,Ojeda,30958838,nahuel.ojeda@gmail.com,+54 9 3892 4032,IA-300,Redes Neuronales,8,Aprobado
2025-04-22,Josefina,Herrera,37763133,josefina.herrera@gmail.com,+54 9 3576 3256,DEV-101,Algoritmos I,5,Aprobado
2025-04-22,Lautaro Benjamin,Gomez,44724307,lautaro benjamin.gomez25@outlook.com,+54 15 2212 5434,DAT-101,Introducción a los Datos,6,Aprobado
2025-04-22,Francesca,Fernandez,46069202,francesca.fernandez25@outlook.com,+54 9 3807 8753,NEG-400,Liderazgo y Negociación,3,Desaprobado
2025-04-22,Angel Gabriel,Diaz,31786305,angel gabriel.diaz@gmail.com,+54 9 3746 8800,NEG-400,Liderazgo y Negociación,9,Aprobado
2025-04-22,Miguel Angel,Lucero,45890411,miguel angel.lucero25@outlook.com,+54 15 2766 2715,DAT-305,Big Data & Cloud,4,Aprobado
2025-04-22,Isabella,Roldan,43342517,isabella.roldan25@outlook.com,+54 15 2118 4040,MKT-200,Marketing de Contenidos,1,Desaprobado
2025-04-22,Agustin,Gonzalez,40904939,agustin.gonzalez@gmail.com,+54 15 2218 7975,MKT-200,Marketing de Contenidos,7,Aprobado
2025-04-22,Alfonsina,Ramos,39733145,alfonsina.ramos@gmail.com,+54 15 2392 8879,IA-400,Deep Learning Aplicado,2,Desaprobado
2025-04-22,Gabriel,Acosta,32889452,gabriel.acosta@gmail.com,+54 9 3498 4154,MKT-200,Marketing de Contenidos,9,Aprobado
2025-04-22,Sofía,Nuñez,39908813,sofía.nuñez@gmail.com,+54 9 3794 3359,IA-300,Redes Neuronales,6,Aprobado
2025-04-22,Jeremias,Flores,36421707,jeremias.flores@gmail.com,+54 15 2227 9114,UX-100,Diseño de Experiencia de Usuario,7,Aprobado
2025-04-22,Thiago Nahuel,Muñoz,43671566,thiago nahuel.muñoz25@outlook.com,+54 9 3757 7861,NEG-400,Liderazgo y Negociación,6,Aprobado
2025-04-22,Ramiro,Perez,43827991,ramiro.perez25@outlook.com,+54 9 3631 4194,DEV-101,Algoritmos I,8,Aprobado
2025-04-22,Tomas,Gimenez,37561794,tomas.gimenez@gmail.com,+54 15 2385 2866,UX-100,Diseño de Experiencia de Usuario,10,Aprobado
2025-04-23,Thiago Leonel,Chavez,37606348,thiago leonel.chavez@gmail.com,+54 15 2875 7301,DAT-305,Big Data & Cloud,8,Aprobado
2025-04-23,Juan Ignacio,Navarro,31510273,juan ignacio.navarro@gmail.com,+54 9 3212 7446,DEV-101,Algoritmos I,9,Aprobado
2025-04-23,Matias,Carrizo,33745990,matias.carrizo@gmail.com,+54 9 3696 4789,DAT-201,Estadística Avanzada,8,Aprobado
2025-04-23,Valentina,Castro,43055426,valentina.castro25@outlook.com,+54 9 3424 2168,DAT-101,Introducción a los Datos,8,Aprobado
2025-04-23,Camila,Arias,31992185,camila.arias@gmail.com,+54 9 3300 4904,MKT-200,Marketing de Contenidos,7,Aprobado
2025-04-23,Juan Ignacio,Garcia,37059839,juan ignacio.garcia@gmail.com,+54 9 3264 9730,GEN-101,Ética y Tecnología,4,Aprobado
2025-04-23,Thiago Leonel,Chavez,37606348,thiago leonel.chavez@gmail.com,+54 15 2875 7301,IA-400,Deep Learning Aplicado,7,Aprobado
2025-04-23,Isabella,Guzman,44305990,isabella.guzman25@outlook.com,+54 15 2758 8829,DAT-201,Estadística Avanzada,9,Aprobado
2025-04-23,Benicio,Fernandez,38070258,benicio.fernandez@gmail.com,+54 9 3937 1930,UX-100,Diseño de Experiencia de Usuario,9,Aprobado
2025-04-23,Benjamin,Ortiz,31445923,benjamin.ortiz@gmail.com,+54 9 3491 8793,IA-300,Redes Neuronales,7,Aprobado
2025-04-23,Tomàs,Cardozo,39311402,tomàs.cardozo@gmail.com,+54 15 2113 4033,IA-300,Redes Neuronales,1,Desaprobado
2025-04-23,Alejo,Juarez,34353357,alejo.juarez@gmail.com,+54 15 2977 7774,DEV-101,Algoritmos I,5,Aprobado
2025-04-23,Emilia,Rivero,33247551,emilia.rivero@gmail.com,+54 9 3135 7659,GEN-101,Ética y Tecnología,8,Aprobado
2025-04-23,Lucía,Castro,30973506,lucía.castro@gmail.com,+54 15 2614 2638,IA-400,Deep Learning Aplicado,7,Aprobado
2025-04-23,Juan Ignacio,Garcia,37059839,juan ignacio.garcia@gmail.com,+54 9 3264 9730,MKT-200,Marketing de Contenidos,1,Desaprobado
2025-04-24,Emilia,Cardozo,30703214,emilia.cardozo@gmail.com,+54 9 3875 1081,UX-100,Diseño de Experiencia de Usuario,4,Aprobado
2025-04-24,Thiago Nicolas,Rivero,44419143,thiago nicolas.rivero25@outlook.com,+54 9 3742 4730,IA-400,Deep Learning Aplicado,7,Aprobado
2025-04-24,Victoria,Gonzalez,46952948,victoria.gonzalez25@outlook.com,+54 15 2573 8533,DAT-305,Big Data & Cloud,5,Aprobado
2025-04-24,Valentino,Velazquez,43267084,valentino.velazquez25@outlook.com,+54 9 3708 0733,MKT-200,Marketing de Contenidos,4,Aprobado
2025-04-24,Lucía,Diaz,45488677,lucía.diaz25@outlook.com,+54 15 2301 7703,GEN-101,Ética y Tecnología,8,Aprobado
2025-04-24,Isabella,Coronel,45256600,isabella.coronel25@outlook.com,+54 15 2611 5687,MKT-200,Marketing de Contenidos,9,Aprobado
2025-04-24,Mia Valentina,Gomez,37171122,mia valentina.gomez@gmail.com,+54 15 2597 7948,MKT-200,Marketing de Contenidos,6,Aprobado
2025-04-24,Luciana,Moreno,37351522,luciana.moreno@gmail.com,+54 9 3606 2624,DEV-101,Algoritmos I,9,Aprobado
2025-04-24,Guadalupe,Perez,40201800,guadalupe.perez@gmail.com,+54 9 3201 3021,DAT-101,Introducción a los Datos,6,Aprobado
2025-04-24,Maria Paz,Sosa,44640011,maria paz.sosa25@outlook.com,+54 9 3358 5318,DAT-101,Introducción a los Datos,4,Aprobado
2025-04-24,Luciano,Gonzalez,46170762,luciano.gonzalez25@outlook.com,+54 15 2284 2891,DAT-201,Estadística Avanzada,9,Aprobado
2025-04-24,Valentina,Luna,38671585,valentina.luna@gmail.com,+54 9 3921 4984,DAT-305,Big Data & Cloud,10,Aprobado
2025-04-24,Dylan,Peralta,38695540,dylan.peralta@gmail.com,+54 15 2105 6753,DAT-101,Introducción a los Datos,7,Aprobado
2025-04-24,Lucía,Castro,30973506,lucía.castro@gmail.com,+54 15 2614 2638,NEG-400,Liderazgo y Negociación,8,Aprobado
2025-04-24,Lucio,Gomez,40176154,lucio.gomez@gmail.com,+54 15 2422 5856,GEN-101,Ética y Tecnología,1,Desaprobado
2025-04-24,Milagros,Diaz,41950319,milagros.diaz@gmail.com,+54 9 3290 5987,IA-400,Deep Learning Aplicado,7,Aprobado
2025-04-24,Juan Bautista,Acosta,31332769,juan bautista.acosta@gmail.com,+54 15 2161 8024,UX-100,Diseño de Experiencia de Usuario,2,Desaprobado
2025-04-24,Francisco,Barrios,46669980,francisco.barrios25@outlook.com,+54 9 3636 9138,DAT-201,Estadística Avanzada,5,Aprobado
2025-04-25,Emanuel,Figueroa,39068971,emanuel.figueroa@gmail.com,+54 9 3938 6344,GEN-101,Ética y Tecnología,6,Aprobado
2025-04-25,Maite,Torres,43549346,maite.torres25@outlook.com,+54 15 2226 2116,DAT-201,Estadística Avanzada,8,Aprobado
2025-04-25,Lautaro Benjamin,Rodriguez,30356437,lautaro benjamin.rodriguez@gmail.com,+54 15 2259 6158,DAT-201,Estadística Avanzada,1,Desaprobado
2025-04-25,Josefina,Gonzalez,34919210,josefina.gonzalez@gmail.com,+54 9 3239 8088,UX-100,Diseño de Experiencia de Usuario,7,Aprobado
2025-04-25,Tomàs,Lopez,46210812,tomàs.lopez25@outlook.com,+54 9 3981 6909,IA-400,Deep Learning Aplicado,2,Desaprobado
2025-04-25,Jazmin,Molina,45841815,jazmin.molina25@outlook.com,+54 9 3818 6655,DEV-101,Algoritmos I,7,Aprobado
2025-04-25,Sofia,Castro,39416795,sofia.castro@gmail.com,+54 15 2163 2423,NEG-400,Liderazgo y Negociación,8,Aprobado
2025-04-25,Dylan Benjamin,Martinez,30125745,dylan benjamin.martinez@gmail.com,+54 9 3339 9964,IA-300,Redes Neuronales,6,Aprobado
2025-04-25,Ian,Chavez,41340763,ian.chavez@gmail.com,+54 9 3307 7011,NEG-400,Liderazgo y Negociación,7,Aprobado
2025-04-25,Joaquín,Gonzalez,45280236,joaquín.gonzalez25@outlook.com,+54 15 2698 8228,DAT-201,Estadística Avanzada,4,Aprobado
2025-04-25,Mia Valentina,Gimenez,46966361,mia valentina.gimenez25@outlook.com,+54 15 2560 1349,MKT-200,Marketing de Contenidos,1,Desaprobado
2025-04-25,Mia,Gimenez,44490644,mia.gimenez25@outlook.com,+54 9 3250 3782,DAT-201,Estadística Avanzada,2,Desaprobado
2025-04-25,Clara,Carrizo,47221206,clara.carrizo25@outlook.com,+54 15 2569 5576,DEV-101,Algoritmos I,3,Desaprobado
2025-04-25,Ignacio,Martinez,41016204,ignacio.martinez@gmail.com,+54 9 3892 3689,DAT-305,Big Data & Cloud,4,Aprobado
2025-04-25,Uma ,Chavez,30186819,uma .chavez@gmail.com,+54 15 2368 9480,DAT-101,Introducción a los Datos,2,Desaprobado
2025-04-25,Lautaro Benjamin,Sanchez,39171997,lautaro benjamin.sanchez@gmail.com,+54 9 3126 2775,IA-400,Deep Learning Aplicado,3,Desaprobado
2025-04-25,Mateo,Cabrera,45177328,mateo.cabrera25@outlook.com,+54 9 3616 0407,NEG-400,Liderazgo y Negociación,3,Desaprobado
2025-04-25,Angelina,Garcia,35580984,angelina.garcia@gmail.com,+54 9 3933 6024,DAT-305,Big Data & Cloud,9,Aprobado
2025-04-25,Guadalupe,Guzman,44998271,guadalupe.guzman25@outlook.com,+54 9 3216 7688,IA-300,Redes Neuronales,3,Desaprobado
2025-04-25,Mateo,Acuña,33916616,mateo.acuña@gmail.com,+54 15 2732 0983,IA-400,Deep Learning Aplicado,10,Aprobado
2025-04-25,Gonzalo,Silva,30271801,gonzalo.silva@gmail.com,+54 9 3180 3146,NEG-400,Liderazgo y Negociación,1,Desaprobado
2025-04-25,Renata,Benitez,44754301,renata.benitez25@outlook.com,+54 9 3242 9792,DAT-305,Big Data & Cloud,4,Aprobado
2025-04-26,Mia Valentina,Gimenez,46966361,mia valentina.gimenez25@outlook.com,+54 15 2560 1349,DAT-201,Estadística Avanzada,6,Aprobado
2025-04-26,Dante,Ruiz,35722006,dante.ruiz@gmail.com,+54 9 3948 5100,GEN-101,Ética y Tecnología,3,Desaprobado
2025-04-26,Alma,Figueroa,41830154,alma.figueroa@gmail.com,+54 15 2259 8678,NEG-400,Liderazgo y Negociación,3,Desaprobado
2025-04-26,Lautaro Nahuel,Campos,40854875,lautaro nahuel.campos@gmail.com,+54 15 2827 0015,GEN-101,Ética y Tecnología,5,Aprobado
2025-04-26,Ignacio,Medina,34356341,ignacio.medina@gmail.com,+54 9 3335 3620,DAT-305,Big Data & Cloud,2,Desaprobado
2025-04-26,Juan Manuel,Gomez,43456083,juan manuel.gomez25@outlook.com,+54 9 3996 1245,DAT-305,Big Data & Cloud,2,Desaprobado
2025-04-26,Thiago Benjamin,Diaz,44554637,thiago benjamin.diaz25@outlook.com,+54 15 2144 4662,DAT-201,Estadística Avanzada,4,Aprobado
2025-04-26,Thiago Valentin,Rodriguez,31909036,thiago valentin.rodriguez@gmail.com,+54 15 2280 0393,GEN-101,Ética y Tecnología,2,Desaprobado
2025-04-26,Maria Victoria,Gonzalez,44754060,maria victoria.gonzalez25@outlook.com,+54 15 2674 0499,DAT-201,Estadística Avanzada,3,Desaprobado
2025-04-26,Giuliana,Campos,43542829,giuliana.campos25@outlook.com,+54 15 2374 6730,NEG-400,Liderazgo y Negociación,3,Desaprobado
2025-04-26,Lucía,Sosa,43624314,lucía.sosa25@outlook.com,+54 15 2724 3920,UX-100,Diseño de Experiencia de Usuario,7,Aprobado
2025-04-26,Lucía ,Fernandez,31177427,lucía .fernandez@gmail.com,+54 15 2914 3080,UX-100,Diseño de Experiencia de Usuario,10,Aprobado
2025-04-26,Ambar,Martinez,41641503,ambar.martinez@gmail.com,+54 15 2263 4099,NEG-400,Liderazgo y Negociación,2,Desaprobado
2025-04-26,Gael,Miranda,43521267,gael.miranda25@outlook.com,+54 15 2753 6899,DAT-305,Big Data & Cloud,5,Aprobado
2025-04-26,Thiago Benjamin,Rodriguez,45711997,thiago benjamin.rodriguez25@outlook.com,+54 15 2875 1684,IA-300,Redes Neuronales,7,Aprobado
2025-04-26,Guadalupe,Guzman,44998271,guadalupe.guzman25@outlook.com,+54 9 3216 7688,UX-100,Diseño de Experiencia de Usuario,10,Aprobado
2025-04-26,Mia,Quiroga,37381074,mia.quiroga@gmail.com,+54 9 3252 2837,IA-300,Redes Neuronales,4,Aprobado
2025-04-26,Benicio,Vega,32073901,benicio.vega@gmail.com,+54 9 3425 5825,GEN-101,Ética y Tecnología,5,Aprobado
2025-04-26,Gonzalo,Sanchez,41890956,gonzalo.sanchez@gmail.com,+54 9 3817 4896,IA-300,Redes Neuronales,7,Aprobado
2025-04-26,Juan Cruz,Garcia,46858102,juan cruz.garcia25@outlook.com,+54 9 3422 9990,IA-400,Deep Learning Aplicado,8,Aprobado
2025-04-26,Pedro,Gonzalez,43098716,pedro.gonzalez25@outlook.com,+54 15 2604 8512,DEV-101,Algoritmos I,8,Aprobado
2025-04-26,Sara,Sosa,41396027,sara.sosa@gmail.com,+54 15 2628 3735,UX-100,Diseño de Experiencia de Usuario,10,Aprobado
2025-04-27,Mora,Cabrera,37182051,mora.cabrera@gmail.com,+54 15 2254 1875,IA-400,Deep Learning Aplicado,4,Aprobado
2025-04-27,Lautaro Ezequiel,Miranda,41289442,lautaro ezequiel.miranda@gmail.com,+54 9 3967 1656,DEV-101,Algoritmos I,7,Aprobado
2025-04-27,Valentino,Maidana,47483336,valentino.maidana25@outlook.com,+54 15 2685 8111,DAT-201,Estadística Avanzada,4,Aprobado
2025-04-27,Juan Cruz,Alvarez,40915348,juan cruz.alvarez@gmail.com,+54 15 2127 7692,DAT-101,Introducción a los Datos,2,Desaprobado
2025-04-27,Pedro,Gonzalez,43098716,pedro.gonzalez25@outlook.com,+54 15 2604 8512,GEN-101,Ética y Tecnología,5,Aprobado
2025-04-27,Julia,Gonzalez,30713710,julia.gonzalez@gmail.com,+54 15 2264 3330,NEG-400,Liderazgo y Negociación,6,Aprobado
2025-04-27,Ana Paula,Pereyra,34785335,ana paula.pereyra@gmail.com,+54 15 2960 0575,DAT-305,Big Data & Cloud,2,Desaprobado
2025-04-27,Pedro,Mendez,40099804,pedro.mendez@gmail.com,+54 15 2260 7597,GEN-101,Ética y Tecnología,5,Aprobado
2025-04-27,Santino Benjamin,Lopez,35129843,santino benjamin.lopez@gmail.com,+54 15 2174 8383,DAT-101,Introducción a los Datos,10,Aprobado
2025-04-27,Lola,Valdez,39412125,lola.valdez@gmail.com,+54 9 3115 0663,NEG-400,Liderazgo y Negociación,2,Desaprobado
2025-04-27,Ian,Morales,30781172,ian.morales@gmail.com,+54 15 2845 5090,MKT-200,Marketing de Contenidos,1,Desaprobado
2025-04-27,Antonio,Ledesma,30528419,antonio.ledesma@gmail.com,+54 9 3878 9658,IA-300,Redes Neuronales,9,Aprobado
2025-04-27,Clara,Muñoz,32108581,clara.muñoz@gmail.com,+54 15 2753 2952,DAT-101,Introducción a los Datos,9,Aprobado
2025-04-27,Sol,Rojas,31961540,sol.rojas@gmail.com,+54 9 3770 9067,NEG-400,Liderazgo y Negociación,10,Aprobado
2025-04-27,Benjamin Ezequiel,Garcia,34705463,benjamin ezequiel.garcia@gmail.com,+54 15 2410 6445,DAT-305,Big Data & Cloud,10,Aprobado
2025-04-27,Clara,Gomez,34935270,clara.gomez@gmail.com,+54 15 2637 3974,MKT-200,Marketing de Contenidos,3,Desaprobado
2025-04-27,Ian Ezequiel,Lopez,34401288,ian ezequiel.lopez@gmail.com,+54 15 2541 9578,DAT-305,Big Data & Cloud,6,Aprobado
2025-04-28,Zoe,Fernandez,44286872,zoe.fernandez25@outlook.com,+54 9 3358 4498,MKT-200,Marketing de Contenidos,5,Aprobado
2025-04-28,Julieta,Ramirez,45763623,julieta.ramirez25@outlook.com,+54 9 3271 8048,DAT-305,Big Data & Cloud,4,Aprobado
2025-04-28,Nicolas,Martinez,44512365,nicolas.martinez25@outlook.com,+54 15 2284 1152,DAT-201,Estadística Avanzada,2,Desaprobado
2025-04-28,Morena,Romero,30283834,morena.romero@gmail.com,+54 15 2878 8010,GEN-101,Ética y Tecnología,5,Aprobado
2025-04-28,Dante,Ruiz,35722006,dante.ruiz@gmail.com,+54 9 3948 5100,DAT-101,Introducción a los Datos,6,Aprobado
2025-04-28,Uma,Martinez,43889224,uma.martinez25@outlook.com,+54 9 3161 3837,DAT-201,Estadística Avanzada,6,Aprobado
2025-04-28,Thiago,Molina,43537356,thiago.molina25@outlook.com,+54 15 2461 4112,UX-100,Diseño de Experiencia de Usuario,5,Aprobado
2025-04-28,Alma,Gonzalez,34151433,alma.gonzalez@gmail.com,+54 15 2235 2468,DAT-201,Estadística Avanzada,1,Desaprobado
2025-04-28,Francisco,Nuñez,31221561,francisco.nuñez@gmail.com,+54 15 2303 8793,IA-400,Deep Learning Aplicado,3,Desaprobado
2025-04-28,Tiziano,Franco,46435125,tiziano.franco25@outlook.com,+54 15 2381 1987,DAT-305,Big Data & Cloud,9,Aprobado
2025-04-28,Ambar,Gutierrez,37412229,ambar.gutierrez@gmail.com,+54 9 3508 8909,IA-300,Redes Neuronales,6,Aprobado
2025-04-28,Francisco,Garcia,30205757,francisco.garcia@gmail.com,+54 9 3175 2323,DAT-201,Estadística Avanzada,8,Aprobado
2025-04-29,Matias,Carrizo,33745990,matias.carrizo@gmail.com,+54 9 3696 4789,UX-100,Diseño de Experiencia de Usuario,7,Aprobado
2025-04-29,Joaquín,Romero,46377357,joaquín.romero25@outlook.com,+54 15 2358 6508,IA-400,Deep Learning Aplicado,5,Aprobado
2025-04-29,Juan Cruz,Alvarez,40915348,juan cruz.alvarez@gmail.com,+54 15 2127 7692,IA-300,Redes Neuronales,3,Desaprobado
2025-04-29,Valentino,Diaz,40305444,valentino.diaz@gmail.com,+54 9 3909 7225,IA-400,Deep Learning Aplicado,6,Aprobado
2025-04-29,Catalina,Mendoza,47320705,catalina.mendoza25@outlook.com,+54 9 3256 8036,NEG-400,Liderazgo y Negociación,6,Aprobado
2025-04-29,Nicolas,Torres,44988381,nicolas.torres25@outlook.com,+54 9 3103 2180,UX-100,Diseño de Experiencia de Usuario,9,Aprobado
2025-04-29,Joaquin,Diaz,40454674,joaquin.diaz@gmail.com,+54 15 2466 5320,DAT-201,Estadística Avanzada,5,Aprobado
2025-04-29,Bianca,Martinez,32911130,bianca.martinez@gmail.com,+54 15 2260 9700,DAT-305,Big Data & Cloud,1,Desaprobado
2025-04-29,Bautista,Rios,30227674,bautista.rios@gmail.com,+54 9 3476 9371,UX-100,Diseño de Experiencia de Usuario,8,Aprobado
2025-04-29,Bautista Benjamin,Caceres,47197652,bautista benjamin.caceres25@outlook.com,+54 15 2762 7365,MKT-200,Marketing de Contenidos,8,Aprobado
2025-04-29,Maria Victoria,Gimenez,41084438,maria victoria.gimenez@gmail.com,+54 9 3854 1182,DAT-101,Introducción a los Datos,1,Desaprobado
2025-04-29,Thiago Ezequiel,Herrera,39297755,thiago ezequiel.herrera@gmail.com,+54 15 2844 0577,UX-100,Diseño de Experiencia de Usuario,10,Aprobado
2025-04-29,Juana,Juarez,46780927,juana.juarez25@outlook.com,+54 15 2786 6426,IA-400,Deep Learning Aplicado,10,Aprobado
2025-04-29,Camila,Cabrera,44107875,camila.cabrera25@outlook.com,+54 15 2307 2733,DAT-201,Estadística Avanzada,1,Desaprobado
2025-04-29,Valentina,Martinez,45459710,valentina.martinez25@outlook.com,+54 15 2676 9164,IA-300,Redes Neuronales,4,Aprobado
2025-04-30,Juliana,Barrios,43040142,juliana.barrios25@outlook.com,+54 9 3274 5296,DAT-201,Estadística Avanzada,3,Desaprobado
2025-04-30,Emilia,Rivero,33247551,emilia.rivero@gmail.com,+54 9 3135 7659,UX-100,Diseño de Experiencia de Usuario,5,Aprobado
2025-04-30,Facundo,Paez,32905120,facundo.paez@gmail.com,+54 15 2203 0561,MKT-200,Marketing de Contenidos,7,Aprobado
2025-04-30,Guadalupe,Garcia,32664172,guadalupe.garcia@gmail.com,+54 15 2806 1915,DEV-101,Algoritmos I,4,Aprobado
2025-04-30,Antonella,Ruiz,32583779,antonella.ruiz@gmail.com,+54 9 3119 4733,DAT-101,Introducción a los Datos,10,Aprobado
2025-04-30,Mateo Agustin,Medina,36300221,mateo agustin.medina@gmail.com,+54 9 3907 8832,DEV-101,Algoritmos I,9,Aprobado
2025-04-30,Victoria,Pereyra,37448077,victoria.pereyra@gmail.com,+54 15 2581 0486,DAT-201,Estadística Avanzada,5,Aprobado
2025-04-30,Lola,Diaz,39547835,lola.diaz@gmail.com,+54 15 2695 5368,NEG-400,Liderazgo y Negociación,2,Desaprobado
2025-04-30,Salvador,Fernandez,43254348,salvador.fernandez25@outlook.com,+54 9 3626 8718,NEG-400,Liderazgo y Negociación,2,Desaprobado
2025-04-30,Facundo,Maldonado,43506692,facundo.maldonado25@outlook.com,+54 9 3181 0506,NEG-400,Liderazgo y Negociación,10,Aprobado
2025-04-30,Martina,Martinez,30342609,martina.martinez@gmail.com,+54 15 2874 9345,DAT-305,Big Data & Cloud,2,Desaprobado
2025-04-30,Nina,Martinez,44613692,nina.martinez25@outlook.com,+54 9 3327 7762,DAT-305,Big Data & Cloud,10,Aprobado
2025-04-30,Maite,Torres,43549346,maite.torres25@outlook.com,+54 15 2226 2116,DAT-305,Big Data & Cloud,2,Desaprobado
2025-04-30,Ignacio,Aguirre,33304657,ignacio.aguirre@gmail.com,+54 9 3425 7613,IA-400,Deep Learning Aplicado,6,Aprobado
2025-04-30,Julian,Gomez,44059178,julian.gomez25@outlook.com,+54 15 2879 6484,GEN-101,Ética y Tecnología,6,Aprobado
2025-05-01,Ignacio,Medina,34356341,ignacio.medina@gmail.com,+54 9 3335 3620,IA-400,Deep Learning Aplicado,10,Aprobado
2025-05-01,Emma,Perez,31528064,emma.perez@gmail.com,+54 15 2736 1269,NEG-400,Liderazgo y Negociación,5,Aprobado
2025-05-01,Nicolas,Dominguez,38066467,nicolas.dominguez@gmail.com,+54 9 3330 4137,DAT-201,Estadística Avanzada,5,Aprobado
2025-05-01,Juan David,Martinez,33505185,juan david.martinez@gmail.com,+54 9 3568 5770,UX-100,Diseño de Experiencia de Usuario,2,Desaprobado
2025-05-01,Franco,Ponce,46278232,franco.ponce25@outlook.com,+54 9 3611 1891,IA-400,Deep Learning Aplicado,3,Desaprobado
2025-05-01,Martina,Coronel,31864701,martina.coronel@gmail.com,+54 9 3131 6223,IA-300,Redes Neuronales,4,Aprobado
2025-05-01,Juan Sebastian,Fernandez,44190336,juan sebastian.fernandez25@outlook.com,+54 15 2892 9959,UX-100,Diseño de Experiencia de Usuario,7,Aprobado
2025-05-01,Julia,Garcia,34341037,julia.garcia@gmail.com,+54 9 3642 4333,GEN-101,Ética y Tecnología,8,Aprobado
2025-05-01,Camila,Arias,31992185,camila.arias@gmail.com,+54 9 3300 4904,DAT-101,Introducción a los Datos,4,Aprobado
2025-05-01,Martina,Cardozo,47061751,martina.cardozo25@outlook.com,+54 15 2699 7390,DAT-201,Estadística Avanzada,6,Aprobado
2025-05-01,Guadalupe,Hernandez,31318273,guadalupe.hernandez@gmail.com,+54 9 3787 0236,UX-100,Diseño de Experiencia de Usuario,4,Aprobado
2025-05-02,Ciro Benjamin,Juarez,44811661,ciro benjamin.juarez25@outlook.com,+54 15 2447 6107,MKT-200,Marketing de Contenidos,4,Aprobado
2025-05-02,Malena,Sanchez,46521420,malena.sanchez25@outlook.com,+54 9 3250 0146,IA-400,Deep Learning Aplicado,4,Aprobado
2025-05-02,Santiago,Villalba,32330822,santiago.villalba@gmail.com,+54 9 3285 3364,DAT-305,Big Data & Cloud,6,Aprobado
2025-05-02,Charo,Martinez,33379578,charo.martinez@gmail.com,+54 15 2680 9235,IA-400,Deep Learning Aplicado,2,Desaprobado
2025-05-02,Guillermina,Sosa,30649167,guillermina.sosa@gmail.com,+54 15 2849 9225,NEG-400,Liderazgo y Negociación,5,Aprobado
2025-05-02,Joaquin,Molina,47186211,joaquin.molina25@outlook.com,+54 15 2295 8022,DAT-101,Introducción a los Datos,8,Aprobado
2025-05-02,Julia,Gonzalez,30713710,julia.gonzalez@gmail.com,+54 15 2264 3330,MKT-200,Marketing de Contenidos,5,Aprobado
2025-05-02,Francisco,Rodriguez,43462497,francisco.rodriguez25@outlook.com,+54 9 3619 5749,IA-400,Deep Learning Aplicado,10,Aprobado
2025-05-02,Isabella,Romero,39337175,isabella.romero@gmail.com,+54 15 2846 4951,UX-100,Diseño de Experiencia de Usuario,5,Aprobado
2025-05-02,Morena,Romero,30283834,morena.romero@gmail.com,+54 15 2878 8010,DEV-101,Algoritmos I,7,Aprobado
2025-05-02,Mateo,Lopez,30278086,mateo.lopez@gmail.com,+54 9 3374 3377,DAT-101,Introducción a los Datos,5,Aprobado
2025-05-02,Julian,Fernandez,34508579,julian.fernandez@gmail.com,+54 15 2362 0745,IA-400,Deep Learning Aplicado,9,Aprobado
2025-05-02,Agustina,Pereyra,39244530,agustina.pereyra@gmail.com,+54 9 3667 4320,MKT-200,Marketing de Contenidos,3,Desaprobado
2025-05-02,Francisco,Aguirre,45186536,francisco.aguirre25@outlook.com,+54 9 3696 3421,DAT-201,Estadística Avanzada,2,Desaprobado
2025-05-02,Francisca,Medina,32460250,francisca.medina@gmail.com,+54 9 3379 4613,IA-400,Deep Learning Aplicado,7,Aprobado
2025-05-02,Lucía,Castro,30973506,lucía.castro@gmail.com,+54 15 2614 2638,IA-400,Deep Learning Aplicado,9,Aprobado
2025-05-02,Facundo,Paez,32905120,facundo.paez@gmail.com,+54 15 2203 0561,DAT-101,Introducción a los Datos,10,Aprobado
2025-05-02,Maria Victoria,Gonzalez,44754060,maria victoria.gonzalez25@outlook.com,+54 15 2674 0499,UX-100,Diseño de Experiencia de Usuario,4,Aprobado
2025-05-02,Luz Milagros,Paz,39121001,luz milagros.paz@gmail.com,+54 15 2886 6970,NEG-400,Liderazgo y Negociación,8,Aprobado
2025-05-02,Mora,Gonzalez,31181222,mora.gonzalez@gmail.com,+54 15 2521 0276,MKT-200,Marketing de Contenidos,1,Desaprobado
2025-05-02,Tobias,Cruz,39220415,tobias.cruz@gmail.com,+54 9 3555 5056,IA-300,Redes Neuronales,6,Aprobado
2025-05-02,Juan Ignacio,Perez,36534604,juan ignacio.perez@gmail.com,+54 9 3411 9083,DAT-201,Estadística Avanzada,5,Aprobado
2025-05-03,Delfina,Morales,45417367,delfina.morales25@outlook.com,+54 9 3893 1156,IA-300,Redes Neuronales,10,Aprobado
2025-05-03,Ezequiel,Gonzalez,43597806,ezequiel.gonzalez25@outlook.com,+54 9 3171 3315,GEN-101,Ética y Tecnología,4,Aprobado
2025-05-03,Lautaro Nicolas,Molina,47579509,lautaro nicolas.molina25@outlook.com,+54 15 2448 7264,UX-100,Diseño de Experiencia de Usuario,4,Aprobado
2025-05-03,Benjamin,Perez,40014561,benjamin.perez@gmail.com,+54 9 3804 5680,DAT-101,Introducción a los Datos,5,Aprobado
2025-05-03,Gino,Ruiz,32034364,gino.ruiz@gmail.com,+54 15 2534 9591,DEV-101,Algoritmos I,5,Aprobado
2025-05-03,Francisco,Aguirre,45186536,francisco.aguirre25@outlook.com,+54 9 3696 3421,DAT-201,Estadística Avanzada,1,Desaprobado
2025-05-03,Bruno,Rodriguez,44343339,bruno.rodriguez25@outlook.com,+54 15 2462 5981,DAT-305,Big Data & Cloud,2,Desaprobado
2025-05-03,Juan Gabriel,Miranda,37639684,juan gabriel.miranda@gmail.com,+54 15 2895 6357,NEG-400,Liderazgo y Negociación,9,Aprobado
2025-05-03,Ramiro,Ruiz,45198757,ramiro.ruiz25@outlook.com,+54 15 2164 7783,UX-100,Diseño de Experiencia de Usuario,4,Aprobado
2025-05-03,Agustín,Martinez,30294943,agustín.martinez@gmail.com,+54 15 2298 9209,DAT-305,Big Data & Cloud,10,Aprobado
2025-05-03,Catalina,Quiroga,34318077,catalina.quiroga@gmail.com,+54 15 2805 6505,DAT-101,Introducción a los Datos,6,Aprobado
2025-05-03,Mateo Benjamin,Coronel,33175574,mateo benjamin.coronel@gmail.com,+54 9 3615 8883,DAT-101,Introducción a los Datos,9,Aprobado
2025-05-03,Benjamin,Romero,44242960,benjamin.romero25@outlook.com,+54 9 3617 8558,DAT-201,Estadística Avanzada,1,Desaprobado
2025-05-03,Julia,Garcia,34341037,julia.garcia@gmail.com,+54 9 3642 4333,IA-300,Redes Neuronales,1,Desaprobado
2025-05-03,Thiago Agustin,Diaz,37057932,thiago agustin.diaz@gmail.com,+54 9 3291 2665,UX-100,Diseño de Experiencia de Usuario,2,Desaprobado
2025-05-03,Santino,Rodriguez,33479160,santino.rodriguez@gmail.com,+54 15 2497 0261,DAT-101,Introducción a los Datos,5,Aprobado
2025-05-03,Guadalupe,Suarez,44811354,guadalupe.suarez25@outlook.com,+54 15 2203 0506,NEG-400,Liderazgo y Negociación,3,Desaprobado
2025-05-03,Martina,Coronel,31864701,martina.coronel@gmail.com,+54 9 3131 6223,GEN-101,Ética y Tecnología,2,Desaprobado
2025-05-03,Matias,Diaz,38991597,matias.diaz@gmail.com,+54 9 3119 9955,IA-400,Deep Learning Aplicado,10,Aprobado
2025-05-03,Benjamin,Gomez,46411752,benjamin.gomez25@outlook.com,+54 15 2160 7932,IA-300,Redes Neuronales,3,Desaprobado
2025-05-03,Joaquin,Pereyra,38714246,joaquin.pereyra@gmail.com,+54 9 3239 6010,DAT-201,Estadística Avanzada,10,Aprobado
2025-05-03,Valentino,Fernandez,33381581,valentino.fernandez@gmail.com,+54 15 2319 9485,IA-300,Redes Neuronales,8,Aprobado
2025-05-04,Julieta,Gomez,39752062,julieta.gomez@gmail.com,+54 15 2874 1381,UX-100,Diseño de Experiencia de Usuario,1,Desaprobado
2025-05-04,Lucio,Acosta,47633067,lucio.acosta25@outlook.com,+54 9 3453 1982,IA-400,Deep Learning Aplicado,5,Aprobado
2025-05-04,Thiago Valentin,Rodriguez,31909036,thiago valentin.rodriguez@gmail.com,+54 15 2280 0393,DEV-101,Algoritmos I,10,Aprobado
2025-05-04,Pedro,Duarte,30268860,pedro.duarte@gmail.com,+54 9 3255 7541,IA-300,Redes Neuronales,8,Aprobado
2025-05-04,Valentina,Rodriguez,43059176,valentina.rodriguez25@outlook.com,+54 9 3560 5986,UX-100,Diseño de Experiencia de Usuario,6,Aprobado
2025-05-04,Sara,Villalba,41559534,sara.villalba@gmail.com,+54 9 3565 1002,DEV-101,Algoritmos I,8,Aprobado
2025-05-04,Lisandro,Ruiz,34627342,lisandro.ruiz@gmail.com,+54 15 2711 2919,MKT-200,Marketing de Contenidos,7,Aprobado
2025-05-04,Felicitas,Martinez,43652049,felicitas.martinez25@outlook.com,+54 15 2818 1118,DAT-201,Estadística Avanzada,2,Desaprobado
2025-05-04,Emanuel,Gomez,31576981,emanuel.gomez@gmail.com,+54 9 3734 4828,NEG-400,Liderazgo y Negociación,10,Aprobado
2025-05-04,Benjamin,Lopez,34290854,benjamin.lopez@gmail.com,+54 15 2284 8412,IA-300,Redes Neuronales,3,Desaprobado
2025-05-04,Nahiara,Silva,30173121,nahiara.silva@gmail.com,+54 15 2523 3685,MKT-200,Marketing de Contenidos,2,Desaprobado
2025-05-04,Mia,Mendez,33717161,mia.mendez@gmail.com,+54 9 3271 1287,DAT-305,Big Data & Cloud,2,Desaprobado
2025-05-04,Ambar,Gonzalez,36003291,ambar.gonzalez@gmail.com,+54 15 2573 9740,IA-300,Redes Neuronales,9,Aprobado
2025-05-04,Ciro,Toledo,35834047,ciro.toledo@gmail.com,+54 9 3988 7405,DEV-101,Algoritmos I,2,Desaprobado
2025-05-04,Pedro,Ferreyra,45759579,pedro.ferreyra25@outlook.com,+54 9 3450 7680,DEV-101,Algoritmos I,7,Aprobado
2025-05-04,Thiago Agustin,Vega,36314879,thiago agustin.vega@gmail.com,+54 15 2198 6549,DEV-101,Algoritmos I,6,Aprobado
2025-05-05,Ignacio,Alvarez,33520372,ignacio.alvarez@gmail.com,+54 9 3118 2508,IA-400,Deep Learning Aplicado,7,Aprobado
2025-05-05,Tomàs,Godoy,41051244,tomàs.godoy@gmail.com,+54 15 2375 1247,IA-300,Redes Neuronales,10,Aprobado
2025-05-05,Guadalupe,Guzman,44998271,guadalupe.guzman25@outlook.com,+54 9 3216 7688,NEG-400,Liderazgo y Negociación,6,Aprobado
2025-05-05,Francesco,Maidana,33816707,francesco.maidana@gmail.com,+54 9 3874 8874,DAT-201,Estadística Avanzada,5,Aprobado
2025-05-05,Ana Paula,Flores,44717216,ana paula.flores25@outlook.com,+54 9 3867 9438,DEV-101,Algoritmos I,10,Aprobado
2025-05-05,Juan Martin,Perez,38625723,juan martin.perez@gmail.com,+54 9 3820 2174,UX-100,Diseño de Experiencia de Usuario,4,Aprobado
2025-05-05,Benjamin,Carrizo,37840610,benjamin.carrizo@gmail.com,+54 9 3290 3920,DEV-101,Algoritmos I,3,Desaprobado
2025-05-05,Amparo,Pereyra,35115152,amparo.pereyra@gmail.com,+54 9 3249 7262,DAT-101,Introducción a los Datos,9,Aprobado
2025-05-05,Franco,Miranda,31185628,franco.miranda@gmail.com,+54 15 2123 3316,IA-300,Redes Neuronales,7,Aprobado
2025-05-05,Maximo,Aguirre,44904960,maximo.aguirre25@outlook.com,+54 9 3213 8249,DAT-201,Estadística Avanzada,6,Aprobado
2025-05-05,Felipe,Ledesma,33800391,felipe.ledesma@gmail.com,+54 9 3704 9628,DAT-201,Estadística Avanzada,2,Desaprobado
2025-05-05,Isabella,Sanchez,46026190,isabella.sanchez25@outlook.com,+54 9 3250 2466,MKT-200,Marketing de Contenidos,5,Aprobado
2025-05-05,Lucio,Lucero,43558573,lucio.lucero25@outlook.com,+54 9 3267 0444,UX-100,Diseño de Experiencia de Usuario,2,Desaprobado
2025-05-05,Julieta,Godoy,36780964,julieta.godoy@gmail.com,+54 9 3696 3139,GEN-101,Ética y Tecnología,2,Desaprobado
2025-05-05,Santino Benjamin,Lopez,35129843,santino benjamin.lopez@gmail.com,+54 15 2174 8383,NEG-400,Liderazgo y Negociación,9,Aprobado
2025-05-05,Kiara,Nuñez,44454123,kiara.nuñez25@outlook.com,+54 9 3406 6420,GEN-101,Ética y Tecnología,4,Aprobado
2025-05-05,Julieta,Ramirez,45763623,julieta.ramirez25@outlook.com,+54 9 3271 8048,DAT-201,Estadística Avanzada,7,Aprobado
2025-05-05,Agustín,Maldonado,33084765,agustín.maldonado@gmail.com,+54 15 2392 6791,DEV-101,Algoritmos I,6,Aprobado
2025-05-05,Ambar,Gonzalez,36003291,ambar.gonzalez@gmail.com,+54 15 2573 9740,DAT-305,Big Data & Cloud,5,Aprobado
2025-05-05,Guadalupe,Hernandez,31318273,guadalupe.hernandez@gmail.com,+54 9 3787 0236,DAT-305,Big Data & Cloud,6,Aprobado
2025-05-06,Ignacio,Gimenez,37733861,ignacio.gimenez@gmail.com,+54 9 3319 0771,NEG-400,Liderazgo y Negociación,8,Aprobado
2025-05-06,Alvaro,Arias,37829833,alvaro.arias@gmail.com,+54 9 3413 6271,UX-100,Diseño de Experiencia de Usuario,7,Aprobado
2025-05-06,Paloma,Vazquez,36200569,paloma.vazquez@gmail.com,+54 9 3381 2923,DAT-101,Introducción a los Datos,6,Aprobado
2025-05-06,Bianca,Aguirre,39737785,bianca.aguirre@gmail.com,+54 15 2169 0430,GEN-101,Ética y Tecnología,6,Aprobado
2025-05-06,Matias,Moreno,40531804,matias.moreno@gmail.com,+54 15 2572 0376,DAT-305,Big Data & Cloud,7,Aprobado
2025-05-06,Alma,Fernandez,30820105,alma.fernandez@gmail.com,+54 15 2825 3545,GEN-101,Ética y Tecnología,8,Aprobado
2025-05-06,Catalina,Martinez,30074046,catalina.martinez@gmail.com,+54 9 3304 8866,IA-400,Deep Learning Aplicado,1,Desaprobado
2025-05-06,Bianca,Torres,37584867,bianca.torres@gmail.com,+54 9 3666 0592,DAT-305,Big Data & Cloud,9,Aprobado
2025-05-06,Francisco,Barrios,46669980,francisco.barrios25@outlook.com,+54 9 3636 9138,UX-100,Diseño de Experiencia de Usuario,2,Desaprobado
2025-05-06,Alma Valentina,Rojas,44224033,alma valentina.rojas25@outlook.com,+54 9 3918 6431,IA-400,Deep Learning Aplicado,8,Aprobado
2025-05-06,Valentino,Gimenez,36092237,valentino.gimenez@gmail.com,+54 15 2622 8522,NEG-400,Liderazgo y Negociación,6,Aprobado
2025-05-06,Thiago Benjamin,Romero,35450908,thiago benjamin.romero@gmail.com,+54 15 2559 8530,IA-400,Deep Learning Aplicado,9,Aprobado
2025-05-06,Joaquin,Roldan,34743406,joaquin.roldan@gmail.com,+54 15 2931 3988,DAT-305,Big Data & Cloud,6,Aprobado
2025-05-06,Bianca,Arias,38773709,bianca.arias@gmail.com,+54 15 2889 8252,NEG-400,Liderazgo y Negociación,4,Aprobado
2025-05-06,Ignacio,Vega,37280564,ignacio.vega@gmail.com,+54 9 3678 9364,NEG-400,Liderazgo y Negociación,5,Aprobado
2025-05-06,Maximo,Toledo,34883029,maximo.toledo@gmail.com,+54 9 3423 2266,UX-100,Diseño de Experiencia de Usuario,10,Aprobado
2025-05-06,Valentina ,Fernandez,47182282,valentina .fernandez25@outlook.com,+54 15 2641 9430,UX-100,Diseño de Experiencia de Usuario,1,Desaprobado
2025-05-06,Bautista,Castro,39647120,bautista.castro@gmail.com,+54 9 3859 7299,DAT-201,Estadística Avanzada,1,Desaprobado
2025-05-06,Lucía,Sosa,43624314,lucía.sosa25@outlook.com,+54 15 2724 3920,IA-300,Redes Neuronales,1,Desaprobado
2025-05-06,Bruno,Castro,47983613,bruno.castro25@outlook.com,+54 15 2812 7578,GEN-101,Ética y Tecnología,2,Desaprobado
2025-05-06,Mia Valentina,Gomez,39407484,mia valentina.gomez@gmail.com,+54 15 2229 9819,GEN-101,Ética y Tecnología,1,Desaprobado
2025-05-06,Lautaro Benjamin,Gomez,44724307,lautaro benjamin.gomez25@outlook.com,+54 15 2212 5434,DAT-305,Big Data & Cloud,5,Aprobado
2025-05-06,Francisca,Benitez,46894068,francisca.benitez25@outlook.com,+54 15 2130 9611,DAT-101,Introducción a los Datos,8,Aprobado
2025-05-06,Valentino,Torres,31486885,valentino.torres@gmail.com,+54 9 3638 2030,DEV-101,Algoritmos I,5,Aprobado
2025-05-06,Santino,Vazquez,35643961,santino.vazquez@gmail.com,+54 9 3923 3922,NEG-400,Liderazgo y Negociación,5,Aprobado
2025-05-06,Maximo,Nuñez,38030283,maximo.nuñez@gmail.com,+54 9 3820 5865,DAT-101,Introducción a los Datos,5,Aprobado
2025-05-06,Octavio,Dominguez,40948220,octavio.dominguez@gmail.com,+54 9 3880 4190,DAT-101,Introducción a los Datos,8,Aprobado
2025-05-07,Julieta,Gomez,39752062,julieta.gomez@gmail.com,+54 15 2874 1381,MKT-200,Marketing de Contenidos,9,Aprobado
2025-05-07,Simon,Maldonado,37725025,simon.maldonado@gmail.com,+54 9 3878 7089,DAT-101,Introducción a los Datos,4,Aprobado
2025-05-07,Milagros,Maidana,34089245,milagros.maidana@gmail.com,+54 15 2315 0648,DAT-305,Big Data & Cloud,3,Desaprobado
2025-05-07,Matias,Gomez,31685297,matias.gomez@gmail.com,+54 9 3978 2359,IA-400,Deep Learning Aplicado,7,Aprobado
2025-05-07,Santino,Vazquez,35643961,santino.vazquez@gmail.com,+54 9 3923 3922,DEV-101,Algoritmos I,5,Aprobado
2025-05-07,Agustina,Romero,47399378,agustina.romero25@outlook.com,+54 9 3127 2768,DAT-201,Estadística Avanzada,3,Desaprobado
2025-05-07,Nahiara,Acosta,46775879,nahiara.acosta25@outlook.com,+54 9 3247 3179,IA-300,Redes Neuronales,9,Aprobado
2025-05-07,Francesca,Ramos,38181190,francesca.ramos@gmail.com,+54 15 2982 4752,DEV-101,Algoritmos I,5,Aprobado
2025-05-07,Valentina,Martinez,45459710,valentina.martinez25@outlook.com,+54 15 2676 9164,DEV-101,Algoritmos I,3,Desaprobado
2025-05-07,Jazmin,Cordoba,32976983,jazmin.cordoba@gmail.com,+54 15 2289 4607,GEN-101,Ética y Tecnología,1,Desaprobado
2025-05-07,Angel Gabriel,Diaz,31786305,angel gabriel.diaz@gmail.com,+54 9 3746 8800,NEG-400,Liderazgo y Negociación,2,Desaprobado
2025-05-07,Sofia,Sanchez,43276053,sofia.sanchez25@outlook.com,+54 15 2563 6859,IA-300,Redes Neuronales,8,Aprobado
2025-05-07,Bianca,Dominguez,45153061,bianca.dominguez25@outlook.com,+54 15 2946 2035,IA-400,Deep Learning Aplicado,4,Aprobado
2025-05-07,Federico,Ramirez,32498967,federico.ramirez@gmail.com,+54 15 2968 1349,UX-100,Diseño de Experiencia de Usuario,7,Aprobado
2025-05-07,Maria Victoria,Blanco,33649881,maria victoria.blanco@gmail.com,+54 15 2106 0667,DAT-201,Estadística Avanzada,4,Aprobado
2025-05-08,Thiago,Gomez,39835913,thiago.gomez@gmail.com,+54 9 3360 2893,DAT-201,Estadística Avanzada,9,Aprobado
2025-05-08,Sol,Rojas,31961540,sol.rojas@gmail.com,+54 9 3770 9067,IA-300,Redes Neuronales,10,Aprobado
2025-05-08,Joaquin,Aguirre,45024595,joaquin.aguirre25@outlook.com,+54 15 2117 6640,IA-400,Deep Learning Aplicado,1,Desaprobado
2025-05-08,Santino,Duarte,41815317,santino.duarte@gmail.com,+54 15 2268 9888,NEG-400,Liderazgo y Negociación,6,Aprobado
2025-05-08,Amparo,Pereyra,35115152,amparo.pereyra@gmail.com,+54 9 3249 7262,DAT-201,Estadística Avanzada,8,Aprobado
2025-05-08,Joaquin,Juarez,35476879,joaquin.juarez@gmail.com,+54 9 3242 1143,GEN-101,Ética y Tecnología,6,Aprobado
2025-05-08,Maria Paz,Velazquez,30377321,maria paz.velazquez@gmail.com,+54 15 2953 8715,DAT-101,Introducción a los Datos,1,Desaprobado
2025-05-08,Joaquín,Torres,37148568,joaquín.torres@gmail.com,+54 9 3210 7058,IA-300,Redes Neuronales,6,Aprobado
2025-05-08,Isabella,Mansilla,46183284,isabella.mansilla25@outlook.com,+54 15 2389 1890,DAT-201,Estadística Avanzada,4,Aprobado
2025-05-08,Uma,Martinez,43889224,uma.martinez25@outlook.com,+54 9 3161 3837,GEN-101,Ética y Tecnología,4,Aprobado
2025-05-08,Bautista,Castro,39647120,bautista.castro@gmail.com,+54 9 3859 7299,DEV-101,Algoritmos I,3,Desaprobado
2025-05-08,Malena,Torres,31662806,malena.torres@gmail.com,+54 15 2176 1827,GEN-101,Ética y Tecnología,10,Aprobado
2025-05-08,Lautaro Benjamin,Hernandez,46345360,lautaro benjamin.hernandez25@outlook.com,+54 15 2100 6981,GEN-101,Ética y Tecnología,8,Aprobado
2025-05-08,Felipe,Sanchez,31594339,felipe.sanchez@gmail.com,+54 15 2687 2298,UX-100,Diseño de Experiencia de Usuario,3,Desaprobado
2025-05-08,Alma Mia,Gonzalez,36040952,alma mia.gonzalez@gmail.com,+54 9 3610 7840,IA-300,Redes Neuronales,3,Desaprobado
2025-05-08,Pedro,Gonzalez,43098716,pedro.gonzalez25@outlook.com,+54 15 2604 8512,NEG-400,Liderazgo y Negociación,7,Aprobado
2025-05-08,Juan Ignacio,Godoy,45259638,juan ignacio.godoy25@outlook.com,+54 9 3765 6971,MKT-200,Marketing de Contenidos,2,Desaprobado
2025-05-08,Ciro,Peralta,35069582,ciro.peralta@gmail.com,+54 15 2448 4464,MKT-200,Marketing de Contenidos,1,Desaprobado
2025-05-09,Emma,Chavez,32817735,emma.chavez@gmail.com,+54 9 3212 1715,UX-100,Diseño de Experiencia de Usuario,7,Aprobado
2025-05-09,Helena,Martinez,33895965,helena.martinez@gmail.com,+54 9 3703 3281,NEG-400,Liderazgo y Negociación,10,Aprobado
2025-05-09,Felipe,Ledesma,31898350,felipe.ledesma@gmail.com,+54 9 3828 9935,DEV-101,Algoritmos I,4,Aprobado
2025-05-09,Agustina,Blanco,43744263,agustina.blanco25@outlook.com,+54 9 3703 5683,DAT-101,Introducción a los Datos,6,Aprobado
2025-05-09,Julieta,Ramirez,45763623,julieta.ramirez25@outlook.com,+54 9 3271 8048,UX-100,Diseño de Experiencia de Usuario,8,Aprobado
2025-05-09,Agustín,Roldan,40253163,agustín.roldan@gmail.com,+54 15 2136 8544,MKT-200,Marketing de Contenidos,7,Aprobado
2025-05-09,Emilia,Rivero,33247551,emilia.rivero@gmail.com,+54 9 3135 7659,IA-300,Redes Neuronales,5,Aprobado
2025-05-09,Alma Mia,Gonzalez,36040952,alma mia.gonzalez@gmail.com,+54 9 3610 7840,DAT-101,Introducción a los Datos,8,Aprobado
2025-05-09,Joaquin,Ramos,46271176,joaquin.ramos25@outlook.com,+54 9 3899 8281,IA-400,Deep Learning Aplicado,5,Aprobado
2025-05-09,Juliana,Barrios,43040142,juliana.barrios25@outlook.com,+54 9 3274 5296,DAT-201,Estadística Avanzada,6,Aprobado
2025-05-09,Valentino,Ferreyra,33088513,valentino.ferreyra@gmail.com,+54 15 2279 1991,DAT-201,Estadística Avanzada,7,Aprobado
2025-05-09,Francisco,Garcia,30205757,francisco.garcia@gmail.com,+54 9 3175 2323,NEG-400,Liderazgo y Negociación,9,Aprobado
2025-05-09,Jazmin,Martinez,33742338,jazmin.martinez@gmail.com,+54 9 3250 5960,IA-400,Deep Learning Aplicado,8,Aprobado
2025-05-09,Juan Pablo,Benitez,30163309,juan pablo.benitez@gmail.com,+54 9 3838 2898,DAT-305,Big Data & Cloud,5,Aprobado
2025-05-10,Julieta,Martinez,44858776,julieta.martinez25@outlook.com,+54 15 2762 9518,IA-300,Redes Neuronales,9,Aprobado
2025-05-10,Tobias,Castillo,35608376,tobias.castillo@gmail.com,+54 15 2609 1713,DEV-101,Algoritmos I,9,Aprobado
2025-05-10,Ambar,Gonzalez,36003291,ambar.gonzalez@gmail.com,+54 15 2573 9740,IA-300,Redes Neuronales,7,Aprobado
2025-05-10,Agustin,Gimenez,39996815,agustin.gimenez@gmail.com,+54 15 2269 2834,GEN-101,Ética y Tecnología,6,Aprobado
2025-05-10,Valentino,Paz,32604998,valentino.paz@gmail.com,+54 15 2165 0154,DEV-101,Algoritmos I,1,Desaprobado
2025-05-10,Maximiliano,Molina,47607767,maximiliano.molina25@outlook.com,+54 15 2310 9539,UX-100,Diseño de Experiencia de Usuario,1,Desaprobado
2025-05-10,Ignacio,Farias,41204894,ignacio.farias@gmail.com,+54 9 3335 6297,MKT-200,Marketing de Contenidos,7,Aprobado
2025-05-10,Thiago Valentin,Fernandez,44049715,thiago valentin.fernandez25@outlook.com,+54 15 2608 7431,DAT-201,Estadística Avanzada,2,Desaprobado
2025-05-10,Gonzalo,Sanchez,41890956,gonzalo.sanchez@gmail.com,+54 9 3817 4896,DAT-305,Big Data & Cloud,4,Aprobado
2025-05-10,Bautista,Velazquez,39255922,bautista.velazquez@gmail.com,+54 15 2339 6181,NEG-400,Liderazgo y Negociación,8,Aprobado
2025-05-10,Maximiliano,Molina,47607767,maximiliano.molina25@outlook.com,+54 15 2310 9539,DAT-201,Estadística Avanzada,4,Aprobado
2025-05-10,Jazmin,Cordoba,32976983,jazmin.cordoba@gmail.com,+54 15 2289 4607,GEN-101,Ética y Tecnología,5,Aprobado
2025-05-10,Helena,Gomez,47911334,helena.gomez25@outlook.com,+54 9 3739 5483,DEV-101,Algoritmos I,5,Aprobado
2025-05-10,Olivia,Quiroga,46599245,olivia.quiroga25@outlook.com,+54 9 3911 0488,NEG-400,Liderazgo y Negociación,9,Aprobado
2025-05-10,Thiago,Rodriguez,45496689,thiago.rodriguez25@outlook.com,+54 15 2502 7179,GEN-101,Ética y Tecnología,5,Aprobado
2025-05-10,Bruno,Castro,47983613,bruno.castro25@outlook.com,+54 15 2812 7578,DAT-101,Introducción a los Datos,4,Aprobado
2025-05-10,Martina,Medina,33614240,martina.medina@gmail.com,+54 9 3418 2700,DEV-101,Algoritmos I,7,Aprobado
2025-05-10,Francisca,Medina,32460250,francisca.medina@gmail.com,+54 9 3379 4613,IA-400,Deep Learning Aplicado,6,Aprobado
2025-05-10,Lucía,Gonzalez,37121626,lucía.gonzalez@gmail.com,+54 9 3888 3121,NEG-400,Liderazgo y Negociación,1,Desaprobado
2025-05-11,Genaro,Gomez,46541120,genaro.gomez25@outlook.com,+54 9 3992 3890,NEG-400,Liderazgo y Negociación,5,Aprobado
2025-05-11,Juan Martin,Suarez,41132630,juan martin.suarez@gmail.com,+54 15 2314 1908,GEN-101,Ética y Tecnología,2,Desaprobado
2025-05-11,Josefina,Fernandez,41627786,josefina.fernandez@gmail.com,+54 15 2599 9754,IA-300,Redes Neuronales,6,Aprobado
2025-05-11,Bruno,Diaz,45544606,bruno.diaz25@outlook.com,+54 9 3150 0621,DAT-305,Big Data & Cloud,1,Desaprobado
2025-05-11,Joaquin,Pereyra,40846299,joaquin.pereyra@gmail.com,+54 9 3438 6551,MKT-200,Marketing de Contenidos,6,Aprobado
2025-05-11,Bautista,Castro,39647120,bautista.castro@gmail.com,+54 9 3859 7299,DEV-101,Algoritmos I,3,Desaprobado
2025-05-11,Jazmin,Franco,44491570,jazmin.franco25@outlook.com,+54 15 2431 0630,DAT-101,Introducción a los Datos,4,Aprobado
2025-05-11,Tiziano Valentin,Caceres,38405437,tiziano valentin.caceres@gmail.com,+54 15 2451 0969,MKT-200,Marketing de Contenidos,5,Aprobado
2025-05-11,Matias,Moyano,32183463,matias.moyano@gmail.com,+54 15 2984 0447,IA-300,Redes Neuronales,5,Aprobado
2025-05-11,Sofia,Rodriguez,45619097,sofia.rodriguez25@outlook.com,+54 9 3816 8140,DAT-201,Estadística Avanzada,4,Aprobado
2025-05-11,Bautista,Garcia,35267675,bautista.garcia@gmail.com,+54 9 3802 5884,GEN-101,Ética y Tecnología,4,Aprobado
2025-05-11,Victoria,Barrios,43249808,victoria.barrios25@outlook.com,+54 9 3497 6531,GEN-101,Ética y Tecnología,8,Aprobado
2025-05-11,Julian,Gomez,44059178,julian.gomez25@outlook.com,+54 15 2879 6484,IA-400,Deep Learning Aplicado,4,Aprobado
2025-05-11,Lucía ,Fernandez,31177427,lucía .fernandez@gmail.com,+54 15 2914 3080,MKT-200,Marketing de Contenidos,3,Desaprobado
2025-05-11,Thiago Joaquin,Ruiz,30416964,thiago joaquin.ruiz@gmail.com,+54 15 2632 7060,DAT-101,Introducción a los Datos,10,Aprobado
2025-05-11,Delfina,Gimenez,40681899,delfina.gimenez@gmail.com,+54 15 2601 3423,DAT-305,Big Data & Cloud,4,Aprobado
2025-05-11,Amparo,Lopez,38171209,amparo.lopez@gmail.com,+54 15 2133 8625,DAT-201,Estadística Avanzada,10,Aprobado
2025-05-11,Ignacio,Castro,38315775,ignacio.castro@gmail.com,+54 15 2968 7243,NEG-400,Liderazgo y Negociación,10,Aprobado
2025-05-11,Thiago Nahuel,Castro,40330349,thiago nahuel.castro@gmail.com,+54 15 2513 2629,GEN-101,Ética y Tecnología,3,Desaprobado
2025-05-11,Lucas,Rodriguez,45090752,lucas.rodriguez25@outlook.com,+54 9 3928 7601,GEN-101,Ética y Tecnología,1,Desaprobado
2025-05-11,Santino,Vargas,43831919,santino.vargas25@outlook.com,+54 15 2824 6183,DAT-101,Introducción a los Datos,10,Aprobado
2025-05-11,Ignacio,Ruiz,44115122,ignacio.ruiz25@outlook.com,+54 9 3857 4661,DEV-101,Algoritmos I,7,Aprobado
2025-05-12,Gael,Rivero,38292751,gael.rivero@gmail.com,+54 15 2905 3775,DAT-201,Estadística Avanzada,5,Aprobado
2025-05-12,Francisca,Benitez,46894068,francisca.benitez25@outlook.com,+54 15 2130 9611,MKT-200,Marketing de Contenidos,10,Aprobado
2025-05-12,Luz Maria,Juarez,37024576,luz maria.juarez@gmail.com,+54 15 2343 2079,DEV-101,Algoritmos I,2,Desaprobado
2025-05-12,Tomàs,Arias,47103537,tomàs.arias25@outlook.com,+54 9 3586 8949,DAT-305,Big Data & Cloud,6,Aprobado
2025-05-12,Mateo,Rodriguez,32349636,mateo.rodriguez@gmail.com,+54 9 3116 9960,DAT-201,Estadística Avanzada,9,Aprobado
2025-05-12,Bautista,Rios,30227674,bautista.rios@gmail.com,+54 9 3476 9371,NEG-400,Liderazgo y Negociación,7,Aprobado
2025-05-12,Miguel Angel,Lucero,45890411,miguel angel.lucero25@outlook.com,+54 15 2766 2715,UX-100,Diseño de Experiencia de Usuario,5,Aprobado
2025-05-12,Martina,Ledesma,31355414,martina.ledesma@gmail.com,+54 15 2859 7962,DAT-101,Introducción a los Datos,10,Aprobado
2025-05-12,Martina,Ledesma,31355414,martina.ledesma@gmail.com,+54 15 2859 7962,UX-100,Diseño de Experiencia de Usuario,5,Aprobado
2025-05-12,Tobias,Cruz,39220415,tobias.cruz@gmail.com,+54 9 3555 5056,IA-300,Redes Neuronales,9,Aprobado
2025-05-12,Ignacio,Avila,39195104,ignacio.avila@gmail.com,+54 15 2473 6581,DEV-101,Algoritmos I,4,Aprobado
2025-05-12,Santino Ezequiel,Quiroga,31313953,santino ezequiel.quiroga@gmail.com,+54 15 2930 1507,UX-100,Diseño de Experiencia de Usuario,10,Aprobado
2025-05-12,Valentino,Diaz,40305444,valentino.diaz@gmail.com,+54 9 3909 7225,DAT-305,Big Data & Cloud,5,Aprobado
2025-05-12,Milo,Moyano,44726166,milo.moyano25@outlook.com,+54 15 2928 9758,DAT-305,Big Data & Cloud,4,Aprobado
2025-05-12,Tomas,Ruiz,46060979,tomas.ruiz25@outlook.com,+54 15 2517 4790,UX-100,Diseño de Experiencia de Usuario,5,Aprobado
2025-05-12,Delfina,Juarez,35276014,delfina.juarez@gmail.com,+54 15 2312 6237,NEG-400,Liderazgo y Negociación,9,Aprobado
2025-05-12,Santiago,Morales,30808375,santiago.morales@gmail.com,+54 9 3713 2441,DAT-201,Estadística Avanzada,4,Aprobado
2025-05-13,Francisco,Romero,30672524,francisco.romero@gmail.com,+54 15 2357 4938,UX-100,Diseño de Experiencia de Usuario,4,Aprobado
2025-05-13,Sofia,Fernandez,46329934,sofia.fernandez25@outlook.com,+54 15 2380 1193,DAT-305,Big Data & Cloud,6,Aprobado
2025-05-13,Constanza,Avila,46649401,constanza.avila25@outlook.com,+54 9 3819 4368,MKT-200,Marketing de Contenidos,1,Desaprobado
2025-05-13,Mora,Castillo,33452954,mora.castillo@gmail.com,+54 15 2662 4041,IA-300,Redes Neuronales,3,Desaprobado
2025-05-13,Facundo,Flores,32723334,facundo.flores@gmail.com,+54 15 2967 2706,IA-300,Redes Neuronales,10,Aprobado
2025-05-13,Manuel,Martinez,36727561,manuel.martinez@gmail.com,+54 15 2203 5091,UX-100,Diseño de Experiencia de Usuario,9,Aprobado
2025-05-13,Ciro,Caceres,36992557,ciro.caceres@gmail.com,+54 9 3996 2042,DAT-201,Estadística Avanzada,9,Aprobado
2025-05-13,Mateo,Rios,37907386,mateo.rios@gmail.com,+54 15 2561 9595,UX-100,Diseño de Experiencia de Usuario,2,Desaprobado
2025-05-13,Mateo Joaquin,Diaz,40756585,mateo joaquin.diaz@gmail.com,+54 15 2848 6512,UX-100,Diseño de Experiencia de Usuario,6,Aprobado
2025-05-13,Amparo,Pereyra,35115152,amparo.pereyra@gmail.com,+54 9 3249 7262,UX-100,Diseño de Experiencia de Usuario,1,Desaprobado
2025-05-13,Manuel,Sosa,35994686,manuel.sosa@gmail.com,+54 15 2970 5278,DEV-101,Algoritmos I,3,Desaprobado
2025-05-13,Bautista,Gonzalez,37370656,bautista.gonzalez@gmail.com,+54 15 2873 8581,GEN-101,Ética y Tecnología,8,Aprobado
2025-05-13,Luana,Martinez,45417606,luana.martinez25@outlook.com,+54 9 3215 1578,NEG-400,Liderazgo y Negociación,8,Aprobado
2025-05-13,Valentino,Carrizo,47506119,valentino.carrizo25@outlook.com,+54 9 3951 8009,UX-100,Diseño de Experiencia de Usuario,3,Desaprobado
2025-05-13,Jeremias,Herrera,36971688,jeremias.herrera@gmail.com,+54 15 2368 4123,GEN-101,Ética y Tecnología,6,Aprobado
2025-05-13,Kiara,Rodriguez,44345701,kiara.rodriguez25@outlook.com,+54 15 2341 2551,DAT-305,Big Data & Cloud,1,Desaprobado
2025-05-13,Pedro,Sosa,44173257,pedro.sosa25@outlook.com,+54 15 2933 1433,IA-300,Redes Neuronales,10,Aprobado
2025-05-13,Thiago Agustin,Suarez,37774603,thiago agustin.suarez@gmail.com,+54 15 2250 4670,DAT-101,Introducción a los Datos,3,Desaprobado
2025-05-13,Bianca,Torres,37584867,bianca.torres@gmail.com,+54 9 3666 0592,UX-100,Diseño de Experiencia de Usuario,9,Aprobado
2025-05-13,Antonio,Aguero,30055439,antonio.aguero@gmail.com,+54 9 3209 3344,DAT-305,Big Data & Cloud,4,Aprobado
2025-05-13,Benjamin,Perez,40014561,benjamin.perez@gmail.com,+54 9 3804 5680,IA-300,Redes Neuronales,7,Aprobado
2025-05-13,Gael,Miranda,43521267,gael.miranda25@outlook.com,+54 15 2753 6899,IA-300,Redes Neuronales,10,Aprobado
2025-05-14,Antonella,Morales,45775192,antonella.morales25@outlook.com,+54 15 2796 2692,IA-400,Deep Learning Aplicado,9,Aprobado
2025-05-14,Benjamin,Romero,44242960,benjamin.romero25@outlook.com,+54 9 3617 8558,UX-100,Diseño de Experiencia de Usuario,5,Aprobado
2025-05-14,Lautaro Ezequiel,Rodriguez,31015246,lautaro ezequiel.rodriguez@gmail.com,+54 15 2312 7513,IA-400,Deep Learning Aplicado,3,Desaprobado
2025-05-14,Luciano,Gonzalez,46170762,luciano.gonzalez25@outlook.com,+54 15 2284 2891,MKT-200,Marketing de Contenidos,1,Desaprobado
2025-05-14,Juan Ignacio,Gomez,40401825,juan ignacio.gomez@gmail.com,+54 9 3163 0057,DAT-305,Big Data & Cloud,4,Aprobado
2025-05-14,Martina,Romero,34294158,martina.romero@gmail.com,+54 9 3618 8488,NEG-400,Liderazgo y Negociación,4,Aprobado
2025-05-14,Tomàs,Morales,33507272,tomàs.morales@gmail.com,+54 15 2129 0851,MKT-200,Marketing de Contenidos,7,Aprobado
2025-05-14,Ciro,Vera,37874267,ciro.vera@gmail.com,+54 15 2120 0554,IA-400,Deep Learning Aplicado,10,Aprobado
2025-05-14,Maria Emilia,Herrera,35054932,maria emilia.herrera@gmail.com,+54 9 3252 6002,DAT-201,Estadística Avanzada,8,Aprobado
2025-05-14,Valentina,Martinez,45459710,valentina.martinez25@outlook.com,+54 15 2676 9164,DAT-305,Big Data & Cloud,2,Desaprobado
2025-05-14,Joaquin,Benitez,46829066,joaquin.benitez25@outlook.com,+54 9 3393 8903,NEG-400,Liderazgo y Negociación,1,Desaprobado
2025-05-14,Benjamin,Soria,36434636,benjamin.soria@gmail.com,+54 15 2828 7129,UX-100,Diseño de Experiencia de Usuario,5,Aprobado
2025-05-14,Benjamin Ezequiel,Flores,34743897,benjamin ezequiel.flores@gmail.com,+54 9 3592 3371,IA-300,Redes Neuronales,10,Aprobado
2025-05-14,Sara,Leiva,44291013,sara.leiva25@outlook.com,+54 9 3870 0298,NEG-400,Liderazgo y Negociación,5,Aprobado
2025-05-14,Franco,Ponce,46278232,franco.ponce25@outlook.com,+54 9 3611 1891,MKT-200,Marketing de Contenidos,7,Aprobado
2025-05-14,Thiago Ezequiel,Ferreyra,47908881,thiago ezequiel.ferreyra25@outlook.com,+54 9 3314 9532,DAT-101,Introducción a los Datos,6,Aprobado
2025-05-14,Rafael,Ramirez,40874592,rafael.ramirez@gmail.com,+54 9 3620 8843,NEG-400,Liderazgo y Negociación,9,Aprobado
2025-05-14,Catalina,Romero,33594873,catalina.romero@gmail.com,+54 15 2835 4023,IA-300,Redes Neuronales,8,Aprobado
2025-05-15,Facundo,Figueroa,34832335,facundo.figueroa@gmail.com,+54 9 3982 9731,DEV-101,Algoritmos I,9,Aprobado
2025-05-15,Lautaro,Gomez,34873483,lautaro.gomez@gmail.com,+54 15 2591 4004,IA-400,Deep Learning Aplicado,10,Aprobado
2025-05-15,Santino,Acosta,32935035,santino.acosta@gmail.com,+54 9 3106 9475,UX-100,Diseño de Experiencia de Usuario,9,Aprobado
2025-05-15,Jeremias,Moyano,33127447,jeremias.moyano@gmail.com,+54 9 3386 7942,UX-100,Diseño de Experiencia de Usuario,3,Desaprobado
2025-05-15,Maria Luz,Moyano,31365812,maria luz.moyano@gmail.com,+54 9 3856 5055,IA-300,Redes Neuronales,7,Aprobado
2025-05-15,Juan Martin,Rodriguez,45647473,juan martin.rodriguez25@outlook.com,+54 15 2971 9077,MKT-200,Marketing de Contenidos,2,Desaprobado
2025-05-15,Thiago Ezequiel,Herrera,39297755,thiago ezequiel.herrera@gmail.com,+54 15 2844 0577,DAT-101,Introducción a los Datos,8,Aprobado
2025-05-15,Mia,Quiroga,37381074,mia.quiroga@gmail.com,+54 9 3252 2837,IA-400,Deep Learning Aplicado,2,Desaprobado
2025-05-15,Malena,Diaz,44241859,malena.diaz25@outlook.com,+54 9 3988 7159,IA-300,Redes Neuronales,8,Aprobado
2025-05-16,Valentina,Rios,32581169,valentina.rios@gmail.com,+54 15 2447 0353,DAT-201,Estadística Avanzada,4,Aprobado
2025-05-16,Valentin,Caceres,47217063,valentin.caceres25@outlook.com,+54 15 2415 2665,DAT-201,Estadística Avanzada,5,Aprobado
2025-05-16,Benjamin,Gomez,38549006,benjamin.gomez@gmail.com,+54 9 3854 3007,GEN-101,Ética y Tecnología,10,Aprobado
2025-05-16,Catalina,Romero,33594873,catalina.romero@gmail.com,+54 15 2835 4023,DAT-201,Estadística Avanzada,9,Aprobado
2025-05-16,Julia,Rodriguez,44064200,julia.rodriguez25@outlook.com,+54 9 3294 0259,DEV-101,Algoritmos I,2,Desaprobado
2025-05-16,Joaquina,Coronel,38869750,joaquina.coronel@gmail.com,+54 9 3954 2767,UX-100,Diseño de Experiencia de Usuario,4,Aprobado
2025-05-16,Juan Bautista,Acosta,31332769,juan bautista.acosta@gmail.com,+54 15 2161 8024,GEN-101,Ética y Tecnología,9,Aprobado
2025-05-16,Thiago Nahuel,Gimenez,44473224,thiago nahuel.gimenez25@outlook.com,+54 15 2722 0256,DEV-101,Algoritmos I,4,Aprobado
2025-05-16,Sofía,Fernandez,40116733,sofía.fernandez@gmail.com,+54 15 2508 2621,UX-100,Diseño de Experiencia de Usuario,8,Aprobado
2025-05-16,Dylan Benjamin,Mendez,34498415,dylan benjamin.mendez@gmail.com,+54 9 3835 6149,DAT-101,Introducción a los Datos,4,Aprobado
2025-05-16,Thiago Leonel,Lopez,44197978,thiago leonel.lopez25@outlook.com,+54 15 2665 4161,IA-300,Redes Neuronales,8,Aprobado
2025-05-16,Maximo,Dominguez,45368291,maximo.dominguez25@outlook.com,+54 9 3136 3468,UX-100,Diseño de Experiencia de Usuario,6,Aprobado
2025-05-16,Facundo,Flores,32723334,facundo.flores@gmail.com,+54 15 2967 2706,DAT-101,Introducción a los Datos,1,Desaprobado
2025-05-17,Valentina,Mendez,40204911,valentina.mendez@gmail.com,+54 9 3144 8911,DAT-305,Big Data & Cloud,4,Aprobado
2025-05-17,Catalina,Gonzalez,38818793,catalina.gonzalez@gmail.com,+54 9 3465 4130,DAT-201,Estadística Avanzada,6,Aprobado
2025-05-17,Catalina,Sosa,35951430,catalina.sosa@gmail.com,+54 9 3274 5282,IA-400,Deep Learning Aplicado,9,Aprobado
2025-05-17,Jeronimo,Ledesma,34858008,jeronimo.ledesma@gmail.com,+54 9 3428 5333,MKT-200,Marketing de Contenidos,2,Desaprobado
2025-05-17,Felipe,Ruiz,43191267,felipe.ruiz25@outlook.com,+54 15 2264 2274,DAT-101,Introducción a los Datos,7,Aprobado
2025-05-17,Joaquin,Vera,31277192,joaquin.vera@gmail.com,+54 9 3395 7546,NEG-400,Liderazgo y Negociación,7,Aprobado
2025-05-17,Francisco,Castillo,34411929,francisco.castillo@gmail.com,+54 9 3931 3382,DAT-305,Big Data & Cloud,2,Desaprobado
2025-05-17,Federico,Cordoba,33276302,federico.cordoba@gmail.com,+54 9 3661 7911,DAT-305,Big Data & Cloud,7,Aprobado
2025-05-17,Isabella,Romero,39337175,isabella.romero@gmail.com,+54 15 2846 4951,IA-400,Deep Learning Aplicado,4,Aprobado
2025-05-17,Josefina,Gonzalez,34919210,josefina.gonzalez@gmail.com,+54 9 3239 8088,DAT-305,Big Data & Cloud,8,Aprobado
2025-05-17,Lautaro Benjamin,Vega,33511174,lautaro benjamin.vega@gmail.com,+54 15 2359 6472,UX-100,Diseño de Experiencia de Usuario,2,Desaprobado
2025-05-17,Valentino,Lopez,34661132,valentino.lopez@gmail.com,+54 15 2133 9476,DAT-305,Big Data & Cloud,5,Aprobado
2025-05-18,Benjamin Ezequiel,Flores,34743897,benjamin ezequiel.flores@gmail.com,+54 9 3592 3371,DAT-101,Introducción a los Datos,6,Aprobado
2025-05-18,Zoe Valentina,Rodriguez,45813207,zoe valentina.rodriguez25@outlook.com,+54 15 2741 7892,DEV-101,Algoritmos I,6,Aprobado
2025-05-18,Bautista Benjamin,Sosa,37679372,bautista benjamin.sosa@gmail.com,+54 9 3430 3693,DEV-101,Algoritmos I,7,Aprobado
2025-05-18,Emanuel,Figueroa,39068971,emanuel.figueroa@gmail.com,+54 9 3938 6344,UX-100,Diseño de Experiencia de Usuario,10,Aprobado
2025-05-18,Renata,Rivero,35720054,renata.rivero@gmail.com,+54 15 2292 8880,IA-300,Redes Neuronales,1,Desaprobado
2025-05-18,Martina,Cardozo,47061751,martina.cardozo25@outlook.com,+54 15 2699 7390,IA-300,Redes Neuronales,9,Aprobado
2025-05-18,Gael,Medina,37952540,gael.medina@gmail.com,+54 9 3322 6257,IA-300,Redes Neuronales,2,Desaprobado
2025-05-18,Martina,Cruz,40582609,martina.cruz@gmail.com,+54 15 2320 0008,DEV-101,Algoritmos I,10,Aprobado
2025-05-18,Guadalupe,Gomez,38111908,guadalupe.gomez@gmail.com,+54 15 2201 9035,DAT-201,Estadística Avanzada,4,Aprobado
2025-05-18,Sara,Villalba,41559534,sara.villalba@gmail.com,+54 9 3565 1002,NEG-400,Liderazgo y Negociación,7,Aprobado
2025-05-18,Jazmin,Barrios,44911255,jazmin.barrios25@outlook.com,+54 9 3242 2607,MKT-200,Marketing de Contenidos,7,Aprobado
2025-05-18,Thiago Joaquin,Romero,32339744,thiago joaquin.romero@gmail.com,+54 9 3685 6557,DEV-101,Algoritmos I,6,Aprobado
2025-05-18,Julieta,Fernandez,34486034,julieta.fernandez@gmail.com,+54 9 3787 2887,MKT-200,Marketing de Contenidos,8,Aprobado
2025-05-18,Julieta,Godoy,36780964,julieta.godoy@gmail.com,+54 9 3696 3139,DEV-101,Algoritmos I,6,Aprobado
2025-05-18,Ian Benjamin,Valdez,43284866,ian benjamin.valdez25@outlook.com,+54 15 2623 4962,IA-400,Deep Learning Aplicado,8,Aprobado
2025-05-19,Thiago,Gomez,39835913,thiago.gomez@gmail.com,+54 9 3360 2893,NEG-400,Liderazgo y Negociación,2,Desaprobado
2025-05-19,Juan Francisco,Cruz,40400092,juan francisco.cruz@gmail.com,+54 9 3864 0213,DAT-101,Introducción a los Datos,4,Aprobado
2025-05-19,Sofia,Rodriguez,38648189,sofia.rodriguez@gmail.com,+54 9 3653 2883,UX-100,Diseño de Experiencia de Usuario,9,Aprobado
2025-05-19,Ciro,Caceres,36992557,ciro.caceres@gmail.com,+54 9 3996 2042,DEV-101,Algoritmos I,8,Aprobado
2025-05-19,Uma ,Chavez,30186819,uma .chavez@gmail.com,+54 15 2368 9480,DAT-201,Estadística Avanzada,9,Aprobado
2025-05-19,Thiago Ezequiel,Flores,47915465,thiago ezequiel.flores25@outlook.com,+54 9 3495 5766,IA-300,Redes Neuronales,1,Desaprobado
2025-05-19,Juliana,Lopez,32839404,juliana.lopez@gmail.com,+54 15 2948 1879,DEV-101,Algoritmos I,6,Aprobado
2025-05-19,Thiago Leonel,Villalba,32965831,thiago leonel.villalba@gmail.com,+54 9 3572 0626,DAT-305,Big Data & Cloud,8,Aprobado
2025-05-19,Ciro,Campos,31681085,ciro.campos@gmail.com,+54 9 3430 5299,MKT-200,Marketing de Contenidos,8,Aprobado
2025-05-19,Bautista,Maldonado,30386246,bautista.maldonado@gmail.com,+54 15 2511 7573,DAT-101,Introducción a los Datos,6,Aprobado
2025-05-19,Vicente,Gonzalez,31136038,vicente.gonzalez@gmail.com,+54 15 2971 1423,NEG-400,Liderazgo y Negociación,8,Aprobado
2025-05-19,Delfina,Paz,32329071,delfina.paz@gmail.com,+54 9 3502 4461,DAT-101,Introducción a los Datos,7,Aprobado
2025-05-19,Isabella,Alvarez,43871938,isabella.alvarez25@outlook.com,+54 9 3191 5405,DEV-101,Algoritmos I,7,Aprobado
2025-05-19,Benjamin,Flores,31924807,benjamin.flores@gmail.com,+54 9 3182 9620,DEV-101,Algoritmos I,9,Aprobado
2025-05-19,Ian Benjamin,Garcia,36998955,ian benjamin.garcia@gmail.com,+54 9 3641 9048,DAT-305,Big Data & Cloud,7,Aprobado
2025-05-19,Mora,Valdez,46510451,mora.valdez25@outlook.com,+54 15 2814 3560,MKT-200,Marketing de Contenidos,10,Aprobado
2025-05-19,Alma Valentina,Rojas,44224033,alma valentina.rojas25@outlook.com,+54 9 3918 6431,IA-300,Redes Neuronales,6,Aprobado
2025-05-19,Elena,Castro,32496231,elena.castro@gmail.com,+54 9 3921 9876,UX-100,Diseño de Experiencia de Usuario,4,Aprobado
2025-05-19,Sol,Gomez,31067946,sol.gomez@gmail.com,+54 9 3980 0115,IA-300,Redes Neuronales,4,Aprobado
2025-05-19,Delfina,Aguero,34944058,delfina.aguero@gmail.com,+54 9 3980 8330,NEG-400,Liderazgo y Negociación,9,Aprobado
2025-05-20,Ciro,Martinez,37392794,ciro.martinez@gmail.com,+54 9 3615 6839,DAT-201,Estadística Avanzada,10,Aprobado
2025-05-20,Mia Jazmin,Quiroga,40606935,mia jazmin.quiroga@gmail.com,+54 15 2704 0082,DEV-101,Algoritmos I,2,Desaprobado
2025-05-20,Martina,Ortiz,32454237,martina.ortiz@gmail.com,+54 15 2248 2168,DAT-305,Big Data & Cloud,3,Desaprobado
2025-05-20,Guadalupe,Suarez,44811354,guadalupe.suarez25@outlook.com,+54 15 2203 0506,DAT-201,Estadística Avanzada,2,Desaprobado
2025-05-20,Ignacio,Torres,40852091,ignacio.torres@gmail.com,+54 9 3481 9334,MKT-200,Marketing de Contenidos,9,Aprobado
2025-05-20,Benjamin Ezequiel,Garcia,34705463,benjamin ezequiel.garcia@gmail.com,+54 15 2410 6445,DAT-305,Big Data & Cloud,8,Aprobado
2025-05-20,Thiago Emanuel,Rodriguez,45177548,thiago emanuel.rodriguez25@outlook.com,+54 9 3486 6592,DAT-305,Big Data & Cloud,2,Desaprobado
2025-05-20,Jazmin,Barrios,44911255,jazmin.barrios25@outlook.com,+54 9 3242 2607,UX-100,Diseño de Experiencia de Usuario,2,Desaprobado
2025-05-20,Kiara,Rodriguez,44345701,kiara.rodriguez25@outlook.com,+54 15 2341 2551,UX-100,Diseño de Experiencia de Usuario,5,Aprobado
2025-05-20,Zoe,Vera,30506698,zoe.vera@gmail.com,+54 9 3787 7001,GEN-101,Ética y Tecnología,2,Desaprobado
2025-05-20,Josefina,Arias,38693211,josefina.arias@gmail.com,+54 15 2330 5908,NEG-400,Liderazgo y Negociación,7,Aprobado
2025-05-20,Luana,Martinez,45417606,luana.martinez25@outlook.com,+54 9 3215 1578,UX-100,Diseño de Experiencia de Usuario,9,Aprobado
2025-05-20,Angel Gabriel,Gomez,46147941,angel gabriel.gomez25@outlook.com,+54 9 3859 5137,MKT-200,Marketing de Contenidos,4,Aprobado
2025-05-20,Mora,Gonzalez,40333573,mora.gonzalez@gmail.com,+54 15 2448 6466,GEN-101,Ética y Tecnología,4,Aprobado
2025-05-20,Jazmin,Alvarez,43331228,jazmin.alvarez25@outlook.com,+54 15 2825 2186,DEV-101,Algoritmos I,4,Aprobado
2025-05-20,Luz Milagros,Soto,39557640,luz milagros.soto@gmail.com,+54 15 2925 4098,DAT-305,Big Data & Cloud,6,Aprobado
2025-05-20,Mateo Joaquin,Olivera,30923193,mateo joaquin.olivera@gmail.com,+54 15 2481 0044,GEN-101,Ética y Tecnología,5,Aprobado
2025-05-20,Juan Cruz,Alvarez,40915348,juan cruz.alvarez@gmail.com,+54 15 2127 7692,DAT-101,Introducción a los Datos,5,Aprobado
2025-05-21,Renata,Dominguez,39160706,renata.dominguez@gmail.com,+54 9 3981 3766,DAT-305,Big Data & Cloud,9,Aprobado
2025-05-21,Isabella,Coronel,45256600,isabella.coronel25@outlook.com,+54 15 2611 5687,DEV-101,Algoritmos I,3,Desaprobado
2025-05-21,Alma,Fernandez,30820105,alma.fernandez@gmail.com,+54 15 2825 3545,DAT-201,Estadística Avanzada,3,Desaprobado
2025-05-21,Delfina,Diaz,35038799,delfina.diaz@gmail.com,+54 15 2637 9283,DAT-101,Introducción a los Datos,4,Aprobado
2025-05-21,Gino,Farias,39278348,gino.farias@gmail.com,+54 9 3368 2775,IA-400,Deep Learning Aplicado,6,Aprobado
2025-05-21,Emilia,Rivero,33247551,emilia.rivero@gmail.com,+54 9 3135 7659,DAT-201,Estadística Avanzada,2,Desaprobado
2025-05-21,Ciro,Martinez,37392794,ciro.martinez@gmail.com,+54 9 3615 6839,IA-300,Redes Neuronales,5,Aprobado
2025-05-21,Thiago Valentin,Mansilla,31547849,thiago valentin.mansilla@gmail.com,+54 9 3515 2592,NEG-400,Liderazgo y Negociación,6,Aprobado
2025-05-21,Dante,Figueroa,37952315,dante.figueroa@gmail.com,+54 9 3598 4742,IA-300,Redes Neuronales,1,Desaprobado
2025-05-21,Benjamin,Juarez,47817560,benjamin.juarez25@outlook.com,+54 9 3875 1564,MKT-200,Marketing de Contenidos,5,Aprobado
2025-05-21,Bautista,Maldonado,30386246,bautista.maldonado@gmail.com,+54 15 2511 7573,DAT-305,Big Data & Cloud,5,Aprobado
2025-05-21,Dylan Ezequiel,Lopez,35983804,dylan ezequiel.lopez@gmail.com,+54 15 2173 8784,MKT-200,Marketing de Contenidos,4,Aprobado
2025-05-21,Emilia,Diaz,45847470,emilia.diaz25@outlook.com,+54 15 2879 4945,IA-400,Deep Learning Aplicado,5,Aprobado
2025-05-21,Lola,Valdez,39412125,lola.valdez@gmail.com,+54 9 3115 0663,DAT-101,Introducción a los Datos,3,Desaprobado
2025-05-21,Ramiro,Ruiz,45198757,ramiro.ruiz25@outlook.com,+54 15 2164 7783,DAT-305,Big Data & Cloud,6,Aprobado
2025-05-21,Tomàs,Morales,33507272,tomàs.morales@gmail.com,+54 15 2129 0851,IA-400,Deep Learning Aplicado,5,Aprobado
2025-05-21,Julieta,Sanchez,34355689,julieta.sanchez@gmail.com,+54 15 2191 1477,DAT-201,Estadística Avanzada,10,Aprobado
2025-05-22,Julieta,Alvarez,32459600,julieta.alvarez@gmail.com,+54 9 3170 3456,IA-300,Redes Neuronales,7,Aprobado
2025-05-22,Federico,Cordoba,33276302,federico.cordoba@gmail.com,+54 9 3661 7911,UX-100,Diseño de Experiencia de Usuario,5,Aprobado
2025-05-22,Ana Paula,Pereyra,34785335,ana paula.pereyra@gmail.com,+54 15 2960 0575,DAT-101,Introducción a los Datos,9,Aprobado
2025-05-22,Samuel,Ojeda,43679905,samuel.ojeda25@outlook.com,+54 9 3172 3633,DEV-101,Algoritmos I,2,Desaprobado
2025-05-22,Benjamin Ezequiel,Garcia,34705463,benjamin ezequiel.garcia@gmail.com,+54 15 2410 6445,DAT-201,Estadística Avanzada,8,Aprobado
2025-05-22,Alma,Cardozo,31099331,alma.cardozo@gmail.com,+54 9 3161 0436,GEN-101,Ética y Tecnología,5,Aprobado
2025-05-22,Dylan Ezequiel,Coronel,30055089,dylan ezequiel.coronel@gmail.com,+54 15 2514 8988,DAT-101,Introducción a los Datos,7,Aprobado
2025-05-22,Tiziana,Flores,41532385,tiziana.flores@gmail.com,+54 9 3747 5194,DAT-305,Big Data & Cloud,2,Desaprobado
2025-05-22,Juan Ignacio,Cabrera,31425696,juan ignacio.cabrera@gmail.com,+54 15 2237 6605,IA-300,Redes Neuronales,5,Aprobado
2025-05-22,Maria Emilia,Benitez,33697024,maria emilia.benitez@gmail.com,+54 9 3968 9826,MKT-200,Marketing de Contenidos,7,Aprobado
2025-05-22,Maximo,Nuñez,38030283,maximo.nuñez@gmail.com,+54 9 3820 5865,MKT-200,Marketing de Contenidos,6,Aprobado
2025-05-22,Franco,Perez,35486815,franco.perez@gmail.com,+54 15 2650 6421,IA-400,Deep Learning Aplicado,1,Desaprobado
2025-05-22,Santino Benjamin,Garcia,47822229,santino benjamin.garcia25@outlook.com,+54 15 2619 7984,IA-300,Redes Neuronales,7,Aprobado
2025-05-22,Joaquin,Mansilla,43721576,joaquin.mansilla25@outlook.com,+54 9 3211 2576,IA-400,Deep Learning Aplicado,2,Desaprobado
2025-05-22,Octavio,Avila,37162747,octavio.avila@gmail.com,+54 15 2884 2550,DAT-101,Introducción a los Datos,1,Desaprobado
2025-05-23,Nicolas,Dominguez,38066467,nicolas.dominguez@gmail.com,+54 9 3330 4137,DAT-201,Estadística Avanzada,6,Aprobado
2025-05-23,Dante,Ruiz,35722006,dante.ruiz@gmail.com,+54 9 3948 5100,GEN-101,Ética y Tecnología,6,Aprobado
2025-05-23,Antonio,Ramirez,40102789,antonio.ramirez@gmail.com,+54 9 3710 7301,DEV-101,Algoritmos I,7,Aprobado
2025-05-23,Gonzalo,Moyano,30789190,gonzalo.moyano@gmail.com,+54 9 3825 1992,IA-300,Redes Neuronales,3,Desaprobado
2025-05-23,Angel Gabriel,Morales,37017626,angel gabriel.morales@gmail.com,+54 15 2475 5073,DAT-201,Estadística Avanzada,2,Desaprobado
2025-05-23,Jazmin,Alvarez,43331228,jazmin.alvarez25@outlook.com,+54 15 2825 2186,DEV-101,Algoritmos I,5,Aprobado
2025-05-23,Matias,Gomez,31685297,matias.gomez@gmail.com,+54 9 3978 2359,IA-400,Deep Learning Aplicado,8,Aprobado
2025-05-23,Mateo,Lopez,41166199,mateo.lopez@gmail.com,+54 9 3731 7849,IA-400,Deep Learning Aplicado,9,Aprobado
2025-05-23,Pilar,Valdez,38211223,pilar.valdez@gmail.com,+54 9 3859 1715,NEG-400,Liderazgo y Negociación,2,Desaprobado
2025-05-23,Maria Paz,Arias,46314784,maria paz.arias25@outlook.com,+54 15 2311 0032,IA-300,Redes Neuronales,9,Aprobado
2025-05-23,Ambar,Martinez,41641503,ambar.martinez@gmail.com,+54 15 2263 4099,MKT-200,Marketing de Contenidos,5,Aprobado
2025-05-23,Santino,Romero,37515292,santino.romero@gmail.com,+54 9 3166 8844,DEV-101,Algoritmos I,6,Aprobado
2025-05-23,Faustino,Gomez,45663240,faustino.gomez25@outlook.com,+54 15 2408 2797,MKT-200,Marketing de Contenidos,9,Aprobado
2025-05-23,Gino,Farias,39278348,gino.farias@gmail.com,+54 9 3368 2775,NEG-400,Liderazgo y Negociación,4,Aprobado
2025-05-23,Juan Ignacio,Rojas,32816822,juan ignacio.rojas@gmail.com,+54 15 2535 4047,IA-300,Redes Neuronales,6,Aprobado
2025-05-23,Catalina,Ferreyra,45563814,catalina.ferreyra25@outlook.com,+54 9 3912 0137,MKT-200,Marketing de Contenidos,5,Aprobado
2025-05-23,Julian,Gomez,44059178,julian.gomez25@outlook.com,+54 15 2879 6484,NEG-400,Liderazgo y Negociación,3,Desaprobado
2025-05-23,Thiago Agustin,Diaz,37057932,thiago agustin.diaz@gmail.com,+54 9 3291 2665,GEN-101,Ética y Tecnología,4,Aprobado
2025-05-23,Martina,Cruz,40582609,martina.cruz@gmail.com,+54 15 2320 0008,IA-300,Redes Neuronales,3,Desaprobado
2025-05-24,Luciano Benjamin,Ramos,30064860,luciano benjamin.ramos@gmail.com,+54 9 3267 2391,DEV-101,Algoritmos I,10,Aprobado
2025-05-24,Emma,Perez,31528064,emma.perez@gmail.com,+54 15 2736 1269,DAT-305,Big Data & Cloud,7,Aprobado
2025-05-24,Alma,Figueroa,41830154,alma.figueroa@gmail.com,+54 15 2259 8678,DAT-305,Big Data & Cloud,3,Desaprobado
2025-05-24,Emilia,Luna,44115909,emilia.luna25@outlook.com,+54 9 3527 9657,MKT-200,Marketing de Contenidos,2,Desaprobado
2025-05-24,Dylan Ezequiel,Lopez,35983804,dylan ezequiel.lopez@gmail.com,+54 15 2173 8784,IA-300,Redes Neuronales,9,Aprobado
2025-05-24,Thiago,Castro,39040140,thiago.castro@gmail.com,+54 9 3610 6463,DAT-305,Big Data & Cloud,8,Aprobado
2025-05-24,Lucía,Sosa,43624314,lucía.sosa25@outlook.com,+54 15 2724 3920,UX-100,Diseño de Experiencia de Usuario,10,Aprobado
2025-05-24,Gonzalo,Moyano,30789190,gonzalo.moyano@gmail.com,+54 9 3825 1992,GEN-101,Ética y Tecnología,10,Aprobado
2025-05-24,Santiago,Quiroga,44959844,santiago.quiroga25@outlook.com,+54 15 2580 3858,MKT-200,Marketing de Contenidos,5,Aprobado
2025-05-24,Lucía,Diaz,45488677,lucía.diaz25@outlook.com,+54 15 2301 7703,DAT-101,Introducción a los Datos,7,Aprobado
2025-05-24,Clara,Fernandez,46225626,clara.fernandez25@outlook.com,+54 9 3708 8556,DAT-305,Big Data & Cloud,5,Aprobado
2025-05-24,Agustina,Blanco,43744263,agustina.blanco25@outlook.com,+54 9 3703 5683,IA-300,Redes Neuronales,6,Aprobado
2025-05-24,Benjamin,Paz,30766010,benjamin.paz@gmail.com,+54 15 2729 5916,IA-300,Redes Neuronales,5,Aprobado
2025-05-24,Lautaro Ezequiel,Rodriguez,31015246,lautaro ezequiel.rodriguez@gmail.com,+54 15 2312 7513,UX-100,Diseño de Experiencia de Usuario,10,Aprobado
2025-05-24,Catalina,Rodriguez,38531623,catalina.rodriguez@gmail.com,+54 9 3727 8330,NEG-400,Liderazgo y Negociación,8,Aprobado
2025-05-24,Valentin,Gonzalez,43941263,valentin.gonzalez25@outlook.com,+54 9 3151 4372,DAT-101,Introducción a los Datos,2,Desaprobado
2025-05-24,Sofía,Gutierrez,46233381,sofía.gutierrez25@outlook.com,+54 9 3303 6001,MKT-200,Marketing de Contenidos,10,Aprobado
2025-05-24,Santino,Vargas,43831919,santino.vargas25@outlook.com,+54 15 2824 6183,UX-100,Diseño de Experiencia de Usuario,2,Desaprobado
2025-05-24,Isabella,Coronel,45256600,isabella.coronel25@outlook.com,+54 15 2611 5687,DEV-101,Algoritmos I,3,Desaprobado
2025-05-24,Tomas Benjamin,Lopez,46398361,tomas benjamin.lopez25@outlook.com,+54 15 2126 0160,DAT-201,Estadística Avanzada,1,Desaprobado
2025-05-25,Benicio,Acosta,35207049,benicio.acosta@gmail.com,+54 9 3912 1163,UX-100,Diseño de Experiencia de Usuario,6,Aprobado
2025-05-25,Mateo Joaquin,Garcia,30719634,mateo joaquin.garcia@gmail.com,+54 15 2165 0258,MKT-200,Marketing de Contenidos,1,Desaprobado
2025-05-25,Lucía,Correa,37672436,lucía.correa@gmail.com,+54 15 2916 6374,MKT-200,Marketing de Contenidos,9,Aprobado
2025-05-25,Santino Ezequiel,Quiroga,31313953,santino ezequiel.quiroga@gmail.com,+54 15 2930 1507,NEG-400,Liderazgo y Negociación,1,Desaprobado
2025-05-25,Benjamin Ezequiel,Garcia,34705463,benjamin ezequiel.garcia@gmail.com,+54 15 2410 6445,MKT-200,Marketing de Contenidos,3,Desaprobado
2025-05-25,Simon,Rojas,43286289,simon.rojas25@outlook.com,+54 9 3498 3718,DAT-305,Big Data & Cloud,8,Aprobado
2025-05-25,Mora,Moreno,32318137,mora.moreno@gmail.com,+54 9 3220 2564,DEV-101,Algoritmos I,4,Aprobado
2025-05-25,Joaquina,Martinez,30224289,joaquina.martinez@gmail.com,+54 9 3874 8796,GEN-101,Ética y Tecnología,7,Aprobado
2025-05-25,Alma,Rodriguez,39796864,alma.rodriguez@gmail.com,+54 9 3771 9880,GEN-101,Ética y Tecnología,6,Aprobado
2025-05-25,Manuel,Martinez,36727561,manuel.martinez@gmail.com,+54 15 2203 5091,NEG-400,Liderazgo y Negociación,8,Aprobado
2025-05-25,Maximiliano,Moreno,34364066,maximiliano.moreno@gmail.com,+54 9 3974 4314,MKT-200,Marketing de Contenidos,8,Aprobado
2025-05-25,Nicolas,Gomez,45820009,nicolas.gomez25@outlook.com,+54 9 3556 1596,DAT-305,Big Data & Cloud,5,Aprobado
2025-05-25,Ezequiel,Gonzalez,43597806,ezequiel.gonzalez25@outlook.com,+54 9 3171 3315,DAT-101,Introducción a los Datos,2,Desaprobado
2025-05-25,Maximiliano,Leiva,36858459,maximiliano.leiva@gmail.com,+54 15 2575 6363,MKT-200,Marketing de Contenidos,1,Desaprobado
2025-05-25,Rosario,Gonzalez,32592763,rosario.gonzalez@gmail.com,+54 9 3770 7755,IA-300,Redes Neuronales,2,Desaprobado
2025-05-25,Milo,Moyano,44726166,milo.moyano25@outlook.com,+54 15 2928 9758,IA-300,Redes Neuronales,1,Desaprobado
2025-05-25,Martina,Ortiz,32454237,martina.ortiz@gmail.com,+54 15 2248 2168,DAT-201,Estadística Avanzada,2,Desaprobado
2025-05-25,Joaquin,Mansilla,34696467,joaquin.mansilla@gmail.com,+54 9 3717 5960,UX-100,Diseño de Experiencia de Usuario,9,Aprobado
2025-05-25,Mateo,Mansilla,32839194,mateo.mansilla@gmail.com,+54 9 3965 8085,DAT-101,Introducción a los Datos,5,Aprobado
2025-05-25,Bautista Benjamin,Caceres,47197652,bautista benjamin.caceres25@outlook.com,+54 15 2762 7365,IA-300,Redes Neuronales,10,Aprobado
2025-05-26,Simon,Arias,40753275,simon.arias@gmail.com,+54 9 3749 9910,DEV-101,Algoritmos I,6,Aprobado
2025-05-26,Thiago Gabriel,Vazquez,32027618,thiago gabriel.vazquez@gmail.com,+54 9 3179 5999,IA-300,Redes Neuronales,6,Aprobado
2025-05-26,Delfina,Diaz,31379839,delfina.diaz@gmail.com,+54 9 3977 5615,MKT-200,Marketing de Contenidos,3,Desaprobado
2025-05-26,Morena,Perez,43496203,morena.perez25@outlook.com,+54 15 2914 0349,DEV-101,Algoritmos I,8,Aprobado
2025-05-26,Juan Pablo,Vega,33846409,juan pablo.vega@gmail.com,+54 9 3457 2670,DAT-305,Big Data & Cloud,9,Aprobado
2025-05-26,Thiago Benjamin,Rodriguez,45711997,thiago benjamin.rodriguez25@outlook.com,+54 15 2875 1684,UX-100,Diseño de Experiencia de Usuario,2,Desaprobado
2025-05-26,Juan Francisco,Torres,45694620,juan francisco.torres25@outlook.com,+54 9 3762 4736,DAT-201,Estadística Avanzada,6,Aprobado
2025-05-26,Agustín,Hernandez,39335040,agustín.hernandez@gmail.com,+54 15 2669 5824,DAT-101,Introducción a los Datos,5,Aprobado
2025-05-26,Ian Benjamin,Bravo,31261719,ian benjamin.bravo@gmail.com,+54 15 2410 8723,IA-300,Redes Neuronales,5,Aprobado
2025-05-26,Clara,Muñoz,32108581,clara.muñoz@gmail.com,+54 15 2753 2952,NEG-400,Liderazgo y Negociación,9,Aprobado
2025-05-26,Benjamin,Perez,40014561,benjamin.perez@gmail.com,+54 9 3804 5680,IA-300,Redes Neuronales,9,Aprobado
2025-05-26,Helena,Gomez,34130787,helena.gomez@gmail.com,+54 9 3179 5083,NEG-400,Liderazgo y Negociación,9,Aprobado
2025-05-26,Sofia Belen,Castillo,39579172,sofia belen.castillo@gmail.com,+54 9 3249 4706,IA-400,Deep Learning Aplicado,5,Aprobado
2025-05-26,Jeronimo,Ledesma,34858008,jeronimo.ledesma@gmail.com,+54 9 3428 5333,DAT-201,Estadística Avanzada,3,Desaprobado
2025-05-26,Isabella,Guzman,44305990,isabella.guzman25@outlook.com,+54 15 2758 8829,IA-300,Redes Neuronales,4,Aprobado
2025-05-26,Santiago,Sosa,44820591,santiago.sosa25@outlook.com,+54 15 2610 9863,IA-300,Redes Neuronales,1,Desaprobado
2025-05-26,Agustín,Martinez,30294943,agustín.martinez@gmail.com,+54 15 2298 9209,NEG-400,Liderazgo y Negociación,6,Aprobado
2025-05-27,Ciro Benjamin,Gonzalez,34432017,ciro benjamin.gonzalez@gmail.com,+54 15 2944 2981,GEN-101,Ética y Tecnología,6,Aprobado
2025-05-27,Benjamin,Nuñez,34933614,benjamin.nuñez@gmail.com,+54 15 2237 6897,IA-400,Deep Learning Aplicado,3,Desaprobado
2025-05-27,Thiago Benjamin,Romero,35450908,thiago benjamin.romero@gmail.com,+54 15 2559 8530,UX-100,Diseño de Experiencia de Usuario,4,Aprobado
2025-05-27,Bianca,Martinez,32911130,bianca.martinez@gmail.com,+54 15 2260 9700,DAT-201,Estadística Avanzada,7,Aprobado
2025-05-27,Candela,Luna,40989234,candela.luna@gmail.com,+54 15 2644 5274,DAT-201,Estadística Avanzada,10,Aprobado
2025-05-27,Helena,Gomez,47911334,helena.gomez25@outlook.com,+54 9 3739 5483,MKT-200,Marketing de Contenidos,4,Aprobado
2025-05-27,Sofía,Valdez,35821025,sofía.valdez@gmail.com,+54 9 3396 6346,NEG-400,Liderazgo y Negociación,6,Aprobado
2025-05-27,Octavio,Dominguez,40948220,octavio.dominguez@gmail.com,+54 9 3880 4190,DEV-101,Algoritmos I,9,Aprobado
2025-05-27,Ciro,Toledo,35834047,ciro.toledo@gmail.com,+54 9 3988 7405,IA-400,Deep Learning Aplicado,3,Desaprobado
2025-05-27,Guillermina,Garcia,39159460,guillermina.garcia@gmail.com,+54 9 3820 3838,IA-400,Deep Learning Aplicado,8,Aprobado
2025-05-27,Juan Ignacio,Martinez,44340522,juan ignacio.martinez25@outlook.com,+54 9 3134 3852,DEV-101,Algoritmos I,5,Aprobado
2025-05-27,Gael,Martinez,47700089,gael.martinez25@outlook.com,+54 9 3988 0239,IA-400,Deep Learning Aplicado,1,Desaprobado
2025-05-28,Tobias,Cruz,39220415,tobias.cruz@gmail.com,+54 9 3555 5056,MKT-200,Marketing de Contenidos,3,Desaprobado
2025-05-28,Juan Manuel,Gonzalez,43037722,juan manuel.gonzalez25@outlook.com,+54 15 2320 0807,DAT-201,Estadística Avanzada,1,Desaprobado
2025-05-28,Juan Ignacio,Garcia,37059839,juan ignacio.garcia@gmail.com,+54 9 3264 9730,NEG-400,Liderazgo y Negociación,1,Desaprobado
2025-05-28,Renata,Cruz,38002503,renata.cruz@gmail.com,+54 15 2623 2405,NEG-400,Liderazgo y Negociación,9,Aprobado
2025-05-28,Thiago Gabriel,Fernandez,34729179,thiago gabriel.fernandez@gmail.com,+54 9 3770 9681,GEN-101,Ética y Tecnología,5,Aprobado
2025-05-28,Bautista,Rios,30227674,bautista.rios@gmail.com,+54 9 3476 9371,UX-100,Diseño de Experiencia de Usuario,2,Desaprobado
2025-05-28,Benjamin,Soria,36434636,benjamin.soria@gmail.com,+54 15 2828 7129,IA-400,Deep Learning Aplicado,7,Aprobado
2025-05-28,Faustino,Gomez,45663240,faustino.gomez25@outlook.com,+54 15 2408 2797,DAT-101,Introducción a los Datos,1,Desaprobado
2025-05-28,Justina,Gutierrez,36227478,justina.gutierrez@gmail.com,+54 9 3119 5095,NEG-400,Liderazgo y Negociación,1,Desaprobado
2025-05-28,Lucia,Silva,45444903,lucia.silva25@outlook.com,+54 9 3480 5318,GEN-101,Ética y Tecnología,3,Desaprobado
2025-05-28,Simon,Arias,40753275,simon.arias@gmail.com,+54 9 3749 9910,DAT-305,Big Data & Cloud,4,Aprobado
2025-05-28,Joaquín,Peralta,46372785,joaquín.peralta25@outlook.com,+54 9 3801 1599,DAT-101,Introducción a los Datos,10,Aprobado
2025-05-28,Felipe,Ledesma,33800391,felipe.ledesma@gmail.com,+54 9 3704 9628,GEN-101,Ética y Tecnología,2,Desaprobado
2025-05-28,Ian Benjamin,Valdez,43284866,ian benjamin.valdez25@outlook.com,+54 15 2623 4962,DAT-201,Estadística Avanzada,5,Aprobado
2025-05-28,Matias,Moyano,32183463,matias.moyano@gmail.com,+54 15 2984 0447,DAT-101,Introducción a los Datos,9,Aprobado
2025-05-28,Bautista,Fernandez,34223113,bautista.fernandez@gmail.com,+54 9 3145 4593,IA-300,Redes Neuronales,3,Desaprobado
2025-05-28,Tomas,Rodriguez,41818271,tomas.rodriguez@gmail.com,+54 9 3256 7760,UX-100,Diseño de Experiencia de Usuario,7,Aprobado
2025-05-28,Santino,Romero,37515292,santino.romero@gmail.com,+54 9 3166 8844,GEN-101,Ética y Tecnología,9,Aprobado
2025-05-28,Ian Ezequiel,Silva,31360651,ian ezequiel.silva@gmail.com,+54 9 3829 6877,DAT-201,Estadística Avanzada,7,Aprobado
2025-05-29,Matias,Peralta,34977085,matias.peralta@gmail.com,+54 9 3442 7434,DAT-201,Estadística Avanzada,3,Desaprobado
2025-05-29,Benicio,Cruz,34197558,benicio.cruz@gmail.com,+54 15 2156 1384,IA-400,Deep Learning Aplicado,4,Aprobado
2025-05-29,Maximo,Toledo,34883029,maximo.toledo@gmail.com,+54 9 3423 2266,DAT-101,Introducción a los Datos,4,Aprobado
2025-05-29,Mia Jazmin,Aguirre,41782307,mia jazmin.aguirre@gmail.com,+54 15 2872 4371,DAT-201,Estadística Avanzada,9,Aprobado
2025-05-29,Santiago Nicolas,Rodriguez,38661719,santiago nicolas.rodriguez@gmail.com,+54 9 3276 2307,UX-100,Diseño de Experiencia de Usuario,1,Desaprobado
2025-05-29,Facundo,Gomez,34869838,facundo.gomez@gmail.com,+54 9 3877 4942,MKT-200,Marketing de Contenidos,2,Desaprobado
2025-05-29,Salvador,Paz,32128322,salvador.paz@gmail.com,+54 15 2553 1707,MKT-200,Marketing de Contenidos,8,Aprobado
2025-05-29,Guillermina,Rodriguez,41721070,guillermina.rodriguez@gmail.com,+54 15 2870 7471,DEV-101,Algoritmos I,2,Desaprobado
2025-05-29,Mateo Ezequiel,Ferreyra,44235496,mateo ezequiel.ferreyra25@outlook.com,+54 15 2133 4336,DEV-101,Algoritmos I,9,Aprobado
2025-05-29,Sofía,Nuñez,39908813,sofía.nuñez@gmail.com,+54 9 3794 3359,MKT-200,Marketing de Contenidos,6,Aprobado
2025-05-29,Thiago Agustin,Luna,47969954,thiago agustin.luna25@outlook.com,+54 9 3384 3131,UX-100,Diseño de Experiencia de Usuario,4,Aprobado
2025-05-29,Luna,Mendoza,40451762,luna.mendoza@gmail.com,+54 15 2186 7469,UX-100,Diseño de Experiencia de Usuario,3,Desaprobado
2025-05-29,Lucio,Soto,40661993,lucio.soto@gmail.com,+54 9 3942 8997,DAT-101,Introducción a los Datos,10,Aprobado
2025-05-29,Josefina,Lopez,43498834,josefina.lopez25@outlook.com,+54 15 2506 2420,DAT-101,Introducción a los Datos,3,Desaprobado
2025-05-30,Camila,Perez,45404573,camila.perez25@outlook.com,+54 15 2535 9910,MKT-200,Marketing de Contenidos,7,Aprobado
2025-05-30,Thiago,Villalba,39107282,thiago.villalba@gmail.com,+54 9 3639 4235,DAT-305,Big Data & Cloud,4,Aprobado
2025-05-30,Mateo Agustin,Martinez,32228319,mateo agustin.martinez@gmail.com,+54 15 2985 5876,DAT-305,Big Data & Cloud,4,Aprobado
2025-05-30,Maria Victoria,Gonzalez,44754060,maria victoria.gonzalez25@outlook.com,+54 15 2674 0499,NEG-400,Liderazgo y Negociación,5,Aprobado
2025-05-30,Sara,Sosa,41396027,sara.sosa@gmail.com,+54 15 2628 3735,UX-100,Diseño de Experiencia de Usuario,4,Aprobado
2025-05-30,Oriana,Ortiz,36907961,oriana.ortiz@gmail.com,+54 9 3642 0757,DAT-201,Estadística Avanzada,3,Desaprobado
2025-05-30,Ciro,Diaz,39046561,ciro.diaz@gmail.com,+54 15 2290 8580,IA-400,Deep Learning Aplicado,3,Desaprobado
2025-05-30,Mia,Quiroga,37381074,mia.quiroga@gmail.com,+54 9 3252 2837,DAT-101,Introducción a los Datos,5,Aprobado
2025-05-30,Luciano,Gonzalez,46170762,luciano.gonzalez25@outlook.com,+54 15 2284 2891,DAT-201,Estadística Avanzada,6,Aprobado
2025-05-30,Juan Pablo,Avila,46997300,juan pablo.avila25@outlook.com,+54 9 3613 9929,IA-300,Redes Neuronales,1,Desaprobado
2025-05-30,Julieta,Martinez,44858776,julieta.martinez25@outlook.com,+54 15 2762 9518,GEN-101,Ética y Tecnología,2,Desaprobado
2025-05-30,Benicio,Cordoba,40783770,benicio.cordoba@gmail.com,+54 9 3585 7874,DAT-201,Estadística Avanzada,8,Aprobado
2025-05-30,Lucas,Correa,38967997,lucas.correa@gmail.com,+54 9 3212 2230,DEV-101,Algoritmos I,10,Aprobado
2025-05-30,Simon,Garcia,32139544,simon.garcia@gmail.com,+54 15 2106 5300,GEN-101,Ética y Tecnología,10,Aprobado
2025-05-30,Abigail,Bravo,45225711,abigail.bravo25@outlook.com,+54 9 3623 4808,DEV-101,Algoritmos I,4,Aprobado
2025-05-31,Rafael,Ramirez,40874592,rafael.ramirez@gmail.com,+54 9 3620 8843,DEV-101,Algoritmos I,5,Aprobado
2025-05-31,Luciano,Ferreyra,45474521,luciano.ferreyra25@outlook.com,+54 15 2564 2665,DAT-101,Introducción a los Datos,6,Aprobado
2025-05-31,Isabella,Romero,39337175,isabella.romero@gmail.com,+54 15 2846 4951,IA-300,Redes Neuronales,6,Aprobado
2025-05-31,Sofia,Sanchez,43276053,sofia.sanchez25@outlook.com,+54 15 2563 6859,UX-100,Diseño de Experiencia de Usuario,5,Aprobado
2025-05-31,Ana Paula,Ruiz,31492591,ana paula.ruiz@gmail.com,+54 15 2573 3008,DAT-305,Big Data & Cloud,6,Aprobado
2025-05-31,Mateo,Ledesma,45746833,mateo.ledesma25@outlook.com,+54 15 2345 1579,NEG-400,Liderazgo y Negociación,8,Aprobado
2025-05-31,Gonzalo,Moyano,30789190,gonzalo.moyano@gmail.com,+54 9 3825 1992,DAT-305,Big Data & Cloud,5,Aprobado
2025-05-31,Juana,Torres,38340878,juana.torres@gmail.com,+54 15 2298 8036,GEN-101,Ética y Tecnología,7,Aprobado
2025-05-31,Guadalupe,Gonzalez,47075635,guadalupe.gonzalez25@outlook.com,+54 15 2419 6391,UX-100,Diseño de Experiencia de Usuario,8,Aprobado
2025-05-31,Maximo,Ruiz,44923903,maximo.ruiz25@outlook.com,+54 15 2267 5590,DEV-101,Algoritmos I,9,Aprobado
2025-05-31,Emma,Rojas,35844073,emma.rojas@gmail.com,+54 9 3697 8656,NEG-400,Liderazgo y Negociación,9,Aprobado
2025-05-31,Sol,Herrera,31324108,sol.herrera@gmail.com,+54 9 3553 6298,NEG-400,Liderazgo y Negociación,10,Aprobado
2025-05-31,Bastian,Barrios,44442488,bastian.barrios25@outlook.com,+54 15 2852 6514,DAT-201,Estadística Avanzada,3,Desaprobado
2025-05-31,Martina,Romero,34294158,martina.romero@gmail.com,+54 9 3618 8488,NEG-400,Liderazgo y Negociación,4,Aprobado
2025-06-01,Juan Manuel,Gomez,43456083,juan manuel.gomez25@outlook.com,+54 9 3996 1245,DAT-201,Estadística Avanzada,5,Aprobado
2025-06-01,Mateo,Ortiz,30277884,mateo.ortiz@gmail.com,+54 15 2204 5454,GEN-101,Ética y Tecnología,6,Aprobado
2025-06-01,Mateo,Ledesma,45746833,mateo.ledesma25@outlook.com,+54 15 2345 1579,IA-300,Redes Neuronales,6,Aprobado
2025-06-01,Ciro,Velazquez,39145092,ciro.velazquez@gmail.com,+54 15 2145 9376,MKT-200,Marketing de Contenidos,9,Aprobado
2025-06-01,Sofía,Gomez,39475622,sofía.gomez@gmail.com,+54 15 2649 5613,MKT-200,Marketing de Contenidos,6,Aprobado
2025-06-01,Elena,Castro,32496231,elena.castro@gmail.com,+54 9 3921 9876,DEV-101,Algoritmos I,6,Aprobado
2025-06-01,Emilia,Cardozo,30703214,emilia.cardozo@gmail.com,+54 9 3875 1081,DEV-101,Algoritmos I,9,Aprobado
2025-06-01,Emma,Acosta,31020972,emma.acosta@gmail.com,+54 15 2700 4343,MKT-200,Marketing de Contenidos,1,Desaprobado
2025-06-01,Bautista Benjamin,Ruiz,32776935,bautista benjamin.ruiz@gmail.com,+54 9 3526 3801,MKT-200,Marketing de Contenidos,2,Desaprobado
2025-06-01,Isabella,Alvarez,43871938,isabella.alvarez25@outlook.com,+54 9 3191 5405,DAT-101,Introducción a los Datos,3,Desaprobado
2025-06-01,Martina,Cardozo,47061751,martina.cardozo25@outlook.com,+54 15 2699 7390,UX-100,Diseño de Experiencia de Usuario,7,Aprobado
2025-06-01,Felipe,Sanchez,31594339,felipe.sanchez@gmail.com,+54 15 2687 2298,GEN-101,Ética y Tecnología,9,Aprobado
2025-06-01,Sol,Rojas,31961540,sol.rojas@gmail.com,+54 9 3770 9067,NEG-400,Liderazgo y Negociación,8,Aprobado
2025-06-01,Nina,Muñoz,45291864,nina.muñoz25@outlook.com,+54 9 3857 9028,DAT-201,Estadística Avanzada,4,Aprobado
2025-06-01,Sofia,Lopez,43008590,sofia.lopez25@outlook.com,+54 15 2796 4023,DAT-101,Introducción a los Datos,2,Desaprobado
2025-06-01,Guillermina,Ruiz,32130223,guillermina.ruiz@gmail.com,+54 15 2589 7617,MKT-200,Marketing de Contenidos,3,Desaprobado
2025-06-01,Mateo,Mansilla,32839194,mateo.mansilla@gmail.com,+54 9 3965 8085,DEV-101,Algoritmos I,2,Desaprobado
2025-06-01,Thiago,Castro,39040140,thiago.castro@gmail.com,+54 9 3610 6463,IA-300,Redes Neuronales,7,Aprobado
2025-06-01,Paloma,Gonzalez,34888999,paloma.gonzalez@gmail.com,+54 9 3840 2726,UX-100,Diseño de Experiencia de Usuario,1,Desaprobado
2025-06-01,Bruno,Ramos,46653953,bruno.ramos25@outlook.com,+54 15 2897 3303,UX-100,Diseño de Experiencia de Usuario,4,Aprobado
2025-06-01,Lautaro Ezequiel,Miranda,41289442,lautaro ezequiel.miranda@gmail.com,+54 9 3967 1656,NEG-400,Liderazgo y Negociación,5,Aprobado
2025-06-01,Agustina,Ramirez,34531843,agustina.ramirez@gmail.com,+54 15 2450 6445,IA-400,Deep Learning Aplicado,9,Aprobado
2025-06-01,Santiago,Morales,30808375,santiago.morales@gmail.com,+54 9 3713 2441,DEV-101,Algoritmos I,8,Aprobado
2025-06-02,Gino,Ruiz,32034364,gino.ruiz@gmail.com,+54 15 2534 9591,DAT-101,Introducción a los Datos,4,Aprobado
2025-06-02,Micaela,Rodriguez,43678310,micaela.rodriguez25@outlook.com,+54 9 3700 6729,DAT-101,Introducción a los Datos,9,Aprobado
2025-06-02,Bautista,Velazquez,39255922,bautista.velazquez@gmail.com,+54 15 2339 6181,DAT-101,Introducción a los Datos,2,Desaprobado
2025-06-02,Bautista,Perez,31467025,bautista.perez@gmail.com,+54 15 2490 6807,IA-400,Deep Learning Aplicado,6,Aprobado
2025-06-02,Ciro,Toledo,35834047,ciro.toledo@gmail.com,+54 9 3988 7405,UX-100,Diseño de Experiencia de Usuario,1,Desaprobado
2025-06-02,Valentin,Caceres,47217063,valentin.caceres25@outlook.com,+54 15 2415 2665,GEN-101,Ética y Tecnología,7,Aprobado
2025-06-02,Ramiro,Perez,43827991,ramiro.perez25@outlook.com,+54 9 3631 4194,DAT-305,Big Data & Cloud,6,Aprobado
2025-06-02,Renata,Benitez,44754301,renata.benitez25@outlook.com,+54 9 3242 9792,DAT-101,Introducción a los Datos,2,Desaprobado
2025-06-02,Matias,Moreno,40531804,matias.moreno@gmail.com,+54 15 2572 0376,DAT-201,Estadística Avanzada,1,Desaprobado
2025-06-02,Juan Manuel,Castillo,37527174,juan manuel.castillo@gmail.com,+54 9 3864 3217,IA-300,Redes Neuronales,1,Desaprobado
2025-06-02,Santino,Duarte,41815317,santino.duarte@gmail.com,+54 15 2268 9888,GEN-101,Ética y Tecnología,6,Aprobado
2025-06-02,Thiago Emanuel,Rodriguez,45177548,thiago emanuel.rodriguez25@outlook.com,+54 9 3486 6592,MKT-200,Marketing de Contenidos,2,Desaprobado
2025-06-02,Ambar,Romero,38417833,ambar.romero@gmail.com,+54 9 3547 1543,DAT-101,Introducción a los Datos,6,Aprobado
2025-06-03,Sofia,Diaz,47707678,sofia.diaz25@outlook.com,+54 15 2176 6152,MKT-200,Marketing de Contenidos,10,Aprobado
2025-06-03,Maximo,Romero,33418893,maximo.romero@gmail.com,+54 15 2655 6620,IA-400,Deep Learning Aplicado,5,Aprobado
2025-06-03,Joaquin,Aguirre,45024595,joaquin.aguirre25@outlook.com,+54 15 2117 6640,NEG-400,Liderazgo y Negociación,4,Aprobado
2025-06-03,Bianca,Miranda,31531992,bianca.miranda@gmail.com,+54 15 2921 0384,DEV-101,Algoritmos I,4,Aprobado
2025-06-03,Agustin,Hernandez,40296795,agustin.hernandez@gmail.com,+54 15 2150 0504,DEV-101,Algoritmos I,9,Aprobado
2025-06-03,Gonzalo,Sanchez,41890956,gonzalo.sanchez@gmail.com,+54 9 3817 4896,UX-100,Diseño de Experiencia de Usuario,9,Aprobado
2025-06-03,Santiago,Sosa,44820591,santiago.sosa25@outlook.com,+54 15 2610 9863,DEV-101,Algoritmos I,3,Desaprobado
2025-06-03,Martina,Gimenez,36594251,martina.gimenez@gmail.com,+54 9 3517 9045,IA-400,Deep Learning Aplicado,10,Aprobado
2025-06-03,Felipe,Arias,40140970,felipe.arias@gmail.com,+54 9 3762 8206,DAT-305,Big Data & Cloud,7,Aprobado
2025-06-03,Geronimo,Acosta,44229724,geronimo.acosta25@outlook.com,+54 15 2507 4379,UX-100,Diseño de Experiencia de Usuario,7,Aprobado
2025-06-03,Isabella,Rojas,45311516,isabella.rojas25@outlook.com,+54 15 2924 3437,DAT-101,Introducción a los Datos,6,Aprobado
2025-06-03,Luciana,Ruiz,41023707,luciana.ruiz@gmail.com,+54 15 2381 6292,UX-100,Diseño de Experiencia de Usuario,7,Aprobado
2025-06-03,Juliana,Garcia,37583844,juliana.garcia@gmail.com,+54 15 2932 8927,DEV-101,Algoritmos I,7,Aprobado
2025-06-04,Lautaro Benjamin,Rodriguez,30356437,lautaro benjamin.rodriguez@gmail.com,+54 15 2259 6158,NEG-400,Liderazgo y Negociación,10,Aprobado
2025-06-04,Pedro,Duarte,30268860,pedro.duarte@gmail.com,+54 9 3255 7541,MKT-200,Marketing de Contenidos,9,Aprobado
2025-06-04,Ciro,Vera,37874267,ciro.vera@gmail.com,+54 15 2120 0554,IA-400,Deep Learning Aplicado,3,Desaprobado
2025-06-04,Valentino,Gimenez,36092237,valentino.gimenez@gmail.com,+54 15 2622 8522,IA-400,Deep Learning Aplicado,2,Desaprobado
2025-06-04,Alejo,Juarez,34353357,alejo.juarez@gmail.com,+54 15 2977 7774,DAT-305,Big Data & Cloud,4,Aprobado
2025-06-04,Paulina,Muñoz,30301798,paulina.muñoz@gmail.com,+54 15 2363 3856,IA-300,Redes Neuronales,6,Aprobado
2025-06-04,Milagros,Diaz,41950319,milagros.diaz@gmail.com,+54 9 3290 5987,DEV-101,Algoritmos I,10,Aprobado
2025-06-04,Mateo,Cabrera,45177328,mateo.cabrera25@outlook.com,+54 9 3616 0407,MKT-200,Marketing de Contenidos,1,Desaprobado
2025-06-04,Emma,Perez,31528064,emma.perez@gmail.com,+54 15 2736 1269,MKT-200,Marketing de Contenidos,6,Aprobado
2025-06-04,Thiago Emanuel,Rodriguez,45177548,thiago emanuel.rodriguez25@outlook.com,+54 9 3486 6592,MKT-200,Marketing de Contenidos,6,Aprobado
2025-06-04,Juan Francisco,Maidana,38559625,juan francisco.maidana@gmail.com,+54 9 3106 7177,DEV-101,Algoritmos I,9,Aprobado
2025-06-04,Benicio,Fernandez,38070258,benicio.fernandez@gmail.com,+54 9 3937 1930,UX-100,Diseño de Experiencia de Usuario,8,Aprobado
2025-06-04,Julian,Gomez,44059178,julian.gomez25@outlook.com,+54 15 2879 6484,IA-400,Deep Learning Aplicado,10,Aprobado
2025-06-04,Luna,Mendoza,40451762,luna.mendoza@gmail.com,+54 15 2186 7469,DAT-101,Introducción a los Datos,4,Aprobado
2025-06-04,Martina,Cardozo,47061751,martina.cardozo25@outlook.com,+54 15 2699 7390,DAT-305,Big Data & Cloud,9,Aprobado
2025-06-04,Joaquin,Mansilla,43721576,joaquin.mansilla25@outlook.com,+54 9 3211 2576,DEV-101,Algoritmos I,6,Aprobado
2025-06-04,Benicio,Romero,35753821,benicio.romero@gmail.com,+54 9 3493 2690,DAT-305,Big Data & Cloud,4,Aprobado
2025-06-04,Catalina,Acosta,46538783,catalina.acosta25@outlook.com,+54 9 3854 4998,NEG-400,Liderazgo y Negociación,2,Desaprobado
2025-06-04,Tobias,Castillo,35608376,tobias.castillo@gmail.com,+54 15 2609 1713,UX-100,Diseño de Experiencia de Usuario,8,Aprobado
2025-06-04,Olivia,Soto,36532331,olivia.soto@gmail.com,+54 9 3110 7196,NEG-400,Liderazgo y Negociación,8,Aprobado
2025-06-05,Martina,Romero,34294158,martina.romero@gmail.com,+54 9 3618 8488,IA-400,Deep Learning Aplicado,2,Desaprobado
2025-06-05,Joaquín,Aguirre,45568950,joaquín.aguirre25@outlook.com,+54 15 2498 3098,DAT-201,Estadística Avanzada,2,Desaprobado
2025-06-05,Bastian,Barrios,44442488,bastian.barrios25@outlook.com,+54 15 2852 6514,DEV-101,Algoritmos I,4,Aprobado
2025-06-05,Abigail,Bravo,45225711,abigail.bravo25@outlook.com,+54 9 3623 4808,GEN-101,Ética y Tecnología,2,Desaprobado
2025-06-05,Rafael,Nuñez,40409948,rafael.nuñez@gmail.com,+54 9 3892 9373,IA-300,Redes Neuronales,6,Aprobado
2025-06-05,Santiago Nicolas,Miranda,38393487,santiago nicolas.miranda@gmail.com,+54 9 3320 6037,DEV-101,Algoritmos I,5,Aprobado
2025-06-05,Juana,Castro,36133533,juana.castro@gmail.com,+54 15 2508 7979,DAT-201,Estadística Avanzada,3,Desaprobado
2025-06-05,Nicolas,Pereyra,36701529,nicolas.pereyra@gmail.com,+54 15 2753 1008,MKT-200,Marketing de Contenidos,6,Aprobado
2025-06-05,Santiago,Diaz,46585675,santiago.diaz25@outlook.com,+54 15 2586 5948,DAT-101,Introducción a los Datos,4,Aprobado
2025-06-05,Guadalupe,Gomez,38111908,guadalupe.gomez@gmail.com,+54 15 2201 9035,DAT-101,Introducción a los Datos,8,Aprobado
2025-06-05,Mateo,Lopez,30278086,mateo.lopez@gmail.com,+54 9 3374 3377,IA-300,Redes Neuronales,3,Desaprobado
2025-06-05,Martina,Lopez,46890428,martina.lopez25@outlook.com,+54 15 2191 0910,DAT-305,Big Data & Cloud,3,Desaprobado
2025-06-05,Paulina,Muñoz,30301798,paulina.muñoz@gmail.com,+54 15 2363 3856,GEN-101,Ética y Tecnología,7,Aprobado
2025-06-05,Thiago Valentin,Fernandez,44049715,thiago valentin.fernandez25@outlook.com,+54 15 2608 7431,DAT-201,Estadística Avanzada,5,Aprobado
2025-06-05,Santino,Romero,37515292,santino.romero@gmail.com,+54 9 3166 8844,DAT-305,Big Data & Cloud,7,Aprobado
2025-06-05,Santino,Romero,37515292,santino.romero@gmail.com,+54 9 3166 8844,DAT-201,Estadística Avanzada,1,Desaprobado
2025-06-05,Thiago Benjamin,Ayala,33683627,thiago benjamin.ayala@gmail.com,+54 9 3339 0062,IA-400,Deep Learning Aplicado,7,Aprobado
2025-06-06,Juan Ignacio,Flores,45499218,juan ignacio.flores25@outlook.com,+54 15 2417 6495,MKT-200,Marketing de Contenidos,8,Aprobado
2025-06-06,Mia Valentina,Gimenez,46966361,mia valentina.gimenez25@outlook.com,+54 15 2560 1349,GEN-101,Ética y Tecnología,5,Aprobado
2025-06-06,Guadalupe,Garcia,32664172,guadalupe.garcia@gmail.com,+54 15 2806 1915,NEG-400,Liderazgo y Negociación,6,Aprobado
2025-06-06,Joaquin,Aguirre,45024595,joaquin.aguirre25@outlook.com,+54 15 2117 6640,DEV-101,Algoritmos I,5,Aprobado
2025-06-06,Ambar,Gutierrez,37412229,ambar.gutierrez@gmail.com,+54 9 3508 8909,GEN-101,Ética y Tecnología,1,Desaprobado
2025-06-06,Thiago Leonel,Lopez,44197978,thiago leonel.lopez25@outlook.com,+54 15 2665 4161,DAT-201,Estadística Avanzada,5,Aprobado
2025-06-06,Martín,Sanchez,47556368,martín.sanchez25@outlook.com,+54 15 2731 1062,IA-300,Redes Neuronales,6,Aprobado
2025-06-06,Ignacio,Martinez,41016204,ignacio.martinez@gmail.com,+54 9 3892 3689,GEN-101,Ética y Tecnología,8,Aprobado
2025-06-06,Abigail,Bravo,45225711,abigail.bravo25@outlook.com,+54 9 3623 4808,DAT-101,Introducción a los Datos,5,Aprobado
2025-06-06,Juan Sebastian,Fernandez,44190336,juan sebastian.fernandez25@outlook.com,+54 15 2892 9959,MKT-200,Marketing de Contenidos,9,Aprobado
2025-06-06,Manuel,Rivero,45984678,manuel.rivero25@outlook.com,+54 15 2140 0587,IA-300,Redes Neuronales,1,Desaprobado
2025-06-06,Sofia,Rodriguez,38648189,sofia.rodriguez@gmail.com,+54 9 3653 2883,NEG-400,Liderazgo y Negociación,2,Desaprobado
2025-06-06,Camila,Rios,37039481,camila.rios@gmail.com,+54 15 2438 9612,NEG-400,Liderazgo y Negociación,4,Aprobado
2025-06-07,Ian,Chavez,41340763,ian.chavez@gmail.com,+54 9 3307 7011,GEN-101,Ética y Tecnología,1,Desaprobado
2025-06-07,Juana,Garcia,35199789,juana.garcia@gmail.com,+54 15 2910 1928,UX-100,Diseño de Experiencia de Usuario,6,Aprobado
2025-06-07,Francisco,Flores,39623347,francisco.flores@gmail.com,+54 15 2101 9948,GEN-101,Ética y Tecnología,9,Aprobado
2025-06-07,Agustín,Acosta,36882138,agustín.acosta@gmail.com,+54 15 2451 1690,NEG-400,Liderazgo y Negociación,8,Aprobado
2025-06-07,Simon,Garcia,32139544,simon.garcia@gmail.com,+54 15 2106 5300,DEV-101,Algoritmos I,10,Aprobado
2025-06-07,Tiziano Valentin,Caceres,38405437,tiziano valentin.caceres@gmail.com,+54 15 2451 0969,DAT-305,Big Data & Cloud,3,Desaprobado
2025-06-07,Luna,Mendoza,40451762,luna.mendoza@gmail.com,+54 15 2186 7469,DEV-101,Algoritmos I,6,Aprobado
2025-06-07,Angelina,Garcia,35580984,angelina.garcia@gmail.com,+54 9 3933 6024,NEG-400,Liderazgo y Negociación,4,Aprobado
2025-06-07,Isabella,Benitez,37226510,isabella.benitez@gmail.com,+54 9 3593 2788,DAT-201,Estadística Avanzada,9,Aprobado
2025-06-07,Ambar,Gutierrez,37412229,ambar.gutierrez@gmail.com,+54 9 3508 8909,DAT-201,Estadística Avanzada,6,Aprobado
2025-06-07,Thiago Benjamin,Rodriguez,45711997,thiago benjamin.rodriguez25@outlook.com,+54 15 2875 1684,DAT-305,Big Data & Cloud,2,Desaprobado
2025-06-07,Guadalupe,Gonzalez,47075635,guadalupe.gonzalez25@outlook.com,+54 15 2419 6391,IA-300,Redes Neuronales,9,Aprobado
2025-06-07,Emanuel,Gomez,31576981,emanuel.gomez@gmail.com,+54 9 3734 4828,DAT-201,Estadística Avanzada,10,Aprobado
2025-06-07,Benicio,Acosta,35207049,benicio.acosta@gmail.com,+54 9 3912 1163,UX-100,Diseño de Experiencia de Usuario,10,Aprobado
2025-06-07,Maria Emilia,Herrera,35054932,maria emilia.herrera@gmail.com,+54 9 3252 6002,DAT-201,Estadística Avanzada,1,Desaprobado
2025-06-07,Felipe,Roldan,46080609,felipe.roldan25@outlook.com,+54 9 3116 4433,IA-400,Deep Learning Aplicado,6,Aprobado
2025-06-07,Franco,Perez,35486815,franco.perez@gmail.com,+54 15 2650 6421,MKT-200,Marketing de Contenidos,7,Aprobado
2025-06-07,Ignacio,Blanco,45679679,ignacio.blanco25@outlook.com,+54 9 3818 2260,NEG-400,Liderazgo y Negociación,8,Aprobado
2025-06-08,Ian Ezequiel,Farias,45838988,ian ezequiel.farias25@outlook.com,+54 9 3528 9441,DEV-101,Algoritmos I,2,Desaprobado
2025-06-08,Francisco,Aguirre,45186536,francisco.aguirre25@outlook.com,+54 9 3696 3421,GEN-101,Ética y Tecnología,6,Aprobado
2025-06-08,Guadalupe,Perez,40201800,guadalupe.perez@gmail.com,+54 9 3201 3021,DAT-305,Big Data & Cloud,4,Aprobado
2025-06-08,Tiziana,Aguirre,45105658,tiziana.aguirre25@outlook.com,+54 15 2465 3819,UX-100,Diseño de Experiencia de Usuario,4,Aprobado
2025-06-08,Jazmin,Franco,44491570,jazmin.franco25@outlook.com,+54 15 2431 0630,MKT-200,Marketing de Contenidos,3,Desaprobado
2025-06-08,Mateo,Fernandez,31846333,mateo.fernandez@gmail.com,+54 9 3288 3247,NEG-400,Liderazgo y Negociación,5,Aprobado
2025-06-08,Santino,Duarte,38020693,santino.duarte@gmail.com,+54 15 2512 5398,NEG-400,Liderazgo y Negociación,5,Aprobado
2025-06-08,Angelina,Pereyra,32789755,angelina.pereyra@gmail.com,+54 15 2962 5391,IA-300,Redes Neuronales,6,Aprobado
2025-06-08,Charo,Martinez,33379578,charo.martinez@gmail.com,+54 15 2680 9235,NEG-400,Liderazgo y Negociación,7,Aprobado
2025-06-08,Santino Ezequiel,Quiroga,31313953,santino ezequiel.quiroga@gmail.com,+54 15 2930 1507,IA-400,Deep Learning Aplicado,6,Aprobado
2025-06-08,Juana,Rios,32844429,juana.rios@gmail.com,+54 15 2482 5721,NEG-400,Liderazgo y Negociación,1,Desaprobado
2025-06-08,Matias,Moyano,32183463,matias.moyano@gmail.com,+54 15 2984 0447,IA-300,Redes Neuronales,2,Desaprobado
2025-06-09,Nicolas,Torres,44988381,nicolas.torres25@outlook.com,+54 9 3103 2180,DAT-101,Introducción a los Datos,9,Aprobado
2025-06-09,Tomàs,Gonzalez,40998609,tomàs.gonzalez@gmail.com,+54 9 3448 1992,DAT-305,Big Data & Cloud,5,Aprobado
2025-06-09,Santiago,Quiroga,44959844,santiago.quiroga25@outlook.com,+54 15 2580 3858,DAT-201,Estadística Avanzada,7,Aprobado
2025-06-09,Elena,Luna,44965151,elena.luna25@outlook.com,+54 9 3178 3640,DEV-101,Algoritmos I,8,Aprobado
2025-06-09,Luciano Benjamin,Gonzalez,38017139,luciano benjamin.gonzalez@gmail.com,+54 15 2118 0896,NEG-400,Liderazgo y Negociación,5,Aprobado
2025-06-09,Rafael,Gutierrez,45704555,rafael.gutierrez25@outlook.com,+54 9 3391 8523,DAT-305,Big Data & Cloud,9,Aprobado
2025-06-09,Lautaro,Luna,34896530,lautaro.luna@gmail.com,+54 9 3634 2447,MKT-200,Marketing de Contenidos,7,Aprobado
2025-06-09,Maria Paz,Sosa,44640011,maria paz.sosa25@outlook.com,+54 9 3358 5318,DAT-201,Estadística Avanzada,4,Aprobado
2025-06-09,Abigail,Bravo,45225711,abigail.bravo25@outlook.com,+54 9 3623 4808,NEG-400,Liderazgo y Negociación,8,Aprobado
2025-06-09,Isabella,Alvarez,40104822,isabella.alvarez@gmail.com,+54 15 2545 8644,DEV-101,Algoritmos I,10,Aprobado
2025-06-09,Francesca,Fernandez,46069202,francesca.fernandez25@outlook.com,+54 9 3807 8753,DAT-201,Estadística Avanzada,8,Aprobado
2025-06-10,Pedro,Cordoba,47367569,pedro.cordoba25@outlook.com,+54 9 3182 8480,NEG-400,Liderazgo y Negociación,3,Desaprobado
2025-06-10,Santiago,Mendoza,30382587,santiago.mendoza@gmail.com,+54 9 3200 6730,DEV-101,Algoritmos I,6,Aprobado
2025-06-10,Federico,Cordoba,33276302,federico.cordoba@gmail.com,+54 9 3661 7911,NEG-400,Liderazgo y Negociación,6,Aprobado
2025-06-10,Francisco,Flores,39623347,francisco.flores@gmail.com,+54 15 2101 9948,DEV-101,Algoritmos I,5,Aprobado
2025-06-10,Benjamin,Franco,47163691,benjamin.franco25@outlook.com,+54 9 3701 0029,DAT-305,Big Data & Cloud,2,Desaprobado
2025-06-10,Ignacio,Martinez,41016204,ignacio.martinez@gmail.com,+54 9 3892 3689,GEN-101,Ética y Tecnología,5,Aprobado
2025-06-10,Martina,Castro,41904080,martina.castro@gmail.com,+54 15 2431 2243,DAT-201,Estadística Avanzada,10,Aprobado
2025-06-10,Juan Ignacio,Perez,46698472,juan ignacio.perez25@outlook.com,+54 15 2119 2004,DEV-101,Algoritmos I,5,Aprobado
2025-06-10,Camila,Cabrera,44107875,camila.cabrera25@outlook.com,+54 15 2307 2733,IA-300,Redes Neuronales,9,Aprobado
2025-06-10,Dylan,Peralta,38695540,dylan.peralta@gmail.com,+54 15 2105 6753,DAT-101,Introducción a los Datos,3,Desaprobado
2025-06-10,Gino,Ruiz,32034364,gino.ruiz@gmail.com,+54 15 2534 9591,NEG-400,Liderazgo y Negociación,6,Aprobado
2025-06-10,Paloma,Diaz,38500035,paloma.diaz@gmail.com,+54 15 2974 3058,GEN-101,Ética y Tecnología,2,Desaprobado
2025-06-10,Juan Martin,Olivera,40366603,juan martin.olivera@gmail.com,+54 15 2153 5577,DAT-201,Estadística Avanzada,10,Aprobado
2025-06-10,Benicio,Ramos,35415212,benicio.ramos@gmail.com,+54 15 2888 1141,NEG-400,Liderazgo y Negociación,3,Desaprobado
2025-06-10,Ignacio,Maidana,30430162,ignacio.maidana@gmail.com,+54 15 2590 5842,IA-300,Redes Neuronales,8,Aprobado
2025-06-10,Dylan Benjamin,Mendez,34498415,dylan benjamin.mendez@gmail.com,+54 9 3835 6149,UX-100,Diseño de Experiencia de Usuario,7,Aprobado
2025-06-10,Ambar,Romero,38417833,ambar.romero@gmail.com,+54 9 3547 1543,DEV-101,Algoritmos I,5,Aprobado
2025-06-10,Julia,Rodriguez,44064200,julia.rodriguez25@outlook.com,+54 9 3294 0259,DEV-101,Algoritmos I,10,Aprobado
2025-06-11,Luz Milagros,Acuña,36765559,luz milagros.acuña@gmail.com,+54 9 3343 1849,IA-400,Deep Learning Aplicado,6,Aprobado
2025-06-11,Lola,Valdez,39412125,lola.valdez@gmail.com,+54 9 3115 0663,GEN-101,Ética y Tecnología,10,Aprobado
2025-06-11,Nahiara Jazmin,Gomez,44086116,nahiara jazmin.gomez25@outlook.com,+54 15 2811 3007,IA-300,Redes Neuronales,6,Aprobado
2025-06-11,Matilda,Cabrera,47826221,matilda.cabrera25@outlook.com,+54 15 2779 9063,DAT-305,Big Data & Cloud,10,Aprobado
2025-06-11,Ignacio,Maidana,30430162,ignacio.maidana@gmail.com,+54 15 2590 5842,DAT-305,Big Data & Cloud,4,Aprobado
2025-06-11,Renata,Cruz,38002503,renata.cruz@gmail.com,+54 15 2623 2405,NEG-400,Liderazgo y Negociación,7,Aprobado
2025-06-11,Zoe,Perez,33397920,zoe.perez@gmail.com,+54 15 2971 5023,IA-300,Redes Neuronales,3,Desaprobado
2025-06-11,Martina,Gimenez,36594251,martina.gimenez@gmail.com,+54 9 3517 9045,DAT-101,Introducción a los Datos,8,Aprobado
2025-06-11,Sofia,Sanchez,41314648,sofia.sanchez@gmail.com,+54 15 2374 2561,DAT-201,Estadística Avanzada,10,Aprobado
2025-06-11,Valentina ,Gutierrez,35574653,valentina .gutierrez@gmail.com,+54 9 3354 6331,GEN-101,Ética y Tecnología,6,Aprobado
2025-06-11,Maximo,Toledo,34883029,maximo.toledo@gmail.com,+54 9 3423 2266,DAT-305,Big Data & Cloud,5,Aprobado
2025-06-11,Benjamin,Carrizo,46346975,benjamin.carrizo25@outlook.com,+54 9 3709 9957,DEV-101,Algoritmos I,4,Aprobado
2025-06-11,Thiago,Moreno,39759071,thiago.moreno@gmail.com,+54 9 3312 3505,MKT-200,Marketing de Contenidos,5,Aprobado
2025-06-11,Simon,Rojas,43286289,simon.rojas25@outlook.com,+54 9 3498 3718,DAT-201,Estadística Avanzada,5,Aprobado
2025-06-11,Juan Pablo,Benitez,30163309,juan pablo.benitez@gmail.com,+54 9 3838 2898,DEV-101,Algoritmos I,9,Aprobado
2025-06-11,Juan Sebastian,Pereyra,44830567,juan sebastian.pereyra25@outlook.com,+54 15 2242 1449,MKT-200,Marketing de Contenidos,5,Aprobado
2025-06-11,Emilia,Luna,44115909,emilia.luna25@outlook.com,+54 9 3527 9657,IA-400,Deep Learning Aplicado,5,Aprobado
2025-06-11,Luisina,Gomez,46860457,luisina.gomez25@outlook.com,+54 9 3398 3704,UX-100,Diseño de Experiencia de Usuario,2,Desaprobado
2025-06-11,Simon,Arias,40753275,simon.arias@gmail.com,+54 9 3749 9910,IA-300,Redes Neuronales,1,Desaprobado
2025-06-12,Octavio,Sanchez,36510557,octavio.sanchez@gmail.com,+54 15 2784 3007,UX-100,Diseño de Experiencia de Usuario,5,Aprobado
2025-06-12,Juan,Ramirez,33984071,juan.ramirez@gmail.com,+54 15 2725 9320,MKT-200,Marketing de Contenidos,10,Aprobado
2025-06-12,Martina,Martinez,30342609,martina.martinez@gmail.com,+54 15 2874 9345,GEN-101,Ética y Tecnología,7,Aprobado
2025-06-12,Amparo,Pereyra,35115152,amparo.pereyra@gmail.com,+54 9 3249 7262,MKT-200,Marketing de Contenidos,7,Aprobado
2025-06-12,Martina,Velazquez,44076200,martina.velazquez25@outlook.com,+54 15 2586 8167,IA-400,Deep Learning Aplicado,6,Aprobado
2025-06-12,Santino,Lopez,39265874,santino.lopez@gmail.com,+54 9 3354 9405,DAT-201,Estadística Avanzada,3,Desaprobado
2025-06-12,Bianca,Miranda,31531992,bianca.miranda@gmail.com,+54 15 2921 0384,IA-400,Deep Learning Aplicado,3,Desaprobado
2025-06-12,Simon,Sanchez,40423919,simon.sanchez@gmail.com,+54 15 2664 7787,DAT-201,Estadística Avanzada,7,Aprobado
2025-06-12,Zoe Jazmin,Gutierrez,43647497,zoe jazmin.gutierrez25@outlook.com,+54 15 2460 6899,DAT-201,Estadística Avanzada,9,Aprobado
2025-06-12,Alma,Flores,32028866,alma.flores@gmail.com,+54 9 3925 3441,DAT-201,Estadística Avanzada,3,Desaprobado
2025-06-12,Benjamin,Herrera,36892333,benjamin.herrera@gmail.com,+54 9 3204 2208,IA-400,Deep Learning Aplicado,3,Desaprobado
2025-06-12,Mia,Gimenez,44490644,mia.gimenez25@outlook.com,+54 9 3250 3782,IA-400,Deep Learning Aplicado,8,Aprobado
2025-06-12,Emilia,Morales,38275238,emilia.morales@gmail.com,+54 9 3287 0630,IA-400,Deep Learning Aplicado,8,Aprobado
2025-06-12,Nicolas,Pereyra,36701529,nicolas.pereyra@gmail.com,+54 15 2753 1008,DAT-201,Estadística Avanzada,2,Desaprobado
2025-06-12,Martina,Ponce,47122979,martina.ponce25@outlook.com,+54 9 3940 4991,UX-100,Diseño de Experiencia de Usuario,2,Desaprobado
2025-06-12,Manuel,Sosa,35994686,manuel.sosa@gmail.com,+54 15 2970 5278,DAT-101,Introducción a los Datos,1,Desaprobado
2025-06-12,Josefina,Sosa,36443537,josefina.sosa@gmail.com,+54 9 3295 3403,UX-100,Diseño de Experiencia de Usuario,6,Aprobado
2025-06-12,Benjamin,Gomez,38549006,benjamin.gomez@gmail.com,+54 9 3854 3007,MKT-200,Marketing de Contenidos,2,Desaprobado
2025-06-12,Lola,Diaz,39547835,lola.diaz@gmail.com,+54 15 2695 5368,DEV-101,Algoritmos I,1,Desaprobado
2025-06-12,Gael,Rivero,38292751,gael.rivero@gmail.com,+54 15 2905 3775,NEG-400,Liderazgo y Negociación,10,Aprobado
2025-06-13,Isabella,Nuñez,36676918,isabella.nuñez@gmail.com,+54 9 3972 7053,DAT-305,Big Data & Cloud,10,Aprobado
2025-06-13,Lucía,Sosa,46263687,lucía.sosa25@outlook.com,+54 15 2397 3742,DAT-201,Estadística Avanzada,9,Aprobado
2025-06-13,Guadalupe,Sanchez,36691364,guadalupe.sanchez@gmail.com,+54 15 2281 5403,IA-400,Deep Learning Aplicado,7,Aprobado
2025-06-13,León,Garcia,46153310,león.garcia25@outlook.com,+54 15 2819 6740,NEG-400,Liderazgo y Negociación,10,Aprobado
2025-06-13,Nahuel,Ramirez,38780853,nahuel.ramirez@gmail.com,+54 15 2737 9559,MKT-200,Marketing de Contenidos,4,Aprobado
2025-06-13,Sofía,Valdez,35821025,sofía.valdez@gmail.com,+54 9 3396 6346,DEV-101,Algoritmos I,3,Desaprobado
2025-06-13,Gael,Rios,35839853,gael.rios@gmail.com,+54 9 3779 5817,DAT-101,Introducción a los Datos,5,Aprobado
2025-06-13,Francisco,Romero,30672524,francisco.romero@gmail.com,+54 15 2357 4938,IA-300,Redes Neuronales,4,Aprobado
2025-06-13,Lucas,Rodriguez,45090752,lucas.rodriguez25@outlook.com,+54 9 3928 7601,NEG-400,Liderazgo y Negociación,5,Aprobado
2025-06-13,Tiziano Benjamin,Martinez,34702143,tiziano benjamin.martinez@gmail.com,+54 15 2642 4065,DEV-101,Algoritmos I,9,Aprobado
2025-06-13,Juan Manuel,Castillo,37527174,juan manuel.castillo@gmail.com,+54 9 3864 3217,IA-300,Redes Neuronales,5,Aprobado
2025-06-13,Santiago Benjamin,Alvarez,46256042,santiago benjamin.alvarez25@outlook.com,+54 9 3745 9012,DAT-101,Introducción a los Datos,4,Aprobado
2025-06-13,Dante,Figueroa,37952315,dante.figueroa@gmail.com,+54 9 3598 4742,NEG-400,Liderazgo y Negociación,6,Aprobado
2025-06-13,Juan Manuel,Gonzalez,43037722,juan manuel.gonzalez25@outlook.com,+54 15 2320 0807,MKT-200,Marketing de Contenidos,2,Desaprobado
2025-06-13,Lucía,Diaz,45488677,lucía.diaz25@outlook.com,+54 15 2301 7703,DAT-101,Introducción a los Datos,10,Aprobado
2025-06-13,Ignacio,Herrera,35809204,ignacio.herrera@gmail.com,+54 15 2197 8926,UX-100,Diseño de Experiencia de Usuario,8,Aprobado
2025-06-13,Matias,Carrizo,33745990,matias.carrizo@gmail.com,+54 9 3696 4789,UX-100,Diseño de Experiencia de Usuario,8,Aprobado
2025-06-14,Josefina,Lopez,43498834,josefina.lopez25@outlook.com,+54 15 2506 2420,GEN-101,Ética y Tecnología,8,Aprobado
2025-06-14,Nicolas,Martinez,44512365,nicolas.martinez25@outlook.com,+54 15 2284 1152,DAT-201,Estadística Avanzada,6,Aprobado
2025-06-14,Simon,Sanchez,40423919,simon.sanchez@gmail.com,+54 15 2664 7787,DAT-305,Big Data & Cloud,4,Aprobado
2025-06-14,Mateo,Ortiz,30277884,mateo.ortiz@gmail.com,+54 15 2204 5454,DAT-305,Big Data & Cloud,8,Aprobado
2025-06-14,Lautaro Ezequiel,Rodriguez,31015246,lautaro ezequiel.rodriguez@gmail.com,+54 15 2312 7513,DAT-201,Estadística Avanzada,4,Aprobado
2025-06-14,Felicitas,Martinez,43652049,felicitas.martinez25@outlook.com,+54 15 2818 1118,IA-300,Redes Neuronales,4,Aprobado
2025-06-14,Santino,Lopez,39265874,santino.lopez@gmail.com,+54 9 3354 9405,UX-100,Diseño de Experiencia de Usuario,5,Aprobado
2025-06-14,Sebastian,Blanco,43711417,sebastian.blanco25@outlook.com,+54 9 3772 0801,DAT-305,Big Data & Cloud,4,Aprobado
2025-06-14,Juliana,Barrios,43040142,juliana.barrios25@outlook.com,+54 9 3274 5296,UX-100,Diseño de Experiencia de Usuario,9,Aprobado
2025-06-14,Juan Francisco,Maidana,38559625,juan francisco.maidana@gmail.com,+54 9 3106 7177,IA-300,Redes Neuronales,3,Desaprobado
2025-06-14,Milagros,Campos,31634609,milagros.campos@gmail.com,+54 9 3379 8110,DAT-305,Big Data & Cloud,8,Aprobado
2025-06-14,Benjamin Ezequiel,Garcia,34705463,benjamin ezequiel.garcia@gmail.com,+54 15 2410 6445,MKT-200,Marketing de Contenidos,6,Aprobado
2025-06-14,Ana Paula,Rios,47764924,ana paula.rios25@outlook.com,+54 15 2323 5264,NEG-400,Liderazgo y Negociación,4,Aprobado
2025-06-14,Guadalupe,Gonzalez,47075635,guadalupe.gonzalez25@outlook.com,+54 15 2419 6391,IA-400,Deep Learning Aplicado,8,Aprobado
2025-06-14,Antonio,Aguero,30055439,antonio.aguero@gmail.com,+54 9 3209 3344,IA-300,Redes Neuronales,8,Aprobado
2025-06-14,Francesca,Ramos,38181190,francesca.ramos@gmail.com,+54 15 2982 4752,IA-300,Redes Neuronales,1,Desaprobado
2025-06-15,Santino,Acosta,32935035,santino.acosta@gmail.com,+54 9 3106 9475,DAT-101,Introducción a los Datos,8,Aprobado
2025-06-15,Thiago Nicolas,Garcia,45980462,thiago nicolas.garcia25@outlook.com,+54 9 3914 3226,DAT-201,Estadística Avanzada,9,Aprobado
2025-06-15,Antonio,Ledesma,30528419,antonio.ledesma@gmail.com,+54 9 3878 9658,UX-100,Diseño de Experiencia de Usuario,2,Desaprobado
2025-06-15,Angelina,Romero,32171052,angelina.romero@gmail.com,+54 9 3817 8605,IA-400,Deep Learning Aplicado,9,Aprobado
2025-06-15,Jazmin,Campos,47678899,jazmin.campos25@outlook.com,+54 15 2399 6526,DAT-305,Big Data & Cloud,10,Aprobado
2025-06-15,Jeronimo,Gomez,38589344,jeronimo.gomez@gmail.com,+54 15 2594 0236,DAT-201,Estadística Avanzada,5,Aprobado
2025-06-15,Santino,Vazquez,35643961,santino.vazquez@gmail.com,+54 9 3923 3922,UX-100,Diseño de Experiencia de Usuario,6,Aprobado
2025-06-15,Maximiliano,Leiva,36858459,maximiliano.leiva@gmail.com,+54 15 2575 6363,DAT-305,Big Data & Cloud,8,Aprobado
2025-06-15,Bruno,Diaz,45544606,bruno.diaz25@outlook.com,+54 9 3150 0621,DAT-101,Introducción a los Datos,6,Aprobado
2025-06-15,Juana,Benitez,40039504,juana.benitez@gmail.com,+54 15 2577 6493,DAT-305,Big Data & Cloud,3,Desaprobado
2025-06-15,Santino,Vargas,43831919,santino.vargas25@outlook.com,+54 15 2824 6183,IA-400,Deep Learning Aplicado,3,Desaprobado
2025-06-15,Mateo Joaquin,Olivera,30923193,mateo joaquin.olivera@gmail.com,+54 15 2481 0044,IA-300,Redes Neuronales,7,Aprobado
2025-06-15,Clara,Duarte,47517294,clara.duarte25@outlook.com,+54 9 3696 9591,MKT-200,Marketing de Contenidos,6,Aprobado
2025-06-15,Dylan Ezequiel,Coronel,30055089,dylan ezequiel.coronel@gmail.com,+54 15 2514 8988,DAT-101,Introducción a los Datos,1,Desaprobado
2025-06-15,Milagros,Herrera,36349336,milagros.herrera@gmail.com,+54 9 3694 1937,DAT-101,Introducción a los Datos,4,Aprobado
2025-06-15,Sol,Gomez,31067946,sol.gomez@gmail.com,+54 9 3980 0115,DAT-101,Introducción a los Datos,1,Desaprobado
2025-06-15,Juan Cruz,Moyano,30800017,juan cruz.moyano@gmail.com,+54 15 2808 1024,UX-100,Diseño de Experiencia de Usuario,4,Aprobado
2025-06-15,Angelina,Garcia,35580984,angelina.garcia@gmail.com,+54 9 3933 6024,NEG-400,Liderazgo y Negociación,10,Aprobado
2025-06-15,Sebastian,Blanco,43711417,sebastian.blanco25@outlook.com,+54 9 3772 0801,NEG-400,Liderazgo y Negociación,8,Aprobado
2025-06-15,Josefina,Herrera,37763133,josefina.herrera@gmail.com,+54 9 3576 3256,DAT-201,Estadística Avanzada,7,Aprobado
2025-06-16,Rosario,Gonzalez,32592763,rosario.gonzalez@gmail.com,+54 9 3770 7755,NEG-400,Liderazgo y Negociación,10,Aprobado
2025-06-16,Lucía ,Pereyra,41721378,lucía .pereyra@gmail.com,+54 15 2811 9841,NEG-400,Liderazgo y Negociación,9,Aprobado
2025-06-16,Jeremias,Herrera,36971688,jeremias.herrera@gmail.com,+54 15 2368 4123,DAT-101,Introducción a los Datos,6,Aprobado
2025-06-16,Benjamin,Carrizo,37840610,benjamin.carrizo@gmail.com,+54 9 3290 3920,GEN-101,Ética y Tecnología,2,Desaprobado
2025-06-16,Tiziano Valentin,Caceres,38405437,tiziano valentin.caceres@gmail.com,+54 15 2451 0969,DAT-305,Big Data & Cloud,3,Desaprobado
2025-06-16,Antonio,Ramirez,40102789,antonio.ramirez@gmail.com,+54 9 3710 7301,UX-100,Diseño de Experiencia de Usuario,6,Aprobado
2025-06-16,Juan Cruz,Garcia,46858102,juan cruz.garcia25@outlook.com,+54 9 3422 9990,DAT-101,Introducción a los Datos,9,Aprobado
2025-06-16,Maria Luz,Moyano,31365812,maria luz.moyano@gmail.com,+54 9 3856 5055,MKT-200,Marketing de Contenidos,2,Desaprobado
2025-06-16,Ignacio,Torres,40852091,ignacio.torres@gmail.com,+54 9 3481 9334,UX-100,Diseño de Experiencia de Usuario,7,Aprobado
2025-06-16,Morena,Villalba,45825230,morena.villalba25@outlook.com,+54 15 2845 1885,DAT-201,Estadística Avanzada,5,Aprobado
2025-06-16,Jazmín,Mendez,30839312,jazmín.mendez@gmail.com,+54 9 3493 4706,IA-400,Deep Learning Aplicado,8,Aprobado
2025-06-16,Salvador,Correa,34577564,salvador.correa@gmail.com,+54 15 2524 2874,UX-100,Diseño de Experiencia de Usuario,8,Aprobado
2025-06-16,Juana,Ramirez,31559920,juana.ramirez@gmail.com,+54 9 3665 4505,NEG-400,Liderazgo y Negociación,3,Desaprobado
2025-06-16,Sofia,Gonzalez,31562676,sofia.gonzalez@gmail.com,+54 15 2684 6349,GEN-101,Ética y Tecnología,3,Desaprobado
2025-06-17,Milagros,Maidana,34089245,milagros.maidana@gmail.com,+54 15 2315 0648,IA-400,Deep Learning Aplicado,8,Aprobado
2025-06-17,Maria Luz,Moyano,31365812,maria luz.moyano@gmail.com,+54 9 3856 5055,MKT-200,Marketing de Contenidos,3,Desaprobado
2025-06-17,Tiziana,Flores,41532385,tiziana.flores@gmail.com,+54 9 3747 5194,NEG-400,Liderazgo y Negociación,2,Desaprobado
2025-06-17,Francisco,Correa,30677244,francisco.correa@gmail.com,+54 15 2954 2808,UX-100,Diseño de Experiencia de Usuario,10,Aprobado
2025-06-17,Juan Ignacio,Gomez,40401825,juan ignacio.gomez@gmail.com,+54 9 3163 0057,DEV-101,Algoritmos I,9,Aprobado
2025-06-17,Juana,Garcia,35199789,juana.garcia@gmail.com,+54 15 2910 1928,DEV-101,Algoritmos I,5,Aprobado
2025-06-17,Facundo,Maldonado,43506692,facundo.maldonado25@outlook.com,+54 9 3181 0506,IA-300,Redes Neuronales,8,Aprobado
2025-06-17,Malena,Gomez,36364003,malena.gomez@gmail.com,+54 15 2569 6727,IA-400,Deep Learning Aplicado,1,Desaprobado
2025-06-17,Matilda,Cabrera,47826221,matilda.cabrera25@outlook.com,+54 15 2779 9063,DAT-101,Introducción a los Datos,10,Aprobado
2025-06-17,Alvaro,Gonzalez,45007686,alvaro.gonzalez25@outlook.com,+54 9 3763 8121,IA-300,Redes Neuronales,5,Aprobado
2025-06-17,Francisco,Barrios,46669980,francisco.barrios25@outlook.com,+54 9 3636 9138,DAT-201,Estadística Avanzada,7,Aprobado
2025-06-17,Gonzalo,Vega,43713231,gonzalo.vega25@outlook.com,+54 15 2566 9799,IA-400,Deep Learning Aplicado,8,Aprobado
2025-06-17,Thiago Benjamin,Ayala,33683627,thiago benjamin.ayala@gmail.com,+54 9 3339 0062,DAT-201,Estadística Avanzada,9,Aprobado
2025-06-17,Thiago Leonel,Chavez,37606348,thiago leonel.chavez@gmail.com,+54 15 2875 7301,DEV-101,Algoritmos I,9,Aprobado
2025-06-17,Francesca,Ramos,38181190,francesca.ramos@gmail.com,+54 15 2982 4752,NEG-400,Liderazgo y Negociación,9,Aprobado
2025-06-17,Jazmin,Alvarez,43331228,jazmin.alvarez25@outlook.com,+54 15 2825 2186,DAT-201,Estadística Avanzada,8,Aprobado
2025-06-17,Santino,Mendoza,45589540,santino.mendoza25@outlook.com,+54 15 2664 9679,NEG-400,Liderazgo y Negociación,4,Aprobado
2025-06-17,Lautaro,Lucero,31685119,lautaro.lucero@gmail.com,+54 15 2298 9451,MKT-200,Marketing de Contenidos,5,Aprobado
2025-06-17,Ciro,Aguirre,46137809,ciro.aguirre25@outlook.com,+54 15 2585 2761,NEG-400,Liderazgo y Negociación,5,Aprobado
2025-06-17,Maximiliano,Leiva,36858459,maximiliano.leiva@gmail.com,+54 15 2575 6363,DEV-101,Algoritmos I,7,Aprobado
2025-06-17,Isabel,Maidana,44700314,isabel.maidana25@outlook.com,+54 15 2492 5919,UX-100,Diseño de Experiencia de Usuario,4,Aprobado
2025-06-17,Tomàs,Lopez,46210812,tomàs.lopez25@outlook.com,+54 9 3981 6909,DAT-101,Introducción a los Datos,5,Aprobado
2025-06-17,Josefina,Herrera,37763133,josefina.herrera@gmail.com,+54 9 3576 3256,DEV-101,Algoritmos I,2,Desaprobado
2025-06-18,Jazmín,Mendez,30839312,jazmín.mendez@gmail.com,+54 9 3493 4706,IA-400,Deep Learning Aplicado,1,Desaprobado
2025-06-18,Francisca,Rodriguez,43528816,francisca.rodriguez25@outlook.com,+54 9 3973 0260,IA-400,Deep Learning Aplicado,7,Aprobado
2025-06-18,Tomàs,Lopez,32658531,tomàs.lopez@gmail.com,+54 15 2929 0955,DAT-201,Estadística Avanzada,8,Aprobado
2025-06-18,Valentino,Gonzalez,31660305,valentino.gonzalez@gmail.com,+54 9 3593 7969,GEN-101,Ética y Tecnología,9,Aprobado
2025-06-18,Fausto,Gutierrez,46518516,fausto.gutierrez25@outlook.com,+54 9 3720 5245,IA-400,Deep Learning Aplicado,8,Aprobado
2025-06-18,Agostina,Benitez,33896639,agostina.benitez@gmail.com,+54 9 3895 1316,DAT-101,Introducción a los Datos,10,Aprobado
2025-06-18,Amparo,Pereyra,35115152,amparo.pereyra@gmail.com,+54 9 3249 7262,DEV-101,Algoritmos I,3,Desaprobado
2025-06-18,Olivia,Quiroga,46599245,olivia.quiroga25@outlook.com,+54 9 3911 0488,DAT-201,Estadística Avanzada,10,Aprobado
2025-06-18,Santino,Lopez,43991288,santino.lopez25@outlook.com,+54 15 2139 5310,DAT-201,Estadística Avanzada,8,Aprobado
2025-06-18,Juan Francisco,Cruz,40400092,juan francisco.cruz@gmail.com,+54 9 3864 0213,DAT-201,Estadística Avanzada,1,Desaprobado
2025-06-18,Maximiliano,Moreno,34364066,maximiliano.moreno@gmail.com,+54 9 3974 4314,GEN-101,Ética y Tecnología,2,Desaprobado
2025-06-18,Amparo,Rodriguez,40658261,amparo.rodriguez@gmail.com,+54 9 3164 2056,DAT-101,Introducción a los Datos,4,Aprobado
2025-06-18,Alma,Rodriguez,39796864,alma.rodriguez@gmail.com,+54 9 3771 9880,IA-400,Deep Learning Aplicado,6,Aprobado
2025-06-18,Clara,Medina,30483176,clara.medina@gmail.com,+54 9 3844 5967,GEN-101,Ética y Tecnología,7,Aprobado
2025-06-18,Juan Bautista,Gomez,34148661,juan bautista.gomez@gmail.com,+54 15 2994 1501,IA-300,Redes Neuronales,6,Aprobado
2025-06-19,Lucio,Soto,40661993,lucio.soto@gmail.com,+54 9 3942 8997,IA-300,Redes Neuronales,5,Aprobado
2025-06-19,Juan Cruz,Moyano,30800017,juan cruz.moyano@gmail.com,+54 15 2808 1024,MKT-200,Marketing de Contenidos,7,Aprobado
2025-06-19,Juan Martin,Perez,38625723,juan martin.perez@gmail.com,+54 9 3820 2174,MKT-200,Marketing de Contenidos,9,Aprobado
2025-06-19,Joaquin,Fernandez,46647366,joaquin.fernandez25@outlook.com,+54 15 2647 1797,DAT-201,Estadística Avanzada,4,Aprobado
2025-06-19,Santino,Mendoza,45589540,santino.mendoza25@outlook.com,+54 15 2664 9679,MKT-200,Marketing de Contenidos,2,Desaprobado
2025-06-19,Zoe,Fernandez,44286872,zoe.fernandez25@outlook.com,+54 9 3358 4498,MKT-200,Marketing de Contenidos,3,Desaprobado
2025-06-19,Facundo,Maldonado,43506692,facundo.maldonado25@outlook.com,+54 9 3181 0506,IA-300,Redes Neuronales,7,Aprobado
2025-06-19,Santiago,Gonzalez,40832369,santiago.gonzalez@gmail.com,+54 15 2222 9008,NEG-400,Liderazgo y Negociación,7,Aprobado
2025-06-19,Josefina,Avila,37091816,josefina.avila@gmail.com,+54 9 3271 7601,GEN-101,Ética y Tecnología,8,Aprobado
2025-06-19,Francisco,Correa,30677244,francisco.correa@gmail.com,+54 15 2954 2808,NEG-400,Liderazgo y Negociación,6,Aprobado
2025-06-19,Francisco,Barrios,46669980,francisco.barrios25@outlook.com,+54 9 3636 9138,UX-100,Diseño de Experiencia de Usuario,2,Desaprobado
2025-06-19,Luciano,Ferreyra,45474521,luciano.ferreyra25@outlook.com,+54 15 2564 2665,MKT-200,Marketing de Contenidos,6,Aprobado
2025-06-19,Sofia,Gimenez,32119317,sofia.gimenez@gmail.com,+54 15 2389 3033,UX-100,Diseño de Experiencia de Usuario,6,Aprobado
2025-06-19,Santiago,Caceres,36185529,santiago.caceres@gmail.com,+54 15 2973 7443,DAT-101,Introducción a los Datos,4,Aprobado
2025-06-19,Alma,Martinez,32201924,alma.martinez@gmail.com,+54 15 2111 3316,IA-400,Deep Learning Aplicado,8,Aprobado
2025-06-19,Catalina,Rodriguez,38531623,catalina.rodriguez@gmail.com,+54 9 3727 8330,DAT-201,Estadística Avanzada,7,Aprobado
2025-06-19,Luciana,Moreno,37351522,luciana.moreno@gmail.com,+54 9 3606 2624,IA-300,Redes Neuronales,6,Aprobado
2025-06-19,Luca,Gonzalez,32805911,luca.gonzalez@gmail.com,+54 15 2843 9079,IA-300,Redes Neuronales,2,Desaprobado
2025-06-19,Gael,Medina,37952540,gael.medina@gmail.com,+54 9 3322 6257,DAT-305,Big Data & Cloud,4,Aprobado
2025-06-19,Camila,Cabrera,44107875,camila.cabrera25@outlook.com,+54 15 2307 2733,GEN-101,Ética y Tecnología,4,Aprobado
2025-06-20,Luana,Martinez,45417606,luana.martinez25@outlook.com,+54 9 3215 1578,DAT-101,Introducción a los Datos,7,Aprobado
2025-06-20,Juan Ignacio,Gimenez,41213341,juan ignacio.gimenez@gmail.com,+54 15 2459 3784,IA-300,Redes Neuronales,3,Desaprobado
2025-06-20,Gabriel,Acosta,32889452,gabriel.acosta@gmail.com,+54 9 3498 4154,DEV-101,Algoritmos I,7,Aprobado
2025-06-20,Emiliano,Sosa,47206312,emiliano.sosa25@outlook.com,+54 9 3306 8299,DEV-101,Algoritmos I,2,Desaprobado
2025-06-20,Paloma,Molina,35284612,paloma.molina@gmail.com,+54 9 3761 4912,DEV-101,Algoritmos I,10,Aprobado
2025-06-20,Delfina,Morales,45417367,delfina.morales25@outlook.com,+54 9 3893 1156,MKT-200,Marketing de Contenidos,7,Aprobado
2025-06-20,Isabella,Pereyra,37013243,isabella.pereyra@gmail.com,+54 9 3889 3897,DAT-101,Introducción a los Datos,9,Aprobado
2025-06-20,Jazmin,Gonzalez,44702371,jazmin.gonzalez25@outlook.com,+54 9 3903 0070,DAT-305,Big Data & Cloud,5,Aprobado
2025-06-20,Mateo Benjamin,Coronel,33175574,mateo benjamin.coronel@gmail.com,+54 9 3615 8883,IA-400,Deep Learning Aplicado,9,Aprobado
2025-06-20,Tomàs,Arias,47103537,tomàs.arias25@outlook.com,+54 9 3586 8949,DEV-101,Algoritmos I,3,Desaprobado
2025-06-20,Thiago Nicolas,Rivero,44419143,thiago nicolas.rivero25@outlook.com,+54 9 3742 4730,NEG-400,Liderazgo y Negociación,2,Desaprobado
2025-06-20,Ignacio,Chavez,44174755,ignacio.chavez25@outlook.com,+54 9 3972 3790,GEN-101,Ética y Tecnología,8,Aprobado
2025-06-20,Salvador,Ramos,41907942,salvador.ramos@gmail.com,+54 9 3774 3820,DAT-201,Estadística Avanzada,2,Desaprobado
2025-06-20,Juan Bautista,Rodriguez,47468880,juan bautista.rodriguez25@outlook.com,+54 9 3290 5076,DAT-305,Big Data & Cloud,7,Aprobado
2025-06-20,Juan Bautista,Acosta,31332769,juan bautista.acosta@gmail.com,+54 15 2161 8024,MKT-200,Marketing de Contenidos,4,Aprobado
2025-06-21,Nahiara,Miranda,39473672,nahiara.miranda@gmail.com,+54 15 2698 1134,IA-400,Deep Learning Aplicado,5,Aprobado
2025-06-21,Franco,Ponce,46278232,franco.ponce25@outlook.com,+54 9 3611 1891,IA-300,Redes Neuronales,4,Aprobado
2025-06-21,Olivia,Soto,36532331,olivia.soto@gmail.com,+54 9 3110 7196,DEV-101,Algoritmos I,6,Aprobado
2025-06-21,Juan Francisco,Maidana,38559625,juan francisco.maidana@gmail.com,+54 9 3106 7177,UX-100,Diseño de Experiencia de Usuario,2,Desaprobado
2025-06-21,Mia,Mendez,33717161,mia.mendez@gmail.com,+54 9 3271 1287,MKT-200,Marketing de Contenidos,6,Aprobado
2025-06-21,Kiara,Rodriguez,44345701,kiara.rodriguez25@outlook.com,+54 15 2341 2551,UX-100,Diseño de Experiencia de Usuario,9,Aprobado
2025-06-22,Clara,Muñoz,32108581,clara.muñoz@gmail.com,+54 15 2753 2952,GEN-101,Ética y Tecnología,9,Aprobado
2025-06-22,Bianca,Aguirre,39737785,bianca.aguirre@gmail.com,+54 15 2169 0430,MKT-200,Marketing de Contenidos,2,Desaprobado
2025-06-22,Lara,Peralta,32171676,lara.peralta@gmail.com,+54 15 2143 7730,DAT-101,Introducción a los Datos,8,Aprobado
2025-06-22,Simon,Villalba,44492127,simon.villalba25@outlook.com,+54 9 3597 2076,DAT-101,Introducción a los Datos,10,Aprobado
2025-06-22,Agustin,Lopez,34793173,agustin.lopez@gmail.com,+54 15 2998 3196,DAT-201,Estadística Avanzada,4,Aprobado
2025-06-22,Bautista,Gonzalez,37370656,bautista.gonzalez@gmail.com,+54 15 2873 8581,MKT-200,Marketing de Contenidos,1,Desaprobado
2025-06-22,Thiago Nahuel,Castro,40330349,thiago nahuel.castro@gmail.com,+54 15 2513 2629,IA-400,Deep Learning Aplicado,10,Aprobado
2025-06-22,Angelina,Romero,32171052,angelina.romero@gmail.com,+54 9 3817 8605,UX-100,Diseño de Experiencia de Usuario,3,Desaprobado
2025-06-22,Isabella,Romero,39337175,isabella.romero@gmail.com,+54 15 2846 4951,DAT-101,Introducción a los Datos,4,Aprobado
2025-06-22,Lucía,Fernandez,36028849,lucía.fernandez@gmail.com,+54 15 2982 2674,DAT-201,Estadística Avanzada,5,Aprobado
2025-06-22,Benjamin,Nuñez,34933614,benjamin.nuñez@gmail.com,+54 15 2237 6897,NEG-400,Liderazgo y Negociación,5,Aprobado
2025-06-22,Valentina,Sanchez,46145128,valentina.sanchez25@outlook.com,+54 15 2250 5590,DAT-101,Introducción a los Datos,9,Aprobado
2025-06-22,Sara,Sosa,41396027,sara.sosa@gmail.com,+54 15 2628 3735,DEV-101,Algoritmos I,10,Aprobado
2025-06-22,Ambar,Romero,38417833,ambar.romero@gmail.com,+54 9 3547 1543,DAT-101,Introducción a los Datos,10,Aprobado
2025-06-22,Paloma,Vazquez,36200569,paloma.vazquez@gmail.com,+54 9 3381 2923,DEV-101,Algoritmos I,8,Aprobado
2025-06-22,Ignacio,Vega,37280564,ignacio.vega@gmail.com,+54 9 3678 9364,IA-400,Deep Learning Aplicado,4,Aprobado
2025-06-22,Joaquín,Aguirre,45568950,joaquín.aguirre25@outlook.com,+54 15 2498 3098,DAT-201,Estadística Avanzada,4,Aprobado
2025-06-22,Tomas,Rodriguez,41818271,tomas.rodriguez@gmail.com,+54 9 3256 7760,GEN-101,Ética y Tecnología,4,Aprobado
2025-06-22,Catalina,Sosa,35951430,catalina.sosa@gmail.com,+54 9 3274 5282,DAT-201,Estadística Avanzada,3,Desaprobado
2025-06-22,Lucia,Vargas,46965600,lucia.vargas25@outlook.com,+54 15 2303 7009,GEN-101,Ética y Tecnología,5,Aprobado
2025-06-22,Catalina,Farias,41803813,catalina.farias@gmail.com,+54 15 2887 3919,GEN-101,Ética y Tecnología,10,Aprobado
2025-06-22,Santiago,Gonzalez,40832369,santiago.gonzalez@gmail.com,+54 15 2222 9008,DAT-305,Big Data & Cloud,4,Aprobado
2025-06-22,Lisandro,Martinez,41066323,lisandro.martinez@gmail.com,+54 9 3238 4573,MKT-200,Marketing de Contenidos,8,Aprobado
2025-06-23,Zoe Jazmin,Castillo,39073064,zoe jazmin.castillo@gmail.com,+54 9 3595 0967,GEN-101,Ética y Tecnología,6,Aprobado
2025-06-23,Valentina,Ramirez,31076430,valentina.ramirez@gmail.com,+54 9 3645 1465,DAT-101,Introducción a los Datos,2,Desaprobado
2025-06-23,Bautista Benjamin,Sosa,37679372,bautista benjamin.sosa@gmail.com,+54 9 3430 3693,IA-400,Deep Learning Aplicado,8,Aprobado
2025-06-23,Tiziano,Franco,46435125,tiziano.franco25@outlook.com,+54 15 2381 1987,UX-100,Diseño de Experiencia de Usuario,7,Aprobado
2025-06-23,Lautaro Benjamin,Paz,35218002,lautaro benjamin.paz@gmail.com,+54 15 2423 7428,DAT-201,Estadística Avanzada,10,Aprobado
2025-06-23,Bautista,Gonzalez,37370656,bautista.gonzalez@gmail.com,+54 15 2873 8581,MKT-200,Marketing de Contenidos,5,Aprobado
2025-06-23,Ignacio,Martinez,41016204,ignacio.martinez@gmail.com,+54 9 3892 3689,MKT-200,Marketing de Contenidos,1,Desaprobado
2025-06-23,Ian Ezequiel,Lopez,34401288,ian ezequiel.lopez@gmail.com,+54 15 2541 9578,DEV-101,Algoritmos I,3,Desaprobado
2025-06-23,Manuel,Olivera,47430513,manuel.olivera25@outlook.com,+54 9 3543 7432,GEN-101,Ética y Tecnología,3,Desaprobado
2025-06-23,Julia,Romero,30187041,julia.romero@gmail.com,+54 9 3379 1814,IA-400,Deep Learning Aplicado,4,Aprobado
2025-06-23,Francisca,Nuñez,38794221,francisca.nuñez@gmail.com,+54 15 2182 3647,DAT-305,Big Data & Cloud,2,Desaprobado
2025-06-23,Bianca,Torres,37584867,bianca.torres@gmail.com,+54 9 3666 0592,DAT-101,Introducción a los Datos,5,Aprobado
2025-06-23,Lucía,Fernandez,36028849,lucía.fernandez@gmail.com,+54 15 2982 2674,DAT-305,Big Data & Cloud,9,Aprobado
2025-06-23,Renata,Benitez,44754301,renata.benitez25@outlook.com,+54 9 3242 9792,DAT-101,Introducción a los Datos,6,Aprobado
2025-06-23,Nicolas,Quiroga,32281165,nicolas.quiroga@gmail.com,+54 9 3913 3206,MKT-200,Marketing de Contenidos,5,Aprobado
2025-06-23,Alma Jazmin,Fernandez,34044850,alma jazmin.fernandez@gmail.com,+54 9 3936 5364,NEG-400,Liderazgo y Negociación,7,Aprobado
2025-06-23,Tiziano Valentin,Gonzalez,36169395,tiziano valentin.gonzalez@gmail.com,+54 15 2380 6289,IA-300,Redes Neuronales,2,Desaprobado
2025-06-23,Mateo,Acuña,33916616,mateo.acuña@gmail.com,+54 15 2732 0983,UX-100,Diseño de Experiencia de Usuario,1,Desaprobado
2025-06-23,Gael,Miranda,43521267,gael.miranda25@outlook.com,+54 15 2753 6899,DEV-101,Algoritmos I,1,Desaprobado
2025-06-23,Luz Milagros,Paz,39121001,luz milagros.paz@gmail.com,+54 15 2886 6970,DAT-201,Estadística Avanzada,7,Aprobado
2025-06-24,Jeremias,Herrera,36971688,jeremias.herrera@gmail.com,+54 15 2368 4123,GEN-101,Ética y Tecnología,2,Desaprobado
2025-06-24,Juan Manuel,Castillo,37527174,juan manuel.castillo@gmail.com,+54 9 3864 3217,UX-100,Diseño de Experiencia de Usuario,10,Aprobado
2025-06-24,Emma,Soria,39901527,emma.soria@gmail.com,+54 15 2702 8197,DAT-101,Introducción a los Datos,5,Aprobado
2025-06-24,Julieta,Gomez,39752062,julieta.gomez@gmail.com,+54 15 2874 1381,GEN-101,Ética y Tecnología,8,Aprobado
2025-06-24,Tomas,Lopez,46886132,tomas.lopez25@outlook.com,+54 9 3563 0960,IA-300,Redes Neuronales,2,Desaprobado
2025-06-24,Julieta,Luna,43895529,julieta.luna25@outlook.com,+54 15 2156 1266,UX-100,Diseño de Experiencia de Usuario,6,Aprobado
2025-06-24,Delfina,Paz,32329071,delfina.paz@gmail.com,+54 9 3502 4461,IA-400,Deep Learning Aplicado,5,Aprobado
2025-06-24,Gonzalo,Vega,43713231,gonzalo.vega25@outlook.com,+54 15 2566 9799,DAT-305,Big Data & Cloud,8,Aprobado
2025-06-24,Sofía,Valdez,35821025,sofía.valdez@gmail.com,+54 9 3396 6346,DAT-101,Introducción a los Datos,4,Aprobado
2025-06-24,Oriana,Ortiz,36907961,oriana.ortiz@gmail.com,+54 9 3642 0757,DEV-101,Algoritmos I,1,Desaprobado
2025-06-24,Martín,Sanchez,47556368,martín.sanchez25@outlook.com,+54 15 2731 1062,DEV-101,Algoritmos I,5,Aprobado
2025-06-25,Thiago Gabriel,Fernandez,34729179,thiago gabriel.fernandez@gmail.com,+54 9 3770 9681,IA-300,Redes Neuronales,1,Desaprobado
2025-06-25,Benjamin,Guzman,47776360,benjamin.guzman25@outlook.com,+54 9 3670 5167,DAT-101,Introducción a los Datos,6,Aprobado
2025-06-25,Maria Victoria,Gonzalez,44754060,maria victoria.gonzalez25@outlook.com,+54 15 2674 0499,DAT-201,Estadística Avanzada,10,Aprobado
2025-06-25,Victoria,Gonzalez,47404191,victoria.gonzalez25@outlook.com,+54 9 3626 4680,IA-400,Deep Learning Aplicado,7,Aprobado
2025-06-25,Morena Jazmin,Vera,43904377,morena jazmin.vera25@outlook.com,+54 9 3103 7839,IA-300,Redes Neuronales,10,Aprobado
2025-06-25,Tomas,Lopez,46886132,tomas.lopez25@outlook.com,+54 9 3563 0960,IA-400,Deep Learning Aplicado,4,Aprobado
2025-06-25,Mora,Gonzalez,40333573,mora.gonzalez@gmail.com,+54 15 2448 6466,UX-100,Diseño de Experiencia de Usuario,8,Aprobado
2025-06-25,Luz Milagros,Acuña,36765559,luz milagros.acuña@gmail.com,+54 9 3343 1849,IA-300,Redes Neuronales,8,Aprobado
2025-06-25,Josefina,Rodriguez,43832291,josefina.rodriguez25@outlook.com,+54 15 2172 1267,IA-400,Deep Learning Aplicado,1,Desaprobado
2025-06-25,Francisco,Flores,39623347,francisco.flores@gmail.com,+54 15 2101 9948,UX-100,Diseño de Experiencia de Usuario,2,Desaprobado
2025-06-25,Mora,Gonzalez,40333573,mora.gonzalez@gmail.com,+54 15 2448 6466,IA-400,Deep Learning Aplicado,3,Desaprobado
2025-06-25,Joaquina,Coronel,38869750,joaquina.coronel@gmail.com,+54 9 3954 2767,DAT-101,Introducción a los Datos,5,Aprobado
2025-06-25,Thiago Agustin,Diaz,37057932,thiago agustin.diaz@gmail.com,+54 9 3291 2665,IA-400,Deep Learning Aplicado,4,Aprobado
2025-06-26,Benicio,Cordoba,40783770,benicio.cordoba@gmail.com,+54 9 3585 7874,DEV-101,Algoritmos I,4,Aprobado
2025-06-26,Ignacio,Vega,37280564,ignacio.vega@gmail.com,+54 9 3678 9364,GEN-101,Ética y Tecnología,5,Aprobado
2025-06-26,Thiago,Castro,39040140,thiago.castro@gmail.com,+54 9 3610 6463,DAT-101,Introducción a los Datos,3,Desaprobado
2025-06-26,Juan Pablo,Benitez,30163309,juan pablo.benitez@gmail.com,+54 9 3838 2898,IA-400,Deep Learning Aplicado,2,Desaprobado
2025-06-26,Geronimo,Acosta,44229724,geronimo.acosta25@outlook.com,+54 15 2507 4379,UX-100,Diseño de Experiencia de Usuario,9,Aprobado
2025-06-26,Angel Gabriel,Morales,37017626,angel gabriel.morales@gmail.com,+54 15 2475 5073,NEG-400,Liderazgo y Negociación,6,Aprobado
2025-06-26,Valentino,Gomez,41661140,valentino.gomez@gmail.com,+54 9 3334 9979,MKT-200,Marketing de Contenidos,9,Aprobado
2025-06-26,Juan Francisco,Cruz,40400092,juan francisco.cruz@gmail.com,+54 9 3864 0213,DEV-101,Algoritmos I,6,Aprobado
2025-06-26,Luca,Gonzalez,35419862,luca.gonzalez@gmail.com,+54 9 3700 9146,NEG-400,Liderazgo y Negociación,7,Aprobado
2025-06-26,Gino,Farias,39278348,gino.farias@gmail.com,+54 9 3368 2775,UX-100,Diseño de Experiencia de Usuario,9,Aprobado
2025-06-26,Juan Martin,Silva,47162613,juan martin.silva25@outlook.com,+54 15 2873 0424,DAT-101,Introducción a los Datos,1,Desaprobado
2025-06-26,Alma,Paz,35385278,alma.paz@gmail.com,+54 15 2320 7489,GEN-101,Ética y Tecnología,5,Aprobado
2025-06-26,Alma,Rodriguez,39796864,alma.rodriguez@gmail.com,+54 9 3771 9880,IA-300,Redes Neuronales,10,Aprobado
2025-06-26,Francisco,Gonzalez,32860968,francisco.gonzalez@gmail.com,+54 9 3321 6241,DAT-201,Estadística Avanzada,6,Aprobado
2025-06-26,Salvador,Torres,47649810,salvador.torres25@outlook.com,+54 9 3948 2014,DEV-101,Algoritmos I,6,Aprobado
2025-06-26,Joaquina,Coronel,38869750,joaquina.coronel@gmail.com,+54 9 3954 2767,UX-100,Diseño de Experiencia de Usuario,5,Aprobado
2025-06-26,Agustina,Romero,47399378,agustina.romero25@outlook.com,+54 9 3127 2768,IA-400,Deep Learning Aplicado,8,Aprobado
2025-06-27,Thiago Agustin,Diaz,37057932,thiago agustin.diaz@gmail.com,+54 9 3291 2665,GEN-101,Ética y Tecnología,9,Aprobado
2025-06-27,Benjamin,Gomez,46411752,benjamin.gomez25@outlook.com,+54 15 2160 7932,DAT-201,Estadística Avanzada,10,Aprobado
2025-06-27,Jazmin,Alvarez,43331228,jazmin.alvarez25@outlook.com,+54 15 2825 2186,GEN-101,Ética y Tecnología,9,Aprobado
2025-06-27,Felipe,Chavez,33698941,felipe.chavez@gmail.com,+54 9 3977 9173,GEN-101,Ética y Tecnología,2,Desaprobado
2025-06-27,Nahiara Jazmin,Sanchez,46637531,nahiara jazmin.sanchez25@outlook.com,+54 9 3476 8211,DAT-305,Big Data & Cloud,8,Aprobado
2025-06-27,Dylan Benjamin,Maidana,47247100,dylan benjamin.maidana25@outlook.com,+54 15 2688 2455,DAT-305,Big Data & Cloud,3,Desaprobado
2025-06-27,Thiago Benjamin,Ayala,33683627,thiago benjamin.ayala@gmail.com,+54 9 3339 0062,IA-300,Redes Neuronales,2,Desaprobado
2025-06-27,Emilia,Luna,44115909,emilia.luna25@outlook.com,+54 9 3527 9657,DAT-101,Introducción a los Datos,7,Aprobado
2025-06-27,Nicolas,Pereyra,36701529,nicolas.pereyra@gmail.com,+54 15 2753 1008,DAT-305,Big Data & Cloud,3,Desaprobado
2025-06-27,Isabella,Ledesma,36600824,isabella.ledesma@gmail.com,+54 15 2938 0878,DAT-201,Estadística Avanzada,6,Aprobado
2025-06-27,Tiziano,Franco,46435125,tiziano.franco25@outlook.com,+54 15 2381 1987,DEV-101,Algoritmos I,4,Aprobado
2025-06-27,Luca,Gimenez,35837738,luca.gimenez@gmail.com,+54 15 2839 5749,GEN-101,Ética y Tecnología,6,Aprobado
2025-06-27,Clara,Muñoz,32108581,clara.muñoz@gmail.com,+54 15 2753 2952,DEV-101,Algoritmos I,2,Desaprobado
2025-06-27,Gael,Rios,35839853,gael.rios@gmail.com,+54 9 3779 5817,GEN-101,Ética y Tecnología,6,Aprobado
2025-06-27,Delfina,Fernandez,32098690,delfina.fernandez@gmail.com,+54 9 3395 3178,DAT-305,Big Data & Cloud,3,Desaprobado
2025-06-27,Mateo,Lopez,41166199,mateo.lopez@gmail.com,+54 9 3731 7849,DAT-305,Big Data & Cloud,1,Desaprobado
2025-06-27,Martina,Ortiz,32454237,martina.ortiz@gmail.com,+54 15 2248 2168,DAT-101,Introducción a los Datos,2,Desaprobado
2025-06-28,Manuel,Martinez,36727561,manuel.martinez@gmail.com,+54 15 2203 5091,DAT-201,Estadística Avanzada,4,Aprobado
2025-06-28,Felipe,Ledesma,31898350,felipe.ledesma@gmail.com,+54 9 3828 9935,IA-400,Deep Learning Aplicado,7,Aprobado
2025-06-28,Sofía,Acosta,40284355,sofía.acosta@gmail.com,+54 9 3691 9391,IA-300,Redes Neuronales,9,Aprobado
2025-06-28,Valentina,Diaz,33962182,valentina.diaz@gmail.com,+54 9 3633 3975,GEN-101,Ética y Tecnología,5,Aprobado
2025-06-28,Juan Pablo,Benitez,47733210,juan pablo.benitez25@outlook.com,+54 9 3148 0398,IA-300,Redes Neuronales,2,Desaprobado
2025-06-28,Thiago Gabriel,Torres,43871165,thiago gabriel.torres25@outlook.com,+54 9 3175 5589,DAT-201,Estadística Avanzada,7,Aprobado
2025-06-28,Bruno,Rodriguez,44343339,bruno.rodriguez25@outlook.com,+54 15 2462 5981,DAT-201,Estadística Avanzada,4,Aprobado
2025-06-28,Renata,Diaz,38940969,renata.diaz@gmail.com,+54 15 2422 4877,IA-300,Redes Neuronales,1,Desaprobado
2025-06-28,Clara,Gomez,34935270,clara.gomez@gmail.com,+54 15 2637 3974,IA-300,Redes Neuronales,5,Aprobado
2025-06-28,Sol,Herrera,31324108,sol.herrera@gmail.com,+54 9 3553 6298,DAT-101,Introducción a los Datos,10,Aprobado
2025-06-28,Sofia Belen,Acosta,32567561,sofia belen.acosta@gmail.com,+54 15 2896 0880,NEG-400,Liderazgo y Negociación,5,Aprobado
2025-06-28,Ignacio,Torres,40852091,ignacio.torres@gmail.com,+54 9 3481 9334,IA-300,Redes Neuronales,3,Desaprobado
2025-06-28,Lautaro Nicolas,Cardozo,40719473,lautaro nicolas.cardozo@gmail.com,+54 15 2260 4347,MKT-200,Marketing de Contenidos,4,Aprobado
2025-06-28,Bautista,Ortiz,35383408,bautista.ortiz@gmail.com,+54 15 2586 7544,NEG-400,Liderazgo y Negociación,5,Aprobado
2025-06-28,Ciro Benjamin,Juarez,44811661,ciro benjamin.juarez25@outlook.com,+54 15 2447 6107,IA-400,Deep Learning Aplicado,9,Aprobado
2025-06-29,Sofía,Barrios,33641153,sofía.barrios@gmail.com,+54 15 2274 4875,UX-100,Diseño de Experiencia de Usuario,6,Aprobado
2025-06-29,Facundo,Figueroa,34832335,facundo.figueroa@gmail.com,+54 9 3982 9731,MKT-200,Marketing de Contenidos,9,Aprobado
2025-06-29,Martina,Lopez,46890428,martina.lopez25@outlook.com,+54 15 2191 0910,DEV-101,Algoritmos I,5,Aprobado
2025-06-29,Francisco,Barrios,46669980,francisco.barrios25@outlook.com,+54 9 3636 9138,DAT-201,Estadística Avanzada,8,Aprobado
2025-06-29,Amparo,Perez,33296162,amparo.perez@gmail.com,+54 15 2746 5753,DAT-201,Estadística Avanzada,6,Aprobado
2025-06-29,Santino,Gomez,46591765,santino.gomez25@outlook.com,+54 15 2855 1830,DAT-201,Estadística Avanzada,9,Aprobado
2025-06-29,Sofia,Diaz,47707678,sofia.diaz25@outlook.com,+54 15 2176 6152,DEV-101,Algoritmos I,5,Aprobado
2025-06-29,Sofia,Duarte,41006133,sofia.duarte@gmail.com,+54 9 3387 6360,GEN-101,Ética y Tecnología,8,Aprobado
2025-06-29,Julieta,Fernandez,34486034,julieta.fernandez@gmail.com,+54 9 3787 2887,UX-100,Diseño de Experiencia de Usuario,4,Aprobado
2025-06-29,Bruno,Castro,47983613,bruno.castro25@outlook.com,+54 15 2812 7578,NEG-400,Liderazgo y Negociación,7,Aprobado
2025-06-29,Julieta,Ramirez,45763623,julieta.ramirez25@outlook.com,+54 9 3271 8048,DEV-101,Algoritmos I,7,Aprobado
2025-06-29,Milagros,Herrera,36349336,milagros.herrera@gmail.com,+54 9 3694 1937,NEG-400,Liderazgo y Negociación,3,Desaprobado
2025-06-29,Francesco,Maidana,33816707,francesco.maidana@gmail.com,+54 9 3874 8874,DAT-101,Introducción a los Datos,1,Desaprobado
2025-06-29,Julieta,Aguero,40612010,julieta.aguero@gmail.com,+54 15 2923 7514,DEV-101,Algoritmos I,3,Desaprobado
2025-06-29,Juana,Torres,38340878,juana.torres@gmail.com,+54 15 2298 8036,GEN-101,Ética y Tecnología,4,Aprobado
2025-06-29,Francesco,Ramirez,37885100,francesco.ramirez@gmail.com,+54 9 3521 7163,DAT-201,Estadística Avanzada,6,Aprobado
2025-06-29,Sara,Leiva,44291013,sara.leiva25@outlook.com,+54 9 3870 0298,IA-300,Redes Neuronales,2,Desaprobado
2025-06-29,Benjamin,Gomez,38549006,benjamin.gomez@gmail.com,+54 9 3854 3007,IA-400,Deep Learning Aplicado,5,Aprobado
2025-06-29,Sofía,Nuñez,39908813,sofía.nuñez@gmail.com,+54 9 3794 3359,DAT-305,Big Data & Cloud,9,Aprobado
2025-06-29,Justina,Maldonado,34987487,justina.maldonado@gmail.com,+54 9 3535 1855,IA-300,Redes Neuronales,1,Desaprobado
2025-06-29,Thiago Agustin,Luna,47969954,thiago agustin.luna25@outlook.com,+54 9 3384 3131,GEN-101,Ética y Tecnología,7,Aprobado
2025-06-29,Tomàs,Godoy,41051244,tomàs.godoy@gmail.com,+54 15 2375 1247,NEG-400,Liderazgo y Negociación,4,Aprobado
2025-06-29,Simon,Maldonado,37725025,simon.maldonado@gmail.com,+54 9 3878 7089,DAT-201,Estadística Avanzada,8,Aprobado
2025-06-29,Maria Paz,Escobar,44101321,maria paz.escobar25@outlook.com,+54 15 2610 2977,DAT-201,Estadística Avanzada,2,Desaprobado
2025-06-30,Francisco,Medina,33914516,francisco.medina@gmail.com,+54 15 2170 5083,DEV-101,Algoritmos I,6,Aprobado
2025-06-30,Joaquin,Fernandez,46647366,joaquin.fernandez25@outlook.com,+54 15 2647 1797,IA-400,Deep Learning Aplicado,3,Desaprobado
2025-06-30,Catalina,Farias,41803813,catalina.farias@gmail.com,+54 15 2887 3919,DAT-305,Big Data & Cloud,6,Aprobado
2025-06-30,Isabella,Rojas,45311516,isabella.rojas25@outlook.com,+54 15 2924 3437,IA-400,Deep Learning Aplicado,8,Aprobado
2025-06-30,Juan Sebastian,Pereyra,44830567,juan sebastian.pereyra25@outlook.com,+54 15 2242 1449,IA-300,Redes Neuronales,7,Aprobado
2025-06-30,Juan Cruz,Flores,31349203,juan cruz.flores@gmail.com,+54 9 3845 1594,UX-100,Diseño de Experiencia de Usuario,3,Desaprobado
2025-06-30,Catalina,Mendoza,47320705,catalina.mendoza25@outlook.com,+54 9 3256 8036,NEG-400,Liderazgo y Negociación,8,Aprobado
2025-06-30,Tomàs,Ortiz,45076705,tomàs.ortiz25@outlook.com,+54 9 3857 6471,UX-100,Diseño de Experiencia de Usuario,9,Aprobado
2025-06-30,Juan Ignacio,Martinez,41785959,juan ignacio.martinez@gmail.com,+54 15 2848 6053,DAT-101,Introducción a los Datos,4,Aprobado
2025-06-30,Sol,Rojas,31961540,sol.rojas@gmail.com,+54 9 3770 9067,DAT-201,Estadística Avanzada,8,Aprobado
2025-06-30,Sofía,Acosta,40284355,sofía.acosta@gmail.com,+54 9 3691 9391,IA-400,Deep Learning Aplicado,1,Desaprobado
2025-06-30,Jeremias,Moyano,33127447,jeremias.moyano@gmail.com,+54 9 3386 7942,GEN-101,Ética y Tecnología,10,Aprobado
2025-06-30,Bautista,Maldonado,30386246,bautista.maldonado@gmail.com,+54 15 2511 7573,NEG-400,Liderazgo y Negociación,4,Aprobado
2025-06-30,Joaquina,Martinez,30224289,joaquina.martinez@gmail.com,+54 9 3874 8796,IA-300,Redes Neuronales,9,Aprobado
2025-06-30,Santino Gabriel,Diaz,34923335,santino gabriel.diaz@gmail.com,+54 9 3245 9481,DEV-101,Algoritmos I,8,Aprobado
2025-06-30,Valentino,Gonzalez,31660305,valentino.gonzalez@gmail.com,+54 9 3593 7969,NEG-400,Liderazgo y Negociación,4,Aprobado
2025-06-30,Agustin,Moreno,38622475,agustin.moreno@gmail.com,+54 9 3950 0522,NEG-400,Liderazgo y Negociación,4,Aprobado
2025-06-30,Lautaro Benjamin,Sanchez,39171997,lautaro benjamin.sanchez@gmail.com,+54 9 3126 2775,DAT-201,Estadística Avanzada,10,Aprobado
2025-06-30,Gael,Miranda,43521267,gael.miranda25@outlook.com,+54 15 2753 6899,DAT-101,Introducción a los Datos,6,Aprobado
2025-06-30,Juan Bautista,Gomez,34148661,juan bautista.gomez@gmail.com,+54 15 2994 1501,DAT-101,Introducción a los Datos,7,Aprobado
2025-06-30,Valentino,Carrizo,47506119,valentino.carrizo25@outlook.com,+54 9 3951 8009,MKT-200,Marketing de Contenidos,4,Aprobado
2025-06-30,Francisca,Benitez,46894068,francisca.benitez25@outlook.com,+54 15 2130 9611,DEV-101,Algoritmos I,4,Aprobado
2025-06-30,Olivia,Lopez,40804778,olivia.lopez@gmail.com,+54 9 3809 7636,UX-100,Diseño de Experiencia de Usuario,1,Desaprobado
2025-06-30,Santiago,Rodriguez,34615409,santiago.rodriguez@gmail.com,+54 9 3605 7539,DAT-101,Introducción a los Datos,6,Aprobado
2025-06-30,Joaquina,Coronel,38869750,joaquina.coronel@gmail.com,+54 9 3954 2767,DAT-101,Introducción a los Datos,1,Desaprobado
2025-06-30,Thiago Emanuel,Rodriguez,45177548,thiago emanuel.rodriguez25@outlook.com,+54 9 3486 6592,NEG-400,Liderazgo y Negociación,4,Aprobado
2025-07-01,Thiago Joaquin,Alvarez,35757363,thiago joaquin.alvarez@gmail.com,+54 15 2688 8359,DEV-101,Algoritmos I,10,Aprobado
2025-07-01,Mateo,Mansilla,32839194,mateo.mansilla@gmail.com,+54 9 3965 8085,DAT-305,Big Data & Cloud,5,Aprobado
2025-07-01,Matias,Gutierrez,40337941,matias.gutierrez@gmail.com,+54 9 3579 8170,MKT-200,Marketing de Contenidos,6,Aprobado
2025-07-01,Isabella,Sanchez,46026190,isabella.sanchez25@outlook.com,+54 9 3250 2466,GEN-101,Ética y Tecnología,7,Aprobado
2025-07-01,Benjamin,Olivera,37008739,benjamin.olivera@gmail.com,+54 15 2853 5290,IA-300,Redes Neuronales,8,Aprobado
2025-07-01,Camila,Gonzalez,40358538,camila.gonzalez@gmail.com,+54 15 2722 9597,IA-300,Redes Neuronales,8,Aprobado
2025-07-01,Maximo,Velazquez,32726810,maximo.velazquez@gmail.com,+54 9 3216 6292,DAT-305,Big Data & Cloud,10,Aprobado
2025-07-01,Guadalupe,Suarez,44811354,guadalupe.suarez25@outlook.com,+54 15 2203 0506,UX-100,Diseño de Experiencia de Usuario,2,Desaprobado
2025-07-01,Bruno,Aguirre,44521729,bruno.aguirre25@outlook.com,+54 15 2498 5280,UX-100,Diseño de Experiencia de Usuario,5,Aprobado
2025-07-01,Genaro,Caceres,41398180,genaro.caceres@gmail.com,+54 9 3872 1544,GEN-101,Ética y Tecnología,6,Aprobado
2025-07-01,Antonio,Ledesma,30528419,antonio.ledesma@gmail.com,+54 9 3878 9658,NEG-400,Liderazgo y Negociación,8,Aprobado
2025-07-01,Candela,Luna,40989234,candela.luna@gmail.com,+54 15 2644 5274,DAT-305,Big Data & Cloud,6,Aprobado
2025-07-01,Mia,Gimenez,44490644,mia.gimenez25@outlook.com,+54 9 3250 3782,DAT-101,Introducción a los Datos,10,Aprobado
2025-07-01,Matias,Moreno,40531804,matias.moreno@gmail.com,+54 15 2572 0376,UX-100,Diseño de Experiencia de Usuario,8,Aprobado
2025-07-01,Julieta,Martinez,44858776,julieta.martinez25@outlook.com,+54 15 2762 9518,IA-300,Redes Neuronales,3,Desaprobado
2025-07-02,Mateo,Rodriguez,32349636,mateo.rodriguez@gmail.com,+54 9 3116 9960,DEV-101,Algoritmos I,5,Aprobado
2025-07-02,Lautaro Nicolas,Aguero,40833222,lautaro nicolas.aguero@gmail.com,+54 9 3416 4586,IA-400,Deep Learning Aplicado,1,Desaprobado
2025-07-02,Martina,Ledesma,31355414,martina.ledesma@gmail.com,+54 15 2859 7962,MKT-200,Marketing de Contenidos,4,Aprobado
2025-07-02,Jazmin,Rodriguez,38042975,jazmin.rodriguez@gmail.com,+54 15 2984 7690,UX-100,Diseño de Experiencia de Usuario,10,Aprobado
2025-07-02,Priscila,Muñoz,47731681,priscila.muñoz25@outlook.com,+54 9 3757 5948,GEN-101,Ética y Tecnología,4,Aprobado
2025-07-02,Santino,Rodriguez,33479160,santino.rodriguez@gmail.com,+54 15 2497 0261,DAT-305,Big Data & Cloud,2,Desaprobado
2025-07-02,Emma,Soria,39901527,emma.soria@gmail.com,+54 15 2702 8197,GEN-101,Ética y Tecnología,4,Aprobado
2025-07-02,Olivia,Quiroga,46599245,olivia.quiroga25@outlook.com,+54 9 3911 0488,DAT-201,Estadística Avanzada,5,Aprobado
2025-07-02,Jeronimo,Gomez,38589344,jeronimo.gomez@gmail.com,+54 15 2594 0236,MKT-200,Marketing de Contenidos,7,Aprobado
2025-07-02,Sofia,Rodriguez,38648189,sofia.rodriguez@gmail.com,+54 9 3653 2883,NEG-400,Liderazgo y Negociación,8,Aprobado
2025-07-02,Franco,Miranda,31185628,franco.miranda@gmail.com,+54 15 2123 3316,GEN-101,Ética y Tecnología,9,Aprobado
2025-07-02,Tiziana,Flores,41532385,tiziana.flores@gmail.com,+54 9 3747 5194,NEG-400,Liderazgo y Negociación,6,Aprobado
2025-07-02,Benjamin,Soria,36434636,benjamin.soria@gmail.com,+54 15 2828 7129,GEN-101,Ética y Tecnología,4,Aprobado
2025-07-02,Julia,Gonzalez,30713710,julia.gonzalez@gmail.com,+54 15 2264 3330,MKT-200,Marketing de Contenidos,8,Aprobado
2025-07-02,Valentino,Torres,31486885,valentino.torres@gmail.com,+54 9 3638 2030,DEV-101,Algoritmos I,4,Aprobado
2025-07-02,Facundo,Figueroa,34832335,facundo.figueroa@gmail.com,+54 9 3982 9731,DAT-101,Introducción a los Datos,2,Desaprobado
2025-07-03,Benjamin,Franco,47163691,benjamin.franco25@outlook.com,+54 9 3701 0029,MKT-200,Marketing de Contenidos,2,Desaprobado
2025-07-03,Martina,Ferreyra,43344838,martina.ferreyra25@outlook.com,+54 15 2727 0701,DAT-201,Estadística Avanzada,8,Aprobado
2025-07-03,Mia Morena,Ramirez,47233498,mia morena.ramirez25@outlook.com,+54 9 3170 8619,MKT-200,Marketing de Contenidos,1,Desaprobado
2025-07-03,Pedro,Gonzalez,43098716,pedro.gonzalez25@outlook.com,+54 15 2604 8512,IA-400,Deep Learning Aplicado,3,Desaprobado
2025-07-03,Gael,Martinez,47700089,gael.martinez25@outlook.com,+54 9 3988 0239,IA-300,Redes Neuronales,8,Aprobado
2025-07-03,Paloma,Diaz,38500035,paloma.diaz@gmail.com,+54 15 2974 3058,MKT-200,Marketing de Contenidos,1,Desaprobado
2025-07-03,Josefina,Arias,38693211,josefina.arias@gmail.com,+54 15 2330 5908,UX-100,Diseño de Experiencia de Usuario,1,Desaprobado
2025-07-03,Angelina,Ruiz,35033683,angelina.ruiz@gmail.com,+54 9 3449 5457,NEG-400,Liderazgo y Negociación,5,Aprobado
2025-07-03,Julieta,Ramirez,45763623,julieta.ramirez25@outlook.com,+54 9 3271 8048,DAT-305,Big Data & Cloud,7,Aprobado
2025-07-03,Morena Jazmin,Benitez,33596181,morena jazmin.benitez@gmail.com,+54 15 2683 4039,NEG-400,Liderazgo y Negociación,5,Aprobado
2025-07-03,Rosario,Peralta,37335497,rosario.peralta@gmail.com,+54 15 2481 8075,DEV-101,Algoritmos I,4,Aprobado
2025-07-04,Martina,Ortiz,32454237,martina.ortiz@gmail.com,+54 15 2248 2168,IA-400,Deep Learning Aplicado,6,Aprobado
2025-07-04,Luca,Gonzalez,35419862,luca.gonzalez@gmail.com,+54 9 3700 9146,DAT-305,Big Data & Cloud,6,Aprobado
2025-07-04,Victoria,Castro,30811908,victoria.castro@gmail.com,+54 15 2181 6193,IA-400,Deep Learning Aplicado,4,Aprobado
2025-07-04,Maximo,Velazquez,32726810,maximo.velazquez@gmail.com,+54 9 3216 6292,MKT-200,Marketing de Contenidos,7,Aprobado
2025-07-04,Matilda,Cabrera,47826221,matilda.cabrera25@outlook.com,+54 15 2779 9063,IA-300,Redes Neuronales,3,Desaprobado
2025-07-04,Maria Paz,Ruiz,32703610,maria paz.ruiz@gmail.com,+54 9 3315 0999,IA-300,Redes Neuronales,7,Aprobado
2025-07-04,Santiago,Quiroga,44959844,santiago.quiroga25@outlook.com,+54 15 2580 3858,NEG-400,Liderazgo y Negociación,5,Aprobado
2025-07-04,Lautaro Benjamin,Vega,33511174,lautaro benjamin.vega@gmail.com,+54 15 2359 6472,DAT-101,Introducción a los Datos,6,Aprobado
2025-07-04,Constanza,Avila,46649401,constanza.avila25@outlook.com,+54 9 3819 4368,IA-300,Redes Neuronales,4,Aprobado
2025-07-04,Joaquin,Ramos,46271176,joaquin.ramos25@outlook.com,+54 9 3899 8281,DEV-101,Algoritmos I,10,Aprobado
2025-07-04,Jazmin,Gonzalez,44702371,jazmin.gonzalez25@outlook.com,+54 9 3903 0070,NEG-400,Liderazgo y Negociación,5,Aprobado
2025-07-04,Victoria,Paez,47909977,victoria.paez25@outlook.com,+54 15 2470 1352,GEN-101,Ética y Tecnología,7,Aprobado
2025-07-04,Ian Ezequiel,Silva,31360651,ian ezequiel.silva@gmail.com,+54 9 3829 6877,GEN-101,Ética y Tecnología,8,Aprobado
2025-07-04,Felipe,Luna,46382860,felipe.luna25@outlook.com,+54 15 2795 1038,DAT-201,Estadística Avanzada,7,Aprobado
2025-07-04,Faustino,Gomez,45663240,faustino.gomez25@outlook.com,+54 15 2408 2797,IA-300,Redes Neuronales,4,Aprobado
2025-07-04,Elena,Castro,32496231,elena.castro@gmail.com,+54 9 3921 9876,DAT-101,Introducción a los Datos,8,Aprobado
2025-07-04,Juan Bautista,Perez,46556662,juan bautista.perez25@outlook.com,+54 9 3755 1308,DEV-101,Algoritmos I,6,Aprobado
2025-07-04,Emilia,Morales,38275238,emilia.morales@gmail.com,+54 9 3287 0630,DAT-201,Estadística Avanzada,9,Aprobado
2025-07-04,Maximo,Romero,33418893,maximo.romero@gmail.com,+54 15 2655 6620,GEN-101,Ética y Tecnología,8,Aprobado
2025-07-04,Delfina,Diaz,31379839,delfina.diaz@gmail.com,+54 9 3977 5615,UX-100,Diseño de Experiencia de Usuario,7,Aprobado
2025-07-04,Thiago Agustin,Vega,36314879,thiago agustin.vega@gmail.com,+54 15 2198 6549,IA-300,Redes Neuronales,1,Desaprobado
2025-07-05,Malena,Sanchez,46521420,malena.sanchez25@outlook.com,+54 9 3250 0146,NEG-400,Liderazgo y Negociación,5,Aprobado
2025-07-05,Ciro,Martinez,37392794,ciro.martinez@gmail.com,+54 9 3615 6839,IA-300,Redes Neuronales,4,Aprobado
2025-07-05,Guadalupe,Perez,40201800,guadalupe.perez@gmail.com,+54 9 3201 3021,UX-100,Diseño de Experiencia de Usuario,10,Aprobado
2025-07-05,Salvador,Paz,32128322,salvador.paz@gmail.com,+54 15 2553 1707,DAT-101,Introducción a los Datos,8,Aprobado
2025-07-05,Alfonsina,Rivero,34288472,alfonsina.rivero@gmail.com,+54 15 2757 9385,MKT-200,Marketing de Contenidos,7,Aprobado
2025-07-05,Nahiara,Silva,30173121,nahiara.silva@gmail.com,+54 15 2523 3685,UX-100,Diseño de Experiencia de Usuario,10,Aprobado
2025-07-05,Antonella,Morales,45775192,antonella.morales25@outlook.com,+54 15 2796 2692,UX-100,Diseño de Experiencia de Usuario,1,Desaprobado
2025-07-05,Maximo,Velazquez,32726810,maximo.velazquez@gmail.com,+54 9 3216 6292,DAT-201,Estadística Avanzada,4,Aprobado
2025-07-05,Tiziano Benjamin,Martinez,34702143,tiziano benjamin.martinez@gmail.com,+54 15 2642 4065,DAT-201,Estadística Avanzada,3,Desaprobado
2025-07-05,Benjamin,Carrizo,37840610,benjamin.carrizo@gmail.com,+54 9 3290 3920,DAT-101,Introducción a los Datos,6,Aprobado
2025-07-05,Maria Emilia,Herrera,35054932,maria emilia.herrera@gmail.com,+54 9 3252 6002,UX-100,Diseño de Experiencia de Usuario,8,Aprobado
2025-07-05,Lorenzo,Luna,44415606,lorenzo.luna25@outlook.com,+54 9 3621 2073,DEV-101,Algoritmos I,2,Desaprobado
2025-07-05,Constanza,Avila,46649401,constanza.avila25@outlook.com,+54 9 3819 4368,MKT-200,Marketing de Contenidos,9,Aprobado
2025-07-05,Lorenzo,Olivera,31221480,lorenzo.olivera@gmail.com,+54 9 3530 8326,GEN-101,Ética y Tecnología,7,Aprobado
2025-07-06,Matias,Gomez,31685297,matias.gomez@gmail.com,+54 9 3978 2359,DAT-305,Big Data & Cloud,2,Desaprobado
2025-07-06,Octavio,Dominguez,40948220,octavio.dominguez@gmail.com,+54 9 3880 4190,MKT-200,Marketing de Contenidos,4,Aprobado
2025-07-06,Joaquin,Suarez,44476887,joaquin.suarez25@outlook.com,+54 15 2166 7577,IA-400,Deep Learning Aplicado,8,Aprobado
2025-07-06,Catalina,Ramirez,46596607,catalina.ramirez25@outlook.com,+54 15 2251 7346,GEN-101,Ética y Tecnología,5,Aprobado
2025-07-06,Matilda,Cabrera,47826221,matilda.cabrera25@outlook.com,+54 15 2779 9063,DEV-101,Algoritmos I,10,Aprobado
2025-07-06,Benjamin,Flores,31924807,benjamin.flores@gmail.com,+54 9 3182 9620,DAT-101,Introducción a los Datos,10,Aprobado
2025-07-06,Benjamin,Franco,47163691,benjamin.franco25@outlook.com,+54 9 3701 0029,MKT-200,Marketing de Contenidos,7,Aprobado
2025-07-06,Matias,Martinez,43651947,matias.martinez25@outlook.com,+54 9 3397 6861,IA-300,Redes Neuronales,1,Desaprobado
2025-07-06,Ramiro,Perez,43827991,ramiro.perez25@outlook.com,+54 9 3631 4194,IA-400,Deep Learning Aplicado,7,Aprobado
2025-07-06,Bruno,Cruz,46706919,bruno.cruz25@outlook.com,+54 15 2846 5923,IA-300,Redes Neuronales,4,Aprobado
2025-07-06,Jazmin,Acosta,47022459,jazmin.acosta25@outlook.com,+54 9 3135 5420,DAT-305,Big Data & Cloud,1,Desaprobado
2025-07-06,Thiago Nicolas,Rivero,44419143,thiago nicolas.rivero25@outlook.com,+54 9 3742 4730,IA-400,Deep Learning Aplicado,10,Aprobado
2025-07-06,Mateo,Lopez,41166199,mateo.lopez@gmail.com,+54 9 3731 7849,IA-300,Redes Neuronales,1,Desaprobado
2025-07-06,Valentina,Martinez,45459710,valentina.martinez25@outlook.com,+54 15 2676 9164,DAT-201,Estadística Avanzada,5,Aprobado
2025-07-06,Lucas,Perez,37561242,lucas.perez@gmail.com,+54 15 2550 4270,NEG-400,Liderazgo y Negociación,6,Aprobado
2025-07-06,Francisca,Perez,32283744,francisca.perez@gmail.com,+54 15 2698 0596,GEN-101,Ética y Tecnología,10,Aprobado
2025-07-06,Mora,Moreno,32318137,mora.moreno@gmail.com,+54 9 3220 2564,GEN-101,Ética y Tecnología,6,Aprobado
2025-07-06,Tomas,Rodriguez,41818271,tomas.rodriguez@gmail.com,+54 9 3256 7760,UX-100,Diseño de Experiencia de Usuario,4,Aprobado
2025-07-06,Joaquin,Herrera,40287807,joaquin.herrera@gmail.com,+54 15 2323 1233,UX-100,Diseño de Experiencia de Usuario,1,Desaprobado
2025-07-06,Octavio,Sanchez,36510557,octavio.sanchez@gmail.com,+54 15 2784 3007,DAT-201,Estadística Avanzada,4,Aprobado
2025-07-06,Martina,Ferreyra,43344838,martina.ferreyra25@outlook.com,+54 15 2727 0701,UX-100,Diseño de Experiencia de Usuario,5,Aprobado
2025-07-06,Tomas,Pereyra,31206140,tomas.pereyra@gmail.com,+54 9 3797 5403,MKT-200,Marketing de Contenidos,1,Desaprobado
2025-07-06,Francisco,Romero,30672524,francisco.romero@gmail.com,+54 15 2357 4938,GEN-101,Ética y Tecnología,10,Aprobado
2025-07-06,Gael,Rivero,38292751,gael.rivero@gmail.com,+54 15 2905 3775,DAT-305,Big Data & Cloud,8,Aprobado
2025-07-06,Ciro,Peralta,35069582,ciro.peralta@gmail.com,+54 15 2448 4464,IA-300,Redes Neuronales,10,Aprobado
2025-07-06,Francesco,Molina,46992814,francesco.molina25@outlook.com,+54 9 3743 8853,DAT-201,Estadística Avanzada,9,Aprobado
2025-07-07,Juan Martin,Olivera,40366603,juan martin.olivera@gmail.com,+54 15 2153 5577,IA-400,Deep Learning Aplicado,8,Aprobado
2025-07-07,Simon,Garcia,32139544,simon.garcia@gmail.com,+54 15 2106 5300,UX-100,Diseño de Experiencia de Usuario,5,Aprobado
2025-07-07,Angelina,Ruiz,35033683,angelina.ruiz@gmail.com,+54 9 3449 5457,DAT-305,Big Data & Cloud,10,Aprobado
2025-07-07,Julian,Fernandez,34508579,julian.fernandez@gmail.com,+54 15 2362 0745,IA-300,Redes Neuronales,4,Aprobado
2025-07-07,Catalina,Benitez,31297438,catalina.benitez@gmail.com,+54 9 3186 7579,NEG-400,Liderazgo y Negociación,4,Aprobado
2025-07-07,Kiara,Nuñez,44454123,kiara.nuñez25@outlook.com,+54 9 3406 6420,DAT-305,Big Data & Cloud,3,Desaprobado
2025-07-07,Martina,Ferreyra,43344838,martina.ferreyra25@outlook.com,+54 15 2727 0701,IA-400,Deep Learning Aplicado,3,Desaprobado
2025-07-07,Juan,Dominguez,39281798,juan.dominguez@gmail.com,+54 9 3390 1416,GEN-101,Ética y Tecnología,5,Aprobado
2025-07-07,Bautista Benjamin,Acosta,34446896,bautista benjamin.acosta@gmail.com,+54 15 2845 8367,DAT-305,Big Data & Cloud,1,Desaprobado
2025-07-07,Jeremias,Herrera,36971688,jeremias.herrera@gmail.com,+54 15 2368 4123,GEN-101,Ética y Tecnología,5,Aprobado
2025-07-07,Joaquin,Vera,31277192,joaquin.vera@gmail.com,+54 9 3395 7546,IA-400,Deep Learning Aplicado,8,Aprobado
2025-07-07,Thiago Lionel,Chavez,38263069,thiago lionel.chavez@gmail.com,+54 9 3763 2042,DEV-101,Algoritmos I,1,Desaprobado
2025-07-07,Josefina,Duarte,39214817,josefina.duarte@gmail.com,+54 9 3376 4118,DAT-305,Big Data & Cloud,10,Aprobado
2025-07-07,Malena,Gomez,36364003,malena.gomez@gmail.com,+54 15 2569 6727,DAT-101,Introducción a los Datos,1,Desaprobado
2025-07-07,Bautista,Fernandez,34223113,bautista.fernandez@gmail.com,+54 9 3145 4593,NEG-400,Liderazgo y Negociación,4,Aprobado
2025-07-07,Tomàs,Godoy,41051244,tomàs.godoy@gmail.com,+54 15 2375 1247,DAT-201,Estadística Avanzada,1,Desaprobado
2025-07-07,Jazmin,Acosta,47022459,jazmin.acosta25@outlook.com,+54 9 3135 5420,DAT-101,Introducción a los Datos,8,Aprobado
2025-07-07,Thiago Benjamin,Acosta,31471846,thiago benjamin.acosta@gmail.com,+54 9 3832 4833,NEG-400,Liderazgo y Negociación,3,Desaprobado
2025-07-08,Rosario,Gonzalez,32592763,rosario.gonzalez@gmail.com,+54 9 3770 7755,DAT-305,Big Data & Cloud,9,Aprobado
2025-07-08,Benjamin,Carrizo,46346975,benjamin.carrizo25@outlook.com,+54 9 3709 9957,MKT-200,Marketing de Contenidos,8,Aprobado
2025-07-08,Jazmin,Martinez,33742338,jazmin.martinez@gmail.com,+54 9 3250 5960,DAT-201,Estadística Avanzada,5,Aprobado
2025-07-08,Benjamin,Herrera,36892333,benjamin.herrera@gmail.com,+54 9 3204 2208,UX-100,Diseño de Experiencia de Usuario,2,Desaprobado
2025-07-08,Martina,Gimenez,36594251,martina.gimenez@gmail.com,+54 9 3517 9045,DEV-101,Algoritmos I,7,Aprobado
2025-07-08,Agustín,Hernandez,39335040,agustín.hernandez@gmail.com,+54 15 2669 5824,DAT-101,Introducción a los Datos,8,Aprobado
2025-07-08,Luca,Fernandez,34631520,luca.fernandez@gmail.com,+54 9 3199 0390,UX-100,Diseño de Experiencia de Usuario,9,Aprobado
2025-07-08,Alma Valentina,Medina,45315237,alma valentina.medina25@outlook.com,+54 15 2251 7215,GEN-101,Ética y Tecnología,4,Aprobado
2025-07-08,Renata,Rodriguez,36331097,renata.rodriguez@gmail.com,+54 9 3260 1158,DAT-101,Introducción a los Datos,3,Desaprobado
2025-07-08,Emilia,Luna,44115909,emilia.luna25@outlook.com,+54 9 3527 9657,DAT-201,Estadística Avanzada,6,Aprobado
2025-07-08,Francisca,Benitez,46894068,francisca.benitez25@outlook.com,+54 15 2130 9611,DAT-101,Introducción a los Datos,5,Aprobado
2025-07-08,Juana,Ramirez,31559920,juana.ramirez@gmail.com,+54 9 3665 4505,DAT-201,Estadística Avanzada,8,Aprobado
2025-07-08,Mia Morena,Fernandez,36511898,mia morena.fernandez@gmail.com,+54 9 3793 6933,DEV-101,Algoritmos I,4,Aprobado
2025-07-08,Santiago,Soto,35683885,santiago.soto@gmail.com,+54 15 2971 7254,GEN-101,Ética y Tecnología,9,Aprobado
2025-07-08,Benjamin,Roldan,34441439,benjamin.roldan@gmail.com,+54 9 3508 9831,DEV-101,Algoritmos I,5,Aprobado
2025-07-08,Camila,Rodriguez,39073370,camila.rodriguez@gmail.com,+54 9 3690 4388,UX-100,Diseño de Experiencia de Usuario,8,Aprobado
2025-07-08,Bautista Benjamin,Ruiz,32776935,bautista benjamin.ruiz@gmail.com,+54 9 3526 3801,UX-100,Diseño de Experiencia de Usuario,9,Aprobado
2025-07-08,Martina,Ferreyra,43344838,martina.ferreyra25@outlook.com,+54 15 2727 0701,MKT-200,Marketing de Contenidos,7,Aprobado
2025-07-08,Dylan Benjamin,Martinez,30125745,dylan benjamin.martinez@gmail.com,+54 9 3339 9964,DAT-305,Big Data & Cloud,8,Aprobado
2025-07-08,Benjamin Alejandro,Morales,44730308,benjamin alejandro.morales25@outlook.com,+54 9 3420 3298,MKT-200,Marketing de Contenidos,7,Aprobado
2025-07-08,Agustín,Navarro,41912939,agustín.navarro@gmail.com,+54 9 3115 9430,DAT-305,Big Data & Cloud,8,Aprobado
2025-07-08,Ana Paula,Hernandez,33201122,ana paula.hernandez@gmail.com,+54 9 3117 9767,IA-300,Redes Neuronales,8,Aprobado
2025-07-08,Milagros,Herrera,36349336,milagros.herrera@gmail.com,+54 9 3694 1937,DEV-101,Algoritmos I,10,Aprobado
2025-07-08,Juan Martin,Alvarez,44827801,juan martin.alvarez25@outlook.com,+54 15 2714 8261,UX-100,Diseño de Experiencia de Usuario,8,Aprobado
2025-07-08,Alma,Martinez,32201924,alma.martinez@gmail.com,+54 15 2111 3316,NEG-400,Liderazgo y Negociación,10,Aprobado
2025-07-08,Josefina,Fernandez,41627786,josefina.fernandez@gmail.com,+54 15 2599 9754,DEV-101,Algoritmos I,2,Desaprobado
2025-07-08,Dylan Ezequiel,Lopez,35983804,dylan ezequiel.lopez@gmail.com,+54 15 2173 8784,GEN-101,Ética y Tecnología,6,Aprobado
2025-07-09,Santino,Herrera,34764302,santino.herrera@gmail.com,+54 15 2544 4531,IA-400,Deep Learning Aplicado,3,Desaprobado
2025-07-09,Sofia,Rodriguez,45619097,sofia.rodriguez25@outlook.com,+54 9 3816 8140,IA-400,Deep Learning Aplicado,8,Aprobado
2025-07-09,Mia Valentina,Gomez,39407484,mia valentina.gomez@gmail.com,+54 15 2229 9819,MKT-200,Marketing de Contenidos,3,Desaprobado
2025-07-09,Felipe,Chavez,33698941,felipe.chavez@gmail.com,+54 9 3977 9173,MKT-200,Marketing de Contenidos,9,Aprobado
2025-07-09,Thiago Valentin,Mansilla,31547849,thiago valentin.mansilla@gmail.com,+54 9 3515 2592,DEV-101,Algoritmos I,8,Aprobado
2025-07-09,Victoria,Gutierrez,46218945,victoria.gutierrez25@outlook.com,+54 15 2198 3718,GEN-101,Ética y Tecnología,8,Aprobado
2025-07-09,Martina,Flores,43162851,martina.flores25@outlook.com,+54 15 2164 8198,DAT-101,Introducción a los Datos,10,Aprobado
2025-07-09,Luz Milagros,Correa,36158027,luz milagros.correa@gmail.com,+54 15 2236 5511,DAT-305,Big Data & Cloud,6,Aprobado
2025-07-09,Isabella,Romero,39337175,isabella.romero@gmail.com,+54 15 2846 4951,NEG-400,Liderazgo y Negociación,9,Aprobado
2025-07-09,Dante,Ruiz,35722006,dante.ruiz@gmail.com,+54 9 3948 5100,IA-300,Redes Neuronales,2,Desaprobado
2025-07-09,Zoe Valentina,Herrera,46284693,zoe valentina.herrera25@outlook.com,+54 9 3413 2176,DEV-101,Algoritmos I,10,Aprobado
2025-07-09,Joaquin,Muñoz,46040721,joaquin.muñoz25@outlook.com,+54 15 2714 0499,NEG-400,Liderazgo y Negociación,10,Aprobado
2025-07-09,Santiago,Lucero,44284431,santiago.lucero25@outlook.com,+54 15 2793 1757,GEN-101,Ética y Tecnología,9,Aprobado
2025-07-09,Victoria,Fernandez,30851248,victoria.fernandez@gmail.com,+54 9 3532 4132,IA-400,Deep Learning Aplicado,1,Desaprobado
2025-07-09,Camila,Rios,37039481,camila.rios@gmail.com,+54 15 2438 9612,IA-300,Redes Neuronales,6,Aprobado
2025-07-09,Alma,Olivera,39535799,alma.olivera@gmail.com,+54 9 3779 6396,DAT-101,Introducción a los Datos,2,Desaprobado
2025-07-09,Benjamin Ezequiel,Vargas,47021675,benjamin ezequiel.vargas25@outlook.com,+54 15 2575 5414,DAT-101,Introducción a los Datos,6,Aprobado
2025-07-09,Mateo Benjamin,Gonzalez,34841664,mateo benjamin.gonzalez@gmail.com,+54 9 3530 7559,UX-100,Diseño de Experiencia de Usuario,1,Desaprobado
2025-07-09,Joaquin,Roldan,34743406,joaquin.roldan@gmail.com,+54 15 2931 3988,IA-400,Deep Learning Aplicado,7,Aprobado
2025-07-10,Pedro,Mendez,40099804,pedro.mendez@gmail.com,+54 15 2260 7597,DAT-305,Big Data & Cloud,8,Aprobado
2025-07-10,Ignacio,Vega,37280564,ignacio.vega@gmail.com,+54 9 3678 9364,DAT-201,Estadística Avanzada,4,Aprobado
2025-07-10,Sofia,Rodriguez,38648189,sofia.rodriguez@gmail.com,+54 9 3653 2883,UX-100,Diseño de Experiencia de Usuario,5,Aprobado
2025-07-10,Juan Ignacio,Martinez,41785959,juan ignacio.martinez@gmail.com,+54 15 2848 6053,DAT-305,Big Data & Cloud,3,Desaprobado
2025-07-10,Sol,Rojas,31961540,sol.rojas@gmail.com,+54 9 3770 9067,IA-300,Redes Neuronales,10,Aprobado
2025-07-10,Bruno,Ramos,46653953,bruno.ramos25@outlook.com,+54 15 2897 3303,DAT-305,Big Data & Cloud,10,Aprobado
2025-07-10,Benjamin,Rodriguez,44445238,benjamin.rodriguez25@outlook.com,+54 9 3308 8552,DAT-201,Estadística Avanzada,8,Aprobado
2025-07-10,Lisandro,Pereyra,40283838,lisandro.pereyra@gmail.com,+54 9 3211 8821,DEV-101,Algoritmos I,2,Desaprobado
2025-07-10,Luciana,Caceres,41671067,luciana.caceres@gmail.com,+54 9 3975 2743,NEG-400,Liderazgo y Negociación,10,Aprobado
2025-07-10,Santiago Nicolas,Miranda,38393487,santiago nicolas.miranda@gmail.com,+54 9 3320 6037,IA-400,Deep Learning Aplicado,2,Desaprobado
2025-07-10,Ambar,Gonzalez,36145210,ambar.gonzalez@gmail.com,+54 15 2703 4941,NEG-400,Liderazgo y Negociación,2,Desaprobado
2025-07-10,Mora,Avila,33520255,mora.avila@gmail.com,+54 9 3108 2724,GEN-101,Ética y Tecnología,2,Desaprobado
2025-07-10,Matilda,Cabrera,47826221,matilda.cabrera25@outlook.com,+54 15 2779 9063,DAT-305,Big Data & Cloud,3,Desaprobado
2025-07-10,Rosario,Peralta,37335497,rosario.peralta@gmail.com,+54 15 2481 8075,GEN-101,Ética y Tecnología,4,Aprobado
2025-07-10,Agustin,Hernandez,40296795,agustin.hernandez@gmail.com,+54 15 2150 0504,NEG-400,Liderazgo y Negociación,3,Desaprobado
2025-07-10,Zoe,Fernandez,44286872,zoe.fernandez25@outlook.com,+54 9 3358 4498,DEV-101,Algoritmos I,6,Aprobado
2025-07-10,Lautaro Benjamin,Vega,33511174,lautaro benjamin.vega@gmail.com,+54 15 2359 6472,GEN-101,Ética y Tecnología,8,Aprobado
2025-07-10,Francisco,Barrios,46669980,francisco.barrios25@outlook.com,+54 9 3636 9138,GEN-101,Ética y Tecnología,2,Desaprobado
2025-07-10,Sofia,Rodriguez,45619097,sofia.rodriguez25@outlook.com,+54 9 3816 8140,UX-100,Diseño de Experiencia de Usuario,3,Desaprobado
2025-07-10,Malena,Lucero,40293144,malena.lucero@gmail.com,+54 15 2856 9027,IA-300,Redes Neuronales,7,Aprobado
2025-07-11,Milagros,Campos,31634609,milagros.campos@gmail.com,+54 9 3379 8110,IA-300,Redes Neuronales,9,Aprobado
2025-07-11,Maximo,Toledo,34883029,maximo.toledo@gmail.com,+54 9 3423 2266,DEV-101,Algoritmos I,6,Aprobado
2025-07-11,Juan Cruz,Moyano,30800017,juan cruz.moyano@gmail.com,+54 15 2808 1024,DAT-305,Big Data & Cloud,4,Aprobado
2025-07-11,Santiago,Roldan,33353197,santiago.roldan@gmail.com,+54 9 3596 3393,IA-300,Redes Neuronales,3,Desaprobado
2025-07-11,Tiziano Valentin,Miranda,44844263,tiziano valentin.miranda25@outlook.com,+54 15 2617 4221,IA-400,Deep Learning Aplicado,5,Aprobado
2025-07-11,Mia Valentina,Gomez,37171122,mia valentina.gomez@gmail.com,+54 15 2597 7948,NEG-400,Liderazgo y Negociación,2,Desaprobado
2025-07-11,Victoria,Fernandez,30851248,victoria.fernandez@gmail.com,+54 9 3532 4132,UX-100,Diseño de Experiencia de Usuario,6,Aprobado
2025-07-11,Camila,Rios,37039481,camila.rios@gmail.com,+54 15 2438 9612,DAT-201,Estadística Avanzada,7,Aprobado
2025-07-11,Sara,Leiva,44291013,sara.leiva25@outlook.com,+54 9 3870 0298,MKT-200,Marketing de Contenidos,1,Desaprobado
2025-07-11,Ignacio,Martinez,46564562,ignacio.martinez25@outlook.com,+54 15 2866 3121,NEG-400,Liderazgo y Negociación,3,Desaprobado
2025-07-11,Luna,Peralta,38452657,luna.peralta@gmail.com,+54 9 3304 4049,DEV-101,Algoritmos I,4,Aprobado
2025-07-11,Santino,Barrios,46847177,santino.barrios25@outlook.com,+54 9 3259 2427,GEN-101,Ética y Tecnología,10,Aprobado
2025-07-11,Juan Martin,Silva,47162613,juan martin.silva25@outlook.com,+54 15 2873 0424,IA-300,Redes Neuronales,3,Desaprobado
2025-07-11,Lucía,Gonzalez,37121626,lucía.gonzalez@gmail.com,+54 9 3888 3121,GEN-101,Ética y Tecnología,3,Desaprobado
2025-07-11,Mateo,Acuña,33916616,mateo.acuña@gmail.com,+54 15 2732 0983,DAT-101,Introducción a los Datos,3,Desaprobado
2025-07-11,Matias,Diaz,38991597,matias.diaz@gmail.com,+54 9 3119 9955,DEV-101,Algoritmos I,6,Aprobado
2025-07-11,Faustino,Gomez,45663240,faustino.gomez25@outlook.com,+54 15 2408 2797,DEV-101,Algoritmos I,10,Aprobado
2025-07-11,Martina,Cruz,40582609,martina.cruz@gmail.com,+54 15 2320 0008,GEN-101,Ética y Tecnología,8,Aprobado
2025-07-11,Clara,Duarte,47517294,clara.duarte25@outlook.com,+54 9 3696 9591,DAT-305,Big Data & Cloud,4,Aprobado
2025-07-11,Thiago,Gomez,39835913,thiago.gomez@gmail.com,+54 9 3360 2893,MKT-200,Marketing de Contenidos,9,Aprobado
2025-07-11,Mia,Quiroga,37381074,mia.quiroga@gmail.com,+54 9 3252 2837,NEG-400,Liderazgo y Negociación,8,Aprobado
2025-07-12,Sofía,Nuñez,39908813,sofía.nuñez@gmail.com,+54 9 3794 3359,NEG-400,Liderazgo y Negociación,2,Desaprobado
2025-07-12,Salvador,Ramos,41907942,salvador.ramos@gmail.com,+54 9 3774 3820,IA-300,Redes Neuronales,9,Aprobado
2025-07-12,Joaquin,Juarez,44062737,joaquin.juarez25@outlook.com,+54 15 2200 8924,IA-300,Redes Neuronales,9,Aprobado
2025-07-12,Clara,Fernandez,46225626,clara.fernandez25@outlook.com,+54 9 3708 8556,MKT-200,Marketing de Contenidos,6,Aprobado
2025-07-12,Lucía ,Fernandez,31177427,lucía .fernandez@gmail.com,+54 15 2914 3080,DAT-305,Big Data & Cloud,2,Desaprobado
2025-07-12,Rosario,Gonzalez,32592763,rosario.gonzalez@gmail.com,+54 9 3770 7755,DAT-101,Introducción a los Datos,8,Aprobado
2025-07-12,Bianca,Gimenez,32451951,bianca.gimenez@gmail.com,+54 9 3950 4224,GEN-101,Ética y Tecnología,6,Aprobado
2025-07-12,Valentino,Gomez,41661140,valentino.gomez@gmail.com,+54 9 3334 9979,IA-400,Deep Learning Aplicado,10,Aprobado
2025-07-12,Morena Jazmin,Benitez,33596181,morena jazmin.benitez@gmail.com,+54 15 2683 4039,DAT-101,Introducción a los Datos,10,Aprobado
2025-07-12,Nahiara,Acosta,46775879,nahiara.acosta25@outlook.com,+54 9 3247 3179,IA-400,Deep Learning Aplicado,8,Aprobado
2025-07-12,Milagros,Cabrera,34299183,milagros.cabrera@gmail.com,+54 15 2306 1286,NEG-400,Liderazgo y Negociación,9,Aprobado
2025-07-12,Nina,Martinez,44613692,nina.martinez25@outlook.com,+54 9 3327 7762,DEV-101,Algoritmos I,6,Aprobado
2025-07-13,Maria Victoria,Gimenez,41084438,maria victoria.gimenez@gmail.com,+54 9 3854 1182,UX-100,Diseño de Experiencia de Usuario,8,Aprobado
2025-07-13,Camila,Gonzalez,40358538,camila.gonzalez@gmail.com,+54 15 2722 9597,GEN-101,Ética y Tecnología,8,Aprobado
2025-07-13,Thiago Emanuel,Vega,30216143,thiago emanuel.vega@gmail.com,+54 9 3249 3889,MKT-200,Marketing de Contenidos,10,Aprobado
2025-07-13,Sofía,Acosta,40284355,sofía.acosta@gmail.com,+54 9 3691 9391,DAT-201,Estadística Avanzada,8,Aprobado
2025-07-13,Gonzalo,Moyano,30789190,gonzalo.moyano@gmail.com,+54 9 3825 1992,UX-100,Diseño de Experiencia de Usuario,7,Aprobado
2025-07-13,Paloma,Diaz,38500035,paloma.diaz@gmail.com,+54 15 2974 3058,MKT-200,Marketing de Contenidos,4,Aprobado
2025-07-13,Zoe Valentina,Martinez,37090862,zoe valentina.martinez@gmail.com,+54 9 3331 0799,IA-300,Redes Neuronales,4,Aprobado
2025-07-13,Constantino,Moreno,44221505,constantino.moreno25@outlook.com,+54 15 2504 1837,GEN-101,Ética y Tecnología,2,Desaprobado
2025-07-13,Victoria,Fernandez,30851248,victoria.fernandez@gmail.com,+54 9 3532 4132,DAT-305,Big Data & Cloud,5,Aprobado
2025-07-13,Martina,Ferreyra,43344838,martina.ferreyra25@outlook.com,+54 15 2727 0701,IA-300,Redes Neuronales,10,Aprobado
2025-07-13,Gonzalo,Silva,30271801,gonzalo.silva@gmail.com,+54 9 3180 3146,GEN-101,Ética y Tecnología,2,Desaprobado
2025-07-13,Mia Valentina,Herrera,37131375,mia valentina.herrera@gmail.com,+54 9 3790 9344,UX-100,Diseño de Experiencia de Usuario,6,Aprobado
2025-07-13,Helena,Avila,39684156,helena.avila@gmail.com,+54 9 3312 5660,DAT-201,Estadística Avanzada,3,Desaprobado
2025-07-13,Luana,Fernandez,30679979,luana.fernandez@gmail.com,+54 15 2767 2428,IA-300,Redes Neuronales,3,Desaprobado
2025-07-13,Benjamin Ezequiel,Garcia,34705463,benjamin ezequiel.garcia@gmail.com,+54 15 2410 6445,DAT-201,Estadística Avanzada,2,Desaprobado
2025-07-13,Joaquin,Mansilla,34696467,joaquin.mansilla@gmail.com,+54 9 3717 5960,DEV-101,Algoritmos I,3,Desaprobado
2025-07-13,Luisina,Gomez,46860457,luisina.gomez25@outlook.com,+54 9 3398 3704,DEV-101,Algoritmos I,6,Aprobado
2025-07-13,Ana Paula,Hernandez,33201122,ana paula.hernandez@gmail.com,+54 9 3117 9767,UX-100,Diseño de Experiencia de Usuario,10,Aprobado
2025-07-13,Valentina,Ramirez,31076430,valentina.ramirez@gmail.com,+54 9 3645 1465,GEN-101,Ética y Tecnología,6,Aprobado
2025-07-13,Thiago Ezequiel,Herrera,39297755,thiago ezequiel.herrera@gmail.com,+54 15 2844 0577,DAT-201,Estadística Avanzada,5,Aprobado
2025-07-14,Simon,Garcia,32139544,simon.garcia@gmail.com,+54 15 2106 5300,NEG-400,Liderazgo y Negociación,4,Aprobado
2025-07-14,Martina,Moreno,40655822,martina.moreno@gmail.com,+54 15 2106 8293,DEV-101,Algoritmos I,6,Aprobado
2025-07-14,Martina,Ortiz,32454237,martina.ortiz@gmail.com,+54 15 2248 2168,IA-300,Redes Neuronales,5,Aprobado
2025-07-14,Martina,Medina,33614240,martina.medina@gmail.com,+54 9 3418 2700,DAT-101,Introducción a los Datos,7,Aprobado
2025-07-14,Angel Gabriel,Lopez,41083641,angel gabriel.lopez@gmail.com,+54 9 3311 3545,IA-300,Redes Neuronales,3,Desaprobado
2025-07-14,Angel Gabriel,Morales,37017626,angel gabriel.morales@gmail.com,+54 15 2475 5073,DEV-101,Algoritmos I,8,Aprobado
2025-07-14,Benjamin,Martinez,35598065,benjamin.martinez@gmail.com,+54 9 3851 8295,DEV-101,Algoritmos I,1,Desaprobado
2025-07-14,Ignacio,Herrera,35809204,ignacio.herrera@gmail.com,+54 15 2197 8926,DAT-305,Big Data & Cloud,7,Aprobado
2025-07-14,Juan Martin,Rodriguez,45647473,juan martin.rodriguez25@outlook.com,+54 15 2971 9077,DAT-201,Estadística Avanzada,9,Aprobado
2025-07-14,Santino,Acosta,32935035,santino.acosta@gmail.com,+54 9 3106 9475,GEN-101,Ética y Tecnología,2,Desaprobado
2025-07-14,Paloma,Vazquez,36200569,paloma.vazquez@gmail.com,+54 9 3381 2923,NEG-400,Liderazgo y Negociación,10,Aprobado
2025-07-14,Clara,Muñoz,32108581,clara.muñoz@gmail.com,+54 15 2753 2952,MKT-200,Marketing de Contenidos,8,Aprobado
2025-07-15,Juan Pablo,Sanchez,44786123,juan pablo.sanchez25@outlook.com,+54 9 3589 8719,DEV-101,Algoritmos I,2,Desaprobado
2025-07-15,Lara,Fernandez,47993064,lara.fernandez25@outlook.com,+54 9 3584 5179,NEG-400,Liderazgo y Negociación,4,Aprobado
2025-07-15,Delfina,Alvarez,44988509,delfina.alvarez25@outlook.com,+54 9 3816 7473,NEG-400,Liderazgo y Negociación,6,Aprobado
2025-07-15,Juana,Torres,38340878,juana.torres@gmail.com,+54 15 2298 8036,NEG-400,Liderazgo y Negociación,7,Aprobado
2025-07-15,Renata,Cruz,38002503,renata.cruz@gmail.com,+54 15 2623 2405,DAT-201,Estadística Avanzada,6,Aprobado
2025-07-15,Ramiro,Bustos,43662150,ramiro.bustos25@outlook.com,+54 15 2594 6952,GEN-101,Ética y Tecnología,6,Aprobado
2025-07-15,Emilia,Luna,44115909,emilia.luna25@outlook.com,+54 9 3527 9657,UX-100,Diseño de Experiencia de Usuario,2,Desaprobado
2025-07-15,Alma Valentina,Rojas,44224033,alma valentina.rojas25@outlook.com,+54 9 3918 6431,UX-100,Diseño de Experiencia de Usuario,1,Desaprobado
2025-07-15,Sofia,Rodriguez,38648189,sofia.rodriguez@gmail.com,+54 9 3653 2883,DAT-201,Estadística Avanzada,2,Desaprobado
2025-07-15,Sofia,Lopez,43008590,sofia.lopez25@outlook.com,+54 15 2796 4023,DAT-101,Introducción a los Datos,1,Desaprobado
2025-07-15,Felipe,Chavez,33698941,felipe.chavez@gmail.com,+54 9 3977 9173,IA-400,Deep Learning Aplicado,5,Aprobado
2025-07-15,Lautaro,Diaz,31908414,lautaro.diaz@gmail.com,+54 15 2776 4121,NEG-400,Liderazgo y Negociación,8,Aprobado
2025-07-15,Emma,Vega,37572605,emma.vega@gmail.com,+54 9 3730 3864,IA-300,Redes Neuronales,6,Aprobado
2025-07-15,Francesca,Fernandez,46069202,francesca.fernandez25@outlook.com,+54 9 3807 8753,MKT-200,Marketing de Contenidos,7,Aprobado
2025-07-15,Mateo Joaquin,Godoy,31848115,mateo joaquin.godoy@gmail.com,+54 15 2405 3759,IA-400,Deep Learning Aplicado,7,Aprobado
2025-07-15,Victoria,Martinez,32166416,victoria.martinez@gmail.com,+54 15 2837 3508,IA-400,Deep Learning Aplicado,10,Aprobado
2025-07-15,Santiago,Villalba,32330822,santiago.villalba@gmail.com,+54 9 3285 3364,DAT-101,Introducción a los Datos,8,Aprobado
2025-07-15,Francisco,Aguirre,45186536,francisco.aguirre25@outlook.com,+54 9 3696 3421,DAT-101,Introducción a los Datos,2,Desaprobado
2025-07-16,Morena,Romero,30283834,morena.romero@gmail.com,+54 15 2878 8010,DAT-101,Introducción a los Datos,1,Desaprobado
2025-07-16,Faustino,Lopez,32101106,faustino.lopez@gmail.com,+54 15 2628 4268,IA-400,Deep Learning Aplicado,4,Aprobado
2025-07-16,Sofia,Lopez,43008590,sofia.lopez25@outlook.com,+54 15 2796 4023,DEV-101,Algoritmos I,3,Desaprobado
2025-07-16,Micaela,Rodriguez,43678310,micaela.rodriguez25@outlook.com,+54 9 3700 6729,DEV-101,Algoritmos I,1,Desaprobado
2025-07-16,Ignacio,Aguirre,33304657,ignacio.aguirre@gmail.com,+54 9 3425 7613,IA-400,Deep Learning Aplicado,10,Aprobado
2025-07-16,Manuel,Romero,33818954,manuel.romero@gmail.com,+54 9 3255 1342,DEV-101,Algoritmos I,1,Desaprobado
2025-07-16,Juan Martin,Ojeda,40902797,juan martin.ojeda@gmail.com,+54 9 3158 3361,DEV-101,Algoritmos I,9,Aprobado
2025-07-16,Juan Martin,Alvarez,44827801,juan martin.alvarez25@outlook.com,+54 15 2714 8261,IA-300,Redes Neuronales,8,Aprobado
2025-07-16,Santiago Benjamin,Alvarez,46256042,santiago benjamin.alvarez25@outlook.com,+54 9 3745 9012,MKT-200,Marketing de Contenidos,10,Aprobado
2025-07-16,Isabella,Nuñez,37460819,isabella.nuñez@gmail.com,+54 15 2516 6786,MKT-200,Marketing de Contenidos,7,Aprobado
2025-07-16,Mia,Rios,44111228,mia.rios25@outlook.com,+54 15 2412 3733,DEV-101,Algoritmos I,1,Desaprobado
2025-07-16,Candela,Luna,40989234,candela.luna@gmail.com,+54 15 2644 5274,NEG-400,Liderazgo y Negociación,3,Desaprobado
2025-07-16,Santino Agustin,Gomez,46155741,santino agustin.gomez25@outlook.com,+54 15 2190 9079,DAT-305,Big Data & Cloud,1,Desaprobado
2025-07-16,Benjamin,Garcia,47645473,benjamin.garcia25@outlook.com,+54 15 2482 7784,NEG-400,Liderazgo y Negociación,2,Desaprobado
2025-07-16,Uma,Castro,33714793,uma.castro@gmail.com,+54 15 2383 1242,UX-100,Diseño de Experiencia de Usuario,4,Aprobado
2025-07-16,Renata,Cruz,38002503,renata.cruz@gmail.com,+54 15 2623 2405,DAT-305,Big Data & Cloud,2,Desaprobado
2025-07-16,Priscila,Gonzalez,32966903,priscila.gonzalez@gmail.com,+54 9 3910 5293,DEV-101,Algoritmos I,7,Aprobado
2025-07-16,Josefina,Sosa,36443537,josefina.sosa@gmail.com,+54 9 3295 3403,NEG-400,Liderazgo y Negociación,9,Aprobado
2025-07-17,Thiago Agustin,Suarez,37774603,thiago agustin.suarez@gmail.com,+54 15 2250 4670,DAT-201,Estadística Avanzada,8,Aprobado
2025-07-17,Priscila,Gonzalez,32966903,priscila.gonzalez@gmail.com,+54 9 3910 5293,NEG-400,Liderazgo y Negociación,1,Desaprobado
2025-07-17,Catalina,Molina,32435922,catalina.molina@gmail.com,+54 15 2987 8340,IA-400,Deep Learning Aplicado,4,Aprobado
2025-07-17,Nicolas,Coronel,45474619,nicolas.coronel25@outlook.com,+54 9 3111 0312,DAT-305,Big Data & Cloud,10,Aprobado
2025-07-17,Guadalupe,Luna,33143242,guadalupe.luna@gmail.com,+54 9 3766 6689,UX-100,Diseño de Experiencia de Usuario,7,Aprobado
2025-07-17,Renata,Valdez,40848361,renata.valdez@gmail.com,+54 9 3774 2281,IA-300,Redes Neuronales,8,Aprobado
2025-07-17,Delfina,Gimenez,40681899,delfina.gimenez@gmail.com,+54 15 2601 3423,MKT-200,Marketing de Contenidos,3,Desaprobado
2025-07-17,Constantino,Acosta,34057124,constantino.acosta@gmail.com,+54 9 3853 6227,MKT-200,Marketing de Contenidos,3,Desaprobado
2025-07-17,Luna,Rodriguez,46600954,luna.rodriguez25@outlook.com,+54 15 2247 1032,IA-300,Redes Neuronales,10,Aprobado
2025-07-17,Francisco,Rodriguez,32550613,francisco.rodriguez@gmail.com,+54 9 3844 9374,MKT-200,Marketing de Contenidos,8,Aprobado
2025-07-17,Zoe,Vera,30506698,zoe.vera@gmail.com,+54 9 3787 7001,DAT-101,Introducción a los Datos,6,Aprobado
2025-07-17,Victoria,Gutierrez,46218945,victoria.gutierrez25@outlook.com,+54 15 2198 3718,DAT-305,Big Data & Cloud,6,Aprobado
2025-07-17,Martina,Ledesma,31355414,martina.ledesma@gmail.com,+54 15 2859 7962,DAT-101,Introducción a los Datos,3,Desaprobado
2025-07-17,Maximiliano,Dominguez,46909132,maximiliano.dominguez25@outlook.com,+54 15 2754 8219,DAT-101,Introducción a los Datos,4,Aprobado
2025-07-17,Bianca,Martinez,32911130,bianca.martinez@gmail.com,+54 15 2260 9700,IA-300,Redes Neuronales,8,Aprobado
2025-07-17,Paloma,Diaz,38500035,paloma.diaz@gmail.com,+54 15 2974 3058,IA-400,Deep Learning Aplicado,4,Aprobado
2025-07-17,Mateo Joaquin,Olivera,30923193,mateo joaquin.olivera@gmail.com,+54 15 2481 0044,IA-300,Redes Neuronales,2,Desaprobado
2025-07-17,Mia Valentina,Gomez,37171122,mia valentina.gomez@gmail.com,+54 15 2597 7948,MKT-200,Marketing de Contenidos,4,Aprobado
2025-07-17,Julia,Romero,46270211,julia.romero25@outlook.com,+54 9 3300 1505,NEG-400,Liderazgo y Negociación,7,Aprobado
2025-07-17,Joaquin,Aguirre,45024595,joaquin.aguirre25@outlook.com,+54 15 2117 6640,IA-400,Deep Learning Aplicado,7,Aprobado
2025-07-17,Ignacio,Ruiz,34355144,ignacio.ruiz@gmail.com,+54 15 2811 9307,UX-100,Diseño de Experiencia de Usuario,3,Desaprobado
2025-07-17,Zoe Valentina,Martinez,37090862,zoe valentina.martinez@gmail.com,+54 9 3331 0799,DEV-101,Algoritmos I,7,Aprobado
2025-07-17,Delfina,Paz,32329071,delfina.paz@gmail.com,+54 9 3502 4461,MKT-200,Marketing de Contenidos,9,Aprobado
2025-07-17,Pedro,Ferreyra,41273545,pedro.ferreyra@gmail.com,+54 15 2430 2797,DAT-305,Big Data & Cloud,2,Desaprobado
2025-07-17,Zoe,Perez,33397920,zoe.perez@gmail.com,+54 15 2971 5023,IA-400,Deep Learning Aplicado,4,Aprobado
2025-07-18,Dante,Castillo,44407218,dante.castillo25@outlook.com,+54 9 3640 3279,IA-400,Deep Learning Aplicado,7,Aprobado
2025-07-18,Facundo,Figueroa,34832335,facundo.figueroa@gmail.com,+54 9 3982 9731,IA-400,Deep Learning Aplicado,2,Desaprobado
2025-07-18,Juan Martin,Silva,47162613,juan martin.silva25@outlook.com,+54 15 2873 0424,NEG-400,Liderazgo y Negociación,7,Aprobado
2025-07-18,Milagros,Cabrera,34299183,milagros.cabrera@gmail.com,+54 15 2306 1286,DAT-101,Introducción a los Datos,6,Aprobado
2025-07-18,Tobias,Castillo,35608376,tobias.castillo@gmail.com,+54 15 2609 1713,NEG-400,Liderazgo y Negociación,7,Aprobado
2025-07-18,Giuliana,Ledesma,45011218,giuliana.ledesma25@outlook.com,+54 9 3191 1011,DAT-305,Big Data & Cloud,7,Aprobado
2025-07-18,Sofia,Gimenez,32119317,sofia.gimenez@gmail.com,+54 15 2389 3033,DAT-101,Introducción a los Datos,4,Aprobado
2025-07-18,Juan Pablo,Avila,46997300,juan pablo.avila25@outlook.com,+54 9 3613 9929,DEV-101,Algoritmos I,10,Aprobado
2025-07-18,Renata,Benitez,44754301,renata.benitez25@outlook.com,+54 9 3242 9792,MKT-200,Marketing de Contenidos,3,Desaprobado
2025-07-18,Alma,Gonzalez,34151433,alma.gonzalez@gmail.com,+54 15 2235 2468,NEG-400,Liderazgo y Negociación,3,Desaprobado
2025-07-18,Clara,Medina,30483176,clara.medina@gmail.com,+54 9 3844 5967,IA-400,Deep Learning Aplicado,9,Aprobado
2025-07-18,Francisca,Benitez,46894068,francisca.benitez25@outlook.com,+54 15 2130 9611,DAT-101,Introducción a los Datos,6,Aprobado
2025-07-18,Tomàs,Gonzalez,40998609,tomàs.gonzalez@gmail.com,+54 9 3448 1992,DAT-101,Introducción a los Datos,8,Aprobado
2025-07-18,Victoria,Barrios,43249808,victoria.barrios25@outlook.com,+54 9 3497 6531,GEN-101,Ética y Tecnología,10,Aprobado
2025-07-18,Paulina,Godoy,39831826,paulina.godoy@gmail.com,+54 9 3306 7182,IA-400,Deep Learning Aplicado,1,Desaprobado
2025-07-18,Salvador,Ramos,41907942,salvador.ramos@gmail.com,+54 9 3774 3820,IA-300,Redes Neuronales,8,Aprobado
2025-07-18,Sol,Gomez,31067946,sol.gomez@gmail.com,+54 9 3980 0115,UX-100,Diseño de Experiencia de Usuario,9,Aprobado
2025-07-18,Renata,Rivero,35720054,renata.rivero@gmail.com,+54 15 2292 8880,DAT-305,Big Data & Cloud,6,Aprobado
2025-07-18,Zoe Valentina,Molina,35310111,zoe valentina.molina@gmail.com,+54 9 3792 5384,IA-400,Deep Learning Aplicado,4,Aprobado
2025-07-18,Lola,Sanchez,43751737,lola.sanchez25@outlook.com,+54 15 2979 0300,DAT-305,Big Data & Cloud,7,Aprobado
2025-07-18,Mia Valentina,Gomez,37171122,mia valentina.gomez@gmail.com,+54 15 2597 7948,MKT-200,Marketing de Contenidos,10,Aprobado
2025-07-19,Facundo,Vega,43473683,facundo.vega25@outlook.com,+54 9 3719 6444,MKT-200,Marketing de Contenidos,4,Aprobado
2025-07-19,Morena Jazmin,Gomez,39820530,morena jazmin.gomez@gmail.com,+54 15 2599 8329,IA-400,Deep Learning Aplicado,5,Aprobado
2025-07-19,Jazmin,Cordoba,32976983,jazmin.cordoba@gmail.com,+54 15 2289 4607,UX-100,Diseño de Experiencia de Usuario,8,Aprobado
2025-07-19,Felipe,Fernandez,40235116,felipe.fernandez@gmail.com,+54 9 3491 3591,IA-300,Redes Neuronales,6,Aprobado
2025-07-19,Salvador,Ramos,41907942,salvador.ramos@gmail.com,+54 9 3774 3820,MKT-200,Marketing de Contenidos,1,Desaprobado
2025-07-19,Lautaro Nahuel,Martinez,34850967,lautaro nahuel.martinez@gmail.com,+54 9 3304 8482,DAT-201,Estadística Avanzada,7,Aprobado
2025-07-19,Pedro,Ferreyra,41273545,pedro.ferreyra@gmail.com,+54 15 2430 2797,DAT-201,Estadística Avanzada,1,Desaprobado
2025-07-19,Sofia,Castro,39416795,sofia.castro@gmail.com,+54 15 2163 2423,UX-100,Diseño de Experiencia de Usuario,4,Aprobado
2025-07-19,Alma,Figueroa,41830154,alma.figueroa@gmail.com,+54 15 2259 8678,DAT-101,Introducción a los Datos,2,Desaprobado
2025-07-19,Gino,Ruiz,32034364,gino.ruiz@gmail.com,+54 15 2534 9591,MKT-200,Marketing de Contenidos,7,Aprobado
2025-07-19,Alma,Lopez,46833655,alma.lopez25@outlook.com,+54 9 3581 7858,MKT-200,Marketing de Contenidos,6,Aprobado
2025-07-19,Malena,Torres,31662806,malena.torres@gmail.com,+54 15 2176 1827,DAT-201,Estadística Avanzada,2,Desaprobado
2025-07-19,Valentino,Paz,32604998,valentino.paz@gmail.com,+54 15 2165 0154,DEV-101,Algoritmos I,6,Aprobado
2025-07-19,Tiziano,Sanchez,33948364,tiziano.sanchez@gmail.com,+54 9 3763 2861,DAT-201,Estadística Avanzada,4,Aprobado
2025-07-19,Luz Milagros,Soto,39557640,luz milagros.soto@gmail.com,+54 15 2925 4098,NEG-400,Liderazgo y Negociación,9,Aprobado
2025-07-19,Martina,Ojeda,34814097,martina.ojeda@gmail.com,+54 15 2326 9248,IA-400,Deep Learning Aplicado,5,Aprobado
2025-07-20,Catalina,Sosa,35951430,catalina.sosa@gmail.com,+54 9 3274 5282,DAT-201,Estadística Avanzada,6,Aprobado
2025-07-20,Luciano,Gonzalez,46170762,luciano.gonzalez25@outlook.com,+54 15 2284 2891,MKT-200,Marketing de Contenidos,7,Aprobado
2025-07-20,Julieta,Alvarez,32459600,julieta.alvarez@gmail.com,+54 9 3170 3456,DAT-305,Big Data & Cloud,10,Aprobado
2025-07-20,Josefina,Duarte,39214817,josefina.duarte@gmail.com,+54 9 3376 4118,IA-300,Redes Neuronales,3,Desaprobado
2025-07-20,Isabella,Sanchez,46026190,isabella.sanchez25@outlook.com,+54 9 3250 2466,DEV-101,Algoritmos I,10,Aprobado
2025-07-20,Guadalupe,Garcia,32664172,guadalupe.garcia@gmail.com,+54 15 2806 1915,DAT-101,Introducción a los Datos,1,Desaprobado
2025-07-20,Nicolas,Pereyra,36701529,nicolas.pereyra@gmail.com,+54 15 2753 1008,MKT-200,Marketing de Contenidos,7,Aprobado
2025-07-20,Tiziano,Sanchez,33948364,tiziano.sanchez@gmail.com,+54 9 3763 2861,DEV-101,Algoritmos I,5,Aprobado
2025-07-20,Sofia,Lopez,43008590,sofia.lopez25@outlook.com,+54 15 2796 4023,IA-300,Redes Neuronales,4,Aprobado
2025-07-20,Salvador,Fernandez,43254348,salvador.fernandez25@outlook.com,+54 9 3626 8718,DAT-201,Estadística Avanzada,10,Aprobado
2025-07-20,Joaquina,Coronel,38869750,joaquina.coronel@gmail.com,+54 9 3954 2767,NEG-400,Liderazgo y Negociación,2,Desaprobado
2025-07-20,Sofía,Valdez,35821025,sofía.valdez@gmail.com,+54 9 3396 6346,IA-400,Deep Learning Aplicado,4,Aprobado
2025-07-20,Franco,Mendez,31173022,franco.mendez@gmail.com,+54 9 3226 1478,DAT-305,Big Data & Cloud,8,Aprobado
2025-07-20,Julieta,Martinez,44858776,julieta.martinez25@outlook.com,+54 15 2762 9518,DAT-201,Estadística Avanzada,8,Aprobado
2025-07-20,Ambar,Gonzalez,36003291,ambar.gonzalez@gmail.com,+54 15 2573 9740,DAT-305,Big Data & Cloud,8,Aprobado
2025-07-20,Valentino,Torres,31486885,valentino.torres@gmail.com,+54 9 3638 2030,NEG-400,Liderazgo y Negociación,4,Aprobado
2025-07-20,Juan,Ramirez,33984071,juan.ramirez@gmail.com,+54 15 2725 9320,DAT-101,Introducción a los Datos,6,Aprobado
2025-07-20,Valentina,Gonzalez,45482430,valentina.gonzalez25@outlook.com,+54 9 3479 4266,IA-400,Deep Learning Aplicado,1,Desaprobado
2025-07-20,Ciro,Vera,37874267,ciro.vera@gmail.com,+54 15 2120 0554,IA-400,Deep Learning Aplicado,9,Aprobado
2025-07-20,Santiago,Villalba,32330822,santiago.villalba@gmail.com,+54 9 3285 3364,DAT-101,Introducción a los Datos,4,Aprobado
2025-07-20,Sofía,Barrios,33641153,sofía.barrios@gmail.com,+54 15 2274 4875,GEN-101,Ética y Tecnología,6,Aprobado
2025-07-20,Thiago Valentin,Fernandez,44049715,thiago valentin.fernandez25@outlook.com,+54 15 2608 7431,GEN-101,Ética y Tecnología,4,Aprobado
2025-07-21,Juana,Torres,38340878,juana.torres@gmail.com,+54 15 2298 8036,DAT-201,Estadística Avanzada,2,Desaprobado
2025-07-21,Delfina,Fernandez,32098690,delfina.fernandez@gmail.com,+54 9 3395 3178,IA-300,Redes Neuronales,5,Aprobado
2025-07-21,Felipe,Ledesma,33800391,felipe.ledesma@gmail.com,+54 9 3704 9628,MKT-200,Marketing de Contenidos,5,Aprobado
2025-07-21,Paula,Ledesma,44651662,paula.ledesma25@outlook.com,+54 9 3286 2293,NEG-400,Liderazgo y Negociación,4,Aprobado
2025-07-21,Felipe,Chavez,33698941,felipe.chavez@gmail.com,+54 9 3977 9173,DAT-201,Estadística Avanzada,1,Desaprobado
2025-07-21,Mia,Gimenez,44490644,mia.gimenez25@outlook.com,+54 9 3250 3782,UX-100,Diseño de Experiencia de Usuario,7,Aprobado
2025-07-21,Jeronimo,Romero,37151523,jeronimo.romero@gmail.com,+54 15 2900 3200,UX-100,Diseño de Experiencia de Usuario,3,Desaprobado
2025-07-21,Abigail,Luna,30639152,abigail.luna@gmail.com,+54 15 2606 9413,IA-300,Redes Neuronales,8,Aprobado
2025-07-21,Juan Ignacio,Martinez,44340522,juan ignacio.martinez25@outlook.com,+54 9 3134 3852,DEV-101,Algoritmos I,5,Aprobado
2025-07-21,Juan Manuel,Mansilla,45645475,juan manuel.mansilla25@outlook.com,+54 9 3719 6949,GEN-101,Ética y Tecnología,2,Desaprobado
2025-07-21,Guadalupe,Cardozo,35926356,guadalupe.cardozo@gmail.com,+54 9 3550 8874,DEV-101,Algoritmos I,7,Aprobado
2025-07-21,Juan Ignacio,Lucero,40045468,juan ignacio.lucero@gmail.com,+54 15 2123 1979,IA-300,Redes Neuronales,8,Aprobado
2025-07-21,Dylan Ezequiel,Lopez,35983804,dylan ezequiel.lopez@gmail.com,+54 15 2173 8784,GEN-101,Ética y Tecnología,3,Desaprobado
2025-07-21,Olivia,Ramirez,45041476,olivia.ramirez25@outlook.com,+54 15 2567 1752,DAT-201,Estadística Avanzada,2,Desaprobado
2025-07-21,Faustino,Lopez,32101106,faustino.lopez@gmail.com,+54 15 2628 4268,DAT-305,Big Data & Cloud,7,Aprobado
2025-07-21,Martín,Fernandez,46385782,martín.fernandez25@outlook.com,+54 15 2751 8859,GEN-101,Ética y Tecnología,7,Aprobado
2025-07-21,Alma Mia,Rodriguez,44398280,alma mia.rodriguez25@outlook.com,+54 15 2887 4749,GEN-101,Ética y Tecnología,3,Desaprobado
2025-07-21,Benjamin,Miranda,35457839,benjamin.miranda@gmail.com,+54 9 3850 6543,DEV-101,Algoritmos I,5,Aprobado
2025-07-22,Benjamin,Ortiz,31445923,benjamin.ortiz@gmail.com,+54 9 3491 8793,DEV-101,Algoritmos I,2,Desaprobado
2025-07-22,Juan Martin,Olivera,40366603,juan martin.olivera@gmail.com,+54 15 2153 5577,GEN-101,Ética y Tecnología,5,Aprobado
2025-07-22,Martina,Cruz,40582609,martina.cruz@gmail.com,+54 15 2320 0008,UX-100,Diseño de Experiencia de Usuario,8,Aprobado
2025-07-22,Paulina,Godoy,39831826,paulina.godoy@gmail.com,+54 9 3306 7182,DAT-101,Introducción a los Datos,6,Aprobado
2025-07-22,Geronimo,Maldonado,40523492,geronimo.maldonado@gmail.com,+54 9 3946 9646,GEN-101,Ética y Tecnología,8,Aprobado
2025-07-22,Tiziana,Rios,39006974,tiziana.rios@gmail.com,+54 9 3692 4085,DAT-201,Estadística Avanzada,2,Desaprobado
2025-07-22,Alma,Martinez,32201924,alma.martinez@gmail.com,+54 15 2111 3316,IA-400,Deep Learning Aplicado,10,Aprobado
2025-07-22,Sol,Herrera,31324108,sol.herrera@gmail.com,+54 9 3553 6298,DEV-101,Algoritmos I,9,Aprobado
2025-07-22,Constanza,Avila,46649401,constanza.avila25@outlook.com,+54 9 3819 4368,DAT-305,Big Data & Cloud,7,Aprobado
2025-07-22,Ignacio,Castro,38315775,ignacio.castro@gmail.com,+54 15 2968 7243,UX-100,Diseño de Experiencia de Usuario,3,Desaprobado
2025-07-22,Lucía,Diaz,45488677,lucía.diaz25@outlook.com,+54 15 2301 7703,NEG-400,Liderazgo y Negociación,2,Desaprobado
2025-07-22,Martina,Moreno,35930527,martina.moreno@gmail.com,+54 15 2480 5090,IA-300,Redes Neuronales,6,Aprobado
2025-07-22,Pedro,Gonzalez,43098716,pedro.gonzalez25@outlook.com,+54 15 2604 8512,NEG-400,Liderazgo y Negociación,3,Desaprobado
2025-07-22,Thiago Ezequiel,Herrera,39297755,thiago ezequiel.herrera@gmail.com,+54 15 2844 0577,IA-400,Deep Learning Aplicado,2,Desaprobado
2025-07-22,Juan Ignacio,Gomez,38531146,juan ignacio.gomez@gmail.com,+54 15 2703 5360,IA-400,Deep Learning Aplicado,3,Desaprobado
2025-07-22,Juana,Benitez,40039504,juana.benitez@gmail.com,+54 15 2577 6493,IA-300,Redes Neuronales,6,Aprobado
2025-07-22,Pedro,Alvarez,45002798,pedro.alvarez25@outlook.com,+54 15 2230 9622,IA-400,Deep Learning Aplicado,5,Aprobado
2025-07-22,Paloma,Aguirre,37659718,paloma.aguirre@gmail.com,+54 15 2626 3682,UX-100,Diseño de Experiencia de Usuario,7,Aprobado
2025-07-22,Alma,Sanchez,34316765,alma.sanchez@gmail.com,+54 15 2426 3934,IA-300,Redes Neuronales,4,Aprobado
2025-07-22,Martina,Ponce,47122979,martina.ponce25@outlook.com,+54 9 3940 4991,UX-100,Diseño de Experiencia de Usuario,7,Aprobado
2025-07-22,Renata,Fernandez,39047069,renata.fernandez@gmail.com,+54 15 2421 5023,DEV-101,Algoritmos I,10,Aprobado
2025-07-22,Sofia,Rodriguez,38648189,sofia.rodriguez@gmail.com,+54 9 3653 2883,MKT-200,Marketing de Contenidos,1,Desaprobado
2025-07-22,Pedro,Miranda,40437937,pedro.miranda@gmail.com,+54 15 2869 9217,MKT-200,Marketing de Contenidos,8,Aprobado
2025-07-22,Santiago,Caceres,47775711,santiago.caceres25@outlook.com,+54 15 2450 9084,GEN-101,Ética y Tecnología,4,Aprobado
2025-07-22,Benjamin,Rodriguez,44445238,benjamin.rodriguez25@outlook.com,+54 9 3308 8552,DAT-201,Estadística Avanzada,8,Aprobado
2025-07-22,Lautaro Nicolas,Cardozo,40719473,lautaro nicolas.cardozo@gmail.com,+54 15 2260 4347,IA-300,Redes Neuronales,7,Aprobado
2025-07-23,Francisco,Garcia,30205757,francisco.garcia@gmail.com,+54 9 3175 2323,GEN-101,Ética y Tecnología,9,Aprobado
2025-07-23,Maria Victoria,Gimenez,41084438,maria victoria.gimenez@gmail.com,+54 9 3854 1182,IA-400,Deep Learning Aplicado,9,Aprobado
2025-07-23,Mateo,Mansilla,32839194,mateo.mansilla@gmail.com,+54 9 3965 8085,IA-300,Redes Neuronales,9,Aprobado
2025-07-23,Abigail,Luna,30639152,abigail.luna@gmail.com,+54 15 2606 9413,GEN-101,Ética y Tecnología,8,Aprobado
2025-07-23,Lucio,Soto,40661993,lucio.soto@gmail.com,+54 9 3942 8997,UX-100,Diseño de Experiencia de Usuario,8,Aprobado
2025-07-23,Thiago Ezequiel,Flores,47915465,thiago ezequiel.flores25@outlook.com,+54 9 3495 5766,IA-400,Deep Learning Aplicado,10,Aprobado
2025-07-23,Lautaro,Rios,32170253,lautaro.rios@gmail.com,+54 15 2536 0534,DEV-101,Algoritmos I,5,Aprobado
2025-07-23,Milena,Romero,46572742,milena.romero25@outlook.com,+54 9 3205 0052,DAT-305,Big Data & Cloud,4,Aprobado
2025-07-23,Santino,Herrera,34764302,santino.herrera@gmail.com,+54 15 2544 4531,GEN-101,Ética y Tecnología,6,Aprobado
2025-07-23,Julieta,Valdez,34219114,julieta.valdez@gmail.com,+54 15 2737 8680,GEN-101,Ética y Tecnología,10,Aprobado
2025-07-23,Abigail,Bravo,45225711,abigail.bravo25@outlook.com,+54 9 3623 4808,DAT-305,Big Data & Cloud,2,Desaprobado
2025-07-23,Benjamin,Rodriguez,37119833,benjamin.rodriguez@gmail.com,+54 9 3143 9690,IA-300,Redes Neuronales,8,Aprobado
2025-07-23,Joaquin,Mansilla,43721576,joaquin.mansilla25@outlook.com,+54 9 3211 2576,DAT-305,Big Data & Cloud,3,Desaprobado
2025-07-23,Uma,Martinez,43889224,uma.martinez25@outlook.com,+54 9 3161 3837,IA-400,Deep Learning Aplicado,10,Aprobado
2025-07-23,Valentina,Rodriguez,43059176,valentina.rodriguez25@outlook.com,+54 9 3560 5986,IA-400,Deep Learning Aplicado,2,Desaprobado
2025-07-24,Santiago,Ramos,39087618,santiago.ramos@gmail.com,+54 15 2802 9717,GEN-101,Ética y Tecnología,7,Aprobado
2025-07-24,Ambar,Gutierrez,37412229,ambar.gutierrez@gmail.com,+54 9 3508 8909,DAT-101,Introducción a los Datos,1,Desaprobado
2025-07-24,Maximo,Ruiz,44923903,maximo.ruiz25@outlook.com,+54 15 2267 5590,GEN-101,Ética y Tecnología,7,Aprobado
2025-07-24,Federico,Cordoba,33276302,federico.cordoba@gmail.com,+54 9 3661 7911,NEG-400,Liderazgo y Negociación,9,Aprobado
2025-07-24,Juan Manuel,Gonzalez,43037722,juan manuel.gonzalez25@outlook.com,+54 15 2320 0807,DEV-101,Algoritmos I,10,Aprobado
2025-07-24,Justina,Maldonado,34987487,justina.maldonado@gmail.com,+54 9 3535 1855,DEV-101,Algoritmos I,1,Desaprobado
2025-07-24,Juana,Ramirez,31559920,juana.ramirez@gmail.com,+54 9 3665 4505,NEG-400,Liderazgo y Negociación,9,Aprobado
2025-07-24,Maximo,Toledo,34883029,maximo.toledo@gmail.com,+54 9 3423 2266,IA-400,Deep Learning Aplicado,2,Desaprobado
2025-07-24,Ambar,Romero,38417833,ambar.romero@gmail.com,+54 9 3547 1543,MKT-200,Marketing de Contenidos,4,Aprobado
2025-07-24,Joaquin,Vera,31277192,joaquin.vera@gmail.com,+54 9 3395 7546,MKT-200,Marketing de Contenidos,10,Aprobado
2025-07-24,Sofia,Rodriguez,38648189,sofia.rodriguez@gmail.com,+54 9 3653 2883,MKT-200,Marketing de Contenidos,6,Aprobado
2025-07-24,Benjamin,Gomez,46411752,benjamin.gomez25@outlook.com,+54 15 2160 7932,MKT-200,Marketing de Contenidos,7,Aprobado
2025-07-24,Alma,Paz,35385278,alma.paz@gmail.com,+54 15 2320 7489,MKT-200,Marketing de Contenidos,1,Desaprobado
2025-07-24,Benjamin,Nuñez,34933614,benjamin.nuñez@gmail.com,+54 15 2237 6897,IA-300,Redes Neuronales,4,Aprobado
2025-07-24,Emma,Chavez,32817735,emma.chavez@gmail.com,+54 9 3212 1715,IA-400,Deep Learning Aplicado,10,Aprobado
2025-07-24,Joaquin,Ramos,46271176,joaquin.ramos25@outlook.com,+54 9 3899 8281,UX-100,Diseño de Experiencia de Usuario,6,Aprobado
2025-07-24,Mia,Gimenez,44490644,mia.gimenez25@outlook.com,+54 9 3250 3782,IA-300,Redes Neuronales,9,Aprobado
2025-07-25,Thiago Leonel,Chavez,37606348,thiago leonel.chavez@gmail.com,+54 15 2875 7301,DAT-201,Estadística Avanzada,5,Aprobado
2025-07-25,Guadalupe,Rodriguez,45820668,guadalupe.rodriguez25@outlook.com,+54 9 3584 6180,DEV-101,Algoritmos I,5,Aprobado
2025-07-25,Agustín,Hernandez,39335040,agustín.hernandez@gmail.com,+54 15 2669 5824,IA-400,Deep Learning Aplicado,3,Desaprobado
2025-07-25,Juan Bautista,Fernandez,36974458,juan bautista.fernandez@gmail.com,+54 15 2159 2603,UX-100,Diseño de Experiencia de Usuario,1,Desaprobado
2025-07-25,Delfina,Gimenez,40681899,delfina.gimenez@gmail.com,+54 15 2601 3423,UX-100,Diseño de Experiencia de Usuario,9,Aprobado
2025-07-25,Juan Manuel,Mansilla,45645475,juan manuel.mansilla25@outlook.com,+54 9 3719 6949,GEN-101,Ética y Tecnología,6,Aprobado
2025-07-25,Joaquín,Aguirre,40745106,joaquín.aguirre@gmail.com,+54 9 3442 0527,GEN-101,Ética y Tecnología,10,Aprobado
2025-07-25,Martin,Toledo,47416283,martin.toledo25@outlook.com,+54 15 2702 3459,DAT-101,Introducción a los Datos,1,Desaprobado
2025-07-25,Tomàs,Lopez,46210812,tomàs.lopez25@outlook.com,+54 9 3981 6909,DAT-101,Introducción a los Datos,4,Aprobado
2025-07-25,Tiziano Valentin,Caceres,38405437,tiziano valentin.caceres@gmail.com,+54 15 2451 0969,DAT-101,Introducción a los Datos,4,Aprobado
2025-07-25,Tomas,Medina,36863273,tomas.medina@gmail.com,+54 9 3856 7583,NEG-400,Liderazgo y Negociación,7,Aprobado
2025-07-26,Ana Paula,Rios,47764924,ana paula.rios25@outlook.com,+54 15 2323 5264,DEV-101,Algoritmos I,10,Aprobado
2025-07-26,Paloma,Molina,35284612,paloma.molina@gmail.com,+54 9 3761 4912,DEV-101,Algoritmos I,3,Desaprobado
2025-07-26,Martina,Ponce,47122979,martina.ponce25@outlook.com,+54 9 3940 4991,DEV-101,Algoritmos I,9,Aprobado
2025-07-26,Nahiara,Miranda,39473672,nahiara.miranda@gmail.com,+54 15 2698 1134,NEG-400,Liderazgo y Negociación,8,Aprobado
2025-07-26,Guadalupe,Luna,33143242,guadalupe.luna@gmail.com,+54 9 3766 6689,DAT-305,Big Data & Cloud,6,Aprobado
2025-07-26,Lautaro Ezequiel,Rodriguez,31015246,lautaro ezequiel.rodriguez@gmail.com,+54 15 2312 7513,DAT-201,Estadística Avanzada,10,Aprobado
2025-07-26,Santino,Lopez,39265874,santino.lopez@gmail.com,+54 9 3354 9405,IA-400,Deep Learning Aplicado,5,Aprobado
2025-07-26,Thiago Leonel,Lopez,44197978,thiago leonel.lopez25@outlook.com,+54 15 2665 4161,UX-100,Diseño de Experiencia de Usuario,3,Desaprobado
2025-07-26,Mateo,Barrios,46708439,mateo.barrios25@outlook.com,+54 15 2432 7834,IA-300,Redes Neuronales,10,Aprobado
2025-07-26,Joaquin,Fernandez,46647366,joaquin.fernandez25@outlook.com,+54 15 2647 1797,IA-400,Deep Learning Aplicado,9,Aprobado
2025-07-26,Felipe,Luna,46382860,felipe.luna25@outlook.com,+54 15 2795 1038,DEV-101,Algoritmos I,5,Aprobado
2025-07-26,Maria Emilia,Benitez,33697024,maria emilia.benitez@gmail.com,+54 9 3968 9826,GEN-101,Ética y Tecnología,6,Aprobado
2025-07-27,Gonzalo,Silva,30271801,gonzalo.silva@gmail.com,+54 9 3180 3146,DAT-201,Estadística Avanzada,10,Aprobado
2025-07-27,Alfonsina,Rivero,34288472,alfonsina.rivero@gmail.com,+54 15 2757 9385,NEG-400,Liderazgo y Negociación,6,Aprobado
2025-07-27,León,Garcia,46153310,león.garcia25@outlook.com,+54 15 2819 6740,DAT-201,Estadística Avanzada,4,Aprobado
2025-07-27,Ignacio,Miranda,31615043,ignacio.miranda@gmail.com,+54 15 2574 4777,DAT-201,Estadística Avanzada,9,Aprobado
2025-07-27,Valentino,Moreno,33191684,valentino.moreno@gmail.com,+54 9 3965 5837,IA-400,Deep Learning Aplicado,5,Aprobado
2025-07-27,Juana,Rios,32844429,juana.rios@gmail.com,+54 15 2482 5721,UX-100,Diseño de Experiencia de Usuario,8,Aprobado
2025-07-27,Julieta,Ramirez,45763623,julieta.ramirez25@outlook.com,+54 9 3271 8048,DEV-101,Algoritmos I,8,Aprobado
2025-07-27,Bruno,Castro,47983613,bruno.castro25@outlook.com,+54 15 2812 7578,IA-300,Redes Neuronales,7,Aprobado
2025-07-27,Tobias,Torres,31209670,tobias.torres@gmail.com,+54 15 2361 7501,MKT-200,Marketing de Contenidos,6,Aprobado
2025-07-27,Renata,Rodriguez,36331097,renata.rodriguez@gmail.com,+54 9 3260 1158,DAT-101,Introducción a los Datos,2,Desaprobado
2025-07-27,Gael,Rivero,38292751,gael.rivero@gmail.com,+54 15 2905 3775,DAT-305,Big Data & Cloud,9,Aprobado
2025-07-27,Julieta,Quiroga,38964128,julieta.quiroga@gmail.com,+54 15 2997 1411,IA-400,Deep Learning Aplicado,3,Desaprobado
2025-07-27,Juan Bautista,Ortiz,40762250,juan bautista.ortiz@gmail.com,+54 9 3982 9587,IA-400,Deep Learning Aplicado,3,Desaprobado
2025-07-27,Santiago Benjamin,Rodriguez,41416545,santiago benjamin.rodriguez@gmail.com,+54 15 2495 9418,IA-300,Redes Neuronales,1,Desaprobado
2025-07-27,Catalina,Gonzalez,38818793,catalina.gonzalez@gmail.com,+54 9 3465 4130,UX-100,Diseño de Experiencia de Usuario,9,Aprobado
2025-07-27,Alfonsina,Ramos,39733145,alfonsina.ramos@gmail.com,+54 15 2392 8879,DAT-305,Big Data & Cloud,9,Aprobado
2025-07-28,Thiago Gabriel,Fernandez,34729179,thiago gabriel.fernandez@gmail.com,+54 9 3770 9681,IA-400,Deep Learning Aplicado,5,Aprobado
2025-07-28,Joaquin,Herrera,40287807,joaquin.herrera@gmail.com,+54 15 2323 1233,MKT-200,Marketing de Contenidos,3,Desaprobado
2025-07-28,Salvador,Correa,34577564,salvador.correa@gmail.com,+54 15 2524 2874,UX-100,Diseño de Experiencia de Usuario,10,Aprobado
2025-07-28,Gael,Martinez,47700089,gael.martinez25@outlook.com,+54 9 3988 0239,MKT-200,Marketing de Contenidos,5,Aprobado
2025-07-28,Luna,Mendoza,40451762,luna.mendoza@gmail.com,+54 15 2186 7469,IA-300,Redes Neuronales,5,Aprobado
2025-07-28,Valentino,Diaz,40305444,valentino.diaz@gmail.com,+54 9 3909 7225,NEG-400,Liderazgo y Negociación,5,Aprobado
2025-07-28,Luz Milagros,Acuña,36765559,luz milagros.acuña@gmail.com,+54 9 3343 1849,DAT-101,Introducción a los Datos,9,Aprobado
2025-07-28,Delfina,Garcia,44692963,delfina.garcia25@outlook.com,+54 9 3652 2166,DAT-101,Introducción a los Datos,8,Aprobado
2025-07-28,Bastian,Fernandez,33320861,bastian.fernandez@gmail.com,+54 9 3905 6663,DEV-101,Algoritmos I,5,Aprobado
2025-07-28,Ignacio,Farias,41204894,ignacio.farias@gmail.com,+54 9 3335 6297,MKT-200,Marketing de Contenidos,8,Aprobado
2025-07-28,Clara,Muñoz,32108581,clara.muñoz@gmail.com,+54 15 2753 2952,IA-300,Redes Neuronales,2,Desaprobado
2025-07-28,Maria Paz,Velazquez,30377321,maria paz.velazquez@gmail.com,+54 15 2953 8715,UX-100,Diseño de Experiencia de Usuario,10,Aprobado
2025-07-28,Pedro,Sosa,44173257,pedro.sosa25@outlook.com,+54 15 2933 1433,IA-300,Redes Neuronales,1,Desaprobado
2025-07-28,Luz Milagros,Paz,36156003,luz milagros.paz@gmail.com,+54 9 3142 1931,GEN-101,Ética y Tecnología,5,Aprobado
2025-07-28,Kiara,Nuñez,44454123,kiara.nuñez25@outlook.com,+54 9 3406 6420,IA-300,Redes Neuronales,3,Desaprobado
2025-07-29,Bruno,Cruz,46706919,bruno.cruz25@outlook.com,+54 15 2846 5923,IA-400,Deep Learning Aplicado,3,Desaprobado
2025-07-29,Lourdes,Correa,43690930,lourdes.correa25@outlook.com,+54 9 3569 7113,DAT-201,Estadística Avanzada,6,Aprobado
2025-07-29,Guillermina,Garcia,39159460,guillermina.garcia@gmail.com,+54 9 3820 3838,MKT-200,Marketing de Contenidos,1,Desaprobado
2025-07-29,Guadalupe,Suarez,44811354,guadalupe.suarez25@outlook.com,+54 15 2203 0506,IA-300,Redes Neuronales,1,Desaprobado
2025-07-29,Emilia,Sanchez,35629692,emilia.sanchez@gmail.com,+54 15 2299 9413,NEG-400,Liderazgo y Negociación,5,Aprobado
2025-07-29,Gonzalo,Moyano,30789190,gonzalo.moyano@gmail.com,+54 9 3825 1992,IA-400,Deep Learning Aplicado,5,Aprobado
2025-07-29,Ambar,Ledesma,46024126,ambar.ledesma25@outlook.com,+54 15 2968 7519,NEG-400,Liderazgo y Negociación,7,Aprobado
2025-07-29,Malena,Diaz,44241859,malena.diaz25@outlook.com,+54 9 3988 7159,NEG-400,Liderazgo y Negociación,6,Aprobado
2025-07-29,Bastian,Barrios,44442488,bastian.barrios25@outlook.com,+54 15 2852 6514,NEG-400,Liderazgo y Negociación,6,Aprobado
2025-07-29,Malena,Torres,31662806,malena.torres@gmail.com,+54 15 2176 1827,IA-400,Deep Learning Aplicado,10,Aprobado
2025-07-29,Ignacio,Martinez,46564562,ignacio.martinez25@outlook.com,+54 15 2866 3121,IA-300,Redes Neuronales,2,Desaprobado
2025-07-29,Thiago Ezequiel,Herrera,39297755,thiago ezequiel.herrera@gmail.com,+54 15 2844 0577,GEN-101,Ética y Tecnología,4,Aprobado
2025-07-29,Alma,Vega,43471496,alma.vega25@outlook.com,+54 15 2352 5627,NEG-400,Liderazgo y Negociación,1,Desaprobado
2025-07-29,Juan Ignacio,Godoy,45259638,juan ignacio.godoy25@outlook.com,+54 9 3765 6971,IA-300,Redes Neuronales,4,Aprobado
2025-07-29,Lucia,Silva,45444903,lucia.silva25@outlook.com,+54 9 3480 5318,MKT-200,Marketing de Contenidos,3,Desaprobado
2025-07-29,Constantino,Acosta,34057124,constantino.acosta@gmail.com,+54 9 3853 6227,IA-300,Redes Neuronales,1,Desaprobado
2025-07-30,Mateo Joaquin,Diaz,40756585,mateo joaquin.diaz@gmail.com,+54 15 2848 6512,NEG-400,Liderazgo y Negociación,9,Aprobado
2025-07-30,Lautaro Benjamin,Gomez,44724307,lautaro benjamin.gomez25@outlook.com,+54 15 2212 5434,IA-300,Redes Neuronales,4,Aprobado
2025-07-30,Luciano,Escobar,36219416,luciano.escobar@gmail.com,+54 9 3612 0056,DAT-101,Introducción a los Datos,2,Desaprobado
2025-07-30,Franco,Miranda,31185628,franco.miranda@gmail.com,+54 15 2123 3316,MKT-200,Marketing de Contenidos,8,Aprobado
2025-07-30,Nahuel,Ramirez,38780853,nahuel.ramirez@gmail.com,+54 15 2737 9559,MKT-200,Marketing de Contenidos,7,Aprobado
2025-07-30,Lucía ,Blanco,46828583,lucía .blanco25@outlook.com,+54 9 3174 5167,IA-300,Redes Neuronales,5,Aprobado
2025-07-30,Maria Paz,Velazquez,30377321,maria paz.velazquez@gmail.com,+54 15 2953 8715,UX-100,Diseño de Experiencia de Usuario,6,Aprobado
2025-07-30,Rosario,Peralta,37335497,rosario.peralta@gmail.com,+54 15 2481 8075,MKT-200,Marketing de Contenidos,1,Desaprobado
2025-07-30,Alma,Figueroa,41830154,alma.figueroa@gmail.com,+54 15 2259 8678,DEV-101,Algoritmos I,2,Desaprobado
2025-07-30,Martina,Castro,41904080,martina.castro@gmail.com,+54 15 2431 2243,DAT-101,Introducción a los Datos,7,Aprobado
2025-07-30,Milagros,Maidana,34089245,milagros.maidana@gmail.com,+54 15 2315 0648,DAT-305,Big Data & Cloud,9,Aprobado
2025-07-30,Camila,Olivera,38089426,camila.olivera@gmail.com,+54 15 2343 5969,DAT-201,Estadística Avanzada,6,Aprobado
2025-07-30,Thiago Benjamin,Castillo,37799625,thiago benjamin.castillo@gmail.com,+54 15 2976 0796,DAT-201,Estadística Avanzada,3,Desaprobado
2025-07-30,Lautaro Ezequiel,Rodriguez,31015246,lautaro ezequiel.rodriguez@gmail.com,+54 15 2312 7513,DAT-201,Estadística Avanzada,4,Aprobado
2025-07-30,Isabella,Rojas,45311516,isabella.rojas25@outlook.com,+54 15 2924 3437,IA-300,Redes Neuronales,9,Aprobado
2025-07-30,Luz Milagros,Paz,36156003,luz milagros.paz@gmail.com,+54 9 3142 1931,MKT-200,Marketing de Contenidos,9,Aprobado
2025-07-30,Maria Paz,Rodriguez,36235580,maria paz.rodriguez@gmail.com,+54 9 3674 8872,DAT-305,Big Data & Cloud,5,Aprobado
2025-07-30,Francesca,Gonzalez,36570791,francesca.gonzalez@gmail.com,+54 9 3356 4933,DAT-101,Introducción a los Datos,2,Desaprobado
2025-07-30,Santino,Romero,37515292,santino.romero@gmail.com,+54 9 3166 8844,IA-400,Deep Learning Aplicado,2,Desaprobado
2025-07-30,Pilar,Gonzalez,33518284,pilar.gonzalez@gmail.com,+54 9 3439 1905,MKT-200,Marketing de Contenidos,9,Aprobado
2025-07-30,Francesco,Ramirez,37885100,francesco.ramirez@gmail.com,+54 9 3521 7163,DAT-101,Introducción a los Datos,2,Desaprobado
2025-07-30,Thiago Agustin,Gonzalez,33831924,thiago agustin.gonzalez@gmail.com,+54 9 3844 4805,UX-100,Diseño de Experiencia de Usuario,9,Aprobado
2025-07-30,Nahiara,Silva,30173121,nahiara.silva@gmail.com,+54 15 2523 3685,DAT-201,Estadística Avanzada,7,Aprobado
2025-07-30,Benicio,Garcia,46920666,benicio.garcia25@outlook.com,+54 9 3620 6998,DAT-101,Introducción a los Datos,6,Aprobado
2025-07-31,Joaquin,Pereyra,38714246,joaquin.pereyra@gmail.com,+54 9 3239 6010,UX-100,Diseño de Experiencia de Usuario,9,Aprobado
2025-07-31,Pedro,Cordoba,47367569,pedro.cordoba25@outlook.com,+54 9 3182 8480,DEV-101,Algoritmos I,5,Aprobado
2025-07-31,Guillermina,Ruiz,32130223,guillermina.ruiz@gmail.com,+54 15 2589 7617,IA-300,Redes Neuronales,6,Aprobado
2025-07-31,Benicio,Garcia,46920666,benicio.garcia25@outlook.com,+54 9 3620 6998,IA-300,Redes Neuronales,3,Desaprobado
2025-07-31,Oriana,Ortiz,36907961,oriana.ortiz@gmail.com,+54 9 3642 0757,IA-300,Redes Neuronales,4,Aprobado
2025-07-31,Francisco,Nuñez,31221561,francisco.nuñez@gmail.com,+54 15 2303 8793,DAT-305,Big Data & Cloud,10,Aprobado
2025-07-31,Lara,Fernandez,47993064,lara.fernandez25@outlook.com,+54 9 3584 5179,UX-100,Diseño de Experiencia de Usuario,8,Aprobado
2025-07-31,Isabella,Nuñez,37460819,isabella.nuñez@gmail.com,+54 15 2516 6786,MKT-200,Marketing de Contenidos,4,Aprobado
2025-07-31,Tomas,Ruiz,46060979,tomas.ruiz25@outlook.com,+54 15 2517 4790,DAT-101,Introducción a los Datos,4,Aprobado
2025-07-31,Zoe,Perez,33397920,zoe.perez@gmail.com,+54 15 2971 5023,GEN-101,Ética y Tecnología,7,Aprobado
2025-07-31,Jazmín,Mendez,30839312,jazmín.mendez@gmail.com,+54 9 3493 4706,MKT-200,Marketing de Contenidos,10,Aprobado
2025-07-31,Miguel Angel,Lucero,45890411,miguel angel.lucero25@outlook.com,+54 15 2766 2715,DEV-101,Algoritmos I,5,Aprobado
2025-07-31,Dylan Benjamin,Maidana,47247100,dylan benjamin.maidana25@outlook.com,+54 15 2688 2455,DAT-305,Big Data & Cloud,3,Desaprobado
2025-07-31,Josefina,Avila,37091816,josefina.avila@gmail.com,+54 9 3271 7601,NEG-400,Liderazgo y Negociación,5,Aprobado
2025-07-31,Genaro,Gomez,46541120,genaro.gomez25@outlook.com,+54 9 3992 3890,UX-100,Diseño de Experiencia de Usuario,3,Desaprobado
2025-08-01,Juan Martin,Farias,30344498,juan martin.farias@gmail.com,+54 9 3720 0021,DAT-101,Introducción a los Datos,1,Desaprobado
2025-08-01,Bautista,Perez,31467025,bautista.perez@gmail.com,+54 15 2490 6807,DAT-305,Big Data & Cloud,9,Aprobado
2025-08-01,Catalina,Gonzalez,31278420,catalina.gonzalez@gmail.com,+54 15 2852 0968,MKT-200,Marketing de Contenidos,3,Desaprobado
2025-08-01,Thiago Nahuel,Gimenez,44473224,thiago nahuel.gimenez25@outlook.com,+54 15 2722 0256,IA-300,Redes Neuronales,2,Desaprobado
2025-08-01,Franco,Figueroa,47199649,franco.figueroa25@outlook.com,+54 9 3535 1422,DAT-101,Introducción a los Datos,1,Desaprobado
2025-08-01,Jazmin,Martinez,33742338,jazmin.martinez@gmail.com,+54 9 3250 5960,NEG-400,Liderazgo y Negociación,7,Aprobado
2025-08-01,Lucio,Acosta,47633067,lucio.acosta25@outlook.com,+54 9 3453 1982,UX-100,Diseño de Experiencia de Usuario,1,Desaprobado
2025-08-01,Delfina,Fernandez,32098690,delfina.fernandez@gmail.com,+54 9 3395 3178,DAT-101,Introducción a los Datos,2,Desaprobado
2025-08-01,Lorenzo,Olivera,31221480,lorenzo.olivera@gmail.com,+54 9 3530 8326,IA-300,Redes Neuronales,7,Aprobado
2025-08-01,Joaquín,Romero,46377357,joaquín.romero25@outlook.com,+54 15 2358 6508,NEG-400,Liderazgo y Negociación,9,Aprobado
2025-08-01,Thiago Agustin,Gonzalez,33831924,thiago agustin.gonzalez@gmail.com,+54 9 3844 4805,GEN-101,Ética y Tecnología,5,Aprobado
2025-08-01,Helena,Avila,39684156,helena.avila@gmail.com,+54 9 3312 5660,UX-100,Diseño de Experiencia de Usuario,3,Desaprobado
2025-08-01,Lautaro Benjamin,Paz,35218002,lautaro benjamin.paz@gmail.com,+54 15 2423 7428,IA-400,Deep Learning Aplicado,5,Aprobado
2025-08-01,Juan Ignacio,Godoy,45259638,juan ignacio.godoy25@outlook.com,+54 9 3765 6971,IA-400,Deep Learning Aplicado,7,Aprobado
2025-08-01,Santiago Benjamin,Rodriguez,41416545,santiago benjamin.rodriguez@gmail.com,+54 15 2495 9418,DAT-305,Big Data & Cloud,3,Desaprobado
2025-08-01,Julieta,Coronel,44025027,julieta.coronel25@outlook.com,+54 9 3966 2319,NEG-400,Liderazgo y Negociación,9,Aprobado
2025-08-01,Juana,Garcia,35199789,juana.garcia@gmail.com,+54 15 2910 1928,GEN-101,Ética y Tecnología,10,Aprobado
2025-08-02,Martina,Coronel,31864701,martina.coronel@gmail.com,+54 9 3131 6223,GEN-101,Ética y Tecnología,4,Aprobado
2025-08-02,Jazmin,Barrios,44911255,jazmin.barrios25@outlook.com,+54 9 3242 2607,UX-100,Diseño de Experiencia de Usuario,7,Aprobado
2025-08-02,Juan Bautista,Gomez,34148661,juan bautista.gomez@gmail.com,+54 15 2994 1501,DEV-101,Algoritmos I,8,Aprobado
2025-08-02,Benicio,Romero,35753821,benicio.romero@gmail.com,+54 9 3493 2690,NEG-400,Liderazgo y Negociación,5,Aprobado
2025-08-02,Ignacio,Herrera,35809204,ignacio.herrera@gmail.com,+54 15 2197 8926,DAT-201,Estadística Avanzada,3,Desaprobado
2025-08-02,Luna,Peralta,38452657,luna.peralta@gmail.com,+54 9 3304 4049,DEV-101,Algoritmos I,3,Desaprobado
2025-08-02,Julia,Rodriguez,44064200,julia.rodriguez25@outlook.com,+54 9 3294 0259,DAT-101,Introducción a los Datos,2,Desaprobado
2025-08-02,Francisca,Nuñez,38794221,francisca.nuñez@gmail.com,+54 15 2182 3647,IA-400,Deep Learning Aplicado,5,Aprobado
2025-08-02,Luciano,Escobar,36219416,luciano.escobar@gmail.com,+54 9 3612 0056,DAT-101,Introducción a los Datos,6,Aprobado
2025-08-02,Clara,Carrizo,47221206,clara.carrizo25@outlook.com,+54 15 2569 5576,MKT-200,Marketing de Contenidos,1,Desaprobado
2025-08-02,Isabella,Sanchez,46026190,isabella.sanchez25@outlook.com,+54 9 3250 2466,DAT-305,Big Data & Cloud,7,Aprobado
2025-08-02,Juan Pablo,Vega,33846409,juan pablo.vega@gmail.com,+54 9 3457 2670,DEV-101,Algoritmos I,4,Aprobado
2025-08-02,Valentino,Lopez,34661132,valentino.lopez@gmail.com,+54 15 2133 9476,DAT-201,Estadística Avanzada,5,Aprobado
2025-08-02,Mateo Benjamin,Gonzalez,34841664,mateo benjamin.gonzalez@gmail.com,+54 9 3530 7559,DEV-101,Algoritmos I,9,Aprobado
2025-08-02,Camila,Cabrera,44107875,camila.cabrera25@outlook.com,+54 15 2307 2733,DAT-305,Big Data & Cloud,2,Desaprobado
2025-08-03,Valentino,Gimenez,36092237,valentino.gimenez@gmail.com,+54 15 2622 8522,GEN-101,Ética y Tecnología,3,Desaprobado
2025-08-03,Sol,Gomez,31067946,sol.gomez@gmail.com,+54 9 3980 0115,IA-300,Redes Neuronales,10,Aprobado
2025-08-03,Pilar,Arias,44878225,pilar.arias25@outlook.com,+54 9 3712 3590,UX-100,Diseño de Experiencia de Usuario,7,Aprobado
2025-08-03,Martina,Moreno,40655822,martina.moreno@gmail.com,+54 15 2106 8293,DAT-201,Estadística Avanzada,5,Aprobado
2025-08-03,Thiago Agustin,Suarez,37774603,thiago agustin.suarez@gmail.com,+54 15 2250 4670,UX-100,Diseño de Experiencia de Usuario,6,Aprobado
2025-08-03,Lara,Peralta,32171676,lara.peralta@gmail.com,+54 15 2143 7730,NEG-400,Liderazgo y Negociación,5,Aprobado
2025-08-03,Thiago Gabriel,Vazquez,32027618,thiago gabriel.vazquez@gmail.com,+54 9 3179 5999,UX-100,Diseño de Experiencia de Usuario,10,Aprobado
2025-08-03,Isabella,Roldan,43342517,isabella.roldan25@outlook.com,+54 15 2118 4040,IA-400,Deep Learning Aplicado,10,Aprobado
2025-08-03,Joaquin,Fernandez,46647366,joaquin.fernandez25@outlook.com,+54 15 2647 1797,MKT-200,Marketing de Contenidos,9,Aprobado
2025-08-03,Juan Bautista,Acosta,31332769,juan bautista.acosta@gmail.com,+54 15 2161 8024,MKT-200,Marketing de Contenidos,8,Aprobado
2025-08-03,Francisco,Medina,33914516,francisco.medina@gmail.com,+54 15 2170 5083,GEN-101,Ética y Tecnología,5,Aprobado
2025-08-03,Lautaro Benjamin,Hernandez,46345360,lautaro benjamin.hernandez25@outlook.com,+54 15 2100 6981,DAT-201,Estadística Avanzada,7,Aprobado
2025-08-03,Nahuel,Ojeda,30958838,nahuel.ojeda@gmail.com,+54 9 3892 4032,IA-300,Redes Neuronales,7,Aprobado
2025-08-03,Octavio,Dominguez,40948220,octavio.dominguez@gmail.com,+54 9 3880 4190,DAT-305,Big Data & Cloud,9,Aprobado
2025-08-04,Felipe,Luna,46382860,felipe.luna25@outlook.com,+54 15 2795 1038,GEN-101,Ética y Tecnología,5,Aprobado
2025-08-04,Benjamin Ezequiel,Flores,34743897,benjamin ezequiel.flores@gmail.com,+54 9 3592 3371,NEG-400,Liderazgo y Negociación,4,Aprobado
2025-08-04,Jazmin,Molina,45841815,jazmin.molina25@outlook.com,+54 9 3818 6655,DEV-101,Algoritmos I,10,Aprobado
2025-08-04,Gael,Martinez,47700089,gael.martinez25@outlook.com,+54 9 3988 0239,DEV-101,Algoritmos I,2,Desaprobado
2025-08-04,Ignacio,Aguirre,33304657,ignacio.aguirre@gmail.com,+54 9 3425 7613,NEG-400,Liderazgo y Negociación,3,Desaprobado
2025-08-04,Juan Manuel,Mansilla,45645475,juan manuel.mansilla25@outlook.com,+54 9 3719 6949,DAT-201,Estadística Avanzada,5,Aprobado
2025-08-04,Isabella,Pereyra,37013243,isabella.pereyra@gmail.com,+54 9 3889 3897,IA-400,Deep Learning Aplicado,9,Aprobado
2025-08-04,Camila,Romero,39449899,camila.romero@gmail.com,+54 9 3702 0303,DAT-305,Big Data & Cloud,2,Desaprobado
2025-08-04,Lisandro,Pereyra,40283838,lisandro.pereyra@gmail.com,+54 9 3211 8821,MKT-200,Marketing de Contenidos,7,Aprobado
2025-08-04,Bianca,Aguirre,39737785,bianca.aguirre@gmail.com,+54 15 2169 0430,DAT-201,Estadística Avanzada,5,Aprobado
2025-08-04,Thiago,Gomez,39835913,thiago.gomez@gmail.com,+54 9 3360 2893,MKT-200,Marketing de Contenidos,3,Desaprobado
2025-08-04,Sofia Belen,Acosta,32567561,sofia belen.acosta@gmail.com,+54 15 2896 0880,DAT-305,Big Data & Cloud,3,Desaprobado
2025-08-04,Benjamin,Gomez,38549006,benjamin.gomez@gmail.com,+54 9 3854 3007,IA-400,Deep Learning Aplicado,8,Aprobado
2025-08-04,Martina,Coronel,31864701,martina.coronel@gmail.com,+54 9 3131 6223,UX-100,Diseño de Experiencia de Usuario,4,Aprobado
2025-08-04,Dylan,Peralta,38695540,dylan.peralta@gmail.com,+54 15 2105 6753,NEG-400,Liderazgo y Negociación,5,Aprobado
2025-08-05,Joaquin,Mansilla,43721576,joaquin.mansilla25@outlook.com,+54 9 3211 2576,IA-400,Deep Learning Aplicado,3,Desaprobado
2025-08-05,Helena,Martinez,33895965,helena.martinez@gmail.com,+54 9 3703 3281,UX-100,Diseño de Experiencia de Usuario,3,Desaprobado
2025-08-05,Santiago,Ramos,39087618,santiago.ramos@gmail.com,+54 15 2802 9717,DEV-101,Algoritmos I,4,Aprobado
2025-08-05,Manuel,Sosa,35994686,manuel.sosa@gmail.com,+54 15 2970 5278,GEN-101,Ética y Tecnología,4,Aprobado
2025-08-05,Lourdes,Correa,43690930,lourdes.correa25@outlook.com,+54 9 3569 7113,UX-100,Diseño de Experiencia de Usuario,7,Aprobado
2025-08-05,Santino,Gonzalez,40175984,santino.gonzalez@gmail.com,+54 15 2323 4216,UX-100,Diseño de Experiencia de Usuario,9,Aprobado
2025-08-05,Dylan Ezequiel,Lopez,35983804,dylan ezequiel.lopez@gmail.com,+54 15 2173 8784,DEV-101,Algoritmos I,7,Aprobado
2025-08-05,Emma,Chavez,32817735,emma.chavez@gmail.com,+54 9 3212 1715,NEG-400,Liderazgo y Negociación,3,Desaprobado
2025-08-05,Dylan Ezequiel,Lopez,35983804,dylan ezequiel.lopez@gmail.com,+54 15 2173 8784,DAT-101,Introducción a los Datos,7,Aprobado
2025-08-05,Mateo Agustin,Torres,35410565,mateo agustin.torres@gmail.com,+54 9 3239 8260,UX-100,Diseño de Experiencia de Usuario,7,Aprobado
2025-08-05,Valentino,Morales,33362152,valentino.morales@gmail.com,+54 9 3973 5775,IA-300,Redes Neuronales,9,Aprobado
2025-08-05,Rafael,Nuñez,40409948,rafael.nuñez@gmail.com,+54 9 3892 9373,MKT-200,Marketing de Contenidos,8,Aprobado
2025-08-05,Mia Morena,Fernandez,36511898,mia morena.fernandez@gmail.com,+54 9 3793 6933,DAT-201,Estadística Avanzada,2,Desaprobado
2025-08-05,Emilia,Cardozo,30703214,emilia.cardozo@gmail.com,+54 9 3875 1081,IA-400,Deep Learning Aplicado,3,Desaprobado
2025-08-05,Joaquin,Suarez,44476887,joaquin.suarez25@outlook.com,+54 15 2166 7577,NEG-400,Liderazgo y Negociación,1,Desaprobado
2025-08-05,Mateo Agustin,Martinez,32228319,mateo agustin.martinez@gmail.com,+54 15 2985 5876,DAT-101,Introducción a los Datos,7,Aprobado
2025-08-05,Valentina,Gonzalez,45482430,valentina.gonzalez25@outlook.com,+54 9 3479 4266,DEV-101,Algoritmos I,9,Aprobado
2025-08-05,Valentina,Ramirez,31076430,valentina.ramirez@gmail.com,+54 9 3645 1465,GEN-101,Ética y Tecnología,8,Aprobado
2025-08-05,Ambar,Martinez,41641503,ambar.martinez@gmail.com,+54 15 2263 4099,DAT-201,Estadística Avanzada,4,Aprobado
2025-08-05,Ciro,Diaz,39046561,ciro.diaz@gmail.com,+54 15 2290 8580,NEG-400,Liderazgo y Negociación,1,Desaprobado
2025-08-05,Bautista,Garcia,35267675,bautista.garcia@gmail.com,+54 9 3802 5884,DEV-101,Algoritmos I,10,Aprobado
2025-08-05,Luana,Martinez,45417606,luana.martinez25@outlook.com,+54 9 3215 1578,UX-100,Diseño de Experiencia de Usuario,5,Aprobado
2025-08-05,Santino,Torres,44182964,santino.torres25@outlook.com,+54 9 3959 2093,UX-100,Diseño de Experiencia de Usuario,4,Aprobado
2025-08-06,Sol,Herrera,31324108,sol.herrera@gmail.com,+54 9 3553 6298,UX-100,Diseño de Experiencia de Usuario,5,Aprobado
2025-08-06,Tiziano Valentin,Gonzalez,36169395,tiziano valentin.gonzalez@gmail.com,+54 15 2380 6289,NEG-400,Liderazgo y Negociación,6,Aprobado
2025-08-06,Zoe Jazmin,Gutierrez,43647497,zoe jazmin.gutierrez25@outlook.com,+54 15 2460 6899,NEG-400,Liderazgo y Negociación,4,Aprobado
2025-08-06,Dylan,Peralta,38695540,dylan.peralta@gmail.com,+54 15 2105 6753,DEV-101,Algoritmos I,8,Aprobado
2025-08-06,Elena,Luna,44965151,elena.luna25@outlook.com,+54 9 3178 3640,IA-300,Redes Neuronales,4,Aprobado
2025-08-06,Candela,Acosta,47864391,candela.acosta25@outlook.com,+54 9 3397 9100,DAT-305,Big Data & Cloud,5,Aprobado
2025-08-06,Lucas,Medina,47788251,lucas.medina25@outlook.com,+54 15 2408 8371,UX-100,Diseño de Experiencia de Usuario,4,Aprobado
2025-08-06,Emilia,Cardozo,30703214,emilia.cardozo@gmail.com,+54 9 3875 1081,DAT-101,Introducción a los Datos,1,Desaprobado
2025-08-06,Matilda,Cabrera,47826221,matilda.cabrera25@outlook.com,+54 15 2779 9063,UX-100,Diseño de Experiencia de Usuario,8,Aprobado
2025-08-06,Guillermina,Lopez,39817999,guillermina.lopez@gmail.com,+54 9 3292 7922,DAT-305,Big Data & Cloud,4,Aprobado
2025-08-06,Luz Milagros,Paz,39121001,luz milagros.paz@gmail.com,+54 15 2886 6970,UX-100,Diseño de Experiencia de Usuario,7,Aprobado
2025-08-06,Martina,Ponce,47122979,martina.ponce25@outlook.com,+54 9 3940 4991,GEN-101,Ética y Tecnología,6,Aprobado
2025-08-06,Lucía,Gonzalez,37121626,lucía.gonzalez@gmail.com,+54 9 3888 3121,IA-400,Deep Learning Aplicado,8,Aprobado
2025-08-07,Jazmin,Alvarez,43331228,jazmin.alvarez25@outlook.com,+54 15 2825 2186,DAT-201,Estadística Avanzada,9,Aprobado
2025-08-07,Bautista Benjamin,Ruiz,32776935,bautista benjamin.ruiz@gmail.com,+54 9 3526 3801,UX-100,Diseño de Experiencia de Usuario,10,Aprobado
2025-08-07,Julian,Fernandez,34508579,julian.fernandez@gmail.com,+54 15 2362 0745,DEV-101,Algoritmos I,6,Aprobado
2025-08-07,Francisco,Flores,39623347,francisco.flores@gmail.com,+54 15 2101 9948,MKT-200,Marketing de Contenidos,8,Aprobado
2025-08-07,Santino,Duarte,41815317,santino.duarte@gmail.com,+54 15 2268 9888,GEN-101,Ética y Tecnología,10,Aprobado
2025-08-07,Santiago,Rios,45309663,santiago.rios25@outlook.com,+54 9 3109 4316,IA-400,Deep Learning Aplicado,9,Aprobado
2025-08-07,Thiago,Molina,43537356,thiago.molina25@outlook.com,+54 15 2461 4112,NEG-400,Liderazgo y Negociación,10,Aprobado
2025-08-07,Luca,Martinez,33709759,luca.martinez@gmail.com,+54 15 2120 8450,NEG-400,Liderazgo y Negociación,5,Aprobado
2025-08-07,Sofía,Acosta,40284355,sofía.acosta@gmail.com,+54 9 3691 9391,DAT-201,Estadística Avanzada,5,Aprobado
2025-08-07,Catalina,Molina,32435922,catalina.molina@gmail.com,+54 15 2987 8340,UX-100,Diseño de Experiencia de Usuario,1,Desaprobado
2025-08-08,Valentino,Moreno,33191684,valentino.moreno@gmail.com,+54 9 3965 5837,DEV-101,Algoritmos I,5,Aprobado
2025-08-08,Abigail,Luna,30639152,abigail.luna@gmail.com,+54 15 2606 9413,NEG-400,Liderazgo y Negociación,3,Desaprobado
2025-08-08,Jeremias,Moyano,33127447,jeremias.moyano@gmail.com,+54 9 3386 7942,UX-100,Diseño de Experiencia de Usuario,8,Aprobado
2025-08-08,Juana,Chavez,30283080,juana.chavez@gmail.com,+54 15 2112 2240,DAT-201,Estadística Avanzada,10,Aprobado
2025-08-08,Ezequiel,Gonzalez,43597806,ezequiel.gonzalez25@outlook.com,+54 9 3171 3315,MKT-200,Marketing de Contenidos,5,Aprobado
2025-08-08,Tomas Benjamin,Lopez,46398361,tomas benjamin.lopez25@outlook.com,+54 15 2126 0160,MKT-200,Marketing de Contenidos,4,Aprobado
2025-08-08,Juan Ignacio,Rojas,32816822,juan ignacio.rojas@gmail.com,+54 15 2535 4047,MKT-200,Marketing de Contenidos,10,Aprobado
2025-08-08,Luciano,Ferreyra,45474521,luciano.ferreyra25@outlook.com,+54 15 2564 2665,DAT-101,Introducción a los Datos,1,Desaprobado
2025-08-08,Isabella,Guzman,44305990,isabella.guzman25@outlook.com,+54 15 2758 8829,MKT-200,Marketing de Contenidos,3,Desaprobado
2025-08-08,Valentina,Rios,32581169,valentina.rios@gmail.com,+54 15 2447 0353,DAT-101,Introducción a los Datos,10,Aprobado
2025-08-08,Catalina,Gonzalez,35077928,catalina.gonzalez@gmail.com,+54 9 3275 8507,MKT-200,Marketing de Contenidos,6,Aprobado
2025-08-08,Agustin,Avila,40394280,agustin.avila@gmail.com,+54 9 3671 0892,DAT-305,Big Data & Cloud,2,Desaprobado
2025-08-08,Angel Gabriel,Lopez,41083641,angel gabriel.lopez@gmail.com,+54 9 3311 3545,NEG-400,Liderazgo y Negociación,4,Aprobado
2025-08-08,Ignacio,Avila,39195104,ignacio.avila@gmail.com,+54 15 2473 6581,IA-300,Redes Neuronales,10,Aprobado
2025-08-08,Guadalupe,Rodriguez,45820668,guadalupe.rodriguez25@outlook.com,+54 9 3584 6180,DAT-305,Big Data & Cloud,9,Aprobado
2025-08-08,Martín,Fernandez,46385782,martín.fernandez25@outlook.com,+54 15 2751 8859,DAT-305,Big Data & Cloud,4,Aprobado
2025-08-09,Camila,Ruiz,47690351,camila.ruiz25@outlook.com,+54 9 3259 3349,DAT-201,Estadística Avanzada,6,Aprobado
2025-08-09,Victoria,Fernandez,30851248,victoria.fernandez@gmail.com,+54 9 3532 4132,DAT-201,Estadística Avanzada,6,Aprobado
2025-08-09,Nahiara,Silva,30173121,nahiara.silva@gmail.com,+54 15 2523 3685,DAT-101,Introducción a los Datos,10,Aprobado
2025-08-09,Jazmin,Flores,33333250,jazmin.flores@gmail.com,+54 15 2786 1126,IA-300,Redes Neuronales,6,Aprobado
2025-08-09,Benicio,Ramos,35415212,benicio.ramos@gmail.com,+54 15 2888 1141,DEV-101,Algoritmos I,5,Aprobado
2025-08-09,Josefina,Fernandez,41627786,josefina.fernandez@gmail.com,+54 15 2599 9754,DAT-305,Big Data & Cloud,3,Desaprobado
2025-08-09,Mia,Rios,44111228,mia.rios25@outlook.com,+54 15 2412 3733,NEG-400,Liderazgo y Negociación,4,Aprobado
2025-08-09,Mia,Mendez,33717161,mia.mendez@gmail.com,+54 9 3271 1287,DAT-201,Estadística Avanzada,7,Aprobado
2025-08-09,Thiago Agustin,Vega,36314879,thiago agustin.vega@gmail.com,+54 15 2198 6549,DAT-201,Estadística Avanzada,1,Desaprobado
2025-08-09,Angel Gabriel,Lopez,41083641,angel gabriel.lopez@gmail.com,+54 9 3311 3545,DAT-305,Big Data & Cloud,9,Aprobado
2025-08-09,Mora,Arias,31742344,mora.arias@gmail.com,+54 9 3719 0515,IA-400,Deep Learning Aplicado,9,Aprobado
2025-08-09,Luna,Rodriguez,46600954,luna.rodriguez25@outlook.com,+54 15 2247 1032,DAT-201,Estadística Avanzada,3,Desaprobado
2025-08-09,Alma,Martinez,40350483,alma.martinez@gmail.com,+54 9 3240 1935,IA-400,Deep Learning Aplicado,2,Desaprobado
2025-08-09,Priscila,Gonzalez,32966903,priscila.gonzalez@gmail.com,+54 9 3910 5293,NEG-400,Liderazgo y Negociación,9,Aprobado
2025-08-09,Alma,Flores,32028866,alma.flores@gmail.com,+54 9 3925 3441,IA-300,Redes Neuronales,8,Aprobado
2025-08-09,Zoe Jazmin,Gutierrez,43647497,zoe jazmin.gutierrez25@outlook.com,+54 15 2460 6899,DAT-305,Big Data & Cloud,3,Desaprobado
2025-08-09,Thiago Leonel,Gonzalez,32480780,thiago leonel.gonzalez@gmail.com,+54 9 3881 9373,MKT-200,Marketing de Contenidos,7,Aprobado
2025-08-09,Mateo Joaquin,Godoy,31848115,mateo joaquin.godoy@gmail.com,+54 15 2405 3759,DAT-305,Big Data & Cloud,8,Aprobado
2025-08-10,Micaela,Villalba,36617253,micaela.villalba@gmail.com,+54 15 2257 7786,UX-100,Diseño de Experiencia de Usuario,4,Aprobado
2025-08-10,Juana,Bravo,44118742,juana.bravo25@outlook.com,+54 15 2842 9518,GEN-101,Ética y Tecnología,8,Aprobado
2025-08-10,Martina,Medina,33614240,martina.medina@gmail.com,+54 9 3418 2700,IA-300,Redes Neuronales,8,Aprobado
2025-08-10,Sofia,Duarte,41006133,sofia.duarte@gmail.com,+54 9 3387 6360,NEG-400,Liderazgo y Negociación,1,Desaprobado
2025-08-10,Agustin,Lopez,34793173,agustin.lopez@gmail.com,+54 15 2998 3196,IA-400,Deep Learning Aplicado,8,Aprobado
2025-08-10,Ignacio,Gomez,44334164,ignacio.gomez25@outlook.com,+54 15 2365 4676,MKT-200,Marketing de Contenidos,4,Aprobado
2025-08-10,Zoe Valentina,Molina,35310111,zoe valentina.molina@gmail.com,+54 9 3792 5384,UX-100,Diseño de Experiencia de Usuario,1,Desaprobado
2025-08-10,Juana,Pereyra,41994164,juana.pereyra@gmail.com,+54 15 2769 4412,IA-300,Redes Neuronales,8,Aprobado
2025-08-10,Sofia,Rodriguez,45619097,sofia.rodriguez25@outlook.com,+54 9 3816 8140,UX-100,Diseño de Experiencia de Usuario,1,Desaprobado
2025-08-10,Mateo Benjamin,Ruiz,32997790,mateo benjamin.ruiz@gmail.com,+54 15 2316 2089,NEG-400,Liderazgo y Negociación,4,Aprobado
2025-08-10,Franco,Sanchez,35947218,franco.sanchez@gmail.com,+54 15 2599 3503,MKT-200,Marketing de Contenidos,8,Aprobado
2025-08-10,Santiago,Torres,43185797,santiago.torres25@outlook.com,+54 9 3462 8959,MKT-200,Marketing de Contenidos,10,Aprobado
2025-08-10,Luca,Gimenez,35837738,luca.gimenez@gmail.com,+54 15 2839 5749,NEG-400,Liderazgo y Negociación,4,Aprobado
2025-08-10,Juan Cruz,Alvarez,40915348,juan cruz.alvarez@gmail.com,+54 15 2127 7692,IA-300,Redes Neuronales,1,Desaprobado
2025-08-10,Lola,Sanchez,43751737,lola.sanchez25@outlook.com,+54 15 2979 0300,GEN-101,Ética y Tecnología,1,Desaprobado
2025-08-10,Alma,Fernandez,30820105,alma.fernandez@gmail.com,+54 15 2825 3545,DEV-101,Algoritmos I,10,Aprobado
2025-08-10,Benjamin,Roldan,34441439,benjamin.roldan@gmail.com,+54 9 3508 9831,DEV-101,Algoritmos I,6,Aprobado
2025-08-10,Maria Paz,Ruiz,32703610,maria paz.ruiz@gmail.com,+54 9 3315 0999,DAT-305,Big Data & Cloud,7,Aprobado
2025-08-10,Catalina,Sosa,35951430,catalina.sosa@gmail.com,+54 9 3274 5282,DAT-201,Estadística Avanzada,7,Aprobado
2025-08-10,Isabella,Alvarez,32388706,isabella.alvarez@gmail.com,+54 9 3401 0957,NEG-400,Liderazgo y Negociación,3,Desaprobado
2025-08-10,Thiago Lionel,Farias,35133995,thiago lionel.farias@gmail.com,+54 9 3531 4716,IA-300,Redes Neuronales,9,Aprobado
2025-08-10,Emilia,Luna,44115909,emilia.luna25@outlook.com,+54 9 3527 9657,MKT-200,Marketing de Contenidos,8,Aprobado
2025-08-10,Renata,Rivero,35720054,renata.rivero@gmail.com,+54 15 2292 8880,NEG-400,Liderazgo y Negociación,6,Aprobado
2025-08-11,Ana Paula,Flores,44717216,ana paula.flores25@outlook.com,+54 9 3867 9438,DEV-101,Algoritmos I,7,Aprobado
2025-08-11,Charo,Martinez,33379578,charo.martinez@gmail.com,+54 15 2680 9235,DAT-101,Introducción a los Datos,10,Aprobado
2025-08-11,Mora,Gonzalez,31181222,mora.gonzalez@gmail.com,+54 15 2521 0276,UX-100,Diseño de Experiencia de Usuario,1,Desaprobado
2025-08-11,Bruno,Ramos,46653953,bruno.ramos25@outlook.com,+54 15 2897 3303,DAT-201,Estadística Avanzada,7,Aprobado
2025-08-11,Jeremias,Herrera,36971688,jeremias.herrera@gmail.com,+54 15 2368 4123,MKT-200,Marketing de Contenidos,5,Aprobado
2025-08-11,Thiago Joaquin,Alvarez,35757363,thiago joaquin.alvarez@gmail.com,+54 15 2688 8359,DEV-101,Algoritmos I,2,Desaprobado
2025-08-11,Ian Ezequiel,Lopez,34401288,ian ezequiel.lopez@gmail.com,+54 15 2541 9578,DEV-101,Algoritmos I,1,Desaprobado
2025-08-11,Sofía,Gutierrez,46233381,sofía.gutierrez25@outlook.com,+54 9 3303 6001,IA-400,Deep Learning Aplicado,6,Aprobado
2025-08-11,Bautista,Maldonado,30386246,bautista.maldonado@gmail.com,+54 15 2511 7573,GEN-101,Ética y Tecnología,2,Desaprobado
2025-08-11,Tomàs,Soria,31239788,tomàs.soria@gmail.com,+54 15 2906 2250,DAT-101,Introducción a los Datos,4,Aprobado
2025-08-11,Guadalupe,Sanchez,36691364,guadalupe.sanchez@gmail.com,+54 15 2281 5403,DAT-201,Estadística Avanzada,1,Desaprobado
2025-08-11,Mia,Mendez,33717161,mia.mendez@gmail.com,+54 9 3271 1287,UX-100,Diseño de Experiencia de Usuario,10,Aprobado
2025-08-11,Malena,Diaz,46410216,malena.diaz25@outlook.com,+54 9 3383 2231,DEV-101,Algoritmos I,1,Desaprobado
2025-08-11,Emiliano,Gonzalez,32270986,emiliano.gonzalez@gmail.com,+54 15 2108 6227,UX-100,Diseño de Experiencia de Usuario,6,Aprobado
2025-08-11,Sara,Paz,47358131,sara.paz25@outlook.com,+54 9 3635 5806,IA-400,Deep Learning Aplicado,1,Desaprobado
2025-08-11,Francisca,Medina,32460250,francisca.medina@gmail.com,+54 9 3379 4613,IA-300,Redes Neuronales,4,Aprobado
2025-08-11,Valentino,Martinez,32284312,valentino.martinez@gmail.com,+54 15 2694 1296,UX-100,Diseño de Experiencia de Usuario,10,Aprobado
2025-08-11,Olivia,Lopez,40804778,olivia.lopez@gmail.com,+54 9 3809 7636,MKT-200,Marketing de Contenidos,5,Aprobado
2025-08-11,Benicio,Romero,35753821,benicio.romero@gmail.com,+54 9 3493 2690,UX-100,Diseño de Experiencia de Usuario,9,Aprobado
2025-08-11,Ian Ezequiel,Lopez,34401288,ian ezequiel.lopez@gmail.com,+54 15 2541 9578,IA-400,Deep Learning Aplicado,1,Desaprobado
2025-08-12,Luca,Gimenez,35837738,luca.gimenez@gmail.com,+54 15 2839 5749,DAT-101,Introducción a los Datos,8,Aprobado
2025-08-12,Renata,Diaz,38940969,renata.diaz@gmail.com,+54 15 2422 4877,DAT-201,Estadística Avanzada,1,Desaprobado
2025-08-12,Luciano,Ferreyra,45474521,luciano.ferreyra25@outlook.com,+54 15 2564 2665,IA-400,Deep Learning Aplicado,7,Aprobado
2025-08-12,León,Gonzalez,37947511,león.gonzalez@gmail.com,+54 15 2238 6033,DAT-101,Introducción a los Datos,9,Aprobado
2025-08-12,Juan Manuel,Gonzalez,43037722,juan manuel.gonzalez25@outlook.com,+54 15 2320 0807,IA-400,Deep Learning Aplicado,7,Aprobado
2025-08-12,Catalina,Ramirez,46596607,catalina.ramirez25@outlook.com,+54 15 2251 7346,IA-300,Redes Neuronales,1,Desaprobado
2025-08-12,Santino,Lopez,39265874,santino.lopez@gmail.com,+54 9 3354 9405,DAT-305,Big Data & Cloud,2,Desaprobado
2025-08-12,Ignacio,Alvarez,33520372,ignacio.alvarez@gmail.com,+54 9 3118 2508,DAT-101,Introducción a los Datos,1,Desaprobado
2025-08-12,Thiago,Rodriguez,45496689,thiago.rodriguez25@outlook.com,+54 15 2502 7179,DAT-101,Introducción a los Datos,6,Aprobado
2025-08-12,Victoria,Coronel,30662919,victoria.coronel@gmail.com,+54 9 3735 6390,IA-400,Deep Learning Aplicado,3,Desaprobado
2025-08-12,Thiago Nahuel,Castro,40330349,thiago nahuel.castro@gmail.com,+54 15 2513 2629,IA-300,Redes Neuronales,3,Desaprobado
2025-08-12,Elena,Rodriguez,47906696,elena.rodriguez25@outlook.com,+54 15 2465 1291,IA-400,Deep Learning Aplicado,1,Desaprobado
2025-08-12,Alma Mia,Gonzalez,36040952,alma mia.gonzalez@gmail.com,+54 9 3610 7840,DAT-201,Estadística Avanzada,5,Aprobado
2025-08-12,Maria Paz,Velazquez,30377321,maria paz.velazquez@gmail.com,+54 15 2953 8715,UX-100,Diseño de Experiencia de Usuario,2,Desaprobado
2025-08-12,Sofia,Lopez,43008590,sofia.lopez25@outlook.com,+54 15 2796 4023,MKT-200,Marketing de Contenidos,4,Aprobado
2025-08-12,Valentino,Cabrera,44544802,valentino.cabrera25@outlook.com,+54 15 2156 5497,UX-100,Diseño de Experiencia de Usuario,7,Aprobado
2025-08-13,Francisco,Ferreyra,40437078,francisco.ferreyra@gmail.com,+54 9 3985 4160,UX-100,Diseño de Experiencia de Usuario,7,Aprobado
2025-08-13,Guadalupe,Gomez,38111908,guadalupe.gomez@gmail.com,+54 15 2201 9035,IA-300,Redes Neuronales,5,Aprobado
2025-08-13,Jeronimo,Ledesma,34858008,jeronimo.ledesma@gmail.com,+54 9 3428 5333,MKT-200,Marketing de Contenidos,1,Desaprobado
2025-08-13,Juan Martin,Ojeda,40902797,juan martin.ojeda@gmail.com,+54 9 3158 3361,NEG-400,Liderazgo y Negociación,7,Aprobado
2025-08-13,Benjamin,Guzman,47776360,benjamin.guzman25@outlook.com,+54 9 3670 5167,DAT-201,Estadística Avanzada,10,Aprobado
2025-08-13,Paulina,Godoy,39831826,paulina.godoy@gmail.com,+54 9 3306 7182,IA-400,Deep Learning Aplicado,4,Aprobado
2025-08-13,Felipe,Chavez,33698941,felipe.chavez@gmail.com,+54 9 3977 9173,IA-300,Redes Neuronales,10,Aprobado
2025-08-13,Antonio,Aguero,30055439,antonio.aguero@gmail.com,+54 9 3209 3344,GEN-101,Ética y Tecnología,2,Desaprobado
2025-08-13,Ignacio,Avila,39195104,ignacio.avila@gmail.com,+54 15 2473 6581,IA-400,Deep Learning Aplicado,2,Desaprobado
2025-08-13,Nina,Martinez,44613692,nina.martinez25@outlook.com,+54 9 3327 7762,IA-400,Deep Learning Aplicado,3,Desaprobado
2025-08-13,Delfina,Fernandez,32098690,delfina.fernandez@gmail.com,+54 9 3395 3178,NEG-400,Liderazgo y Negociación,5,Aprobado
2025-08-13,Ambar,Gonzalez,36145210,ambar.gonzalez@gmail.com,+54 15 2703 4941,IA-300,Redes Neuronales,1,Desaprobado
2025-08-13,Angel Gabriel,Gomez,46147941,angel gabriel.gomez25@outlook.com,+54 9 3859 5137,UX-100,Diseño de Experiencia de Usuario,10,Aprobado
2025-08-13,Thiago Agustin,Luna,47969954,thiago agustin.luna25@outlook.com,+54 9 3384 3131,DAT-305,Big Data & Cloud,2,Desaprobado
2025-08-13,Malena,Sanchez,46521420,malena.sanchez25@outlook.com,+54 9 3250 0146,DEV-101,Algoritmos I,10,Aprobado
2025-08-13,Salvador,Torres,47649810,salvador.torres25@outlook.com,+54 9 3948 2014,MKT-200,Marketing de Contenidos,8,Aprobado
2025-08-13,Martina,Moreno,35930527,martina.moreno@gmail.com,+54 15 2480 5090,NEG-400,Liderazgo y Negociación,5,Aprobado
2025-08-14,Santino,Mendoza,45589540,santino.mendoza25@outlook.com,+54 15 2664 9679,DEV-101,Algoritmos I,10,Aprobado
2025-08-14,Lucía,Sosa,46263687,lucía.sosa25@outlook.com,+54 15 2397 3742,IA-300,Redes Neuronales,9,Aprobado
2025-08-14,Simon,Maldonado,37725025,simon.maldonado@gmail.com,+54 9 3878 7089,DAT-101,Introducción a los Datos,5,Aprobado
2025-08-14,Lucía,Sosa,43624314,lucía.sosa25@outlook.com,+54 15 2724 3920,MKT-200,Marketing de Contenidos,7,Aprobado
2025-08-14,Angel Gabriel,Lopez,41083641,angel gabriel.lopez@gmail.com,+54 9 3311 3545,NEG-400,Liderazgo y Negociación,9,Aprobado
2025-08-14,Camila,Romero,39449899,camila.romero@gmail.com,+54 9 3702 0303,NEG-400,Liderazgo y Negociación,9,Aprobado
2025-08-14,Sebastian,Blanco,43711417,sebastian.blanco25@outlook.com,+54 9 3772 0801,NEG-400,Liderazgo y Negociación,10,Aprobado
2025-08-14,Juan Cruz,Moyano,30800017,juan cruz.moyano@gmail.com,+54 15 2808 1024,DAT-101,Introducción a los Datos,5,Aprobado
2025-08-14,Julieta,Coronel,44025027,julieta.coronel25@outlook.com,+54 9 3966 2319,NEG-400,Liderazgo y Negociación,6,Aprobado
2025-08-14,Felipe,Arias,40140970,felipe.arias@gmail.com,+54 9 3762 8206,MKT-200,Marketing de Contenidos,1,Desaprobado
2025-08-14,Thiago Agustin,Diaz,37057932,thiago agustin.diaz@gmail.com,+54 9 3291 2665,DEV-101,Algoritmos I,2,Desaprobado
2025-08-14,Lautaro Benjamin,Pereyra,45134203,lautaro benjamin.pereyra25@outlook.com,+54 9 3211 6916,UX-100,Diseño de Experiencia de Usuario,7,Aprobado
2025-08-14,Martina,Coronel,31864701,martina.coronel@gmail.com,+54 9 3131 6223,UX-100,Diseño de Experiencia de Usuario,4,Aprobado
2025-08-14,Sol,Herrera,31324108,sol.herrera@gmail.com,+54 9 3553 6298,DAT-101,Introducción a los Datos,8,Aprobado
2025-08-15,Juan Manuel,Gonzalez,43037722,juan manuel.gonzalez25@outlook.com,+54 15 2320 0807,DAT-305,Big Data & Cloud,5,Aprobado
2025-08-15,Vicente,Gonzalez,31136038,vicente.gonzalez@gmail.com,+54 15 2971 1423,UX-100,Diseño de Experiencia de Usuario,1,Desaprobado
2025-08-15,Joaquín,Romero,46377357,joaquín.romero25@outlook.com,+54 15 2358 6508,NEG-400,Liderazgo y Negociación,10,Aprobado
2025-08-15,Mateo Benjamin,Ruiz,32997790,mateo benjamin.ruiz@gmail.com,+54 15 2316 2089,IA-400,Deep Learning Aplicado,9,Aprobado
2025-08-15,Santiago,Roldan,33353197,santiago.roldan@gmail.com,+54 9 3596 3393,NEG-400,Liderazgo y Negociación,8,Aprobado
2025-08-15,Lucio,Acosta,47633067,lucio.acosta25@outlook.com,+54 9 3453 1982,IA-400,Deep Learning Aplicado,3,Desaprobado
2025-08-15,Benjamin,Flores,31924807,benjamin.flores@gmail.com,+54 9 3182 9620,GEN-101,Ética y Tecnología,1,Desaprobado
2025-08-15,Guillermina,Lopez,39817999,guillermina.lopez@gmail.com,+54 9 3292 7922,IA-400,Deep Learning Aplicado,3,Desaprobado
2025-08-15,Samuel,Ojeda,43679905,samuel.ojeda25@outlook.com,+54 9 3172 3633,IA-300,Redes Neuronales,6,Aprobado
2025-08-15,Valentino,Gonzalez,33229738,valentino.gonzalez@gmail.com,+54 15 2268 3184,MKT-200,Marketing de Contenidos,5,Aprobado
2025-08-15,Bruno,Blanco,36583358,bruno.blanco@gmail.com,+54 15 2312 6065,GEN-101,Ética y Tecnología,4,Aprobado
2025-08-15,Morena Jazmin,Vera,43904377,morena jazmin.vera25@outlook.com,+54 9 3103 7839,GEN-101,Ética y Tecnología,10,Aprobado
2025-08-15,Maximo,Nuñez,38030283,maximo.nuñez@gmail.com,+54 9 3820 5865,DEV-101,Algoritmos I,1,Desaprobado
2025-08-15,Lucía,Correa,37672436,lucía.correa@gmail.com,+54 15 2916 6374,MKT-200,Marketing de Contenidos,7,Aprobado
2025-08-15,Emma,Fernandez,36138156,emma.fernandez@gmail.com,+54 9 3418 7412,IA-300,Redes Neuronales,6,Aprobado
2025-08-15,Morena Jazmin,Benitez,33596181,morena jazmin.benitez@gmail.com,+54 15 2683 4039,NEG-400,Liderazgo y Negociación,7,Aprobado
2025-08-15,Francisco,Aguirre,45186536,francisco.aguirre25@outlook.com,+54 9 3696 3421,IA-400,Deep Learning Aplicado,1,Desaprobado
2025-08-15,Emiliano,Sosa,47206312,emiliano.sosa25@outlook.com,+54 9 3306 8299,UX-100,Diseño de Experiencia de Usuario,5,Aprobado
2025-08-16,Francisca,Rodriguez,43528816,francisca.rodriguez25@outlook.com,+54 9 3973 0260,DEV-101,Algoritmos I,5,Aprobado
2025-08-16,Maximo,Toledo,34883029,maximo.toledo@gmail.com,+54 9 3423 2266,NEG-400,Liderazgo y Negociación,1,Desaprobado
2025-08-16,Pilar,Arias,44878225,pilar.arias25@outlook.com,+54 9 3712 3590,DEV-101,Algoritmos I,7,Aprobado
2025-08-16,Juan Martin,Rodriguez,45647473,juan martin.rodriguez25@outlook.com,+54 15 2971 9077,DEV-101,Algoritmos I,5,Aprobado
2025-08-16,Tobias,Castillo,35608376,tobias.castillo@gmail.com,+54 15 2609 1713,MKT-200,Marketing de Contenidos,6,Aprobado
2025-08-16,Sebastian,Blanco,43711417,sebastian.blanco25@outlook.com,+54 9 3772 0801,DAT-305,Big Data & Cloud,4,Aprobado
2025-08-16,Benjamin Ezequiel,Flores,34743897,benjamin ezequiel.flores@gmail.com,+54 9 3592 3371,MKT-200,Marketing de Contenidos,4,Aprobado
2025-08-16,Matias,Diaz,38991597,matias.diaz@gmail.com,+54 9 3119 9955,NEG-400,Liderazgo y Negociación,3,Desaprobado
2025-08-16,Benjamin,Carrizo,46346975,benjamin.carrizo25@outlook.com,+54 9 3709 9957,IA-300,Redes Neuronales,5,Aprobado
2025-08-16,Amparo,Pereyra,35115152,amparo.pereyra@gmail.com,+54 9 3249 7262,DAT-101,Introducción a los Datos,3,Desaprobado
2025-08-16,Ambar,Gonzalez,36003291,ambar.gonzalez@gmail.com,+54 15 2573 9740,DAT-201,Estadística Avanzada,9,Aprobado
2025-08-16,Juana,Juarez,46780927,juana.juarez25@outlook.com,+54 15 2786 6426,DEV-101,Algoritmos I,1,Desaprobado
2025-08-16,Martin,Toledo,47416283,martin.toledo25@outlook.com,+54 15 2702 3459,GEN-101,Ética y Tecnología,5,Aprobado
2025-08-16,Thiago Benjamin,Diaz,44554637,thiago benjamin.diaz25@outlook.com,+54 15 2144 4662,DEV-101,Algoritmos I,1,Desaprobado
2025-08-16,Felipe,Chavez,33698941,felipe.chavez@gmail.com,+54 9 3977 9173,MKT-200,Marketing de Contenidos,4,Aprobado
2025-08-16,Mateo Agustin,Medina,36300221,mateo agustin.medina@gmail.com,+54 9 3907 8832,UX-100,Diseño de Experiencia de Usuario,8,Aprobado
2025-08-16,Zoe,Franco,34648956,zoe.franco@gmail.com,+54 15 2706 3482,DEV-101,Algoritmos I,2,Desaprobado
2025-08-16,Guadalupe,Gomez,38111908,guadalupe.gomez@gmail.com,+54 15 2201 9035,DAT-305,Big Data & Cloud,1,Desaprobado
2025-08-17,Matias,Moreno,40531804,matias.moreno@gmail.com,+54 15 2572 0376,DAT-201,Estadística Avanzada,10,Aprobado
2025-08-17,Facundo,Ayala,43615605,facundo.ayala25@outlook.com,+54 9 3834 7596,DAT-201,Estadística Avanzada,10,Aprobado
2025-08-17,Emma,Soria,39901527,emma.soria@gmail.com,+54 15 2702 8197,IA-400,Deep Learning Aplicado,3,Desaprobado
2025-08-17,Constanza,Garcia,45654702,constanza.garcia25@outlook.com,+54 15 2548 3235,UX-100,Diseño de Experiencia de Usuario,4,Aprobado
2025-08-17,Juan Martin,Silva,47162613,juan martin.silva25@outlook.com,+54 15 2873 0424,GEN-101,Ética y Tecnología,8,Aprobado
2025-08-17,Rafael,Ramirez,40874592,rafael.ramirez@gmail.com,+54 9 3620 8843,DAT-101,Introducción a los Datos,5,Aprobado
2025-08-17,Victoria,Castro,30811908,victoria.castro@gmail.com,+54 15 2181 6193,GEN-101,Ética y Tecnología,2,Desaprobado
2025-08-17,Abril,Molina,43281049,abril.molina25@outlook.com,+54 9 3904 1124,MKT-200,Marketing de Contenidos,5,Aprobado
2025-08-17,Matias,Martin,35850567,matias.martin@gmail.com,+54 15 2276 9738,DEV-101,Algoritmos I,2,Desaprobado
2025-08-17,Juana,Pereyra,41994164,juana.pereyra@gmail.com,+54 15 2769 4412,DAT-101,Introducción a los Datos,2,Desaprobado
2025-08-17,Benicio,Garcia,46920666,benicio.garcia25@outlook.com,+54 9 3620 6998,DEV-101,Algoritmos I,9,Aprobado
2025-08-17,Sofia,Fernandez,46329934,sofia.fernandez25@outlook.com,+54 15 2380 1193,IA-400,Deep Learning Aplicado,6,Aprobado
2025-08-18,Victoria,Paez,47909977,victoria.paez25@outlook.com,+54 15 2470 1352,UX-100,Diseño de Experiencia de Usuario,10,Aprobado
2025-08-18,Alexander,Fernandez,37918142,alexander.fernandez@gmail.com,+54 15 2326 2785,DAT-101,Introducción a los Datos,1,Desaprobado
2025-08-18,Uma,Castro,33714793,uma.castro@gmail.com,+54 15 2383 1242,NEG-400,Liderazgo y Negociación,2,Desaprobado
2025-08-18,Juan David,Martinez,33505185,juan david.martinez@gmail.com,+54 9 3568 5770,NEG-400,Liderazgo y Negociación,9,Aprobado
2025-08-18,Bastian,Fernandez,33320861,bastian.fernandez@gmail.com,+54 9 3905 6663,UX-100,Diseño de Experiencia de Usuario,10,Aprobado
2025-08-18,Joaquín,Gonzalez,45280236,joaquín.gonzalez25@outlook.com,+54 15 2698 8228,NEG-400,Liderazgo y Negociación,1,Desaprobado
2025-08-18,Lisandro,Martinez,41066323,lisandro.martinez@gmail.com,+54 9 3238 4573,IA-400,Deep Learning Aplicado,1,Desaprobado
2025-08-18,Juan Bautista,Cardozo,35509748,juan bautista.cardozo@gmail.com,+54 9 3898 1732,DAT-201,Estadística Avanzada,3,Desaprobado
2025-08-18,Simon,Garcia,32139544,simon.garcia@gmail.com,+54 15 2106 5300,MKT-200,Marketing de Contenidos,2,Desaprobado
2025-08-18,Ignacio,Aguirre,45066439,ignacio.aguirre25@outlook.com,+54 9 3179 5575,NEG-400,Liderazgo y Negociación,10,Aprobado
2025-08-18,Octavio,Avila,37162747,octavio.avila@gmail.com,+54 15 2884 2550,GEN-101,Ética y Tecnología,8,Aprobado
2025-08-18,Giuliana,Fernandez,44443284,giuliana.fernandez25@outlook.com,+54 9 3223 7666,GEN-101,Ética y Tecnología,7,Aprobado
2025-08-18,Lucio,Acosta,47633067,lucio.acosta25@outlook.com,+54 9 3453 1982,IA-400,Deep Learning Aplicado,1,Desaprobado
2025-08-18,Juan Pablo,Benitez,47733210,juan pablo.benitez25@outlook.com,+54 9 3148 0398,IA-400,Deep Learning Aplicado,10,Aprobado
2025-08-19,Bruno,Cruz,46706919,bruno.cruz25@outlook.com,+54 15 2846 5923,NEG-400,Liderazgo y Negociación,7,Aprobado
2025-08-19,Francisco,Correa,30677244,francisco.correa@gmail.com,+54 15 2954 2808,IA-400,Deep Learning Aplicado,9,Aprobado
2025-08-19,Bruno,Gimenez,34647475,bruno.gimenez@gmail.com,+54 9 3280 6169,DAT-201,Estadística Avanzada,10,Aprobado
2025-08-19,Ambar,Ledesma,46024126,ambar.ledesma25@outlook.com,+54 15 2968 7519,IA-400,Deep Learning Aplicado,8,Aprobado
2025-08-19,Zoe,Vera,30506698,zoe.vera@gmail.com,+54 9 3787 7001,IA-400,Deep Learning Aplicado,6,Aprobado
2025-08-19,Bruno,Ramos,46653953,bruno.ramos25@outlook.com,+54 15 2897 3303,IA-400,Deep Learning Aplicado,4,Aprobado
2025-08-19,Mateo Agustin,Soto,32241129,mateo agustin.soto@gmail.com,+54 9 3683 7207,DAT-305,Big Data & Cloud,6,Aprobado
2025-08-19,Victoria,Gutierrez,46218945,victoria.gutierrez25@outlook.com,+54 15 2198 3718,NEG-400,Liderazgo y Negociación,4,Aprobado
2025-08-19,Martín,Romero,40250893,martín.romero@gmail.com,+54 9 3800 6411,MKT-200,Marketing de Contenidos,3,Desaprobado
2025-08-19,Milagros,Benitez,45766160,milagros.benitez25@outlook.com,+54 15 2655 7072,NEG-400,Liderazgo y Negociación,10,Aprobado
2025-08-19,Catalina,Mendoza,47320705,catalina.mendoza25@outlook.com,+54 9 3256 8036,DEV-101,Algoritmos I,5,Aprobado
2025-08-19,Santino,Duarte,41815317,santino.duarte@gmail.com,+54 15 2268 9888,UX-100,Diseño de Experiencia de Usuario,1,Desaprobado
2025-08-19,Mateo,Mansilla,32839194,mateo.mansilla@gmail.com,+54 9 3965 8085,DAT-305,Big Data & Cloud,9,Aprobado
2025-08-19,Jazmin,Cabrera,35470566,jazmin.cabrera@gmail.com,+54 9 3362 8341,NEG-400,Liderazgo y Negociación,1,Desaprobado
2025-08-19,Ian,Chavez,41340763,ian.chavez@gmail.com,+54 9 3307 7011,DEV-101,Algoritmos I,6,Aprobado
2025-08-19,Malena,Torres,31662806,malena.torres@gmail.com,+54 15 2176 1827,DAT-201,Estadística Avanzada,9,Aprobado
2025-08-19,Maria Paz,Ruiz,32703610,maria paz.ruiz@gmail.com,+54 9 3315 0999,NEG-400,Liderazgo y Negociación,10,Aprobado
2025-08-19,Jazmin,Franco,44491570,jazmin.franco25@outlook.com,+54 15 2431 0630,DAT-305,Big Data & Cloud,1,Desaprobado
2025-08-19,Alma,Olivera,39535799,alma.olivera@gmail.com,+54 9 3779 6396,UX-100,Diseño de Experiencia de Usuario,4,Aprobado
2025-08-19,Rosario,Peralta,37335497,rosario.peralta@gmail.com,+54 15 2481 8075,DEV-101,Algoritmos I,8,Aprobado
2025-08-19,Josefina,Herrera,37763133,josefina.herrera@gmail.com,+54 9 3576 3256,MKT-200,Marketing de Contenidos,2,Desaprobado
2025-08-19,Ciro,Vera,37874267,ciro.vera@gmail.com,+54 15 2120 0554,IA-300,Redes Neuronales,2,Desaprobado
2025-08-20,Maximo,Dominguez,45368291,maximo.dominguez25@outlook.com,+54 9 3136 3468,GEN-101,Ética y Tecnología,9,Aprobado
2025-08-20,Santiago,Gonzalez,40832369,santiago.gonzalez@gmail.com,+54 15 2222 9008,DEV-101,Algoritmos I,8,Aprobado
2025-08-20,Lautaro,Rios,32170253,lautaro.rios@gmail.com,+54 15 2536 0534,GEN-101,Ética y Tecnología,9,Aprobado
2025-08-20,Juan Sebastian,Acosta,40230385,juan sebastian.acosta@gmail.com,+54 15 2138 0899,MKT-200,Marketing de Contenidos,10,Aprobado
2025-08-20,Maximiliano,Leiva,36858459,maximiliano.leiva@gmail.com,+54 15 2575 6363,IA-300,Redes Neuronales,5,Aprobado
2025-08-20,Ian,Morales,30781172,ian.morales@gmail.com,+54 15 2845 5090,UX-100,Diseño de Experiencia de Usuario,5,Aprobado
2025-08-20,Benjamin,Rodriguez,44445238,benjamin.rodriguez25@outlook.com,+54 9 3308 8552,DEV-101,Algoritmos I,2,Desaprobado
2025-08-20,Isabella,Ortiz,38353870,isabella.ortiz@gmail.com,+54 9 3215 3823,MKT-200,Marketing de Contenidos,10,Aprobado
2025-08-20,Facundo,Ayala,43615605,facundo.ayala25@outlook.com,+54 9 3834 7596,NEG-400,Liderazgo y Negociación,10,Aprobado
2025-08-20,Agostina,Benitez,33896639,agostina.benitez@gmail.com,+54 9 3895 1316,DAT-201,Estadística Avanzada,7,Aprobado
2025-08-20,Maria Paz,Arias,46314784,maria paz.arias25@outlook.com,+54 15 2311 0032,DAT-101,Introducción a los Datos,2,Desaprobado
2025-08-20,Benjamin,Nuñez,34933614,benjamin.nuñez@gmail.com,+54 15 2237 6897,IA-400,Deep Learning Aplicado,9,Aprobado
2025-08-20,Tomas,Ruiz,46060979,tomas.ruiz25@outlook.com,+54 15 2517 4790,DAT-101,Introducción a los Datos,2,Desaprobado
2025-08-20,Juana,Rodriguez,31153469,juana.rodriguez@gmail.com,+54 9 3804 8052,GEN-101,Ética y Tecnología,1,Desaprobado
2025-08-20,Delfina,Alvarez,44988509,delfina.alvarez25@outlook.com,+54 9 3816 7473,UX-100,Diseño de Experiencia de Usuario,6,Aprobado
2025-08-20,Valentino,Gimenez,36092237,valentino.gimenez@gmail.com,+54 15 2622 8522,IA-400,Deep Learning Aplicado,7,Aprobado
2025-08-21,Morena Jazmin,Vera,43904377,morena jazmin.vera25@outlook.com,+54 9 3103 7839,DAT-305,Big Data & Cloud,6,Aprobado
2025-08-21,Octavio,Rodriguez,45847170,octavio.rodriguez25@outlook.com,+54 9 3770 3068,DAT-305,Big Data & Cloud,8,Aprobado
2025-08-21,Alma,Olivera,39535799,alma.olivera@gmail.com,+54 9 3779 6396,IA-400,Deep Learning Aplicado,7,Aprobado
2025-08-21,Joaquin,Vera,31277192,joaquin.vera@gmail.com,+54 9 3395 7546,IA-400,Deep Learning Aplicado,8,Aprobado
2025-08-21,Lucía ,Blanco,46828583,lucía .blanco25@outlook.com,+54 9 3174 5167,MKT-200,Marketing de Contenidos,8,Aprobado
2025-08-21,Mateo,Rodriguez,32349636,mateo.rodriguez@gmail.com,+54 9 3116 9960,MKT-200,Marketing de Contenidos,5,Aprobado
2025-08-21,Miguel Angel,Sosa,39765048,miguel angel.sosa@gmail.com,+54 15 2265 6557,IA-400,Deep Learning Aplicado,2,Desaprobado
2025-08-21,Benicio,Ramos,35415212,benicio.ramos@gmail.com,+54 15 2888 1141,MKT-200,Marketing de Contenidos,7,Aprobado
2025-08-21,Valentino,Gonzalez,33229738,valentino.gonzalez@gmail.com,+54 15 2268 3184,IA-300,Redes Neuronales,1,Desaprobado
2025-08-21,Luisina,Juarez,30946573,luisina.juarez@gmail.com,+54 15 2512 8164,NEG-400,Liderazgo y Negociación,3,Desaprobado
2025-08-21,Manuel,Rivero,45984678,manuel.rivero25@outlook.com,+54 15 2140 0587,DEV-101,Algoritmos I,6,Aprobado
2025-08-21,Maria Paz,Arias,46314784,maria paz.arias25@outlook.com,+54 15 2311 0032,DAT-201,Estadística Avanzada,1,Desaprobado
2025-08-21,Mia,Rios,44111228,mia.rios25@outlook.com,+54 15 2412 3733,DEV-101,Algoritmos I,1,Desaprobado
2025-08-21,Priscila,Torres,45539704,priscila.torres25@outlook.com,+54 15 2693 1603,DAT-201,Estadística Avanzada,10,Aprobado
2025-08-21,Gino,Duarte,41079498,gino.duarte@gmail.com,+54 15 2766 8146,UX-100,Diseño de Experiencia de Usuario,9,Aprobado
2025-08-21,Joaquin,Ramos,46271176,joaquin.ramos25@outlook.com,+54 9 3899 8281,IA-400,Deep Learning Aplicado,6,Aprobado
2025-08-21,Giuliana,Fernandez,44443284,giuliana.fernandez25@outlook.com,+54 9 3223 7666,DEV-101,Algoritmos I,7,Aprobado
2025-08-21,Ambar,Ledesma,46024126,ambar.ledesma25@outlook.com,+54 15 2968 7519,IA-400,Deep Learning Aplicado,5,Aprobado
2025-08-22,Mia Valentina,Gomez,39407484,mia valentina.gomez@gmail.com,+54 15 2229 9819,DEV-101,Algoritmos I,2,Desaprobado
2025-08-22,Zoe Valentina,Herrera,46284693,zoe valentina.herrera25@outlook.com,+54 9 3413 2176,DAT-305,Big Data & Cloud,6,Aprobado
2025-08-22,Agustín,Hernandez,39335040,agustín.hernandez@gmail.com,+54 15 2669 5824,IA-300,Redes Neuronales,2,Desaprobado
2025-08-22,Antonio,Ramirez,40102789,antonio.ramirez@gmail.com,+54 9 3710 7301,IA-400,Deep Learning Aplicado,2,Desaprobado
2025-08-22,Constanza,Gutierrez,45041443,constanza.gutierrez25@outlook.com,+54 9 3234 4070,IA-300,Redes Neuronales,5,Aprobado
2025-08-22,Josefina,Fernandez,41627786,josefina.fernandez@gmail.com,+54 15 2599 9754,NEG-400,Liderazgo y Negociación,1,Desaprobado
2025-08-22,Valentina ,Fernandez,47182282,valentina .fernandez25@outlook.com,+54 15 2641 9430,GEN-101,Ética y Tecnología,9,Aprobado
2025-08-22,Emma,Soria,39901527,emma.soria@gmail.com,+54 15 2702 8197,NEG-400,Liderazgo y Negociación,4,Aprobado
2025-08-22,Ambar,Martinez,41641503,ambar.martinez@gmail.com,+54 15 2263 4099,DAT-101,Introducción a los Datos,9,Aprobado
2025-08-22,Sofia,Romero,43399661,sofia.romero25@outlook.com,+54 15 2966 2869,MKT-200,Marketing de Contenidos,7,Aprobado
2025-08-22,Lautaro,Rios,32170253,lautaro.rios@gmail.com,+54 15 2536 0534,DAT-101,Introducción a los Datos,5,Aprobado
2025-08-22,Maria Paz,Sosa,44640011,maria paz.sosa25@outlook.com,+54 9 3358 5318,MKT-200,Marketing de Contenidos,9,Aprobado
2025-08-22,Sofia,Fernandez,46329934,sofia.fernandez25@outlook.com,+54 15 2380 1193,DAT-101,Introducción a los Datos,6,Aprobado
2025-08-23,Nicolas,Martinez,44512365,nicolas.martinez25@outlook.com,+54 15 2284 1152,IA-300,Redes Neuronales,9,Aprobado
2025-08-23,Thiago Benjamin,Romero,35450908,thiago benjamin.romero@gmail.com,+54 15 2559 8530,GEN-101,Ética y Tecnología,4,Aprobado
2025-08-23,Ana Paula,Flores,44717216,ana paula.flores25@outlook.com,+54 9 3867 9438,IA-400,Deep Learning Aplicado,3,Desaprobado
2025-08-23,Alma,Vargas,31803019,alma.vargas@gmail.com,+54 9 3878 8179,UX-100,Diseño de Experiencia de Usuario,8,Aprobado
2025-08-23,Octavio,Dominguez,40948220,octavio.dominguez@gmail.com,+54 9 3880 4190,DAT-201,Estadística Avanzada,4,Aprobado
2025-08-23,Alvaro,Arias,37829833,alvaro.arias@gmail.com,+54 9 3413 6271,DAT-305,Big Data & Cloud,2,Desaprobado
2025-08-23,Nicolas,Aguero,43632991,nicolas.aguero25@outlook.com,+54 9 3870 7177,IA-400,Deep Learning Aplicado,8,Aprobado
2025-08-23,Santino,Rodriguez,33479160,santino.rodriguez@gmail.com,+54 15 2497 0261,IA-400,Deep Learning Aplicado,8,Aprobado
2025-08-23,Nicolas,Coronel,45474619,nicolas.coronel25@outlook.com,+54 9 3111 0312,GEN-101,Ética y Tecnología,5,Aprobado
2025-08-23,Thiago Benjamin,Rodriguez,45711997,thiago benjamin.rodriguez25@outlook.com,+54 15 2875 1684,DAT-101,Introducción a los Datos,5,Aprobado
2025-08-24,Catalina,Sosa,35951430,catalina.sosa@gmail.com,+54 9 3274 5282,NEG-400,Liderazgo y Negociación,4,Aprobado
2025-08-24,León,Garcia,46153310,león.garcia25@outlook.com,+54 15 2819 6740,DEV-101,Algoritmos I,6,Aprobado
2025-08-24,Miguel Angel,Lucero,45890411,miguel angel.lucero25@outlook.com,+54 15 2766 2715,DEV-101,Algoritmos I,2,Desaprobado
2025-08-24,Isabella,Alvarez,32388706,isabella.alvarez@gmail.com,+54 9 3401 0957,MKT-200,Marketing de Contenidos,4,Aprobado
2025-08-24,Matias,Peralta,34977085,matias.peralta@gmail.com,+54 9 3442 7434,IA-400,Deep Learning Aplicado,4,Aprobado
2025-08-24,Benicio,Vega,32073901,benicio.vega@gmail.com,+54 9 3425 5825,DAT-201,Estadística Avanzada,3,Desaprobado
2025-08-24,Juan Francisco,Torres,45694620,juan francisco.torres25@outlook.com,+54 9 3762 4736,IA-400,Deep Learning Aplicado,1,Desaprobado
2025-08-24,Emma,Acosta,31020972,emma.acosta@gmail.com,+54 15 2700 4343,NEG-400,Liderazgo y Negociación,4,Aprobado
2025-08-24,Juana,Sosa,31730204,juana.sosa@gmail.com,+54 9 3738 5240,DAT-201,Estadística Avanzada,3,Desaprobado
2025-08-24,Rafael,Ramirez,40874592,rafael.ramirez@gmail.com,+54 9 3620 8843,IA-300,Redes Neuronales,8,Aprobado
2025-08-24,Josefina,Duarte,39214817,josefina.duarte@gmail.com,+54 9 3376 4118,DEV-101,Algoritmos I,2,Desaprobado
2025-08-24,Jazmín,Figueroa,38313159,jazmín.figueroa@gmail.com,+54 9 3198 8595,GEN-101,Ética y Tecnología,3,Desaprobado
2025-08-24,Thiago,Villalba,39107282,thiago.villalba@gmail.com,+54 9 3639 4235,UX-100,Diseño de Experiencia de Usuario,2,Desaprobado
2025-08-24,Samuel,Ojeda,43679905,samuel.ojeda25@outlook.com,+54 9 3172 3633,DEV-101,Algoritmos I,2,Desaprobado
2025-08-24,Vicente,Suarez,45452257,vicente.suarez25@outlook.com,+54 9 3915 3929,DAT-305,Big Data & Cloud,6,Aprobado
2025-08-24,Thiago Joaquin,Rodriguez,32099939,thiago joaquin.rodriguez@gmail.com,+54 15 2145 7655,NEG-400,Liderazgo y Negociación,3,Desaprobado
2025-08-24,Alma,Flores,32028866,alma.flores@gmail.com,+54 9 3925 3441,GEN-101,Ética y Tecnología,6,Aprobado
2025-08-25,Matias,Alvarez,39592778,matias.alvarez@gmail.com,+54 9 3228 5704,DAT-201,Estadística Avanzada,4,Aprobado
2025-08-25,Juan Ignacio,Perez,46698472,juan ignacio.perez25@outlook.com,+54 15 2119 2004,IA-300,Redes Neuronales,2,Desaprobado
2025-08-25,Guillermina,Rodriguez,41721070,guillermina.rodriguez@gmail.com,+54 15 2870 7471,DAT-201,Estadística Avanzada,6,Aprobado
2025-08-25,Ignacio,Blanco,45679679,ignacio.blanco25@outlook.com,+54 9 3818 2260,MKT-200,Marketing de Contenidos,8,Aprobado
2025-08-25,Lola,Hernandez,47762723,lola.hernandez25@outlook.com,+54 9 3317 5298,GEN-101,Ética y Tecnología,2,Desaprobado
2025-08-25,Santino,Duarte,41815317,santino.duarte@gmail.com,+54 15 2268 9888,GEN-101,Ética y Tecnología,7,Aprobado
2025-08-25,Olivia,Silva,47207202,olivia.silva25@outlook.com,+54 9 3393 1131,IA-400,Deep Learning Aplicado,2,Desaprobado
2025-08-25,Maria Paz,Rodriguez,44264848,maria paz.rodriguez25@outlook.com,+54 15 2242 9492,IA-300,Redes Neuronales,6,Aprobado
2025-08-25,Thiago Nicolas,Hernandez,35303961,thiago nicolas.hernandez@gmail.com,+54 9 3442 5369,IA-300,Redes Neuronales,7,Aprobado
2025-08-25,Ignacio,Farias,41204894,ignacio.farias@gmail.com,+54 9 3335 6297,UX-100,Diseño de Experiencia de Usuario,2,Desaprobado
2025-08-25,Ian,Chavez,41340763,ian.chavez@gmail.com,+54 9 3307 7011,GEN-101,Ética y Tecnología,9,Aprobado
2025-08-25,Catalina,Sosa,35951430,catalina.sosa@gmail.com,+54 9 3274 5282,MKT-200,Marketing de Contenidos,6,Aprobado
2025-08-25,Joaquin,Juarez,44062737,joaquin.juarez25@outlook.com,+54 15 2200 8924,MKT-200,Marketing de Contenidos,4,Aprobado
2025-08-25,Thiago Agustin,Luna,47969954,thiago agustin.luna25@outlook.com,+54 9 3384 3131,GEN-101,Ética y Tecnología,2,Desaprobado
2025-08-25,Luca,Fernandez,34631520,luca.fernandez@gmail.com,+54 9 3199 0390,IA-400,Deep Learning Aplicado,4,Aprobado
2025-08-26,Francisco,Gonzalez,32860968,francisco.gonzalez@gmail.com,+54 9 3321 6241,DEV-101,Algoritmos I,5,Aprobado
2025-08-26,Isabella,Rojas,45311516,isabella.rojas25@outlook.com,+54 15 2924 3437,UX-100,Diseño de Experiencia de Usuario,6,Aprobado
2025-08-26,Gael,Rios,35839853,gael.rios@gmail.com,+54 9 3779 5817,DEV-101,Algoritmos I,4,Aprobado
2025-08-26,Martina,Ferreyra,43344838,martina.ferreyra25@outlook.com,+54 15 2727 0701,MKT-200,Marketing de Contenidos,5,Aprobado
2025-08-26,Bianca,Alvarez,39231072,bianca.alvarez@gmail.com,+54 15 2274 2808,GEN-101,Ética y Tecnología,5,Aprobado
2025-08-26,Jeremias,Flores,36421707,jeremias.flores@gmail.com,+54 15 2227 9114,DAT-305,Big Data & Cloud,9,Aprobado
2025-08-26,Lautaro,Rios,32170253,lautaro.rios@gmail.com,+54 15 2536 0534,IA-300,Redes Neuronales,5,Aprobado
2025-08-26,Martina,Cardozo,47061751,martina.cardozo25@outlook.com,+54 15 2699 7390,MKT-200,Marketing de Contenidos,5,Aprobado
2025-08-26,Tiziano,Franco,46435125,tiziano.franco25@outlook.com,+54 15 2381 1987,IA-400,Deep Learning Aplicado,6,Aprobado
2025-08-26,Bautista,Velazquez,39255922,bautista.velazquez@gmail.com,+54 15 2339 6181,DAT-101,Introducción a los Datos,9,Aprobado
2025-08-26,Ciro,Aguirre,46137809,ciro.aguirre25@outlook.com,+54 15 2585 2761,DAT-201,Estadística Avanzada,7,Aprobado
2025-08-26,Julieta,Gonzalez,38902809,julieta.gonzalez@gmail.com,+54 15 2885 7977,MKT-200,Marketing de Contenidos,8,Aprobado
2025-08-26,Mateo Agustin,Martinez,32228319,mateo agustin.martinez@gmail.com,+54 15 2985 5876,UX-100,Diseño de Experiencia de Usuario,7,Aprobado
2025-08-26,Sofía,Acosta,40284355,sofía.acosta@gmail.com,+54 9 3691 9391,NEG-400,Liderazgo y Negociación,5,Aprobado
2025-08-26,Felipe,Ledesma,33800391,felipe.ledesma@gmail.com,+54 9 3704 9628,MKT-200,Marketing de Contenidos,2,Desaprobado
2025-08-27,Zoe Valentina,Rodriguez,45813207,zoe valentina.rodriguez25@outlook.com,+54 15 2741 7892,DEV-101,Algoritmos I,5,Aprobado
2025-08-27,Alfonsina,Ramos,39733145,alfonsina.ramos@gmail.com,+54 15 2392 8879,IA-400,Deep Learning Aplicado,8,Aprobado
2025-08-27,Malena,Diaz,44241859,malena.diaz25@outlook.com,+54 9 3988 7159,DAT-201,Estadística Avanzada,8,Aprobado
2025-08-27,Bruno,Ramos,46653953,bruno.ramos25@outlook.com,+54 15 2897 3303,IA-400,Deep Learning Aplicado,8,Aprobado
2025-08-27,Lola,Diaz,39547835,lola.diaz@gmail.com,+54 15 2695 5368,DAT-201,Estadística Avanzada,5,Aprobado
2025-08-27,Alvaro,Arias,37829833,alvaro.arias@gmail.com,+54 9 3413 6271,MKT-200,Marketing de Contenidos,9,Aprobado
2025-08-27,Thiago Agustin,Vega,36314879,thiago agustin.vega@gmail.com,+54 15 2198 6549,DAT-305,Big Data & Cloud,3,Desaprobado
2025-08-27,Thiago Benjamin,Ayala,33683627,thiago benjamin.ayala@gmail.com,+54 9 3339 0062,DAT-201,Estadística Avanzada,8,Aprobado
2025-08-27,Santino,Gonzalez,30060967,santino.gonzalez@gmail.com,+54 15 2919 8172,DAT-101,Introducción a los Datos,1,Desaprobado
2025-08-27,Mora,Cabrera,37182051,mora.cabrera@gmail.com,+54 15 2254 1875,DAT-201,Estadística Avanzada,6,Aprobado
2025-08-27,Angelina,Garcia,35580984,angelina.garcia@gmail.com,+54 9 3933 6024,MKT-200,Marketing de Contenidos,3,Desaprobado
2025-08-27,Martina,Gutierrez,39093550,martina.gutierrez@gmail.com,+54 9 3610 5498,DAT-101,Introducción a los Datos,5,Aprobado
2025-08-28,Juana,Ramirez,31559920,juana.ramirez@gmail.com,+54 9 3665 4505,DAT-201,Estadística Avanzada,7,Aprobado
2025-08-28,Elena,Herrera,37802380,elena.herrera@gmail.com,+54 15 2537 7105,DEV-101,Algoritmos I,6,Aprobado
2025-08-28,Thiago,Gomez,39835913,thiago.gomez@gmail.com,+54 9 3360 2893,IA-400,Deep Learning Aplicado,1,Desaprobado
2025-08-28,Lara,Fernandez,47993064,lara.fernandez25@outlook.com,+54 9 3584 5179,DAT-201,Estadística Avanzada,5,Aprobado
2025-08-28,Isabella,Romero,39337175,isabella.romero@gmail.com,+54 15 2846 4951,DAT-101,Introducción a los Datos,10,Aprobado
2025-08-28,Juana,Castro,36133533,juana.castro@gmail.com,+54 15 2508 7979,DEV-101,Algoritmos I,8,Aprobado
2025-08-28,Lisandro,Ruiz,34627342,lisandro.ruiz@gmail.com,+54 15 2711 2919,NEG-400,Liderazgo y Negociación,2,Desaprobado
2025-08-28,Luciana,Moreno,37351522,luciana.moreno@gmail.com,+54 9 3606 2624,NEG-400,Liderazgo y Negociación,4,Aprobado
2025-08-28,Giuliana,Ledesma,45011218,giuliana.ledesma25@outlook.com,+54 9 3191 1011,NEG-400,Liderazgo y Negociación,5,Aprobado
2025-08-28,Rafael,Nuñez,40409948,rafael.nuñez@gmail.com,+54 9 3892 9373,IA-300,Redes Neuronales,5,Aprobado
2025-08-28,Francesca,Ramos,38181190,francesca.ramos@gmail.com,+54 15 2982 4752,MKT-200,Marketing de Contenidos,1,Desaprobado
2025-08-28,Bianca,Cruz,47481163,bianca.cruz25@outlook.com,+54 9 3910 1010,DAT-101,Introducción a los Datos,5,Aprobado
2025-08-28,Valentina ,Gutierrez,35574653,valentina .gutierrez@gmail.com,+54 9 3354 6331,DAT-201,Estadística Avanzada,1,Desaprobado
2025-08-28,Luana,Martinez,45417606,luana.martinez25@outlook.com,+54 9 3215 1578,NEG-400,Liderazgo y Negociación,5,Aprobado
2025-08-28,Gino,Farias,39278348,gino.farias@gmail.com,+54 9 3368 2775,GEN-101,Ética y Tecnología,10,Aprobado
2025-08-28,Julian,Maldonado,38498499,julian.maldonado@gmail.com,+54 15 2319 8703,DAT-101,Introducción a los Datos,8,Aprobado
2025-08-29,Facundo,Figueroa,34832335,facundo.figueroa@gmail.com,+54 9 3982 9731,DAT-305,Big Data & Cloud,5,Aprobado
2025-08-29,Julian,Gimenez,44176621,julian.gimenez25@outlook.com,+54 9 3139 3290,DAT-101,Introducción a los Datos,5,Aprobado
2025-08-29,Santino Benjamin,Garcia,47822229,santino benjamin.garcia25@outlook.com,+54 15 2619 7984,DAT-201,Estadística Avanzada,2,Desaprobado
2025-08-29,Pilar,Lopez,32409630,pilar.lopez@gmail.com,+54 9 3138 7031,DAT-201,Estadística Avanzada,2,Desaprobado
2025-08-29,Milagros,Campos,31634609,milagros.campos@gmail.com,+54 9 3379 8110,DAT-101,Introducción a los Datos,10,Aprobado
2025-08-29,Juana,Sosa,31730204,juana.sosa@gmail.com,+54 9 3738 5240,IA-400,Deep Learning Aplicado,1,Desaprobado
2025-08-29,Abigail,Bravo,45225711,abigail.bravo25@outlook.com,+54 9 3623 4808,DAT-305,Big Data & Cloud,5,Aprobado
2025-08-29,Francisco,Nuñez,31221561,francisco.nuñez@gmail.com,+54 15 2303 8793,UX-100,Diseño de Experiencia de Usuario,2,Desaprobado
2025-08-29,Bianca,Torres,37584867,bianca.torres@gmail.com,+54 9 3666 0592,DAT-201,Estadística Avanzada,7,Aprobado
2025-08-29,Lautaro Benjamin,Gimenez,35330350,lautaro benjamin.gimenez@gmail.com,+54 15 2728 5441,DAT-201,Estadística Avanzada,10,Aprobado
2025-08-29,Santiago,Roldan,33353197,santiago.roldan@gmail.com,+54 9 3596 3393,DAT-201,Estadística Avanzada,5,Aprobado
2025-08-29,Camila,Romero,39449899,camila.romero@gmail.com,+54 9 3702 0303,IA-400,Deep Learning Aplicado,4,Aprobado
2025-08-29,Milagros,Diaz,41950319,milagros.diaz@gmail.com,+54 9 3290 5987,DAT-201,Estadística Avanzada,1,Desaprobado
2025-08-29,Benicio,Acosta,35207049,benicio.acosta@gmail.com,+54 9 3912 1163,IA-400,Deep Learning Aplicado,5,Aprobado
2025-08-29,Sofia,Lopez,43008590,sofia.lopez25@outlook.com,+54 15 2796 4023,IA-300,Redes Neuronales,5,Aprobado
2025-08-29,Salvador,Correa,34577564,salvador.correa@gmail.com,+54 15 2524 2874,DAT-305,Big Data & Cloud,6,Aprobado
2025-08-30,Ana Paula,Rios,47764924,ana paula.rios25@outlook.com,+54 15 2323 5264,DEV-101,Algoritmos I,7,Aprobado
2025-08-30,Alma,Gonzalez,47199896,alma.gonzalez25@outlook.com,+54 15 2874 1707,DAT-305,Big Data & Cloud,2,Desaprobado
2025-08-30,Camila,Romero,39449899,camila.romero@gmail.com,+54 9 3702 0303,DAT-101,Introducción a los Datos,2,Desaprobado
2025-08-30,Nicolas,Dominguez,38066467,nicolas.dominguez@gmail.com,+54 9 3330 4137,GEN-101,Ética y Tecnología,3,Desaprobado
2025-08-30,Juan Martin,Rodriguez,45647473,juan martin.rodriguez25@outlook.com,+54 15 2971 9077,DEV-101,Algoritmos I,3,Desaprobado
2025-08-30,Joaquin,Mansilla,34696467,joaquin.mansilla@gmail.com,+54 9 3717 5960,DAT-101,Introducción a los Datos,3,Desaprobado
2025-08-30,Martina,Cruz,40582609,martina.cruz@gmail.com,+54 15 2320 0008,DAT-305,Big Data & Cloud,8,Aprobado
2025-08-30,Miguel Angel,Lucero,45890411,miguel angel.lucero25@outlook.com,+54 15 2766 2715,IA-300,Redes Neuronales,3,Desaprobado
2025-08-30,Alejo,Gonzalez,35147199,alejo.gonzalez@gmail.com,+54 15 2428 8396,NEG-400,Liderazgo y Negociación,7,Aprobado
2025-08-30,Emma,Fernandez,36138156,emma.fernandez@gmail.com,+54 9 3418 7412,DAT-101,Introducción a los Datos,9,Aprobado
2025-08-30,Santiago,Rios,45309663,santiago.rios25@outlook.com,+54 9 3109 4316,IA-400,Deep Learning Aplicado,6,Aprobado
2025-08-30,Clara,Godoy,46418357,clara.godoy25@outlook.com,+54 15 2263 1097,DAT-201,Estadística Avanzada,9,Aprobado
2025-08-31,Alfonsina,Rivero,34288472,alfonsina.rivero@gmail.com,+54 15 2757 9385,DAT-305,Big Data & Cloud,2,Desaprobado
2025-08-31,Salvador,Martinez,30858543,salvador.martinez@gmail.com,+54 9 3255 1941,MKT-200,Marketing de Contenidos,3,Desaprobado
2025-08-31,Lola,Acuña,35407054,lola.acuña@gmail.com,+54 9 3800 7780,IA-400,Deep Learning Aplicado,9,Aprobado
2025-08-31,Malena,Lucero,40293144,malena.lucero@gmail.com,+54 15 2856 9027,DEV-101,Algoritmos I,8,Aprobado
2025-08-31,Luciano,Ferreyra,45474521,luciano.ferreyra25@outlook.com,+54 15 2564 2665,MKT-200,Marketing de Contenidos,5,Aprobado
2025-08-31,Santino,Barrios,46847177,santino.barrios25@outlook.com,+54 9 3259 2427,DEV-101,Algoritmos I,6,Aprobado
2025-08-31,Agustín,Navarro,41912939,agustín.navarro@gmail.com,+54 9 3115 9430,DEV-101,Algoritmos I,9,Aprobado
2025-08-31,Ciro,Caceres,36992557,ciro.caceres@gmail.com,+54 9 3996 2042,IA-400,Deep Learning Aplicado,4,Aprobado
2025-08-31,Alvaro,Gonzalez,45007686,alvaro.gonzalez25@outlook.com,+54 9 3763 8121,DAT-101,Introducción a los Datos,10,Aprobado
2025-08-31,Máximo,Carrizo,44853849,máximo.carrizo25@outlook.com,+54 9 3352 0346,IA-400,Deep Learning Aplicado,4,Aprobado
2025-08-31,Santiago,Caceres,47775711,santiago.caceres25@outlook.com,+54 15 2450 9084,DAT-101,Introducción a los Datos,7,Aprobado
2025-08-31,Josefina,Gonzalez,37458197,josefina.gonzalez@gmail.com,+54 15 2673 8875,DEV-101,Algoritmos I,2,Desaprobado
2025-08-31,Gino,Farias,39278348,gino.farias@gmail.com,+54 9 3368 2775,DAT-201,Estadística Avanzada,6,Aprobado
2025-08-31,Facundo,Ayala,43615605,facundo.ayala25@outlook.com,+54 9 3834 7596,DAT-201,Estadística Avanzada,4,Aprobado
2025-08-31,Alma,Flores,32028866,alma.flores@gmail.com,+54 9 3925 3441,DAT-201,Estadística Avanzada,9,Aprobado
2025-08-31,Julieta,Ramirez,45763623,julieta.ramirez25@outlook.com,+54 9 3271 8048,DAT-201,Estadística Avanzada,1,Desaprobado
2025-08-31,Ciro,Campos,31681085,ciro.campos@gmail.com,+54 9 3430 5299,NEG-400,Liderazgo y Negociación,3,Desaprobado
2025-08-31,Juana,Maldonado,35532629,juana.maldonado@gmail.com,+54 9 3613 1037,MKT-200,Marketing de Contenidos,9,Aprobado
2025-09-01,Simon,Blanco,38936509,simon.blanco@gmail.com,+54 9 3106 1436,DEV-101,Algoritmos I,6,Aprobado
2025-09-01,Julieta,Coronel,44025027,julieta.coronel25@outlook.com,+54 9 3966 2319,DAT-305,Big Data & Cloud,4,Aprobado
2025-09-01,Guillermina,Garcia,39159460,guillermina.garcia@gmail.com,+54 9 3820 3838,DEV-101,Algoritmos I,10,Aprobado
2025-09-01,Mateo,Barrios,46708439,mateo.barrios25@outlook.com,+54 15 2432 7834,DAT-101,Introducción a los Datos,9,Aprobado
2025-09-01,Clara,Muñoz,32108581,clara.muñoz@gmail.com,+54 15 2753 2952,GEN-101,Ética y Tecnología,10,Aprobado
2025-09-01,Delfina,Garcia,44692963,delfina.garcia25@outlook.com,+54 9 3652 2166,GEN-101,Ética y Tecnología,5,Aprobado
2025-09-01,Luna,Mendoza,40451762,luna.mendoza@gmail.com,+54 15 2186 7469,UX-100,Diseño de Experiencia de Usuario,8,Aprobado
2025-09-01,Mateo,Lopez,30278086,mateo.lopez@gmail.com,+54 9 3374 3377,DAT-201,Estadística Avanzada,5,Aprobado
2025-09-01,Francisca,Nuñez,38794221,francisca.nuñez@gmail.com,+54 15 2182 3647,IA-400,Deep Learning Aplicado,1,Desaprobado
2025-09-01,Gael,Medina,37952540,gael.medina@gmail.com,+54 9 3322 6257,DAT-201,Estadística Avanzada,4,Aprobado
2025-09-01,Angel Gabriel,Morales,37017626,angel gabriel.morales@gmail.com,+54 15 2475 5073,DAT-101,Introducción a los Datos,10,Aprobado
2025-09-01,Thiago Benjamin,Romero,35450908,thiago benjamin.romero@gmail.com,+54 15 2559 8530,DAT-101,Introducción a los Datos,10,Aprobado
2025-09-01,Mia Valentina,Gimenez,46966361,mia valentina.gimenez25@outlook.com,+54 15 2560 1349,DEV-101,Algoritmos I,5,Aprobado
2025-09-01,Guadalupe,Gomez,38111908,guadalupe.gomez@gmail.com,+54 15 2201 9035,IA-300,Redes Neuronales,3,Desaprobado
2025-09-01,Angelina,Romero,32171052,angelina.romero@gmail.com,+54 9 3817 8605,IA-300,Redes Neuronales,4,Aprobado
2025-09-01,Camila,Rios,37039481,camila.rios@gmail.com,+54 15 2438 9612,DAT-101,Introducción a los Datos,6,Aprobado
2025-09-01,Maximo,Velazquez,32726810,maximo.velazquez@gmail.com,+54 9 3216 6292,MKT-200,Marketing de Contenidos,10,Aprobado
2025-09-01,Bruno,Rodriguez,44343339,bruno.rodriguez25@outlook.com,+54 15 2462 5981,IA-300,Redes Neuronales,8,Aprobado
2025-09-01,Julian,Ledesma,40228309,julian.ledesma@gmail.com,+54 15 2119 2341,IA-300,Redes Neuronales,1,Desaprobado
2025-09-01,Salvador,Martinez,30858543,salvador.martinez@gmail.com,+54 9 3255 1941,IA-300,Redes Neuronales,5,Aprobado
2025-09-01,Franco,Perez,35486815,franco.perez@gmail.com,+54 15 2650 6421,DEV-101,Algoritmos I,8,Aprobado
2025-09-01,Sofia Belen,Acosta,32567561,sofia belen.acosta@gmail.com,+54 15 2896 0880,GEN-101,Ética y Tecnología,9,Aprobado
2025-09-01,Santino,Lopez,39265874,santino.lopez@gmail.com,+54 9 3354 9405,UX-100,Diseño de Experiencia de Usuario,6,Aprobado
2025-09-02,Maria Paz,Ruiz,32703610,maria paz.ruiz@gmail.com,+54 9 3315 0999,DAT-305,Big Data & Cloud,8,Aprobado
2025-09-02,Mia,Gimenez,44490644,mia.gimenez25@outlook.com,+54 9 3250 3782,DAT-201,Estadística Avanzada,4,Aprobado
2025-09-02,Lucas,Perez,37561242,lucas.perez@gmail.com,+54 15 2550 4270,NEG-400,Liderazgo y Negociación,8,Aprobado
2025-09-02,Mateo Benjamin,Ruiz,32997790,mateo benjamin.ruiz@gmail.com,+54 15 2316 2089,DAT-305,Big Data & Cloud,9,Aprobado
2025-09-02,Angelina,Garcia,35580984,angelina.garcia@gmail.com,+54 9 3933 6024,DAT-201,Estadística Avanzada,4,Aprobado
2025-09-02,Jazmín,Mendez,30839312,jazmín.mendez@gmail.com,+54 9 3493 4706,UX-100,Diseño de Experiencia de Usuario,3,Desaprobado
2025-09-02,Renata,Dominguez,39160706,renata.dominguez@gmail.com,+54 9 3981 3766,IA-400,Deep Learning Aplicado,7,Aprobado
2025-09-02,Luca,Martinez,33709759,luca.martinez@gmail.com,+54 15 2120 8450,IA-300,Redes Neuronales,5,Aprobado
2025-09-02,Martín,Gonzalez,38631479,martín.gonzalez@gmail.com,+54 9 3993 9658,DAT-101,Introducción a los Datos,9,Aprobado
2025-09-02,Gael,Medina,37952540,gael.medina@gmail.com,+54 9 3322 6257,DEV-101,Algoritmos I,7,Aprobado
2025-09-02,Priscila,Torres,45539704,priscila.torres25@outlook.com,+54 15 2693 1603,DEV-101,Algoritmos I,1,Desaprobado
2025-09-02,Olivia,Lopez,40804778,olivia.lopez@gmail.com,+54 9 3809 7636,DEV-101,Algoritmos I,10,Aprobado
2025-09-02,Francesca,Gonzalez,36570791,francesca.gonzalez@gmail.com,+54 9 3356 4933,IA-400,Deep Learning Aplicado,7,Aprobado
2025-09-02,Catalina,Sosa,35951430,catalina.sosa@gmail.com,+54 9 3274 5282,MKT-200,Marketing de Contenidos,10,Aprobado
2025-09-02,Uma ,Chavez,30186819,uma .chavez@gmail.com,+54 15 2368 9480,IA-400,Deep Learning Aplicado,10,Aprobado
2025-09-02,Joaquin,Suarez,44476887,joaquin.suarez25@outlook.com,+54 15 2166 7577,IA-400,Deep Learning Aplicado,2,Desaprobado
2025-09-02,Maria Victoria,Ojeda,37880219,maria victoria.ojeda@gmail.com,+54 15 2686 9879,UX-100,Diseño de Experiencia de Usuario,5,Aprobado
2025-09-02,Josefina,Sosa,36443537,josefina.sosa@gmail.com,+54 9 3295 3403,DAT-305,Big Data & Cloud,8,Aprobado
2025-09-02,Priscila,Torres,45539704,priscila.torres25@outlook.com,+54 15 2693 1603,DAT-201,Estadística Avanzada,6,Aprobado
2025-09-03,Guadalupe,Sanchez,36691364,guadalupe.sanchez@gmail.com,+54 15 2281 5403,MKT-200,Marketing de Contenidos,3,Desaprobado
2025-09-03,Guadalupe,Luna,33143242,guadalupe.luna@gmail.com,+54 9 3766 6689,NEG-400,Liderazgo y Negociación,2,Desaprobado
2025-09-03,Benjamin,Ortiz,31445923,benjamin.ortiz@gmail.com,+54 9 3491 8793,GEN-101,Ética y Tecnología,10,Aprobado
2025-09-03,Bautista Benjamin,Sosa,37679372,bautista benjamin.sosa@gmail.com,+54 9 3430 3693,DAT-305,Big Data & Cloud,4,Aprobado
2025-09-03,Benicio,Acosta,35207049,benicio.acosta@gmail.com,+54 9 3912 1163,MKT-200,Marketing de Contenidos,9,Aprobado
2025-09-03,Zoe Valentina,Herrera,46284693,zoe valentina.herrera25@outlook.com,+54 9 3413 2176,DAT-305,Big Data & Cloud,8,Aprobado
2025-09-03,Felipe,Ruiz,43191267,felipe.ruiz25@outlook.com,+54 15 2264 2274,DAT-305,Big Data & Cloud,1,Desaprobado
2025-09-03,Lautaro Benjamin,Garcia,40967959,lautaro benjamin.garcia@gmail.com,+54 9 3115 2589,IA-400,Deep Learning Aplicado,3,Desaprobado
2025-09-03,Benjamin,Martinez,35598065,benjamin.martinez@gmail.com,+54 9 3851 8295,DAT-305,Big Data & Cloud,10,Aprobado
2025-09-03,Martina,Moreno,35930527,martina.moreno@gmail.com,+54 15 2480 5090,NEG-400,Liderazgo y Negociación,7,Aprobado
2025-09-03,Lola,Acuña,35407054,lola.acuña@gmail.com,+54 9 3800 7780,DEV-101,Algoritmos I,4,Aprobado
2025-09-03,Josefina,Duarte,39214817,josefina.duarte@gmail.com,+54 9 3376 4118,MKT-200,Marketing de Contenidos,4,Aprobado
2025-09-03,Juan Martin,Farias,30344498,juan martin.farias@gmail.com,+54 9 3720 0021,DAT-101,Introducción a los Datos,8,Aprobado
2025-09-03,Carmela,Ledesma,43624806,carmela.ledesma25@outlook.com,+54 9 3870 6600,NEG-400,Liderazgo y Negociación,1,Desaprobado
2025-09-03,Alejo,Gonzalez,35147199,alejo.gonzalez@gmail.com,+54 15 2428 8396,UX-100,Diseño de Experiencia de Usuario,2,Desaprobado
2025-09-03,Juana,Bravo,44118742,juana.bravo25@outlook.com,+54 15 2842 9518,NEG-400,Liderazgo y Negociación,2,Desaprobado
2025-09-03,Francisca,Rodriguez,43528816,francisca.rodriguez25@outlook.com,+54 9 3973 0260,IA-300,Redes Neuronales,4,Aprobado
2025-09-04,Samuel,Gomez,45865176,samuel.gomez25@outlook.com,+54 15 2951 2629,GEN-101,Ética y Tecnología,6,Aprobado
2025-09-04,Joaquin,Benitez,46829066,joaquin.benitez25@outlook.com,+54 9 3393 8903,MKT-200,Marketing de Contenidos,6,Aprobado
2025-09-04,Emanuel,Gomez,31576981,emanuel.gomez@gmail.com,+54 9 3734 4828,DAT-101,Introducción a los Datos,7,Aprobado
2025-09-04,Clara,Duarte,47517294,clara.duarte25@outlook.com,+54 9 3696 9591,DEV-101,Algoritmos I,9,Aprobado
2025-09-04,Juan,Ramirez,33984071,juan.ramirez@gmail.com,+54 15 2725 9320,GEN-101,Ética y Tecnología,4,Aprobado
2025-09-04,Lucía ,Fernandez,31177427,lucía .fernandez@gmail.com,+54 15 2914 3080,MKT-200,Marketing de Contenidos,10,Aprobado
2025-09-04,Delfina,Fernandez,32098690,delfina.fernandez@gmail.com,+54 9 3395 3178,IA-400,Deep Learning Aplicado,2,Desaprobado
2025-09-04,Benjamin,Gomez,46411752,benjamin.gomez25@outlook.com,+54 15 2160 7932,DAT-101,Introducción a los Datos,9,Aprobado
2025-09-04,Benjamin Ezequiel,Garcia,34705463,benjamin ezequiel.garcia@gmail.com,+54 15 2410 6445,DAT-101,Introducción a los Datos,4,Aprobado
2025-09-04,Maximo,Romero,33418893,maximo.romero@gmail.com,+54 15 2655 6620,UX-100,Diseño de Experiencia de Usuario,1,Desaprobado
2025-09-04,Valentino,Martinez,32284312,valentino.martinez@gmail.com,+54 15 2694 1296,IA-300,Redes Neuronales,10,Aprobado
2025-09-04,Martina,Cruz,47530910,martina.cruz25@outlook.com,+54 9 3941 4734,DAT-305,Big Data & Cloud,5,Aprobado
2025-09-04,Clara,Muñoz,32108581,clara.muñoz@gmail.com,+54 15 2753 2952,NEG-400,Liderazgo y Negociación,10,Aprobado
2025-09-04,Alma,Lopez,46833655,alma.lopez25@outlook.com,+54 9 3581 7858,IA-400,Deep Learning Aplicado,6,Aprobado
2025-09-05,Nicolas,Coronel,45474619,nicolas.coronel25@outlook.com,+54 9 3111 0312,IA-300,Redes Neuronales,7,Aprobado
2025-09-05,Morena Jazmin,Gomez,39820530,morena jazmin.gomez@gmail.com,+54 15 2599 8329,GEN-101,Ética y Tecnología,4,Aprobado
2025-09-05,Miguel Angel,Lucero,45890411,miguel angel.lucero25@outlook.com,+54 15 2766 2715,IA-300,Redes Neuronales,7,Aprobado
2025-09-05,Felicitas,Aguero,37632339,felicitas.aguero@gmail.com,+54 15 2723 3282,UX-100,Diseño de Experiencia de Usuario,1,Desaprobado
2025-09-05,Santiago,Rios,45309663,santiago.rios25@outlook.com,+54 9 3109 4316,DEV-101,Algoritmos I,7,Aprobado
2025-09-05,Lautaro Ezequiel,Miranda,41289442,lautaro ezequiel.miranda@gmail.com,+54 9 3967 1656,UX-100,Diseño de Experiencia de Usuario,6,Aprobado
2025-09-05,Zoe,Perez,33397920,zoe.perez@gmail.com,+54 15 2971 5023,DEV-101,Algoritmos I,1,Desaprobado
2025-09-05,Bruno,Cruz,46706919,bruno.cruz25@outlook.com,+54 15 2846 5923,MKT-200,Marketing de Contenidos,5,Aprobado
2025-09-05,Manuel,Romero,33818954,manuel.romero@gmail.com,+54 9 3255 1342,DEV-101,Algoritmos I,7,Aprobado
2025-09-05,Thiago Ezequiel,Ferreyra,47908881,thiago ezequiel.ferreyra25@outlook.com,+54 9 3314 9532,DAT-101,Introducción a los Datos,6,Aprobado
2025-09-05,Luna,Mendoza,40451762,luna.mendoza@gmail.com,+54 15 2186 7469,DAT-201,Estadística Avanzada,2,Desaprobado
2025-09-05,Tomàs,Godoy,41051244,tomàs.godoy@gmail.com,+54 15 2375 1247,MKT-200,Marketing de Contenidos,6,Aprobado
2025-09-05,Thiago,Gomez,39835913,thiago.gomez@gmail.com,+54 9 3360 2893,DAT-201,Estadística Avanzada,9,Aprobado
2025-09-05,Martina,Martinez,33610212,martina.martinez@gmail.com,+54 9 3261 8643,IA-300,Redes Neuronales,10,Aprobado
2025-09-05,Amparo,Pereyra,35115152,amparo.pereyra@gmail.com,+54 9 3249 7262,DEV-101,Algoritmos I,9,Aprobado
2025-09-05,Valentino,Martinez,32284312,valentino.martinez@gmail.com,+54 15 2694 1296,IA-400,Deep Learning Aplicado,3,Desaprobado
2025-09-05,Lautaro Benjamin,Paz,35218002,lautaro benjamin.paz@gmail.com,+54 15 2423 7428,IA-400,Deep Learning Aplicado,10,Aprobado
2025-09-05,Lautaro Benjamin,Garcia,40967959,lautaro benjamin.garcia@gmail.com,+54 9 3115 2589,NEG-400,Liderazgo y Negociación,2,Desaprobado
2025-09-05,Juan Francisco,Torres,45694620,juan francisco.torres25@outlook.com,+54 9 3762 4736,DAT-201,Estadística Avanzada,9,Aprobado
2025-09-06,Josefina,Gonzalez,40269989,josefina.gonzalez@gmail.com,+54 15 2375 8291,IA-400,Deep Learning Aplicado,6,Aprobado
2025-09-06,Delfina,Paz,32329071,delfina.paz@gmail.com,+54 9 3502 4461,IA-300,Redes Neuronales,10,Aprobado
2025-09-06,Francisco,Rodriguez,43462497,francisco.rodriguez25@outlook.com,+54 9 3619 5749,DAT-101,Introducción a los Datos,4,Aprobado
2025-09-06,Salvador,Correa,34577564,salvador.correa@gmail.com,+54 15 2524 2874,DAT-101,Introducción a los Datos,2,Desaprobado
2025-09-06,Francisco,Ferreyra,40437078,francisco.ferreyra@gmail.com,+54 9 3985 4160,DAT-305,Big Data & Cloud,8,Aprobado
2025-09-06,Nicolas,Torres,44988381,nicolas.torres25@outlook.com,+54 9 3103 2180,IA-300,Redes Neuronales,1,Desaprobado
2025-09-06,Nicolas,Rodriguez,39396593,nicolas.rodriguez@gmail.com,+54 9 3777 9793,DAT-201,Estadística Avanzada,10,Aprobado
2025-09-06,Santiago,Benitez,46281181,santiago.benitez25@outlook.com,+54 15 2457 7890,DAT-101,Introducción a los Datos,10,Aprobado
2025-09-06,Julieta,Gomez,39752062,julieta.gomez@gmail.com,+54 15 2874 1381,GEN-101,Ética y Tecnología,4,Aprobado
2025-09-06,Zoe Jazmin,Castillo,39073064,zoe jazmin.castillo@gmail.com,+54 9 3595 0967,DEV-101,Algoritmos I,5,Aprobado
2025-09-06,Lautaro Ezequiel,Rodriguez,31015246,lautaro ezequiel.rodriguez@gmail.com,+54 15 2312 7513,DAT-101,Introducción a los Datos,10,Aprobado
2025-09-06,Renata,Fernandez,39047069,renata.fernandez@gmail.com,+54 15 2421 5023,DAT-201,Estadística Avanzada,6,Aprobado
2025-09-06,Bautista,Gonzalez,37370656,bautista.gonzalez@gmail.com,+54 15 2873 8581,IA-300,Redes Neuronales,3,Desaprobado
2025-09-06,Bautista,Gonzalez,37370656,bautista.gonzalez@gmail.com,+54 15 2873 8581,DAT-101,Introducción a los Datos,5,Aprobado
2025-09-06,Ignacio,Blanco,45679679,ignacio.blanco25@outlook.com,+54 9 3818 2260,IA-400,Deep Learning Aplicado,6,Aprobado
2025-09-06,Mateo,Fernandez,31846333,mateo.fernandez@gmail.com,+54 9 3288 3247,IA-300,Redes Neuronales,1,Desaprobado
2025-09-06,Agustín,Soria,45351925,agustín.soria25@outlook.com,+54 9 3897 5265,IA-300,Redes Neuronales,5,Aprobado
2025-09-06,Giuliana,Fernandez,44443284,giuliana.fernandez25@outlook.com,+54 9 3223 7666,NEG-400,Liderazgo y Negociación,5,Aprobado
2025-09-07,Tiziana,Aguirre,45105658,tiziana.aguirre25@outlook.com,+54 15 2465 3819,DAT-101,Introducción a los Datos,5,Aprobado
2025-09-07,Martina,Cruz,40582609,martina.cruz@gmail.com,+54 15 2320 0008,IA-300,Redes Neuronales,6,Aprobado
2025-09-07,Isabella,Romero,37106276,isabella.romero@gmail.com,+54 15 2995 6996,DEV-101,Algoritmos I,5,Aprobado
2025-09-07,Bautista,Castro,39647120,bautista.castro@gmail.com,+54 9 3859 7299,UX-100,Diseño de Experiencia de Usuario,2,Desaprobado
2025-09-07,Uma,Castro,33714793,uma.castro@gmail.com,+54 15 2383 1242,IA-300,Redes Neuronales,3,Desaprobado
2025-09-07,Josefina,Fernandez,41627786,josefina.fernandez@gmail.com,+54 15 2599 9754,DEV-101,Algoritmos I,4,Aprobado
2025-09-07,Emiliano,Gonzalez,32270986,emiliano.gonzalez@gmail.com,+54 15 2108 6227,IA-300,Redes Neuronales,10,Aprobado
2025-09-07,Juan,Ramirez,33984071,juan.ramirez@gmail.com,+54 15 2725 9320,IA-400,Deep Learning Aplicado,5,Aprobado
2025-09-07,Catalina,Rodriguez,38531623,catalina.rodriguez@gmail.com,+54 9 3727 8330,MKT-200,Marketing de Contenidos,10,Aprobado
2025-09-07,Ignacio,Farias,41204894,ignacio.farias@gmail.com,+54 9 3335 6297,DEV-101,Algoritmos I,3,Desaprobado
2025-09-07,Ciro Benjamin,Gonzalez,34432017,ciro benjamin.gonzalez@gmail.com,+54 15 2944 2981,IA-400,Deep Learning Aplicado,8,Aprobado
2025-09-07,Agustina,Ramirez,34531843,agustina.ramirez@gmail.com,+54 15 2450 6445,GEN-101,Ética y Tecnología,8,Aprobado
2025-09-07,Morena Jazmin,Vera,43904377,morena jazmin.vera25@outlook.com,+54 9 3103 7839,MKT-200,Marketing de Contenidos,9,Aprobado
2025-09-07,Juan Ignacio,Cabrera,31425696,juan ignacio.cabrera@gmail.com,+54 15 2237 6605,NEG-400,Liderazgo y Negociación,1,Desaprobado
2025-09-08,Vicente,Gonzalez,31136038,vicente.gonzalez@gmail.com,+54 15 2971 1423,MKT-200,Marketing de Contenidos,10,Aprobado
2025-09-08,Zoe,Ferreyra,44227115,zoe.ferreyra25@outlook.com,+54 15 2274 1255,NEG-400,Liderazgo y Negociación,5,Aprobado
2025-09-08,Tomàs,Ortiz,45076705,tomàs.ortiz25@outlook.com,+54 9 3857 6471,IA-400,Deep Learning Aplicado,4,Aprobado
2025-09-08,Catalina,Gonzalez,38818793,catalina.gonzalez@gmail.com,+54 9 3465 4130,DAT-305,Big Data & Cloud,9,Aprobado
2025-09-08,Federico,Ramirez,32498967,federico.ramirez@gmail.com,+54 15 2968 1349,MKT-200,Marketing de Contenidos,9,Aprobado
2025-09-08,Tobias,Torres,31209670,tobias.torres@gmail.com,+54 15 2361 7501,DAT-101,Introducción a los Datos,6,Aprobado
2025-09-08,Juana,Juarez,46780927,juana.juarez25@outlook.com,+54 15 2786 6426,DAT-101,Introducción a los Datos,3,Desaprobado
2025-09-08,Juan Sebastian,Fernandez,44190336,juan sebastian.fernandez25@outlook.com,+54 15 2892 9959,IA-400,Deep Learning Aplicado,6,Aprobado
2025-09-08,Ramiro,Ruiz,45198757,ramiro.ruiz25@outlook.com,+54 15 2164 7783,IA-400,Deep Learning Aplicado,7,Aprobado
2025-09-08,Tomàs,Lopez,46210812,tomàs.lopez25@outlook.com,+54 9 3981 6909,UX-100,Diseño de Experiencia de Usuario,2,Desaprobado
2025-09-08,Maria Paz,Rodriguez,36235580,maria paz.rodriguez@gmail.com,+54 9 3674 8872,GEN-101,Ética y Tecnología,9,Aprobado
2025-09-08,Jazmin,Ledesma,32441127,jazmin.ledesma@gmail.com,+54 15 2561 4868,MKT-200,Marketing de Contenidos,10,Aprobado
2025-09-08,Mateo Ezequiel,Ferreyra,44235496,mateo ezequiel.ferreyra25@outlook.com,+54 15 2133 4336,DAT-305,Big Data & Cloud,2,Desaprobado
2025-09-08,Mateo Benjamin,Coronel,33175574,mateo benjamin.coronel@gmail.com,+54 9 3615 8883,IA-400,Deep Learning Aplicado,1,Desaprobado
2025-09-09,Abril,Molina,43281049,abril.molina25@outlook.com,+54 9 3904 1124,MKT-200,Marketing de Contenidos,3,Desaprobado
2025-09-09,Alma,Vargas,31803019,alma.vargas@gmail.com,+54 9 3878 8179,DAT-305,Big Data & Cloud,6,Aprobado
2025-09-09,Guadalupe,Fernandez,33375552,guadalupe.fernandez@gmail.com,+54 9 3347 1967,DAT-101,Introducción a los Datos,6,Aprobado
2025-09-09,Santino Ezequiel,Quiroga,31313953,santino ezequiel.quiroga@gmail.com,+54 15 2930 1507,IA-300,Redes Neuronales,1,Desaprobado
2025-09-09,Paloma,Gonzalez,34888999,paloma.gonzalez@gmail.com,+54 9 3840 2726,GEN-101,Ética y Tecnología,6,Aprobado
2025-09-09,Mia,Mendez,33717161,mia.mendez@gmail.com,+54 9 3271 1287,DEV-101,Algoritmos I,9,Aprobado
2025-09-09,Emilia,Rivero,33247551,emilia.rivero@gmail.com,+54 9 3135 7659,GEN-101,Ética y Tecnología,3,Desaprobado
2025-09-09,Juan Pablo,Vega,33846409,juan pablo.vega@gmail.com,+54 9 3457 2670,UX-100,Diseño de Experiencia de Usuario,3,Desaprobado
2025-09-09,Ian Benjamin,Valdez,43284866,ian benjamin.valdez25@outlook.com,+54 15 2623 4962,IA-400,Deep Learning Aplicado,3,Desaprobado
2025-09-09,Tomas,Leiva,36996781,tomas.leiva@gmail.com,+54 15 2713 1844,IA-400,Deep Learning Aplicado,8,Aprobado
2025-09-09,Milagros,Ruiz,46103571,milagros.ruiz25@outlook.com,+54 15 2224 6014,NEG-400,Liderazgo y Negociación,3,Desaprobado
2025-09-09,Felipe,Fernandez,40235116,felipe.fernandez@gmail.com,+54 9 3491 3591,IA-400,Deep Learning Aplicado,2,Desaprobado
2025-09-09,Thiago,Gomez,39835913,thiago.gomez@gmail.com,+54 9 3360 2893,DAT-201,Estadística Avanzada,6,Aprobado
2025-09-09,Bruno,Castro,47983613,bruno.castro25@outlook.com,+54 15 2812 7578,IA-400,Deep Learning Aplicado,4,Aprobado
2025-09-09,Juan Ignacio,Cabrera,31425696,juan ignacio.cabrera@gmail.com,+54 15 2237 6605,NEG-400,Liderazgo y Negociación,10,Aprobado
2025-09-09,Ambar,Romero,38417833,ambar.romero@gmail.com,+54 9 3547 1543,IA-300,Redes Neuronales,10,Aprobado
2025-09-09,Thiago Emanuel,Castillo,41448781,thiago emanuel.castillo@gmail.com,+54 9 3898 1829,UX-100,Diseño de Experiencia de Usuario,6,Aprobado
2025-09-10,Genaro,Caceres,41398180,genaro.caceres@gmail.com,+54 9 3872 1544,NEG-400,Liderazgo y Negociación,1,Desaprobado
2025-09-10,Manuel,Sosa,35994686,manuel.sosa@gmail.com,+54 15 2970 5278,DAT-201,Estadística Avanzada,2,Desaprobado
2025-09-10,Agustin,Ledesma,40597857,agustin.ledesma@gmail.com,+54 9 3986 5887,DAT-101,Introducción a los Datos,5,Aprobado
2025-09-10,Francisca,Medina,32460250,francisca.medina@gmail.com,+54 9 3379 4613,IA-300,Redes Neuronales,4,Aprobado
2025-09-10,Amparo,Lopez,38171209,amparo.lopez@gmail.com,+54 15 2133 8625,DAT-101,Introducción a los Datos,3,Desaprobado
2025-09-10,Lautaro Benjamin,Hernandez,46345360,lautaro benjamin.hernandez25@outlook.com,+54 15 2100 6981,DEV-101,Algoritmos I,3,Desaprobado
2025-09-10,Malena,Diaz,46410216,malena.diaz25@outlook.com,+54 9 3383 2231,MKT-200,Marketing de Contenidos,9,Aprobado
2025-09-10,Olivia,Soto,36532331,olivia.soto@gmail.com,+54 9 3110 7196,DAT-101,Introducción a los Datos,1,Desaprobado
2025-09-10,Clara,Duarte,47517294,clara.duarte25@outlook.com,+54 9 3696 9591,NEG-400,Liderazgo y Negociación,2,Desaprobado
2025-09-10,Manuel,Sosa,35994686,manuel.sosa@gmail.com,+54 15 2970 5278,IA-300,Redes Neuronales,4,Aprobado
2025-09-10,Emanuel,Figueroa,39068971,emanuel.figueroa@gmail.com,+54 9 3938 6344,DAT-101,Introducción a los Datos,6,Aprobado
2025-09-10,Valentino,Gimenez,36092237,valentino.gimenez@gmail.com,+54 15 2622 8522,UX-100,Diseño de Experiencia de Usuario,4,Aprobado
2025-09-10,Santino Ezequiel,Quiroga,31313953,santino ezequiel.quiroga@gmail.com,+54 15 2930 1507,DAT-101,Introducción a los Datos,4,Aprobado
2025-09-10,Maximo,Ruiz,44923903,maximo.ruiz25@outlook.com,+54 15 2267 5590,DAT-305,Big Data & Cloud,1,Desaprobado
2025-09-10,Maria Paz,Velazquez,30377321,maria paz.velazquez@gmail.com,+54 15 2953 8715,IA-300,Redes Neuronales,8,Aprobado
2025-09-10,Emiliano,Sosa,47206312,emiliano.sosa25@outlook.com,+54 9 3306 8299,MKT-200,Marketing de Contenidos,1,Desaprobado
2025-09-10,Lucio,Lucero,43558573,lucio.lucero25@outlook.com,+54 9 3267 0444,DAT-101,Introducción a los Datos,1,Desaprobado
2025-09-10,Samuel,Gomez,45865176,samuel.gomez25@outlook.com,+54 15 2951 2629,DAT-305,Big Data & Cloud,4,Aprobado
2025-09-10,Geronimo,Acosta,44229724,geronimo.acosta25@outlook.com,+54 15 2507 4379,NEG-400,Liderazgo y Negociación,8,Aprobado
2025-09-10,Rosario,Gonzalez,32592763,rosario.gonzalez@gmail.com,+54 9 3770 7755,MKT-200,Marketing de Contenidos,6,Aprobado
2025-09-11,Juan Ignacio,Toledo,36160142,juan ignacio.toledo@gmail.com,+54 9 3281 9657,DAT-305,Big Data & Cloud,10,Aprobado
2025-09-11,Mateo,Fernandez,31846333,mateo.fernandez@gmail.com,+54 9 3288 3247,DAT-101,Introducción a los Datos,8,Aprobado
2025-09-11,Ciro,Caceres,36992557,ciro.caceres@gmail.com,+54 9 3996 2042,UX-100,Diseño de Experiencia de Usuario,4,Aprobado
2025-09-11,Luna,Mendoza,40451762,luna.mendoza@gmail.com,+54 15 2186 7469,IA-400,Deep Learning Aplicado,8,Aprobado
2025-09-11,Alma,Rodriguez,39796864,alma.rodriguez@gmail.com,+54 9 3771 9880,IA-300,Redes Neuronales,2,Desaprobado
2025-09-11,Valentino,Gimenez,36092237,valentino.gimenez@gmail.com,+54 15 2622 8522,UX-100,Diseño de Experiencia de Usuario,2,Desaprobado
2025-09-11,Valentin,Gonzalez,43941263,valentin.gonzalez25@outlook.com,+54 9 3151 4372,IA-300,Redes Neuronales,8,Aprobado
2025-09-11,Lautaro Benjamin,Hernandez,46345360,lautaro benjamin.hernandez25@outlook.com,+54 15 2100 6981,NEG-400,Liderazgo y Negociación,6,Aprobado
2025-09-11,Matias,Alvarez,39592778,matias.alvarez@gmail.com,+54 9 3228 5704,UX-100,Diseño de Experiencia de Usuario,6,Aprobado
2025-09-12,Olivia,Gonzalez,46762093,olivia.gonzalez25@outlook.com,+54 9 3271 5190,NEG-400,Liderazgo y Negociación,6,Aprobado
2025-09-12,Julieta,Fernandez,34486034,julieta.fernandez@gmail.com,+54 9 3787 2887,IA-400,Deep Learning Aplicado,7,Aprobado
2025-09-12,Benjamin,Gomez,44343101,benjamin.gomez25@outlook.com,+54 9 3186 2222,UX-100,Diseño de Experiencia de Usuario,2,Desaprobado
2025-09-12,Bruno,Cruz,46706919,bruno.cruz25@outlook.com,+54 15 2846 5923,DAT-305,Big Data & Cloud,5,Aprobado
2025-09-12,Ciro,Diaz,39046561,ciro.diaz@gmail.com,+54 15 2290 8580,IA-400,Deep Learning Aplicado,7,Aprobado
2025-09-12,Morena,Cardozo,41833461,morena.cardozo@gmail.com,+54 15 2732 9591,IA-400,Deep Learning Aplicado,1,Desaprobado
2025-09-12,Thiago Joaquin,Romero,32339744,thiago joaquin.romero@gmail.com,+54 9 3685 6557,MKT-200,Marketing de Contenidos,7,Aprobado
2025-09-12,Delfina,Juarez,35276014,delfina.juarez@gmail.com,+54 15 2312 6237,MKT-200,Marketing de Contenidos,10,Aprobado
2025-09-12,Delfina,Paz,32329071,delfina.paz@gmail.com,+54 9 3502 4461,GEN-101,Ética y Tecnología,2,Desaprobado
2025-09-12,Juan Ignacio,Toledo,36160142,juan ignacio.toledo@gmail.com,+54 9 3281 9657,NEG-400,Liderazgo y Negociación,9,Aprobado
2025-09-12,Juan Sebastian,Acosta,40230385,juan sebastian.acosta@gmail.com,+54 15 2138 0899,DAT-201,Estadística Avanzada,3,Desaprobado
2025-09-12,Gino,Farias,39278348,gino.farias@gmail.com,+54 9 3368 2775,IA-400,Deep Learning Aplicado,10,Aprobado
2025-09-12,Maximo,Dominguez,45368291,maximo.dominguez25@outlook.com,+54 9 3136 3468,MKT-200,Marketing de Contenidos,4,Aprobado
2025-09-12,Angelina,Garcia,35580984,angelina.garcia@gmail.com,+54 9 3933 6024,DAT-305,Big Data & Cloud,6,Aprobado
2025-09-12,Giuliana,Fernandez,44443284,giuliana.fernandez25@outlook.com,+54 9 3223 7666,DAT-201,Estadística Avanzada,5,Aprobado
2025-09-13,Benjamin,Miranda,35457839,benjamin.miranda@gmail.com,+54 9 3850 6543,MKT-200,Marketing de Contenidos,9,Aprobado
2025-09-13,Juan Sebastian,Acosta,40230385,juan sebastian.acosta@gmail.com,+54 15 2138 0899,DEV-101,Algoritmos I,4,Aprobado
2025-09-13,Facundo,Paez,32905120,facundo.paez@gmail.com,+54 15 2203 0561,DAT-305,Big Data & Cloud,10,Aprobado
2025-09-13,Thiago Nahuel,Castro,40330349,thiago nahuel.castro@gmail.com,+54 15 2513 2629,DAT-101,Introducción a los Datos,8,Aprobado
2025-09-13,Jazmin,Rodriguez,38042975,jazmin.rodriguez@gmail.com,+54 15 2984 7690,MKT-200,Marketing de Contenidos,4,Aprobado
2025-09-13,Martina,Lopez,46890428,martina.lopez25@outlook.com,+54 15 2191 0910,DEV-101,Algoritmos I,1,Desaprobado
2025-09-13,Mia,Paez,36304118,mia.paez@gmail.com,+54 15 2723 1546,DEV-101,Algoritmos I,6,Aprobado
2025-09-13,Juan Martin,Farias,30344498,juan martin.farias@gmail.com,+54 9 3720 0021,DAT-101,Introducción a los Datos,4,Aprobado
2025-09-13,Delfina,Morales,45417367,delfina.morales25@outlook.com,+54 9 3893 1156,MKT-200,Marketing de Contenidos,10,Aprobado
2025-09-13,Lautaro Benjamin,Figueroa,37095694,lautaro benjamin.figueroa@gmail.com,+54 15 2679 4827,MKT-200,Marketing de Contenidos,7,Aprobado
2025-09-13,Valentino,Gonzalez,33229738,valentino.gonzalez@gmail.com,+54 15 2268 3184,DEV-101,Algoritmos I,4,Aprobado
2025-09-13,Martina,Cruz,40582609,martina.cruz@gmail.com,+54 15 2320 0008,UX-100,Diseño de Experiencia de Usuario,8,Aprobado
2025-09-13,Sofia,Diaz,33259158,sofia.diaz@gmail.com,+54 15 2860 0394,UX-100,Diseño de Experiencia de Usuario,7,Aprobado
2025-09-13,Emilia,Sanchez,37981847,emilia.sanchez@gmail.com,+54 15 2933 1339,IA-400,Deep Learning Aplicado,9,Aprobado
2025-09-14,Martina,Lopez,46890428,martina.lopez25@outlook.com,+54 15 2191 0910,DEV-101,Algoritmos I,10,Aprobado
2025-09-14,Helena,Martinez,33895965,helena.martinez@gmail.com,+54 9 3703 3281,DAT-101,Introducción a los Datos,7,Aprobado
2025-09-14,Bruno,Cruz,46706919,bruno.cruz25@outlook.com,+54 15 2846 5923,GEN-101,Ética y Tecnología,8,Aprobado
2025-09-14,Jeronimo,Ledesma,34858008,jeronimo.ledesma@gmail.com,+54 9 3428 5333,DEV-101,Algoritmos I,9,Aprobado
2025-09-14,Abigail,Luna,30639152,abigail.luna@gmail.com,+54 15 2606 9413,DAT-101,Introducción a los Datos,8,Aprobado
2025-09-14,Mia Morena,Fernandez,36511898,mia morena.fernandez@gmail.com,+54 9 3793 6933,GEN-101,Ética y Tecnología,4,Aprobado
2025-09-14,Juan Cruz,Ledesma,45160188,juan cruz.ledesma25@outlook.com,+54 15 2619 7571,IA-400,Deep Learning Aplicado,8,Aprobado
2025-09-14,Matias,Martin,35850567,matias.martin@gmail.com,+54 15 2276 9738,IA-300,Redes Neuronales,9,Aprobado
2025-09-14,Martina,Flores,43162851,martina.flores25@outlook.com,+54 15 2164 8198,DAT-305,Big Data & Cloud,3,Desaprobado
2025-09-14,Benjamin Alejandro,Morales,44730308,benjamin alejandro.morales25@outlook.com,+54 9 3420 3298,MKT-200,Marketing de Contenidos,5,Aprobado
2025-09-14,Ignacio,Martinez,46564562,ignacio.martinez25@outlook.com,+54 15 2866 3121,IA-300,Redes Neuronales,5,Aprobado
2025-09-14,Juan Gabriel,Miranda,37639684,juan gabriel.miranda@gmail.com,+54 15 2895 6357,DEV-101,Algoritmos I,5,Aprobado
2025-09-14,Geronimo,Maidana,41234290,geronimo.maidana@gmail.com,+54 9 3633 4141,IA-300,Redes Neuronales,1,Desaprobado
2025-09-14,Thiago Ezequiel,Herrera,39297755,thiago ezequiel.herrera@gmail.com,+54 15 2844 0577,NEG-400,Liderazgo y Negociación,1,Desaprobado
2025-09-14,Helena,Martinez,33895965,helena.martinez@gmail.com,+54 9 3703 3281,UX-100,Diseño de Experiencia de Usuario,9,Aprobado
2025-09-14,Valentin,Gonzalez,43941263,valentin.gonzalez25@outlook.com,+54 9 3151 4372,IA-400,Deep Learning Aplicado,9,Aprobado
2025-09-14,Santino,Navarro,43174343,santino.navarro25@outlook.com,+54 15 2768 3375,IA-300,Redes Neuronales,3,Desaprobado
2025-09-15,Sofia,Fernandez,46329934,sofia.fernandez25@outlook.com,+54 15 2380 1193,NEG-400,Liderazgo y Negociación,5,Aprobado
2025-09-15,Ignacio,Farias,41204894,ignacio.farias@gmail.com,+54 9 3335 6297,MKT-200,Marketing de Contenidos,8,Aprobado
2025-09-15,Thiago Leonel,Lopez,44197978,thiago leonel.lopez25@outlook.com,+54 15 2665 4161,DAT-201,Estadística Avanzada,8,Aprobado
2025-09-15,Paulina,Godoy,39831826,paulina.godoy@gmail.com,+54 9 3306 7182,DAT-201,Estadística Avanzada,3,Desaprobado
2025-09-15,Paulina,Muñoz,30301798,paulina.muñoz@gmail.com,+54 15 2363 3856,GEN-101,Ética y Tecnología,7,Aprobado
2025-09-15,Guadalupe,Rodriguez,45820668,guadalupe.rodriguez25@outlook.com,+54 9 3584 6180,MKT-200,Marketing de Contenidos,8,Aprobado
2025-09-15,Ciro,Peralta,35069582,ciro.peralta@gmail.com,+54 15 2448 4464,UX-100,Diseño de Experiencia de Usuario,4,Aprobado
2025-09-15,Matias,Alvarez,39592778,matias.alvarez@gmail.com,+54 9 3228 5704,DAT-101,Introducción a los Datos,10,Aprobado
2025-09-15,Agustin,Gimenez,39996815,agustin.gimenez@gmail.com,+54 15 2269 2834,GEN-101,Ética y Tecnología,8,Aprobado
2025-09-15,Ignacio,Farias,41204894,ignacio.farias@gmail.com,+54 9 3335 6297,IA-400,Deep Learning Aplicado,2,Desaprobado
2025-09-15,Maximo,Velazquez,32726810,maximo.velazquez@gmail.com,+54 9 3216 6292,UX-100,Diseño de Experiencia de Usuario,8,Aprobado
2025-09-15,Luna,Peralta,38452657,luna.peralta@gmail.com,+54 9 3304 4049,MKT-200,Marketing de Contenidos,7,Aprobado
2025-09-15,Gael,Martinez,47700089,gael.martinez25@outlook.com,+54 9 3988 0239,DAT-201,Estadística Avanzada,8,Aprobado
2025-09-15,Juan Martin,Perez,38625723,juan martin.perez@gmail.com,+54 9 3820 2174,IA-300,Redes Neuronales,7,Aprobado
2025-09-15,Juan Bautista,Gomez,34148661,juan bautista.gomez@gmail.com,+54 15 2994 1501,GEN-101,Ética y Tecnología,8,Aprobado
2025-09-15,Ciro Benjamin,Juarez,44811661,ciro benjamin.juarez25@outlook.com,+54 15 2447 6107,NEG-400,Liderazgo y Negociación,10,Aprobado
2025-09-15,Rosario,Gonzalez,32592763,rosario.gonzalez@gmail.com,+54 9 3770 7755,UX-100,Diseño de Experiencia de Usuario,3,Desaprobado
2025-09-15,Luca,Gimenez,35837738,luca.gimenez@gmail.com,+54 15 2839 5749,DEV-101,Algoritmos I,10,Aprobado
2025-09-15,Lisandro,Ruiz,34627342,lisandro.ruiz@gmail.com,+54 15 2711 2919,DAT-201,Estadística Avanzada,2,Desaprobado
2025-09-15,Victoria,Pereyra,31748817,victoria.pereyra@gmail.com,+54 15 2850 7128,NEG-400,Liderazgo y Negociación,9,Aprobado
2025-09-15,Delfina,Ferreyra,41234886,delfina.ferreyra@gmail.com,+54 15 2273 1519,MKT-200,Marketing de Contenidos,9,Aprobado
2025-09-15,Lautaro Nicolas,Aguero,40833222,lautaro nicolas.aguero@gmail.com,+54 9 3416 4586,NEG-400,Liderazgo y Negociación,8,Aprobado
2025-09-15,Santiago Nicolas,Rodriguez,38661719,santiago nicolas.rodriguez@gmail.com,+54 9 3276 2307,GEN-101,Ética y Tecnología,5,Aprobado
2025-09-16,Mora,Rojas,32705831,mora.rojas@gmail.com,+54 9 3996 9928,MKT-200,Marketing de Contenidos,6,Aprobado
2025-09-16,Julieta,Godoy,36780964,julieta.godoy@gmail.com,+54 9 3696 3139,DEV-101,Algoritmos I,3,Desaprobado
2025-09-16,Malena,Diaz,44241859,malena.diaz25@outlook.com,+54 9 3988 7159,IA-400,Deep Learning Aplicado,6,Aprobado
2025-09-16,Emma,Acosta,31020972,emma.acosta@gmail.com,+54 15 2700 4343,DAT-201,Estadística Avanzada,4,Aprobado
2025-09-16,Angel Gabriel,Lopez,41083641,angel gabriel.lopez@gmail.com,+54 9 3311 3545,NEG-400,Liderazgo y Negociación,5,Aprobado
2025-09-16,Catalina,Benitez,31297438,catalina.benitez@gmail.com,+54 9 3186 7579,DAT-305,Big Data & Cloud,6,Aprobado
2025-09-16,Mateo,Lopez,30278086,mateo.lopez@gmail.com,+54 9 3374 3377,IA-400,Deep Learning Aplicado,1,Desaprobado
2025-09-16,Francisco,Gonzalez,32860968,francisco.gonzalez@gmail.com,+54 9 3321 6241,NEG-400,Liderazgo y Negociación,7,Aprobado
2025-09-16,Lautaro,Gomez,34873483,lautaro.gomez@gmail.com,+54 15 2591 4004,IA-400,Deep Learning Aplicado,1,Desaprobado
2025-09-16,Benjamin Alejandro,Morales,44730308,benjamin alejandro.morales25@outlook.com,+54 9 3420 3298,DAT-305,Big Data & Cloud,2,Desaprobado
2025-09-16,Santiago,Caceres,36185529,santiago.caceres@gmail.com,+54 15 2973 7443,NEG-400,Liderazgo y Negociación,10,Aprobado
2025-09-16,Francesco,Molina,46992814,francesco.molina25@outlook.com,+54 9 3743 8853,GEN-101,Ética y Tecnología,3,Desaprobado
2025-09-16,Juan Ignacio,Toledo,36160142,juan ignacio.toledo@gmail.com,+54 9 3281 9657,DEV-101,Algoritmos I,1,Desaprobado
2025-09-16,Santiago,Soto,35683885,santiago.soto@gmail.com,+54 15 2971 7254,IA-300,Redes Neuronales,2,Desaprobado
2025-09-16,Faustino,Gomez,45663240,faustino.gomez25@outlook.com,+54 15 2408 2797,DAT-201,Estadística Avanzada,9,Aprobado
2025-09-17,Matias,Alvarez,39592778,matias.alvarez@gmail.com,+54 9 3228 5704,IA-400,Deep Learning Aplicado,9,Aprobado
2025-09-17,Carmela,Ledesma,43624806,carmela.ledesma25@outlook.com,+54 9 3870 6600,UX-100,Diseño de Experiencia de Usuario,10,Aprobado
2025-09-17,Joaquin,Muñoz,46040721,joaquin.muñoz25@outlook.com,+54 15 2714 0499,DAT-305,Big Data & Cloud,4,Aprobado
2025-09-17,Thiago Lionel,Romero,30020248,thiago lionel.romero@gmail.com,+54 15 2363 6671,DAT-101,Introducción a los Datos,10,Aprobado
2025-09-17,Paloma,Molina,35284612,paloma.molina@gmail.com,+54 9 3761 4912,NEG-400,Liderazgo y Negociación,4,Aprobado
2025-09-17,Pilar,Valdez,38211223,pilar.valdez@gmail.com,+54 9 3859 1715,GEN-101,Ética y Tecnología,9,Aprobado
2025-09-17,Ignacio,Martinez,46564562,ignacio.martinez25@outlook.com,+54 15 2866 3121,IA-300,Redes Neuronales,4,Aprobado
2025-09-17,Joaquin,Ramos,46271176,joaquin.ramos25@outlook.com,+54 9 3899 8281,GEN-101,Ética y Tecnología,10,Aprobado
2025-09-17,Santiago,Benitez,46281181,santiago.benitez25@outlook.com,+54 15 2457 7890,MKT-200,Marketing de Contenidos,5,Aprobado
2025-09-17,Priscila,Torres,45539704,priscila.torres25@outlook.com,+54 15 2693 1603,MKT-200,Marketing de Contenidos,8,Aprobado
2025-09-17,Joaquín,Peralta,46372785,joaquín.peralta25@outlook.com,+54 9 3801 1599,UX-100,Diseño de Experiencia de Usuario,1,Desaprobado
2025-09-17,Renata,Valdez,40848361,renata.valdez@gmail.com,+54 9 3774 2281,MKT-200,Marketing de Contenidos,6,Aprobado
2025-09-17,Francesca,Ruiz,35667236,francesca.ruiz@gmail.com,+54 9 3545 7920,IA-300,Redes Neuronales,2,Desaprobado
2025-09-17,Santiago,Lucero,44284431,santiago.lucero25@outlook.com,+54 15 2793 1757,MKT-200,Marketing de Contenidos,1,Desaprobado
2025-09-17,Matias,Martinez,43651947,matias.martinez25@outlook.com,+54 9 3397 6861,UX-100,Diseño de Experiencia de Usuario,5,Aprobado
2025-09-18,Sara,Leiva,44291013,sara.leiva25@outlook.com,+54 9 3870 0298,DAT-101,Introducción a los Datos,3,Desaprobado
2025-09-18,Benjamin,Dominguez,35572715,benjamin.dominguez@gmail.com,+54 9 3373 7295,UX-100,Diseño de Experiencia de Usuario,6,Aprobado
2025-09-18,Maximo,Rodriguez,38680320,maximo.rodriguez@gmail.com,+54 15 2576 0138,DAT-305,Big Data & Cloud,3,Desaprobado
2025-09-18,Ciro,Velazquez,39145092,ciro.velazquez@gmail.com,+54 15 2145 9376,DEV-101,Algoritmos I,7,Aprobado
2025-09-18,Tomàs,Lopez,32658531,tomàs.lopez@gmail.com,+54 15 2929 0955,IA-400,Deep Learning Aplicado,5,Aprobado
2025-09-18,Mateo Ezequiel,Ferreyra,44235496,mateo ezequiel.ferreyra25@outlook.com,+54 15 2133 4336,DAT-101,Introducción a los Datos,5,Aprobado
2025-09-18,Ignacio,Farias,41204894,ignacio.farias@gmail.com,+54 9 3335 6297,GEN-101,Ética y Tecnología,1,Desaprobado
2025-09-18,Valentino,Paz,32604998,valentino.paz@gmail.com,+54 15 2165 0154,MKT-200,Marketing de Contenidos,10,Aprobado
2025-09-18,Gonzalo,Moyano,30789190,gonzalo.moyano@gmail.com,+54 9 3825 1992,IA-300,Redes Neuronales,1,Desaprobado
2025-09-18,Thiago Lionel,Romero,30020248,thiago lionel.romero@gmail.com,+54 15 2363 6671,NEG-400,Liderazgo y Negociación,8,Aprobado
2025-09-18,Juan Manuel,Gomez,43456083,juan manuel.gomez25@outlook.com,+54 9 3996 1245,DAT-101,Introducción a los Datos,8,Aprobado
2025-09-18,Ciro,Aguirre,46137809,ciro.aguirre25@outlook.com,+54 15 2585 2761,DAT-305,Big Data & Cloud,1,Desaprobado
2025-09-18,Facundo,Flores,32723334,facundo.flores@gmail.com,+54 15 2967 2706,GEN-101,Ética y Tecnología,9,Aprobado
2025-09-18,Juan Pablo,Vega,33846409,juan pablo.vega@gmail.com,+54 9 3457 2670,IA-400,Deep Learning Aplicado,10,Aprobado
2025-09-18,Nicolas,Torres,44988381,nicolas.torres25@outlook.com,+54 9 3103 2180,MKT-200,Marketing de Contenidos,9,Aprobado
2025-09-18,Santiago,Morales,30808375,santiago.morales@gmail.com,+54 9 3713 2441,IA-400,Deep Learning Aplicado,5,Aprobado
2025-09-18,Guadalupe,Hernandez,31318273,guadalupe.hernandez@gmail.com,+54 9 3787 0236,MKT-200,Marketing de Contenidos,8,Aprobado
2025-09-18,Martina,Ponce,47122979,martina.ponce25@outlook.com,+54 9 3940 4991,UX-100,Diseño de Experiencia de Usuario,1,Desaprobado
2025-09-18,Sofia,Castro,39416795,sofia.castro@gmail.com,+54 15 2163 2423,MKT-200,Marketing de Contenidos,10,Aprobado
2025-09-18,Zoe Jazmin,Maldonado,34887945,zoe jazmin.maldonado@gmail.com,+54 9 3123 8508,DAT-305,Big Data & Cloud,5,Aprobado
2025-09-18,Juan Ignacio,Martinez,44340522,juan ignacio.martinez25@outlook.com,+54 9 3134 3852,DAT-201,Estadística Avanzada,4,Aprobado
2025-09-18,Julieta,Sanchez,34355689,julieta.sanchez@gmail.com,+54 15 2191 1477,NEG-400,Liderazgo y Negociación,8,Aprobado
2025-09-18,Tiziano,Franco,46435125,tiziano.franco25@outlook.com,+54 15 2381 1987,DEV-101,Algoritmos I,9,Aprobado
2025-09-18,Josefina,Lopez,43498834,josefina.lopez25@outlook.com,+54 15 2506 2420,MKT-200,Marketing de Contenidos,10,Aprobado
2025-09-19,Thiago Leonel,Lopez,44197978,thiago leonel.lopez25@outlook.com,+54 15 2665 4161,DAT-201,Estadística Avanzada,3,Desaprobado
2025-09-19,Giuliana,Fernandez,44443284,giuliana.fernandez25@outlook.com,+54 9 3223 7666,DEV-101,Algoritmos I,7,Aprobado
2025-09-19,Mateo Benjamin,Ruiz,32997790,mateo benjamin.ruiz@gmail.com,+54 15 2316 2089,DAT-201,Estadística Avanzada,2,Desaprobado
2025-09-19,Santiago,Benitez,46281181,santiago.benitez25@outlook.com,+54 15 2457 7890,GEN-101,Ética y Tecnología,3,Desaprobado
2025-09-19,Lucas,Gonzalez,39442545,lucas.gonzalez@gmail.com,+54 9 3241 2757,DAT-201,Estadística Avanzada,4,Aprobado
2025-09-19,Valentino,Lopez,34661132,valentino.lopez@gmail.com,+54 15 2133 9476,IA-300,Redes Neuronales,1,Desaprobado
2025-09-19,Thiago Agustin,Vega,36314879,thiago agustin.vega@gmail.com,+54 15 2198 6549,DAT-201,Estadística Avanzada,7,Aprobado
2025-09-19,Pilar,Gonzalez,33518284,pilar.gonzalez@gmail.com,+54 9 3439 1905,GEN-101,Ética y Tecnología,7,Aprobado
2025-09-19,Catalina,Moreno,39919057,catalina.moreno@gmail.com,+54 15 2715 5291,UX-100,Diseño de Experiencia de Usuario,3,Desaprobado
2025-09-19,Joaquina,Martinez,30224289,joaquina.martinez@gmail.com,+54 9 3874 8796,DAT-101,Introducción a los Datos,9,Aprobado
2025-09-19,Benjamin,Gomez,38549006,benjamin.gomez@gmail.com,+54 9 3854 3007,DEV-101,Algoritmos I,8,Aprobado
2025-09-19,Juan Bautista,Cardozo,30520054,juan bautista.cardozo@gmail.com,+54 15 2531 1496,MKT-200,Marketing de Contenidos,10,Aprobado
2025-09-19,Morena,Romero,30283834,morena.romero@gmail.com,+54 15 2878 8010,DAT-201,Estadística Avanzada,2,Desaprobado
2025-09-20,Tiziano Valentin,Gonzalez,36169395,tiziano valentin.gonzalez@gmail.com,+54 15 2380 6289,DAT-305,Big Data & Cloud,6,Aprobado
2025-09-20,Mia Morena,Fernandez,36511898,mia morena.fernandez@gmail.com,+54 9 3793 6933,MKT-200,Marketing de Contenidos,6,Aprobado
2025-09-20,Luisina,Juarez,30946573,luisina.juarez@gmail.com,+54 15 2512 8164,DAT-201,Estadística Avanzada,9,Aprobado
2025-09-20,Julieta,Coronel,44025027,julieta.coronel25@outlook.com,+54 9 3966 2319,MKT-200,Marketing de Contenidos,6,Aprobado
2025-09-20,Tobias,Castillo,35608376,tobias.castillo@gmail.com,+54 15 2609 1713,GEN-101,Ética y Tecnología,8,Aprobado
2025-09-20,Juan Bautista,Acosta,31332769,juan bautista.acosta@gmail.com,+54 15 2161 8024,IA-300,Redes Neuronales,4,Aprobado
2025-09-20,Angelina,Garcia,35580984,angelina.garcia@gmail.com,+54 9 3933 6024,DAT-201,Estadística Avanzada,10,Aprobado
2025-09-20,Thiago Leonel,Lopez,44197978,thiago leonel.lopez25@outlook.com,+54 15 2665 4161,DEV-101,Algoritmos I,4,Aprobado
2025-09-20,Alma,Vega,43471496,alma.vega25@outlook.com,+54 15 2352 5627,UX-100,Diseño de Experiencia de Usuario,5,Aprobado
2025-09-20,Luz Milagros,Correa,36158027,luz milagros.correa@gmail.com,+54 15 2236 5511,UX-100,Diseño de Experiencia de Usuario,4,Aprobado
2025-09-20,Nicolas,Coronel,45474619,nicolas.coronel25@outlook.com,+54 9 3111 0312,MKT-200,Marketing de Contenidos,8,Aprobado
2025-09-20,Lara,Peralta,32171676,lara.peralta@gmail.com,+54 15 2143 7730,DAT-201,Estadística Avanzada,1,Desaprobado
2025-09-21,Máximo,Carrizo,44853849,máximo.carrizo25@outlook.com,+54 9 3352 0346,NEG-400,Liderazgo y Negociación,3,Desaprobado
2025-09-21,Santiago,Mendoza,30382587,santiago.mendoza@gmail.com,+54 9 3200 6730,NEG-400,Liderazgo y Negociación,8,Aprobado
2025-09-21,Benicio,Romero,35753821,benicio.romero@gmail.com,+54 9 3493 2690,IA-400,Deep Learning Aplicado,5,Aprobado
2025-09-21,Juan Sebastian,Acosta,40230385,juan sebastian.acosta@gmail.com,+54 15 2138 0899,IA-400,Deep Learning Aplicado,8,Aprobado
2025-09-21,Luciano Benjamin,Ramos,30064860,luciano benjamin.ramos@gmail.com,+54 9 3267 2391,DAT-305,Big Data & Cloud,10,Aprobado
2025-09-21,Gonzalo,Moyano,30789190,gonzalo.moyano@gmail.com,+54 9 3825 1992,GEN-101,Ética y Tecnología,2,Desaprobado
2025-09-21,Santiago,Ramos,39087618,santiago.ramos@gmail.com,+54 15 2802 9717,DAT-201,Estadística Avanzada,4,Aprobado
2025-09-21,Santino Ezequiel,Quiroga,31313953,santino ezequiel.quiroga@gmail.com,+54 15 2930 1507,UX-100,Diseño de Experiencia de Usuario,2,Desaprobado
2025-09-21,Felipe,Chavez,33698941,felipe.chavez@gmail.com,+54 9 3977 9173,DAT-101,Introducción a los Datos,3,Desaprobado
2025-09-21,Jazmin,Alvarez,43331228,jazmin.alvarez25@outlook.com,+54 15 2825 2186,UX-100,Diseño de Experiencia de Usuario,1,Desaprobado
2025-09-21,Ciro,Aguirre,46137809,ciro.aguirre25@outlook.com,+54 15 2585 2761,NEG-400,Liderazgo y Negociación,9,Aprobado
2025-09-21,Lorenzo,Luna,44415606,lorenzo.luna25@outlook.com,+54 9 3621 2073,UX-100,Diseño de Experiencia de Usuario,4,Aprobado
2025-09-21,Lourdes,Correa,43690930,lourdes.correa25@outlook.com,+54 9 3569 7113,DAT-201,Estadística Avanzada,2,Desaprobado
2025-09-21,Micaela,Villalba,36617253,micaela.villalba@gmail.com,+54 15 2257 7786,IA-400,Deep Learning Aplicado,4,Aprobado
2025-09-22,Juan Ignacio,Perez,36534604,juan ignacio.perez@gmail.com,+54 9 3411 9083,UX-100,Diseño de Experiencia de Usuario,9,Aprobado
2025-09-22,Rafael,Nuñez,40409948,rafael.nuñez@gmail.com,+54 9 3892 9373,MKT-200,Marketing de Contenidos,10,Aprobado
2025-09-22,Catalina,Benitez,31297438,catalina.benitez@gmail.com,+54 9 3186 7579,IA-400,Deep Learning Aplicado,9,Aprobado
2025-09-22,Ciro Benjamin,Gonzalez,34432017,ciro benjamin.gonzalez@gmail.com,+54 15 2944 2981,IA-400,Deep Learning Aplicado,1,Desaprobado
2025-09-22,Salvador,Paz,32128322,salvador.paz@gmail.com,+54 15 2553 1707,DAT-305,Big Data & Cloud,8,Aprobado
2025-09-22,Benjamin,Franco,47163691,benjamin.franco25@outlook.com,+54 9 3701 0029,DAT-101,Introducción a los Datos,5,Aprobado
2025-09-22,Martina,Ojeda,34814097,martina.ojeda@gmail.com,+54 15 2326 9248,DAT-305,Big Data & Cloud,8,Aprobado
2025-09-22,Francisco,Ferreyra,40437078,francisco.ferreyra@gmail.com,+54 9 3985 4160,NEG-400,Liderazgo y Negociación,9,Aprobado
2025-09-22,Felicitas,Aguero,37632339,felicitas.aguero@gmail.com,+54 15 2723 3282,GEN-101,Ética y Tecnología,6,Aprobado
2025-09-22,Juan Gabriel,Miranda,37639684,juan gabriel.miranda@gmail.com,+54 15 2895 6357,IA-300,Redes Neuronales,8,Aprobado
2025-09-23,Catalina,Farias,41803813,catalina.farias@gmail.com,+54 15 2887 3919,IA-400,Deep Learning Aplicado,8,Aprobado
2025-09-23,Ignacio,Maidana,30430162,ignacio.maidana@gmail.com,+54 15 2590 5842,UX-100,Diseño de Experiencia de Usuario,7,Aprobado
2025-09-23,Martina,Coronel,31864701,martina.coronel@gmail.com,+54 9 3131 6223,GEN-101,Ética y Tecnología,2,Desaprobado
2025-09-23,Juan Martin,Ojeda,40902797,juan martin.ojeda@gmail.com,+54 9 3158 3361,IA-400,Deep Learning Aplicado,9,Aprobado
2025-09-23,Catalina,Martinez,30074046,catalina.martinez@gmail.com,+54 9 3304 8866,DAT-305,Big Data & Cloud,2,Desaprobado
2025-09-23,Bautista Benjamin,Ruiz,32776935,bautista benjamin.ruiz@gmail.com,+54 9 3526 3801,DEV-101,Algoritmos I,4,Aprobado
2025-09-23,Lautaro Benjamin,Rodriguez,30356437,lautaro benjamin.rodriguez@gmail.com,+54 15 2259 6158,DEV-101,Algoritmos I,8,Aprobado
2025-09-23,Catalina,Benitez,31297438,catalina.benitez@gmail.com,+54 9 3186 7579,DAT-101,Introducción a los Datos,8,Aprobado
2025-09-23,Constanza,Garcia,45654702,constanza.garcia25@outlook.com,+54 15 2548 3235,IA-400,Deep Learning Aplicado,4,Aprobado
2025-09-23,Benicio,Ramos,35415212,benicio.ramos@gmail.com,+54 15 2888 1141,MKT-200,Marketing de Contenidos,8,Aprobado
2025-09-23,Thiago Ezequiel,Ferreyra,47908881,thiago ezequiel.ferreyra25@outlook.com,+54 9 3314 9532,NEG-400,Liderazgo y Negociación,10,Aprobado
2025-09-23,Valentino,Gonzalez,31660305,valentino.gonzalez@gmail.com,+54 9 3593 7969,NEG-400,Liderazgo y Negociación,9,Aprobado
2025-09-23,Luisina,Gomez,46860457,luisina.gomez25@outlook.com,+54 9 3398 3704,NEG-400,Liderazgo y Negociación,10,Aprobado
2025-09-23,Juan Sebastian,Fernandez,44190336,juan sebastian.fernandez25@outlook.com,+54 15 2892 9959,NEG-400,Liderazgo y Negociación,2,Desaprobado
2025-09-23,Olivia,Soto,36532331,olivia.soto@gmail.com,+54 9 3110 7196,DAT-201,Estadística Avanzada,5,Aprobado
2025-09-24,Martina,Flores,43162851,martina.flores25@outlook.com,+54 15 2164 8198,DAT-305,Big Data & Cloud,1,Desaprobado
2025-09-24,Ciro Benjamin,Juarez,44811661,ciro benjamin.juarez25@outlook.com,+54 15 2447 6107,NEG-400,Liderazgo y Negociación,5,Aprobado
2025-09-24,Constantino,Acosta,34057124,constantino.acosta@gmail.com,+54 9 3853 6227,DAT-101,Introducción a los Datos,5,Aprobado
2025-09-24,Morena,Cardozo,41833461,morena.cardozo@gmail.com,+54 15 2732 9591,DAT-305,Big Data & Cloud,3,Desaprobado
2025-09-24,Kiara,Nuñez,44454123,kiara.nuñez25@outlook.com,+54 9 3406 6420,NEG-400,Liderazgo y Negociación,3,Desaprobado
2025-09-24,Juan Bautista,Velazquez,43003702,juan bautista.velazquez25@outlook.com,+54 9 3229 8187,NEG-400,Liderazgo y Negociación,9,Aprobado
2025-09-24,Camila,Gonzalez,40358538,camila.gonzalez@gmail.com,+54 15 2722 9597,GEN-101,Ética y Tecnología,8,Aprobado
2025-09-24,Salvador,Fernandez,43254348,salvador.fernandez25@outlook.com,+54 9 3626 8718,IA-300,Redes Neuronales,5,Aprobado
2025-09-24,Lucía ,Pereyra,41721378,lucía .pereyra@gmail.com,+54 15 2811 9841,DAT-201,Estadística Avanzada,4,Aprobado
2025-09-24,Sofía,Gutierrez,46233381,sofía.gutierrez25@outlook.com,+54 9 3303 6001,MKT-200,Marketing de Contenidos,10,Aprobado
2025-09-24,Nicolas,Rodriguez,39396593,nicolas.rodriguez@gmail.com,+54 9 3777 9793,UX-100,Diseño de Experiencia de Usuario,1,Desaprobado
2025-09-24,Lautaro Nahuel,Campos,40854875,lautaro nahuel.campos@gmail.com,+54 15 2827 0015,IA-300,Redes Neuronales,10,Aprobado
2025-09-24,Mateo,Ledesma,45746833,mateo.ledesma25@outlook.com,+54 15 2345 1579,DAT-101,Introducción a los Datos,4,Aprobado
2025-09-24,Guadalupe,Sanchez,36691364,guadalupe.sanchez@gmail.com,+54 15 2281 5403,IA-300,Redes Neuronales,8,Aprobado
2025-09-24,Renata,Dominguez,39160706,renata.dominguez@gmail.com,+54 9 3981 3766,NEG-400,Liderazgo y Negociación,9,Aprobado
2025-09-24,Gino,Duarte,41079498,gino.duarte@gmail.com,+54 15 2766 8146,DAT-101,Introducción a los Datos,8,Aprobado
2025-09-24,Matias,Alvarez,39592778,matias.alvarez@gmail.com,+54 9 3228 5704,DAT-305,Big Data & Cloud,1,Desaprobado
2025-09-24,Delfina,Ferreyra,41234886,delfina.ferreyra@gmail.com,+54 15 2273 1519,IA-300,Redes Neuronales,2,Desaprobado
2025-09-24,Renata,Fernandez,39047069,renata.fernandez@gmail.com,+54 15 2421 5023,NEG-400,Liderazgo y Negociación,1,Desaprobado
2025-09-25,Manuel,Sosa,35994686,manuel.sosa@gmail.com,+54 15 2970 5278,DEV-101,Algoritmos I,1,Desaprobado
2025-09-25,Thiago Lionel,Chavez,38263069,thiago lionel.chavez@gmail.com,+54 9 3763 2042,DAT-201,Estadística Avanzada,2,Desaprobado
2025-09-25,Catalina,Ramirez,46596607,catalina.ramirez25@outlook.com,+54 15 2251 7346,MKT-200,Marketing de Contenidos,2,Desaprobado
2025-09-25,Morena,Romero,30283834,morena.romero@gmail.com,+54 15 2878 8010,DEV-101,Algoritmos I,5,Aprobado
2025-09-25,Bruno,Rodriguez,44343339,bruno.rodriguez25@outlook.com,+54 15 2462 5981,GEN-101,Ética y Tecnología,6,Aprobado
2025-09-25,Santino,Gonzalez,30060967,santino.gonzalez@gmail.com,+54 15 2919 8172,IA-300,Redes Neuronales,8,Aprobado
2025-09-25,Agustina,Romero,47399378,agustina.romero25@outlook.com,+54 9 3127 2768,NEG-400,Liderazgo y Negociación,4,Aprobado
2025-09-25,Santiago,Torres,43185797,santiago.torres25@outlook.com,+54 9 3462 8959,DAT-101,Introducción a los Datos,3,Desaprobado
2025-09-25,Joaquín,Gonzalez,45280236,joaquín.gonzalez25@outlook.com,+54 15 2698 8228,MKT-200,Marketing de Contenidos,7,Aprobado
2025-09-25,Lucia,Vargas,46965600,lucia.vargas25@outlook.com,+54 15 2303 7009,DEV-101,Algoritmos I,8,Aprobado
2025-09-25,Lorenzo,Flores,37567816,lorenzo.flores@gmail.com,+54 9 3236 5685,IA-300,Redes Neuronales,1,Desaprobado
2025-09-25,Santiago,Morales,30808375,santiago.morales@gmail.com,+54 9 3713 2441,NEG-400,Liderazgo y Negociación,1,Desaprobado
2025-09-25,Joaquin,Mansilla,43721576,joaquin.mansilla25@outlook.com,+54 9 3211 2576,MKT-200,Marketing de Contenidos,5,Aprobado
2025-09-25,Jazmin,Cordoba,32976983,jazmin.cordoba@gmail.com,+54 15 2289 4607,IA-400,Deep Learning Aplicado,9,Aprobado
2025-09-25,Victoria,Gutierrez,46218945,victoria.gutierrez25@outlook.com,+54 15 2198 3718,DEV-101,Algoritmos I,3,Desaprobado
2025-09-25,Emma,Cruz,36002678,emma.cruz@gmail.com,+54 15 2458 4414,DAT-305,Big Data & Cloud,2,Desaprobado
2025-09-25,Santino Benjamin,Aguero,41994956,santino benjamin.aguero@gmail.com,+54 15 2570 6892,IA-300,Redes Neuronales,9,Aprobado
2025-09-25,Alma,Rodriguez,39796864,alma.rodriguez@gmail.com,+54 9 3771 9880,IA-300,Redes Neuronales,4,Aprobado
2025-09-25,Agustín,Soria,45351925,agustín.soria25@outlook.com,+54 9 3897 5265,DAT-305,Big Data & Cloud,2,Desaprobado
2025-09-25,Felicitas,Aguero,37632339,felicitas.aguero@gmail.com,+54 15 2723 3282,IA-300,Redes Neuronales,5,Aprobado
2025-09-26,Maite,Ramos,36257669,maite.ramos@gmail.com,+54 15 2136 3807,MKT-200,Marketing de Contenidos,6,Aprobado
2025-09-26,Bianca,Torres,37584867,bianca.torres@gmail.com,+54 9 3666 0592,GEN-101,Ética y Tecnología,5,Aprobado
2025-09-26,Nahuel,Ramirez,38780853,nahuel.ramirez@gmail.com,+54 15 2737 9559,IA-300,Redes Neuronales,8,Aprobado
2025-09-26,Benjamin,Torres,37286941,benjamin.torres@gmail.com,+54 9 3554 1110,NEG-400,Liderazgo y Negociación,9,Aprobado
2025-09-26,Juliana,Barrios,43040142,juliana.barrios25@outlook.com,+54 9 3274 5296,IA-400,Deep Learning Aplicado,9,Aprobado
2025-09-26,Rosario,Peralta,37335497,rosario.peralta@gmail.com,+54 15 2481 8075,IA-300,Redes Neuronales,1,Desaprobado
2025-09-26,Bautista,Soto,44381082,bautista.soto25@outlook.com,+54 15 2377 2963,DAT-305,Big Data & Cloud,7,Aprobado
2025-09-26,Sofia,Castro,39416795,sofia.castro@gmail.com,+54 15 2163 2423,UX-100,Diseño de Experiencia de Usuario,2,Desaprobado
2025-09-26,Sol,Rodriguez,46321118,sol.rodriguez25@outlook.com,+54 15 2893 7423,DEV-101,Algoritmos I,9,Aprobado
2025-09-26,Juan,Ramirez,33984071,juan.ramirez@gmail.com,+54 15 2725 9320,DAT-305,Big Data & Cloud,4,Aprobado
2025-09-26,Valentino,Torres,31486885,valentino.torres@gmail.com,+54 9 3638 2030,DAT-101,Introducción a los Datos,1,Desaprobado
2025-09-26,Tomàs,Ortiz,45076705,tomàs.ortiz25@outlook.com,+54 9 3857 6471,DEV-101,Algoritmos I,4,Aprobado
2025-09-26,Valentina,Ramirez,31076430,valentina.ramirez@gmail.com,+54 9 3645 1465,DAT-305,Big Data & Cloud,2,Desaprobado
2025-09-26,Thiago Joaquin,Rodriguez,32099939,thiago joaquin.rodriguez@gmail.com,+54 15 2145 7655,DEV-101,Algoritmos I,1,Desaprobado
2025-09-27,Santino,Lopez,43991288,santino.lopez25@outlook.com,+54 15 2139 5310,DAT-305,Big Data & Cloud,9,Aprobado
2025-09-27,Dylan Benjamin,Maidana,47247100,dylan benjamin.maidana25@outlook.com,+54 15 2688 2455,IA-400,Deep Learning Aplicado,4,Aprobado
2025-09-27,Ciro,Velazquez,39145092,ciro.velazquez@gmail.com,+54 15 2145 9376,DAT-201,Estadística Avanzada,2,Desaprobado
2025-09-27,Victoria,Castro,30811908,victoria.castro@gmail.com,+54 15 2181 6193,DEV-101,Algoritmos I,5,Aprobado
2025-09-27,Geronimo,Maidana,41234290,geronimo.maidana@gmail.com,+54 9 3633 4141,MKT-200,Marketing de Contenidos,4,Aprobado
2025-09-27,Mia Jazmin,Duarte,36659434,mia jazmin.duarte@gmail.com,+54 15 2178 1659,DAT-201,Estadística Avanzada,1,Desaprobado
2025-09-27,Ambar,Gonzalez,36003291,ambar.gonzalez@gmail.com,+54 15 2573 9740,DAT-101,Introducción a los Datos,3,Desaprobado
2025-09-27,Salvador,Lopez,41422321,salvador.lopez@gmail.com,+54 15 2550 8708,GEN-101,Ética y Tecnología,3,Desaprobado
2025-09-27,Abigail,Luna,30639152,abigail.luna@gmail.com,+54 15 2606 9413,DAT-101,Introducción a los Datos,2,Desaprobado
2025-09-27,Faustino,Lopez,32101106,faustino.lopez@gmail.com,+54 15 2628 4268,NEG-400,Liderazgo y Negociación,8,Aprobado
2025-09-27,Francisco,Castillo,34411929,francisco.castillo@gmail.com,+54 9 3931 3382,IA-300,Redes Neuronales,10,Aprobado
2025-09-27,Josefina,Avila,37091816,josefina.avila@gmail.com,+54 9 3271 7601,IA-400,Deep Learning Aplicado,1,Desaprobado
2025-09-27,Maria Victoria,Gonzalez,44754060,maria victoria.gonzalez25@outlook.com,+54 15 2674 0499,MKT-200,Marketing de Contenidos,10,Aprobado
2025-09-28,Sofia,Fernandez,46329934,sofia.fernandez25@outlook.com,+54 15 2380 1193,DAT-201,Estadística Avanzada,6,Aprobado
2025-09-28,Agustin,Gimenez,39996815,agustin.gimenez@gmail.com,+54 15 2269 2834,DAT-101,Introducción a los Datos,7,Aprobado
2025-09-28,Carmela,Ledesma,43624806,carmela.ledesma25@outlook.com,+54 9 3870 6600,MKT-200,Marketing de Contenidos,4,Aprobado
2025-09-28,Joaquín,Gonzalez,45280236,joaquín.gonzalez25@outlook.com,+54 15 2698 8228,IA-300,Redes Neuronales,1,Desaprobado
2025-09-28,Agustin,Moreno,38622475,agustin.moreno@gmail.com,+54 9 3950 0522,DAT-201,Estadística Avanzada,7,Aprobado
2025-09-28,Juana,Chavez,30283080,juana.chavez@gmail.com,+54 15 2112 2240,DAT-101,Introducción a los Datos,10,Aprobado
2025-09-28,Lautaro Benjamin,Pereyra,45134203,lautaro benjamin.pereyra25@outlook.com,+54 9 3211 6916,DAT-305,Big Data & Cloud,6,Aprobado
2025-09-28,Lautaro Nahuel,Campos,40854875,lautaro nahuel.campos@gmail.com,+54 15 2827 0015,DAT-305,Big Data & Cloud,1,Desaprobado
2025-09-28,Angel Gabriel,Morales,37017626,angel gabriel.morales@gmail.com,+54 15 2475 5073,DAT-201,Estadística Avanzada,7,Aprobado
2025-09-28,Salvador,Ramos,41907942,salvador.ramos@gmail.com,+54 9 3774 3820,DAT-201,Estadística Avanzada,2,Desaprobado
2025-09-28,Bruno,Castro,47983613,bruno.castro25@outlook.com,+54 15 2812 7578,MKT-200,Marketing de Contenidos,3,Desaprobado
2025-09-28,Maria Paz,Rodriguez,36235580,maria paz.rodriguez@gmail.com,+54 9 3674 8872,DAT-101,Introducción a los Datos,2,Desaprobado
2025-09-29,Milagros,Herrera,36349336,milagros.herrera@gmail.com,+54 9 3694 1937,DEV-101,Algoritmos I,2,Desaprobado
2025-09-29,Renata,Fernandez,39047069,renata.fernandez@gmail.com,+54 15 2421 5023,DAT-305,Big Data & Cloud,9,Aprobado
2025-09-29,Santino,Romero,37515292,santino.romero@gmail.com,+54 9 3166 8844,DAT-201,Estadística Avanzada,9,Aprobado
2025-09-29,Miguel Angel,Sosa,39765048,miguel angel.sosa@gmail.com,+54 15 2265 6557,DAT-305,Big Data & Cloud,8,Aprobado
2025-09-29,Valentino,Cabrera,44544802,valentino.cabrera25@outlook.com,+54 15 2156 5497,DAT-201,Estadística Avanzada,6,Aprobado
2025-09-29,Thiago Leonel,Lopez,44197978,thiago leonel.lopez25@outlook.com,+54 15 2665 4161,DAT-305,Big Data & Cloud,1,Desaprobado
2025-09-29,Benjamin,Romero,44242960,benjamin.romero25@outlook.com,+54 9 3617 8558,NEG-400,Liderazgo y Negociación,8,Aprobado
2025-09-29,Agustín,Acosta,36882138,agustín.acosta@gmail.com,+54 15 2451 1690,IA-300,Redes Neuronales,8,Aprobado
2025-09-29,Luz Milagros,Correa,36158027,luz milagros.correa@gmail.com,+54 15 2236 5511,IA-400,Deep Learning Aplicado,4,Aprobado
2025-09-29,Sofia,Gimenez,32119317,sofia.gimenez@gmail.com,+54 15 2389 3033,IA-300,Redes Neuronales,2,Desaprobado
2025-09-29,Alma,Martinez,32201924,alma.martinez@gmail.com,+54 15 2111 3316,GEN-101,Ética y Tecnología,1,Desaprobado
2025-09-29,Pedro,Gonzalez,43098716,pedro.gonzalez25@outlook.com,+54 15 2604 8512,DAT-305,Big Data & Cloud,1,Desaprobado
2025-09-29,Milagros,Diaz,41950319,milagros.diaz@gmail.com,+54 9 3290 5987,MKT-200,Marketing de Contenidos,9,Aprobado
2025-09-29,Sol,Gonzalez,44488443,sol.gonzalez25@outlook.com,+54 15 2888 6502,IA-300,Redes Neuronales,10,Aprobado
2025-09-29,Renzo,Rodriguez,43492230,renzo.rodriguez25@outlook.com,+54 9 3387 6333,IA-300,Redes Neuronales,9,Aprobado
2025-09-29,Zoe,Franco,34648956,zoe.franco@gmail.com,+54 15 2706 3482,DAT-305,Big Data & Cloud,7,Aprobado
2025-09-29,Morena,Perez,43496203,morena.perez25@outlook.com,+54 15 2914 0349,IA-300,Redes Neuronales,7,Aprobado
2025-09-29,Lara,Gonzalez,43605753,lara.gonzalez25@outlook.com,+54 15 2479 7242,IA-300,Redes Neuronales,5,Aprobado
2025-09-29,Mateo Benjamin,Gonzalez,34841664,mateo benjamin.gonzalez@gmail.com,+54 9 3530 7559,GEN-101,Ética y Tecnología,3,Desaprobado
2025-09-29,Pedro,Gonzalez,43098716,pedro.gonzalez25@outlook.com,+54 15 2604 8512,IA-300,Redes Neuronales,5,Aprobado
2025-09-29,Olivia,Lopez,40804778,olivia.lopez@gmail.com,+54 9 3809 7636,MKT-200,Marketing de Contenidos,9,Aprobado
2025-09-30,Ana Paula,Molina,36480390,ana paula.molina@gmail.com,+54 9 3377 3025,NEG-400,Liderazgo y Negociación,4,Aprobado
2025-09-30,Santiago,Quiroga,44959844,santiago.quiroga25@outlook.com,+54 15 2580 3858,UX-100,Diseño de Experiencia de Usuario,9,Aprobado
2025-09-30,Maria Victoria,Gonzalez,44754060,maria victoria.gonzalez25@outlook.com,+54 15 2674 0499,UX-100,Diseño de Experiencia de Usuario,7,Aprobado
2025-09-30,Juana,Juarez,46780927,juana.juarez25@outlook.com,+54 15 2786 6426,DAT-305,Big Data & Cloud,8,Aprobado
2025-09-30,Julieta,Alvarez,32459600,julieta.alvarez@gmail.com,+54 9 3170 3456,DAT-201,Estadística Avanzada,6,Aprobado
2025-09-30,Bianca,Cruz,47481163,bianca.cruz25@outlook.com,+54 9 3910 1010,DEV-101,Algoritmos I,2,Desaprobado
2025-09-30,Lautaro Benjamin,Garcia,40967959,lautaro benjamin.garcia@gmail.com,+54 9 3115 2589,DAT-201,Estadística Avanzada,6,Aprobado
2025-09-30,Dante,Castillo,44407218,dante.castillo25@outlook.com,+54 9 3640 3279,DEV-101,Algoritmos I,8,Aprobado
2025-09-30,Victoria,Gonzalez,46952948,victoria.gonzalez25@outlook.com,+54 15 2573 8533,DAT-101,Introducción a los Datos,2,Desaprobado
2025-09-30,Alma Mia,Rodriguez,44398280,alma mia.rodriguez25@outlook.com,+54 15 2887 4749,IA-300,Redes Neuronales,1,Desaprobado
2025-09-30,Uma ,Chavez,30186819,uma .chavez@gmail.com,+54 15 2368 9480,DAT-101,Introducción a los Datos,7,Aprobado
2025-09-30,Guadalupe,Gonzalez,47075635,guadalupe.gonzalez25@outlook.com,+54 15 2419 6391,DEV-101,Algoritmos I,8,Aprobado
2025-09-30,Alma,Olivera,39535799,alma.olivera@gmail.com,+54 9 3779 6396,DAT-101,Introducción a los Datos,3,Desaprobado
2025-09-30,Mateo Ezequiel,Ferreyra,44235496,mateo ezequiel.ferreyra25@outlook.com,+54 15 2133 4336,DAT-101,Introducción a los Datos,3,Desaprobado
2025-09-30,Juan Ignacio,Garcia,37059839,juan ignacio.garcia@gmail.com,+54 9 3264 9730,IA-300,Redes Neuronales,4,Aprobado
2025-09-30,Isabel,Maidana,44700314,isabel.maidana25@outlook.com,+54 15 2492 5919,GEN-101,Ética y Tecnología,5,Aprobado
2025-09-30,Martina,Ortiz,32454237,martina.ortiz@gmail.com,+54 15 2248 2168,MKT-200,Marketing de Contenidos,1,Desaprobado
2025-09-30,Valentino,Moreno,33191684,valentino.moreno@gmail.com,+54 9 3965 5837,MKT-200,Marketing de Contenidos,3,Desaprobado
2025-09-30,Tomas,Lopez,46886132,tomas.lopez25@outlook.com,+54 9 3563 0960,UX-100,Diseño de Experiencia de Usuario,9,Aprobado
2025-09-30,Santino,Torres,44182964,santino.torres25@outlook.com,+54 9 3959 2093,DAT-305,Big Data & Cloud,7,Aprobado
2025-09-30,Lucía,Sosa,43624314,lucía.sosa25@outlook.com,+54 15 2724 3920,DAT-305,Big Data & Cloud,8,Aprobado
2025-09-30,Sofia,Castro,39416795,sofia.castro@gmail.com,+54 15 2163 2423,UX-100,Diseño de Experiencia de Usuario,1,Desaprobado
2025-09-30,Francesco,Ramirez,37885100,francesco.ramirez@gmail.com,+54 9 3521 7163,GEN-101,Ética y Tecnología,3,Desaprobado
2025-09-30,Juana,Benitez,40039504,juana.benitez@gmail.com,+54 15 2577 6493,DAT-305,Big Data & Cloud,6,Aprobado
2025-10-01,Maria Emilia,Herrera,35054932,maria emilia.herrera@gmail.com,+54 9 3252 6002,IA-300,Redes Neuronales,2,Desaprobado
2025-10-01,Priscila,Torres,45539704,priscila.torres25@outlook.com,+54 15 2693 1603,NEG-400,Liderazgo y Negociación,9,Aprobado
2025-10-01,Francisco,Romero,30672524,francisco.romero@gmail.com,+54 15 2357 4938,IA-300,Redes Neuronales,1,Desaprobado
2025-10-01,Franco,Perez,35486815,franco.perez@gmail.com,+54 15 2650 6421,IA-400,Deep Learning Aplicado,5,Aprobado
2025-10-01,Maria Paz,Rodriguez,44477303,maria paz.rodriguez25@outlook.com,+54 15 2514 9424,GEN-101,Ética y Tecnología,6,Aprobado
2025-10-01,Pilar,Arias,44878225,pilar.arias25@outlook.com,+54 9 3712 3590,IA-300,Redes Neuronales,2,Desaprobado
2025-10-01,Juan Cruz,Alvarez,40915348,juan cruz.alvarez@gmail.com,+54 15 2127 7692,DAT-201,Estadística Avanzada,2,Desaprobado
2025-10-01,Franco,Ponce,46278232,franco.ponce25@outlook.com,+54 9 3611 1891,UX-100,Diseño de Experiencia de Usuario,9,Aprobado
2025-10-01,Mateo Joaquin,Garcia,30719634,mateo joaquin.garcia@gmail.com,+54 15 2165 0258,DAT-305,Big Data & Cloud,7,Aprobado
2025-10-01,Gonzalo,Silva,30271801,gonzalo.silva@gmail.com,+54 9 3180 3146,DEV-101,Algoritmos I,5,Aprobado
2025-10-01,Lautaro Nicolas,Cardozo,40719473,lautaro nicolas.cardozo@gmail.com,+54 15 2260 4347,IA-400,Deep Learning Aplicado,1,Desaprobado
2025-10-01,Lautaro Benjamin,Vega,33511174,lautaro benjamin.vega@gmail.com,+54 15 2359 6472,DEV-101,Algoritmos I,10,Aprobado
2025-10-01,Mora,Valdez,46510451,mora.valdez25@outlook.com,+54 15 2814 3560,MKT-200,Marketing de Contenidos,4,Aprobado
2025-10-01,Valentina,Castro,34108557,valentina.castro@gmail.com,+54 9 3518 2775,UX-100,Diseño de Experiencia de Usuario,7,Aprobado
2025-10-01,Maite,Ramos,36257669,maite.ramos@gmail.com,+54 15 2136 3807,DAT-101,Introducción a los Datos,4,Aprobado
2025-10-01,Juana,Chavez,30283080,juana.chavez@gmail.com,+54 15 2112 2240,UX-100,Diseño de Experiencia de Usuario,6,Aprobado
2025-10-01,Luna,Mendoza,40451762,luna.mendoza@gmail.com,+54 15 2186 7469,DEV-101,Algoritmos I,5,Aprobado
2025-10-01,Maximo,Rodriguez,38680320,maximo.rodriguez@gmail.com,+54 15 2576 0138,IA-300,Redes Neuronales,7,Aprobado
2025-10-01,Lautaro Benjamin,Figueroa,37095694,lautaro benjamin.figueroa@gmail.com,+54 15 2679 4827,IA-300,Redes Neuronales,5,Aprobado
2025-10-01,Giuliana,Fernandez,44443284,giuliana.fernandez25@outlook.com,+54 9 3223 7666,UX-100,Diseño de Experiencia de Usuario,6,Aprobado
2025-10-01,Lautaro Benjamin,Garcia,40967959,lautaro benjamin.garcia@gmail.com,+54 9 3115 2589,DAT-305,Big Data & Cloud,6,Aprobado
2025-10-01,Victoria,Pereyra,31748817,victoria.pereyra@gmail.com,+54 15 2850 7128,IA-300,Redes Neuronales,9,Aprobado
2025-10-01,Benjamin,Gomez,44343101,benjamin.gomez25@outlook.com,+54 9 3186 2222,DAT-201,Estadística Avanzada,8,Aprobado
2025-10-01,Juan Pablo,Benitez,30163309,juan pablo.benitez@gmail.com,+54 9 3838 2898,GEN-101,Ética y Tecnología,9,Aprobado
2025-10-01,Benjamin,Gomez,44343101,benjamin.gomez25@outlook.com,+54 9 3186 2222,DAT-101,Introducción a los Datos,3,Desaprobado
2025-10-01,Lautaro Nicolas,Ramirez,30381511,lautaro nicolas.ramirez@gmail.com,+54 15 2193 5157,IA-400,Deep Learning Aplicado,5,Aprobado
2025-10-01,Francisca,Medina,32460250,francisca.medina@gmail.com,+54 9 3379 4613,DEV-101,Algoritmos I,1,Desaprobado
2025-10-01,Juan Ignacio,Moreno,43069128,juan ignacio.moreno25@outlook.com,+54 9 3282 3118,DAT-101,Introducción a los Datos,1,Desaprobado
2025-10-01,Oriana,Ortiz,36907961,oriana.ortiz@gmail.com,+54 9 3642 0757,DAT-305,Big Data & Cloud,9,Aprobado
2025-10-01,Matias,Gutierrez,40337941,matias.gutierrez@gmail.com,+54 9 3579 8170,DAT-101,Introducción a los Datos,5,Aprobado
2025-10-01,Pedro,Ferreyra,41273545,pedro.ferreyra@gmail.com,+54 15 2430 2797,UX-100,Diseño de Experiencia de Usuario,9,Aprobado
2025-10-01,Martina,Castro,41904080,martina.castro@gmail.com,+54 15 2431 2243,DAT-201,Estadística Avanzada,8,Aprobado
2025-10-01,Benjamin,Rodriguez,37119833,benjamin.rodriguez@gmail.com,+54 9 3143 9690,DAT-305,Big Data & Cloud,7,Aprobado
2025-10-02,Lucio,Acosta,47633067,lucio.acosta25@outlook.com,+54 9 3453 1982,UX-100,Diseño de Experiencia de Usuario,1,Desaprobado
2025-10-02,Lola,Valdez,39412125,lola.valdez@gmail.com,+54 9 3115 0663,DAT-305,Big Data & Cloud,4,Aprobado
2025-10-02,Dylan Ezequiel,Coronel,30055089,dylan ezequiel.coronel@gmail.com,+54 15 2514 8988,GEN-101,Ética y Tecnología,4,Aprobado
2025-10-02,Felipe,Roldan,46080609,felipe.roldan25@outlook.com,+54 9 3116 4433,MKT-200,Marketing de Contenidos,6,Aprobado
2025-10-02,Catalina,Mendoza,47320705,catalina.mendoza25@outlook.com,+54 9 3256 8036,UX-100,Diseño de Experiencia de Usuario,1,Desaprobado
2025-10-02,Mia Valentina,Herrera,37131375,mia valentina.herrera@gmail.com,+54 9 3790 9344,DAT-101,Introducción a los Datos,10,Aprobado
2025-10-02,Facundo,Gomez,34869838,facundo.gomez@gmail.com,+54 9 3877 4942,IA-400,Deep Learning Aplicado,7,Aprobado
2025-10-02,Tobias,Castillo,35608376,tobias.castillo@gmail.com,+54 15 2609 1713,DAT-305,Big Data & Cloud,7,Aprobado
2025-10-02,Sofia,Diaz,47707678,sofia.diaz25@outlook.com,+54 15 2176 6152,DAT-305,Big Data & Cloud,9,Aprobado
2025-10-02,Agustin,Gonzalez,40904939,agustin.gonzalez@gmail.com,+54 15 2218 7975,NEG-400,Liderazgo y Negociación,4,Aprobado
2025-10-02,Santino,Lopez,39265874,santino.lopez@gmail.com,+54 9 3354 9405,DEV-101,Algoritmos I,10,Aprobado
2025-10-02,Luciana,Ruiz,41023707,luciana.ruiz@gmail.com,+54 15 2381 6292,IA-300,Redes Neuronales,4,Aprobado
2025-10-02,Lautaro Benjamin,Paz,35218002,lautaro benjamin.paz@gmail.com,+54 15 2423 7428,MKT-200,Marketing de Contenidos,4,Aprobado
2025-10-02,Amparo,Vera,32362905,amparo.vera@gmail.com,+54 15 2324 4765,IA-300,Redes Neuronales,5,Aprobado
2025-10-03,Martín,Gonzalez,38631479,martín.gonzalez@gmail.com,+54 9 3993 9658,NEG-400,Liderazgo y Negociación,5,Aprobado
2025-10-03,Valentino,Diaz,40305444,valentino.diaz@gmail.com,+54 9 3909 7225,MKT-200,Marketing de Contenidos,7,Aprobado
2025-10-03,Martina,Flores,43162851,martina.flores25@outlook.com,+54 15 2164 8198,DAT-305,Big Data & Cloud,9,Aprobado
2025-10-03,Thiago Agustin,Gonzalez,33831924,thiago agustin.gonzalez@gmail.com,+54 9 3844 4805,IA-400,Deep Learning Aplicado,10,Aprobado
2025-10-03,Maximo,Velazquez,32726810,maximo.velazquez@gmail.com,+54 9 3216 6292,DAT-101,Introducción a los Datos,4,Aprobado
2025-10-03,Tomàs,Gonzalez,40998609,tomàs.gonzalez@gmail.com,+54 9 3448 1992,UX-100,Diseño de Experiencia de Usuario,5,Aprobado
2025-10-03,Santiago,Caceres,47775711,santiago.caceres25@outlook.com,+54 15 2450 9084,UX-100,Diseño de Experiencia de Usuario,9,Aprobado
2025-10-03,Thiago Valentin,Rodriguez,31909036,thiago valentin.rodriguez@gmail.com,+54 15 2280 0393,DAT-101,Introducción a los Datos,2,Desaprobado
2025-10-03,Emma,Fernandez,36138156,emma.fernandez@gmail.com,+54 9 3418 7412,IA-400,Deep Learning Aplicado,2,Desaprobado
2025-10-03,Valentina,Gonzalez,45482430,valentina.gonzalez25@outlook.com,+54 9 3479 4266,IA-400,Deep Learning Aplicado,4,Aprobado
2025-10-03,Juan Ignacio,Gomez,40401825,juan ignacio.gomez@gmail.com,+54 9 3163 0057,DAT-305,Big Data & Cloud,2,Desaprobado
2025-10-03,Agustina,Pereyra,39244530,agustina.pereyra@gmail.com,+54 9 3667 4320,DAT-305,Big Data & Cloud,8,Aprobado
2025-10-03,Dante,Ruiz,35722006,dante.ruiz@gmail.com,+54 9 3948 5100,IA-300,Redes Neuronales,3,Desaprobado
2025-10-03,Catalina,Rodriguez,38531623,catalina.rodriguez@gmail.com,+54 9 3727 8330,DAT-101,Introducción a los Datos,1,Desaprobado
2025-10-03,Olivia,Soto,36532331,olivia.soto@gmail.com,+54 9 3110 7196,IA-400,Deep Learning Aplicado,9,Aprobado
2025-10-04,Guadalupe,Luna,33143242,guadalupe.luna@gmail.com,+54 9 3766 6689,IA-400,Deep Learning Aplicado,3,Desaprobado
2025-10-04,Dylan Ezequiel,Diaz,34501518,dylan ezequiel.diaz@gmail.com,+54 15 2580 1895,DAT-201,Estadística Avanzada,4,Aprobado
2025-10-04,Isabella,Alvarez,32388706,isabella.alvarez@gmail.com,+54 9 3401 0957,IA-300,Redes Neuronales,8,Aprobado
2025-10-04,Santiago,Torres,43185797,santiago.torres25@outlook.com,+54 9 3462 8959,NEG-400,Liderazgo y Negociación,10,Aprobado
2025-10-04,Sofia,Fernandez,46329934,sofia.fernandez25@outlook.com,+54 15 2380 1193,DAT-201,Estadística Avanzada,10,Aprobado
2025-10-04,Agustín,Hernandez,39335040,agustín.hernandez@gmail.com,+54 15 2669 5824,MKT-200,Marketing de Contenidos,3,Desaprobado
2025-10-04,Nicolas,Rodriguez,39396593,nicolas.rodriguez@gmail.com,+54 9 3777 9793,DEV-101,Algoritmos I,3,Desaprobado
2025-10-04,Valentino,Cabrera,44544802,valentino.cabrera25@outlook.com,+54 15 2156 5497,DAT-305,Big Data & Cloud,1,Desaprobado
2025-10-04,Ignacio,Ruiz,44115122,ignacio.ruiz25@outlook.com,+54 9 3857 4661,DEV-101,Algoritmos I,10,Aprobado
2025-10-04,Benicio,Cordoba,40783770,benicio.cordoba@gmail.com,+54 9 3585 7874,NEG-400,Liderazgo y Negociación,8,Aprobado
2025-10-04,Camila,Romero,39449899,camila.romero@gmail.com,+54 9 3702 0303,DAT-305,Big Data & Cloud,10,Aprobado
2025-10-04,Ana Paula,Flores,44717216,ana paula.flores25@outlook.com,+54 9 3867 9438,GEN-101,Ética y Tecnología,1,Desaprobado
2025-10-04,Milagros,Maidana,34089245,milagros.maidana@gmail.com,+54 15 2315 0648,IA-300,Redes Neuronales,7,Aprobado
2025-10-04,Salvador,Paz,32128322,salvador.paz@gmail.com,+54 15 2553 1707,DAT-101,Introducción a los Datos,9,Aprobado
2025-10-05,Malena,Diaz,46410216,malena.diaz25@outlook.com,+54 9 3383 2231,MKT-200,Marketing de Contenidos,6,Aprobado
2025-10-05,Angel Gabriel,Diaz,31786305,angel gabriel.diaz@gmail.com,+54 9 3746 8800,DAT-101,Introducción a los Datos,3,Desaprobado
2025-10-05,Faustino,Ramirez,31116340,faustino.ramirez@gmail.com,+54 15 2160 2057,DEV-101,Algoritmos I,3,Desaprobado
2025-10-05,Lautaro,Luna,34896530,lautaro.luna@gmail.com,+54 9 3634 2447,GEN-101,Ética y Tecnología,7,Aprobado
2025-10-05,Santino,Herrera,34764302,santino.herrera@gmail.com,+54 15 2544 4531,DAT-201,Estadística Avanzada,6,Aprobado
2025-10-05,Agustín,Lopez,43830930,agustín.lopez25@outlook.com,+54 15 2391 6311,DAT-305,Big Data & Cloud,4,Aprobado
2025-10-05,Mora,Gonzalez,40333573,mora.gonzalez@gmail.com,+54 15 2448 6466,MKT-200,Marketing de Contenidos,4,Aprobado
2025-10-05,Lautaro Ezequiel,Miranda,41289442,lautaro ezequiel.miranda@gmail.com,+54 9 3967 1656,UX-100,Diseño de Experiencia de Usuario,1,Desaprobado
2025-10-05,Delfina,Garcia,44692963,delfina.garcia25@outlook.com,+54 9 3652 2166,NEG-400,Liderazgo y Negociación,9,Aprobado
2025-10-05,Nahiara Jazmin,Sanchez,46637531,nahiara jazmin.sanchez25@outlook.com,+54 9 3476 8211,IA-400,Deep Learning Aplicado,1,Desaprobado
2025-10-05,Tiziano,Gomez,33792064,tiziano.gomez@gmail.com,+54 15 2343 7952,MKT-200,Marketing de Contenidos,2,Desaprobado
2025-10-05,Isabella,Rojas,45311516,isabella.rojas25@outlook.com,+54 15 2924 3437,MKT-200,Marketing de Contenidos,3,Desaprobado
2025-10-05,Ignacio,Gimenez,37733861,ignacio.gimenez@gmail.com,+54 9 3319 0771,DAT-101,Introducción a los Datos,6,Aprobado
2025-10-05,Lucia,Vargas,46965600,lucia.vargas25@outlook.com,+54 15 2303 7009,DAT-305,Big Data & Cloud,6,Aprobado
2025-10-05,Mia,Gimenez,44490644,mia.gimenez25@outlook.com,+54 9 3250 3782,DAT-305,Big Data & Cloud,2,Desaprobado
2025-10-05,Juan Ignacio,Gimenez,41213341,juan ignacio.gimenez@gmail.com,+54 15 2459 3784,DEV-101,Algoritmos I,5,Aprobado
2025-10-05,Luca,Gonzalez,35419862,luca.gonzalez@gmail.com,+54 9 3700 9146,MKT-200,Marketing de Contenidos,1,Desaprobado
2025-10-05,Abigail,Bravo,45225711,abigail.bravo25@outlook.com,+54 9 3623 4808,DAT-101,Introducción a los Datos,3,Desaprobado
2025-10-05,Julieta,Sanchez,34355689,julieta.sanchez@gmail.com,+54 15 2191 1477,DEV-101,Algoritmos I,5,Aprobado
2025-10-06,Thiago Valentin,Gimenez,31846283,thiago valentin.gimenez@gmail.com,+54 9 3714 7279,IA-400,Deep Learning Aplicado,6,Aprobado
2025-10-06,Benjamin,Gomez,44343101,benjamin.gomez25@outlook.com,+54 9 3186 2222,MKT-200,Marketing de Contenidos,9,Aprobado
2025-10-06,Sol,Gomez,31067946,sol.gomez@gmail.com,+54 9 3980 0115,MKT-200,Marketing de Contenidos,5,Aprobado
2025-10-06,Joaquin,Mansilla,34696467,joaquin.mansilla@gmail.com,+54 9 3717 5960,NEG-400,Liderazgo y Negociación,3,Desaprobado
2025-10-06,Elena,Castro,32496231,elena.castro@gmail.com,+54 9 3921 9876,IA-400,Deep Learning Aplicado,6,Aprobado
2025-10-06,Ambar,Ledesma,46024126,ambar.ledesma25@outlook.com,+54 15 2968 7519,MKT-200,Marketing de Contenidos,7,Aprobado
2025-10-06,Antonella,Ruiz,32583779,antonella.ruiz@gmail.com,+54 9 3119 4733,IA-300,Redes Neuronales,8,Aprobado
2025-10-06,Amparo,Perez,33296162,amparo.perez@gmail.com,+54 15 2746 5753,IA-300,Redes Neuronales,10,Aprobado
2025-10-06,Santiago,Sosa,44820591,santiago.sosa25@outlook.com,+54 15 2610 9863,UX-100,Diseño de Experiencia de Usuario,10,Aprobado
2025-10-06,Joaquin,Pereyra,40846299,joaquin.pereyra@gmail.com,+54 9 3438 6551,DAT-305,Big Data & Cloud,8,Aprobado
2025-10-06,Lucas,Medina,47788251,lucas.medina25@outlook.com,+54 15 2408 8371,DEV-101,Algoritmos I,10,Aprobado
2025-10-07,Thiago Valentin,Fernandez,44049715,thiago valentin.fernandez25@outlook.com,+54 15 2608 7431,NEG-400,Liderazgo y Negociación,7,Aprobado
2025-10-07,Julieta,Godoy,36780964,julieta.godoy@gmail.com,+54 9 3696 3139,DAT-101,Introducción a los Datos,1,Desaprobado
2025-10-07,Jazmin,Barrios,44911255,jazmin.barrios25@outlook.com,+54 9 3242 2607,IA-300,Redes Neuronales,3,Desaprobado
2025-10-07,Martina,Lopez,46890428,martina.lopez25@outlook.com,+54 15 2191 0910,UX-100,Diseño de Experiencia de Usuario,5,Aprobado
2025-10-07,Mateo,Rodriguez,32349636,mateo.rodriguez@gmail.com,+54 9 3116 9960,NEG-400,Liderazgo y Negociación,4,Aprobado
2025-10-07,Juana,Rios,32844429,juana.rios@gmail.com,+54 15 2482 5721,DEV-101,Algoritmos I,1,Desaprobado
2025-10-07,Juan Bautista,Ortiz,40762250,juan bautista.ortiz@gmail.com,+54 9 3982 9587,IA-400,Deep Learning Aplicado,6,Aprobado
2025-10-07,Sofia Belen,Castillo,39579172,sofia belen.castillo@gmail.com,+54 9 3249 4706,UX-100,Diseño de Experiencia de Usuario,7,Aprobado
2025-10-07,Camila,Rodriguez,39073370,camila.rodriguez@gmail.com,+54 9 3690 4388,DAT-101,Introducción a los Datos,7,Aprobado
2025-10-07,Guillermina,Ruiz,32130223,guillermina.ruiz@gmail.com,+54 15 2589 7617,DAT-101,Introducción a los Datos,1,Desaprobado
2025-10-07,Thiago,Molina,43537356,thiago.molina25@outlook.com,+54 15 2461 4112,DAT-101,Introducción a los Datos,10,Aprobado
2025-10-07,Isabella,Romero,37106276,isabella.romero@gmail.com,+54 15 2995 6996,GEN-101,Ética y Tecnología,9,Aprobado
2025-10-07,Sofia,Fernandez,46329934,sofia.fernandez25@outlook.com,+54 15 2380 1193,UX-100,Diseño de Experiencia de Usuario,7,Aprobado
2025-10-07,Guillermina,Sosa,30649167,guillermina.sosa@gmail.com,+54 15 2849 9225,IA-400,Deep Learning Aplicado,4,Aprobado
2025-10-07,Mora,Valdez,46510451,mora.valdez25@outlook.com,+54 15 2814 3560,GEN-101,Ética y Tecnología,10,Aprobado
2025-10-07,Catalina,Sosa,35951430,catalina.sosa@gmail.com,+54 9 3274 5282,UX-100,Diseño de Experiencia de Usuario,1,Desaprobado
2025-10-07,Joaquín,Peralta,46372785,joaquín.peralta25@outlook.com,+54 9 3801 1599,DEV-101,Algoritmos I,3,Desaprobado
2025-10-07,Martina,Martinez,30342609,martina.martinez@gmail.com,+54 15 2874 9345,NEG-400,Liderazgo y Negociación,7,Aprobado
2025-10-07,Martina,Gonzalez,40733106,martina.gonzalez@gmail.com,+54 15 2516 0084,DAT-201,Estadística Avanzada,4,Aprobado
2025-10-07,Santino,Barrios,46847177,santino.barrios25@outlook.com,+54 9 3259 2427,DEV-101,Algoritmos I,1,Desaprobado
2025-10-07,Dylan,Peralta,38695540,dylan.peralta@gmail.com,+54 15 2105 6753,DAT-305,Big Data & Cloud,4,Aprobado
2025-10-07,Juana,Garcia,35199789,juana.garcia@gmail.com,+54 15 2910 1928,UX-100,Diseño de Experiencia de Usuario,6,Aprobado
2025-10-08,Tomàs,Gonzalez,40998609,tomàs.gonzalez@gmail.com,+54 9 3448 1992,NEG-400,Liderazgo y Negociación,4,Aprobado
2025-10-08,Martin,Roldan,46119042,martin.roldan25@outlook.com,+54 9 3890 1628,GEN-101,Ética y Tecnología,3,Desaprobado
2025-10-08,Salvador,Fernandez,43254348,salvador.fernandez25@outlook.com,+54 9 3626 8718,UX-100,Diseño de Experiencia de Usuario,3,Desaprobado
2025-10-08,Angel Gabriel,Diaz,31786305,angel gabriel.diaz@gmail.com,+54 9 3746 8800,DAT-305,Big Data & Cloud,7,Aprobado
2025-10-08,Mia,Gimenez,44490644,mia.gimenez25@outlook.com,+54 9 3250 3782,MKT-200,Marketing de Contenidos,5,Aprobado
2025-10-08,Thiago Emanuel,Rodriguez,45177548,thiago emanuel.rodriguez25@outlook.com,+54 9 3486 6592,MKT-200,Marketing de Contenidos,6,Aprobado
2025-10-08,Alfonsina,Rivero,34288472,alfonsina.rivero@gmail.com,+54 15 2757 9385,IA-300,Redes Neuronales,9,Aprobado
2025-10-08,Victoria,Pereyra,31748817,victoria.pereyra@gmail.com,+54 15 2850 7128,NEG-400,Liderazgo y Negociación,2,Desaprobado
2025-10-08,Mateo,Lopez,41166199,mateo.lopez@gmail.com,+54 9 3731 7849,DAT-201,Estadística Avanzada,7,Aprobado
2025-10-08,Sofia,Rivero,38085164,sofia.rivero@gmail.com,+54 15 2151 7766,NEG-400,Liderazgo y Negociación,3,Desaprobado
2025-10-08,Ignacio,Martinez,46564562,ignacio.martinez25@outlook.com,+54 15 2866 3121,IA-300,Redes Neuronales,5,Aprobado
2025-10-08,Francisco,Rodriguez,43462497,francisco.rodriguez25@outlook.com,+54 9 3619 5749,DAT-305,Big Data & Cloud,2,Desaprobado
2025-10-08,Clara,Fernandez,46225626,clara.fernandez25@outlook.com,+54 9 3708 8556,MKT-200,Marketing de Contenidos,2,Desaprobado
2025-10-08,Thiago Benjamin,Ayala,33683627,thiago benjamin.ayala@gmail.com,+54 9 3339 0062,IA-400,Deep Learning Aplicado,1,Desaprobado
2025-10-08,Ignacio,Martinez,46564562,ignacio.martinez25@outlook.com,+54 15 2866 3121,DEV-101,Algoritmos I,3,Desaprobado
2025-10-08,Nahuel,Perez,37596799,nahuel.perez@gmail.com,+54 15 2482 1862,IA-400,Deep Learning Aplicado,5,Aprobado
2025-10-08,Renata,Diaz,38940969,renata.diaz@gmail.com,+54 15 2422 4877,IA-300,Redes Neuronales,2,Desaprobado
2025-10-09,Francisco,Flores,39623347,francisco.flores@gmail.com,+54 15 2101 9948,IA-300,Redes Neuronales,3,Desaprobado
2025-10-09,Thiago Valentin,Mansilla,31547849,thiago valentin.mansilla@gmail.com,+54 9 3515 2592,UX-100,Diseño de Experiencia de Usuario,6,Aprobado
2025-10-09,Jeremias,Figueroa,33568791,jeremias.figueroa@gmail.com,+54 15 2577 0480,IA-300,Redes Neuronales,7,Aprobado
2025-10-09,Juan Ignacio,Garcia,37059839,juan ignacio.garcia@gmail.com,+54 9 3264 9730,NEG-400,Liderazgo y Negociación,5,Aprobado
2025-10-09,Facundo,Paez,32905120,facundo.paez@gmail.com,+54 15 2203 0561,IA-300,Redes Neuronales,2,Desaprobado
2025-10-09,Maximo,Dominguez,45368291,maximo.dominguez25@outlook.com,+54 9 3136 3468,MKT-200,Marketing de Contenidos,7,Aprobado
2025-10-09,Maria Luz,Moyano,31365812,maria luz.moyano@gmail.com,+54 9 3856 5055,NEG-400,Liderazgo y Negociación,9,Aprobado
2025-10-09,Martina,Fernandez,40916647,martina.fernandez@gmail.com,+54 15 2289 9356,DEV-101,Algoritmos I,5,Aprobado
2025-10-09,Julieta,Quiroga,38964128,julieta.quiroga@gmail.com,+54 15 2997 1411,DAT-201,Estadística Avanzada,7,Aprobado
2025-10-09,Manuel,Rivero,45984678,manuel.rivero25@outlook.com,+54 15 2140 0587,IA-300,Redes Neuronales,1,Desaprobado
2025-10-09,Maximiliano,Leiva,36858459,maximiliano.leiva@gmail.com,+54 15 2575 6363,IA-400,Deep Learning Aplicado,6,Aprobado
2025-10-09,Abigail,Luna,30639152,abigail.luna@gmail.com,+54 15 2606 9413,DEV-101,Algoritmos I,8,Aprobado
2025-10-09,Ciro,Caceres,36992557,ciro.caceres@gmail.com,+54 9 3996 2042,UX-100,Diseño de Experiencia de Usuario,8,Aprobado
2025-10-09,Thiago Nahuel,Gimenez,44473224,thiago nahuel.gimenez25@outlook.com,+54 15 2722 0256,UX-100,Diseño de Experiencia de Usuario,8,Aprobado
2025-10-10,Gonzalo,Sanchez,41890956,gonzalo.sanchez@gmail.com,+54 9 3817 4896,GEN-101,Ética y Tecnología,3,Desaprobado
2025-10-10,Bianca,Aguirre,39737785,bianca.aguirre@gmail.com,+54 15 2169 0430,DEV-101,Algoritmos I,3,Desaprobado
2025-10-10,Emanuel,Gomez,31576981,emanuel.gomez@gmail.com,+54 9 3734 4828,DAT-101,Introducción a los Datos,6,Aprobado
2025-10-10,Julieta,Godoy,36780964,julieta.godoy@gmail.com,+54 9 3696 3139,IA-300,Redes Neuronales,6,Aprobado
2025-10-10,Catalina,Gonzalez,31278420,catalina.gonzalez@gmail.com,+54 15 2852 0968,GEN-101,Ética y Tecnología,6,Aprobado
2025-10-10,Maximiliano,Leiva,36858459,maximiliano.leiva@gmail.com,+54 15 2575 6363,GEN-101,Ética y Tecnología,1,Desaprobado
2025-10-10,Valentin,Caceres,47217063,valentin.caceres25@outlook.com,+54 15 2415 2665,GEN-101,Ética y Tecnología,8,Aprobado
2025-10-10,Guillermina,Lopez,39817999,guillermina.lopez@gmail.com,+54 9 3292 7922,DAT-101,Introducción a los Datos,4,Aprobado
2025-10-10,Santino Benjamin,Garcia,47822229,santino benjamin.garcia25@outlook.com,+54 15 2619 7984,DAT-101,Introducción a los Datos,7,Aprobado
2025-10-10,Sofia,Lopez,43008590,sofia.lopez25@outlook.com,+54 15 2796 4023,UX-100,Diseño de Experiencia de Usuario,8,Aprobado
2025-10-10,Mateo Joaquin,Diaz,40756585,mateo joaquin.diaz@gmail.com,+54 15 2848 6512,GEN-101,Ética y Tecnología,4,Aprobado
2025-10-10,Juan Bautista,Acosta,31332769,juan bautista.acosta@gmail.com,+54 15 2161 8024,UX-100,Diseño de Experiencia de Usuario,4,Aprobado
2025-10-10,Elena,Rodriguez,47906696,elena.rodriguez25@outlook.com,+54 15 2465 1291,NEG-400,Liderazgo y Negociación,5,Aprobado
2025-10-10,Jazmin,Ledesma,32441127,jazmin.ledesma@gmail.com,+54 15 2561 4868,DEV-101,Algoritmos I,8,Aprobado
2025-10-11,Pedro,Gonzalez,43098716,pedro.gonzalez25@outlook.com,+54 15 2604 8512,MKT-200,Marketing de Contenidos,2,Desaprobado
2025-10-11,Renata,Fernandez,39047069,renata.fernandez@gmail.com,+54 15 2421 5023,MKT-200,Marketing de Contenidos,2,Desaprobado
2025-10-11,Emma,Soria,39901527,emma.soria@gmail.com,+54 15 2702 8197,GEN-101,Ética y Tecnología,6,Aprobado
2025-10-11,Luisina,Juarez,30946573,luisina.juarez@gmail.com,+54 15 2512 8164,IA-300,Redes Neuronales,8,Aprobado
2025-10-11,Olivia,Ramirez,45041476,olivia.ramirez25@outlook.com,+54 15 2567 1752,IA-300,Redes Neuronales,10,Aprobado
2025-10-11,Helena,Gomez,34130787,helena.gomez@gmail.com,+54 9 3179 5083,DEV-101,Algoritmos I,2,Desaprobado
2025-10-11,Valentino,Gonzalez,33229738,valentino.gonzalez@gmail.com,+54 15 2268 3184,UX-100,Diseño de Experiencia de Usuario,5,Aprobado
2025-10-11,Ambar,Ledesma,46024126,ambar.ledesma25@outlook.com,+54 15 2968 7519,MKT-200,Marketing de Contenidos,3,Desaprobado
2025-10-11,Pedro,Alvarez,45002798,pedro.alvarez25@outlook.com,+54 15 2230 9622,GEN-101,Ética y Tecnología,2,Desaprobado
2025-10-11,Ana Paula,Hernandez,33201122,ana paula.hernandez@gmail.com,+54 9 3117 9767,DAT-305,Big Data & Cloud,8,Aprobado
2025-10-11,Lautaro,Diaz,31908414,lautaro.diaz@gmail.com,+54 15 2776 4121,DAT-305,Big Data & Cloud,2,Desaprobado
2025-10-11,Bautista Benjamin,Caceres,47197652,bautista benjamin.caceres25@outlook.com,+54 15 2762 7365,UX-100,Diseño de Experiencia de Usuario,2,Desaprobado
2025-10-12,Justina,Maldonado,34987487,justina.maldonado@gmail.com,+54 9 3535 1855,DAT-305,Big Data & Cloud,6,Aprobado
2025-10-12,Isabella,Alvarez,40104822,isabella.alvarez@gmail.com,+54 15 2545 8644,GEN-101,Ética y Tecnología,1,Desaprobado
2025-10-12,Ana Paula,Molina,36480390,ana paula.molina@gmail.com,+54 9 3377 3025,IA-400,Deep Learning Aplicado,1,Desaprobado
2025-10-12,Lautaro Nicolas,Aguero,40833222,lautaro nicolas.aguero@gmail.com,+54 9 3416 4586,MKT-200,Marketing de Contenidos,5,Aprobado
2025-10-12,Nicolas,Rodriguez,39396593,nicolas.rodriguez@gmail.com,+54 9 3777 9793,MKT-200,Marketing de Contenidos,10,Aprobado
2025-10-12,Maximo,Toledo,34883029,maximo.toledo@gmail.com,+54 9 3423 2266,UX-100,Diseño de Experiencia de Usuario,1,Desaprobado
2025-10-12,Lautaro Nahuel,Campos,40854875,lautaro nahuel.campos@gmail.com,+54 15 2827 0015,DAT-101,Introducción a los Datos,3,Desaprobado
2025-10-12,Martina,Medina,33614240,martina.medina@gmail.com,+54 9 3418 2700,IA-400,Deep Learning Aplicado,3,Desaprobado
2025-10-12,Maite,Torres,43549346,maite.torres25@outlook.com,+54 15 2226 2116,UX-100,Diseño de Experiencia de Usuario,5,Aprobado
2025-10-12,Jazmin,Molina,45841815,jazmin.molina25@outlook.com,+54 9 3818 6655,DEV-101,Algoritmos I,1,Desaprobado
2025-10-12,Santiago,Soto,35683885,santiago.soto@gmail.com,+54 15 2971 7254,IA-400,Deep Learning Aplicado,10,Aprobado
2025-10-12,Valentino,Torres,31486885,valentino.torres@gmail.com,+54 9 3638 2030,MKT-200,Marketing de Contenidos,3,Desaprobado
2025-10-12,Mateo,Ramirez,46797195,mateo.ramirez25@outlook.com,+54 9 3513 5152,DAT-101,Introducción a los Datos,6,Aprobado
2025-10-12,Emma,Chavez,32817735,emma.chavez@gmail.com,+54 9 3212 1715,DAT-305,Big Data & Cloud,3,Desaprobado
2025-10-12,Maria Victoria,Blanco,33649881,maria victoria.blanco@gmail.com,+54 15 2106 0667,UX-100,Diseño de Experiencia de Usuario,9,Aprobado
2025-10-12,Joaquin,Pereyra,38714246,joaquin.pereyra@gmail.com,+54 9 3239 6010,IA-300,Redes Neuronales,3,Desaprobado
2025-10-12,Delfina,Alvarez,44988509,delfina.alvarez25@outlook.com,+54 9 3816 7473,DEV-101,Algoritmos I,5,Aprobado
2025-10-12,Zoe Jazmin,Castillo,39073064,zoe jazmin.castillo@gmail.com,+54 9 3595 0967,IA-400,Deep Learning Aplicado,7,Aprobado
2025-10-12,Mateo Joaquin,Godoy,31848115,mateo joaquin.godoy@gmail.com,+54 15 2405 3759,IA-300,Redes Neuronales,3,Desaprobado
2025-10-12,Thiago,Villalba,39107282,thiago.villalba@gmail.com,+54 9 3639 4235,GEN-101,Ética y Tecnología,6,Aprobado
2025-10-12,Ramiro,Rodriguez,40399678,ramiro.rodriguez@gmail.com,+54 15 2363 3552,GEN-101,Ética y Tecnología,9,Aprobado
2025-10-13,Alma,Vega,43471496,alma.vega25@outlook.com,+54 15 2352 5627,DEV-101,Algoritmos I,5,Aprobado
2025-10-13,Renata,Fernandez,39047069,renata.fernandez@gmail.com,+54 15 2421 5023,DAT-201,Estadística Avanzada,7,Aprobado
2025-10-13,Tomàs,Morales,33507272,tomàs.morales@gmail.com,+54 15 2129 0851,NEG-400,Liderazgo y Negociación,3,Desaprobado
2025-10-13,Ignacio,Farias,41204894,ignacio.farias@gmail.com,+54 9 3335 6297,NEG-400,Liderazgo y Negociación,4,Aprobado
2025-10-13,Julian,Gimenez,44176621,julian.gimenez25@outlook.com,+54 9 3139 3290,IA-300,Redes Neuronales,3,Desaprobado
2025-10-13,Delfina,Garcia,44692963,delfina.garcia25@outlook.com,+54 9 3652 2166,DEV-101,Algoritmos I,5,Aprobado
2025-10-13,Santino,Duarte,41815317,santino.duarte@gmail.com,+54 15 2268 9888,IA-400,Deep Learning Aplicado,3,Desaprobado
2025-10-13,Isabella,Rojas,45311516,isabella.rojas25@outlook.com,+54 15 2924 3437,IA-300,Redes Neuronales,2,Desaprobado
2025-10-13,Franco,Perez,35486815,franco.perez@gmail.com,+54 15 2650 6421,DAT-101,Introducción a los Datos,10,Aprobado
2025-10-13,Pilar,Romero,43714584,pilar.romero25@outlook.com,+54 15 2774 0490,IA-400,Deep Learning Aplicado,8,Aprobado
2025-10-13,Geronimo,Maldonado,40523492,geronimo.maldonado@gmail.com,+54 9 3946 9646,DAT-305,Big Data & Cloud,9,Aprobado
2025-10-13,Santino,Gonzalez,40175984,santino.gonzalez@gmail.com,+54 15 2323 4216,DAT-305,Big Data & Cloud,5,Aprobado
2025-10-13,Maria Luz,Moyano,31365812,maria luz.moyano@gmail.com,+54 9 3856 5055,DEV-101,Algoritmos I,6,Aprobado
2025-10-14,Morena,Cardozo,41833461,morena.cardozo@gmail.com,+54 15 2732 9591,UX-100,Diseño de Experiencia de Usuario,3,Desaprobado
2025-10-14,Mateo,Lopez,30278086,mateo.lopez@gmail.com,+54 9 3374 3377,DAT-305,Big Data & Cloud,6,Aprobado
2025-10-14,Juan Pablo,Benitez,47733210,juan pablo.benitez25@outlook.com,+54 9 3148 0398,MKT-200,Marketing de Contenidos,4,Aprobado
2025-10-14,Juana,Rios,32844429,juana.rios@gmail.com,+54 15 2482 5721,NEG-400,Liderazgo y Negociación,3,Desaprobado
2025-10-14,Agustin,Avila,40394280,agustin.avila@gmail.com,+54 9 3671 0892,DAT-305,Big Data & Cloud,4,Aprobado
2025-10-14,León,Gonzalez,37947511,león.gonzalez@gmail.com,+54 15 2238 6033,IA-300,Redes Neuronales,5,Aprobado
2025-10-14,Giuliana,Fernandez,44443284,giuliana.fernandez25@outlook.com,+54 9 3223 7666,DAT-305,Big Data & Cloud,6,Aprobado
2025-10-14,Luz Milagros,Paz,36156003,luz milagros.paz@gmail.com,+54 9 3142 1931,NEG-400,Liderazgo y Negociación,8,Aprobado
2025-10-14,Thiago,Rodriguez,45496689,thiago.rodriguez25@outlook.com,+54 15 2502 7179,DAT-305,Big Data & Cloud,1,Desaprobado
2025-10-14,Jazmin,Cabrera,35470566,jazmin.cabrera@gmail.com,+54 9 3362 8341,UX-100,Diseño de Experiencia de Usuario,9,Aprobado
2025-10-15,Dante,Ramirez,35425422,dante.ramirez@gmail.com,+54 9 3205 6715,DEV-101,Algoritmos I,6,Aprobado
2025-10-15,Facundo,Medina,43729856,facundo.medina25@outlook.com,+54 15 2341 9750,GEN-101,Ética y Tecnología,3,Desaprobado
2025-10-15,Isabella,Nuñez,36676918,isabella.nuñez@gmail.com,+54 9 3972 7053,IA-400,Deep Learning Aplicado,10,Aprobado
2025-10-15,Malena,Diaz,44241859,malena.diaz25@outlook.com,+54 9 3988 7159,MKT-200,Marketing de Contenidos,3,Desaprobado
2025-10-15,Juana,Benitez,40039504,juana.benitez@gmail.com,+54 15 2577 6493,DAT-101,Introducción a los Datos,8,Aprobado
2025-10-15,Zoe,Fernandez,44286872,zoe.fernandez25@outlook.com,+54 9 3358 4498,DEV-101,Algoritmos I,7,Aprobado
2025-10-15,Morena,Perez,43496203,morena.perez25@outlook.com,+54 15 2914 0349,DEV-101,Algoritmos I,3,Desaprobado
2025-10-15,Juan Francisco,Torres,45694620,juan francisco.torres25@outlook.com,+54 9 3762 4736,DAT-201,Estadística Avanzada,10,Aprobado
2025-10-15,Luca,Gimenez,35837738,luca.gimenez@gmail.com,+54 15 2839 5749,DEV-101,Algoritmos I,5,Aprobado
2025-10-15,Thiago Nahuel,Castro,40330349,thiago nahuel.castro@gmail.com,+54 15 2513 2629,UX-100,Diseño de Experiencia de Usuario,1,Desaprobado
2025-10-15,Juan,Dominguez,39281798,juan.dominguez@gmail.com,+54 9 3390 1416,GEN-101,Ética y Tecnología,8,Aprobado
2025-10-15,Renzo,Rodriguez,43492230,renzo.rodriguez25@outlook.com,+54 9 3387 6333,DAT-305,Big Data & Cloud,2,Desaprobado
2025-10-15,Renata,Benitez,44754301,renata.benitez25@outlook.com,+54 9 3242 9792,DAT-201,Estadística Avanzada,5,Aprobado
2025-10-15,Thiago Lionel,Farias,35133995,thiago lionel.farias@gmail.com,+54 9 3531 4716,IA-400,Deep Learning Aplicado,3,Desaprobado
2025-10-15,Zoe,Vera,30506698,zoe.vera@gmail.com,+54 9 3787 7001,MKT-200,Marketing de Contenidos,6,Aprobado
2025-10-16,Catalina,Acosta,46538783,catalina.acosta25@outlook.com,+54 9 3854 4998,IA-300,Redes Neuronales,3,Desaprobado
2025-10-16,Luana,Fernandez,30679979,luana.fernandez@gmail.com,+54 15 2767 2428,IA-400,Deep Learning Aplicado,1,Desaprobado
2025-10-16,Lola,Acuña,35407054,lola.acuña@gmail.com,+54 9 3800 7780,DEV-101,Algoritmos I,6,Aprobado
2025-10-16,Emilia,Sanchez,35629692,emilia.sanchez@gmail.com,+54 15 2299 9413,GEN-101,Ética y Tecnología,3,Desaprobado
2025-10-16,Sofía,Acosta,40284355,sofía.acosta@gmail.com,+54 9 3691 9391,DEV-101,Algoritmos I,1,Desaprobado
2025-10-16,Olivia,Soto,36532331,olivia.soto@gmail.com,+54 9 3110 7196,GEN-101,Ética y Tecnología,4,Aprobado
2025-10-16,Sol,Rojas,31961540,sol.rojas@gmail.com,+54 9 3770 9067,IA-300,Redes Neuronales,6,Aprobado
2025-10-16,Benjamin,Ojeda,38786481,benjamin.ojeda@gmail.com,+54 15 2351 2173,DAT-101,Introducción a los Datos,4,Aprobado
2025-10-16,Alma,Martinez,32201924,alma.martinez@gmail.com,+54 15 2111 3316,DEV-101,Algoritmos I,7,Aprobado
2025-10-16,Victoria,Vazquez,47611874,victoria.vazquez25@outlook.com,+54 9 3167 5878,IA-400,Deep Learning Aplicado,1,Desaprobado
2025-10-16,Nicolas,Gomez,45820009,nicolas.gomez25@outlook.com,+54 9 3556 1596,DEV-101,Algoritmos I,10,Aprobado
2025-10-16,Francisco,Ferreyra,40437078,francisco.ferreyra@gmail.com,+54 9 3985 4160,DEV-101,Algoritmos I,5,Aprobado
2025-10-16,Lorenzo,Flores,37567816,lorenzo.flores@gmail.com,+54 9 3236 5685,IA-300,Redes Neuronales,8,Aprobado
2025-10-17,Martina,Cruz,40582609,martina.cruz@gmail.com,+54 15 2320 0008,DEV-101,Algoritmos I,4,Aprobado
2025-10-17,Joaquin,Vera,31277192,joaquin.vera@gmail.com,+54 9 3395 7546,DEV-101,Algoritmos I,7,Aprobado
2025-10-17,Lautaro Benjamin,Gomez,44724307,lautaro benjamin.gomez25@outlook.com,+54 15 2212 5434,DAT-201,Estadística Avanzada,3,Desaprobado
2025-10-17,Jazmin,Alvarez,43331228,jazmin.alvarez25@outlook.com,+54 15 2825 2186,DAT-201,Estadística Avanzada,6,Aprobado
2025-10-17,Guadalupe,Suarez,44811354,guadalupe.suarez25@outlook.com,+54 15 2203 0506,NEG-400,Liderazgo y Negociación,10,Aprobado
2025-10-17,Juan Bautista,Ramirez,30219683,juan bautista.ramirez@gmail.com,+54 15 2867 3355,DEV-101,Algoritmos I,1,Desaprobado
2025-10-17,Alma,Lopez,46833655,alma.lopez25@outlook.com,+54 9 3581 7858,DAT-201,Estadística Avanzada,2,Desaprobado
2025-10-17,Emilia,Rivero,33247551,emilia.rivero@gmail.com,+54 9 3135 7659,UX-100,Diseño de Experiencia de Usuario,2,Desaprobado
2025-10-17,Benjamin Ezequiel,Flores,34743897,benjamin ezequiel.flores@gmail.com,+54 9 3592 3371,DEV-101,Algoritmos I,6,Aprobado
2025-10-17,Valentina,Nuñez,31528900,valentina.nuñez@gmail.com,+54 15 2972 7667,DAT-201,Estadística Avanzada,8,Aprobado
2025-10-17,Victoria,Pereyra,31748817,victoria.pereyra@gmail.com,+54 15 2850 7128,DAT-101,Introducción a los Datos,10,Aprobado
2025-10-17,Alma,Flores,32028866,alma.flores@gmail.com,+54 9 3925 3441,DAT-201,Estadística Avanzada,8,Aprobado
2025-10-17,Isabella,Nuñez,37460819,isabella.nuñez@gmail.com,+54 15 2516 6786,GEN-101,Ética y Tecnología,2,Desaprobado
2025-10-17,Alma,Martinez,40350483,alma.martinez@gmail.com,+54 9 3240 1935,DAT-101,Introducción a los Datos,7,Aprobado
2025-10-17,Ignacio,Martinez,41016204,ignacio.martinez@gmail.com,+54 9 3892 3689,IA-300,Redes Neuronales,9,Aprobado
2025-10-17,Thiago,Gomez,39835913,thiago.gomez@gmail.com,+54 9 3360 2893,NEG-400,Liderazgo y Negociación,3,Desaprobado
2025-10-18,Agustín,Acosta,36882138,agustín.acosta@gmail.com,+54 15 2451 1690,GEN-101,Ética y Tecnología,2,Desaprobado
2025-10-18,Benicio,Acosta,35207049,benicio.acosta@gmail.com,+54 9 3912 1163,UX-100,Diseño de Experiencia de Usuario,8,Aprobado
2025-10-18,Miguel Angel,Sosa,39765048,miguel angel.sosa@gmail.com,+54 15 2265 6557,DAT-305,Big Data & Cloud,7,Aprobado
2025-10-18,Victoria,Gutierrez,46218945,victoria.gutierrez25@outlook.com,+54 15 2198 3718,NEG-400,Liderazgo y Negociación,10,Aprobado
2025-10-18,Thiago Joaquin,Paz,31885715,thiago joaquin.paz@gmail.com,+54 15 2427 3300,DAT-201,Estadística Avanzada,8,Aprobado
2025-10-18,Rafael,Sosa,40642269,rafael.sosa@gmail.com,+54 9 3659 3142,UX-100,Diseño de Experiencia de Usuario,10,Aprobado
2025-10-18,Ciro,Vera,37874267,ciro.vera@gmail.com,+54 15 2120 0554,IA-400,Deep Learning Aplicado,6,Aprobado
2025-10-18,Ciro,Vera,37874267,ciro.vera@gmail.com,+54 15 2120 0554,DEV-101,Algoritmos I,9,Aprobado
2025-10-18,Matilda,Cabrera,47826221,matilda.cabrera25@outlook.com,+54 15 2779 9063,DAT-305,Big Data & Cloud,5,Aprobado
2025-10-18,Kiara,Nuñez,44454123,kiara.nuñez25@outlook.com,+54 9 3406 6420,DAT-101,Introducción a los Datos,4,Aprobado
2025-10-18,Martina,Moreno,35930527,martina.moreno@gmail.com,+54 15 2480 5090,DAT-305,Big Data & Cloud,4,Aprobado
2025-10-18,Delfina,Paz,32329071,delfina.paz@gmail.com,+54 9 3502 4461,UX-100,Diseño de Experiencia de Usuario,4,Aprobado
2025-10-18,Thiago Gabriel,Vazquez,32027618,thiago gabriel.vazquez@gmail.com,+54 9 3179 5999,NEG-400,Liderazgo y Negociación,10,Aprobado
2025-10-18,Santino,Herrera,34764302,santino.herrera@gmail.com,+54 15 2544 4531,DAT-305,Big Data & Cloud,2,Desaprobado
2025-10-18,Bianca,Miranda,31531992,bianca.miranda@gmail.com,+54 15 2921 0384,DEV-101,Algoritmos I,2,Desaprobado
2025-10-18,Tiziana,Rios,39006974,tiziana.rios@gmail.com,+54 9 3692 4085,DAT-305,Big Data & Cloud,2,Desaprobado
2025-10-18,Bruno,Ramos,46653953,bruno.ramos25@outlook.com,+54 15 2897 3303,DAT-305,Big Data & Cloud,1,Desaprobado
2025-10-18,Jeremias,Herrera,36971688,jeremias.herrera@gmail.com,+54 15 2368 4123,MKT-200,Marketing de Contenidos,1,Desaprobado
2025-10-18,Victoria,Martinez,32166416,victoria.martinez@gmail.com,+54 15 2837 3508,MKT-200,Marketing de Contenidos,4,Aprobado
2025-10-19,Dylan Benjamin,Martinez,30125745,dylan benjamin.martinez@gmail.com,+54 9 3339 9964,MKT-200,Marketing de Contenidos,2,Desaprobado
2025-10-19,Thiago Nahuel,Castro,40330349,thiago nahuel.castro@gmail.com,+54 15 2513 2629,UX-100,Diseño de Experiencia de Usuario,3,Desaprobado
2025-10-19,Emma,Soria,39901527,emma.soria@gmail.com,+54 15 2702 8197,IA-300,Redes Neuronales,4,Aprobado
2025-10-19,Bianca,Dominguez,45153061,bianca.dominguez25@outlook.com,+54 15 2946 2035,IA-300,Redes Neuronales,7,Aprobado
2025-10-19,Santino,Herrera,34764302,santino.herrera@gmail.com,+54 15 2544 4531,DAT-201,Estadística Avanzada,2,Desaprobado
2025-10-19,Luz Milagros,Acuña,36765559,luz milagros.acuña@gmail.com,+54 9 3343 1849,IA-300,Redes Neuronales,8,Aprobado
2025-10-19,Valentina,Castro,43055426,valentina.castro25@outlook.com,+54 9 3424 2168,DEV-101,Algoritmos I,2,Desaprobado
2025-10-19,Mateo Joaquin,Diaz,40756585,mateo joaquin.diaz@gmail.com,+54 15 2848 6512,MKT-200,Marketing de Contenidos,1,Desaprobado
2025-10-19,Catalina,Gonzalez,35077928,catalina.gonzalez@gmail.com,+54 9 3275 8507,UX-100,Diseño de Experiencia de Usuario,10,Aprobado
2025-10-19,Lautaro Nahuel,Campos,40854875,lautaro nahuel.campos@gmail.com,+54 15 2827 0015,GEN-101,Ética y Tecnología,1,Desaprobado
2025-10-19,Valentina,Castro,34108557,valentina.castro@gmail.com,+54 9 3518 2775,DAT-101,Introducción a los Datos,5,Aprobado
2025-10-19,Pedro,Mendez,40099804,pedro.mendez@gmail.com,+54 15 2260 7597,NEG-400,Liderazgo y Negociación,1,Desaprobado
2025-10-19,Thiago Emanuel,Rodriguez,45177548,thiago emanuel.rodriguez25@outlook.com,+54 9 3486 6592,NEG-400,Liderazgo y Negociación,3,Desaprobado
2025-10-19,Paloma,Molina,35284612,paloma.molina@gmail.com,+54 9 3761 4912,DAT-201,Estadística Avanzada,3,Desaprobado
2025-10-19,Mora,Valdez,46510451,mora.valdez25@outlook.com,+54 15 2814 3560,NEG-400,Liderazgo y Negociación,9,Aprobado
2025-10-19,Juan Cruz,Alvarez,40915348,juan cruz.alvarez@gmail.com,+54 15 2127 7692,DAT-305,Big Data & Cloud,4,Aprobado
2025-10-20,Jazmin,Barrios,44911255,jazmin.barrios25@outlook.com,+54 9 3242 2607,UX-100,Diseño de Experiencia de Usuario,2,Desaprobado
2025-10-20,Zoe Jazmin,Gutierrez,43647497,zoe jazmin.gutierrez25@outlook.com,+54 15 2460 6899,GEN-101,Ética y Tecnología,9,Aprobado
2025-10-20,Sol,Gonzalez,44488443,sol.gonzalez25@outlook.com,+54 15 2888 6502,DEV-101,Algoritmos I,10,Aprobado
2025-10-20,Isabella,Sanchez,46026190,isabella.sanchez25@outlook.com,+54 9 3250 2466,DEV-101,Algoritmos I,6,Aprobado
2025-10-20,Catalina,Acosta,46538783,catalina.acosta25@outlook.com,+54 9 3854 4998,MKT-200,Marketing de Contenidos,6,Aprobado
2025-10-20,Manuel,Rivero,45984678,manuel.rivero25@outlook.com,+54 15 2140 0587,MKT-200,Marketing de Contenidos,8,Aprobado
2025-10-20,Nina,Muñoz,45291864,nina.muñoz25@outlook.com,+54 9 3857 9028,NEG-400,Liderazgo y Negociación,9,Aprobado
2025-10-20,Valentino,Gimenez,36092237,valentino.gimenez@gmail.com,+54 15 2622 8522,NEG-400,Liderazgo y Negociación,3,Desaprobado
2025-10-20,Ciro,Martinez,37392794,ciro.martinez@gmail.com,+54 9 3615 6839,DAT-101,Introducción a los Datos,4,Aprobado
2025-10-20,Milagros,Benitez,45766160,milagros.benitez25@outlook.com,+54 15 2655 7072,IA-300,Redes Neuronales,5,Aprobado
2025-10-20,Ignacio,Avila,39195104,ignacio.avila@gmail.com,+54 15 2473 6581,MKT-200,Marketing de Contenidos,3,Desaprobado
2025-10-20,Felipe,Correa,45797473,felipe.correa25@outlook.com,+54 15 2479 8069,UX-100,Diseño de Experiencia de Usuario,9,Aprobado
2025-10-20,Joaquín,Romero,46377357,joaquín.romero25@outlook.com,+54 15 2358 6508,DAT-305,Big Data & Cloud,8,Aprobado
2025-10-20,Sofia,Rivero,38085164,sofia.rivero@gmail.com,+54 15 2151 7766,GEN-101,Ética y Tecnología,8,Aprobado
2025-10-20,Isabel,Maidana,44700314,isabel.maidana25@outlook.com,+54 15 2492 5919,DAT-305,Big Data & Cloud,7,Aprobado
2025-10-21,Valentina,Gonzalez,45482430,valentina.gonzalez25@outlook.com,+54 9 3479 4266,IA-400,Deep Learning Aplicado,7,Aprobado
2025-10-21,Benjamin,Perez,40014561,benjamin.perez@gmail.com,+54 9 3804 5680,NEG-400,Liderazgo y Negociación,3,Desaprobado
2025-10-21,Manuel,Martinez,36727561,manuel.martinez@gmail.com,+54 15 2203 5091,DAT-101,Introducción a los Datos,7,Aprobado
2025-10-21,Jazmin,Alvarez,43331228,jazmin.alvarez25@outlook.com,+54 15 2825 2186,MKT-200,Marketing de Contenidos,6,Aprobado
2025-10-21,Victoria,Suarez,31485455,victoria.suarez@gmail.com,+54 15 2118 3034,NEG-400,Liderazgo y Negociación,10,Aprobado
2025-10-21,Thiago Benjamin,Castillo,37799625,thiago benjamin.castillo@gmail.com,+54 15 2976 0796,DAT-305,Big Data & Cloud,1,Desaprobado
2025-10-21,Francesco,Maidana,33816707,francesco.maidana@gmail.com,+54 9 3874 8874,DEV-101,Algoritmos I,8,Aprobado
2025-10-21,Juliana,Barrios,43040142,juliana.barrios25@outlook.com,+54 9 3274 5296,DAT-305,Big Data & Cloud,7,Aprobado
2025-10-21,Felipe,Ruiz,43191267,felipe.ruiz25@outlook.com,+54 15 2264 2274,NEG-400,Liderazgo y Negociación,10,Aprobado
2025-10-21,Juana,Bravo,44118742,juana.bravo25@outlook.com,+54 15 2842 9518,IA-300,Redes Neuronales,2,Desaprobado
2025-10-21,Gael,Martinez,47700089,gael.martinez25@outlook.com,+54 9 3988 0239,GEN-101,Ética y Tecnología,4,Aprobado
2025-10-21,Josefina,Lopez,43498834,josefina.lopez25@outlook.com,+54 15 2506 2420,UX-100,Diseño de Experiencia de Usuario,5,Aprobado
2025-10-21,Lautaro Nicolas,Ramirez,30381511,lautaro nicolas.ramirez@gmail.com,+54 15 2193 5157,GEN-101,Ética y Tecnología,7,Aprobado
2025-10-21,Victoria,Paez,47909977,victoria.paez25@outlook.com,+54 15 2470 1352,MKT-200,Marketing de Contenidos,7,Aprobado
2025-10-21,Lautaro,Gomez,34873483,lautaro.gomez@gmail.com,+54 15 2591 4004,GEN-101,Ética y Tecnología,2,Desaprobado
2025-10-21,Samuel,Paez,44986230,samuel.paez25@outlook.com,+54 15 2908 7183,GEN-101,Ética y Tecnología,5,Aprobado
2025-10-21,Juan Martin,Ojeda,40902797,juan martin.ojeda@gmail.com,+54 9 3158 3361,NEG-400,Liderazgo y Negociación,3,Desaprobado
2025-10-21,Matias,Carrizo,33745990,matias.carrizo@gmail.com,+54 9 3696 4789,IA-400,Deep Learning Aplicado,7,Aprobado
2025-10-21,Emilia,Sanchez,35629692,emilia.sanchez@gmail.com,+54 15 2299 9413,IA-300,Redes Neuronales,5,Aprobado
2025-10-21,Juan Bautista,Ramirez,30219683,juan bautista.ramirez@gmail.com,+54 15 2867 3355,DEV-101,Algoritmos I,4,Aprobado
2025-10-21,Valentino,Cabrera,44544802,valentino.cabrera25@outlook.com,+54 15 2156 5497,GEN-101,Ética y Tecnología,5,Aprobado
2025-10-21,Lucía ,Fernandez,31177427,lucía .fernandez@gmail.com,+54 15 2914 3080,MKT-200,Marketing de Contenidos,4,Aprobado
2025-10-21,Thiago Leonel,Gonzalez,32480780,thiago leonel.gonzalez@gmail.com,+54 9 3881 9373,DAT-201,Estadística Avanzada,5,Aprobado
2025-10-21,Benjamin,Lucero,39250711,benjamin.lucero@gmail.com,+54 9 3996 1233,DAT-201,Estadística Avanzada,4,Aprobado
2025-10-22,Tomàs,Cardozo,39311402,tomàs.cardozo@gmail.com,+54 15 2113 4033,GEN-101,Ética y Tecnología,1,Desaprobado
2025-10-22,Catalina,Sosa,35951430,catalina.sosa@gmail.com,+54 9 3274 5282,IA-400,Deep Learning Aplicado,8,Aprobado
2025-10-22,Josefina,Herrera,32286145,josefina.herrera@gmail.com,+54 9 3344 8568,DAT-305,Big Data & Cloud,5,Aprobado
2025-10-22,Paloma,Gonzalez,34888999,paloma.gonzalez@gmail.com,+54 9 3840 2726,MKT-200,Marketing de Contenidos,4,Aprobado
2025-10-22,Joaquin,Pereyra,38714246,joaquin.pereyra@gmail.com,+54 9 3239 6010,MKT-200,Marketing de Contenidos,1,Desaprobado
2025-10-22,Victoria,Gonzalez,46952948,victoria.gonzalez25@outlook.com,+54 15 2573 8533,GEN-101,Ética y Tecnología,7,Aprobado
2025-10-22,Renata,Benitez,44754301,renata.benitez25@outlook.com,+54 9 3242 9792,MKT-200,Marketing de Contenidos,7,Aprobado
2025-10-22,Delfina,Farias,33528686,delfina.farias@gmail.com,+54 9 3959 7533,NEG-400,Liderazgo y Negociación,4,Aprobado
2025-10-22,Morena,Cardozo,41833461,morena.cardozo@gmail.com,+54 15 2732 9591,DAT-305,Big Data & Cloud,8,Aprobado
2025-10-22,Benjamin Alejandro,Morales,44730308,benjamin alejandro.morales25@outlook.com,+54 9 3420 3298,NEG-400,Liderazgo y Negociación,8,Aprobado
2025-10-22,Joaquin,Pereyra,40846299,joaquin.pereyra@gmail.com,+54 9 3438 6551,DEV-101,Algoritmos I,2,Desaprobado
2025-10-22,Agustín,Vargas,43507384,agustín.vargas25@outlook.com,+54 9 3327 7831,DEV-101,Algoritmos I,2,Desaprobado
2025-10-22,Emilia,Sanchez,37981847,emilia.sanchez@gmail.com,+54 15 2933 1339,IA-300,Redes Neuronales,8,Aprobado
2025-10-22,Jazmin,Franco,44491570,jazmin.franco25@outlook.com,+54 15 2431 0630,IA-300,Redes Neuronales,8,Aprobado
2025-10-22,Giuliana,Campos,43542829,giuliana.campos25@outlook.com,+54 15 2374 6730,DAT-201,Estadística Avanzada,2,Desaprobado
2025-10-22,Zoe,Perez,33397920,zoe.perez@gmail.com,+54 15 2971 5023,DAT-201,Estadística Avanzada,10,Aprobado
2025-10-23,Jazmin,Rodriguez,38042975,jazmin.rodriguez@gmail.com,+54 15 2984 7690,UX-100,Diseño de Experiencia de Usuario,2,Desaprobado
2025-10-23,Joaquin,Vera,31277192,joaquin.vera@gmail.com,+54 9 3395 7546,MKT-200,Marketing de Contenidos,9,Aprobado
2025-10-23,Candela,Acosta,47864391,candela.acosta25@outlook.com,+54 9 3397 9100,UX-100,Diseño de Experiencia de Usuario,3,Desaprobado
2025-10-23,Maite,Ramos,36257669,maite.ramos@gmail.com,+54 15 2136 3807,IA-300,Redes Neuronales,1,Desaprobado
2025-10-23,Mia Valentina,Gomez,37171122,mia valentina.gomez@gmail.com,+54 15 2597 7948,MKT-200,Marketing de Contenidos,7,Aprobado
2025-10-23,Lara,Fernandez,47993064,lara.fernandez25@outlook.com,+54 9 3584 5179,NEG-400,Liderazgo y Negociación,4,Aprobado
2025-10-23,Lara,Peralta,32171676,lara.peralta@gmail.com,+54 15 2143 7730,DEV-101,Algoritmos I,9,Aprobado
2025-10-23,Ciro Benjamin,Juarez,44811661,ciro benjamin.juarez25@outlook.com,+54 15 2447 6107,MKT-200,Marketing de Contenidos,7,Aprobado
2025-10-23,Renata,Valdez,40848361,renata.valdez@gmail.com,+54 9 3774 2281,DAT-101,Introducción a los Datos,2,Desaprobado
2025-10-23,Felipe,Arias,40140970,felipe.arias@gmail.com,+54 9 3762 8206,GEN-101,Ética y Tecnología,9,Aprobado
2025-10-23,Jazmin,Cabrera,35470566,jazmin.cabrera@gmail.com,+54 9 3362 8341,MKT-200,Marketing de Contenidos,5,Aprobado
2025-10-23,Benjamin,Gomez,46411752,benjamin.gomez25@outlook.com,+54 15 2160 7932,IA-300,Redes Neuronales,1,Desaprobado
2025-10-23,Tiziana,Fernandez,30674136,tiziana.fernandez@gmail.com,+54 9 3122 2104,UX-100,Diseño de Experiencia de Usuario,9,Aprobado
2025-10-23,Luciano,Escobar,36219416,luciano.escobar@gmail.com,+54 9 3612 0056,GEN-101,Ética y Tecnología,8,Aprobado
2025-10-23,Ian Benjamin,Garcia,36998955,ian benjamin.garcia@gmail.com,+54 9 3641 9048,DAT-305,Big Data & Cloud,8,Aprobado
2025-10-23,Guillermina,Garcia,39159460,guillermina.garcia@gmail.com,+54 9 3820 3838,GEN-101,Ética y Tecnología,10,Aprobado
2025-10-23,Paula,Ledesma,44651662,paula.ledesma25@outlook.com,+54 9 3286 2293,IA-300,Redes Neuronales,5,Aprobado
2025-10-23,Clara,Muñoz,32108581,clara.muñoz@gmail.com,+54 15 2753 2952,NEG-400,Liderazgo y Negociación,4,Aprobado
2025-10-23,Martina,Ledesma,31355414,martina.ledesma@gmail.com,+54 15 2859 7962,DAT-101,Introducción a los Datos,2,Desaprobado
2025-10-23,Milena,Romero,46572742,milena.romero25@outlook.com,+54 9 3205 0052,UX-100,Diseño de Experiencia de Usuario,2,Desaprobado
2025-10-23,Valentino,Maidana,47483336,valentino.maidana25@outlook.com,+54 15 2685 8111,DEV-101,Algoritmos I,1,Desaprobado
2025-10-23,Tiziano,Gomez,33792064,tiziano.gomez@gmail.com,+54 15 2343 7952,DAT-101,Introducción a los Datos,5,Aprobado
2025-10-23,Juan David,Martinez,33505185,juan david.martinez@gmail.com,+54 9 3568 5770,DAT-201,Estadística Avanzada,5,Aprobado
2025-10-23,Agostina,Benitez,33896639,agostina.benitez@gmail.com,+54 9 3895 1316,DAT-305,Big Data & Cloud,2,Desaprobado
2025-10-24,Facundo,Paez,32905120,facundo.paez@gmail.com,+54 15 2203 0561,IA-300,Redes Neuronales,3,Desaprobado
2025-10-24,Justina,Castillo,43372972,justina.castillo25@outlook.com,+54 9 3883 5674,DAT-201,Estadística Avanzada,2,Desaprobado
2025-10-24,Priscila,Torres,45539704,priscila.torres25@outlook.com,+54 15 2693 1603,NEG-400,Liderazgo y Negociación,3,Desaprobado
2025-10-24,Constantino,Moreno,44221505,constantino.moreno25@outlook.com,+54 15 2504 1837,DAT-101,Introducción a los Datos,6,Aprobado
2025-10-24,Juana,Garcia,35199789,juana.garcia@gmail.com,+54 15 2910 1928,DAT-305,Big Data & Cloud,8,Aprobado
2025-10-24,Santino,Mendoza,45589540,santino.mendoza25@outlook.com,+54 15 2664 9679,IA-400,Deep Learning Aplicado,1,Desaprobado
2025-10-24,Clara,Godoy,46418357,clara.godoy25@outlook.com,+54 15 2263 1097,DAT-101,Introducción a los Datos,1,Desaprobado
2025-10-24,Benjamin,Soria,36434636,benjamin.soria@gmail.com,+54 15 2828 7129,IA-400,Deep Learning Aplicado,4,Aprobado
2025-10-24,Juan Ignacio,Sosa,43402603,juan ignacio.sosa25@outlook.com,+54 9 3994 8984,DAT-201,Estadística Avanzada,6,Aprobado
2025-10-24,Emilia,Diaz,45847470,emilia.diaz25@outlook.com,+54 15 2879 4945,NEG-400,Liderazgo y Negociación,3,Desaprobado
2025-10-24,Thiago,Castro,39040140,thiago.castro@gmail.com,+54 9 3610 6463,MKT-200,Marketing de Contenidos,1,Desaprobado
2025-10-25,Tomas,Gimenez,37561794,tomas.gimenez@gmail.com,+54 15 2385 2866,NEG-400,Liderazgo y Negociación,9,Aprobado
2025-10-25,Juan Bautista,Gomez,34148661,juan bautista.gomez@gmail.com,+54 15 2994 1501,DAT-201,Estadística Avanzada,2,Desaprobado
2025-10-25,Tomàs,Gonzalez,40998609,tomàs.gonzalez@gmail.com,+54 9 3448 1992,DAT-201,Estadística Avanzada,5,Aprobado
2025-10-25,Rafael,Gutierrez,45704555,rafael.gutierrez25@outlook.com,+54 9 3391 8523,GEN-101,Ética y Tecnología,8,Aprobado
2025-10-25,Paloma,Vazquez,36200569,paloma.vazquez@gmail.com,+54 9 3381 2923,IA-300,Redes Neuronales,8,Aprobado
2025-10-25,Emilia,Morales,38275238,emilia.morales@gmail.com,+54 9 3287 0630,DAT-101,Introducción a los Datos,1,Desaprobado
2025-10-25,Joaquín,Peralta,46372785,joaquín.peralta25@outlook.com,+54 9 3801 1599,GEN-101,Ética y Tecnología,9,Aprobado
2025-10-25,Ian Ezequiel,Farias,45838988,ian ezequiel.farias25@outlook.com,+54 9 3528 9441,MKT-200,Marketing de Contenidos,1,Desaprobado
2025-10-25,Lucio,Lucero,43558573,lucio.lucero25@outlook.com,+54 9 3267 0444,MKT-200,Marketing de Contenidos,9,Aprobado
2025-10-25,Francesca,Diaz,30394856,francesca.diaz@gmail.com,+54 15 2611 0727,UX-100,Diseño de Experiencia de Usuario,7,Aprobado
2025-10-25,Sofía,Barrios,33641153,sofía.barrios@gmail.com,+54 15 2274 4875,IA-400,Deep Learning Aplicado,9,Aprobado
2025-10-25,Alma,Lopez,46833655,alma.lopez25@outlook.com,+54 9 3581 7858,MKT-200,Marketing de Contenidos,9,Aprobado
2025-10-25,Victoria,Gutierrez,46218945,victoria.gutierrez25@outlook.com,+54 15 2198 3718,IA-300,Redes Neuronales,8,Aprobado
2025-10-25,Santino Benjamin,Garcia,47822229,santino benjamin.garcia25@outlook.com,+54 15 2619 7984,MKT-200,Marketing de Contenidos,3,Desaprobado
2025-10-25,Juan Ignacio,Sanchez,47044309,juan ignacio.sanchez25@outlook.com,+54 9 3610 4834,MKT-200,Marketing de Contenidos,9,Aprobado
2025-10-25,Clara,Muñoz,32108581,clara.muñoz@gmail.com,+54 15 2753 2952,DEV-101,Algoritmos I,10,Aprobado
2025-10-25,Valentino,Diaz,40305444,valentino.diaz@gmail.com,+54 9 3909 7225,DAT-101,Introducción a los Datos,10,Aprobado
2025-10-25,Ciro,Campos,31681085,ciro.campos@gmail.com,+54 9 3430 5299,DAT-305,Big Data & Cloud,9,Aprobado
2025-10-25,Gonzalo,Vega,43713231,gonzalo.vega25@outlook.com,+54 15 2566 9799,DAT-201,Estadística Avanzada,3,Desaprobado
2025-10-25,Martina,Ledesma,31355414,martina.ledesma@gmail.com,+54 15 2859 7962,GEN-101,Ética y Tecnología,2,Desaprobado
2025-10-25,Antonella,Ruiz,32583779,antonella.ruiz@gmail.com,+54 9 3119 4733,DAT-305,Big Data & Cloud,8,Aprobado
2025-10-25,Olivia,Quiroga,46599245,olivia.quiroga25@outlook.com,+54 9 3911 0488,IA-400,Deep Learning Aplicado,1,Desaprobado
2025-10-25,Matias,Gutierrez,40337941,matias.gutierrez@gmail.com,+54 9 3579 8170,NEG-400,Liderazgo y Negociación,9,Aprobado
2025-10-26,Ramiro,Perez,43827991,ramiro.perez25@outlook.com,+54 9 3631 4194,GEN-101,Ética y Tecnología,4,Aprobado
2025-10-26,Joaquina,Coronel,38869750,joaquina.coronel@gmail.com,+54 9 3954 2767,IA-400,Deep Learning Aplicado,4,Aprobado
2025-10-26,Julia,Gonzalez,30713710,julia.gonzalez@gmail.com,+54 15 2264 3330,DAT-201,Estadística Avanzada,3,Desaprobado
2025-10-26,Isabella,Alvarez,43871938,isabella.alvarez25@outlook.com,+54 9 3191 5405,NEG-400,Liderazgo y Negociación,3,Desaprobado
2025-10-26,Mateo,Ortiz,30277884,mateo.ortiz@gmail.com,+54 15 2204 5454,GEN-101,Ética y Tecnología,9,Aprobado
2025-10-26,Luz Milagros,Paz,39121001,luz milagros.paz@gmail.com,+54 15 2886 6970,DAT-305,Big Data & Cloud,3,Desaprobado
2025-10-26,Santino,Lopez,43991288,santino.lopez25@outlook.com,+54 15 2139 5310,DAT-305,Big Data & Cloud,2,Desaprobado
2025-10-26,Sofia Belen,Castillo,39579172,sofia belen.castillo@gmail.com,+54 9 3249 4706,NEG-400,Liderazgo y Negociación,6,Aprobado
2025-10-26,Santino,Torres,44182964,santino.torres25@outlook.com,+54 9 3959 2093,DAT-201,Estadística Avanzada,2,Desaprobado
2025-10-26,Catalina,Luna,34343190,catalina.luna@gmail.com,+54 15 2555 1130,DAT-201,Estadística Avanzada,8,Aprobado
2025-10-26,Tiziana,Aguirre,45105658,tiziana.aguirre25@outlook.com,+54 15 2465 3819,DAT-305,Big Data & Cloud,7,Aprobado
2025-10-26,Felicitas,Martinez,43652049,felicitas.martinez25@outlook.com,+54 15 2818 1118,IA-400,Deep Learning Aplicado,6,Aprobado
2025-10-26,Thiago Lionel,Romero,30020248,thiago lionel.romero@gmail.com,+54 15 2363 6671,UX-100,Diseño de Experiencia de Usuario,8,Aprobado
2025-10-26,Isabella,Romero,39337175,isabella.romero@gmail.com,+54 15 2846 4951,DAT-201,Estadística Avanzada,7,Aprobado
2025-10-26,Antonella,Ruiz,32583779,antonella.ruiz@gmail.com,+54 9 3119 4733,IA-300,Redes Neuronales,4,Aprobado
2025-10-26,Maite,Martinez,36745278,maite.martinez@gmail.com,+54 9 3371 1700,NEG-400,Liderazgo y Negociación,6,Aprobado
2025-10-27,Agustin,Gonzalez,40904939,agustin.gonzalez@gmail.com,+54 15 2218 7975,DAT-305,Big Data & Cloud,5,Aprobado
2025-10-27,Sara,Sosa,41396027,sara.sosa@gmail.com,+54 15 2628 3735,DAT-201,Estadística Avanzada,6,Aprobado
2025-10-27,Alexander,Fernandez,37918142,alexander.fernandez@gmail.com,+54 15 2326 2785,DEV-101,Algoritmos I,5,Aprobado
2025-10-27,Camila,Rodriguez,39073370,camila.rodriguez@gmail.com,+54 9 3690 4388,MKT-200,Marketing de Contenidos,6,Aprobado
2025-10-27,Tomas,Ruiz,46060979,tomas.ruiz25@outlook.com,+54 15 2517 4790,UX-100,Diseño de Experiencia de Usuario,8,Aprobado
2025-10-27,Juan Ignacio,Suarez,32522161,juan ignacio.suarez@gmail.com,+54 15 2196 8473,NEG-400,Liderazgo y Negociación,4,Aprobado
2025-10-27,Juan Martin,Ojeda,40902797,juan martin.ojeda@gmail.com,+54 9 3158 3361,DEV-101,Algoritmos I,8,Aprobado
2025-10-27,Alma,Martinez,36742732,alma.martinez@gmail.com,+54 15 2929 3875,NEG-400,Liderazgo y Negociación,1,Desaprobado
2025-10-27,Catalina,Martinez,30074046,catalina.martinez@gmail.com,+54 9 3304 8866,MKT-200,Marketing de Contenidos,2,Desaprobado
2025-10-27,Samuel,Paez,44986230,samuel.paez25@outlook.com,+54 15 2908 7183,DAT-201,Estadística Avanzada,3,Desaprobado
2025-10-27,Bautista,Ortiz,35383408,bautista.ortiz@gmail.com,+54 15 2586 7544,DAT-101,Introducción a los Datos,8,Aprobado
2025-10-27,Felipe,Castillo,39480865,felipe.castillo@gmail.com,+54 15 2863 2853,DAT-101,Introducción a los Datos,3,Desaprobado
2025-10-27,Victoria,Gonzalez,46952948,victoria.gonzalez25@outlook.com,+54 15 2573 8533,UX-100,Diseño de Experiencia de Usuario,6,Aprobado
2025-10-27,Ignacio,Aguirre,45066439,ignacio.aguirre25@outlook.com,+54 9 3179 5575,MKT-200,Marketing de Contenidos,1,Desaprobado
2025-10-27,Francisco,Barrios,46669980,francisco.barrios25@outlook.com,+54 9 3636 9138,DAT-305,Big Data & Cloud,2,Desaprobado
2025-10-27,Mia Morena,Ramirez,47233498,mia morena.ramirez25@outlook.com,+54 9 3170 8619,DAT-305,Big Data & Cloud,10,Aprobado
2025-10-27,Martina,Romero,34294158,martina.romero@gmail.com,+54 9 3618 8488,DAT-101,Introducción a los Datos,10,Aprobado
2025-10-28,Maria Victoria,Gimenez,41084438,maria victoria.gimenez@gmail.com,+54 9 3854 1182,DEV-101,Algoritmos I,7,Aprobado
2025-10-28,Guillermina,Ponce,33566074,guillermina.ponce@gmail.com,+54 15 2494 2419,DAT-101,Introducción a los Datos,8,Aprobado
2025-10-28,Agostina,Benitez,33896639,agostina.benitez@gmail.com,+54 9 3895 1316,DAT-305,Big Data & Cloud,1,Desaprobado
2025-10-28,Martina,Velazquez,44076200,martina.velazquez25@outlook.com,+54 15 2586 8167,DAT-201,Estadística Avanzada,8,Aprobado
2025-10-28,Juan Manuel,Blanco,45552569,juan manuel.blanco25@outlook.com,+54 15 2879 1704,DEV-101,Algoritmos I,5,Aprobado
2025-10-28,Ambar,Ledesma,46024126,ambar.ledesma25@outlook.com,+54 15 2968 7519,GEN-101,Ética y Tecnología,4,Aprobado
2025-10-28,Ignacio,Blanco,45679679,ignacio.blanco25@outlook.com,+54 9 3818 2260,IA-300,Redes Neuronales,4,Aprobado
2025-10-28,Juan Bautista,Ramirez,30219683,juan bautista.ramirez@gmail.com,+54 15 2867 3355,UX-100,Diseño de Experiencia de Usuario,3,Desaprobado
2025-10-28,Thiago Benjamin,Castillo,37799625,thiago benjamin.castillo@gmail.com,+54 15 2976 0796,GEN-101,Ética y Tecnología,7,Aprobado
2025-10-28,Thiago Agustin,Suarez,37774603,thiago agustin.suarez@gmail.com,+54 15 2250 4670,GEN-101,Ética y Tecnología,2,Desaprobado
2025-10-28,Mateo Agustin,Medina,36300221,mateo agustin.medina@gmail.com,+54 9 3907 8832,DAT-305,Big Data & Cloud,3,Desaprobado
2025-10-29,Genaro,Paz,45709038,genaro.paz25@outlook.com,+54 9 3459 0626,DAT-305,Big Data & Cloud,1,Desaprobado
2025-10-29,Renata,Benitez,44754301,renata.benitez25@outlook.com,+54 9 3242 9792,MKT-200,Marketing de Contenidos,2,Desaprobado
2025-10-29,Emilia,Diaz,45847470,emilia.diaz25@outlook.com,+54 15 2879 4945,NEG-400,Liderazgo y Negociación,5,Aprobado
2025-10-29,Ciro,Velazquez,39145092,ciro.velazquez@gmail.com,+54 15 2145 9376,IA-400,Deep Learning Aplicado,8,Aprobado
2025-10-29,Santino,Duarte,41815317,santino.duarte@gmail.com,+54 15 2268 9888,MKT-200,Marketing de Contenidos,7,Aprobado
2025-10-29,Luca,Fernandez,34631520,luca.fernandez@gmail.com,+54 9 3199 0390,DAT-305,Big Data & Cloud,4,Aprobado
2025-10-29,Martina,Moreno,35930527,martina.moreno@gmail.com,+54 15 2480 5090,IA-400,Deep Learning Aplicado,6,Aprobado
2025-10-29,Tomàs,Ortiz,45076705,tomàs.ortiz25@outlook.com,+54 9 3857 6471,IA-300,Redes Neuronales,2,Desaprobado
2025-10-29,Ian Ezequiel,Lopez,34401288,ian ezequiel.lopez@gmail.com,+54 15 2541 9578,MKT-200,Marketing de Contenidos,9,Aprobado
2025-10-29,Zoe,Fernandez,44286872,zoe.fernandez25@outlook.com,+54 9 3358 4498,UX-100,Diseño de Experiencia de Usuario,4,Aprobado
2025-10-29,Juan Bautista,Perez,46556662,juan bautista.perez25@outlook.com,+54 9 3755 1308,MKT-200,Marketing de Contenidos,1,Desaprobado
2025-10-29,Kiara,Nuñez,44454123,kiara.nuñez25@outlook.com,+54 9 3406 6420,DAT-101,Introducción a los Datos,3,Desaprobado
2025-10-29,Isabella,Guzman,44305990,isabella.guzman25@outlook.com,+54 15 2758 8829,IA-400,Deep Learning Aplicado,3,Desaprobado
2025-10-29,Thiago Lionel,Farias,35133995,thiago lionel.farias@gmail.com,+54 9 3531 4716,DAT-201,Estadística Avanzada,6,Aprobado
2025-10-29,Mateo Benjamin,Coronel,33175574,mateo benjamin.coronel@gmail.com,+54 9 3615 8883,IA-300,Redes Neuronales,10,Aprobado
2025-10-29,Julieta,Fernandez,34486034,julieta.fernandez@gmail.com,+54 9 3787 2887,IA-400,Deep Learning Aplicado,9,Aprobado
2025-10-29,Rosario,Peralta,37335497,rosario.peralta@gmail.com,+54 15 2481 8075,MKT-200,Marketing de Contenidos,5,Aprobado
2025-10-30,Valentino,Paz,32604998,valentino.paz@gmail.com,+54 15 2165 0154,MKT-200,Marketing de Contenidos,2,Desaprobado
2025-10-30,Juan Francisco,Cruz,40400092,juan francisco.cruz@gmail.com,+54 9 3864 0213,MKT-200,Marketing de Contenidos,3,Desaprobado
2025-10-30,Santino Gabriel,Diaz,34923335,santino gabriel.diaz@gmail.com,+54 9 3245 9481,NEG-400,Liderazgo y Negociación,6,Aprobado
2025-10-30,Valentin,Gonzalez,43941263,valentin.gonzalez25@outlook.com,+54 9 3151 4372,GEN-101,Ética y Tecnología,3,Desaprobado
2025-10-30,Luca,Gonzalez,32805911,luca.gonzalez@gmail.com,+54 15 2843 9079,IA-300,Redes Neuronales,3,Desaprobado
2025-10-30,Santino,Barrios,46847177,santino.barrios25@outlook.com,+54 9 3259 2427,DEV-101,Algoritmos I,9,Aprobado
2025-10-30,Franco,Sanchez,35947218,franco.sanchez@gmail.com,+54 15 2599 3503,MKT-200,Marketing de Contenidos,10,Aprobado
2025-10-30,Ignacio,Diaz,35563087,ignacio.diaz@gmail.com,+54 15 2494 9875,DEV-101,Algoritmos I,7,Aprobado
2025-10-30,Julieta,Valdez,34219114,julieta.valdez@gmail.com,+54 15 2737 8680,NEG-400,Liderazgo y Negociación,5,Aprobado
2025-10-30,Samuel,Paez,44986230,samuel.paez25@outlook.com,+54 15 2908 7183,MKT-200,Marketing de Contenidos,1,Desaprobado
2025-10-30,Nahiara,Silva,30173121,nahiara.silva@gmail.com,+54 15 2523 3685,IA-400,Deep Learning Aplicado,7,Aprobado
2025-10-30,Alma,Vega,43471496,alma.vega25@outlook.com,+54 15 2352 5627,DAT-201,Estadística Avanzada,1,Desaprobado
2025-10-30,Juan Martin,Alvarez,44827801,juan martin.alvarez25@outlook.com,+54 15 2714 8261,NEG-400,Liderazgo y Negociación,4,Aprobado
2025-10-31,Franco,Sanchez,35947218,franco.sanchez@gmail.com,+54 15 2599 3503,IA-300,Redes Neuronales,7,Aprobado
2025-10-31,Simon,Villalba,44492127,simon.villalba25@outlook.com,+54 9 3597 2076,IA-400,Deep Learning Aplicado,8,Aprobado
2025-10-31,Martina,Romero,34294158,martina.romero@gmail.com,+54 9 3618 8488,DAT-201,Estadística Avanzada,7,Aprobado
2025-10-31,Guillermina,Sosa,30649167,guillermina.sosa@gmail.com,+54 15 2849 9225,DAT-201,Estadística Avanzada,6,Aprobado
2025-10-31,Guadalupe,Sanchez,36691364,guadalupe.sanchez@gmail.com,+54 15 2281 5403,DAT-101,Introducción a los Datos,5,Aprobado
2025-10-31,Bruno,Castro,47983613,bruno.castro25@outlook.com,+54 15 2812 7578,DAT-201,Estadística Avanzada,8,Aprobado
2025-10-31,Lara,Gonzalez,43605753,lara.gonzalez25@outlook.com,+54 15 2479 7242,NEG-400,Liderazgo y Negociación,5,Aprobado
2025-10-31,Ana Paula,Hernandez,33201122,ana paula.hernandez@gmail.com,+54 9 3117 9767,MKT-200,Marketing de Contenidos,6,Aprobado
2025-10-31,Luciana,Caceres,41671067,luciana.caceres@gmail.com,+54 9 3975 2743,DAT-101,Introducción a los Datos,3,Desaprobado
2025-10-31,Pedro,Sosa,44173257,pedro.sosa25@outlook.com,+54 15 2933 1433,IA-400,Deep Learning Aplicado,1,Desaprobado
2025-10-31,Mora,Cabrera,37182051,mora.cabrera@gmail.com,+54 15 2254 1875,IA-400,Deep Learning Aplicado,9,Aprobado
2025-10-31,Facundo,Ayala,43615605,facundo.ayala25@outlook.com,+54 9 3834 7596,IA-400,Deep Learning Aplicado,1,Desaprobado
2025-11-01,Felipe,Ledesma,33800391,felipe.ledesma@gmail.com,+54 9 3704 9628,GEN-101,Ética y Tecnología,7,Aprobado
2025-11-01,Joaquin,Benitez,46829066,joaquin.benitez25@outlook.com,+54 9 3393 8903,DAT-305,Big Data & Cloud,6,Aprobado
2025-11-01,Fausto,Gutierrez,46518516,fausto.gutierrez25@outlook.com,+54 9 3720 5245,DAT-101,Introducción a los Datos,10,Aprobado
2025-11-01,Felipe,Luna,46382860,felipe.luna25@outlook.com,+54 15 2795 1038,UX-100,Diseño de Experiencia de Usuario,4,Aprobado
2025-11-01,Maximo,Dominguez,45368291,maximo.dominguez25@outlook.com,+54 9 3136 3468,GEN-101,Ética y Tecnología,4,Aprobado
2025-11-01,Jeremias,Flores,36421707,jeremias.flores@gmail.com,+54 15 2227 9114,DAT-101,Introducción a los Datos,2,Desaprobado
2025-11-01,Angelina,Romero,32171052,angelina.romero@gmail.com,+54 9 3817 8605,DAT-101,Introducción a los Datos,10,Aprobado
2025-11-01,Jeremias,Herrera,36971688,jeremias.herrera@gmail.com,+54 15 2368 4123,IA-400,Deep Learning Aplicado,6,Aprobado
2025-11-01,Helena,Gomez,34130787,helena.gomez@gmail.com,+54 9 3179 5083,GEN-101,Ética y Tecnología,3,Desaprobado
2025-11-01,Agustín,Acosta,36882138,agustín.acosta@gmail.com,+54 15 2451 1690,NEG-400,Liderazgo y Negociación,10,Aprobado
2025-11-01,Thiago Gabriel,Vazquez,32027618,thiago gabriel.vazquez@gmail.com,+54 9 3179 5999,MKT-200,Marketing de Contenidos,7,Aprobado
2025-11-02,Miguel Angel,Sosa,39765048,miguel angel.sosa@gmail.com,+54 15 2265 6557,DAT-305,Big Data & Cloud,7,Aprobado
2025-11-02,Jazmin,Martinez,33742338,jazmin.martinez@gmail.com,+54 9 3250 5960,DEV-101,Algoritmos I,4,Aprobado
2025-11-02,Nicolas,Pereyra,36701529,nicolas.pereyra@gmail.com,+54 15 2753 1008,DAT-101,Introducción a los Datos,2,Desaprobado
2025-11-02,Valentina,Castro,34108557,valentina.castro@gmail.com,+54 9 3518 2775,DAT-101,Introducción a los Datos,4,Aprobado
2025-11-02,Joaquín,Peralta,46372785,joaquín.peralta25@outlook.com,+54 9 3801 1599,IA-300,Redes Neuronales,5,Aprobado
2025-11-02,Martina,Castro,41904080,martina.castro@gmail.com,+54 15 2431 2243,DAT-201,Estadística Avanzada,4,Aprobado
2025-11-02,Valentina,Sanchez,46145128,valentina.sanchez25@outlook.com,+54 15 2250 5590,IA-400,Deep Learning Aplicado,5,Aprobado
2025-11-02,Santiago Nicolas,Ponce,40950154,santiago nicolas.ponce@gmail.com,+54 9 3841 4023,MKT-200,Marketing de Contenidos,1,Desaprobado
2025-11-02,Dante,Castillo,44407218,dante.castillo25@outlook.com,+54 9 3640 3279,DAT-201,Estadística Avanzada,4,Aprobado
2025-11-02,Mia Jazmin,Quiroga,40606935,mia jazmin.quiroga@gmail.com,+54 15 2704 0082,GEN-101,Ética y Tecnología,5,Aprobado
2025-11-02,Alma,Cardozo,31099331,alma.cardozo@gmail.com,+54 9 3161 0436,GEN-101,Ética y Tecnología,2,Desaprobado
2025-11-02,Felipe,Fernandez,40235116,felipe.fernandez@gmail.com,+54 9 3491 3591,DAT-305,Big Data & Cloud,5,Aprobado
2025-11-02,Mora,Cabrera,37182051,mora.cabrera@gmail.com,+54 15 2254 1875,UX-100,Diseño de Experiencia de Usuario,8,Aprobado
2025-11-02,Mateo Ezequiel,Ferreyra,44235496,mateo ezequiel.ferreyra25@outlook.com,+54 15 2133 4336,DAT-201,Estadística Avanzada,1,Desaprobado
2025-11-02,Mora,Avila,33520255,mora.avila@gmail.com,+54 9 3108 2724,GEN-101,Ética y Tecnología,1,Desaprobado
2025-11-02,Malena,Sanchez,46521420,malena.sanchez25@outlook.com,+54 9 3250 0146,DAT-201,Estadística Avanzada,7,Aprobado
2025-11-02,Samuel,Ojeda,43679905,samuel.ojeda25@outlook.com,+54 9 3172 3633,IA-300,Redes Neuronales,3,Desaprobado
2025-11-02,Mateo Benjamin,Ruiz,32997790,mateo benjamin.ruiz@gmail.com,+54 15 2316 2089,GEN-101,Ética y Tecnología,3,Desaprobado
2025-11-03,Francisco,Romero,30672524,francisco.romero@gmail.com,+54 15 2357 4938,DAT-201,Estadística Avanzada,1,Desaprobado
2025-11-03,Benjamin,Herrera,36892333,benjamin.herrera@gmail.com,+54 9 3204 2208,DAT-305,Big Data & Cloud,3,Desaprobado
2025-11-03,Gael,Medina,37952540,gael.medina@gmail.com,+54 9 3322 6257,NEG-400,Liderazgo y Negociación,7,Aprobado
2025-11-03,Juan Ignacio,Perez,46698472,juan ignacio.perez25@outlook.com,+54 15 2119 2004,UX-100,Diseño de Experiencia de Usuario,7,Aprobado
2025-11-03,Lucía ,Fernandez,31177427,lucía .fernandez@gmail.com,+54 15 2914 3080,MKT-200,Marketing de Contenidos,7,Aprobado
2025-11-03,Thiago Emanuel,Rodriguez,45177548,thiago emanuel.rodriguez25@outlook.com,+54 9 3486 6592,DAT-201,Estadística Avanzada,2,Desaprobado
2025-11-03,Sol,Herrera,31324108,sol.herrera@gmail.com,+54 9 3553 6298,GEN-101,Ética y Tecnología,2,Desaprobado
2025-11-03,Valentino,Gonzalez,33229738,valentino.gonzalez@gmail.com,+54 15 2268 3184,DAT-201,Estadística Avanzada,6,Aprobado
2025-11-03,Isabella,Guzman,44305990,isabella.guzman25@outlook.com,+54 15 2758 8829,IA-300,Redes Neuronales,1,Desaprobado
2025-11-03,Malena,Diaz,46410216,malena.diaz25@outlook.com,+54 9 3383 2231,NEG-400,Liderazgo y Negociación,7,Aprobado
2025-11-03,Olivia,Silva,47207202,olivia.silva25@outlook.com,+54 9 3393 1131,IA-300,Redes Neuronales,5,Aprobado
2025-11-03,Juana,Fernandez,36234502,juana.fernandez@gmail.com,+54 9 3108 1615,MKT-200,Marketing de Contenidos,1,Desaprobado
2025-11-03,Elena,Castro,32496231,elena.castro@gmail.com,+54 9 3921 9876,DAT-101,Introducción a los Datos,4,Aprobado
2025-11-04,Morena Jazmin,Gomez,39820530,morena jazmin.gomez@gmail.com,+54 15 2599 8329,DAT-201,Estadística Avanzada,5,Aprobado
2025-11-04,Juan Cruz,Flores,31349203,juan cruz.flores@gmail.com,+54 9 3845 1594,DAT-201,Estadística Avanzada,8,Aprobado
2025-11-04,Jazmin,Alvarez,43331228,jazmin.alvarez25@outlook.com,+54 15 2825 2186,DEV-101,Algoritmos I,5,Aprobado
2025-11-04,Mateo Benjamin,Coronel,33175574,mateo benjamin.coronel@gmail.com,+54 9 3615 8883,DEV-101,Algoritmos I,6,Aprobado
2025-11-04,Juan Ignacio,Rojas,32816822,juan ignacio.rojas@gmail.com,+54 15 2535 4047,IA-300,Redes Neuronales,5,Aprobado
2025-11-04,Manuel,Rivero,45984678,manuel.rivero25@outlook.com,+54 15 2140 0587,NEG-400,Liderazgo y Negociación,2,Desaprobado
2025-11-04,Sofia,Gimenez,32119317,sofia.gimenez@gmail.com,+54 15 2389 3033,NEG-400,Liderazgo y Negociación,8,Aprobado
2025-11-04,Ana Paula,Molina,36480390,ana paula.molina@gmail.com,+54 9 3377 3025,GEN-101,Ética y Tecnología,7,Aprobado
2025-11-04,Martina,Ortiz,32454237,martina.ortiz@gmail.com,+54 15 2248 2168,DAT-101,Introducción a los Datos,8,Aprobado
2025-11-04,Emma,Rojas,35844073,emma.rojas@gmail.com,+54 9 3697 8656,DAT-305,Big Data & Cloud,10,Aprobado
2025-11-04,Sofia,Rodriguez,38648189,sofia.rodriguez@gmail.com,+54 9 3653 2883,NEG-400,Liderazgo y Negociación,4,Aprobado
2025-11-04,Isabella,Mansilla,46183284,isabella.mansilla25@outlook.com,+54 15 2389 1890,DEV-101,Algoritmos I,10,Aprobado
2025-11-04,Benjamin,Ramos,30362736,benjamin.ramos@gmail.com,+54 9 3633 1683,DAT-101,Introducción a los Datos,1,Desaprobado
2025-11-04,Pilar,Arias,44878225,pilar.arias25@outlook.com,+54 9 3712 3590,MKT-200,Marketing de Contenidos,3,Desaprobado
2025-11-04,Samuel,Gomez,45865176,samuel.gomez25@outlook.com,+54 15 2951 2629,IA-300,Redes Neuronales,2,Desaprobado
2025-11-05,Sofia,Diaz,47707678,sofia.diaz25@outlook.com,+54 15 2176 6152,DAT-101,Introducción a los Datos,1,Desaprobado
2025-11-05,Joaquin,Molina,47186211,joaquin.molina25@outlook.com,+54 15 2295 8022,DEV-101,Algoritmos I,1,Desaprobado
2025-11-05,Ignacio,Herrera,35809204,ignacio.herrera@gmail.com,+54 15 2197 8926,GEN-101,Ética y Tecnología,4,Aprobado
2025-11-05,Juan Sebastian,Fernandez,44190336,juan sebastian.fernandez25@outlook.com,+54 15 2892 9959,DAT-201,Estadística Avanzada,3,Desaprobado
2025-11-05,Juan Pablo,Avila,46997300,juan pablo.avila25@outlook.com,+54 9 3613 9929,DAT-305,Big Data & Cloud,10,Aprobado
2025-11-05,Joaquin,Pereyra,40846299,joaquin.pereyra@gmail.com,+54 9 3438 6551,GEN-101,Ética y Tecnología,8,Aprobado
2025-11-05,Tiziano Benjamin,Martinez,34702143,tiziano benjamin.martinez@gmail.com,+54 15 2642 4065,IA-300,Redes Neuronales,9,Aprobado
2025-11-05,Sofia,Sanchez,43276053,sofia.sanchez25@outlook.com,+54 15 2563 6859,UX-100,Diseño de Experiencia de Usuario,1,Desaprobado
2025-11-05,Ramiro,Rodriguez,40399678,ramiro.rodriguez@gmail.com,+54 15 2363 3552,IA-400,Deep Learning Aplicado,8,Aprobado
2025-11-05,Bautista,Perez,31467025,bautista.perez@gmail.com,+54 15 2490 6807,DEV-101,Algoritmos I,1,Desaprobado
2025-11-05,Juan Ignacio,Gomez,40401825,juan ignacio.gomez@gmail.com,+54 9 3163 0057,NEG-400,Liderazgo y Negociación,7,Aprobado
2025-11-05,Sofia,Lopez,43008590,sofia.lopez25@outlook.com,+54 15 2796 4023,UX-100,Diseño de Experiencia de Usuario,7,Aprobado
2025-11-05,Sofía,Gomez,39475622,sofía.gomez@gmail.com,+54 15 2649 5613,DAT-305,Big Data & Cloud,7,Aprobado
2025-11-05,Juan Francisco,Maidana,38559625,juan francisco.maidana@gmail.com,+54 9 3106 7177,DEV-101,Algoritmos I,6,Aprobado
2025-11-05,Lautaro Benjamin,Paz,35218002,lautaro benjamin.paz@gmail.com,+54 15 2423 7428,GEN-101,Ética y Tecnología,10,Aprobado
2025-11-05,Joaquin,Pereyra,40846299,joaquin.pereyra@gmail.com,+54 9 3438 6551,IA-400,Deep Learning Aplicado,1,Desaprobado
2025-11-05,Bianca,Miranda,31531992,bianca.miranda@gmail.com,+54 15 2921 0384,IA-400,Deep Learning Aplicado,7,Aprobado
2025-11-06,Julian,Fernandez,34508579,julian.fernandez@gmail.com,+54 15 2362 0745,DAT-101,Introducción a los Datos,7,Aprobado
2025-11-06,Josefina,Avila,37091816,josefina.avila@gmail.com,+54 9 3271 7601,IA-300,Redes Neuronales,6,Aprobado
2025-11-06,Maximo,Ruiz,44923903,maximo.ruiz25@outlook.com,+54 15 2267 5590,NEG-400,Liderazgo y Negociación,6,Aprobado
2025-11-06,Joaquín,Peralta,46372785,joaquín.peralta25@outlook.com,+54 9 3801 1599,DEV-101,Algoritmos I,5,Aprobado
2025-11-06,Luna,Mendoza,40451762,luna.mendoza@gmail.com,+54 15 2186 7469,IA-400,Deep Learning Aplicado,1,Desaprobado
2025-11-06,Agustín,Lopez,43830930,agustín.lopez25@outlook.com,+54 15 2391 6311,UX-100,Diseño de Experiencia de Usuario,9,Aprobado
2025-11-06,Angelina,Ruiz,35033683,angelina.ruiz@gmail.com,+54 9 3449 5457,DAT-305,Big Data & Cloud,7,Aprobado
2025-11-06,Sofia,Sanchez,41314648,sofia.sanchez@gmail.com,+54 15 2374 2561,DEV-101,Algoritmos I,7,Aprobado
2025-11-06,Ignacio,Vega,37280564,ignacio.vega@gmail.com,+54 9 3678 9364,DAT-201,Estadística Avanzada,3,Desaprobado
2025-11-06,Lautaro,Gomez,34873483,lautaro.gomez@gmail.com,+54 15 2591 4004,DAT-101,Introducción a los Datos,4,Aprobado
2025-11-06,Alma Valentina,Rojas,44224033,alma valentina.rojas25@outlook.com,+54 9 3918 6431,DEV-101,Algoritmos I,2,Desaprobado
2025-11-06,Maria Paz,Rodriguez,44264848,maria paz.rodriguez25@outlook.com,+54 15 2242 9492,DAT-101,Introducción a los Datos,1,Desaprobado
2025-11-06,Lucia,Silva,45444903,lucia.silva25@outlook.com,+54 9 3480 5318,IA-300,Redes Neuronales,8,Aprobado
2025-11-06,Valentin,Gonzalez,43941263,valentin.gonzalez25@outlook.com,+54 9 3151 4372,DEV-101,Algoritmos I,8,Aprobado
2025-11-06,Isabella,Ledesma,36600824,isabella.ledesma@gmail.com,+54 15 2938 0878,DAT-305,Big Data & Cloud,9,Aprobado
2025-11-06,Jazmin,Martinez,33742338,jazmin.martinez@gmail.com,+54 9 3250 5960,DAT-201,Estadística Avanzada,7,Aprobado
2025-11-06,Thiago Benjamin,Ayala,33683627,thiago benjamin.ayala@gmail.com,+54 9 3339 0062,DAT-101,Introducción a los Datos,1,Desaprobado
2025-11-06,Sofia,Gonzalez,31562676,sofia.gonzalez@gmail.com,+54 15 2684 6349,IA-300,Redes Neuronales,9,Aprobado
2025-11-07,Juan Pablo,Vega,33846409,juan pablo.vega@gmail.com,+54 9 3457 2670,IA-400,Deep Learning Aplicado,2,Desaprobado
2025-11-07,Francisco,Correa,30677244,francisco.correa@gmail.com,+54 15 2954 2808,DAT-101,Introducción a los Datos,4,Aprobado
2025-11-07,Bautista Benjamin,Acosta,34446896,bautista benjamin.acosta@gmail.com,+54 15 2845 8367,NEG-400,Liderazgo y Negociación,10,Aprobado
2025-11-07,Juan Ignacio,Flores,45499218,juan ignacio.flores25@outlook.com,+54 15 2417 6495,UX-100,Diseño de Experiencia de Usuario,5,Aprobado
2025-11-07,Juan Bautista,Acosta,31332769,juan bautista.acosta@gmail.com,+54 15 2161 8024,IA-400,Deep Learning Aplicado,3,Desaprobado
2025-11-07,Jeremias,Moyano,33127447,jeremias.moyano@gmail.com,+54 9 3386 7942,NEG-400,Liderazgo y Negociación,8,Aprobado
2025-11-07,Ian Ezequiel,Farias,45838988,ian ezequiel.farias25@outlook.com,+54 9 3528 9441,MKT-200,Marketing de Contenidos,8,Aprobado
2025-11-07,Emilia,Sanchez,35629692,emilia.sanchez@gmail.com,+54 15 2299 9413,DEV-101,Algoritmos I,3,Desaprobado
2025-11-07,Justina,Gutierrez,36227478,justina.gutierrez@gmail.com,+54 9 3119 5095,GEN-101,Ética y Tecnología,4,Aprobado
2025-11-07,Catalina,Sosa,35951430,catalina.sosa@gmail.com,+54 9 3274 5282,DAT-305,Big Data & Cloud,3,Desaprobado
2025-11-07,Milena,Romero,46572742,milena.romero25@outlook.com,+54 9 3205 0052,DAT-201,Estadística Avanzada,4,Aprobado
2025-11-07,Francisco,Castillo,34411929,francisco.castillo@gmail.com,+54 9 3931 3382,IA-300,Redes Neuronales,9,Aprobado
2025-11-07,Felipe,Ruiz,43191267,felipe.ruiz25@outlook.com,+54 15 2264 2274,IA-300,Redes Neuronales,3,Desaprobado
2025-11-07,Angelina,Romero,32171052,angelina.romero@gmail.com,+54 9 3817 8605,IA-400,Deep Learning Aplicado,5,Aprobado
2025-11-07,Maximiliano,Dominguez,46909132,maximiliano.dominguez25@outlook.com,+54 15 2754 8219,DAT-201,Estadística Avanzada,10,Aprobado
2025-11-07,Juan Manuel,Arias,39023389,juan manuel.arias@gmail.com,+54 9 3290 1431,IA-300,Redes Neuronales,9,Aprobado
2025-11-07,Luana,Martinez,45417606,luana.martinez25@outlook.com,+54 9 3215 1578,GEN-101,Ética y Tecnología,2,Desaprobado
2025-11-08,Alvaro,Gonzalez,45007686,alvaro.gonzalez25@outlook.com,+54 9 3763 8121,DAT-101,Introducción a los Datos,2,Desaprobado
2025-11-08,Alma,Martinez,32201924,alma.martinez@gmail.com,+54 15 2111 3316,MKT-200,Marketing de Contenidos,1,Desaprobado
2025-11-08,Dylan Ezequiel,Diaz,34501518,dylan ezequiel.diaz@gmail.com,+54 15 2580 1895,MKT-200,Marketing de Contenidos,4,Aprobado
2025-11-08,Santiago,Caceres,36185529,santiago.caceres@gmail.com,+54 15 2973 7443,DAT-305,Big Data & Cloud,5,Aprobado
2025-11-08,Benjamin,Lucero,39250711,benjamin.lucero@gmail.com,+54 9 3996 1233,IA-300,Redes Neuronales,7,Aprobado
2025-11-08,Benjamin,Silva,44376034,benjamin.silva25@outlook.com,+54 15 2697 6166,IA-400,Deep Learning Aplicado,10,Aprobado
2025-11-08,Gonzalo,Silva,30271801,gonzalo.silva@gmail.com,+54 9 3180 3146,DAT-101,Introducción a los Datos,2,Desaprobado
2025-11-08,Camila,Ruiz,47690351,camila.ruiz25@outlook.com,+54 9 3259 3349,GEN-101,Ética y Tecnología,5,Aprobado
2025-11-08,Mateo Joaquin,Diaz,40756585,mateo joaquin.diaz@gmail.com,+54 15 2848 6512,UX-100,Diseño de Experiencia de Usuario,7,Aprobado
2025-11-08,Thiago,Moreno,39759071,thiago.moreno@gmail.com,+54 9 3312 3505,UX-100,Diseño de Experiencia de Usuario,2,Desaprobado
2025-11-08,Lola,Valdez,39412125,lola.valdez@gmail.com,+54 9 3115 0663,DAT-201,Estadística Avanzada,10,Aprobado
2025-11-08,Micaela,Villalba,36617253,micaela.villalba@gmail.com,+54 15 2257 7786,DAT-101,Introducción a los Datos,7,Aprobado
2025-11-08,Tobias,Castillo,35608376,tobias.castillo@gmail.com,+54 15 2609 1713,GEN-101,Ética y Tecnología,6,Aprobado
2025-11-08,Catalina,Gonzalez,35077928,catalina.gonzalez@gmail.com,+54 9 3275 8507,DEV-101,Algoritmos I,8,Aprobado
2025-11-09,Lautaro Nicolas,Cardozo,40719473,lautaro nicolas.cardozo@gmail.com,+54 15 2260 4347,GEN-101,Ética y Tecnología,2,Desaprobado
2025-11-09,Martina,Coronel,31864701,martina.coronel@gmail.com,+54 9 3131 6223,GEN-101,Ética y Tecnología,8,Aprobado
2025-11-09,Francisco,Garcia,30205757,francisco.garcia@gmail.com,+54 9 3175 2323,NEG-400,Liderazgo y Negociación,3,Desaprobado
2025-11-09,Juan,Dominguez,39281798,juan.dominguez@gmail.com,+54 9 3390 1416,NEG-400,Liderazgo y Negociación,10,Aprobado
2025-11-09,Juan Ignacio,Gimenez,41213341,juan ignacio.gimenez@gmail.com,+54 15 2459 3784,DAT-305,Big Data & Cloud,1,Desaprobado
2025-11-09,Pedro,Alvarez,45002798,pedro.alvarez25@outlook.com,+54 15 2230 9622,DAT-305,Big Data & Cloud,5,Aprobado
2025-11-09,Luciana,Moreno,37351522,luciana.moreno@gmail.com,+54 9 3606 2624,NEG-400,Liderazgo y Negociación,1,Desaprobado
2025-11-09,Lola,Acuña,35407054,lola.acuña@gmail.com,+54 9 3800 7780,DAT-305,Big Data & Cloud,5,Aprobado
2025-11-09,Amparo,Herrera,39126892,amparo.herrera@gmail.com,+54 9 3635 7667,GEN-101,Ética y Tecnología,1,Desaprobado
2025-11-09,Juan Manuel,Gomez,43456083,juan manuel.gomez25@outlook.com,+54 9 3996 1245,DAT-101,Introducción a los Datos,2,Desaprobado
2025-11-09,Maria Guadalupe,Alvarez,32986537,maria guadalupe.alvarez@gmail.com,+54 15 2709 5950,UX-100,Diseño de Experiencia de Usuario,1,Desaprobado
2025-11-09,Valentino,Gomez,41661140,valentino.gomez@gmail.com,+54 9 3334 9979,IA-300,Redes Neuronales,4,Aprobado
2025-11-09,Thiago Joaquin,Rodriguez,32099939,thiago joaquin.rodriguez@gmail.com,+54 15 2145 7655,DAT-101,Introducción a los Datos,1,Desaprobado
2025-11-10,Joaquin,Maidana,40980489,joaquin.maidana@gmail.com,+54 9 3537 4275,DEV-101,Algoritmos I,4,Aprobado
2025-11-10,Juan Ignacio,Martinez,44340522,juan ignacio.martinez25@outlook.com,+54 9 3134 3852,IA-300,Redes Neuronales,2,Desaprobado
2025-11-10,Zoe,Ferreyra,44227115,zoe.ferreyra25@outlook.com,+54 15 2274 1255,MKT-200,Marketing de Contenidos,4,Aprobado
2025-11-10,Zoe,Ferreyra,44227115,zoe.ferreyra25@outlook.com,+54 15 2274 1255,NEG-400,Liderazgo y Negociación,9,Aprobado
2025-11-10,Guadalupe,Cardozo,35926356,guadalupe.cardozo@gmail.com,+54 9 3550 8874,DAT-305,Big Data & Cloud,8,Aprobado
2025-11-10,Julia,Gonzalez,30713710,julia.gonzalez@gmail.com,+54 15 2264 3330,IA-300,Redes Neuronales,1,Desaprobado
2025-11-10,Juan Ignacio,Suarez,32522161,juan ignacio.suarez@gmail.com,+54 15 2196 8473,IA-400,Deep Learning Aplicado,1,Desaprobado
2025-11-10,Tomas,Pereyra,31206140,tomas.pereyra@gmail.com,+54 9 3797 5403,DAT-201,Estadística Avanzada,7,Aprobado
2025-11-10,Valentina,Sanchez,46145128,valentina.sanchez25@outlook.com,+54 15 2250 5590,DAT-305,Big Data & Cloud,8,Aprobado
2025-11-10,Morena,Cardozo,41833461,morena.cardozo@gmail.com,+54 15 2732 9591,GEN-101,Ética y Tecnología,10,Aprobado
2025-11-10,Alma,Paz,35385278,alma.paz@gmail.com,+54 15 2320 7489,DAT-201,Estadística Avanzada,9,Aprobado
2025-11-11,Mateo,Rodriguez,32349636,mateo.rodriguez@gmail.com,+54 9 3116 9960,DAT-101,Introducción a los Datos,1,Desaprobado
2025-11-11,Martina,Ortiz,32454237,martina.ortiz@gmail.com,+54 15 2248 2168,IA-300,Redes Neuronales,6,Aprobado
2025-11-11,Simon,Rojas,43286289,simon.rojas25@outlook.com,+54 9 3498 3718,GEN-101,Ética y Tecnología,3,Desaprobado
2025-11-11,Benjamin,Garcia,47645473,benjamin.garcia25@outlook.com,+54 15 2482 7784,MKT-200,Marketing de Contenidos,7,Aprobado
2025-11-11,Lucia,Silva,45444903,lucia.silva25@outlook.com,+54 9 3480 5318,IA-400,Deep Learning Aplicado,9,Aprobado
2025-11-11,Matias,Martinez,43651947,matias.martinez25@outlook.com,+54 9 3397 6861,DAT-305,Big Data & Cloud,5,Aprobado
2025-11-11,Alma Valentina,Medina,45315237,alma valentina.medina25@outlook.com,+54 15 2251 7215,UX-100,Diseño de Experiencia de Usuario,4,Aprobado
2025-11-11,Elena,Castro,32496231,elena.castro@gmail.com,+54 9 3921 9876,DAT-305,Big Data & Cloud,5,Aprobado
2025-11-11,Martina,Ortiz,41626422,martina.ortiz@gmail.com,+54 9 3988 4195,GEN-101,Ética y Tecnología,8,Aprobado
2025-11-11,Joaquin,Pereyra,38714246,joaquin.pereyra@gmail.com,+54 9 3239 6010,DEV-101,Algoritmos I,9,Aprobado
2025-11-11,Amparo,Herrera,39126892,amparo.herrera@gmail.com,+54 9 3635 7667,DAT-305,Big Data & Cloud,8,Aprobado
2025-11-11,Sofia,Gimenez,32119317,sofia.gimenez@gmail.com,+54 15 2389 3033,DAT-305,Big Data & Cloud,7,Aprobado
2025-11-11,Julieta,Aguero,40612010,julieta.aguero@gmail.com,+54 15 2923 7514,IA-400,Deep Learning Aplicado,5,Aprobado
2025-11-12,Ignacio,Miranda,31615043,ignacio.miranda@gmail.com,+54 15 2574 4777,DAT-201,Estadística Avanzada,2,Desaprobado
2025-11-12,Renata,Cruz,38002503,renata.cruz@gmail.com,+54 15 2623 2405,IA-400,Deep Learning Aplicado,3,Desaprobado
2025-11-12,Luca,Martinez,33709759,luca.martinez@gmail.com,+54 15 2120 8450,DAT-305,Big Data & Cloud,3,Desaprobado
2025-11-12,Juan Martin,Alvarez,44827801,juan martin.alvarez25@outlook.com,+54 15 2714 8261,DAT-201,Estadística Avanzada,2,Desaprobado
2025-11-12,Julieta,Quiroga,38964128,julieta.quiroga@gmail.com,+54 15 2997 1411,MKT-200,Marketing de Contenidos,3,Desaprobado
2025-11-12,Guadalupe,Gomez,38111908,guadalupe.gomez@gmail.com,+54 15 2201 9035,DEV-101,Algoritmos I,1,Desaprobado
2025-11-12,Manuel,Romero,33818954,manuel.romero@gmail.com,+54 9 3255 1342,DAT-201,Estadística Avanzada,3,Desaprobado
2025-11-12,Luna,Mendoza,40451762,luna.mendoza@gmail.com,+54 15 2186 7469,DEV-101,Algoritmos I,3,Desaprobado
2025-11-12,Kiara,Rodriguez,44345701,kiara.rodriguez25@outlook.com,+54 15 2341 2551,DAT-101,Introducción a los Datos,2,Desaprobado
2025-11-12,Isabella,Alvarez,43871938,isabella.alvarez25@outlook.com,+54 9 3191 5405,NEG-400,Liderazgo y Negociación,5,Aprobado
2025-11-12,Juan Ignacio,Toledo,36160142,juan ignacio.toledo@gmail.com,+54 9 3281 9657,NEG-400,Liderazgo y Negociación,2,Desaprobado
2025-11-12,Alfonsina,Quiroga,33582066,alfonsina.quiroga@gmail.com,+54 15 2537 4263,GEN-101,Ética y Tecnología,2,Desaprobado
2025-11-12,Josefina,Herrera,37763133,josefina.herrera@gmail.com,+54 9 3576 3256,DAT-305,Big Data & Cloud,8,Aprobado
2025-11-12,Angel Gabriel,Morales,37017626,angel gabriel.morales@gmail.com,+54 15 2475 5073,IA-400,Deep Learning Aplicado,5,Aprobado
2025-11-12,Matias,Carrizo,33745990,matias.carrizo@gmail.com,+54 9 3696 4789,IA-400,Deep Learning Aplicado,9,Aprobado
2025-11-12,Julia,Garcia,34341037,julia.garcia@gmail.com,+54 9 3642 4333,UX-100,Diseño de Experiencia de Usuario,1,Desaprobado
2025-11-12,Facundo,Figueroa,34832335,facundo.figueroa@gmail.com,+54 9 3982 9731,IA-400,Deep Learning Aplicado,1,Desaprobado
2025-11-12,Sebastian,Blanco,43711417,sebastian.blanco25@outlook.com,+54 9 3772 0801,IA-300,Redes Neuronales,3,Desaprobado
2025-11-12,Santino,Romero,37515292,santino.romero@gmail.com,+54 9 3166 8844,MKT-200,Marketing de Contenidos,8,Aprobado
2025-11-12,Guadalupe,Cardozo,35926356,guadalupe.cardozo@gmail.com,+54 9 3550 8874,DEV-101,Algoritmos I,10,Aprobado
2025-11-12,Santiago,Benitez,46281181,santiago.benitez25@outlook.com,+54 15 2457 7890,MKT-200,Marketing de Contenidos,6,Aprobado
2025-11-12,Oriana,Ortiz,36907961,oriana.ortiz@gmail.com,+54 9 3642 0757,DAT-101,Introducción a los Datos,7,Aprobado
2025-11-13,Constantino,Moreno,44221505,constantino.moreno25@outlook.com,+54 15 2504 1837,NEG-400,Liderazgo y Negociación,8,Aprobado
2025-11-13,Alma Mia,Rodriguez,44398280,alma mia.rodriguez25@outlook.com,+54 15 2887 4749,DAT-101,Introducción a los Datos,6,Aprobado
2025-11-13,Julieta,Luna,43895529,julieta.luna25@outlook.com,+54 15 2156 1266,DAT-305,Big Data & Cloud,1,Desaprobado
2025-11-13,Thiago Lionel,Chavez,38263069,thiago lionel.chavez@gmail.com,+54 9 3763 2042,MKT-200,Marketing de Contenidos,8,Aprobado
2025-11-13,Juan Bautista,Gomez,34148661,juan bautista.gomez@gmail.com,+54 15 2994 1501,IA-300,Redes Neuronales,1,Desaprobado
2025-11-13,Valentino,Maidana,47483336,valentino.maidana25@outlook.com,+54 15 2685 8111,DAT-101,Introducción a los Datos,3,Desaprobado
2025-11-13,Bruno,Gimenez,34647475,bruno.gimenez@gmail.com,+54 9 3280 6169,MKT-200,Marketing de Contenidos,6,Aprobado
2025-11-13,Gino,Duarte,41079498,gino.duarte@gmail.com,+54 15 2766 8146,DAT-305,Big Data & Cloud,6,Aprobado
2025-11-13,Juana,Benitez,40039504,juana.benitez@gmail.com,+54 15 2577 6493,UX-100,Diseño de Experiencia de Usuario,5,Aprobado
2025-11-13,Juana,Fernandez,36234502,juana.fernandez@gmail.com,+54 9 3108 1615,NEG-400,Liderazgo y Negociación,1,Desaprobado
2025-11-13,Felipe,Luna,46382860,felipe.luna25@outlook.com,+54 15 2795 1038,DAT-101,Introducción a los Datos,10,Aprobado
2025-11-13,Thiago Ezequiel,Herrera,39297755,thiago ezequiel.herrera@gmail.com,+54 15 2844 0577,GEN-101,Ética y Tecnología,2,Desaprobado
2025-11-13,Oriana,Ortiz,36907961,oriana.ortiz@gmail.com,+54 9 3642 0757,DAT-101,Introducción a los Datos,2,Desaprobado
2025-11-13,Manuel,Martinez,36727561,manuel.martinez@gmail.com,+54 15 2203 5091,MKT-200,Marketing de Contenidos,9,Aprobado
2025-11-14,Agustin,Gimenez,39996815,agustin.gimenez@gmail.com,+54 15 2269 2834,IA-400,Deep Learning Aplicado,1,Desaprobado
2025-11-14,Camila,Romero,39449899,camila.romero@gmail.com,+54 9 3702 0303,DAT-305,Big Data & Cloud,9,Aprobado
2025-11-14,Sofia,Lopez,43008590,sofia.lopez25@outlook.com,+54 15 2796 4023,NEG-400,Liderazgo y Negociación,9,Aprobado
2025-11-14,Nahuel,Ojeda,30958838,nahuel.ojeda@gmail.com,+54 9 3892 4032,IA-300,Redes Neuronales,3,Desaprobado
2025-11-14,Catalina,Acosta,46538783,catalina.acosta25@outlook.com,+54 9 3854 4998,DAT-201,Estadística Avanzada,6,Aprobado
2025-11-14,Maria Luz,Moyano,31365812,maria luz.moyano@gmail.com,+54 9 3856 5055,DAT-101,Introducción a los Datos,9,Aprobado
2025-11-14,Maria Paz,Arias,46314784,maria paz.arias25@outlook.com,+54 15 2311 0032,IA-400,Deep Learning Aplicado,3,Desaprobado
2025-11-14,Thiago Nahuel,Gimenez,44473224,thiago nahuel.gimenez25@outlook.com,+54 15 2722 0256,MKT-200,Marketing de Contenidos,1,Desaprobado
2025-11-14,Francisca,Rodriguez,43528816,francisca.rodriguez25@outlook.com,+54 9 3973 0260,UX-100,Diseño de Experiencia de Usuario,6,Aprobado
2025-11-14,Priscila,Gonzalez,32966903,priscila.gonzalez@gmail.com,+54 9 3910 5293,MKT-200,Marketing de Contenidos,2,Desaprobado
2025-11-14,Benjamin,Torres,37286941,benjamin.torres@gmail.com,+54 9 3554 1110,DAT-101,Introducción a los Datos,7,Aprobado
2025-11-14,Santiago,Benitez,46281181,santiago.benitez25@outlook.com,+54 15 2457 7890,DAT-305,Big Data & Cloud,6,Aprobado
2025-11-14,Sofía,Valdez,35821025,sofía.valdez@gmail.com,+54 9 3396 6346,DEV-101,Algoritmos I,10,Aprobado
2025-11-14,Sol,Rodriguez,46321118,sol.rodriguez25@outlook.com,+54 15 2893 7423,IA-400,Deep Learning Aplicado,7,Aprobado
2025-11-14,Santino Benjamin,Aguero,41994956,santino benjamin.aguero@gmail.com,+54 15 2570 6892,IA-400,Deep Learning Aplicado,6,Aprobado
2025-11-15,Catalina,Luna,34343190,catalina.luna@gmail.com,+54 15 2555 1130,DEV-101,Algoritmos I,4,Aprobado
2025-11-15,Morena Jazmin,Gomez,39820530,morena jazmin.gomez@gmail.com,+54 15 2599 8329,DAT-101,Introducción a los Datos,1,Desaprobado
2025-11-15,Tomàs,Cardozo,39311402,tomàs.cardozo@gmail.com,+54 15 2113 4033,DAT-201,Estadística Avanzada,9,Aprobado
2025-11-15,Alexander,Fernandez,37918142,alexander.fernandez@gmail.com,+54 15 2326 2785,DAT-101,Introducción a los Datos,9,Aprobado
2025-11-15,Santino Agustin,Gomez,46155741,santino agustin.gomez25@outlook.com,+54 15 2190 9079,DAT-101,Introducción a los Datos,9,Aprobado
2025-11-15,Julieta,Aguero,40612010,julieta.aguero@gmail.com,+54 15 2923 7514,NEG-400,Liderazgo y Negociación,9,Aprobado
2025-11-15,Emma,Perez,31528064,emma.perez@gmail.com,+54 15 2736 1269,IA-400,Deep Learning Aplicado,10,Aprobado
2025-11-15,Martina,Martinez,30342609,martina.martinez@gmail.com,+54 15 2874 9345,UX-100,Diseño de Experiencia de Usuario,1,Desaprobado
2025-11-15,León,Gonzalez,37947511,león.gonzalez@gmail.com,+54 15 2238 6033,MKT-200,Marketing de Contenidos,8,Aprobado
2025-11-15,Manuel,Olivera,47430513,manuel.olivera25@outlook.com,+54 9 3543 7432,DAT-305,Big Data & Cloud,7,Aprobado
2025-11-15,Mateo,Rios,37907386,mateo.rios@gmail.com,+54 15 2561 9595,DAT-201,Estadística Avanzada,7,Aprobado
2025-11-15,Milo,Moyano,44726166,milo.moyano25@outlook.com,+54 15 2928 9758,UX-100,Diseño de Experiencia de Usuario,3,Desaprobado
2025-11-15,Martín,Sanchez,47556368,martín.sanchez25@outlook.com,+54 15 2731 1062,MKT-200,Marketing de Contenidos,5,Aprobado
2025-11-16,Thiago Joaquin,Romero,32339744,thiago joaquin.romero@gmail.com,+54 9 3685 6557,IA-400,Deep Learning Aplicado,2,Desaprobado
2025-11-16,Julia,Gonzalez,30713710,julia.gonzalez@gmail.com,+54 15 2264 3330,IA-300,Redes Neuronales,10,Aprobado
2025-11-16,Sebastian,Blanco,43711417,sebastian.blanco25@outlook.com,+54 9 3772 0801,DAT-101,Introducción a los Datos,2,Desaprobado
2025-11-16,Alexander,Fernandez,37918142,alexander.fernandez@gmail.com,+54 15 2326 2785,IA-400,Deep Learning Aplicado,7,Aprobado
2025-11-16,Thiago Valentin,Gimenez,31846283,thiago valentin.gimenez@gmail.com,+54 9 3714 7279,IA-300,Redes Neuronales,6,Aprobado
2025-11-16,Alma Valentina,Medina,45315237,alma valentina.medina25@outlook.com,+54 15 2251 7215,DEV-101,Algoritmos I,4,Aprobado
2025-11-16,Matias,Moreno,40531804,matias.moreno@gmail.com,+54 15 2572 0376,NEG-400,Liderazgo y Negociación,8,Aprobado
2025-11-16,Santino,Gonzalez,30060967,santino.gonzalez@gmail.com,+54 15 2919 8172,DEV-101,Algoritmos I,5,Aprobado
2025-11-16,Samuel,Gomez,45865176,samuel.gomez25@outlook.com,+54 15 2951 2629,UX-100,Diseño de Experiencia de Usuario,10,Aprobado
2025-11-16,Thiago,Villalba,39107282,thiago.villalba@gmail.com,+54 9 3639 4235,IA-400,Deep Learning Aplicado,4,Aprobado
2025-11-16,Thiago Leonel,Chavez,37606348,thiago leonel.chavez@gmail.com,+54 15 2875 7301,DAT-201,Estadística Avanzada,6,Aprobado
2025-11-16,Catalina,Moreno,39919057,catalina.moreno@gmail.com,+54 15 2715 5291,MKT-200,Marketing de Contenidos,9,Aprobado
2025-11-16,Juan Ignacio,Perez,36534604,juan ignacio.perez@gmail.com,+54 9 3411 9083,IA-400,Deep Learning Aplicado,3,Desaprobado
2025-11-17,Juan Francisco,Maidana,38559625,juan francisco.maidana@gmail.com,+54 9 3106 7177,GEN-101,Ética y Tecnología,1,Desaprobado
2025-11-17,Alma Mia,Gonzalez,36040952,alma mia.gonzalez@gmail.com,+54 9 3610 7840,MKT-200,Marketing de Contenidos,9,Aprobado
2025-11-17,Valentino,Gonzalez,33229738,valentino.gonzalez@gmail.com,+54 15 2268 3184,UX-100,Diseño de Experiencia de Usuario,5,Aprobado
2025-11-17,Priscila,Torres,45539704,priscila.torres25@outlook.com,+54 15 2693 1603,IA-400,Deep Learning Aplicado,2,Desaprobado
2025-11-17,Santino,Gonzalez,30060967,santino.gonzalez@gmail.com,+54 15 2919 8172,IA-400,Deep Learning Aplicado,2,Desaprobado
2025-11-17,Thiago Leonel,Chavez,37606348,thiago leonel.chavez@gmail.com,+54 15 2875 7301,IA-400,Deep Learning Aplicado,9,Aprobado
2025-11-17,Carmela,Ledesma,43624806,carmela.ledesma25@outlook.com,+54 9 3870 6600,DAT-101,Introducción a los Datos,5,Aprobado
2025-11-17,Emanuel,Figueroa,39068971,emanuel.figueroa@gmail.com,+54 9 3938 6344,IA-400,Deep Learning Aplicado,6,Aprobado
2025-11-17,Joaquín,Aguirre,40745106,joaquín.aguirre@gmail.com,+54 9 3442 0527,NEG-400,Liderazgo y Negociación,1,Desaprobado
2025-11-17,Simon,Blanco,38936509,simon.blanco@gmail.com,+54 9 3106 1436,DAT-101,Introducción a los Datos,8,Aprobado
2025-11-17,Martina,Lopez,46890428,martina.lopez25@outlook.com,+54 15 2191 0910,GEN-101,Ética y Tecnología,3,Desaprobado
2025-11-17,Martina,Gonzalez,40733106,martina.gonzalez@gmail.com,+54 15 2516 0084,DAT-101,Introducción a los Datos,6,Aprobado
2025-11-17,Juana,Bravo,44118742,juana.bravo25@outlook.com,+54 15 2842 9518,DAT-101,Introducción a los Datos,10,Aprobado
2025-11-17,Luca,Gimenez,35837738,luca.gimenez@gmail.com,+54 15 2839 5749,DAT-201,Estadística Avanzada,1,Desaprobado
2025-11-18,Thiago Gabriel,Torres,43871165,thiago gabriel.torres25@outlook.com,+54 9 3175 5589,MKT-200,Marketing de Contenidos,4,Aprobado
2025-11-18,Genaro,Paz,45709038,genaro.paz25@outlook.com,+54 9 3459 0626,DAT-305,Big Data & Cloud,3,Desaprobado
2025-11-18,Agustín,Roldan,40253163,agustín.roldan@gmail.com,+54 15 2136 8544,GEN-101,Ética y Tecnología,1,Desaprobado
2025-11-18,Lucio,Lucero,43558573,lucio.lucero25@outlook.com,+54 9 3267 0444,GEN-101,Ética y Tecnología,10,Aprobado
2025-11-18,Delfina,Morales,45417367,delfina.morales25@outlook.com,+54 9 3893 1156,IA-400,Deep Learning Aplicado,3,Desaprobado
2025-11-18,Joaquin,Juarez,35476879,joaquin.juarez@gmail.com,+54 9 3242 1143,DAT-201,Estadística Avanzada,2,Desaprobado
2025-11-18,Zoe,Fernandez,44286872,zoe.fernandez25@outlook.com,+54 9 3358 4498,NEG-400,Liderazgo y Negociación,4,Aprobado
2025-11-18,Ignacio,Martinez,41016204,ignacio.martinez@gmail.com,+54 9 3892 3689,DAT-305,Big Data & Cloud,3,Desaprobado
2025-11-18,Santino,Acosta,32935035,santino.acosta@gmail.com,+54 9 3106 9475,NEG-400,Liderazgo y Negociación,4,Aprobado
2025-11-18,Joaquín,Romero,46377357,joaquín.romero25@outlook.com,+54 15 2358 6508,MKT-200,Marketing de Contenidos,6,Aprobado
2025-11-18,Bautista Benjamin,Sosa,37679372,bautista benjamin.sosa@gmail.com,+54 9 3430 3693,UX-100,Diseño de Experiencia de Usuario,8,Aprobado
2025-11-18,Renata,Rodriguez,36331097,renata.rodriguez@gmail.com,+54 9 3260 1158,UX-100,Diseño de Experiencia de Usuario,3,Desaprobado
2025-11-18,Isabella,Sanchez,46026190,isabella.sanchez25@outlook.com,+54 9 3250 2466,DAT-305,Big Data & Cloud,5,Aprobado
2025-11-18,Morena,Romero,30283834,morena.romero@gmail.com,+54 15 2878 8010,DAT-201,Estadística Avanzada,1,Desaprobado
2025-11-18,Julian,Ledesma,40228309,julian.ledesma@gmail.com,+54 15 2119 2341,IA-400,Deep Learning Aplicado,4,Aprobado
2025-11-18,Milagros,Herrera,36349336,milagros.herrera@gmail.com,+54 9 3694 1937,IA-300,Redes Neuronales,3,Desaprobado
2025-11-18,Mia Jazmin,Quiroga,40606935,mia jazmin.quiroga@gmail.com,+54 15 2704 0082,DAT-305,Big Data & Cloud,7,Aprobado
2025-11-18,Constanza,Avila,46649401,constanza.avila25@outlook.com,+54 9 3819 4368,IA-400,Deep Learning Aplicado,4,Aprobado
2025-11-18,Maite,Martinez,36745278,maite.martinez@gmail.com,+54 9 3371 1700,DAT-101,Introducción a los Datos,6,Aprobado
2025-11-18,Renata,Rivero,35720054,renata.rivero@gmail.com,+54 15 2292 8880,DEV-101,Algoritmos I,7,Aprobado
2025-11-18,Matilda,Cabrera,47826221,matilda.cabrera25@outlook.com,+54 15 2779 9063,DAT-201,Estadística Avanzada,10,Aprobado
2025-11-18,Maximo,Nuñez,38030283,maximo.nuñez@gmail.com,+54 9 3820 5865,DEV-101,Algoritmos I,2,Desaprobado
2025-11-18,Tomas Benjamin,Lopez,46398361,tomas benjamin.lopez25@outlook.com,+54 15 2126 0160,NEG-400,Liderazgo y Negociación,6,Aprobado
2025-11-18,Salvador,Correa,34577564,salvador.correa@gmail.com,+54 15 2524 2874,NEG-400,Liderazgo y Negociación,1,Desaprobado
2025-11-19,Joaquin,Molina,47186211,joaquin.molina25@outlook.com,+54 15 2295 8022,GEN-101,Ética y Tecnología,7,Aprobado
2025-11-19,Tomàs,Ortiz,45076705,tomàs.ortiz25@outlook.com,+54 9 3857 6471,DAT-201,Estadística Avanzada,9,Aprobado
2025-11-19,Lorenzo,Flores,37567816,lorenzo.flores@gmail.com,+54 9 3236 5685,DAT-101,Introducción a los Datos,10,Aprobado
2025-11-19,Gino,Cruz,37219780,gino.cruz@gmail.com,+54 15 2687 4814,UX-100,Diseño de Experiencia de Usuario,1,Desaprobado
2025-11-19,Francisco,Barrios,46669980,francisco.barrios25@outlook.com,+54 9 3636 9138,DAT-201,Estadística Avanzada,3,Desaprobado
2025-11-19,Sol,Gomez,31067946,sol.gomez@gmail.com,+54 9 3980 0115,MKT-200,Marketing de Contenidos,5,Aprobado
2025-11-19,Emilia,Morales,38275238,emilia.morales@gmail.com,+54 9 3287 0630,DAT-305,Big Data & Cloud,2,Desaprobado
2025-11-19,Agustin,Nuñez,43847977,agustin.nuñez25@outlook.com,+54 15 2942 4189,DEV-101,Algoritmos I,3,Desaprobado
2025-11-19,Santiago,Benitez,46281181,santiago.benitez25@outlook.com,+54 15 2457 7890,IA-400,Deep Learning Aplicado,6,Aprobado
2025-11-19,Milo,Moyano,44726166,milo.moyano25@outlook.com,+54 15 2928 9758,IA-400,Deep Learning Aplicado,6,Aprobado
2025-11-19,Miguel Angel,Sosa,39765048,miguel angel.sosa@gmail.com,+54 15 2265 6557,IA-300,Redes Neuronales,10,Aprobado
2025-11-20,Nicolas,Coronel,45474619,nicolas.coronel25@outlook.com,+54 9 3111 0312,DAT-101,Introducción a los Datos,10,Aprobado
2025-11-20,Emilia,Rivero,33247551,emilia.rivero@gmail.com,+54 9 3135 7659,DAT-101,Introducción a los Datos,7,Aprobado
2025-11-20,Joaquín,Peralta,46372785,joaquín.peralta25@outlook.com,+54 9 3801 1599,DEV-101,Algoritmos I,10,Aprobado
2025-11-20,Jazmin,Alvarez,43331228,jazmin.alvarez25@outlook.com,+54 15 2825 2186,IA-300,Redes Neuronales,6,Aprobado
2025-11-20,Santino,Vazquez,35643961,santino.vazquez@gmail.com,+54 9 3923 3922,DAT-201,Estadística Avanzada,5,Aprobado
2025-11-20,Santiago,Caceres,47775711,santiago.caceres25@outlook.com,+54 15 2450 9084,IA-300,Redes Neuronales,9,Aprobado
2025-11-20,Bautista,Perez,31467025,bautista.perez@gmail.com,+54 15 2490 6807,NEG-400,Liderazgo y Negociación,4,Aprobado
2025-11-20,Lautaro Nicolas,Aguero,40833222,lautaro nicolas.aguero@gmail.com,+54 9 3416 4586,IA-300,Redes Neuronales,5,Aprobado
2025-11-20,Francisco,Ferreyra,40437078,francisco.ferreyra@gmail.com,+54 9 3985 4160,MKT-200,Marketing de Contenidos,2,Desaprobado
2025-11-20,Juan Ignacio,Gomez,38531146,juan ignacio.gomez@gmail.com,+54 15 2703 5360,DEV-101,Algoritmos I,7,Aprobado
2025-11-20,Mora,Arias,31742344,mora.arias@gmail.com,+54 9 3719 0515,DEV-101,Algoritmos I,1,Desaprobado
2025-11-20,Agustín,Navarro,41912939,agustín.navarro@gmail.com,+54 9 3115 9430,MKT-200,Marketing de Contenidos,1,Desaprobado
2025-11-20,Sofía,Barrios,33641153,sofía.barrios@gmail.com,+54 15 2274 4875,DEV-101,Algoritmos I,3,Desaprobado
2025-11-20,Benjamin Alejandro,Morales,44730308,benjamin alejandro.morales25@outlook.com,+54 9 3420 3298,DAT-201,Estadística Avanzada,7,Aprobado
2025-11-20,Juan Ignacio,Sanchez,47044309,juan ignacio.sanchez25@outlook.com,+54 9 3610 4834,MKT-200,Marketing de Contenidos,4,Aprobado
2025-11-21,Juan Pablo,Sanchez,44786123,juan pablo.sanchez25@outlook.com,+54 9 3589 8719,DAT-305,Big Data & Cloud,5,Aprobado
2025-11-21,Ciro,Peralta,35069582,ciro.peralta@gmail.com,+54 15 2448 4464,DEV-101,Algoritmos I,9,Aprobado
2025-11-21,Catalina,Acuña,47983495,catalina.acuña25@outlook.com,+54 9 3473 6039,IA-300,Redes Neuronales,3,Desaprobado
2025-11-21,Francisco,Gonzalez,32860968,francisco.gonzalez@gmail.com,+54 9 3321 6241,MKT-200,Marketing de Contenidos,7,Aprobado
2025-11-21,Julieta,Quiroga,38964128,julieta.quiroga@gmail.com,+54 15 2997 1411,DAT-305,Big Data & Cloud,5,Aprobado
2025-11-21,Bautista,Fernandez,34223113,bautista.fernandez@gmail.com,+54 9 3145 4593,GEN-101,Ética y Tecnología,3,Desaprobado
2025-11-21,Sofia,Diaz,47707678,sofia.diaz25@outlook.com,+54 15 2176 6152,UX-100,Diseño de Experiencia de Usuario,8,Aprobado
2025-11-21,Thiago Valentin,Mansilla,31547849,thiago valentin.mansilla@gmail.com,+54 9 3515 2592,IA-400,Deep Learning Aplicado,4,Aprobado
2025-11-21,Manuel,Romero,33818954,manuel.romero@gmail.com,+54 9 3255 1342,NEG-400,Liderazgo y Negociación,2,Desaprobado
2025-11-21,Morena,Cardozo,41833461,morena.cardozo@gmail.com,+54 15 2732 9591,UX-100,Diseño de Experiencia de Usuario,10,Aprobado
2025-11-21,Lucía,Fernandez,36028849,lucía.fernandez@gmail.com,+54 15 2982 2674,NEG-400,Liderazgo y Negociación,9,Aprobado
2025-11-21,Paloma,Diaz,38500035,paloma.diaz@gmail.com,+54 15 2974 3058,DAT-305,Big Data & Cloud,1,Desaprobado
2025-11-21,Sara,Leiva,44291013,sara.leiva25@outlook.com,+54 9 3870 0298,IA-300,Redes Neuronales,3,Desaprobado
2025-11-21,Valentino,Gomez,41661140,valentino.gomez@gmail.com,+54 9 3334 9979,GEN-101,Ética y Tecnología,4,Aprobado
2025-11-22,Maria Paz,Arias,46314784,maria paz.arias25@outlook.com,+54 15 2311 0032,DAT-101,Introducción a los Datos,8,Aprobado
2025-11-22,Juan Ignacio,Lucero,40045468,juan ignacio.lucero@gmail.com,+54 15 2123 1979,UX-100,Diseño de Experiencia de Usuario,9,Aprobado
2025-11-22,Emilia,Rivero,33247551,emilia.rivero@gmail.com,+54 9 3135 7659,DAT-305,Big Data & Cloud,2,Desaprobado
2025-11-22,Isabella,Roldan,43342517,isabella.roldan25@outlook.com,+54 15 2118 4040,GEN-101,Ética y Tecnología,10,Aprobado
2025-11-22,Isabella,Farias,41051648,isabella.farias@gmail.com,+54 9 3794 4647,DAT-305,Big Data & Cloud,6,Aprobado
2025-11-22,Agustina,Ramirez,34531843,agustina.ramirez@gmail.com,+54 15 2450 6445,NEG-400,Liderazgo y Negociación,4,Aprobado
2025-11-22,Clara,Medina,30483176,clara.medina@gmail.com,+54 9 3844 5967,DAT-305,Big Data & Cloud,1,Desaprobado
2025-11-22,Lautaro,Diaz,37766757,lautaro.diaz@gmail.com,+54 15 2652 0286,IA-300,Redes Neuronales,4,Aprobado
2025-11-22,Santino Gabriel,Diaz,34923335,santino gabriel.diaz@gmail.com,+54 9 3245 9481,UX-100,Diseño de Experiencia de Usuario,10,Aprobado
2025-11-22,Luna,Mendoza,40451762,luna.mendoza@gmail.com,+54 15 2186 7469,GEN-101,Ética y Tecnología,6,Aprobado
2025-11-23,Juan Francisco,Torres,45694620,juan francisco.torres25@outlook.com,+54 9 3762 4736,UX-100,Diseño de Experiencia de Usuario,5,Aprobado
2025-11-23,Alvaro,Gonzalez,45007686,alvaro.gonzalez25@outlook.com,+54 9 3763 8121,GEN-101,Ética y Tecnología,6,Aprobado
2025-11-23,Juan Martin,Alvarez,44827801,juan martin.alvarez25@outlook.com,+54 15 2714 8261,DAT-201,Estadística Avanzada,6,Aprobado
2025-11-23,Alvaro,Gonzalez,45007686,alvaro.gonzalez25@outlook.com,+54 9 3763 8121,IA-400,Deep Learning Aplicado,8,Aprobado
2025-11-23,Juan Sebastian,Acosta,40230385,juan sebastian.acosta@gmail.com,+54 15 2138 0899,DAT-101,Introducción a los Datos,8,Aprobado
2025-11-23,Ian Ezequiel,Farias,45838988,ian ezequiel.farias25@outlook.com,+54 9 3528 9441,UX-100,Diseño de Experiencia de Usuario,4,Aprobado
2025-11-23,Juana,Benitez,45066282,juana.benitez25@outlook.com,+54 15 2540 9858,IA-400,Deep Learning Aplicado,3,Desaprobado
2025-11-23,Ian Ezequiel,Silva,31360651,ian ezequiel.silva@gmail.com,+54 9 3829 6877,IA-400,Deep Learning Aplicado,10,Aprobado
2025-11-23,Alvaro,Gonzalez,45007686,alvaro.gonzalez25@outlook.com,+54 9 3763 8121,DEV-101,Algoritmos I,4,Aprobado
2025-11-23,Emma,Vega,37572605,emma.vega@gmail.com,+54 9 3730 3864,NEG-400,Liderazgo y Negociación,4,Aprobado
2025-11-23,Salvador,Torres,47649810,salvador.torres25@outlook.com,+54 9 3948 2014,IA-400,Deep Learning Aplicado,10,Aprobado
2025-11-23,Lucía ,Blanco,46828583,lucía .blanco25@outlook.com,+54 9 3174 5167,DEV-101,Algoritmos I,1,Desaprobado
2025-11-23,Nina,Muñoz,45291864,nina.muñoz25@outlook.com,+54 9 3857 9028,DAT-201,Estadística Avanzada,3,Desaprobado
2025-11-23,Jeremias,Herrera,36971688,jeremias.herrera@gmail.com,+54 15 2368 4123,UX-100,Diseño de Experiencia de Usuario,8,Aprobado
2025-11-23,Tomàs,Martinez,31081090,tomàs.martinez@gmail.com,+54 9 3259 2795,NEG-400,Liderazgo y Negociación,6,Aprobado
2025-11-23,Martina,Flores,43162851,martina.flores25@outlook.com,+54 15 2164 8198,IA-400,Deep Learning Aplicado,9,Aprobado
2025-11-23,Santino,Navarro,43174343,santino.navarro25@outlook.com,+54 15 2768 3375,UX-100,Diseño de Experiencia de Usuario,8,Aprobado
2025-11-24,Santiago,Mendoza,30382587,santiago.mendoza@gmail.com,+54 9 3200 6730,DAT-101,Introducción a los Datos,7,Aprobado
2025-11-24,Francesca,Ruiz,35667236,francesca.ruiz@gmail.com,+54 9 3545 7920,MKT-200,Marketing de Contenidos,5,Aprobado
2025-11-24,Guadalupe,Guzman,44998271,guadalupe.guzman25@outlook.com,+54 9 3216 7688,DAT-101,Introducción a los Datos,10,Aprobado
2025-11-24,Mateo Agustin,Torres,35410565,mateo agustin.torres@gmail.com,+54 9 3239 8260,UX-100,Diseño de Experiencia de Usuario,9,Aprobado
2025-11-24,Angel Gabriel,Morales,37017626,angel gabriel.morales@gmail.com,+54 15 2475 5073,NEG-400,Liderazgo y Negociación,4,Aprobado
2025-11-24,Emiliano,Sosa,47206312,emiliano.sosa25@outlook.com,+54 9 3306 8299,GEN-101,Ética y Tecnología,7,Aprobado
2025-11-24,Genaro,Caceres,41398180,genaro.caceres@gmail.com,+54 9 3872 1544,DAT-305,Big Data & Cloud,8,Aprobado
2025-11-24,Catalina,Quiroga,34318077,catalina.quiroga@gmail.com,+54 15 2805 6505,IA-400,Deep Learning Aplicado,4,Aprobado
2025-11-24,Paloma,Molina,35284612,paloma.molina@gmail.com,+54 9 3761 4912,UX-100,Diseño de Experiencia de Usuario,2,Desaprobado
2025-11-24,Benjamin,Ortiz,31445923,benjamin.ortiz@gmail.com,+54 9 3491 8793,IA-400,Deep Learning Aplicado,10,Aprobado
2025-11-24,Lucas,Gonzalez,39442545,lucas.gonzalez@gmail.com,+54 9 3241 2757,IA-400,Deep Learning Aplicado,7,Aprobado
2025-11-24,Benjamin,Juarez,47817560,benjamin.juarez25@outlook.com,+54 9 3875 1564,IA-400,Deep Learning Aplicado,5,Aprobado
2025-11-24,Juan Pablo,Benitez,30163309,juan pablo.benitez@gmail.com,+54 9 3838 2898,DEV-101,Algoritmos I,3,Desaprobado
2025-11-24,Isabella,Ledesma,36600824,isabella.ledesma@gmail.com,+54 15 2938 0878,DAT-305,Big Data & Cloud,1,Desaprobado
2025-11-24,Valentina,Rodriguez,43059176,valentina.rodriguez25@outlook.com,+54 9 3560 5986,NEG-400,Liderazgo y Negociación,5,Aprobado
2025-11-24,Ezequiel,Gonzalez,43597806,ezequiel.gonzalez25@outlook.com,+54 9 3171 3315,GEN-101,Ética y Tecnología,2,Desaprobado
2025-11-24,Malena,Torres,31662806,malena.torres@gmail.com,+54 15 2176 1827,DEV-101,Algoritmos I,3,Desaprobado
2025-11-24,Maria Emilia,Herrera,46892690,maria emilia.herrera25@outlook.com,+54 15 2470 5786,MKT-200,Marketing de Contenidos,10,Aprobado
2025-11-24,Mateo,Barrios,46708439,mateo.barrios25@outlook.com,+54 15 2432 7834,IA-300,Redes Neuronales,3,Desaprobado
2025-11-24,Alfonsina,Quiroga,33582066,alfonsina.quiroga@gmail.com,+54 15 2537 4263,MKT-200,Marketing de Contenidos,4,Aprobado
2025-11-24,Juan Ignacio,Gomez,38531146,juan ignacio.gomez@gmail.com,+54 15 2703 5360,NEG-400,Liderazgo y Negociación,4,Aprobado
2025-11-24,Juan Ignacio,Gimenez,41213341,juan ignacio.gimenez@gmail.com,+54 15 2459 3784,IA-400,Deep Learning Aplicado,4,Aprobado
2025-11-25,Ambar,Ledesma,46024126,ambar.ledesma25@outlook.com,+54 15 2968 7519,MKT-200,Marketing de Contenidos,7,Aprobado
2025-11-25,Lucas,Correa,38967997,lucas.correa@gmail.com,+54 9 3212 2230,NEG-400,Liderazgo y Negociación,9,Aprobado
2025-11-25,Mora,Rojas,32705831,mora.rojas@gmail.com,+54 9 3996 9928,GEN-101,Ética y Tecnología,6,Aprobado
2025-11-25,Morena,Romero,30283834,morena.romero@gmail.com,+54 15 2878 8010,IA-400,Deep Learning Aplicado,6,Aprobado
2025-11-25,Luisina,Gomez,46860457,luisina.gomez25@outlook.com,+54 9 3398 3704,DAT-201,Estadística Avanzada,9,Aprobado
2025-11-25,Agustín,Roldan,40253163,agustín.roldan@gmail.com,+54 15 2136 8544,DEV-101,Algoritmos I,6,Aprobado
2025-11-25,Maite,Ramos,36257669,maite.ramos@gmail.com,+54 15 2136 3807,DAT-305,Big Data & Cloud,10,Aprobado
2025-11-25,Lucas,Rodriguez,45090752,lucas.rodriguez25@outlook.com,+54 9 3928 7601,DAT-305,Big Data & Cloud,10,Aprobado
2025-11-25,Bianca,Martinez,32911130,bianca.martinez@gmail.com,+54 15 2260 9700,DEV-101,Algoritmos I,10,Aprobado
2025-11-25,Julia,Romero,30187041,julia.romero@gmail.com,+54 9 3379 1814,NEG-400,Liderazgo y Negociación,9,Aprobado
2025-11-25,Valentina,Martinez,45459710,valentina.martinez25@outlook.com,+54 15 2676 9164,MKT-200,Marketing de Contenidos,10,Aprobado
2025-11-25,Ian Ezequiel,Farias,45838988,ian ezequiel.farias25@outlook.com,+54 9 3528 9441,MKT-200,Marketing de Contenidos,3,Desaprobado
2025-11-25,Juan Ignacio,Martinez,41785959,juan ignacio.martinez@gmail.com,+54 15 2848 6053,DAT-101,Introducción a los Datos,6,Aprobado
2025-11-25,Josefina,Gonzalez,37458197,josefina.gonzalez@gmail.com,+54 15 2673 8875,NEG-400,Liderazgo y Negociación,4,Aprobado
2025-11-25,Juan Ignacio,Gomez,38531146,juan ignacio.gomez@gmail.com,+54 15 2703 5360,DAT-305,Big Data & Cloud,10,Aprobado
2025-11-25,Lucía,Fernandez,36028849,lucía.fernandez@gmail.com,+54 15 2982 2674,DAT-101,Introducción a los Datos,5,Aprobado
2025-11-25,Santiago,Lucero,44284431,santiago.lucero25@outlook.com,+54 15 2793 1757,DEV-101,Algoritmos I,1,Desaprobado
2025-11-26,Thiago Benjamin,Romero,35450908,thiago benjamin.romero@gmail.com,+54 15 2559 8530,DAT-101,Introducción a los Datos,8,Aprobado
2025-11-26,Juan Bautista,Ortiz,40762250,juan bautista.ortiz@gmail.com,+54 9 3982 9587,DAT-305,Big Data & Cloud,2,Desaprobado
2025-11-26,Guadalupe,Guzman,44998271,guadalupe.guzman25@outlook.com,+54 9 3216 7688,IA-400,Deep Learning Aplicado,4,Aprobado
2025-11-26,Santino Benjamin,Ortiz,41870584,santino benjamin.ortiz@gmail.com,+54 15 2621 4249,IA-400,Deep Learning Aplicado,4,Aprobado
2025-11-26,Martina,Coronel,31864701,martina.coronel@gmail.com,+54 9 3131 6223,MKT-200,Marketing de Contenidos,4,Aprobado
2025-11-26,Santiago Nicolas,Miranda,38393487,santiago nicolas.miranda@gmail.com,+54 9 3320 6037,UX-100,Diseño de Experiencia de Usuario,3,Desaprobado
2025-11-26,Paula,Ledesma,44651662,paula.ledesma25@outlook.com,+54 9 3286 2293,MKT-200,Marketing de Contenidos,6,Aprobado
2025-11-26,Mora,Gonzalez,40333573,mora.gonzalez@gmail.com,+54 15 2448 6466,DAT-101,Introducción a los Datos,6,Aprobado
2025-11-26,Alma,Rodriguez,39796864,alma.rodriguez@gmail.com,+54 9 3771 9880,DAT-101,Introducción a los Datos,9,Aprobado
2025-11-26,Samuel,Ojeda,43679905,samuel.ojeda25@outlook.com,+54 9 3172 3633,MKT-200,Marketing de Contenidos,4,Aprobado
2025-11-26,Ignacio,Vega,37280564,ignacio.vega@gmail.com,+54 9 3678 9364,UX-100,Diseño de Experiencia de Usuario,6,Aprobado
2025-11-26,Francisco,Ferreyra,40437078,francisco.ferreyra@gmail.com,+54 9 3985 4160,NEG-400,Liderazgo y Negociación,10,Aprobado
2025-11-26,Guadalupe,Guzman,44998271,guadalupe.guzman25@outlook.com,+54 9 3216 7688,DEV-101,Algoritmos I,6,Aprobado
2025-11-26,Thiago,Molina,43537356,thiago.molina25@outlook.com,+54 15 2461 4112,IA-400,Deep Learning Aplicado,3,Desaprobado
2025-11-26,Emma,Fernandez,38040781,emma.fernandez@gmail.com,+54 9 3641 7723,NEG-400,Liderazgo y Negociación,9,Aprobado
2025-11-26,Santiago,Diaz,46585675,santiago.diaz25@outlook.com,+54 15 2586 5948,DAT-101,Introducción a los Datos,7,Aprobado
2025-11-26,Lola,Acuña,35407054,lola.acuña@gmail.com,+54 9 3800 7780,IA-300,Redes Neuronales,5,Aprobado
2025-11-27,Renata,Rodriguez,36331097,renata.rodriguez@gmail.com,+54 9 3260 1158,GEN-101,Ética y Tecnología,7,Aprobado
2025-11-27,Martina,Gimenez,36594251,martina.gimenez@gmail.com,+54 9 3517 9045,DAT-201,Estadística Avanzada,5,Aprobado
2025-11-27,Alma,Fernandez,30820105,alma.fernandez@gmail.com,+54 15 2825 3545,DAT-201,Estadística Avanzada,5,Aprobado
2025-11-27,Samuel,Paez,44986230,samuel.paez25@outlook.com,+54 15 2908 7183,IA-400,Deep Learning Aplicado,2,Desaprobado
2025-11-27,Lautaro,Rios,32170253,lautaro.rios@gmail.com,+54 15 2536 0534,IA-400,Deep Learning Aplicado,5,Aprobado
2025-11-27,Rosario,Aguirre,37098062,rosario.aguirre@gmail.com,+54 15 2104 7961,NEG-400,Liderazgo y Negociación,2,Desaprobado
2025-11-27,Jazmín,Figueroa,38313159,jazmín.figueroa@gmail.com,+54 9 3198 8595,MKT-200,Marketing de Contenidos,8,Aprobado
2025-11-27,Catalina,Gonzalez,31278420,catalina.gonzalez@gmail.com,+54 15 2852 0968,GEN-101,Ética y Tecnología,5,Aprobado
2025-11-27,Mateo Agustin,Torres,35410565,mateo agustin.torres@gmail.com,+54 9 3239 8260,IA-400,Deep Learning Aplicado,8,Aprobado
2025-11-27,Joaquin,Muñoz,46040721,joaquin.muñoz25@outlook.com,+54 15 2714 0499,DAT-101,Introducción a los Datos,3,Desaprobado
2025-11-27,Mateo,Ledesma,45746833,mateo.ledesma25@outlook.com,+54 15 2345 1579,DAT-201,Estadística Avanzada,8,Aprobado
2025-11-27,Lorenzo,Olivera,31221480,lorenzo.olivera@gmail.com,+54 9 3530 8326,IA-400,Deep Learning Aplicado,5,Aprobado
2025-11-27,Juan,Ramirez,33984071,juan.ramirez@gmail.com,+54 15 2725 9320,DAT-305,Big Data & Cloud,7,Aprobado
2025-11-27,Juan Francisco,Cruz,40400092,juan francisco.cruz@gmail.com,+54 9 3864 0213,DAT-305,Big Data & Cloud,6,Aprobado
2025-11-27,Ezequiel,Gonzalez,43597806,ezequiel.gonzalez25@outlook.com,+54 9 3171 3315,DEV-101,Algoritmos I,6,Aprobado
2025-11-27,Rafael,Gutierrez,45704555,rafael.gutierrez25@outlook.com,+54 9 3391 8523,MKT-200,Marketing de Contenidos,8,Aprobado
2025-11-27,Joaquin,Ramos,46271176,joaquin.ramos25@outlook.com,+54 9 3899 8281,MKT-200,Marketing de Contenidos,6,Aprobado
2025-11-27,Valentina,Nuñez,31528900,valentina.nuñez@gmail.com,+54 15 2972 7667,GEN-101,Ética y Tecnología,6,Aprobado
2025-11-27,Ciro,Caceres,36992557,ciro.caceres@gmail.com,+54 9 3996 2042,GEN-101,Ética y Tecnología,4,Aprobado
2025-11-27,Maximo,Ruiz,44923903,maximo.ruiz25@outlook.com,+54 15 2267 5590,NEG-400,Liderazgo y Negociación,8,Aprobado
2025-11-28,Ignacio,Martinez,41016204,ignacio.martinez@gmail.com,+54 9 3892 3689,MKT-200,Marketing de Contenidos,9,Aprobado
2025-11-28,Salvador,Martinez,30858543,salvador.martinez@gmail.com,+54 9 3255 1941,GEN-101,Ética y Tecnología,1,Desaprobado
2025-11-28,Emma,Acosta,31020972,emma.acosta@gmail.com,+54 15 2700 4343,NEG-400,Liderazgo y Negociación,4,Aprobado
2025-11-28,Valentina,Diaz,33962182,valentina.diaz@gmail.com,+54 9 3633 3975,GEN-101,Ética y Tecnología,10,Aprobado
2025-11-28,Jazmin,Flores,33333250,jazmin.flores@gmail.com,+54 15 2786 1126,IA-400,Deep Learning Aplicado,3,Desaprobado
2025-11-28,Nicolas,Coronel,45474619,nicolas.coronel25@outlook.com,+54 9 3111 0312,DAT-201,Estadística Avanzada,6,Aprobado
2025-11-28,Dylan Benjamin,Martinez,30125745,dylan benjamin.martinez@gmail.com,+54 9 3339 9964,UX-100,Diseño de Experiencia de Usuario,6,Aprobado
2025-11-28,Guadalupe,Suarez,44811354,guadalupe.suarez25@outlook.com,+54 15 2203 0506,MKT-200,Marketing de Contenidos,4,Aprobado
2025-11-28,Thiago Gabriel,Torres,43871165,thiago gabriel.torres25@outlook.com,+54 9 3175 5589,DAT-101,Introducción a los Datos,7,Aprobado
2025-11-28,Juan,Ramirez,33984071,juan.ramirez@gmail.com,+54 15 2725 9320,UX-100,Diseño de Experiencia de Usuario,2,Desaprobado
2025-11-28,Bianca,Gimenez,32451951,bianca.gimenez@gmail.com,+54 9 3950 4224,NEG-400,Liderazgo y Negociación,5,Aprobado
2025-11-28,Jazmin,Campos,47678899,jazmin.campos25@outlook.com,+54 15 2399 6526,GEN-101,Ética y Tecnología,3,Desaprobado
2025-11-28,Thiago Benjamin,Perez,44216431,thiago benjamin.perez25@outlook.com,+54 15 2299 6609,GEN-101,Ética y Tecnología,7,Aprobado
2025-11-28,Francisca,Nuñez,38794221,francisca.nuñez@gmail.com,+54 15 2182 3647,DAT-305,Big Data & Cloud,7,Aprobado
2025-11-28,Lola,Hernandez,47762723,lola.hernandez25@outlook.com,+54 9 3317 5298,MKT-200,Marketing de Contenidos,10,Aprobado
2025-11-28,Nicolas,Pereyra,36701529,nicolas.pereyra@gmail.com,+54 15 2753 1008,UX-100,Diseño de Experiencia de Usuario,4,Aprobado
2025-11-28,Thiago Nahuel,Muñoz,43671566,thiago nahuel.muñoz25@outlook.com,+54 9 3757 7861,DAT-305,Big Data & Cloud,8,Aprobado
2025-11-28,Delfina,Ferreyra,41234886,delfina.ferreyra@gmail.com,+54 15 2273 1519,MKT-200,Marketing de Contenidos,10,Aprobado
2025-11-28,Luciano,Gonzalez,46170762,luciano.gonzalez25@outlook.com,+54 15 2284 2891,MKT-200,Marketing de Contenidos,10,Aprobado
2025-11-28,Ana Paula,Ruiz,31492591,ana paula.ruiz@gmail.com,+54 15 2573 3008,DAT-101,Introducción a los Datos,4,Aprobado
2025-11-28,Uma,Martinez,43889224,uma.martinez25@outlook.com,+54 9 3161 3837,DAT-305,Big Data & Cloud,1,Desaprobado
2025-11-28,Sol,Rojas,31961540,sol.rojas@gmail.com,+54 9 3770 9067,IA-400,Deep Learning Aplicado,3,Desaprobado
2025-11-28,Luciana,Caceres,41671067,luciana.caceres@gmail.com,+54 9 3975 2743,DAT-201,Estadística Avanzada,9,Aprobado
2025-11-28,Mateo,Mansilla,32839194,mateo.mansilla@gmail.com,+54 9 3965 8085,IA-400,Deep Learning Aplicado,9,Aprobado
2025-11-28,Benjamin,Paz,30766010,benjamin.paz@gmail.com,+54 15 2729 5916,IA-400,Deep Learning Aplicado,3,Desaprobado
2025-11-29,Juan Martin,Silva,47162613,juan martin.silva25@outlook.com,+54 15 2873 0424,DAT-201,Estadística Avanzada,4,Aprobado
2025-11-29,Agustin,Gimenez,39996815,agustin.gimenez@gmail.com,+54 15 2269 2834,IA-400,Deep Learning Aplicado,5,Aprobado
2025-11-29,Alma,Sanchez,34316765,alma.sanchez@gmail.com,+54 15 2426 3934,GEN-101,Ética y Tecnología,6,Aprobado
2025-11-29,Ignacio,Avila,39195104,ignacio.avila@gmail.com,+54 15 2473 6581,GEN-101,Ética y Tecnología,10,Aprobado
2025-11-29,Renata,Dominguez,39160706,renata.dominguez@gmail.com,+54 9 3981 3766,MKT-200,Marketing de Contenidos,5,Aprobado
2025-11-29,Juan Cruz,Garcia,46858102,juan cruz.garcia25@outlook.com,+54 9 3422 9990,DAT-101,Introducción a los Datos,10,Aprobado
2025-11-29,Emilia,Rivero,33247551,emilia.rivero@gmail.com,+54 9 3135 7659,IA-300,Redes Neuronales,6,Aprobado
2025-11-29,Lautaro Ezequiel,Miranda,41289442,lautaro ezequiel.miranda@gmail.com,+54 9 3967 1656,IA-400,Deep Learning Aplicado,10,Aprobado
2025-11-29,Emilia,Sanchez,37981847,emilia.sanchez@gmail.com,+54 15 2933 1339,UX-100,Diseño de Experiencia de Usuario,8,Aprobado
2025-11-29,Nahuel,Perez,37596799,nahuel.perez@gmail.com,+54 15 2482 1862,DAT-101,Introducción a los Datos,3,Desaprobado
2025-11-29,Bruno,Rodriguez,44343339,bruno.rodriguez25@outlook.com,+54 15 2462 5981,MKT-200,Marketing de Contenidos,4,Aprobado
2025-11-30,Mia Valentina,Herrera,37131375,mia valentina.herrera@gmail.com,+54 9 3790 9344,MKT-200,Marketing de Contenidos,9,Aprobado
2025-11-30,Mateo Benjamin,Ruiz,32997790,mateo benjamin.ruiz@gmail.com,+54 15 2316 2089,DAT-201,Estadística Avanzada,7,Aprobado
2025-11-30,Nahuel,Ojeda,30958838,nahuel.ojeda@gmail.com,+54 9 3892 4032,DEV-101,Algoritmos I,7,Aprobado
2025-11-30,Bruno,Rodriguez,44343339,bruno.rodriguez25@outlook.com,+54 15 2462 5981,IA-400,Deep Learning Aplicado,1,Desaprobado
2025-11-30,Agustina,Blanco,43744263,agustina.blanco25@outlook.com,+54 9 3703 5683,DAT-305,Big Data & Cloud,5,Aprobado
2025-11-30,Catalina,Romero,33594873,catalina.romero@gmail.com,+54 15 2835 4023,DAT-305,Big Data & Cloud,8,Aprobado
2025-11-30,Constantino,Acosta,34057124,constantino.acosta@gmail.com,+54 9 3853 6227,IA-400,Deep Learning Aplicado,7,Aprobado
2025-11-30,Emma,Fernandez,38040781,emma.fernandez@gmail.com,+54 9 3641 7723,DAT-305,Big Data & Cloud,10,Aprobado
2025-11-30,Mateo,Sanchez,38310176,mateo.sanchez@gmail.com,+54 9 3677 5459,MKT-200,Marketing de Contenidos,1,Desaprobado
2025-11-30,Luciana,Moreno,37351522,luciana.moreno@gmail.com,+54 9 3606 2624,GEN-101,Ética y Tecnología,2,Desaprobado
2025-11-30,Julia,Garcia,34341037,julia.garcia@gmail.com,+54 9 3642 4333,MKT-200,Marketing de Contenidos,8,Aprobado
2025-11-30,Alejo,Gonzalez,35147199,alejo.gonzalez@gmail.com,+54 15 2428 8396,NEG-400,Liderazgo y Negociación,6,Aprobado
2025-11-30,Joaquin,Molina,47186211,joaquin.molina25@outlook.com,+54 15 2295 8022,GEN-101,Ética y Tecnología,4,Aprobado
2025-11-30,Bruno,Rodriguez,44343339,bruno.rodriguez25@outlook.com,+54 15 2462 5981,DAT-101,Introducción a los Datos,7,Aprobado
2025-11-30,Luisina,Gomez,46860457,luisina.gomez25@outlook.com,+54 9 3398 3704,NEG-400,Liderazgo y Negociación,1,Desaprobado
2025-11-30,Zoe,Perez,33397920,zoe.perez@gmail.com,+54 15 2971 5023,DAT-101,Introducción a los Datos,4,Aprobado
2025-11-30,Guillermina,Ruiz,32130223,guillermina.ruiz@gmail.com,+54 15 2589 7617,IA-300,Redes Neuronales,3,Desaprobado
2025-11-30,Julia,Rodriguez,44064200,julia.rodriguez25@outlook.com,+54 9 3294 0259,DAT-305,Big Data & Cloud,6,Aprobado
2025-11-30,Simon,Maldonado,37725025,simon.maldonado@gmail.com,+54 9 3878 7089,IA-300,Redes Neuronales,2,Desaprobado
2025-11-30,Martina,Ortiz,41626422,martina.ortiz@gmail.com,+54 9 3988 4195,GEN-101,Ética y Tecnología,2,Desaprobado
2025-11-30,Lautaro,Gomez,34873483,lautaro.gomez@gmail.com,+54 15 2591 4004,GEN-101,Ética y Tecnología,3,Desaprobado
2025-11-30,Bruno,Blanco,36583358,bruno.blanco@gmail.com,+54 15 2312 6065,GEN-101,Ética y Tecnología,3,Desaprobado
2025-11-30,Victoria,Pereyra,31748817,victoria.pereyra@gmail.com,+54 15 2850 7128,GEN-101,Ética y Tecnología,9,Aprobado
2025-12-01,Facundo,Maldonado,43506692,facundo.maldonado25@outlook.com,+54 9 3181 0506,DAT-305,Big Data & Cloud,8,Aprobado
2025-12-01,Ignacio,Martinez,41016204,ignacio.martinez@gmail.com,+54 9 3892 3689,IA-400,Deep Learning Aplicado,8,Aprobado
2025-12-01,Julia,Romero,30187041,julia.romero@gmail.com,+54 9 3379 1814,IA-400,Deep Learning Aplicado,8,Aprobado
2025-12-01,Santiago Nicolas,Miranda,38393487,santiago nicolas.miranda@gmail.com,+54 9 3320 6037,NEG-400,Liderazgo y Negociación,10,Aprobado
2025-12-01,Mia,Rios,44111228,mia.rios25@outlook.com,+54 15 2412 3733,IA-300,Redes Neuronales,7,Aprobado
2025-12-01,Thiago,Castro,39040140,thiago.castro@gmail.com,+54 9 3610 6463,IA-400,Deep Learning Aplicado,6,Aprobado
2025-12-01,Bautista,Velazquez,39255922,bautista.velazquez@gmail.com,+54 15 2339 6181,MKT-200,Marketing de Contenidos,1,Desaprobado
2025-12-01,Kiara,Nuñez,44454123,kiara.nuñez25@outlook.com,+54 9 3406 6420,IA-400,Deep Learning Aplicado,3,Desaprobado
2025-12-01,Santiago,Soto,35683885,santiago.soto@gmail.com,+54 15 2971 7254,MKT-200,Marketing de Contenidos,8,Aprobado
2025-12-01,Josefina,Herrera,37763133,josefina.herrera@gmail.com,+54 9 3576 3256,GEN-101,Ética y Tecnología,9,Aprobado
2025-12-01,Camila,Rios,37039481,camila.rios@gmail.com,+54 15 2438 9612,GEN-101,Ética y Tecnología,5,Aprobado
2025-12-01,Priscila,Muñoz,47731681,priscila.muñoz25@outlook.com,+54 9 3757 5948,GEN-101,Ética y Tecnología,9,Aprobado
2025-12-01,Sofia,Romero,43399661,sofia.romero25@outlook.com,+54 15 2966 2869,IA-300,Redes Neuronales,1,Desaprobado
2025-12-01,Bastian,Barrios,44442488,bastian.barrios25@outlook.com,+54 15 2852 6514,IA-400,Deep Learning Aplicado,3,Desaprobado
2025-12-01,Santino,Benitez,32821847,santino.benitez@gmail.com,+54 15 2380 1070,NEG-400,Liderazgo y Negociación,2,Desaprobado
2025-12-01,Morena Jazmin,Gomez,39820530,morena jazmin.gomez@gmail.com,+54 15 2599 8329,DAT-305,Big Data & Cloud,2,Desaprobado
2025-12-02,Tomas,Leiva,36996781,tomas.leiva@gmail.com,+54 15 2713 1844,GEN-101,Ética y Tecnología,4,Aprobado
2025-12-02,Juan Ignacio,Perez,46698472,juan ignacio.perez25@outlook.com,+54 15 2119 2004,DEV-101,Algoritmos I,3,Desaprobado
2025-12-02,Sara,Sosa,41396027,sara.sosa@gmail.com,+54 15 2628 3735,DAT-305,Big Data & Cloud,2,Desaprobado
2025-12-02,Sol,Gonzalez,44488443,sol.gonzalez25@outlook.com,+54 15 2888 6502,DAT-101,Introducción a los Datos,10,Aprobado
2025-12-02,Valentina,Nuñez,31528900,valentina.nuñez@gmail.com,+54 15 2972 7667,DEV-101,Algoritmos I,1,Desaprobado
2025-12-02,Mia Jazmin,Aguirre,41782307,mia jazmin.aguirre@gmail.com,+54 15 2872 4371,MKT-200,Marketing de Contenidos,6,Aprobado
2025-12-02,Sebastian,Blanco,43711417,sebastian.blanco25@outlook.com,+54 9 3772 0801,UX-100,Diseño de Experiencia de Usuario,6,Aprobado
2025-12-02,Constanza,Gutierrez,45041443,constanza.gutierrez25@outlook.com,+54 9 3234 4070,DAT-201,Estadística Avanzada,3,Desaprobado
2025-12-02,Alejo,Juarez,34353357,alejo.juarez@gmail.com,+54 15 2977 7774,IA-300,Redes Neuronales,3,Desaprobado
2025-12-02,Ana Paula,Pereyra,34785335,ana paula.pereyra@gmail.com,+54 15 2960 0575,DEV-101,Algoritmos I,8,Aprobado
2025-12-02,Luca,Gonzalez,35419862,luca.gonzalez@gmail.com,+54 9 3700 9146,DAT-101,Introducción a los Datos,4,Aprobado
2025-12-02,Gonzalo,Silva,30271801,gonzalo.silva@gmail.com,+54 9 3180 3146,UX-100,Diseño de Experiencia de Usuario,9,Aprobado
2025-12-02,Giuliana,Campos,43542829,giuliana.campos25@outlook.com,+54 15 2374 6730,MKT-200,Marketing de Contenidos,4,Aprobado
2025-12-02,Manuel,Romero,33818954,manuel.romero@gmail.com,+54 9 3255 1342,GEN-101,Ética y Tecnología,6,Aprobado
2025-12-02,Clara,Carrizo,47221206,clara.carrizo25@outlook.com,+54 15 2569 5576,GEN-101,Ética y Tecnología,5,Aprobado
2025-12-02,Benjamin,Ramos,30362736,benjamin.ramos@gmail.com,+54 9 3633 1683,DAT-101,Introducción a los Datos,8,Aprobado
2025-12-02,Luna,Peralta,38452657,luna.peralta@gmail.com,+54 9 3304 4049,GEN-101,Ética y Tecnología,4,Aprobado
2025-12-02,Zoe,Vera,30506698,zoe.vera@gmail.com,+54 9 3787 7001,DAT-201,Estadística Avanzada,4,Aprobado
2025-12-02,Salvador,Ramos,41907942,salvador.ramos@gmail.com,+54 9 3774 3820,IA-400,Deep Learning Aplicado,3,Desaprobado
2025-12-02,Lara,Fernandez,47993064,lara.fernandez25@outlook.com,+54 9 3584 5179,DAT-201,Estadística Avanzada,3,Desaprobado
2025-12-02,Francisco,Rodriguez,32550613,francisco.rodriguez@gmail.com,+54 9 3844 9374,IA-300,Redes Neuronales,3,Desaprobado
2025-12-02,Joaquin,Pereyra,38714246,joaquin.pereyra@gmail.com,+54 9 3239 6010,MKT-200,Marketing de Contenidos,3,Desaprobado
2025-12-02,Lucía,Sosa,43624314,lucía.sosa25@outlook.com,+54 15 2724 3920,DAT-101,Introducción a los Datos,6,Aprobado
2025-12-02,Malena,Torres,31662806,malena.torres@gmail.com,+54 15 2176 1827,GEN-101,Ética y Tecnología,2,Desaprobado
2025-12-02,Juan Ignacio,Navarro,31510273,juan ignacio.navarro@gmail.com,+54 9 3212 7446,IA-400,Deep Learning Aplicado,4,Aprobado
2025-12-02,Tobias,Cruz,39220415,tobias.cruz@gmail.com,+54 9 3555 5056,DAT-305,Big Data & Cloud,3,Desaprobado
2025-12-03,Agustin,Lopez,34793173,agustin.lopez@gmail.com,+54 15 2998 3196,DAT-201,Estadística Avanzada,1,Desaprobado
2025-12-03,Thiago Lionel,Romero,30020248,thiago lionel.romero@gmail.com,+54 15 2363 6671,UX-100,Diseño de Experiencia de Usuario,8,Aprobado
2025-12-03,Thiago Joaquin,Ruiz,30416964,thiago joaquin.ruiz@gmail.com,+54 15 2632 7060,IA-300,Redes Neuronales,8,Aprobado
2025-12-03,Santino,Duarte,41815317,santino.duarte@gmail.com,+54 15 2268 9888,DAT-305,Big Data & Cloud,3,Desaprobado
2025-12-03,Francisco,Gonzalez,32860968,francisco.gonzalez@gmail.com,+54 9 3321 6241,IA-400,Deep Learning Aplicado,9,Aprobado
2025-12-03,Tiziana,Fernandez,30674136,tiziana.fernandez@gmail.com,+54 9 3122 2104,IA-400,Deep Learning Aplicado,4,Aprobado
2025-12-03,Juana,Garcia,35199789,juana.garcia@gmail.com,+54 15 2910 1928,IA-400,Deep Learning Aplicado,4,Aprobado
2025-12-03,Delfina,Diaz,35038799,delfina.diaz@gmail.com,+54 15 2637 9283,DEV-101,Algoritmos I,2,Desaprobado
2025-12-03,Benicio,Acosta,35207049,benicio.acosta@gmail.com,+54 9 3912 1163,DEV-101,Algoritmos I,2,Desaprobado
2025-12-03,Juan Ignacio,Flores,45499218,juan ignacio.flores25@outlook.com,+54 15 2417 6495,MKT-200,Marketing de Contenidos,1,Desaprobado
2025-12-03,Elena,Luna,44965151,elena.luna25@outlook.com,+54 9 3178 3640,GEN-101,Ética y Tecnología,8,Aprobado
2025-12-03,Joaquin,Ramos,46271176,joaquin.ramos25@outlook.com,+54 9 3899 8281,NEG-400,Liderazgo y Negociación,6,Aprobado
2025-12-03,Martina,Ortiz,41626422,martina.ortiz@gmail.com,+54 9 3988 4195,DAT-305,Big Data & Cloud,4,Aprobado
2025-12-04,Thiago Leonel,Villalba,32965831,thiago leonel.villalba@gmail.com,+54 9 3572 0626,IA-300,Redes Neuronales,10,Aprobado
2025-12-04,Candela,Acosta,47864391,candela.acosta25@outlook.com,+54 9 3397 9100,IA-400,Deep Learning Aplicado,1,Desaprobado
2025-12-04,Tiziano,Franco,46435125,tiziano.franco25@outlook.com,+54 15 2381 1987,GEN-101,Ética y Tecnología,7,Aprobado
2025-12-04,Micaela,Rodriguez,43678310,micaela.rodriguez25@outlook.com,+54 9 3700 6729,UX-100,Diseño de Experiencia de Usuario,5,Aprobado
2025-12-04,Valentina,Rios,32581169,valentina.rios@gmail.com,+54 15 2447 0353,GEN-101,Ética y Tecnología,4,Aprobado
2025-12-04,Lautaro Benjamin,Gimenez,35330350,lautaro benjamin.gimenez@gmail.com,+54 15 2728 5441,NEG-400,Liderazgo y Negociación,1,Desaprobado
2025-12-04,Antonio,Ramirez,40102789,antonio.ramirez@gmail.com,+54 9 3710 7301,DAT-305,Big Data & Cloud,5,Aprobado
2025-12-04,Mateo,Cabrera,45177328,mateo.cabrera25@outlook.com,+54 9 3616 0407,DAT-305,Big Data & Cloud,3,Desaprobado
2025-12-04,Juan Francisco,Torres,45694620,juan francisco.torres25@outlook.com,+54 9 3762 4736,NEG-400,Liderazgo y Negociación,1,Desaprobado
2025-12-04,Valentino,Cabrera,44544802,valentino.cabrera25@outlook.com,+54 15 2156 5497,DAT-305,Big Data & Cloud,1,Desaprobado
2025-12-04,Ciro,Caceres,36992557,ciro.caceres@gmail.com,+54 9 3996 2042,DAT-305,Big Data & Cloud,1,Desaprobado
2025-12-04,Amparo,Pereyra,35115152,amparo.pereyra@gmail.com,+54 9 3249 7262,IA-300,Redes Neuronales,9,Aprobado
2025-12-04,Bianca,Miranda,31531992,bianca.miranda@gmail.com,+54 15 2921 0384,DEV-101,Algoritmos I,4,Aprobado
2025-12-04,Martina,Medina,33614240,martina.medina@gmail.com,+54 9 3418 2700,DAT-201,Estadística Avanzada,8,Aprobado
2025-12-04,Juan Ignacio,Rojas,32816822,juan ignacio.rojas@gmail.com,+54 15 2535 4047,IA-400,Deep Learning Aplicado,3,Desaprobado
2025-12-04,Samuel,Gomez,45865176,samuel.gomez25@outlook.com,+54 15 2951 2629,DAT-201,Estadística Avanzada,8,Aprobado
2025-12-04,Agustín,Maldonado,33084765,agustín.maldonado@gmail.com,+54 15 2392 6791,DAT-101,Introducción a los Datos,2,Desaprobado
2025-12-05,Lara,Peralta,32171676,lara.peralta@gmail.com,+54 15 2143 7730,NEG-400,Liderazgo y Negociación,2,Desaprobado
2025-12-05,Thiago,Villalba,39107282,thiago.villalba@gmail.com,+54 9 3639 4235,UX-100,Diseño de Experiencia de Usuario,4,Aprobado
2025-12-05,Emma,Perez,31528064,emma.perez@gmail.com,+54 15 2736 1269,DAT-201,Estadística Avanzada,4,Aprobado
2025-12-05,Juan Ignacio,Gimenez,41213341,juan ignacio.gimenez@gmail.com,+54 15 2459 3784,MKT-200,Marketing de Contenidos,6,Aprobado
2025-12-05,Juana,Maldonado,35532629,juana.maldonado@gmail.com,+54 9 3613 1037,DAT-201,Estadística Avanzada,9,Aprobado
2025-12-05,Sol,Gonzalez,44488443,sol.gonzalez25@outlook.com,+54 15 2888 6502,DAT-101,Introducción a los Datos,5,Aprobado
2025-12-05,Alma,Lopez,46833655,alma.lopez25@outlook.com,+54 9 3581 7858,NEG-400,Liderazgo y Negociación,10,Aprobado
2025-12-05,Paloma,Diaz,32031851,paloma.diaz@gmail.com,+54 9 3555 3916,IA-300,Redes Neuronales,8,Aprobado
2025-12-05,Abigail,Bravo,45225711,abigail.bravo25@outlook.com,+54 9 3623 4808,DEV-101,Algoritmos I,9,Aprobado
2025-12-05,Santino,Lopez,43991288,santino.lopez25@outlook.com,+54 15 2139 5310,MKT-200,Marketing de Contenidos,5,Aprobado
2025-12-05,Sofía,Barrios,33641153,sofía.barrios@gmail.com,+54 15 2274 4875,UX-100,Diseño de Experiencia de Usuario,9,Aprobado
2025-12-05,Maria Paz,Velazquez,30377321,maria paz.velazquez@gmail.com,+54 15 2953 8715,DAT-305,Big Data & Cloud,5,Aprobado
2025-12-05,Lorenzo,Luna,44415606,lorenzo.luna25@outlook.com,+54 9 3621 2073,DAT-201,Estadística Avanzada,8,Aprobado
2025-12-05,Angel Gabriel,Lopez,41083641,angel gabriel.lopez@gmail.com,+54 9 3311 3545,MKT-200,Marketing de Contenidos,7,Aprobado
2025-12-05,Valentina,Rodriguez,43059176,valentina.rodriguez25@outlook.com,+54 9 3560 5986,DEV-101,Algoritmos I,8,Aprobado
2025-12-05,Julieta,Sanchez,34355689,julieta.sanchez@gmail.com,+54 15 2191 1477,DAT-305,Big Data & Cloud,2,Desaprobado
2025-12-06,Lucio,Lucero,43558573,lucio.lucero25@outlook.com,+54 9 3267 0444,NEG-400,Liderazgo y Negociación,3,Desaprobado
2025-12-06,Felipe,Fernandez,40235116,felipe.fernandez@gmail.com,+54 9 3491 3591,NEG-400,Liderazgo y Negociación,8,Aprobado
2025-12-06,Luca,Gonzalez,35419862,luca.gonzalez@gmail.com,+54 9 3700 9146,IA-400,Deep Learning Aplicado,4,Aprobado
2025-12-06,Manuel,Romero,33818954,manuel.romero@gmail.com,+54 9 3255 1342,DAT-305,Big Data & Cloud,8,Aprobado
2025-12-06,Genaro,Paz,45709038,genaro.paz25@outlook.com,+54 9 3459 0626,UX-100,Diseño de Experiencia de Usuario,7,Aprobado
2025-12-06,Bautista,Velazquez,39255922,bautista.velazquez@gmail.com,+54 15 2339 6181,IA-300,Redes Neuronales,7,Aprobado
2025-12-06,Felipe,Ledesma,31898350,felipe.ledesma@gmail.com,+54 9 3828 9935,GEN-101,Ética y Tecnología,9,Aprobado
2025-12-06,Victoria,Gonzalez,47404191,victoria.gonzalez25@outlook.com,+54 9 3626 4680,DAT-201,Estadística Avanzada,3,Desaprobado
2025-12-06,Josefina,Gonzalez,40269989,josefina.gonzalez@gmail.com,+54 15 2375 8291,DAT-305,Big Data & Cloud,6,Aprobado
2025-12-06,Santiago,Sosa,44820591,santiago.sosa25@outlook.com,+54 15 2610 9863,NEG-400,Liderazgo y Negociación,5,Aprobado
2025-12-06,Juan Ignacio,Martinez,41785959,juan ignacio.martinez@gmail.com,+54 15 2848 6053,DAT-305,Big Data & Cloud,6,Aprobado
2025-12-06,Octavio,Sanchez,36510557,octavio.sanchez@gmail.com,+54 15 2784 3007,UX-100,Diseño de Experiencia de Usuario,5,Aprobado
2025-12-06,Gino,Farias,39278348,gino.farias@gmail.com,+54 9 3368 2775,DEV-101,Algoritmos I,2,Desaprobado
2025-12-06,Elena,Rodriguez,47906696,elena.rodriguez25@outlook.com,+54 15 2465 1291,GEN-101,Ética y Tecnología,6,Aprobado
2025-12-06,Sofia,Duarte,41006133,sofia.duarte@gmail.com,+54 9 3387 6360,DEV-101,Algoritmos I,1,Desaprobado
2025-12-06,Santiago,Diaz,46585675,santiago.diaz25@outlook.com,+54 15 2586 5948,UX-100,Diseño de Experiencia de Usuario,8,Aprobado
2025-12-06,Valentin,Caceres,47217063,valentin.caceres25@outlook.com,+54 15 2415 2665,GEN-101,Ética y Tecnología,7,Aprobado
2025-12-06,Ignacio,Martinez,46564562,ignacio.martinez25@outlook.com,+54 15 2866 3121,DAT-201,Estadística Avanzada,1,Desaprobado
2025-12-06,Juan Ignacio,Sanchez,47044309,juan ignacio.sanchez25@outlook.com,+54 9 3610 4834,IA-400,Deep Learning Aplicado,3,Desaprobado
2025-12-06,Thiago Gabriel,Fernandez,34729179,thiago gabriel.fernandez@gmail.com,+54 9 3770 9681,IA-400,Deep Learning Aplicado,5,Aprobado
2025-12-06,Lucas,Gonzalez,39442545,lucas.gonzalez@gmail.com,+54 9 3241 2757,DAT-201,Estadística Avanzada,3,Desaprobado
2025-12-06,Bianca,Torres,37584867,bianca.torres@gmail.com,+54 9 3666 0592,DAT-101,Introducción a los Datos,10,Aprobado
2025-12-06,Tomàs,Martinez,31081090,tomàs.martinez@gmail.com,+54 9 3259 2795,DAT-201,Estadística Avanzada,10,Aprobado
2025-12-06,Amparo,Pereyra,35115152,amparo.pereyra@gmail.com,+54 9 3249 7262,DEV-101,Algoritmos I,3,Desaprobado
2025-12-06,Emiliano,Sosa,47206312,emiliano.sosa25@outlook.com,+54 9 3306 8299,GEN-101,Ética y Tecnología,9,Aprobado
2025-12-06,Francesco,Maidana,33816707,francesco.maidana@gmail.com,+54 9 3874 8874,DAT-305,Big Data & Cloud,9,Aprobado
2025-12-06,Benjamin,Franco,47163691,benjamin.franco25@outlook.com,+54 9 3701 0029,NEG-400,Liderazgo y Negociación,5,Aprobado
2025-12-06,Lola,Hernandez,47762723,lola.hernandez25@outlook.com,+54 9 3317 5298,DAT-201,Estadística Avanzada,6,Aprobado
2025-12-06,Lucía ,Blanco,46828583,lucía .blanco25@outlook.com,+54 9 3174 5167,NEG-400,Liderazgo y Negociación,2,Desaprobado
2025-12-06,Valentino,Gonzalez,33229738,valentino.gonzalez@gmail.com,+54 15 2268 3184,GEN-101,Ética y Tecnología,2,Desaprobado
2025-12-07,Sofía,Barrios,33641153,sofía.barrios@gmail.com,+54 15 2274 4875,IA-300,Redes Neuronales,10,Aprobado
2025-12-07,Luca,Gonzalez,32805911,luca.gonzalez@gmail.com,+54 15 2843 9079,UX-100,Diseño de Experiencia de Usuario,3,Desaprobado
2025-12-07,Nahuel,Ojeda,30958838,nahuel.ojeda@gmail.com,+54 9 3892 4032,DAT-305,Big Data & Cloud,9,Aprobado
2025-12-07,Benjamin,Gomez,46411752,benjamin.gomez25@outlook.com,+54 15 2160 7932,IA-300,Redes Neuronales,2,Desaprobado
2025-12-07,Sol,Gonzalez,44488443,sol.gonzalez25@outlook.com,+54 15 2888 6502,IA-300,Redes Neuronales,4,Aprobado
2025-12-07,Gael,Medina,37952540,gael.medina@gmail.com,+54 9 3322 6257,MKT-200,Marketing de Contenidos,3,Desaprobado
2025-12-07,Sofia,Rodriguez,45619097,sofia.rodriguez25@outlook.com,+54 9 3816 8140,UX-100,Diseño de Experiencia de Usuario,9,Aprobado
2025-12-07,Juan Ignacio,Gomez,40401825,juan ignacio.gomez@gmail.com,+54 9 3163 0057,DAT-305,Big Data & Cloud,5,Aprobado
2025-12-07,Paloma,Gonzalez,34888999,paloma.gonzalez@gmail.com,+54 9 3840 2726,DAT-101,Introducción a los Datos,9,Aprobado
2025-12-07,Matias,Moreno,40531804,matias.moreno@gmail.com,+54 15 2572 0376,DEV-101,Algoritmos I,8,Aprobado
2025-12-07,Victoria,Martinez,32166416,victoria.martinez@gmail.com,+54 15 2837 3508,IA-300,Redes Neuronales,6,Aprobado
2025-12-07,Jazmin,Alvarez,43331228,jazmin.alvarez25@outlook.com,+54 15 2825 2186,NEG-400,Liderazgo y Negociación,10,Aprobado
2025-12-07,Martina,Lopez,46890428,martina.lopez25@outlook.com,+54 15 2191 0910,IA-300,Redes Neuronales,7,Aprobado
2025-12-07,Sofia,Duarte,41006133,sofia.duarte@gmail.com,+54 9 3387 6360,NEG-400,Liderazgo y Negociación,6,Aprobado
2025-12-07,Ian Ezequiel,Farias,45838988,ian ezequiel.farias25@outlook.com,+54 9 3528 9441,DAT-305,Big Data & Cloud,4,Aprobado
2025-12-08,Tomàs,Lopez,32658531,tomàs.lopez@gmail.com,+54 15 2929 0955,GEN-101,Ética y Tecnología,1,Desaprobado
2025-12-08,Lola,Valdez,39412125,lola.valdez@gmail.com,+54 9 3115 0663,IA-300,Redes Neuronales,4,Aprobado
2025-12-08,Simon,Castro,41337962,simon.castro@gmail.com,+54 9 3846 2409,DAT-101,Introducción a los Datos,1,Desaprobado
2025-12-08,Renata,Benitez,44754301,renata.benitez25@outlook.com,+54 9 3242 9792,DAT-101,Introducción a los Datos,2,Desaprobado
2025-12-08,Maximo,Nuñez,38030283,maximo.nuñez@gmail.com,+54 9 3820 5865,DEV-101,Algoritmos I,7,Aprobado
2025-12-08,Guadalupe,Luna,33143242,guadalupe.luna@gmail.com,+54 9 3766 6689,IA-300,Redes Neuronales,8,Aprobado
2025-12-08,Alma,Vargas,31803019,alma.vargas@gmail.com,+54 9 3878 8179,IA-300,Redes Neuronales,2,Desaprobado
2025-12-08,Julian,Gimenez,44176621,julian.gimenez25@outlook.com,+54 9 3139 3290,NEG-400,Liderazgo y Negociación,7,Aprobado
2025-12-08,Genaro,Caceres,41398180,genaro.caceres@gmail.com,+54 9 3872 1544,NEG-400,Liderazgo y Negociación,9,Aprobado
2025-12-08,Fausto,Gutierrez,46518516,fausto.gutierrez25@outlook.com,+54 9 3720 5245,GEN-101,Ética y Tecnología,8,Aprobado
2025-12-08,Valentina,Mendez,40204911,valentina.mendez@gmail.com,+54 9 3144 8911,DAT-305,Big Data & Cloud,5,Aprobado
2025-12-08,Tiziano Valentin,Aguirre,36848058,tiziano valentin.aguirre@gmail.com,+54 15 2434 8788,DAT-305,Big Data & Cloud,1,Desaprobado
2025-12-08,Juliana,Lopez,32839404,juliana.lopez@gmail.com,+54 15 2948 1879,DEV-101,Algoritmos I,2,Desaprobado
2025-12-08,Mateo Joaquin,Diaz,40756585,mateo joaquin.diaz@gmail.com,+54 15 2848 6512,IA-400,Deep Learning Aplicado,2,Desaprobado
2025-12-08,Juan Pablo,Sanchez,44786123,juan pablo.sanchez25@outlook.com,+54 9 3589 8719,DAT-101,Introducción a los Datos,1,Desaprobado
2025-12-08,Catalina,Acosta,46538783,catalina.acosta25@outlook.com,+54 9 3854 4998,MKT-200,Marketing de Contenidos,2,Desaprobado
2025-12-08,Jazmin,Cabrera,35470566,jazmin.cabrera@gmail.com,+54 9 3362 8341,NEG-400,Liderazgo y Negociación,9,Aprobado
2025-12-08,Thiago,Villalba,39107282,thiago.villalba@gmail.com,+54 9 3639 4235,UX-100,Diseño de Experiencia de Usuario,10,Aprobado
2025-12-08,Juan Pablo,Benitez,30163309,juan pablo.benitez@gmail.com,+54 9 3838 2898,GEN-101,Ética y Tecnología,5,Aprobado
2025-12-08,Emilia,Cardozo,30703214,emilia.cardozo@gmail.com,+54 9 3875 1081,DAT-305,Big Data & Cloud,4,Aprobado
2025-12-08,Jazmin,Cabrera,35470566,jazmin.cabrera@gmail.com,+54 9 3362 8341,DEV-101,Algoritmos I,7,Aprobado
2025-12-09,Santino,Navarro,43174343,santino.navarro25@outlook.com,+54 15 2768 3375,UX-100,Diseño de Experiencia de Usuario,10,Aprobado
2025-12-09,Sol,Gonzalez,44488443,sol.gonzalez25@outlook.com,+54 15 2888 6502,UX-100,Diseño de Experiencia de Usuario,4,Aprobado
2025-12-09,Bautista,Ortiz,35383408,bautista.ortiz@gmail.com,+54 15 2586 7544,MKT-200,Marketing de Contenidos,10,Aprobado
2025-12-09,Clara,Muñoz,32108581,clara.muñoz@gmail.com,+54 15 2753 2952,NEG-400,Liderazgo y Negociación,10,Aprobado
2025-12-09,Camila,Rios,37039481,camila.rios@gmail.com,+54 15 2438 9612,IA-400,Deep Learning Aplicado,2,Desaprobado
2025-12-09,Luciana,Caceres,41671067,luciana.caceres@gmail.com,+54 9 3975 2743,DEV-101,Algoritmos I,3,Desaprobado
2025-12-09,Dante,Castillo,44407218,dante.castillo25@outlook.com,+54 9 3640 3279,DAT-305,Big Data & Cloud,6,Aprobado
2025-12-09,Mora,Moreno,32318137,mora.moreno@gmail.com,+54 9 3220 2564,NEG-400,Liderazgo y Negociación,7,Aprobado
2025-12-09,Lucía,Sosa,46263687,lucía.sosa25@outlook.com,+54 15 2397 3742,GEN-101,Ética y Tecnología,3,Desaprobado
2025-12-09,Agustina,Blanco,43744263,agustina.blanco25@outlook.com,+54 9 3703 5683,DAT-101,Introducción a los Datos,8,Aprobado
2025-12-09,Alma,Lopez,46833655,alma.lopez25@outlook.com,+54 9 3581 7858,GEN-101,Ética y Tecnología,1,Desaprobado
2025-12-09,Valentino,Ferreyra,33088513,valentino.ferreyra@gmail.com,+54 15 2279 1991,UX-100,Diseño de Experiencia de Usuario,3,Desaprobado
2025-12-09,Francesco,Maidana,33816707,francesco.maidana@gmail.com,+54 9 3874 8874,UX-100,Diseño de Experiencia de Usuario,7,Aprobado
2025-12-09,Uma,Martinez,43889224,uma.martinez25@outlook.com,+54 9 3161 3837,NEG-400,Liderazgo y Negociación,2,Desaprobado
2025-12-09,Benjamin,Romero,44242960,benjamin.romero25@outlook.com,+54 9 3617 8558,DAT-101,Introducción a los Datos,3,Desaprobado
2025-12-09,Emiliano,Sosa,47206312,emiliano.sosa25@outlook.com,+54 9 3306 8299,MKT-200,Marketing de Contenidos,6,Aprobado
2025-12-10,Lara,Gonzalez,43605753,lara.gonzalez25@outlook.com,+54 15 2479 7242,DAT-101,Introducción a los Datos,5,Aprobado
2025-12-10,Bianca,Arias,38773709,bianca.arias@gmail.com,+54 15 2889 8252,DAT-201,Estadística Avanzada,5,Aprobado
2025-12-10,Isabella,Rojas,45311516,isabella.rojas25@outlook.com,+54 15 2924 3437,MKT-200,Marketing de Contenidos,6,Aprobado
2025-12-10,Alma,Martinez,32201924,alma.martinez@gmail.com,+54 15 2111 3316,DAT-201,Estadística Avanzada,9,Aprobado
2025-12-10,Valentina,Ramirez,31076430,valentina.ramirez@gmail.com,+54 9 3645 1465,MKT-200,Marketing de Contenidos,2,Desaprobado
2025-12-10,Benjamin,Torres,37286941,benjamin.torres@gmail.com,+54 9 3554 1110,DAT-201,Estadística Avanzada,2,Desaprobado
2025-12-10,Candela,Luna,40989234,candela.luna@gmail.com,+54 15 2644 5274,IA-300,Redes Neuronales,9,Aprobado
2025-12-10,Emma,Rojas,35844073,emma.rojas@gmail.com,+54 9 3697 8656,DAT-201,Estadística Avanzada,2,Desaprobado
2025-12-10,Sofía,Fernandez,40116733,sofía.fernandez@gmail.com,+54 15 2508 2621,IA-300,Redes Neuronales,4,Aprobado
2025-12-10,Bianca,Dominguez,45153061,bianca.dominguez25@outlook.com,+54 15 2946 2035,UX-100,Diseño de Experiencia de Usuario,4,Aprobado
2025-12-10,Emilia,Sanchez,37981847,emilia.sanchez@gmail.com,+54 15 2933 1339,DEV-101,Algoritmos I,2,Desaprobado
2025-12-10,Luz Milagros,Paz,36156003,luz milagros.paz@gmail.com,+54 9 3142 1931,DAT-101,Introducción a los Datos,3,Desaprobado
2025-12-10,Felipe,Luna,46382860,felipe.luna25@outlook.com,+54 15 2795 1038,UX-100,Diseño de Experiencia de Usuario,9,Aprobado
2025-12-10,Agustín,Maldonado,33084765,agustín.maldonado@gmail.com,+54 15 2392 6791,DAT-201,Estadística Avanzada,9,Aprobado
2025-12-10,Valentino,Gonzalez,33229738,valentino.gonzalez@gmail.com,+54 15 2268 3184,NEG-400,Liderazgo y Negociación,4,Aprobado
2025-12-11,Bianca,Gimenez,32451951,bianca.gimenez@gmail.com,+54 9 3950 4224,GEN-101,Ética y Tecnología,2,Desaprobado
2025-12-11,Juan Manuel,Castillo,37527174,juan manuel.castillo@gmail.com,+54 9 3864 3217,IA-400,Deep Learning Aplicado,9,Aprobado
2025-12-11,Martina,Medina,33614240,martina.medina@gmail.com,+54 9 3418 2700,GEN-101,Ética y Tecnología,8,Aprobado
2025-12-11,Luciana,Ruiz,41023707,luciana.ruiz@gmail.com,+54 15 2381 6292,NEG-400,Liderazgo y Negociación,6,Aprobado
2025-12-11,Mia Jazmin,Aguirre,41782307,mia jazmin.aguirre@gmail.com,+54 15 2872 4371,DAT-305,Big Data & Cloud,9,Aprobado
2025-12-11,Zoe Valentina,Molina,35310111,zoe valentina.molina@gmail.com,+54 9 3792 5384,NEG-400,Liderazgo y Negociación,6,Aprobado
2025-12-11,Luciana,Caceres,41671067,luciana.caceres@gmail.com,+54 9 3975 2743,DAT-201,Estadística Avanzada,8,Aprobado
2025-12-11,Santiago,Lucero,44284431,santiago.lucero25@outlook.com,+54 15 2793 1757,IA-300,Redes Neuronales,2,Desaprobado
2025-12-11,Mia Valentina,Gomez,39407484,mia valentina.gomez@gmail.com,+54 15 2229 9819,IA-400,Deep Learning Aplicado,10,Aprobado
2025-12-11,Alfonsina,Ramos,39733145,alfonsina.ramos@gmail.com,+54 15 2392 8879,DAT-201,Estadística Avanzada,6,Aprobado
2025-12-11,Máximo,Dominguez,46193548,máximo.dominguez25@outlook.com,+54 9 3467 4424,DAT-305,Big Data & Cloud,1,Desaprobado
2025-12-12,Bruno,Castro,47983613,bruno.castro25@outlook.com,+54 15 2812 7578,DAT-101,Introducción a los Datos,9,Aprobado
2025-12-12,Ambar,Romero,38417833,ambar.romero@gmail.com,+54 9 3547 1543,DEV-101,Algoritmos I,6,Aprobado
2025-12-12,Juana,Juarez,46780927,juana.juarez25@outlook.com,+54 15 2786 6426,DEV-101,Algoritmos I,8,Aprobado
2025-12-12,Tomàs,Gonzalez,40998609,tomàs.gonzalez@gmail.com,+54 9 3448 1992,DAT-101,Introducción a los Datos,5,Aprobado
2025-12-12,Valentino,Moreno,33191684,valentino.moreno@gmail.com,+54 9 3965 5837,DEV-101,Algoritmos I,4,Aprobado
2025-12-12,Isabella,Perez,40774819,isabella.perez@gmail.com,+54 9 3748 9884,DEV-101,Algoritmos I,9,Aprobado
2025-12-12,Abril,Molina,43281049,abril.molina25@outlook.com,+54 9 3904 1124,GEN-101,Ética y Tecnología,3,Desaprobado
2025-12-12,Benjamin,Juarez,47817560,benjamin.juarez25@outlook.com,+54 9 3875 1564,IA-300,Redes Neuronales,2,Desaprobado
2025-12-12,Francisco,Garcia,30205757,francisco.garcia@gmail.com,+54 9 3175 2323,DAT-201,Estadística Avanzada,4,Aprobado
2025-12-12,Salvador,Fernandez,43254348,salvador.fernandez25@outlook.com,+54 9 3626 8718,GEN-101,Ética y Tecnología,9,Aprobado
2025-12-12,Tomas,Pereyra,31206140,tomas.pereyra@gmail.com,+54 9 3797 5403,GEN-101,Ética y Tecnología,5,Aprobado
2025-12-12,Constanza,Avila,46649401,constanza.avila25@outlook.com,+54 9 3819 4368,GEN-101,Ética y Tecnología,6,Aprobado
2025-12-12,Maria Emilia,Herrera,35054932,maria emilia.herrera@gmail.com,+54 9 3252 6002,IA-400,Deep Learning Aplicado,2,Desaprobado
2025-12-13,Nahiara,Miranda,39473672,nahiara.miranda@gmail.com,+54 15 2698 1134,DEV-101,Algoritmos I,3,Desaprobado
2025-12-13,Santino,Vargas,43831919,santino.vargas25@outlook.com,+54 15 2824 6183,NEG-400,Liderazgo y Negociación,5,Aprobado
2025-12-13,Thiago Agustin,Luna,47969954,thiago agustin.luna25@outlook.com,+54 9 3384 3131,DAT-201,Estadística Avanzada,4,Aprobado
2025-12-13,Guillermina,Sosa,30649167,guillermina.sosa@gmail.com,+54 15 2849 9225,MKT-200,Marketing de Contenidos,3,Desaprobado
2025-12-13,Maria Guadalupe,Alvarez,32986537,maria guadalupe.alvarez@gmail.com,+54 15 2709 5950,NEG-400,Liderazgo y Negociación,10,Aprobado
2025-12-13,Ignacio,Blanco,45679679,ignacio.blanco25@outlook.com,+54 9 3818 2260,GEN-101,Ética y Tecnología,8,Aprobado
2025-12-13,Jeronimo,Gomez,38589344,jeronimo.gomez@gmail.com,+54 15 2594 0236,DAT-101,Introducción a los Datos,3,Desaprobado
2025-12-13,Vicente,Gonzalez,31136038,vicente.gonzalez@gmail.com,+54 15 2971 1423,DAT-305,Big Data & Cloud,5,Aprobado
2025-12-13,Martina,Romero,34294158,martina.romero@gmail.com,+54 9 3618 8488,GEN-101,Ética y Tecnología,2,Desaprobado
2025-12-13,Malena,Torres,31662806,malena.torres@gmail.com,+54 15 2176 1827,IA-300,Redes Neuronales,3,Desaprobado
2025-12-13,Sofia,Romero,43399661,sofia.romero25@outlook.com,+54 15 2966 2869,DAT-101,Introducción a los Datos,4,Aprobado
2025-12-13,Thiago Joaquin,Rodriguez,32099939,thiago joaquin.rodriguez@gmail.com,+54 15 2145 7655,NEG-400,Liderazgo y Negociación,7,Aprobado
2025-12-13,Francisco,Castillo,34411929,francisco.castillo@gmail.com,+54 9 3931 3382,DAT-101,Introducción a los Datos,8,Aprobado
2025-12-13,Simon,Villalba,44492127,simon.villalba25@outlook.com,+54 9 3597 2076,DAT-101,Introducción a los Datos,8,Aprobado
2025-12-13,Manuel,Romero,33818954,manuel.romero@gmail.com,+54 9 3255 1342,UX-100,Diseño de Experiencia de Usuario,9,Aprobado
2025-12-13,Lucia,Vargas,46965600,lucia.vargas25@outlook.com,+54 15 2303 7009,NEG-400,Liderazgo y Negociación,8,Aprobado
2025-12-13,Tiziano,Gomez,33792064,tiziano.gomez@gmail.com,+54 15 2343 7952,IA-400,Deep Learning Aplicado,2,Desaprobado
2025-12-13,Nahiara Jazmin,Sanchez,46637531,nahiara jazmin.sanchez25@outlook.com,+54 9 3476 8211,DAT-101,Introducción a los Datos,2,Desaprobado
2025-12-13,Bianca,Soria,30395149,bianca.soria@gmail.com,+54 9 3777 1138,MKT-200,Marketing de Contenidos,9,Aprobado
2025-12-14,Lautaro Benjamin,Paz,35218002,lautaro benjamin.paz@gmail.com,+54 15 2423 7428,UX-100,Diseño de Experiencia de Usuario,1,Desaprobado
2025-12-14,Lisandro,Pereyra,40283838,lisandro.pereyra@gmail.com,+54 9 3211 8821,DAT-305,Big Data & Cloud,3,Desaprobado
2025-12-14,Jeremias,Figueroa,33568791,jeremias.figueroa@gmail.com,+54 15 2577 0480,GEN-101,Ética y Tecnología,5,Aprobado
2025-12-14,Ciro Benjamin,Juarez,44811661,ciro benjamin.juarez25@outlook.com,+54 15 2447 6107,DAT-201,Estadística Avanzada,1,Desaprobado
2025-12-14,Sofia,Sanchez,43276053,sofia.sanchez25@outlook.com,+54 15 2563 6859,NEG-400,Liderazgo y Negociación,10,Aprobado
2025-12-14,Victoria,Pereyra,31748817,victoria.pereyra@gmail.com,+54 15 2850 7128,DEV-101,Algoritmos I,9,Aprobado
2025-12-14,Morena Jazmin,Gomez,39820530,morena jazmin.gomez@gmail.com,+54 15 2599 8329,IA-300,Redes Neuronales,1,Desaprobado
2025-12-14,Alma,Gonzalez,47199896,alma.gonzalez25@outlook.com,+54 15 2874 1707,NEG-400,Liderazgo y Negociación,10,Aprobado
2025-12-14,Juan Martin,Alvarez,44827801,juan martin.alvarez25@outlook.com,+54 15 2714 8261,DAT-101,Introducción a los Datos,10,Aprobado
2025-12-14,Elena,Rodriguez,47906696,elena.rodriguez25@outlook.com,+54 15 2465 1291,GEN-101,Ética y Tecnología,10,Aprobado
2025-12-14,Lisandro,Ruiz,34627342,lisandro.ruiz@gmail.com,+54 15 2711 2919,DAT-101,Introducción a los Datos,2,Desaprobado
2025-12-14,Tomas,Rodriguez,41818271,tomas.rodriguez@gmail.com,+54 9 3256 7760,DEV-101,Algoritmos I,5,Aprobado
2025-12-14,Francisco,Correa,30677244,francisco.correa@gmail.com,+54 15 2954 2808,DEV-101,Algoritmos I,6,Aprobado
2025-12-14,Uma,Castro,33714793,uma.castro@gmail.com,+54 15 2383 1242,IA-300,Redes Neuronales,8,Aprobado
2025-12-14,Tiziano Valentin,Aguirre,36848058,tiziano valentin.aguirre@gmail.com,+54 15 2434 8788,GEN-101,Ética y Tecnología,5,Aprobado
2025-12-14,Juan Pablo,Hernandez,38955588,juan pablo.hernandez@gmail.com,+54 9 3472 8072,MKT-200,Marketing de Contenidos,4,Aprobado
2025-12-14,Luciana,Moreno,37351522,luciana.moreno@gmail.com,+54 9 3606 2624,DAT-201,Estadística Avanzada,5,Aprobado
2025-12-14,Lara,Peralta,32171676,lara.peralta@gmail.com,+54 15 2143 7730,IA-300,Redes Neuronales,1,Desaprobado
2025-12-14,Juan Bautista,Gomez,34148661,juan bautista.gomez@gmail.com,+54 15 2994 1501,IA-300,Redes Neuronales,1,Desaprobado
2025-12-14,Santino,Vazquez,35643961,santino.vazquez@gmail.com,+54 9 3923 3922,IA-400,Deep Learning Aplicado,2,Desaprobado
2025-12-15,Julieta,Quiroga,38964128,julieta.quiroga@gmail.com,+54 15 2997 1411,IA-300,Redes Neuronales,6,Aprobado
2025-12-15,Martina,Ledesma,31355414,martina.ledesma@gmail.com,+54 15 2859 7962,GEN-101,Ética y Tecnología,9,Aprobado
2025-12-15,Bautista,Soto,44381082,bautista.soto25@outlook.com,+54 15 2377 2963,DAT-305,Big Data & Cloud,10,Aprobado
2025-12-15,Bastian,Barrios,44442488,bastian.barrios25@outlook.com,+54 15 2852 6514,NEG-400,Liderazgo y Negociación,2,Desaprobado
2025-12-15,Gonzalo,Moyano,30789190,gonzalo.moyano@gmail.com,+54 9 3825 1992,GEN-101,Ética y Tecnología,9,Aprobado
2025-12-15,Alma Valentina,Rojas,44224033,alma valentina.rojas25@outlook.com,+54 9 3918 6431,NEG-400,Liderazgo y Negociación,2,Desaprobado
2025-12-15,Maximo,Aguirre,44904960,maximo.aguirre25@outlook.com,+54 9 3213 8249,IA-300,Redes Neuronales,9,Aprobado
2025-12-15,Martina,Martinez,33610212,martina.martinez@gmail.com,+54 9 3261 8643,UX-100,Diseño de Experiencia de Usuario,5,Aprobado
2025-12-15,Lara,Gonzalez,43605753,lara.gonzalez25@outlook.com,+54 15 2479 7242,IA-400,Deep Learning Aplicado,10,Aprobado
2025-12-15,Victoria,Suarez,31485455,victoria.suarez@gmail.com,+54 15 2118 3034,GEN-101,Ética y Tecnología,3,Desaprobado
2025-12-15,Mateo,Cabrera,45177328,mateo.cabrera25@outlook.com,+54 9 3616 0407,DEV-101,Algoritmos I,6,Aprobado
2025-12-15,Tomàs,Arias,47103537,tomàs.arias25@outlook.com,+54 9 3586 8949,UX-100,Diseño de Experiencia de Usuario,6,Aprobado
2025-12-15,Tomàs,Morales,33507272,tomàs.morales@gmail.com,+54 15 2129 0851,DEV-101,Algoritmos I,1,Desaprobado
2025-12-15,Abigail,Bravo,45225711,abigail.bravo25@outlook.com,+54 9 3623 4808,IA-400,Deep Learning Aplicado,5,Aprobado
2025-12-15,Priscila,Gonzalez,32966903,priscila.gonzalez@gmail.com,+54 9 3910 5293,UX-100,Diseño de Experiencia de Usuario,2,Desaprobado
2025-12-15,Maximiliano,Dominguez,46909132,maximiliano.dominguez25@outlook.com,+54 15 2754 8219,DEV-101,Algoritmos I,2,Desaprobado
2025-12-15,Julieta,Gomez,39752062,julieta.gomez@gmail.com,+54 15 2874 1381,IA-400,Deep Learning Aplicado,6,Aprobado
2025-12-15,Jazmin,Martinez,33742338,jazmin.martinez@gmail.com,+54 9 3250 5960,DEV-101,Algoritmos I,4,Aprobado
2025-12-15,Ignacio,Maidana,30430162,ignacio.maidana@gmail.com,+54 15 2590 5842,MKT-200,Marketing de Contenidos,10,Aprobado
2025-12-15,Ignacio,Aguirre,45066439,ignacio.aguirre25@outlook.com,+54 9 3179 5575,IA-300,Redes Neuronales,1,Desaprobado
2025-12-15,Martina,Fernandez,40916647,martina.fernandez@gmail.com,+54 15 2289 9356,DAT-201,Estadística Avanzada,9,Aprobado
2025-12-15,Santino,Torres,44182964,santino.torres25@outlook.com,+54 9 3959 2093,DAT-201,Estadística Avanzada,4,Aprobado
2025-12-15,Gael,Miranda,43521267,gael.miranda25@outlook.com,+54 15 2753 6899,GEN-101,Ética y Tecnología,3,Desaprobado
2025-12-15,Benjamin,Rodriguez,37119833,benjamin.rodriguez@gmail.com,+54 9 3143 9690,MKT-200,Marketing de Contenidos,4,Aprobado
2025-12-16,Francesca,Diaz,30394856,francesca.diaz@gmail.com,+54 15 2611 0727,IA-300,Redes Neuronales,3,Desaprobado
2025-12-16,Ignacio,Herrera,35809204,ignacio.herrera@gmail.com,+54 15 2197 8926,DAT-305,Big Data & Cloud,5,Aprobado
2025-12-16,Luca,Gonzalez,32805911,luca.gonzalez@gmail.com,+54 15 2843 9079,DAT-101,Introducción a los Datos,3,Desaprobado
2025-12-16,Lautaro Nicolas,Ramirez,30381511,lautaro nicolas.ramirez@gmail.com,+54 15 2193 5157,UX-100,Diseño de Experiencia de Usuario,7,Aprobado
2025-12-16,Santiago,Mendoza,30382587,santiago.mendoza@gmail.com,+54 9 3200 6730,DEV-101,Algoritmos I,9,Aprobado
2025-12-16,Lautaro Benjamin,Garcia,40967959,lautaro benjamin.garcia@gmail.com,+54 9 3115 2589,NEG-400,Liderazgo y Negociación,1,Desaprobado
2025-12-16,Luana,Martinez,45417606,luana.martinez25@outlook.com,+54 9 3215 1578,GEN-101,Ética y Tecnología,10,Aprobado
2025-12-16,Agustin,Moreno,38622475,agustin.moreno@gmail.com,+54 9 3950 0522,DAT-101,Introducción a los Datos,8,Aprobado
2025-12-16,Joaquina,Coronel,38869750,joaquina.coronel@gmail.com,+54 9 3954 2767,DAT-305,Big Data & Cloud,5,Aprobado
2025-12-16,Sol,Rojas,31961540,sol.rojas@gmail.com,+54 9 3770 9067,DEV-101,Algoritmos I,2,Desaprobado
2025-12-16,Thiago Leonel,Gonzalez,32480780,thiago leonel.gonzalez@gmail.com,+54 9 3881 9373,DAT-305,Big Data & Cloud,2,Desaprobado
2025-12-16,Genaro,Paz,45709038,genaro.paz25@outlook.com,+54 9 3459 0626,GEN-101,Ética y Tecnología,7,Aprobado
2025-12-16,Mia,Paez,36304118,mia.paez@gmail.com,+54 15 2723 1546,MKT-200,Marketing de Contenidos,10,Aprobado
2025-12-16,Ian,Morales,30781172,ian.morales@gmail.com,+54 15 2845 5090,DAT-101,Introducción a los Datos,5,Aprobado
2025-12-16,Catalina,Acuña,47983495,catalina.acuña25@outlook.com,+54 9 3473 6039,GEN-101,Ética y Tecnología,1,Desaprobado
2025-12-16,Felipe,Ledesma,31898350,felipe.ledesma@gmail.com,+54 9 3828 9935,IA-300,Redes Neuronales,5,Aprobado
2025-12-16,Jeremias,Moyano,33127447,jeremias.moyano@gmail.com,+54 9 3386 7942,DAT-305,Big Data & Cloud,5,Aprobado
2025-12-17,Juan,Ramirez,33984071,juan.ramirez@gmail.com,+54 15 2725 9320,GEN-101,Ética y Tecnología,1,Desaprobado
2025-12-17,Juana,Chavez,30283080,juana.chavez@gmail.com,+54 15 2112 2240,DEV-101,Algoritmos I,1,Desaprobado
2025-12-17,Mateo,Bustos,45150526,mateo.bustos25@outlook.com,+54 15 2689 4844,GEN-101,Ética y Tecnología,2,Desaprobado
2025-12-17,Thiago Agustin,Luna,47969954,thiago agustin.luna25@outlook.com,+54 9 3384 3131,DAT-201,Estadística Avanzada,6,Aprobado
2025-12-17,Victoria,Fernandez,30851248,victoria.fernandez@gmail.com,+54 9 3532 4132,MKT-200,Marketing de Contenidos,3,Desaprobado
2025-12-17,Benjamin,Carrizo,37840610,benjamin.carrizo@gmail.com,+54 9 3290 3920,MKT-200,Marketing de Contenidos,1,Desaprobado
2025-12-17,Luisina,Gomez,46860457,luisina.gomez25@outlook.com,+54 9 3398 3704,MKT-200,Marketing de Contenidos,7,Aprobado
2025-12-17,Juan Cruz,Flores,31349203,juan cruz.flores@gmail.com,+54 9 3845 1594,NEG-400,Liderazgo y Negociación,7,Aprobado
2025-12-17,Francisco,Gonzalez,32860968,francisco.gonzalez@gmail.com,+54 9 3321 6241,GEN-101,Ética y Tecnología,1,Desaprobado
2025-12-17,Candela,Luna,40989234,candela.luna@gmail.com,+54 15 2644 5274,DAT-305,Big Data & Cloud,5,Aprobado
2025-12-17,Clara,Gomez,34935270,clara.gomez@gmail.com,+54 15 2637 3974,MKT-200,Marketing de Contenidos,3,Desaprobado
2025-12-17,Martina,Castro,41904080,martina.castro@gmail.com,+54 15 2431 2243,DAT-305,Big Data & Cloud,7,Aprobado
2025-12-17,Alexander,Fernandez,37918142,alexander.fernandez@gmail.com,+54 15 2326 2785,DAT-101,Introducción a los Datos,4,Aprobado
2025-12-17,Emilia,Diaz,45847470,emilia.diaz25@outlook.com,+54 15 2879 4945,DAT-305,Big Data & Cloud,6,Aprobado
2025-12-17,Bastian,Fernandez,33320861,bastian.fernandez@gmail.com,+54 9 3905 6663,DAT-305,Big Data & Cloud,7,Aprobado
2025-12-17,Uma ,Chavez,30186819,uma .chavez@gmail.com,+54 15 2368 9480,GEN-101,Ética y Tecnología,5,Aprobado
2025-12-18,Lucía ,Fernandez,31177427,lucía .fernandez@gmail.com,+54 15 2914 3080,DAT-305,Big Data & Cloud,10,Aprobado
2025-12-18,Olivia,Ramirez,45041476,olivia.ramirez25@outlook.com,+54 15 2567 1752,IA-400,Deep Learning Aplicado,2,Desaprobado
2025-12-18,Juana,Chavez,30283080,juana.chavez@gmail.com,+54 15 2112 2240,DAT-101,Introducción a los Datos,3,Desaprobado
2025-12-18,Valentina,Nuñez,31528900,valentina.nuñez@gmail.com,+54 15 2972 7667,DAT-101,Introducción a los Datos,3,Desaprobado
2025-12-18,Catalina,Rodriguez,38531623,catalina.rodriguez@gmail.com,+54 9 3727 8330,DEV-101,Algoritmos I,4,Aprobado
2025-12-18,Joaquin,Herrera,40287807,joaquin.herrera@gmail.com,+54 15 2323 1233,MKT-200,Marketing de Contenidos,3,Desaprobado
2025-12-18,Maximiliano,Moreno,34364066,maximiliano.moreno@gmail.com,+54 9 3974 4314,IA-300,Redes Neuronales,9,Aprobado
2025-12-18,Benicio,Garcia,46920666,benicio.garcia25@outlook.com,+54 9 3620 6998,MKT-200,Marketing de Contenidos,5,Aprobado
2025-12-18,Catalina,Ferreyra,45563814,catalina.ferreyra25@outlook.com,+54 9 3912 0137,IA-400,Deep Learning Aplicado,7,Aprobado
2025-12-18,Mia,Rios,44111228,mia.rios25@outlook.com,+54 15 2412 3733,IA-400,Deep Learning Aplicado,7,Aprobado
2025-12-18,Sofia Belen,Castillo,39579172,sofia belen.castillo@gmail.com,+54 9 3249 4706,DAT-305,Big Data & Cloud,9,Aprobado
2025-12-18,Jazmin,Cabrera,35470566,jazmin.cabrera@gmail.com,+54 9 3362 8341,DEV-101,Algoritmos I,10,Aprobado
2025-12-18,Jazmin,Campos,47678899,jazmin.campos25@outlook.com,+54 15 2399 6526,UX-100,Diseño de Experiencia de Usuario,10,Aprobado
2025-12-18,Joaquin,Herrera,40287807,joaquin.herrera@gmail.com,+54 15 2323 1233,DAT-305,Big Data & Cloud,9,Aprobado
2025-12-18,Catalina,Gonzalez,35077928,catalina.gonzalez@gmail.com,+54 9 3275 8507,MKT-200,Marketing de Contenidos,10,Aprobado
2025-12-18,Jazmin,Acosta,47022459,jazmin.acosta25@outlook.com,+54 9 3135 5420,DAT-101,Introducción a los Datos,4,Aprobado
2025-12-18,Miguel Angel,Lucero,45890411,miguel angel.lucero25@outlook.com,+54 15 2766 2715,DAT-305,Big Data & Cloud,4,Aprobado
2025-12-18,Catalina,Romero,33594873,catalina.romero@gmail.com,+54 15 2835 4023,DAT-101,Introducción a los Datos,3,Desaprobado
2025-12-18,Benjamin,Lopez,34290854,benjamin.lopez@gmail.com,+54 15 2284 8412,GEN-101,Ética y Tecnología,3,Desaprobado
2025-12-18,Mateo,Juarez,39961417,mateo.juarez@gmail.com,+54 9 3482 7033,UX-100,Diseño de Experiencia de Usuario,8,Aprobado
2025-12-18,Carmela,Ledesma,43624806,carmela.ledesma25@outlook.com,+54 9 3870 6600,MKT-200,Marketing de Contenidos,5,Aprobado
2025-12-18,Mora,Gonzalez,31181222,mora.gonzalez@gmail.com,+54 15 2521 0276,UX-100,Diseño de Experiencia de Usuario,2,Desaprobado
2025-12-19,Angelina,Ruiz,35033683,angelina.ruiz@gmail.com,+54 9 3449 5457,NEG-400,Liderazgo y Negociación,1,Desaprobado
2025-12-19,Clara,Medina,30483176,clara.medina@gmail.com,+54 9 3844 5967,DAT-305,Big Data & Cloud,10,Aprobado
2025-12-19,Rosario,Peralta,37335497,rosario.peralta@gmail.com,+54 15 2481 8075,IA-300,Redes Neuronales,10,Aprobado
2025-12-19,Nahiara,Acosta,46775879,nahiara.acosta25@outlook.com,+54 9 3247 3179,DAT-201,Estadística Avanzada,6,Aprobado
2025-12-19,Bianca,Alvarez,39231072,bianca.alvarez@gmail.com,+54 15 2274 2808,GEN-101,Ética y Tecnología,10,Aprobado
2025-12-19,Lucía,Diaz,45488677,lucía.diaz25@outlook.com,+54 15 2301 7703,GEN-101,Ética y Tecnología,2,Desaprobado
2025-12-19,Luciano Benjamin,Ramos,30064860,luciano benjamin.ramos@gmail.com,+54 9 3267 2391,DAT-101,Introducción a los Datos,6,Aprobado
2025-12-19,Bautista Benjamin,Sosa,37679372,bautista benjamin.sosa@gmail.com,+54 9 3430 3693,MKT-200,Marketing de Contenidos,3,Desaprobado
2025-12-19,Nicolas,Martinez,44512365,nicolas.martinez25@outlook.com,+54 15 2284 1152,GEN-101,Ética y Tecnología,8,Aprobado
2025-12-19,Ambar,Martinez,41641503,ambar.martinez@gmail.com,+54 15 2263 4099,DEV-101,Algoritmos I,9,Aprobado
2025-12-19,Gonzalo,Silva,30271801,gonzalo.silva@gmail.com,+54 9 3180 3146,GEN-101,Ética y Tecnología,5,Aprobado
2025-12-19,Martina,Ferreyra,43344838,martina.ferreyra25@outlook.com,+54 15 2727 0701,DAT-101,Introducción a los Datos,7,Aprobado
2025-12-19,Maria Paz,Rodriguez,44264848,maria paz.rodriguez25@outlook.com,+54 15 2242 9492,DAT-201,Estadística Avanzada,5,Aprobado
2025-12-19,Santiago Nicolas,Ponce,40950154,santiago nicolas.ponce@gmail.com,+54 9 3841 4023,DAT-305,Big Data & Cloud,8,Aprobado
2025-12-19,Nicolas,Martinez,44512365,nicolas.martinez25@outlook.com,+54 15 2284 1152,UX-100,Diseño de Experiencia de Usuario,10,Aprobado
2025-12-19,Guillermina,Garcia,36542829,guillermina.garcia@gmail.com,+54 15 2957 3056,IA-400,Deep Learning Aplicado,2,Desaprobado
2025-12-19,Renzo,Rodriguez,43492230,renzo.rodriguez25@outlook.com,+54 9 3387 6333,DAT-201,Estadística Avanzada,1,Desaprobado
2025-12-19,Simon,Garcia,32139544,simon.garcia@gmail.com,+54 15 2106 5300,DAT-201,Estadística Avanzada,5,Aprobado
2025-12-19,Maria Guadalupe,Alvarez,32986537,maria guadalupe.alvarez@gmail.com,+54 15 2709 5950,DAT-305,Big Data & Cloud,7,Aprobado
2025-12-19,Agustin,Gimenez,39996815,agustin.gimenez@gmail.com,+54 15 2269 2834,NEG-400,Liderazgo y Negociación,3,Desaprobado
