Fecha_Examen,Nombre,Apellido,DNI,Email,Telefono,Codigo_Materia,Nombre_Materia,Nota,Estado
2024-03-01,Bastian,Torres,45147679,bastian.torres@outlook.com,+54 9 2120 6852,GEN-101,Ética y Tecnología,10,Aprobado
2024-03-01,Valentina,Paz,33789545,valentina.paz@gmail.com,+54 9 2627 6570,DAT-201,Estadística Avanzada,1,Desaprobado
2024-03-01,Guadalupe,Coronel,34250668,guadalupe.coronel@yahoo.com,+54 9 3594 5990,DEV-101,Algoritmos I,7,Aprobado
2024-03-01,Camilo,Acosta,41943395,camilo.acosta@yahoo.com,+54 9 3164 7718,GEN-101,Ética y Tecnología,8,Aprobado
2024-03-01,Luciana,Rodriguez,37706458,luciana.rodriguez@yahoo.com,+54 9 2168 5585,IA-300,Redes Neuronales,5,Aprobado
2024-03-01,Luna,Suarez,30309712,luna.suarez@hotmail.com,+54 9 2833 8901,NEG-400,Liderazgo y Negociación,3,Desaprobado
2024-03-02,Morena,Romero,43539600,,+54 9 2431 8055,NEG-400,Liderazgo y Negociación,5,Aprobado
2024-03-02,Máximo,Rodriguez,32343092,maximo.rodriguez@yahoo.com,+54 9 2693 4828,MKT-200,Marketing de Contenidos,3,Desaprobado
2024-03-02,Mateo,Moreno,45688788,mateo.moreno@hotmail.com,+54 9 3709 2027,DAT-201,Estadística Avanzada,10,Aprobado
2024-03-02,Mateo,Dominguez,45130131,mateo.dominguez@hotmail.com,+54 9 2147 5969,IA-300,Redes Neuronales,8,Aprobado
2024-03-02,Geronimo,Soria,41111676,geronimo.soria@gmail.com,+54 9 3145 1502,DAT-201,Estadística Avanzada,2,Desaprobado
2024-03-02,Milagros,Soria,44047721,,+54 9 3617 8080,MKT-200,Marketing de Contenidos,4,Aprobado
2024-03-02,Tomàs,Gonzalez,37513790,tomas.gonzalez@hotmail.com,+54 9 2501 9384,UX-100,Diseño de Experiencia de Usuario,5,Aprobado
2024-03-02,Martina,Gomez,43449566,martina.gomez@hotmail.com,+54 9 3561 0521,DEV-101,Algoritmos I,6,Aprobado
2024-03-03,Benjamin,Molina,31303564,benjamin.molina@gmail.com,+54 9 3624 3883,DAT-201,Estadística Avanzada,6,Aprobado
2024-03-03,Tomàs,Sanchez,39074649,tomas.sanchez@outlook.com,+54 9 2177 5226,DEV-101,Algoritmos I,9,Aprobado
2024-03-03,Alexander,Soto,30542692,alexander.soto@yahoo.com,+54 9 3295 3328,NEG-400,Liderazgo y Negociación,10,Aprobado
2024-03-03,Valentin,Alvarez,34508314,valentin.alvarez@yahoo.com,+54 9 2368 3900,NEG-400,Liderazgo y Negociación,10,Aprobado
2024-03-03,Lautaro,Sosa,38811418,lautaro.sosa@outlook.com,+54 9 3409 7570,NEG-400,Liderazgo y Negociación,6,Aprobado
2024-03-03,Juan Martin,Rodriguez,35891432,juan.martin.rodriguez@yahoo.com,+54 9 2905 1290,DAT-101,Introducción a los Datos,3,Desaprobado
2024-03-04,Ludmila,Lopez,36163868,ludmila.lopez@gmail.com,+54 9 2343 3079,DAT-101,Introducción a los Datos,7,Aprobado
2024-03-04,Dante,Romero,38677145,dante.romero@outlook.com,+54 9 2961 0720,DEV-101,Algoritmos I,4,Aprobado
2024-03-04,Milena,Suarez,32971550,milena.suarez@yahoo.com,+54 9 3191 4580,UX-100,Diseño de Experiencia de Usuario,3,Desaprobado
2024-03-04,Tomàs,Juarez,30348701,tomas.juarez@yahoo.com,+54 9 2950 1285,IA-300,Redes Neuronales,9,Aprobado
2024-03-04,Benjamin,Hernandez,41944353,benjamin.hernandez@outlook.com,+54 9 2219 9785,DAT-101,Introducción a los Datos,7,Aprobado
2024-03-04,Santino,Gonzalez,44313136,santino.gonzalez@hotmail.com,+54 9 2861 3870,DAT-101,Introducción a los Datos,2,Desaprobado
2024-03-04,Thiago Nicolas,Roldan,31763113,thiago.nicolas.roldan@outlook.com,+54 9 2597 1174,UX-100,Diseño de Experiencia de Usuario,4,Aprobado
2024-03-05,Violeta,Suarez,37085503,violeta.suarez@gmail.com,+54 9 3945 4441,DEV-101,Algoritmos I,2,Desaprobado
2024-03-05,Faustino,Suarez,40578248,faustino.suarez@yahoo.com,+54 9 3577 8183,MKT-200,Marketing de Contenidos,10,Aprobado
2024-03-05,Valentino,Suarez,33541682,valentino.suarez@gmail.com,+54 9 3650 2039,UX-100,Diseño de Experiencia de Usuario,4,Aprobado
2024-03-05,Joaquin,Rodriguez,44012569,joaquin.rodriguez@yahoo.com,+54 9 2125 1380,GEN-101,Ética y Tecnología,9,Aprobado
2024-03-05,Milena,Diaz,42500015,milena.diaz@hotmail.com,+54 9 2395 1848,DAT-101,Introducción a los Datos,2,Desaprobado
2024-03-05,Juana,Ramos,45840080,,+54 9 2542 4466,DAT-101,Introducción a los Datos,10,Aprobado
2024-03-05,Alfonsina,Carrizo,35376871,alfonsina.carrizo@outlook.com,+54 9 3228 1938,NEG-400,Liderazgo y Negociación,1,Desaprobado
2024-03-05,Joaquin,Lopez,39696052,joaquin.lopez@gmail.com,+54 9 3266 5055,GEN-101,Ética y Tecnología,8,Aprobado
2024-03-05,Felipe,Acosta,30117903,,+54 9 2561 7615,IA-300,Redes Neuronales,7,Aprobado
2024-03-05,Maria Paz,Rojas,41068300,maria.paz.rojas@yahoo.com,+54 9 2596 3705,IA-300,Redes Neuronales,3,Desaprobado
2024-03-05,Gonzalo,Garcia,35620137,gonzalo.garcia@outlook.com,+54 9 3892 2082,NEG-400,Liderazgo y Negociación,1,Desaprobado
2024-03-05,Santino,Dominguez,38207316,santino.dominguez@gmail.com,+54 9 2730 0517,DEV-101,Algoritmos I,4,Aprobado
2024-03-06,Valentina,Fernandez,42254691,valentina.fernandez@gmail.com,+54 9 2224 4536,IA-300,Redes Neuronales,8,Aprobado
2024-03-06,Bautista,Vega,44635112,bautista.vega@hotmail.com,+54 9 3333 0825,IA-300,Redes Neuronales,6,Aprobado
2024-03-06,Giovanni,Maldonado,41289550,giovanni.maldonado@hotmail.com,+54 9 2547 1803,UX-100,Diseño de Experiencia de Usuario,9,Aprobado
2024-03-06,Santino,Rodriguez,45656190,santino.rodriguez@hotmail.com,+54 9 2446 7104,DAT-101,Introducción a los Datos,5,Aprobado
2024-03-06,Catalina,Barrios,31621161,,+54 9 3510 2381,MKT-200,Marketing de Contenidos,7,Aprobado
2024-03-06,Renzo,Benitez,42845702,renzo.benitez@hotmail.com,+54 9 2495 2033,MKT-200,Marketing de Contenidos,5,Aprobado
2024-03-06,Facundo,Maldonado,35420584,facundo.maldonado@outlook.com,+54 9 3512 9462,IA-300,Redes Neuronales,10,Aprobado
2024-03-06,Santiago,Pereyra,36369209,santiago.pereyra@outlook.com,+54 9 3535 6554,UX-100,Diseño de Experiencia de Usuario,9,Aprobado
2024-03-06,Milo,Rodriguez,43625205,,+54 9 2919 0402,UX-100,Diseño de Experiencia de Usuario,1,Desaprobado
2024-03-07,Lola,Martinez,44094966,lola.martinez@hotmail.com,+54 9 2702 8765,DAT-201,Estadística Avanzada,10,Aprobado
2024-03-07,Jazmin,Sosa,35824110,jazmin.sosa@hotmail.com,+54 9 2856 1675,GEN-101,Ética y Tecnología,6,Aprobado
2024-03-07,Guillermina,Lucero,40033579,guillermina.lucero@hotmail.com,+54 9 3622 0074,UX-100,Diseño de Experiencia de Usuario,8,Aprobado
2024-03-07,Alma Valentina,Rodriguez,38194575,alma.valentina.rodriguez@outlook.com,+54 9 3288 3272,DAT-101,Introducción a los Datos,6,Aprobado
2024-03-07,Santino,Gomez,33952849,santino.gomez@outlook.com,+54 9 3924 3631,DAT-201,Estadística Avanzada,5,Aprobado
2024-03-08,Felipe,Carrizo,32991581,felipe.carrizo@outlook.com,+54 9 3844 6642,GEN-101,Ética y Tecnología,5,Aprobado
2024-03-08,Lautaro,Rodriguez,41885509,lautaro.rodriguez@gmail.com,+54 9 2279 7194,NEG-400,Liderazgo y Negociación,4,Aprobado
2024-03-08,Joaquin,Flores,33838303,joaquin.flores@outlook.com,+54 9 3965 6415,GEN-101,Ética y Tecnología,10,Aprobado
2024-03-08,Olivia,Olivera,36279807,olivia.olivera@yahoo.com,+54 9 2309 1902,NEG-400,Liderazgo y Negociación,7,Aprobado
2024-03-08,Julian,Castro,42208457,julian.castro@hotmail.com,+54 9 2462 7289,DAT-201,Estadística Avanzada,7,Aprobado
2024-03-08,Catalina,Gutierrez,38750180,catalina.gutierrez@yahoo.com,+54 9 3250 8351,UX-100,Diseño de Experiencia de Usuario,5,Aprobado
2024-03-08,Guillermina,Gimenez,37222211,guillermina.gimenez@outlook.com,+54 9 2307 9996,DEV-101,Algoritmos I,2,Desaprobado
2024-03-09,Agustina,Martinez,38645258,agustina.martinez@yahoo.com,+54 9 2678 9032,MKT-200,Marketing de Contenidos,6,Aprobado
2024-03-09,Paula,Garcia,37604035,paula.garcia@yahoo.com,+54 9 2465 7991,DAT-201,Estadística Avanzada,1,Desaprobado
2024-03-09,Luz Maria,Rodriguez,32160000,luz.maria.rodriguez@gmail.com,+54 9 2451 7818,DEV-101,Algoritmos I,4,Aprobado
2024-03-09,Alma Valentina,Aguero,38223982,alma.valentina.aguero@yahoo.com,+54 9 3726 6320,UX-100,Diseño de Experiencia de Usuario,2,Desaprobado
2024-03-09,Giovanni,Maldonado,41289550,giovanni.maldonado@hotmail.com,+54 9 2547 1803,MKT-200,Marketing de Contenidos,6,Aprobado
2024-03-09,Santiago,Avila,33081027,santiago.avila@yahoo.com,+54 9 2644 6030,UX-100,Diseño de Experiencia de Usuario,9,Aprobado
2024-03-09,Manuel,Lopez,32349994,manuel.lopez@outlook.com,+54 9 3812 8627,UX-100,Diseño de Experiencia de Usuario,9,Aprobado
2024-03-09,Ramiro,Vazquez,34636803,ramiro.vazquez@outlook.com,+54 9 3748 3725,MKT-200,Marketing de Contenidos,4,Aprobado
2024-03-10,Martina,Torres,38629655,martina.torres@gmail.com,+54 9 3564 7486,IA-300,Redes Neuronales,3,Desaprobado
2024-03-10,Juana,Gomez,36015798,juana.gomez@hotmail.com,+54 9 2471 6701,UX-100,Diseño de Experiencia de Usuario,10,Aprobado
2024-03-10,Isabella,Perez,37951141,isabella.perez@outlook.com,+54 9 2560 2478,DAT-101,Introducción a los Datos,4,Aprobado
2024-03-10,Agustín,Gomez,39734889,agustin.gomez@yahoo.com,+54 9 3221 3066,GEN-101,Ética y Tecnología,2,Desaprobado
2024-03-10,Lourdes,Escobar,41134242,lourdes.escobar@outlook.com,+54 9 3222 9415,GEN-101,Ética y Tecnología,9,Aprobado
2024-03-10,Bastian,Castro,31379964,bastian.castro@gmail.com,+54 9 3857 6198,GEN-101,Ética y Tecnología,9,Aprobado
2024-03-10,Santino,Franco,45752068,santino.franco@gmail.com,+54 9 3811 5295,DAT-101,Introducción a los Datos,1,Desaprobado
2024-03-10,Ciro,Vega,37795993,ciro.vega@hotmail.com,+54 9 3187 1032,DEV-101,Algoritmos I,1,Desaprobado
2024-03-10,Santino,Gomez,36128228,santino.gomez@hotmail.com,+54 9 2220 1548,MKT-200,Marketing de Contenidos,6,Aprobado
2024-03-11,Angelina,Caceres,33155313,angelina.caceres@outlook.com,+54 9 3754 6527,DAT-101,Introducción a los Datos,7,Aprobado
2024-03-11,Maria Luz,Sanchez,31187731,maria.luz.sanchez@gmail.com,+54 9 2522 9265,MKT-200,Marketing de Contenidos,9,Aprobado
2024-03-11,Victoria,Fernandez,30507337,victoria.fernandez@gmail.com,+54 9 3875 6904,IA-300,Redes Neuronales,3,Desaprobado
2024-03-11,Felipe,Suarez,33195960,felipe.suarez@outlook.com,+54 9 2532 2510,GEN-101,Ética y Tecnología,6,Aprobado
2024-03-11,Jazmín,Suarez,35524090,jazmin.suarez@hotmail.com,+54 9 3874 8933,MKT-200,Marketing de Contenidos,6,Aprobado
2024-03-12,Maximo,Rojas,35081927,maximo.rojas@outlook.com,+54 9 2532 0906,DAT-201,Estadística Avanzada,5,Aprobado
2024-03-12,Constantino,Correa,35845730,constantino.correa@hotmail.com,+54 9 3183 2777,NEG-400,Liderazgo y Negociación,5,Aprobado
2024-03-12,Maria Luz,Cabrera,42574929,maria.luz.cabrera@gmail.com,+54 9 3395 6725,IA-300,Redes Neuronales,8,Aprobado
2024-03-12,Antonia,Quiroga,31370404,antonia.quiroga@outlook.com,+54 9 2637 0380,GEN-101,Ética y Tecnología,3,Desaprobado
2024-03-12,Luca,Gutierrez,35915007,luca.gutierrez@yahoo.com,+54 9 2789 5016,DAT-201,Estadística Avanzada,8,Aprobado
2024-03-12,Agustin,Flores,35589315,agustin.flores@gmail.com,+54 9 2773 2706,DEV-101,Algoritmos I,6,Aprobado
2024-03-12,Juan Cruz,Lucero,32200927,juan.cruz.lucero@hotmail.com,+54 9 2665 0107,MKT-200,Marketing de Contenidos,10,Aprobado
2024-03-13,Dylan,Ledesma,42305779,dylan.ledesma@outlook.com,+54 9 2809 9508,DAT-101,Introducción a los Datos,5,Aprobado
2024-03-13,Valentin,Garcia,40988877,valentin.garcia@outlook.com,+54 9 3738 8703,NEG-400,Liderazgo y Negociación,9,Aprobado
2024-03-13,Maria Victoria,Vega,32150912,maria.victoria.vega@hotmail.com,+54 9 2877 7652,GEN-101,Ética y Tecnología,4,Aprobado
2024-03-13,Isabella,Dominguez,34471842,isabella.dominguez@hotmail.com,+54 9 3485 3632,NEG-400,Liderazgo y Negociación,7,Aprobado
2024-03-13,Benjamin,Alvarez,33988348,benjamin.alvarez@yahoo.com,+54 9 2999 4033,NEG-400,Liderazgo y Negociación,1,Desaprobado
2024-03-13,Sofía,Rodriguez,31554768,sofia.rodriguez@outlook.com,+54 9 3536 5898,IA-300,Redes Neuronales,3,Desaprobado
2024-03-14,Maria Paz,Campos,41754338,maria.paz.campos@outlook.com,+54 9 2442 5731,IA-300,Redes Neuronales,1,Desaprobado
2024-03-14,Mateo,Rodriguez,32474711,mateo.rodriguez@outlook.com,+54 9 3823 2050,IA-300,Redes Neuronales,6,Aprobado
2024-03-14,Sofia,Villalba,41591741,sofia.villalba@hotmail.com,+54 9 3890 4385,NEG-400,Liderazgo y Negociación,1,Desaprobado
2024-03-14,Josefina,Leiva,36117422,josefina.leiva@yahoo.com,+54 9 3668 6630,DAT-101,Introducción a los Datos,7,Aprobado
2024-03-14,Facundo,Diaz,36005534,facundo.diaz@gmail.com,+54 9 3735 2263,DAT-101,Introducción a los Datos,5,Aprobado
2024-03-14,Guillermina,Lopez,32088271,guillermina.lopez@outlook.com,+54 9 3253 1720,MKT-200,Marketing de Contenidos,1,Desaprobado
2024-03-14,Martina,Ojeda,42740444,martina.ojeda@yahoo.com,+54 9 2462 7303,MKT-200,Marketing de Contenidos,1,Desaprobado
2024-03-15,Agustina,Fernandez,36868365,agustina.fernandez@hotmail.com,+54 9 2729 9413,UX-100,Diseño de Experiencia de Usuario,1,Desaprobado
2024-03-15,Juliana,Gomez,43315303,juliana.gomez@hotmail.com,+54 9 2721 5674,GEN-101,Ética y Tecnología,3,Desaprobado
2024-03-15,Dylan Benjamin,Martinez,37275248,dylan.benjamin.martinez@yahoo.com,+54 9 2281 2884,DAT-201,Estadística Avanzada,7,Aprobado
2024-03-15,Maria Guadalupe,Romero,43904609,maria.guadalupe.romero@yahoo.com,+54 9 2904 8289,DEV-101,Algoritmos I,6,Aprobado
2024-03-15,Alma Valentina,Garcia,42763799,alma.valentina.garcia@yahoo.com,+54 9 2978 5301,DAT-201,Estadística Avanzada,2,Desaprobado
2024-03-15,Juan Manuel,Diaz,33601032,juan.manuel.diaz@yahoo.com,+54 9 2833 1051,DAT-201,Estadística Avanzada,2,Desaprobado
2024-03-15,Mateo Agustin,Figueroa,31629308,mateo.agustin.figueroa@yahoo.com,+54 9 3568 1037,DAT-201,Estadística Avanzada,2,Desaprobado
2024-03-15,Juan Bautista,Soria,42881854,juan.bautista.soria@yahoo.com,+54 9 3300 1226,MKT-200,Marketing de Contenidos,4,Aprobado
2024-03-15,Alexander,Ojeda,33293475,alexander.ojeda@outlook.com,+54 9 3763 2317,UX-100,Diseño de Experiencia de Usuario,7,Aprobado
2024-03-16,Nicolas,Carrizo,37663002,nicolas.carrizo@gmail.com,+54 9 3166 2680,DAT-101,Introducción a los Datos,10,Aprobado
2024-03-16,Ciro,Vega,37795993,ciro.vega@hotmail.com,+54 9 3187 1032,GEN-101,Ética y Tecnología,8,Aprobado
2024-03-16,Agustina,Mansilla,34343777,agustina.mansilla@gmail.com,+54 9 3946 3002,NEG-400,Liderazgo y Negociación,1,Desaprobado
2024-03-16,Tobias,Mansilla,43888324,tobias.mansilla@outlook.com,+54 9 3192 2155,UX-100,Diseño de Experiencia de Usuario,9,Aprobado
2024-03-16,Matias,Gonzalez,42645481,matias.gonzalez@yahoo.com,+54 9 2621 6311,MKT-200,Marketing de Contenidos,4,Aprobado
2024-03-16,Joaquín,Godoy,42613265,joaquin.godoy@gmail.com,+54 9 2986 2185,IA-300,Redes Neuronales,5,Aprobado
2024-03-16,Thiago Benjamin,Cabrera,40603350,thiago.benjamin.cabrera@hotmail.com,+54 9 3347 6137,DAT-101,Introducción a los Datos,1,Desaprobado
2024-03-16,Simon,Perez,35650079,simon.perez@gmail.com,+54 9 3576 0814,DEV-101,Algoritmos I,1,Desaprobado
2024-03-16,Candelaria,Romero,36630045,candelaria.romero@yahoo.com,+54 9 3267 1593,MKT-200,Marketing de Contenidos,1,Desaprobado
2024-03-16,Pedro,Coronel,34939319,pedro.coronel@gmail.com,+54 9 2580 8086,DAT-201,Estadística Avanzada,6,Aprobado
2024-03-16,Facundo,Pereyra,39916823,facundo.pereyra@outlook.com,+54 9 3460 3432,IA-300,Redes Neuronales,2,Desaprobado
2024-03-17,Mateo Agustin,Figueroa,31629308,mateo.agustin.figueroa@yahoo.com,+54 9 3568 1037,DAT-201,Estadística Avanzada,1,Desaprobado
2024-03-17,Isabella,Chavez,36906085,isabella.chavez@yahoo.com,+54 9 3384 6959,UX-100,Diseño de Experiencia de Usuario,5,Aprobado
2024-03-17,Bautista,Ruiz,34211417,bautista.ruiz@hotmail.com,+54 9 3763 3160,DEV-101,Algoritmos I,8,Aprobado
2024-03-17,Juan Bautista,Ojeda,45182848,juan.bautista.ojeda@hotmail.com,+54 9 2978 9237,IA-300,Redes Neuronales,10,Aprobado
2024-03-17,Ciro,Vega,37795993,ciro.vega@hotmail.com,+54 9 3187 1032,GEN-101,Ética y Tecnología,1,Desaprobado
2024-03-17,Simon,Vega,40422549,simon.vega@hotmail.com,+54 9 3827 6182,MKT-200,Marketing de Contenidos,10,Aprobado
2024-03-17,Santiago,Muñoz,31122274,santiago.munoz@yahoo.com,+54 9 2957 4262,IA-300,Redes Neuronales,7,Aprobado
2024-03-17,Nahiara Jazmin,Farias,32152121,nahiara.jazmin.farias@hotmail.com,+54 9 2856 8727,MKT-200,Marketing de Contenidos,3,Desaprobado
2024-03-18,Joaquin,Perez,36362413,joaquin.perez@gmail.com,+54 9 3118 1360,NEG-400,Liderazgo y Negociación,6,Aprobado
2024-03-18,Thiago Benjamin,Diaz,37856329,thiago.benjamin.diaz@outlook.com,+54 9 3991 5567,GEN-101,Ética y Tecnología,3,Desaprobado
2024-03-18,Juana,Nuñez,38934818,juana.nunez@outlook.com,+54 9 3516 0997,DAT-201,Estadística Avanzada,9,Aprobado
2024-03-18,Lara,Coronel,43651742,lara.coronel@yahoo.com,+54 9 2242 5700,UX-100,Diseño de Experiencia de Usuario,8,Aprobado
2024-03-18,Delfina,Garcia,44661890,delfina.garcia@hotmail.com,+54 9 2809 2992,GEN-101,Ética y Tecnología,6,Aprobado
2024-03-18,Luciana,Rodriguez,37706458,luciana.rodriguez@yahoo.com,+54 9 2168 5585,MKT-200,Marketing de Contenidos,8,Aprobado
2024-03-18,Ludmila,Sanchez,35648819,ludmila.sanchez@gmail.com,+54 9 2916 4362,DAT-101,Introducción a los Datos,10,Aprobado
2024-03-18,Bautista,Nuñez,30680437,bautista.nunez@yahoo.com,+54 9 3354 5747,DEV-101,Algoritmos I,2,Desaprobado
2024-03-19,Valentina,Gonzalez,35915416,valentina.gonzalez@outlook.com,+54 9 2949 1607,DAT-201,Estadística Avanzada,3,Desaprobado
2024-03-19,Sofia,Garcia,38526500,sofia.garcia@outlook.com,+54 9 3930 4224,DAT-101,Introducción a los Datos,9,Aprobado
2024-03-19,Mateo Agustin,Figueroa,31629308,mateo.agustin.figueroa@yahoo.com,+54 9 3568 1037,UX-100,Diseño de Experiencia de Usuario,1,Desaprobado
2024-03-19,Pilar,Dominguez,37869329,pilar.dominguez@yahoo.com,+54 9 3991 2831,IA-300,Redes Neuronales,9,Aprobado
2024-03-19,Simon,Torres,30856430,simon.torres@outlook.com,+54 9 3376 2366,DAT-201,Estadística Avanzada,4,Aprobado
2024-03-19,Manuel,Castillo,42760731,manuel.castillo@hotmail.com,+54 9 2941 6333,NEG-400,Liderazgo y Negociación,5,Aprobado
2024-03-19,Lola,Gomez,41332008,lola.gomez@outlook.com,+54 9 3653 8521,GEN-101,Ética y Tecnología,1,Desaprobado
2024-03-20,Matilda,Gomez,31767975,matilda.gomez@gmail.com,+54 9 3156 7069,DAT-101,Introducción a los Datos,5,Aprobado
2024-03-20,Valentina,Fernandez,42254691,valentina.fernandez@gmail.com,+54 9 2224 4536,DAT-201,Estadística Avanzada,5,Aprobado
2024-03-20,Martina,Maidana,44536877,martina.maidana@hotmail.com,+54 9 3227 2813,NEG-400,Liderazgo y Negociación,7,Aprobado
2024-03-20,Tiziano,Gomez,38877407,tiziano.gomez@outlook.com,+54 9 3511 2847,DEV-101,Algoritmos I,6,Aprobado
2024-03-20,Ciro,Diaz,35049197,ciro.diaz@outlook.com,+54 9 3221 9202,DAT-201,Estadística Avanzada,10,Aprobado
2024-03-20,Maximo,Perez,36629400,maximo.perez@yahoo.com,+54 9 2589 0528,DEV-101,Algoritmos I,4,Aprobado
2024-03-20,Mora,Martin,36701152,mora.martin@yahoo.com,+54 9 2108 0372,DAT-201,Estadística Avanzada,2,Desaprobado
2024-03-20,Samuel,Molina,39775624,samuel.molina@yahoo.com,+54 9 2323 1548,UX-100,Diseño de Experiencia de Usuario,9,Aprobado
2024-03-21,Ana Paula,Gomez,30362258,ana.paula.gomez@gmail.com,+54 9 3841 6702,NEG-400,Liderazgo y Negociación,7,Aprobado
2024-03-21,Isabella,Arias,36309794,isabella.arias@hotmail.com,+54 9 3470 9937,IA-300,Redes Neuronales,4,Aprobado
2024-03-21,Sebastian,Silva,36727365,sebastian.silva@hotmail.com,+54 9 2236 3579,DAT-101,Introducción a los Datos,9,Aprobado
2024-03-21,Alfonsina,Perez,31087473,alfonsina.perez@yahoo.com,+54 9 3465 7235,UX-100,Diseño de Experiencia de Usuario,6,Aprobado
2024-03-21,Mia Jazmin,Olivera,45561312,mia.jazmin.olivera@outlook.com,+54 9 2624 3817,GEN-101,Ética y Tecnología,9,Aprobado
2024-03-21,Lautaro Ezequiel,Cabrera,35515194,lautaro.ezequiel.cabrera@gmail.com,+54 9 2360 5258,DAT-101,Introducción a los Datos,10,Aprobado
2024-03-21,Valentina,Martinez,30279612,valentina.martinez@outlook.com,+54 9 2139 6410,MKT-200,Marketing de Contenidos,5,Aprobado
2024-03-21,Felipe,Rojas,30252475,felipe.rojas@outlook.com,+54 9 3393 8691,UX-100,Diseño de Experiencia de Usuario,5,Aprobado
2024-03-22,Mateo,Benitez,42727516,mateo.benitez@outlook.com,+54 9 3778 1066,IA-300,Redes Neuronales,7,Aprobado
2024-03-22,Julian,Castro,42208457,julian.castro@hotmail.com,+54 9 2462 7289,UX-100,Diseño de Experiencia de Usuario,2,Desaprobado
2024-03-22,Manuel,Lopez,32349994,manuel.lopez@outlook.com,+54 9 3812 8627,MKT-200,Marketing de Contenidos,4,Aprobado
2024-03-22,Francisco,Rodriguez,44385458,francisco.rodriguez@gmail.com,+54 9 3606 9781,DEV-101,Algoritmos I,1,Desaprobado
2024-03-22,Nina,Rodriguez,34567608,nina.rodriguez@yahoo.com,+54 9 2330 0776,DEV-101,Algoritmos I,3,Desaprobado
2024-03-22,Martina,Cordoba,42909942,martina.cordoba@yahoo.com,+54 9 2726 2352,DAT-201,Estadística Avanzada,10,Aprobado
2024-03-22,Bautista,Cabrera,38622234,bautista.cabrera@outlook.com,+54 9 2547 1522,MKT-200,Marketing de Contenidos,6,Aprobado
2024-03-22,Milena,Escobar,44927685,milena.escobar@outlook.com,+54 9 2975 2699,MKT-200,Marketing de Contenidos,4,Aprobado
2024-03-22,Maria Emilia,Martinez,35316729,maria.emilia.martinez@outlook.com,+54 9 2614 4761,MKT-200,Marketing de Contenidos,3,Desaprobado
2024-03-22,Alma Valentina,Rodriguez,38194575,alma.valentina.rodriguez@outlook.com,+54 9 3288 3272,DAT-201,Estadística Avanzada,1,Desaprobado
2024-03-23,Renata,Lopez,41530667,renata.lopez@yahoo.com,+54 9 2115 6600,GEN-101,Ética y Tecnología,8,Aprobado
2024-03-23,Valentina,Gomez,34356381,valentina.gomez@gmail.com,+54 9 3206 5509,UX-100,Diseño de Experiencia de Usuario,9,Aprobado
2024-03-23,Sofia,Escobar,43105183,sofia.escobar@yahoo.com,+54 9 3826 7431,GEN-101,Ética y Tecnología,3,Desaprobado
2024-03-23,Joaquin,Ponce,41112892,joaquin.ponce@outlook.com,+54 9 2289 7440,DEV-101,Algoritmos I,5,Aprobado
2024-03-23,Olivia,Lopez,32141644,olivia.lopez@hotmail.com,+54 9 2602 2166,DEV-101,Algoritmos I,6,Aprobado
2024-03-23,Felipe,Martinez,31061893,felipe.martinez@gmail.com,+54 9 3311 5083,DAT-101,Introducción a los Datos,6,Aprobado
2024-03-23,Faustino,Suarez,40578248,faustino.suarez@yahoo.com,+54 9 3577 8183,DAT-201,Estadística Avanzada,8,Aprobado
2024-03-23,Felipe,Martinez,31061893,felipe.martinez@gmail.com,+54 9 3311 5083,DAT-101,Introducción a los Datos,7,Aprobado
2024-03-23,Ramiro,Acuña,37674710,,+54 9 3847 0533,UX-100,Diseño de Experiencia de Usuario,10,Aprobado
2024-03-23,Valentino,Castillo,39571770,valentino.castillo@outlook.com,+54 9 2270 8416,IA-300,Redes Neuronales,6,Aprobado
2024-03-24,Ludmila,Lopez,36163868,ludmila.lopez@gmail.com,+54 9 2343 3079,GEN-101,Ética y Tecnología,3,Desaprobado
2024-03-24,Gonzalo,Garcia,39463207,gonzalo.garcia@outlook.com,+54 9 3935 3291,IA-300,Redes Neuronales,6,Aprobado
2024-03-24,Maximo,Flores,35517472,maximo.flores@gmail.com,+54 9 3341 0323,DAT-201,Estadística Avanzada,4,Aprobado
2024-03-25,Juan Gabriel,Quiroga,37678418,juan.gabriel.quiroga@hotmail.com,+54 9 3775 6248,DAT-101,Introducción a los Datos,1,Desaprobado
2024-03-25,Santiago,Farias,34635361,santiago.farias@outlook.com,+54 9 3827 3233,DAT-201,Estadística Avanzada,5,Aprobado
2024-03-25,Florencia,Rojas,42253635,florencia.rojas@outlook.com,+54 9 2702 8180,MKT-200,Marketing de Contenidos,9,Aprobado
2024-03-25,Lautaro Benjamin,Ramirez,35501443,lautaro.benjamin.ramirez@hotmail.com,+54 9 2586 1123,UX-100,Diseño de Experiencia de Usuario,1,Desaprobado
2024-03-26,Olivia,Acosta,40245831,olivia.acosta@yahoo.com,+54 9 2785 9055,NEG-400,Liderazgo y Negociación,7,Aprobado
2024-03-26,Joaquín,Morales,39144752,joaquin.morales@yahoo.com,+54 9 3700 3705,DAT-201,Estadística Avanzada,2,Desaprobado
2024-03-26,Benicio,Gonzalez,41931470,benicio.gonzalez@outlook.com,+54 9 3803 9410,IA-300,Redes Neuronales,4,Aprobado
2024-03-26,Valentina,Rios,39386440,valentina.rios@gmail.com,+54 9 3234 9603,DAT-201,Estadística Avanzada,9,Aprobado
2024-03-26,Isabella,Chavez,36906085,isabella.chavez@yahoo.com,+54 9 3384 6959,DAT-201,Estadística Avanzada,10,Aprobado
2024-03-26,Maria Luz,Gimenez,36948146,maria.luz.gimenez@hotmail.com,+54 9 3143 6557,DEV-101,Algoritmos I,2,Desaprobado
2024-03-26,Mateo Benjamin,Perez,34092604,mateo.benjamin.perez@yahoo.com,+54 9 2218 8357,GEN-101,Ética y Tecnología,4,Aprobado
2024-03-26,Lucía,Diaz,37505561,lucia.diaz@yahoo.com,+54 9 2850 3516,GEN-101,Ética y Tecnología,10,Aprobado
2024-03-26,Violeta,Muñoz,45419981,violeta.munoz@hotmail.com,+54 9 2982 4228,DEV-101,Algoritmos I,4,Aprobado
2024-03-26,Juan Sebastian,Escobar,45503533,juan.sebastian.escobar@hotmail.com,+54 9 3635 4397,MKT-200,Marketing de Contenidos,1,Desaprobado
2024-03-26,Milena,Diaz,42500015,milena.diaz@hotmail.com,+54 9 2395 1848,IA-300,Redes Neuronales,10,Aprobado
2024-03-26,Guadalupe,Rivero,30966401,guadalupe.rivero@yahoo.com,+54 9 3242 7856,UX-100,Diseño de Experiencia de Usuario,4,Aprobado
2024-03-27,Tomàs,Molina,36456678,tomas.molina@gmail.com,+54 9 2658 0121,DAT-201,Estadística Avanzada,8,Aprobado
2024-03-27,Sara,Fernandez,30465936,sara.fernandez@hotmail.com,+54 9 3260 8459,DAT-101,Introducción a los Datos,1,Desaprobado
2024-03-27,Maximo,Ledesma,40764881,maximo.ledesma@hotmail.com,+54 9 2280 5333,DEV-101,Algoritmos I,2,Desaprobado
2024-03-27,Juan Ignacio,Bustos,37142397,juan.ignacio.bustos@outlook.com,+54 9 2305 9095,IA-300,Redes Neuronales,9,Aprobado
2024-03-27,Maria Victoria,Pereyra,38481398,maria.victoria.pereyra@gmail.com,+54 9 2183 1275,UX-100,Diseño de Experiencia de Usuario,2,Desaprobado
2024-03-27,Constanza,Torres,44654200,constanza.torres@outlook.com,+54 9 3785 4481,DAT-101,Introducción a los Datos,4,Aprobado
2024-03-27,Sofia,Vega,45171795,sofia.vega@yahoo.com,+54 9 2361 5465,IA-300,Redes Neuronales,1,Desaprobado
2024-03-27,Juana,Gomez,40167473,juana.gomez@outlook.com,+54 9 2349 6632,UX-100,Diseño de Experiencia de Usuario,3,Desaprobado
2024-03-27,Alma Valentina,Ruiz,42002650,alma.valentina.ruiz@yahoo.com,+54 9 3557 3260,NEG-400,Liderazgo y Negociación,6,Aprobado
2024-03-27,Lola,Pereyra,34758464,lola.pereyra@gmail.com,+54 9 3429 5981,GEN-101,Ética y Tecnología,2,Desaprobado
2024-03-27,Lara,Gimenez,39194704,lara.gimenez@yahoo.com,+54 9 3676 1820,DEV-101,Algoritmos I,5,Aprobado
2024-03-27,Violeta,Diaz,36489803,violeta.diaz@hotmail.com,+54 9 2726 4086,DAT-201,Estadística Avanzada,3,Desaprobado
2024-03-27,Sofia,Diaz,41915923,sofia.diaz@outlook.com,+54 9 3817 9484,DAT-101,Introducción a los Datos,9,Aprobado
2024-03-27,Mora,Martinez,40421216,mora.martinez@outlook.com,+54 9 3934 7210,GEN-101,Ética y Tecnología,3,Desaprobado
2024-03-27,Thiago Lionel,Sosa,39747478,thiago.lionel.sosa@yahoo.com,+54 9 2304 4743,NEG-400,Liderazgo y Negociación,2,Desaprobado
2024-03-27,Valentina,Ponce,44765173,valentina.ponce@gmail.com,+54 9 3379 5484,GEN-101,Ética y Tecnología,4,Aprobado
2024-03-27,Bautista,Ruiz,36594040,bautista.ruiz@outlook.com,+54 9 2263 4888,DAT-101,Introducción a los Datos,3,Desaprobado
2024-03-27,Miguel Angel,Mansilla,37444361,miguel.angel.mansilla@outlook.com,+54 9 3726 1873,DAT-101,Introducción a los Datos,1,Desaprobado
2024-03-28,Ramiro,Gonzalez,38446695,ramiro.gonzalez@gmail.com,+54 9 3495 0074,GEN-101,Ética y Tecnología,3,Desaprobado
2024-03-28,Catalina,Sanchez,43062304,catalina.sanchez@gmail.com,+54 9 2343 8565,UX-100,Diseño de Experiencia de Usuario,4,Aprobado
2024-03-28,Delfina,Castro,44412440,delfina.castro@yahoo.com,+54 9 3853 5449,DAT-101,Introducción a los Datos,4,Aprobado
2024-03-28,Benjamin Alejandro,Torres,41748984,benjamin.alejandro.torres@hotmail.com,+54 9 2699 9313,MKT-200,Marketing de Contenidos,2,Desaprobado
2024-03-28,Juana,Fernandez,38038154,juana.fernandez@hotmail.com,+54 9 3178 3445,IA-300,Redes Neuronales,9,Aprobado
2024-03-28,Julieta,Duarte,44753132,,+54 9 2831 5109,UX-100,Diseño de Experiencia de Usuario,8,Aprobado
2024-03-28,Lola,Farias,30619113,lola.farias@outlook.com,+54 9 3412 1839,DEV-101,Algoritmos I,4,Aprobado
2024-03-28,Santino,Aguero,39641826,santino.aguero@yahoo.com,+54 9 3740 6873,DAT-101,Introducción a los Datos,10,Aprobado
2024-03-29,Micaela,Sosa,31442827,micaela.sosa@outlook.com,+54 9 3951 3445,MKT-200,Marketing de Contenidos,10,Aprobado
2024-03-29,Constantino,Castro,41594052,constantino.castro@outlook.com,+54 9 3916 6714,GEN-101,Ética y Tecnología,10,Aprobado
2024-03-29,Valentina,Ponce,44765173,valentina.ponce@gmail.com,+54 9 3379 5484,DAT-101,Introducción a los Datos,8,Aprobado
2024-03-29,Alejo,Diaz,44698831,alejo.diaz@hotmail.com,+54 9 3603 7832,IA-300,Redes Neuronales,3,Desaprobado
2024-03-29,Camilo,Acosta,41943395,camilo.acosta@yahoo.com,+54 9 3164 7718,IA-300,Redes Neuronales,10,Aprobado
2024-03-29,Gonzalo,Sanchez,37749075,gonzalo.sanchez@outlook.com,+54 9 3104 9303,MKT-200,Marketing de Contenidos,9,Aprobado
2024-03-29,Luz Milagros,Ramirez,37797988,luz.milagros.ramirez@outlook.com,+54 9 3690 0657,NEG-400,Liderazgo y Negociación,9,Aprobado
2024-03-29,Juan Martin,Paez,31821525,juan.martin.paez@yahoo.com,+54 9 3718 4386,DEV-101,Algoritmos I,4,Aprobado
2024-03-29,Santiago,Rodriguez,38657054,santiago.rodriguez@outlook.com,+54 9 3243 5121,MKT-200,Marketing de Contenidos,9,Aprobado
2024-03-29,Delfina,Godoy,31165911,delfina.godoy@gmail.com,+54 9 2946 3828,NEG-400,Liderazgo y Negociación,8,Aprobado
2024-03-30,Bruno,Ponce,31777177,bruno.ponce@yahoo.com,+54 9 3125 2111,DAT-201,Estadística Avanzada,4,Aprobado
2024-03-30,Joaquin,Perez,39451059,joaquin.perez@yahoo.com,+54 9 3571 5483,GEN-101,Ética y Tecnología,1,Desaprobado
2024-03-30,Martina,Cordoba,42909942,martina.cordoba@yahoo.com,+54 9 2726 2352,NEG-400,Liderazgo y Negociación,3,Desaprobado
2024-03-30,Dante,Correa,39054820,dante.correa@yahoo.com,+54 9 2147 7006,DAT-201,Estadística Avanzada,8,Aprobado
2024-03-30,Sebastian,Escobar,36016561,sebastian.escobar@gmail.com,+54 9 3881 2828,NEG-400,Liderazgo y Negociación,3,Desaprobado
2024-03-30,Juan Ignacio,Vega,35745673,juan.ignacio.vega@outlook.com,+54 9 2830 2542,UX-100,Diseño de Experiencia de Usuario,6,Aprobado
2024-03-30,Lucas,Sanchez,32416248,lucas.sanchez@gmail.com,+54 9 2799 4314,DEV-101,Algoritmos I,2,Desaprobado
2024-03-30,Josefina,Escobar,31162466,josefina.escobar@outlook.com,+54 9 3725 2282,DEV-101,Algoritmos I,7,Aprobado
2024-03-30,Lucía,Gonzalez,42179672,lucia.gonzalez@gmail.com,+54 9 2429 5377,IA-300,Redes Neuronales,3,Desaprobado
2024-03-30,Augusto,Benitez,30263228,augusto.benitez@gmail.com,+54 9 3619 0055,IA-300,Redes Neuronales,6,Aprobado
2024-03-31,Lautaro Ezequiel,Lopez,36855486,lautaro.ezequiel.lopez@yahoo.com,+54 9 3537 0144,DAT-201,Estadística Avanzada,3,Desaprobado
2024-03-31,Joaquina,Figueroa,31935757,,+54 9 2346 4225,DEV-101,Algoritmos I,10,Aprobado
2024-03-31,Ludmila,Sanchez,35648819,ludmila.sanchez@gmail.com,+54 9 2916 4362,DEV-101,Algoritmos I,5,Aprobado
2024-03-31,Santiago,Rodriguez,38657054,santiago.rodriguez@outlook.com,+54 9 3243 5121,MKT-200,Marketing de Contenidos,1,Desaprobado
2024-03-31,Isabella,Sanchez,36461761,isabella.sanchez@outlook.com,+54 9 2791 8739,DAT-101,Introducción a los Datos,1,Desaprobado
2024-03-31,Juan Bautista,Garcia,31178906,juan.bautista.garcia@hotmail.com,+54 9 2530 4519,UX-100,Diseño de Experiencia de Usuario,7,Aprobado
2024-03-31,Gino,Castro,39556507,gino.castro@gmail.com,+54 9 3133 7629,IA-300,Redes Neuronales,1,Desaprobado
2024-03-31,Thiago Benjamin,Martinez,37161768,thiago.benjamin.martinez@gmail.com,+54 9 2860 1374,UX-100,Diseño de Experiencia de Usuario,8,Aprobado
2024-03-31,Clara,Ledesma,44508081,clara.ledesma@outlook.com,+54 9 2294 5934,DAT-101,Introducción a los Datos,8,Aprobado
2024-04-01,Geronimo,Caceres,45402891,geronimo.caceres@outlook.com,+54 9 3616 2287,MKT-200,Marketing de Contenidos,1,Desaprobado
2024-04-01,Juan Ignacio,Aguirre,30116169,juan.ignacio.aguirre@yahoo.com,+54 9 3321 8845,MKT-200,Marketing de Contenidos,5,Aprobado
2024-04-01,Victoria,Diaz,44563667,victoria.diaz@gmail.com,+54 9 3974 5366,DAT-201,Estadística Avanzada,1,Desaprobado
2024-04-01,Gabriel,Benitez,38925094,gabriel.benitez@yahoo.com,+54 9 2411 8929,DAT-101,Introducción a los Datos,4,Aprobado
2024-04-01,Julieta,Lucero,45341622,julieta.lucero@gmail.com,+54 9 2991 6005,NEG-400,Liderazgo y Negociación,4,Aprobado
2024-04-01,Candela,Pereyra,41575887,candela.pereyra@outlook.com,+54 9 3264 8389,GEN-101,Ética y Tecnología,4,Aprobado
2024-04-01,Emma,Vazquez,44555423,emma.vazquez@yahoo.com,+54 9 3541 1746,MKT-200,Marketing de Contenidos,6,Aprobado
2024-04-01,Valentin,Acosta,40534516,valentin.acosta@yahoo.com,+54 9 3275 9629,DAT-101,Introducción a los Datos,7,Aprobado
2024-04-01,Pedro,Alvarez,32932411,pedro.alvarez@hotmail.com,+54 9 3346 2180,IA-300,Redes Neuronales,9,Aprobado
2024-04-01,Julieta,Gonzalez,41473248,julieta.gonzalez@yahoo.com,+54 9 3472 0478,IA-300,Redes Neuronales,8,Aprobado
2024-04-01,Tomas,Rodriguez,35990190,tomas.rodriguez@yahoo.com,+54 9 3576 3251,DEV-101,Algoritmos I,4,Aprobado
2024-04-01,Elena,Soria,40701939,elena.soria@hotmail.com,+54 9 3676 4345,DAT-101,Introducción a los Datos,10,Aprobado
2024-04-02,Emma,Luna,45788790,emma.luna@yahoo.com,+54 9 2632 6016,NEG-400,Liderazgo y Negociación,2,Desaprobado
2024-04-02,Paloma,Aguero,43767499,paloma.aguero@yahoo.com,+54 9 2198 7505,DEV-101,Algoritmos I,5,Aprobado
2024-04-02,Valentin,Alvarez,34508314,valentin.alvarez@yahoo.com,+54 9 2368 3900,GEN-101,Ética y Tecnología,2,Desaprobado
2024-04-02,Pilar,Blanco,35023742,pilar.blanco@hotmail.com,+54 9 2457 1189,DAT-101,Introducción a los Datos,1,Desaprobado
2024-04-02,Gonzalo,Garcia,39463207,gonzalo.garcia@outlook.com,+54 9 3935 3291,DAT-201,Estadística Avanzada,8,Aprobado
2024-04-02,Paloma,Alvarez,34146531,paloma.alvarez@yahoo.com,+54 9 2287 0519,IA-300,Redes Neuronales,2,Desaprobado
2024-04-02,Constanza,Maidana,30370016,constanza.maidana@gmail.com,+54 9 3858 7918,MKT-200,Marketing de Contenidos,7,Aprobado
2024-04-02,Mia Morena,Torres,30058812,,+54 9 2588 8829,IA-300,Redes Neuronales,5,Aprobado
2024-04-02,Victoria,Pereyra,36083652,victoria.pereyra@outlook.com,+54 9 2474 3313,DEV-101,Algoritmos I,1,Desaprobado
2024-04-02,Thiago Lionel,Flores,44419194,thiago.lionel.flores@outlook.com,+54 9 2150 6044,IA-300,Redes Neuronales,9,Aprobado
2024-04-03,Luna,Suarez,30309712,luna.suarez@hotmail.com,+54 9 2833 8901,MKT-200,Marketing de Contenidos,7,Aprobado
2024-04-03,Julieta,Lucero,45341622,julieta.lucero@gmail.com,+54 9 2991 6005,DEV-101,Algoritmos I,2,Desaprobado
2024-04-03,Luz Milagros,Medina,35437650,luz.milagros.medina@outlook.com,+54 9 2492 6811,DAT-201,Estadística Avanzada,3,Desaprobado
2024-04-03,Benjamin,Alvarez,38388641,benjamin.alvarez@outlook.com,+54 9 3174 8991,MKT-200,Marketing de Contenidos,4,Aprobado
2024-04-03,Olivia,Miranda,34166651,olivia.miranda@yahoo.com,+54 9 3471 5217,DEV-101,Algoritmos I,2,Desaprobado
2024-04-04,Valentina,Coronel,31593963,valentina.coronel@gmail.com,+54 9 2196 7061,MKT-200,Marketing de Contenidos,2,Desaprobado
2024-04-04,Juana,Gomez,40167473,juana.gomez@outlook.com,+54 9 2349 6632,MKT-200,Marketing de Contenidos,6,Aprobado
2024-04-04,Pedro,Bustos,39129106,pedro.bustos@yahoo.com,+54 9 2390 2204,MKT-200,Marketing de Contenidos,4,Aprobado
2024-04-04,Mateo,Benitez,42727516,mateo.benitez@outlook.com,+54 9 3778 1066,IA-300,Redes Neuronales,6,Aprobado
2024-04-04,Alma Valentina,Ruiz,42002650,alma.valentina.ruiz@yahoo.com,+54 9 3557 3260,DAT-101,Introducción a los Datos,6,Aprobado
2024-04-04,Tomàs,Gonzalez,34059848,tomas.gonzalez@gmail.com,+54 9 3824 7495,DAT-201,Estadística Avanzada,5,Aprobado
2024-04-04,Tomas,Mansilla,35598228,tomas.mansilla@yahoo.com,+54 9 3297 5035,MKT-200,Marketing de Contenidos,5,Aprobado
2024-04-04,Agostina,Rivero,35196112,agostina.rivero@hotmail.com,+54 9 3984 7134,DEV-101,Algoritmos I,10,Aprobado
2024-04-04,Thiago Agustin,Torres,33665133,thiago.agustin.torres@outlook.com,+54 9 2744 3520,DAT-101,Introducción a los Datos,6,Aprobado
2024-04-05,Luana,Gonzalez,31723879,luana.gonzalez@hotmail.com,+54 9 3937 0807,IA-300,Redes Neuronales,4,Aprobado
2024-04-05,Malena,Gomez,42892502,malena.gomez@yahoo.com,+54 9 3221 0394,UX-100,Diseño de Experiencia de Usuario,6,Aprobado
2024-04-05,Franco,Perez,36725023,franco.perez@outlook.com,+54 9 2101 9113,NEG-400,Liderazgo y Negociación,1,Desaprobado
2024-04-05,Juan Ignacio,Vega,35745673,juan.ignacio.vega@outlook.com,+54 9 2830 2542,NEG-400,Liderazgo y Negociación,7,Aprobado
2024-04-05,Lautaro,Carrizo,43720785,lautaro.carrizo@outlook.com,+54 9 2593 1249,GEN-101,Ética y Tecnología,8,Aprobado
2024-04-05,Valentina,Martinez,30279612,valentina.martinez@outlook.com,+54 9 2139 6410,DAT-201,Estadística Avanzada,5,Aprobado
2024-04-05,Lucia,Ramos,31800702,,+54 9 3426 1752,DEV-101,Algoritmos I,10,Aprobado
2024-04-05,Catalina,Franco,42679506,catalina.franco@yahoo.com,+54 9 2126 5465,IA-300,Redes Neuronales,5,Aprobado
2024-04-05,Bautista,Gomez,40105729,bautista.gomez@outlook.com,+54 9 2863 1004,GEN-101,Ética y Tecnología,2,Desaprobado
2024-04-05,Martina,Sanchez,40860494,martina.sanchez@outlook.com,+54 9 2497 0467,DAT-201,Estadística Avanzada,3,Desaprobado
2024-04-06,Lucas Ezequiel,Fernandez,42331291,lucas.ezequiel.fernandez@yahoo.com,+54 9 2969 0729,NEG-400,Liderazgo y Negociación,2,Desaprobado
2024-04-06,Bautista,Romero,44886400,bautista.romero@outlook.com,+54 9 3813 9647,DAT-201,Estadística Avanzada,3,Desaprobado
2024-04-06,Kiara,Vega,45609644,kiara.vega@outlook.com,+54 9 2249 9080,UX-100,Diseño de Experiencia de Usuario,5,Aprobado
2024-04-06,Mateo Benjamin,Gimenez,31453197,mateo.benjamin.gimenez@gmail.com,+54 9 3453 6421,MKT-200,Marketing de Contenidos,6,Aprobado
2024-04-06,Juan Manuel,Diaz,33601032,,+54 9 2759 7554,UX-100,Diseño de Experiencia de Usuario,4,Aprobado
2024-04-06,Olivia,Torres,32196825,olivia.torres@outlook.com,+54 9 2889 5702,IA-300,Redes Neuronales,6,Aprobado
2024-04-06,Thiago Benjamin,Suarez,36392604,thiago.benjamin.suarez@outlook.com,+54 9 3868 8461,GEN-101,Ética y Tecnología,8,Aprobado
2024-04-06,Lucas Ezequiel,Fernandez,42331291,lucas.ezequiel.fernandez@yahoo.com,+54 9 2969 0729,DAT-201,Estadística Avanzada,7,Aprobado
2024-04-06,Catalina,Acuña,30174396,catalina.acuna@gmail.com,+54 9 3472 3906,DEV-101,Algoritmos I,3,Desaprobado
2024-04-06,Santiago,Rodriguez,38657054,,+54 9 2523 6857,UX-100,Diseño de Experiencia de Usuario,9,Aprobado
2024-04-06,Candelaria,Romero,36630045,candelaria.romero@yahoo.com,+54 9 3267 1593,NEG-400,Liderazgo y Negociación,9,Aprobado
2024-04-06,Thiago Gabriel,Morales,40532051,thiago.gabriel.morales@hotmail.com,+54 9 2511 9172,DAT-101,Introducción a los Datos,6,Aprobado
2024-04-06,Valentina,Ledesma,39003369,valentina.ledesma@outlook.com,+54 9 2808 7111,UX-100,Diseño de Experiencia de Usuario,2,Desaprobado
2024-04-06,Juan Pablo,Suarez,32272850,juan.pablo.suarez@outlook.com,+54 9 3278 3178,NEG-400,Liderazgo y Negociación,6,Aprobado
2024-04-06,Olivia,Lopez,38406894,olivia.lopez@outlook.com,+54 9 2919 6333,DAT-201,Estadística Avanzada,3,Desaprobado
2024-04-06,Juan Manuel,Gonzalez,39718327,juan.manuel.gonzalez@yahoo.com,+54 9 2255 7778,DEV-101,Algoritmos I,5,Aprobado
2024-04-07,Isabella,Benitez,43736953,isabella.benitez@hotmail.com,+54 9 2667 7027,DEV-101,Algoritmos I,9,Aprobado
2024-04-07,Emma,Diaz,34443405,emma.diaz@outlook.com,+54 9 2795 0602,MKT-200,Marketing de Contenidos,5,Aprobado
2024-04-07,Catalina,Gutierrez,38750180,catalina.gutierrez@yahoo.com,+54 9 3250 8351,MKT-200,Marketing de Contenidos,2,Desaprobado
2024-04-07,Isabella,Acosta,34711560,isabella.acosta@yahoo.com,+54 9 3396 0862,DEV-101,Algoritmos I,8,Aprobado
2024-04-07,Julian,Acuña,40446070,julian.acuna@outlook.com,+54 9 2233 6706,NEG-400,Liderazgo y Negociación,3,Desaprobado
2024-04-07,Mateo Ezequiel,Caceres,45427332,mateo.ezequiel.caceres@hotmail.com,+54 9 3940 9207,DEV-101,Algoritmos I,1,Desaprobado
2024-04-07,Thiago Agustin,Torres,33665133,thiago.agustin.torres@outlook.com,+54 9 2744 3520,DAT-201,Estadística Avanzada,7,Aprobado
2024-04-07,Mia Morena,Gonzalez,39308771,mia.morena.gonzalez@outlook.com,+54 9 2179 8775,DEV-101,Algoritmos I,3,Desaprobado
2024-04-07,Sofia,Gimenez,40496612,sofia.gimenez@yahoo.com,+54 9 2374 0267,DAT-101,Introducción a los Datos,8,Aprobado
2024-04-07,Juan Sebastian,Escobar,45503533,juan.sebastian.escobar@hotmail.com,+54 9 3635 4397,MKT-200,Marketing de Contenidos,2,Desaprobado
2024-04-07,Tobias,Acosta,40338924,tobias.acosta@gmail.com,+54 9 2279 0887,NEG-400,Liderazgo y Negociación,5,Aprobado
2024-04-07,Tiziano,Torres,35155411,tiziano.torres@hotmail.com,+54 9 3483 9661,DAT-201,Estadística Avanzada,9,Aprobado
2024-04-08,Felipe,Gonzalez,36839899,felipe.gonzalez@outlook.com,+54 9 3434 8901,NEG-400,Liderazgo y Negociación,1,Desaprobado
2024-04-08,Julian,Castro,42208457,julian.castro@hotmail.com,+54 9 2462 7289,GEN-101,Ética y Tecnología,4,Aprobado
2024-04-08,Miguel Angel,Fernandez,43388966,miguel.angel.fernandez@yahoo.com,+54 9 3426 7701,IA-300,Redes Neuronales,8,Aprobado
2024-04-08,Emanuel,Medina,35409911,emanuel.medina@gmail.com,+54 9 3945 3357,IA-300,Redes Neuronales,6,Aprobado
2024-04-08,Nicolas,Ramirez,37345680,nicolas.ramirez@yahoo.com,+54 9 2984 6553,UX-100,Diseño de Experiencia de Usuario,7,Aprobado
2024-04-08,Ian,Herrera,39500363,ian.herrera@gmail.com,+54 9 2744 8221,UX-100,Diseño de Experiencia de Usuario,10,Aprobado
2024-04-09,Mia Valentina,Molina,43312078,mia.valentina.molina@hotmail.com,+54 9 2297 0399,IA-300,Redes Neuronales,2,Desaprobado
2024-04-09,Joaquin,Fernandez,43549185,joaquin.fernandez@hotmail.com,+54 9 3718 3602,DAT-101,Introducción a los Datos,10,Aprobado
2024-04-09,Mora,Martinez,40421216,,+54 9 3519 6935,GEN-101,Ética y Tecnología,4,Aprobado
2024-04-09,Valentin,Alvarez,34508314,valentin.alvarez@yahoo.com,+54 9 2368 3900,IA-300,Redes Neuronales,4,Aprobado
2024-04-09,Thiago Benjamin,Suarez,36392604,thiago.benjamin.suarez@outlook.com,+54 9 3868 8461,DAT-101,Introducción a los Datos,10,Aprobado
2024-04-09,Micaela,Lopez,32430086,micaela.lopez@yahoo.com,+54 9 2212 7030,DAT-101,Introducción a los Datos,2,Desaprobado
2024-04-09,Guadalupe,Ruiz,41886872,guadalupe.ruiz@outlook.com,+54 9 3461 7808,DAT-101,Introducción a los Datos,5,Aprobado
2024-04-09,Lorenzo,Herrera,33663590,,+54 9 3998 6990,DEV-101,Algoritmos I,8,Aprobado
2024-04-09,Thiago Joaquin,Gimenez,43483992,thiago.joaquin.gimenez@yahoo.com,+54 9 3834 5945,MKT-200,Marketing de Contenidos,4,Aprobado
2024-04-10,Thiago Nicolas,Cordoba,42758944,thiago.nicolas.cordoba@gmail.com,+54 9 3444 2890,NEG-400,Liderazgo y Negociación,8,Aprobado
2024-04-10,Tomàs,Juarez,30348701,tomas.juarez@yahoo.com,+54 9 2950 1285,GEN-101,Ética y Tecnología,8,Aprobado
2024-04-10,Joaquin,Flores,33353040,joaquin.flores@gmail.com,+54 9 2845 8115,DAT-201,Estadística Avanzada,9,Aprobado
2024-04-10,Maria Victoria,Bravo,34759191,maria.victoria.bravo@hotmail.com,+54 9 2260 1623,NEG-400,Liderazgo y Negociación,4,Aprobado
2024-04-10,Miguel Angel,Valdez,35212815,miguel.angel.valdez@hotmail.com,+54 9 3576 9991,IA-300,Redes Neuronales,2,Desaprobado
2024-04-10,Maria Guadalupe,Peralta,32143636,maria.guadalupe.peralta@gmail.com,+54 9 3813 1631,DAT-201,Estadística Avanzada,4,Aprobado
2024-04-10,Maximo,Gonzalez,32449620,maximo.gonzalez@outlook.com,+54 9 3759 1737,UX-100,Diseño de Experiencia de Usuario,3,Desaprobado
2024-04-10,Thiago,Ponce,41883892,thiago.ponce@gmail.com,+54 9 2697 8811,IA-300,Redes Neuronales,4,Aprobado
2024-04-10,Bautista Benjamin,Miranda,37155742,bautista.benjamin.miranda@yahoo.com,+54 9 3946 0891,NEG-400,Liderazgo y Negociación,10,Aprobado
2024-04-10,Juan Pablo,Suarez,32272850,juan.pablo.suarez@outlook.com,+54 9 3278 3178,DAT-101,Introducción a los Datos,5,Aprobado
2024-04-11,Benjamin Ezequiel,Ferreyra,45743513,benjamin.ezequiel.ferreyra@gmail.com,+54 9 3157 0890,MKT-200,Marketing de Contenidos,8,Aprobado
2024-04-11,Augusto,Medina,41597245,augusto.medina@hotmail.com,+54 9 2630 1109,DEV-101,Algoritmos I,9,Aprobado
2024-04-11,Sofia Belen,Benitez,31295512,sofia.belen.benitez@gmail.com,+54 9 2465 5624,DEV-101,Algoritmos I,7,Aprobado
2024-04-11,Victoria,Pereyra,36083652,victoria.pereyra@outlook.com,+54 9 2474 3313,NEG-400,Liderazgo y Negociación,4,Aprobado
2024-04-11,Simon,Coronel,42321650,simon.coronel@hotmail.com,+54 9 2987 5461,DEV-101,Algoritmos I,4,Aprobado
2024-04-11,Thiago,Ponce,41883892,thiago.ponce@gmail.com,+54 9 2697 8811,IA-300,Redes Neuronales,2,Desaprobado
2024-04-11,Mateo,Pereyra,31326547,mateo.pereyra@yahoo.com,+54 9 3173 2926,IA-300,Redes Neuronales,4,Aprobado
2024-04-11,Catalina,Franco,42679506,catalina.franco@yahoo.com,+54 9 2126 5465,GEN-101,Ética y Tecnología,1,Desaprobado
2024-04-11,Santiago,Rodriguez,38657054,santiago.rodriguez@outlook.com,+54 9 3243 5121,IA-300,Redes Neuronales,10,Aprobado
2024-04-11,Sofia,Morales,38866674,sofia.morales@outlook.com,+54 9 3891 4602,NEG-400,Liderazgo y Negociación,2,Desaprobado
2024-04-12,Francesca,Acuña,41109574,francesca.acuna@outlook.com,+54 9 2164 9052,DEV-101,Algoritmos I,3,Desaprobado
2024-04-12,Lautaro Ezequiel,Martinez,44113409,lautaro.ezequiel.martinez@outlook.com,+54 9 2801 8475,DAT-101,Introducción a los Datos,8,Aprobado
2024-04-12,Tiziano Benjamin,Garcia,40434897,tiziano.benjamin.garcia@hotmail.com,+54 9 2929 4952,GEN-101,Ética y Tecnología,9,Aprobado
2024-04-12,Santiago,Farias,34635361,santiago.farias@outlook.com,+54 9 3827 3233,MKT-200,Marketing de Contenidos,6,Aprobado
2024-04-12,Camila,Lopez,42590810,camila.lopez@hotmail.com,+54 9 2866 9837,DAT-101,Introducción a los Datos,3,Desaprobado
2024-04-12,Isabella,Rojas,38338168,isabella.rojas@gmail.com,+54 9 3669 1091,DEV-101,Algoritmos I,6,Aprobado
2024-04-12,Elena,Morales,42810923,elena.morales@outlook.com,+54 9 2276 2771,UX-100,Diseño de Experiencia de Usuario,7,Aprobado
2024-04-12,Mateo Benjamin,Gimenez,31453197,mateo.benjamin.gimenez@gmail.com,+54 9 3453 6421,DAT-201,Estadística Avanzada,6,Aprobado
2024-04-12,Juan Ignacio,Vega,35745673,juan.ignacio.vega@outlook.com,+54 9 2830 2542,GEN-101,Ética y Tecnología,7,Aprobado
2024-04-13,Lorenzo,Rodriguez,33225144,lorenzo.rodriguez@yahoo.com,+54 9 3313 2806,IA-300,Redes Neuronales,10,Aprobado
2024-04-13,Alma Valentina,Aguero,38223982,alma.valentina.aguero@yahoo.com,+54 9 3726 6320,DAT-101,Introducción a los Datos,8,Aprobado
2024-04-13,Francesca,Juarez,33387615,francesca.juarez@gmail.com,+54 9 2100 2133,DAT-201,Estadística Avanzada,2,Desaprobado
2024-04-13,Kiara,Cardozo,39430035,kiara.cardozo@outlook.com,+54 9 2494 1634,DEV-101,Algoritmos I,8,Aprobado
2024-04-13,Violeta,Gomez,35449166,violeta.gomez@outlook.com,+54 9 2728 4262,MKT-200,Marketing de Contenidos,8,Aprobado
2024-04-13,Bastian,Torres,45147679,bastian.torres@outlook.com,+54 9 2120 6852,GEN-101,Ética y Tecnología,2,Desaprobado
2024-04-14,Valentin,Medina,44791193,valentin.medina@gmail.com,+54 9 2274 4510,DEV-101,Algoritmos I,5,Aprobado
2024-04-14,Valentin,Alvarez,34508314,valentin.alvarez@yahoo.com,+54 9 2368 3900,UX-100,Diseño de Experiencia de Usuario,4,Aprobado
2024-04-14,Felipe,Sosa,41941216,felipe.sosa@hotmail.com,+54 9 3822 9392,IA-300,Redes Neuronales,4,Aprobado
2024-04-14,Francesca,Alvarez,31352683,francesca.alvarez@outlook.com,+54 9 2291 8928,MKT-200,Marketing de Contenidos,5,Aprobado
2024-04-14,Tobias,Mansilla,43888324,tobias.mansilla@outlook.com,+54 9 3192 2155,GEN-101,Ética y Tecnología,8,Aprobado
2024-04-14,Nicolas,Suarez,39777873,nicolas.suarez@yahoo.com,+54 9 2804 9821,DAT-201,Estadística Avanzada,3,Desaprobado
2024-04-15,Felipe,Quiroga,31205804,felipe.quiroga@yahoo.com,+54 9 3135 8421,NEG-400,Liderazgo y Negociación,2,Desaprobado
2024-04-15,Bautista Benjamin,Rodriguez,38290265,bautista.benjamin.rodriguez@yahoo.com,+54 9 3894 0104,NEG-400,Liderazgo y Negociación,10,Aprobado
2024-04-15,Benjamin,Rios,43773004,benjamin.rios@hotmail.com,+54 9 3138 8805,NEG-400,Liderazgo y Negociación,10,Aprobado
2024-04-15,Martina,Ruiz,40886471,martina.ruiz@outlook.com,+54 9 2578 9149,DAT-101,Introducción a los Datos,7,Aprobado
2024-04-15,Lautaro Benjamin,Benitez,30723545,lautaro.benjamin.benitez@gmail.com,+54 9 3146 3065,UX-100,Diseño de Experiencia de Usuario,5,Aprobado
2024-04-15,Zoe Valentina,Rios,39099433,zoe.valentina.rios@gmail.com,+54 9 2322 5982,NEG-400,Liderazgo y Negociación,8,Aprobado
2024-04-15,Felicitas,Rios,42378567,felicitas.rios@hotmail.com,+54 9 2442 5152,IA-300,Redes Neuronales,8,Aprobado
2024-04-15,Juan Ignacio,Rodriguez,41171969,juan.ignacio.rodriguez@gmail.com,+54 9 3473 5907,GEN-101,Ética y Tecnología,6,Aprobado
2024-04-15,Emanuel,Villalba,40328227,emanuel.villalba@gmail.com,+54 9 3228 7687,IA-300,Redes Neuronales,7,Aprobado
2024-04-15,Santino,Barrios,30126752,santino.barrios@hotmail.com,+54 9 3148 8939,DAT-101,Introducción a los Datos,2,Desaprobado
2024-04-15,Augusto,Flores,30926558,augusto.flores@yahoo.com,+54 9 3704 5207,UX-100,Diseño de Experiencia de Usuario,3,Desaprobado
2024-04-15,Felipe,Diaz,41297634,felipe.diaz@yahoo.com,+54 9 2874 8240,MKT-200,Marketing de Contenidos,1,Desaprobado
2024-04-16,Lautaro Benjamin,Fernandez,35188238,lautaro.benjamin.fernandez@yahoo.com,+54 9 2450 2897,UX-100,Diseño de Experiencia de Usuario,3,Desaprobado
2024-04-16,Agustín,Martinez,41829357,agustin.martinez@outlook.com,+54 9 3467 3084,IA-300,Redes Neuronales,9,Aprobado
2024-04-16,Victoria,Gomez,39157120,victoria.gomez@outlook.com,+54 9 3310 3142,IA-300,Redes Neuronales,3,Desaprobado
2024-04-16,Mia,Rodriguez,35440459,mia.rodriguez@yahoo.com,+54 9 3104 4901,DAT-101,Introducción a los Datos,5,Aprobado
2024-04-16,Sofía,Aguirre,42849061,sofia.aguirre@yahoo.com,+54 9 2393 2267,IA-300,Redes Neuronales,7,Aprobado
2024-04-16,Thiago Benjamin,Carrizo,37099184,thiago.benjamin.carrizo@gmail.com,+54 9 3301 2233,UX-100,Diseño de Experiencia de Usuario,1,Desaprobado
2024-04-17,Victoria,Gomez,39157120,victoria.gomez@outlook.com,+54 9 3310 3142,IA-300,Redes Neuronales,2,Desaprobado
2024-04-17,Agustin,Garcia,32099618,agustin.garcia@yahoo.com,+54 9 3791 4083,MKT-200,Marketing de Contenidos,10,Aprobado
2024-04-17,Felipe,Ojeda,45076126,felipe.ojeda@hotmail.com,+54 9 2214 5024,IA-300,Redes Neuronales,2,Desaprobado
2024-04-17,Olivia,Soto,40371152,olivia.soto@outlook.com,+54 9 2701 8989,DAT-201,Estadística Avanzada,9,Aprobado
2024-04-17,Antonia,Quiroga,31370404,antonia.quiroga@outlook.com,+54 9 2637 0380,DAT-201,Estadística Avanzada,3,Desaprobado
2024-04-17,Maria Emilia,Valdez,31868622,maria.emilia.valdez@gmail.com,+54 9 2483 6060,MKT-200,Marketing de Contenidos,10,Aprobado
2024-04-18,Isabella,Sanchez,39924190,isabella.sanchez@hotmail.com,+54 9 2622 1510,GEN-101,Ética y Tecnología,1,Desaprobado
2024-04-18,Bautista,Dominguez,42419781,bautista.dominguez@gmail.com,+54 9 2354 1372,UX-100,Diseño de Experiencia de Usuario,6,Aprobado
2024-04-18,Candelaria,Romero,36630045,candelaria.romero@yahoo.com,+54 9 3267 1593,DAT-201,Estadística Avanzada,10,Aprobado
2024-04-18,Bautista,Vega,44635112,bautista.vega@hotmail.com,+54 9 3333 0825,IA-300,Redes Neuronales,4,Aprobado
2024-04-18,Lola,Farias,30619113,lola.farias@outlook.com,+54 9 3412 1839,MKT-200,Marketing de Contenidos,1,Desaprobado
2024-04-18,Agustina,Ojeda,43068884,agustina.ojeda@outlook.com,+54 9 2566 6034,NEG-400,Liderazgo y Negociación,8,Aprobado
2024-04-18,Lautaro,Gonzalez,39822223,lautaro.gonzalez@outlook.com,+54 9 3142 2701,IA-300,Redes Neuronales,5,Aprobado
2024-04-18,Tiziana,Perez,37024637,tiziana.perez@hotmail.com,+54 9 3992 6102,UX-100,Diseño de Experiencia de Usuario,9,Aprobado
2024-04-18,Juan Martin,Figueroa,45055136,juan.martin.figueroa@yahoo.com,+54 9 3194 0163,UX-100,Diseño de Experiencia de Usuario,7,Aprobado
2024-04-18,Santiago,Diaz,42928321,santiago.diaz@gmail.com,+54 9 2215 6625,MKT-200,Marketing de Contenidos,7,Aprobado
2024-04-19,Francesco,Gomez,31730247,francesco.gomez@outlook.com,+54 9 2840 7754,NEG-400,Liderazgo y Negociación,5,Aprobado
2024-04-19,Bautista,Flores,35674650,bautista.flores@yahoo.com,+54 9 2903 9861,DAT-201,Estadística Avanzada,1,Desaprobado
2024-04-19,Nina,Perez,37949128,nina.perez@hotmail.com,+54 9 2327 0565,NEG-400,Liderazgo y Negociación,10,Aprobado
2024-04-19,Benjamin,Avila,34801591,benjamin.avila@yahoo.com,+54 9 2399 3699,GEN-101,Ética y Tecnología,5,Aprobado
2024-04-19,Lucía,Olivera,43416352,lucia.olivera@outlook.com,+54 9 2167 4983,DAT-101,Introducción a los Datos,9,Aprobado
2024-04-19,Violeta,Muñoz,45419981,violeta.munoz@hotmail.com,+54 9 2982 4228,GEN-101,Ética y Tecnología,3,Desaprobado
2024-04-19,Tomàs,Molina,41763206,tomas.molina@outlook.com,+54 9 2458 3458,DEV-101,Algoritmos I,9,Aprobado
2024-04-19,Benicio,Roldan,36326296,benicio.roldan@hotmail.com,+54 9 2232 7266,IA-300,Redes Neuronales,8,Aprobado
2024-04-19,Santiago Benjamin,Lopez,32808702,santiago.benjamin.lopez@gmail.com,+54 9 3826 4907,DAT-201,Estadística Avanzada,1,Desaprobado
2024-04-20,Isabella,Acosta,34711560,isabella.acosta@yahoo.com,+54 9 3396 0862,DAT-201,Estadística Avanzada,2,Desaprobado
2024-04-20,Augusto,Fernandez,30413264,augusto.fernandez@yahoo.com,+54 9 3927 1284,IA-300,Redes Neuronales,1,Desaprobado
2024-04-20,Martín,Alvarez,42124538,martin.alvarez@outlook.com,+54 9 2507 2867,UX-100,Diseño de Experiencia de Usuario,7,Aprobado
2024-04-20,Thiago Gabriel,Flores,33493292,thiago.gabriel.flores@hotmail.com,+54 9 2200 6549,UX-100,Diseño de Experiencia de Usuario,5,Aprobado
2024-04-20,Sofia,Gutierrez,44594931,sofia.gutierrez@yahoo.com,+54 9 3472 4097,DAT-201,Estadística Avanzada,9,Aprobado
2024-04-20,Martina,Molina,31366271,martina.molina@gmail.com,+54 9 2319 5813,MKT-200,Marketing de Contenidos,4,Aprobado
2024-04-20,Juan Cruz,Fernandez,40665974,juan.cruz.fernandez@hotmail.com,+54 9 3983 4184,DAT-201,Estadística Avanzada,2,Desaprobado
2024-04-21,Valentino,Ponce,37268989,valentino.ponce@outlook.com,+54 9 2771 2686,DAT-101,Introducción a los Datos,9,Aprobado
2024-04-21,Jazmin,Coronel,33630695,jazmin.coronel@gmail.com,+54 9 3947 7879,DAT-101,Introducción a los Datos,1,Desaprobado
2024-04-21,Matias,Ponce,33556417,,+54 9 3311 8454,NEG-400,Liderazgo y Negociación,6,Aprobado
2024-04-21,Amparo,Roldan,32578687,,+54 9 3465 8880,DAT-101,Introducción a los Datos,9,Aprobado
2024-04-21,Juan Ignacio,Cruz,40993683,juan.ignacio.cruz@gmail.com,+54 9 3683 6890,DEV-101,Algoritmos I,10,Aprobado
2024-04-21,Felipe,Paez,45842940,felipe.paez@gmail.com,+54 9 3135 6997,UX-100,Diseño de Experiencia de Usuario,2,Desaprobado
2024-04-21,Isabella,Sanchez,39924190,isabella.sanchez@hotmail.com,+54 9 2622 1510,IA-300,Redes Neuronales,8,Aprobado
2024-04-21,Francesca,Garcia,41950086,francesca.garcia@hotmail.com,+54 9 3782 6468,GEN-101,Ética y Tecnología,8,Aprobado
2024-04-22,Pilar,Rodriguez,36794996,pilar.rodriguez@outlook.com,+54 9 3494 9969,UX-100,Diseño de Experiencia de Usuario,9,Aprobado
2024-04-22,Juan Manuel,Diaz,33601032,juan.manuel.diaz@yahoo.com,+54 9 2833 1051,IA-300,Redes Neuronales,6,Aprobado
2024-04-22,Luciana,Rodriguez,37706458,luciana.rodriguez@yahoo.com,+54 9 2168 5585,DAT-101,Introducción a los Datos,3,Desaprobado
2024-04-22,Nicolas,Ayala,39579403,nicolas.ayala@yahoo.com,+54 9 3989 1667,DAT-101,Introducción a los Datos,4,Aprobado
2024-04-22,Juana,Fernandez,38038154,juana.fernandez@hotmail.com,+54 9 3178 3445,MKT-200,Marketing de Contenidos,8,Aprobado
2024-04-22,Agostina,Martin,45819512,agostina.martin@yahoo.com,+54 9 2973 7775,NEG-400,Liderazgo y Negociación,10,Aprobado
2024-04-22,Santiago,Diaz,33429749,santiago.diaz@hotmail.com,+54 9 2566 2085,DAT-101,Introducción a los Datos,9,Aprobado
2024-04-22,Geronimo,Ramirez,33035804,,+54 9 2997 5339,MKT-200,Marketing de Contenidos,1,Desaprobado
2024-04-22,Benjamin Ezequiel,Ferreyra,45743513,benjamin.ezequiel.ferreyra@gmail.com,+54 9 3157 0890,UX-100,Diseño de Experiencia de Usuario,1,Desaprobado
2024-04-23,Santiago,Vera,45170259,santiago.vera@hotmail.com,+54 9 2663 6938,UX-100,Diseño de Experiencia de Usuario,5,Aprobado
2024-04-23,Thiago Benjamin,Gonzalez,36031653,thiago.benjamin.gonzalez@gmail.com,+54 9 2821 1399,IA-300,Redes Neuronales,7,Aprobado
2024-04-23,Sofia,Morales,38866674,sofia.morales@outlook.com,+54 9 3891 4602,MKT-200,Marketing de Contenidos,4,Aprobado
2024-04-23,Valentino,Suarez,41065435,valentino.suarez@gmail.com,+54 9 3761 5014,GEN-101,Ética y Tecnología,7,Aprobado
2024-04-23,Maite,Villalba,35627041,maite.villalba@outlook.com,+54 9 3960 6282,DAT-101,Introducción a los Datos,4,Aprobado
2024-04-23,Alejo,Lopez,33753511,alejo.lopez@hotmail.com,+54 9 2129 9549,UX-100,Diseño de Experiencia de Usuario,9,Aprobado
2024-04-24,Emilia,Rodriguez,36878477,emilia.rodriguez@outlook.com,+54 9 2658 0367,DAT-201,Estadística Avanzada,3,Desaprobado
2024-04-24,Emma,Lopez,45968790,emma.lopez@outlook.com,+54 9 2848 2153,DAT-201,Estadística Avanzada,9,Aprobado
2024-04-24,Isabella,Fernandez,31188805,isabella.fernandez@hotmail.com,+54 9 3212 7662,NEG-400,Liderazgo y Negociación,9,Aprobado
2024-04-24,Juan Manuel,Luna,33247205,juan.manuel.luna@yahoo.com,+54 9 2908 3475,GEN-101,Ética y Tecnología,1,Desaprobado
2024-04-24,Alma Valentina,Ruiz,42002650,alma.valentina.ruiz@yahoo.com,+54 9 3557 3260,DEV-101,Algoritmos I,10,Aprobado
2024-04-24,Sofia,Gutierrez,44594931,sofia.gutierrez@yahoo.com,+54 9 3472 4097,DAT-101,Introducción a los Datos,8,Aprobado
2024-04-24,Valentina ,Suarez,30763137,valentina..suarez@gmail.com,+54 9 3834 3966,DAT-101,Introducción a los Datos,10,Aprobado
2024-04-24,Maximo,Perez,36629400,maximo.perez@yahoo.com,+54 9 2589 0528,DAT-101,Introducción a los Datos,6,Aprobado
2024-04-24,Juan Gabriel,Quiroga,37678418,juan.gabriel.quiroga@hotmail.com,+54 9 3775 6248,DAT-201,Estadística Avanzada,9,Aprobado
2024-04-24,Alvaro,Guzman,41077276,alvaro.guzman@outlook.com,+54 9 2232 0812,GEN-101,Ética y Tecnología,1,Desaprobado
2024-04-24,Alma,Acosta,45303367,alma.acosta@yahoo.com,+54 9 3979 6634,UX-100,Diseño de Experiencia de Usuario,6,Aprobado
2024-04-25,Joaquin,Romero,30089193,joaquin.romero@gmail.com,+54 9 3788 7975,DAT-101,Introducción a los Datos,2,Desaprobado
2024-04-25,Tomàs,Molina,36456678,tomas.molina@gmail.com,+54 9 2658 0121,DEV-101,Algoritmos I,1,Desaprobado
2024-04-25,Lucía,Gonzalez,30445334,lucia.gonzalez@hotmail.com,+54 9 3641 4214,GEN-101,Ética y Tecnología,8,Aprobado
2024-04-25,Ignacio,Moyano,36659139,ignacio.moyano@hotmail.com,+54 9 3378 9602,DAT-101,Introducción a los Datos,7,Aprobado
2024-04-25,Guadalupe,Ojeda,32698751,guadalupe.ojeda@gmail.com,+54 9 2824 8204,IA-300,Redes Neuronales,4,Aprobado
2024-04-26,Dylan Ezequiel,Rodriguez,41998415,dylan.ezequiel.rodriguez@outlook.com,+54 9 2713 2323,DAT-101,Introducción a los Datos,6,Aprobado
2024-04-26,Benjamin,Luna,45383156,benjamin.luna@yahoo.com,+54 9 2521 9219,DAT-201,Estadística Avanzada,1,Desaprobado
2024-04-26,Guadalupe,Sosa,44713988,guadalupe.sosa@outlook.com,+54 9 3273 2380,MKT-200,Marketing de Contenidos,6,Aprobado
2024-04-26,Catalina,Rios,36349870,catalina.rios@hotmail.com,+54 9 3441 0122,DAT-101,Introducción a los Datos,5,Aprobado
2024-04-26,Tiziano Benjamin,Gomez,31230787,tiziano.benjamin.gomez@gmail.com,+54 9 2799 4843,DEV-101,Algoritmos I,9,Aprobado
2024-04-26,Bruno,Gomez,42242735,bruno.gomez@outlook.com,+54 9 2623 2722,MKT-200,Marketing de Contenidos,8,Aprobado
2024-04-26,Benicio,Martinez,45385368,benicio.martinez@gmail.com,+54 9 2572 2586,DAT-101,Introducción a los Datos,2,Desaprobado
2024-04-26,Thiago Leonel,Gonzalez,44807676,thiago.leonel.gonzalez@outlook.com,+54 9 3846 5462,GEN-101,Ética y Tecnología,9,Aprobado
2024-04-26,Ian Benjamin,Moyano,31263287,ian.benjamin.moyano@outlook.com,+54 9 2936 9912,IA-300,Redes Neuronales,7,Aprobado
2024-04-26,Juana,Fernandez,38038154,,+54 9 2328 8395,IA-300,Redes Neuronales,9,Aprobado
2024-04-26,Francesco,Gomez,31730247,francesco.gomez@outlook.com,+54 9 2840 7754,DEV-101,Algoritmos I,5,Aprobado
2024-04-26,Bianca,Gonzalez,34864189,bianca.gonzalez@outlook.com,+54 9 3785 8770,IA-300,Redes Neuronales,3,Desaprobado
2024-04-26,Thiago Leonel,Gomez,34077479,thiago.leonel.gomez@outlook.com,+54 9 2178 4032,GEN-101,Ética y Tecnología,3,Desaprobado
2024-04-26,Emma,Perez,39164387,emma.perez@gmail.com,+54 9 3391 7027,UX-100,Diseño de Experiencia de Usuario,8,Aprobado
2024-04-26,Valentina ,Gomez,33267106,valentina..gomez@gmail.com,+54 9 2537 5989,MKT-200,Marketing de Contenidos,8,Aprobado
2024-04-26,Sofia,Flores,44242303,sofia.flores@hotmail.com,+54 9 2831 8762,DEV-101,Algoritmos I,5,Aprobado
2024-04-27,Gonzalo,Garcia,35620137,gonzalo.garcia@outlook.com,+54 9 3892 2082,IA-300,Redes Neuronales,5,Aprobado
2024-04-27,Juan Ignacio,Gomez,31692100,juan.ignacio.gomez@hotmail.com,+54 9 2455 6657,UX-100,Diseño de Experiencia de Usuario,8,Aprobado
2024-04-27,Constantino,Correa,35845730,constantino.correa@hotmail.com,+54 9 3183 2777,NEG-400,Liderazgo y Negociación,3,Desaprobado
2024-04-27,Nina,Perez,37949128,nina.perez@hotmail.com,+54 9 2327 0565,UX-100,Diseño de Experiencia de Usuario,5,Aprobado
2024-04-27,Agustina,Torres,42132790,agustina.torres@gmail.com,+54 9 2124 3093,IA-300,Redes Neuronales,10,Aprobado
2024-04-27,Lorenzo,Gonzalez,39842417,lorenzo.gonzalez@hotmail.com,+54 9 2891 3674,DEV-101,Algoritmos I,3,Desaprobado
2024-04-27,Juan Bautista,Gomez,44120543,juan.bautista.gomez@outlook.com,+54 9 2752 4496,MKT-200,Marketing de Contenidos,7,Aprobado
2024-04-27,Bautista Benjamin,Rodriguez,38290265,bautista.benjamin.rodriguez@yahoo.com,+54 9 3894 0104,DEV-101,Algoritmos I,6,Aprobado
2024-04-27,Joaquín,Sosa,31379248,joaquin.sosa@outlook.com,+54 9 2975 2269,MKT-200,Marketing de Contenidos,6,Aprobado
2024-04-27,Bautista,Velazquez,33885760,bautista.velazquez@outlook.com,+54 9 3632 0670,DEV-101,Algoritmos I,10,Aprobado
2024-04-28,Bautista,Romero,33338311,bautista.romero@gmail.com,+54 9 2879 1991,NEG-400,Liderazgo y Negociación,5,Aprobado
2024-04-28,Tiziano,Gomez,38877407,tiziano.gomez@outlook.com,+54 9 3511 2847,DAT-201,Estadística Avanzada,6,Aprobado
2024-04-28,Mia,Gomez,45633220,mia.gomez@hotmail.com,+54 9 3867 4637,NEG-400,Liderazgo y Negociación,3,Desaprobado
2024-04-28,Francesca,Juarez,33387615,francesca.juarez@gmail.com,+54 9 2100 2133,IA-300,Redes Neuronales,9,Aprobado
2024-04-28,Alma,Acosta,45303367,alma.acosta@yahoo.com,+54 9 3979 6634,DAT-201,Estadística Avanzada,1,Desaprobado
2024-04-28,Federico,Gomez,41003214,federico.gomez@hotmail.com,+54 9 3475 5648,IA-300,Redes Neuronales,8,Aprobado
2024-04-28,Valentina,Coronel,31593963,valentina.coronel@gmail.com,+54 9 2196 7061,DAT-201,Estadística Avanzada,6,Aprobado
2024-04-28,Valentino,Cardozo,40348880,valentino.cardozo@yahoo.com,+54 9 3586 9893,DAT-201,Estadística Avanzada,7,Aprobado
2024-04-28,Isabella,Perez,31438321,isabella.perez@yahoo.com,+54 9 2939 5443,NEG-400,Liderazgo y Negociación,8,Aprobado
2024-04-28,Constantino,Correa,35845730,constantino.correa@hotmail.com,+54 9 3183 2777,MKT-200,Marketing de Contenidos,2,Desaprobado
2024-04-29,Franco,Sanchez,31185224,franco.sanchez@yahoo.com,+54 9 2993 6412,NEG-400,Liderazgo y Negociación,3,Desaprobado
2024-04-29,Manuel,Lopez,32349994,manuel.lopez@outlook.com,+54 9 3812 8627,IA-300,Redes Neuronales,3,Desaprobado
2024-04-29,Juliana,Ramos,31134185,juliana.ramos@hotmail.com,+54 9 2907 3471,NEG-400,Liderazgo y Negociación,3,Desaprobado
2024-04-29,Maite,Farias,38542906,maite.farias@yahoo.com,+54 9 2945 8137,UX-100,Diseño de Experiencia de Usuario,1,Desaprobado
2024-04-30,Olivia,Flores,35740137,olivia.flores@gmail.com,+54 9 2768 7292,MKT-200,Marketing de Contenidos,9,Aprobado
2024-04-30,Julieta,Duarte,44753132,julieta.duarte@yahoo.com,+54 9 3974 7739,IA-300,Redes Neuronales,5,Aprobado
2024-04-30,Lautaro,Luna,38832034,lautaro.luna@outlook.com,+54 9 2513 4886,NEG-400,Liderazgo y Negociación,7,Aprobado
2024-04-30,Mia Jazmin,Sosa,45256650,mia.jazmin.sosa@yahoo.com,+54 9 2604 7877,NEG-400,Liderazgo y Negociación,6,Aprobado
2024-04-30,Lautaro,Carrizo,43720785,lautaro.carrizo@outlook.com,+54 9 2593 1249,DAT-201,Estadística Avanzada,1,Desaprobado
2024-05-01,Pedro,Bustos,39129106,pedro.bustos@yahoo.com,+54 9 2390 2204,GEN-101,Ética y Tecnología,7,Aprobado
2024-05-01,Santiago,Peralta,36313373,santiago.peralta@yahoo.com,+54 9 2543 8160,IA-300,Redes Neuronales,2,Desaprobado
2024-05-01,Juan Cruz,Ruiz,45850941,juan.cruz.ruiz@outlook.com,+54 9 3668 2851,GEN-101,Ética y Tecnología,4,Aprobado
2024-05-01,Morena,Luna,44775708,morena.luna@yahoo.com,+54 9 2846 0677,GEN-101,Ética y Tecnología,1,Desaprobado
2024-05-01,Antonia,Quiroga,31370404,antonia.quiroga@outlook.com,+54 9 2637 0380,DAT-201,Estadística Avanzada,10,Aprobado
2024-05-01,Lucas Ezequiel,Fernandez,42331291,lucas.ezequiel.fernandez@yahoo.com,+54 9 2969 0729,DAT-101,Introducción a los Datos,1,Desaprobado
2024-05-01,Thiago Valentin,Flores,32085812,thiago.valentin.flores@gmail.com,+54 9 3325 6099,DAT-201,Estadística Avanzada,2,Desaprobado
2024-05-01,Jazmin,Roldan,37935165,jazmin.roldan@outlook.com,+54 9 2493 1713,DAT-101,Introducción a los Datos,9,Aprobado
2024-05-01,Emilia,Rios,36744678,emilia.rios@gmail.com,+54 9 2362 2911,DAT-201,Estadística Avanzada,3,Desaprobado
2024-05-01,Martina,Garcia,40069107,martina.garcia@gmail.com,+54 9 2881 9157,MKT-200,Marketing de Contenidos,5,Aprobado
2024-05-01,Angelina,Caceres,33155313,angelina.caceres@outlook.com,+54 9 3754 6527,DEV-101,Algoritmos I,10,Aprobado
2024-05-02,Maria Luz,Cabrera,42574929,maria.luz.cabrera@gmail.com,+54 9 3395 6725,DAT-101,Introducción a los Datos,10,Aprobado
2024-05-02,Juan Bautista,Soria,42881854,juan.bautista.soria@yahoo.com,+54 9 3300 1226,DAT-201,Estadística Avanzada,2,Desaprobado
2024-05-02,Ciro,Nuñez,40214433,ciro.nunez@hotmail.com,+54 9 2659 3467,DAT-101,Introducción a los Datos,8,Aprobado
2024-05-02,Bruno,Herrera,32259990,bruno.herrera@gmail.com,+54 9 2334 4971,UX-100,Diseño de Experiencia de Usuario,8,Aprobado
2024-05-02,Julian,Castro,42208457,julian.castro@hotmail.com,+54 9 2462 7289,DAT-201,Estadística Avanzada,10,Aprobado
2024-05-02,Ciro,Bustos,30437958,ciro.bustos@gmail.com,+54 9 3627 0325,MKT-200,Marketing de Contenidos,9,Aprobado
2024-05-03,Lautaro Benjamin,Castro,31921360,lautaro.benjamin.castro@gmail.com,+54 9 2692 1416,GEN-101,Ética y Tecnología,9,Aprobado
2024-05-03,Máximo,Rodriguez,32343092,maximo.rodriguez@yahoo.com,+54 9 2693 4828,NEG-400,Liderazgo y Negociación,3,Desaprobado
2024-05-03,Abril,Sosa,39268069,abril.sosa@gmail.com,+54 9 3331 4281,NEG-400,Liderazgo y Negociación,9,Aprobado
2024-05-03,Maria Victoria,Ruiz,38689454,maria.victoria.ruiz@gmail.com,+54 9 2207 6028,MKT-200,Marketing de Contenidos,1,Desaprobado
2024-05-03,Dante,Vargas,34845546,dante.vargas@hotmail.com,+54 9 2629 6000,DAT-201,Estadística Avanzada,7,Aprobado
2024-05-03,Clara,Alvarez,43023911,clara.alvarez@yahoo.com,+54 9 2816 0515,DAT-101,Introducción a los Datos,4,Aprobado
2024-05-03,Santiago,Diaz,42928321,santiago.diaz@gmail.com,+54 9 2215 6625,DEV-101,Algoritmos I,4,Aprobado
2024-05-03,Nicolas,Suarez,39777873,nicolas.suarez@yahoo.com,+54 9 2804 9821,NEG-400,Liderazgo y Negociación,7,Aprobado
2024-05-04,Lorenzo,Herrera,33663590,lorenzo.herrera@hotmail.com,+54 9 2920 8314,DAT-101,Introducción a los Datos,6,Aprobado
2024-05-04,Jazmin,Sosa,36907787,jazmin.sosa@outlook.com,+54 9 2775 9254,UX-100,Diseño de Experiencia de Usuario,1,Desaprobado
2024-05-04,Olivia,Rodriguez,30566758,olivia.rodriguez@gmail.com,+54 9 3464 1700,UX-100,Diseño de Experiencia de Usuario,1,Desaprobado
2024-05-04,Valentin,Perez,37261587,valentin.perez@outlook.com,+54 9 2898 6859,DAT-101,Introducción a los Datos,10,Aprobado
2024-05-04,Thiago Benjamin,Sanchez,39041016,thiago.benjamin.sanchez@gmail.com,+54 9 2385 8705,DEV-101,Algoritmos I,6,Aprobado
2024-05-04,Delfina,Acosta,32169352,delfina.acosta@outlook.com,+54 9 2578 7523,IA-300,Redes Neuronales,3,Desaprobado
2024-05-04,Ciro,Vega,37795993,ciro.vega@hotmail.com,+54 9 3187 1032,DAT-101,Introducción a los Datos,8,Aprobado
2024-05-04,Lautaro,Rodriguez,41885509,lautaro.rodriguez@gmail.com,+54 9 2279 7194,MKT-200,Marketing de Contenidos,9,Aprobado
2024-05-04,Dylan Benjamin,Medina,33922912,dylan.benjamin.medina@outlook.com,+54 9 2180 5550,DEV-101,Algoritmos I,3,Desaprobado
2024-05-04,Santino,Franco,45752068,santino.franco@gmail.com,+54 9 3811 5295,GEN-101,Ética y Tecnología,3,Desaprobado
2024-05-04,Mateo,Ramirez,31594777,mateo.ramirez@outlook.com,+54 9 3476 1002,DAT-101,Introducción a los Datos,3,Desaprobado
2024-05-05,Lautaro,Soto,42266843,lautaro.soto@gmail.com,+54 9 3164 7741,NEG-400,Liderazgo y Negociación,2,Desaprobado
2024-05-05,Francesca,Barrios,45826183,francesca.barrios@outlook.com,+54 9 2740 0345,MKT-200,Marketing de Contenidos,1,Desaprobado
2024-05-05,Amparo,Roldan,32578687,amparo.roldan@yahoo.com,+54 9 2167 4628,NEG-400,Liderazgo y Negociación,5,Aprobado
2024-05-05,Lorenzo,Martin,37454570,lorenzo.martin@yahoo.com,+54 9 3629 4107,DAT-101,Introducción a los Datos,10,Aprobado
2024-05-05,Francesca,Sosa,41129177,,+54 9 3263 6818,NEG-400,Liderazgo y Negociación,7,Aprobado
2024-05-05,Alma,Rodriguez,32099297,alma.rodriguez@yahoo.com,+54 9 2746 8806,IA-300,Redes Neuronales,8,Aprobado
2024-05-05,Catalina,Diaz,31599603,catalina.diaz@hotmail.com,+54 9 2408 8941,MKT-200,Marketing de Contenidos,5,Aprobado
2024-05-06,Alma,Perez,33699765,alma.perez@hotmail.com,+54 9 3664 5122,UX-100,Diseño de Experiencia de Usuario,8,Aprobado
2024-05-06,Felipe,Paez,45842940,felipe.paez@gmail.com,+54 9 3135 6997,NEG-400,Liderazgo y Negociación,6,Aprobado
2024-05-06,Juan Martin,Paez,31821525,juan.martin.paez@yahoo.com,+54 9 3718 4386,DAT-201,Estadística Avanzada,1,Desaprobado
2024-05-06,Bianca,Silva,35579453,bianca.silva@outlook.com,+54 9 2534 1155,DAT-201,Estadística Avanzada,5,Aprobado
2024-05-06,Maria Guadalupe,Romero,43904609,,+54 9 3725 4427,NEG-400,Liderazgo y Negociación,4,Aprobado
2024-05-06,Ignacio,Gonzalez,34070539,ignacio.gonzalez@gmail.com,+54 9 2368 8357,GEN-101,Ética y Tecnología,9,Aprobado
2024-05-06,Tiziana,Gonzalez,37054065,,+54 9 2494 4893,DEV-101,Algoritmos I,1,Desaprobado
2024-05-06,Bautista,Cabrera,38622234,bautista.cabrera@outlook.com,+54 9 2547 1522,DAT-201,Estadística Avanzada,10,Aprobado
2024-05-07,Lucia,Ramos,31800702,lucia.ramos@gmail.com,+54 9 3768 9233,GEN-101,Ética y Tecnología,10,Aprobado
2024-05-07,Ciro,Rodriguez,34631318,ciro.rodriguez@yahoo.com,+54 9 2847 7119,DEV-101,Algoritmos I,1,Desaprobado
2024-05-07,Delfina,Diaz,45181550,delfina.diaz@outlook.com,+54 9 3913 7400,UX-100,Diseño de Experiencia de Usuario,3,Desaprobado
2024-05-07,Benicio,Martinez,45385368,,+54 9 2509 5814,DAT-201,Estadística Avanzada,6,Aprobado
2024-05-07,Pedro,Lucero,40818237,pedro.lucero@yahoo.com,+54 9 3557 7108,GEN-101,Ética y Tecnología,10,Aprobado
2024-05-07,Juana,Soto,45426738,juana.soto@gmail.com,+54 9 3811 4474,NEG-400,Liderazgo y Negociación,7,Aprobado
2024-05-07,Sofia,Vega,45171795,sofia.vega@yahoo.com,+54 9 2361 5465,DEV-101,Algoritmos I,6,Aprobado
2024-05-07,Santino,Gonzalez,35543489,santino.gonzalez@gmail.com,+54 9 2703 1064,UX-100,Diseño de Experiencia de Usuario,1,Desaprobado
2024-05-07,Samuel,Silva,40776019,samuel.silva@outlook.com,+54 9 3546 2542,GEN-101,Ética y Tecnología,4,Aprobado
2024-05-07,Santino,Villalba,43771658,santino.villalba@outlook.com,+54 9 3603 7640,DAT-201,Estadística Avanzada,6,Aprobado
2024-05-07,Thiago Benjamin,Romero,34715773,thiago.benjamin.romero@outlook.com,+54 9 3605 8576,DEV-101,Algoritmos I,1,Desaprobado
2024-05-07,Julian,Perez,43695456,julian.perez@outlook.com,+54 9 3364 0937,MKT-200,Marketing de Contenidos,9,Aprobado
2024-05-08,Maria Victoria,Diaz,32151241,maria.victoria.diaz@outlook.com,+54 9 2530 2803,UX-100,Diseño de Experiencia de Usuario,2,Desaprobado
2024-05-08,Valentina ,Fernandez,33130984,valentina..fernandez@yahoo.com,+54 9 2451 6282,DAT-101,Introducción a los Datos,10,Aprobado
2024-05-08,Jeronimo,Arias,42280040,jeronimo.arias@hotmail.com,+54 9 3493 4405,NEG-400,Liderazgo y Negociación,4,Aprobado
2024-05-08,Ian Benjamin,Moyano,31263287,ian.benjamin.moyano@outlook.com,+54 9 2936 9912,UX-100,Diseño de Experiencia de Usuario,1,Desaprobado
2024-05-08,Tiziano,Torres,35155411,tiziano.torres@hotmail.com,+54 9 3483 9661,DAT-201,Estadística Avanzada,6,Aprobado
2024-05-09,Lautaro,Franco,35325959,lautaro.franco@gmail.com,+54 9 3794 0608,MKT-200,Marketing de Contenidos,5,Aprobado
2024-05-09,Francesca,Quiroga,39402003,francesca.quiroga@yahoo.com,+54 9 2402 0580,DAT-101,Introducción a los Datos,4,Aprobado
2024-05-09,Morena Jazmin,Rivero,37083223,morena.jazmin.rivero@hotmail.com,+54 9 2396 0275,DAT-101,Introducción a los Datos,1,Desaprobado
2024-05-09,Bruno,Herrera,32259990,bruno.herrera@gmail.com,+54 9 2334 4971,IA-300,Redes Neuronales,9,Aprobado
2024-05-09,Sofia,Benitez,44780393,sofia.benitez@gmail.com,+54 9 2247 9330,NEG-400,Liderazgo y Negociación,4,Aprobado
2024-05-09,Jazmin,Figueroa,33506985,,+54 9 3622 1648,UX-100,Diseño de Experiencia de Usuario,8,Aprobado
2024-05-09,Valentina,Rivero,42576713,valentina.rivero@yahoo.com,+54 9 2165 8078,DAT-101,Introducción a los Datos,6,Aprobado
2024-05-09,Ambar,Benitez,39856178,ambar.benitez@hotmail.com,+54 9 2801 5416,DAT-101,Introducción a los Datos,3,Desaprobado
2024-05-09,Candelaria,Vazquez,43010564,candelaria.vazquez@hotmail.com,+54 9 2233 0908,DAT-201,Estadística Avanzada,2,Desaprobado
2024-05-09,Thiago Daniel,Gonzalez,30339434,thiago.daniel.gonzalez@yahoo.com,+54 9 2217 6392,DAT-201,Estadística Avanzada,2,Desaprobado
2024-05-09,Valentina ,Fernandez,33130984,valentina..fernandez@yahoo.com,+54 9 2451 6282,DAT-201,Estadística Avanzada,9,Aprobado
2024-05-09,Josefina,Castillo,40133866,josefina.castillo@outlook.com,+54 9 3540 3797,NEG-400,Liderazgo y Negociación,5,Aprobado
2024-05-09,Matias,Mendoza,42799422,matias.mendoza@gmail.com,+54 9 2795 0884,DAT-201,Estadística Avanzada,9,Aprobado
2024-05-09,Tomas Benjamin,Martinez,38162732,tomas.benjamin.martinez@gmail.com,+54 9 2415 9046,NEG-400,Liderazgo y Negociación,9,Aprobado
2024-05-09,Maria Emilia,Valdez,31868622,maria.emilia.valdez@gmail.com,+54 9 2483 6060,MKT-200,Marketing de Contenidos,1,Desaprobado
2024-05-10,Facundo,Lopez,39216162,facundo.lopez@outlook.com,+54 9 3678 2102,MKT-200,Marketing de Contenidos,3,Desaprobado
2024-05-10,Thiago Ezequiel,Herrera,30365765,thiago.ezequiel.herrera@yahoo.com,+54 9 3949 9501,GEN-101,Ética y Tecnología,1,Desaprobado
2024-05-10,Antonia,Quiroga,31370404,antonia.quiroga@outlook.com,+54 9 2637 0380,IA-300,Redes Neuronales,10,Aprobado
2024-05-10,Martina,Maidana,44536877,martina.maidana@hotmail.com,+54 9 3227 2813,DAT-201,Estadística Avanzada,2,Desaprobado
2024-05-10,Maria Victoria,Pereyra,38481398,maria.victoria.pereyra@gmail.com,+54 9 2183 1275,NEG-400,Liderazgo y Negociación,4,Aprobado
2024-05-10,Nicolas,Ayala,39579403,nicolas.ayala@yahoo.com,+54 9 3989 1667,UX-100,Diseño de Experiencia de Usuario,8,Aprobado
2024-05-10,Kiara,Fernandez,37550168,kiara.fernandez@yahoo.com,+54 9 2356 7343,IA-300,Redes Neuronales,2,Desaprobado
2024-05-10,Dante,Lopez,39691054,dante.lopez@hotmail.com,+54 9 3829 3464,UX-100,Diseño de Experiencia de Usuario,3,Desaprobado
2024-05-10,Milagros,Arias,34529542,milagros.arias@gmail.com,+54 9 3313 3516,DAT-101,Introducción a los Datos,10,Aprobado
2024-05-10,Lautaro,Valdez,34255143,lautaro.valdez@hotmail.com,+54 9 2758 1224,DEV-101,Algoritmos I,9,Aprobado
2024-05-10,Camilo,Acosta,41943395,camilo.acosta@yahoo.com,+54 9 3164 7718,DAT-101,Introducción a los Datos,2,Desaprobado
2024-05-10,Milagros,Arias,34529542,milagros.arias@gmail.com,+54 9 3313 3516,DAT-101,Introducción a los Datos,6,Aprobado
2024-05-10,Bautista,Romero,44886400,bautista.romero@outlook.com,+54 9 3813 9647,DEV-101,Algoritmos I,4,Aprobado
2024-05-11,Geronimo,Caceres,45402891,geronimo.caceres@outlook.com,+54 9 3616 2287,UX-100,Diseño de Experiencia de Usuario,1,Desaprobado
2024-05-11,Joaquin,Flores,33838303,joaquin.flores@outlook.com,+54 9 3965 6415,GEN-101,Ética y Tecnología,7,Aprobado
2024-05-11,Lucia,Ramos,31800702,lucia.ramos@gmail.com,+54 9 3768 9233,DEV-101,Algoritmos I,6,Aprobado
2024-05-11,Lorenzo,Fernandez,39001607,lorenzo.fernandez@hotmail.com,+54 9 3350 2779,DAT-201,Estadística Avanzada,2,Desaprobado
2024-05-11,Lola,Farias,30619113,lola.farias@outlook.com,+54 9 3412 1839,GEN-101,Ética y Tecnología,7,Aprobado
2024-05-11,Ignacio,Ruiz,37849139,ignacio.ruiz@gmail.com,+54 9 3588 9837,DAT-101,Introducción a los Datos,4,Aprobado
2024-05-11,Ramiro,Vazquez,34636803,ramiro.vazquez@outlook.com,+54 9 3748 3725,IA-300,Redes Neuronales,10,Aprobado
2024-05-12,Faustino,Suarez,40578248,faustino.suarez@yahoo.com,+54 9 3577 8183,IA-300,Redes Neuronales,4,Aprobado
2024-05-12,Ian Ezequiel,Carrizo,42677307,ian.ezequiel.carrizo@gmail.com,+54 9 2218 5047,GEN-101,Ética y Tecnología,7,Aprobado
2024-05-12,Felipe,Martinez,31061893,felipe.martinez@gmail.com,+54 9 3311 5083,IA-300,Redes Neuronales,5,Aprobado
2024-05-12,Luciana,Rodriguez,37706458,luciana.rodriguez@yahoo.com,+54 9 2168 5585,MKT-200,Marketing de Contenidos,4,Aprobado
2024-05-12,Candelaria,Benitez,36514168,candelaria.benitez@gmail.com,+54 9 2535 7985,DEV-101,Algoritmos I,10,Aprobado
2024-05-12,Juan Sebastian,Romero,33444595,juan.sebastian.romero@gmail.com,+54 9 2582 0532,DAT-201,Estadística Avanzada,8,Aprobado
2024-05-13,Nina,Perez,37949128,nina.perez@hotmail.com,+54 9 2327 0565,IA-300,Redes Neuronales,8,Aprobado
2024-05-13,Julian,Castro,42208457,julian.castro@hotmail.com,+54 9 2462 7289,DAT-101,Introducción a los Datos,9,Aprobado
2024-05-13,Bruno,Pereyra,37253616,bruno.pereyra@gmail.com,+54 9 3157 6195,DAT-201,Estadística Avanzada,4,Aprobado
2024-05-13,Santiago Benjamin,Lopez,32808702,,+54 9 2429 0259,UX-100,Diseño de Experiencia de Usuario,1,Desaprobado
2024-05-13,Alma Valentina,Molina,30782743,alma.valentina.molina@outlook.com,+54 9 2479 6504,IA-300,Redes Neuronales,2,Desaprobado
2024-05-13,Lorenzo,Fernandez,39001607,lorenzo.fernandez@hotmail.com,+54 9 3350 2779,UX-100,Diseño de Experiencia de Usuario,10,Aprobado
2024-05-13,Bianca,Gonzalez,34864189,bianca.gonzalez@outlook.com,+54 9 3785 8770,GEN-101,Ética y Tecnología,7,Aprobado
2024-05-14,Julieta,Figueroa,38724522,julieta.figueroa@outlook.com,+54 9 3893 0912,UX-100,Diseño de Experiencia de Usuario,8,Aprobado
2024-05-14,Juana,Gomez,33857648,juana.gomez@yahoo.com,+54 9 3375 2886,DAT-101,Introducción a los Datos,2,Desaprobado
2024-05-14,Victoria,Bustos,35471829,victoria.bustos@yahoo.com,+54 9 3491 4998,DEV-101,Algoritmos I,2,Desaprobado
2024-05-14,Benjamin,Herrera,40051444,benjamin.herrera@yahoo.com,+54 9 3584 5295,GEN-101,Ética y Tecnología,6,Aprobado
2024-05-15,Santiago,Pereyra,36369209,santiago.pereyra@outlook.com,+54 9 3535 6554,DAT-201,Estadística Avanzada,5,Aprobado
2024-05-15,Emma,Vazquez,44912505,emma.vazquez@outlook.com,+54 9 2537 3053,IA-300,Redes Neuronales,6,Aprobado
2024-05-15,Delfina,Aguirre,32864447,delfina.aguirre@yahoo.com,+54 9 2228 1078,NEG-400,Liderazgo y Negociación,8,Aprobado
2024-05-15,Juan Martin,Rodriguez,35891432,juan.martin.rodriguez@yahoo.com,+54 9 2905 1290,IA-300,Redes Neuronales,4,Aprobado
2024-05-15,Maria Emilia,Valdez,31868622,maria.emilia.valdez@gmail.com,+54 9 2483 6060,MKT-200,Marketing de Contenidos,2,Desaprobado
2024-05-15,Bautista,Torres,43991901,bautista.torres@yahoo.com,+54 9 3821 7001,DAT-101,Introducción a los Datos,9,Aprobado
2024-05-15,Valentina,Rivero,42576713,valentina.rivero@yahoo.com,+54 9 2165 8078,DEV-101,Algoritmos I,10,Aprobado
2024-05-15,Sofia,Escobar,43105183,sofia.escobar@yahoo.com,+54 9 3826 7431,IA-300,Redes Neuronales,9,Aprobado
2024-05-15,Benjamin,Sosa,33696189,benjamin.sosa@yahoo.com,+54 9 3981 2286,GEN-101,Ética y Tecnología,9,Aprobado
2024-05-15,Morena,Luna,44775708,,+54 9 2655 8464,IA-300,Redes Neuronales,1,Desaprobado
2024-05-16,Alfonsina,Medina,41848705,alfonsina.medina@outlook.com,+54 9 3389 8678,DAT-201,Estadística Avanzada,7,Aprobado
2024-05-16,Juan Manuel,Castro,38114009,juan.manuel.castro@yahoo.com,+54 9 3346 6462,DEV-101,Algoritmos I,10,Aprobado
2024-05-16,Francesca,Martinez,33488611,francesca.martinez@yahoo.com,+54 9 2945 3631,UX-100,Diseño de Experiencia de Usuario,3,Desaprobado
2024-05-16,Catalina,Rodriguez,36286352,catalina.rodriguez@gmail.com,+54 9 3577 2423,NEG-400,Liderazgo y Negociación,5,Aprobado
2024-05-16,Valentino,Suarez,41065435,valentino.suarez@gmail.com,+54 9 3761 5014,GEN-101,Ética y Tecnología,1,Desaprobado
2024-05-16,Constantino,Castro,41594052,constantino.castro@outlook.com,+54 9 3916 6714,UX-100,Diseño de Experiencia de Usuario,3,Desaprobado
2024-05-16,Pedro,Bustos,39129106,pedro.bustos@yahoo.com,+54 9 2390 2204,DAT-201,Estadística Avanzada,9,Aprobado
2024-05-16,Morena,Romero,43539600,morena.romero@yahoo.com,+54 9 3516 5931,GEN-101,Ética y Tecnología,8,Aprobado
2024-05-16,Valentina,Rivero,42576713,valentina.rivero@yahoo.com,+54 9 2165 8078,UX-100,Diseño de Experiencia de Usuario,1,Desaprobado
2024-05-17,Francisco,Gonzalez,39264124,francisco.gonzalez@outlook.com,+54 9 2204 3954,DEV-101,Algoritmos I,4,Aprobado
2024-05-17,Santiago,Godoy,35965210,santiago.godoy@outlook.com,+54 9 2885 4543,UX-100,Diseño de Experiencia de Usuario,6,Aprobado
2024-05-17,Maria Paz,Gutierrez,45298142,maria.paz.gutierrez@hotmail.com,+54 9 2616 1530,DEV-101,Algoritmos I,8,Aprobado
2024-05-17,Valentina,Gonzalez,35915416,valentina.gonzalez@outlook.com,+54 9 2949 1607,IA-300,Redes Neuronales,8,Aprobado
2024-05-17,Santino,Barrios,30126752,santino.barrios@hotmail.com,+54 9 3148 8939,GEN-101,Ética y Tecnología,9,Aprobado
2024-05-18,Santino,Lopez,34265698,santino.lopez@hotmail.com,+54 9 2408 8377,MKT-200,Marketing de Contenidos,7,Aprobado
2024-05-18,Geronimo,Soria,41111676,geronimo.soria@gmail.com,+54 9 3145 1502,NEG-400,Liderazgo y Negociación,7,Aprobado
2024-05-18,Bautista,Gomez,40105729,bautista.gomez@outlook.com,+54 9 2863 1004,MKT-200,Marketing de Contenidos,1,Desaprobado
2024-05-18,Rafael,Flores,40579606,rafael.flores@outlook.com,+54 9 2952 1963,UX-100,Diseño de Experiencia de Usuario,7,Aprobado
2024-05-18,Emma,Valdez,43978117,emma.valdez@yahoo.com,+54 9 2552 3105,DAT-101,Introducción a los Datos,2,Desaprobado
2024-05-18,Mia Jazmin,Castillo,32556008,mia.jazmin.castillo@gmail.com,+54 9 2104 5495,DAT-101,Introducción a los Datos,2,Desaprobado
2024-05-18,Joaquin,Perez,36362413,joaquin.perez@gmail.com,+54 9 3118 1360,DAT-101,Introducción a los Datos,2,Desaprobado
2024-05-18,Federico,Gomez,41003214,federico.gomez@hotmail.com,+54 9 3475 5648,NEG-400,Liderazgo y Negociación,4,Aprobado
2024-05-18,Victoria,Fernandez,37326359,victoria.fernandez@outlook.com,+54 9 2172 0879,DEV-101,Algoritmos I,9,Aprobado
2024-05-19,Clara,Ledesma,44508081,clara.ledesma@outlook.com,+54 9 2294 5934,MKT-200,Marketing de Contenidos,2,Desaprobado
2024-05-19,Juan Martin,Rivero,43362081,juan.martin.rivero@outlook.com,+54 9 3784 9092,DAT-101,Introducción a los Datos,5,Aprobado
2024-05-19,León,Blanco,42221418,leon.blanco@outlook.com,+54 9 2934 2600,NEG-400,Liderazgo y Negociación,2,Desaprobado
2024-05-19,Emma,Rodriguez,30974929,emma.rodriguez@yahoo.com,+54 9 3424 9857,MKT-200,Marketing de Contenidos,7,Aprobado
2024-05-19,Morena,Luna,37347578,morena.luna@yahoo.com,+54 9 3147 0669,IA-300,Redes Neuronales,3,Desaprobado
2024-05-19,Fausto,Gutierrez,40649002,fausto.gutierrez@outlook.com,+54 9 3283 3666,DEV-101,Algoritmos I,10,Aprobado
2024-05-19,Lorenzo,Blanco,33115581,lorenzo.blanco@gmail.com,+54 9 2904 2649,DAT-201,Estadística Avanzada,2,Desaprobado
2024-05-19,Joaquín,Morales,39144752,joaquin.morales@yahoo.com,+54 9 3700 3705,IA-300,Redes Neuronales,7,Aprobado
2024-05-20,Santino,Gonzalez,35543489,santino.gonzalez@gmail.com,+54 9 2703 1064,DAT-101,Introducción a los Datos,3,Desaprobado
2024-05-20,Uma ,Martin,39405037,uma..martin@outlook.com,+54 9 2922 7871,GEN-101,Ética y Tecnología,9,Aprobado
2024-05-20,Catalina,Sanchez,41347543,catalina.sanchez@gmail.com,+54 9 3339 1715,GEN-101,Ética y Tecnología,6,Aprobado
2024-05-20,Malena,Rios,37831209,malena.rios@yahoo.com,+54 9 2647 5314,DEV-101,Algoritmos I,6,Aprobado
2024-05-20,Sebastian,Silva,36727365,sebastian.silva@hotmail.com,+54 9 2236 3579,DEV-101,Algoritmos I,2,Desaprobado
2024-05-20,Martina,Martinez,37179608,martina.martinez@outlook.com,+54 9 2879 0441,UX-100,Diseño de Experiencia de Usuario,4,Aprobado
2024-05-20,Felipe,Gonzalez,31399534,felipe.gonzalez@gmail.com,+54 9 2755 8309,NEG-400,Liderazgo y Negociación,3,Desaprobado
2024-05-20,Delfina,Acosta,45090532,delfina.acosta@yahoo.com,+54 9 3972 0578,MKT-200,Marketing de Contenidos,3,Desaprobado
2024-05-20,Joaquin,Ledesma,33221169,joaquin.ledesma@gmail.com,+54 9 2581 8360,IA-300,Redes Neuronales,8,Aprobado
2024-05-20,Ian Ezequiel,Paez,35810239,ian.ezequiel.paez@outlook.com,+54 9 2765 0639,IA-300,Redes Neuronales,4,Aprobado
2024-05-20,Bruno,Gomez,37223015,bruno.gomez@hotmail.com,+54 9 3921 3077,DAT-201,Estadística Avanzada,5,Aprobado
2024-05-20,Dante,Vargas,34845546,dante.vargas@hotmail.com,+54 9 2629 6000,DAT-101,Introducción a los Datos,5,Aprobado
2024-05-21,Mateo Agustin,Cabrera,33049597,mateo.agustin.cabrera@hotmail.com,+54 9 3958 3082,IA-300,Redes Neuronales,5,Aprobado
2024-05-21,Luz Milagros,Soria,37329041,luz.milagros.soria@yahoo.com,+54 9 3373 6824,IA-300,Redes Neuronales,2,Desaprobado
2024-05-21,Bastian,Castro,31379964,bastian.castro@gmail.com,+54 9 3857 6198,NEG-400,Liderazgo y Negociación,1,Desaprobado
2024-05-21,Lautaro,Alvarez,40727710,lautaro.alvarez@hotmail.com,+54 9 2797 4272,MKT-200,Marketing de Contenidos,6,Aprobado
2024-05-21,Micaela,Sanchez,38048801,micaela.sanchez@gmail.com,+54 9 2165 0656,IA-300,Redes Neuronales,4,Aprobado
2024-05-21,Felipe,Fernandez,44210932,felipe.fernandez@outlook.com,+54 9 2561 4109,UX-100,Diseño de Experiencia de Usuario,10,Aprobado
2024-05-21,Tobias,Acosta,40338924,tobias.acosta@gmail.com,+54 9 2279 0887,DAT-201,Estadística Avanzada,4,Aprobado
2024-05-21,Isabel,Rodriguez,39695989,isabel.rodriguez@gmail.com,+54 9 3625 1347,UX-100,Diseño de Experiencia de Usuario,1,Desaprobado
2024-05-21,Valentin,Diaz,41147686,valentin.diaz@hotmail.com,+54 9 3886 3342,DAT-101,Introducción a los Datos,2,Desaprobado
2024-05-21,Matilda,Nuñez,34209869,matilda.nunez@yahoo.com,+54 9 2750 1204,IA-300,Redes Neuronales,1,Desaprobado
2024-05-21,Ana Paula,Cardozo,38485886,ana.paula.cardozo@hotmail.com,+54 9 3537 9742,DEV-101,Algoritmos I,2,Desaprobado
2024-05-21,Agustin,Garcia,32099618,agustin.garcia@yahoo.com,+54 9 3791 4083,MKT-200,Marketing de Contenidos,4,Aprobado
2024-05-21,Santino,Bustos,34363040,santino.bustos@hotmail.com,+54 9 2979 3338,DAT-201,Estadística Avanzada,3,Desaprobado
2024-05-22,Mia Morena,Ramos,35282987,mia.morena.ramos@yahoo.com,+54 9 2255 6382,IA-300,Redes Neuronales,10,Aprobado
2024-05-22,Milagros,Perez,36935055,milagros.perez@yahoo.com,+54 9 3695 5944,MKT-200,Marketing de Contenidos,6,Aprobado
2024-05-23,Paula,Garcia,37604035,paula.garcia@yahoo.com,+54 9 2465 7991,NEG-400,Liderazgo y Negociación,2,Desaprobado
2024-05-23,Valentina,Vega,42509169,valentina.vega@outlook.com,+54 9 2541 0855,MKT-200,Marketing de Contenidos,9,Aprobado
2024-05-23,Gino,Rios,43802935,gino.rios@outlook.com,+54 9 2666 2954,DEV-101,Algoritmos I,6,Aprobado
2024-05-23,Juan Ignacio,Torres,38726954,juan.ignacio.torres@gmail.com,+54 9 3460 5839,DAT-201,Estadística Avanzada,4,Aprobado
2024-05-23,Valentina,Perez,41330737,valentina.perez@outlook.com,+54 9 3253 7935,MKT-200,Marketing de Contenidos,10,Aprobado
2024-05-23,Luz Milagros,Ramirez,37797988,luz.milagros.ramirez@outlook.com,+54 9 3690 0657,DAT-201,Estadística Avanzada,7,Aprobado
2024-05-23,Victoria,Bustos,35471829,,+54 9 2779 2854,DEV-101,Algoritmos I,9,Aprobado
2024-05-23,Nahiara,Luna,42024629,nahiara.luna@yahoo.com,+54 9 2751 6979,GEN-101,Ética y Tecnología,6,Aprobado
2024-05-23,Violeta,Muñoz,45419981,violeta.munoz@hotmail.com,+54 9 2982 4228,UX-100,Diseño de Experiencia de Usuario,9,Aprobado
2024-05-23,Juliana,Vera,44370456,juliana.vera@outlook.com,+54 9 2907 3012,DAT-101,Introducción a los Datos,10,Aprobado
2024-05-24,Sofia Belen,Benitez,31295512,sofia.belen.benitez@gmail.com,+54 9 2465 5624,DAT-201,Estadística Avanzada,6,Aprobado
2024-05-24,Luna,Suarez,30309712,luna.suarez@hotmail.com,+54 9 2833 8901,DAT-101,Introducción a los Datos,10,Aprobado
2024-05-24,Agustin,Flores,35589315,agustin.flores@gmail.com,+54 9 2773 2706,DAT-201,Estadística Avanzada,10,Aprobado
2024-05-24,Santiago,Perez,33074317,santiago.perez@gmail.com,+54 9 3371 9288,DEV-101,Algoritmos I,1,Desaprobado
2024-05-25,Delfina,Acosta,45090532,delfina.acosta@yahoo.com,+54 9 3972 0578,DEV-101,Algoritmos I,8,Aprobado
2024-05-25,Malena,Fernandez,33957369,malena.fernandez@gmail.com,+54 9 2869 1744,DAT-201,Estadística Avanzada,9,Aprobado
2024-05-25,Lorenzo,Sosa,38451826,lorenzo.sosa@outlook.com,+54 9 2179 6644,GEN-101,Ética y Tecnología,5,Aprobado
2024-05-25,Faustino,Roldan,38373582,faustino.roldan@yahoo.com,+54 9 2900 1671,GEN-101,Ética y Tecnología,5,Aprobado
2024-05-25,Mia,Villalba,31922848,mia.villalba@yahoo.com,+54 9 3660 2379,DEV-101,Algoritmos I,10,Aprobado
2024-05-25,Ana Paula,Martinez,39269288,ana.paula.martinez@hotmail.com,+54 9 2316 3329,DAT-101,Introducción a los Datos,3,Desaprobado
2024-05-25,Joaquín,Castro,36702199,joaquin.castro@outlook.com,+54 9 2242 8548,IA-300,Redes Neuronales,6,Aprobado
2024-05-25,Jazmin,Coronel,33630695,jazmin.coronel@gmail.com,+54 9 3947 7879,UX-100,Diseño de Experiencia de Usuario,1,Desaprobado
2024-05-25,Ramiro,Gonzalez,38446695,ramiro.gonzalez@gmail.com,+54 9 3495 0074,IA-300,Redes Neuronales,2,Desaprobado
2024-05-25,Mateo Agustin,Rodriguez,45039367,mateo.agustin.rodriguez@hotmail.com,+54 9 3653 9166,DAT-101,Introducción a los Datos,7,Aprobado
2024-05-26,Juan Pablo,Romero,36953747,juan.pablo.romero@gmail.com,+54 9 3361 8209,DAT-201,Estadística Avanzada,2,Desaprobado
2024-05-26,Simon,Dominguez,44910143,simon.dominguez@hotmail.com,+54 9 3132 8890,MKT-200,Marketing de Contenidos,6,Aprobado
2024-05-26,Camila,Duarte,45265185,camila.duarte@gmail.com,+54 9 2702 2020,NEG-400,Liderazgo y Negociación,9,Aprobado
2024-05-26,Valentina,Soto,44617524,valentina.soto@outlook.com,+54 9 3624 2276,DAT-101,Introducción a los Datos,1,Desaprobado
2024-05-26,Mia,Correa,39386861,mia.correa@hotmail.com,+54 9 3137 9865,DAT-201,Estadística Avanzada,3,Desaprobado
2024-05-26,Ambar,Gomez,33827674,ambar.gomez@hotmail.com,+54 9 2614 8695,UX-100,Diseño de Experiencia de Usuario,8,Aprobado
2024-05-26,Kiara,Ramos,31158762,kiara.ramos@outlook.com,+54 9 3473 8411,IA-300,Redes Neuronales,9,Aprobado
2024-05-27,Mia Valentina,Ojeda,42117900,mia.valentina.ojeda@gmail.com,+54 9 3757 7212,GEN-101,Ética y Tecnología,5,Aprobado
2024-05-27,Bautista,Ruiz,34211417,bautista.ruiz@hotmail.com,+54 9 3763 3160,DEV-101,Algoritmos I,4,Aprobado
2024-05-27,Thiago Benjamin,Suarez,36392604,thiago.benjamin.suarez@outlook.com,+54 9 3868 8461,IA-300,Redes Neuronales,9,Aprobado
2024-05-27,Benjamin,Sosa,33696189,benjamin.sosa@yahoo.com,+54 9 3981 2286,GEN-101,Ética y Tecnología,8,Aprobado
2024-05-27,Paloma,Aguero,43767499,paloma.aguero@yahoo.com,+54 9 2198 7505,DAT-201,Estadística Avanzada,4,Aprobado
2024-05-27,Martina,Valdez,38218744,martina.valdez@outlook.com,+54 9 3549 9907,UX-100,Diseño de Experiencia de Usuario,6,Aprobado
2024-05-27,Ludmila,Lopez,36163868,ludmila.lopez@gmail.com,+54 9 2343 3079,IA-300,Redes Neuronales,8,Aprobado
2024-05-27,Lola,Pereyra,34758464,lola.pereyra@gmail.com,+54 9 3429 5981,NEG-400,Liderazgo y Negociación,4,Aprobado
2024-05-27,Sofía,Aguirre,42849061,sofia.aguirre@yahoo.com,+54 9 2393 2267,GEN-101,Ética y Tecnología,2,Desaprobado
2024-05-28,Thiago Daniel,Gonzalez,31438742,thiago.daniel.gonzalez@gmail.com,+54 9 3758 6863,DEV-101,Algoritmos I,6,Aprobado
2024-05-28,Mateo,Gonzalez,43270052,mateo.gonzalez@outlook.com,+54 9 2136 5520,MKT-200,Marketing de Contenidos,8,Aprobado
2024-05-28,Amparo,Ledesma,42706367,amparo.ledesma@outlook.com,+54 9 2660 1868,NEG-400,Liderazgo y Negociación,2,Desaprobado
2024-05-28,Santino Agustin,Rojas,43159265,santino.agustin.rojas@yahoo.com,+54 9 3216 3261,DEV-101,Algoritmos I,7,Aprobado
2024-05-28,Guadalupe,Coronel,34250668,guadalupe.coronel@yahoo.com,+54 9 3594 5990,MKT-200,Marketing de Contenidos,2,Desaprobado
2024-05-28,Santino,Perez,44654293,santino.perez@yahoo.com,+54 9 2194 4672,DAT-201,Estadística Avanzada,9,Aprobado
2024-05-28,Alma,Figueroa,41333233,alma.figueroa@hotmail.com,+54 9 3610 0018,DAT-101,Introducción a los Datos,3,Desaprobado
2024-05-28,Sebastian,Peralta,30469731,sebastian.peralta@gmail.com,+54 9 3965 9347,GEN-101,Ética y Tecnología,1,Desaprobado
2024-05-28,Thiago,Diaz,33910188,thiago.diaz@gmail.com,+54 9 3576 1975,NEG-400,Liderazgo y Negociación,1,Desaprobado
2024-05-29,Jazmin,Roldan,37935165,jazmin.roldan@outlook.com,+54 9 2493 1713,MKT-200,Marketing de Contenidos,3,Desaprobado
2024-05-29,Lautaro,Silva,34971595,lautaro.silva@gmail.com,+54 9 3481 9495,IA-300,Redes Neuronales,8,Aprobado
2024-05-29,Mia,Correa,39386861,mia.correa@hotmail.com,+54 9 3137 9865,UX-100,Diseño de Experiencia de Usuario,4,Aprobado
2024-05-29,Alvaro,Guzman,41077276,alvaro.guzman@outlook.com,+54 9 2232 0812,IA-300,Redes Neuronales,5,Aprobado
2024-05-29,Jazmin,Coronel,33630695,jazmin.coronel@gmail.com,+54 9 3947 7879,IA-300,Redes Neuronales,5,Aprobado
2024-05-29,Catalina,Barrios,31621161,catalina.barrios@gmail.com,+54 9 3327 4989,IA-300,Redes Neuronales,1,Desaprobado
2024-05-30,Santiago,Avila,40729905,santiago.avila@outlook.com,+54 9 3841 2532,DAT-101,Introducción a los Datos,7,Aprobado
2024-05-30,Valentina,Suarez,42757045,valentina.suarez@hotmail.com,+54 9 2634 5699,MKT-200,Marketing de Contenidos,1,Desaprobado
2024-05-30,Morena,Duarte,44308885,morena.duarte@outlook.com,+54 9 2249 9550,UX-100,Diseño de Experiencia de Usuario,1,Desaprobado
2024-05-30,Mateo Benjamin,Perez,34092604,mateo.benjamin.perez@yahoo.com,+54 9 2218 8357,IA-300,Redes Neuronales,6,Aprobado
2024-05-30,Renzo,Gomez,35320655,renzo.gomez@outlook.com,+54 9 3182 6750,DAT-201,Estadística Avanzada,7,Aprobado
2024-05-30,Agustin,Suarez,38164166,agustin.suarez@hotmail.com,+54 9 3509 8099,MKT-200,Marketing de Contenidos,1,Desaprobado
2024-05-30,Milena,Suarez,32971550,milena.suarez@yahoo.com,+54 9 3191 4580,IA-300,Redes Neuronales,8,Aprobado
2024-05-30,Sofia,Godoy,30946614,sofia.godoy@hotmail.com,+54 9 2277 7438,MKT-200,Marketing de Contenidos,9,Aprobado
2024-05-31,Agustín,Martinez,41829357,agustin.martinez@outlook.com,+54 9 3467 3084,MKT-200,Marketing de Contenidos,3,Desaprobado
2024-05-31,Juan Francisco,Escobar,45417967,juan.francisco.escobar@yahoo.com,+54 9 3550 2492,NEG-400,Liderazgo y Negociación,5,Aprobado
2024-05-31,Juan Ignacio,Lopez,34033433,juan.ignacio.lopez@gmail.com,+54 9 3734 1359,NEG-400,Liderazgo y Negociación,8,Aprobado
2024-05-31,Geronimo,Ramirez,33035804,geronimo.ramirez@yahoo.com,+54 9 3755 5897,GEN-101,Ética y Tecnología,4,Aprobado
2024-05-31,Oriana,Sanchez,34617592,oriana.sanchez@outlook.com,+54 9 2971 4369,MKT-200,Marketing de Contenidos,10,Aprobado
2024-05-31,Lautaro Ezequiel,Lopez,36855486,lautaro.ezequiel.lopez@yahoo.com,+54 9 3537 0144,MKT-200,Marketing de Contenidos,10,Aprobado
2024-05-31,Alejo,Acosta,37168127,alejo.acosta@outlook.com,+54 9 3574 5548,GEN-101,Ética y Tecnología,8,Aprobado
2024-05-31,Ian Ezequiel,Sosa,40513724,ian.ezequiel.sosa@yahoo.com,+54 9 2709 1624,DAT-201,Estadística Avanzada,7,Aprobado
2024-05-31,Olivia,Torres,32196825,olivia.torres@outlook.com,+54 9 2889 5702,IA-300,Redes Neuronales,4,Aprobado
2024-06-01,Valentino,Suarez,33541682,valentino.suarez@gmail.com,+54 9 3650 2039,IA-300,Redes Neuronales,5,Aprobado
2024-06-01,Violeta,Diaz,36489803,violeta.diaz@hotmail.com,+54 9 2726 4086,UX-100,Diseño de Experiencia de Usuario,1,Desaprobado
2024-06-01,Juliana,Gomez,43315303,juliana.gomez@hotmail.com,+54 9 2721 5674,MKT-200,Marketing de Contenidos,1,Desaprobado
2024-06-01,Milagros,Soria,44047721,milagros.soria@gmail.com,+54 9 2874 8184,DAT-201,Estadística Avanzada,4,Aprobado
2024-06-02,Nahiara,Luna,42024629,nahiara.luna@yahoo.com,+54 9 2751 6979,DEV-101,Algoritmos I,3,Desaprobado
2024-06-02,Martina,Soria,40980648,martina.soria@outlook.com,+54 9 2849 5957,DAT-201,Estadística Avanzada,4,Aprobado
2024-06-02,Lara,Rodriguez,32357600,lara.rodriguez@hotmail.com,+54 9 3309 8485,GEN-101,Ética y Tecnología,5,Aprobado
2024-06-02,Santino,Garcia,30985783,santino.garcia@yahoo.com,+54 9 3603 7412,DAT-101,Introducción a los Datos,7,Aprobado
2024-06-02,Matilda,Nuñez,34209869,matilda.nunez@yahoo.com,+54 9 2750 1204,UX-100,Diseño de Experiencia de Usuario,9,Aprobado
2024-06-02,Juan Cruz,Fernandez,32295114,juan.cruz.fernandez@yahoo.com,+54 9 2714 0828,IA-300,Redes Neuronales,5,Aprobado
2024-06-02,Valentina,Rivero,42576713,valentina.rivero@yahoo.com,+54 9 2165 8078,DEV-101,Algoritmos I,5,Aprobado
2024-06-02,Sofía,Gomez,38140531,sofia.gomez@outlook.com,+54 9 3718 4814,IA-300,Redes Neuronales,9,Aprobado
2024-06-02,Tiziano,Nuñez,44528233,tiziano.nunez@outlook.com,+54 9 2975 8392,IA-300,Redes Neuronales,5,Aprobado
2024-06-02,Maximo,Molina,30106929,maximo.molina@gmail.com,+54 9 3595 0394,DAT-201,Estadística Avanzada,1,Desaprobado
2024-06-02,Thiago Benjamin,Diaz,37856329,thiago.benjamin.diaz@outlook.com,+54 9 3991 5567,NEG-400,Liderazgo y Negociación,10,Aprobado
2024-06-02,Valentina,Coronel,31593963,valentina.coronel@gmail.com,+54 9 2196 7061,UX-100,Diseño de Experiencia de Usuario,8,Aprobado
2024-06-02,Guadalupe,Ojeda,32698751,guadalupe.ojeda@gmail.com,+54 9 2824 8204,GEN-101,Ética y Tecnología,8,Aprobado
2024-06-02,Bautista Benjamin,Rodriguez,38290265,bautista.benjamin.rodriguez@yahoo.com,+54 9 3894 0104,DEV-101,Algoritmos I,1,Desaprobado
2024-06-03,Juana,Cabrera,37605752,juana.cabrera@gmail.com,+54 9 2813 9806,UX-100,Diseño de Experiencia de Usuario,3,Desaprobado
2024-06-03,Micaela,Lopez,32430086,micaela.lopez@yahoo.com,+54 9 2212 7030,DAT-101,Introducción a los Datos,8,Aprobado
2024-06-03,Bianca,Lopez,32440459,bianca.lopez@hotmail.com,+54 9 3173 2166,GEN-101,Ética y Tecnología,6,Aprobado
2024-06-03,Guadalupe,Gimenez,33352008,guadalupe.gimenez@gmail.com,+54 9 2941 1441,DAT-101,Introducción a los Datos,3,Desaprobado
2024-06-03,Amparo,Sosa,35625713,amparo.sosa@yahoo.com,+54 9 3242 9474,GEN-101,Ética y Tecnología,1,Desaprobado
2024-06-03,Benicio,Gomez,36490297,benicio.gomez@yahoo.com,+54 9 3675 6025,DAT-201,Estadística Avanzada,5,Aprobado
2024-06-03,Thiago Benjamin,Benitez,31356012,thiago.benjamin.benitez@yahoo.com,+54 9 2522 7068,MKT-200,Marketing de Contenidos,6,Aprobado
2024-06-04,Emma,Lucero,34446593,emma.lucero@outlook.com,+54 9 3142 8192,NEG-400,Liderazgo y Negociación,9,Aprobado
2024-06-04,Thiago Daniel,Diaz,43864775,thiago.daniel.diaz@outlook.com,+54 9 3482 1035,DEV-101,Algoritmos I,3,Desaprobado
2024-06-04,Ignacio,Castillo,42219949,ignacio.castillo@gmail.com,+54 9 2626 4764,UX-100,Diseño de Experiencia de Usuario,5,Aprobado
2024-06-04,Francesca,Alvarez,31352683,francesca.alvarez@outlook.com,+54 9 2291 8928,UX-100,Diseño de Experiencia de Usuario,4,Aprobado
2024-06-04,Bautista,Ruiz,34211417,bautista.ruiz@hotmail.com,+54 9 3763 3160,GEN-101,Ética y Tecnología,3,Desaprobado
2024-06-04,Julia,Flores,34039776,julia.flores@gmail.com,+54 9 3498 6730,NEG-400,Liderazgo y Negociación,3,Desaprobado
2024-06-04,Benicio,Perez,39875233,benicio.perez@outlook.com,+54 9 2327 0125,NEG-400,Liderazgo y Negociación,1,Desaprobado
2024-06-04,Juan Pablo,Suarez,32272850,juan.pablo.suarez@outlook.com,+54 9 3278 3178,DAT-101,Introducción a los Datos,2,Desaprobado
2024-06-04,Felipe,Nuñez,30226372,felipe.nunez@gmail.com,+54 9 2202 2375,NEG-400,Liderazgo y Negociación,4,Aprobado
2024-06-05,Emma,Gomez,34912303,emma.gomez@yahoo.com,+54 9 3387 7261,NEG-400,Liderazgo y Negociación,4,Aprobado
2024-06-05,Sofia,Ponce,43947996,sofia.ponce@gmail.com,+54 9 3483 1858,IA-300,Redes Neuronales,2,Desaprobado
2024-06-05,Francesca,Bustos,44219639,francesca.bustos@yahoo.com,+54 9 2449 6552,GEN-101,Ética y Tecnología,5,Aprobado
2024-06-05,Tiziano Benjamin,Gonzalez,45941376,tiziano.benjamin.gonzalez@yahoo.com,+54 9 2202 1827,DAT-101,Introducción a los Datos,3,Desaprobado
2024-06-05,Tiziano Benjamin,Acosta,32575818,tiziano.benjamin.acosta@yahoo.com,+54 9 2297 2531,IA-300,Redes Neuronales,6,Aprobado
2024-06-05,Isabella,Gimenez,34998039,,+54 9 3139 5102,IA-300,Redes Neuronales,6,Aprobado
2024-06-05,Violeta,Vazquez,31509667,,+54 9 3696 4967,NEG-400,Liderazgo y Negociación,9,Aprobado
2024-06-05,Pedro,Bustos,39129106,pedro.bustos@yahoo.com,+54 9 2390 2204,GEN-101,Ética y Tecnología,10,Aprobado
2024-06-05,Julieta,Lucero,45341622,julieta.lucero@gmail.com,+54 9 2991 6005,NEG-400,Liderazgo y Negociación,5,Aprobado
2024-06-05,Santino,Dominguez,38207316,santino.dominguez@gmail.com,+54 9 2730 0517,GEN-101,Ética y Tecnología,7,Aprobado
2024-06-05,Milena,Diaz,42500015,milena.diaz@hotmail.com,+54 9 2395 1848,MKT-200,Marketing de Contenidos,3,Desaprobado
2024-06-05,Lautaro,Figueroa,32702619,lautaro.figueroa@yahoo.com,+54 9 2667 1332,DAT-101,Introducción a los Datos,2,Desaprobado
2024-06-05,Ludmila,Moreno,43663971,ludmila.moreno@hotmail.com,+54 9 3523 7374,IA-300,Redes Neuronales,8,Aprobado
2024-06-05,Priscila,Ortiz,37012198,priscila.ortiz@yahoo.com,+54 9 3538 1304,DAT-201,Estadística Avanzada,4,Aprobado
2024-06-05,Bautista,Romero,33338311,bautista.romero@gmail.com,+54 9 2879 1991,NEG-400,Liderazgo y Negociación,5,Aprobado
2024-06-06,Tomas Benjamin,Martinez,38162732,tomas.benjamin.martinez@gmail.com,+54 9 2415 9046,NEG-400,Liderazgo y Negociación,9,Aprobado
2024-06-06,Francisco,Caceres,41021877,francisco.caceres@outlook.com,+54 9 3650 9143,UX-100,Diseño de Experiencia de Usuario,9,Aprobado
2024-06-06,Lautaro Ezequiel,Lopez,36855486,lautaro.ezequiel.lopez@yahoo.com,+54 9 3537 0144,NEG-400,Liderazgo y Negociación,2,Desaprobado
2024-06-06,Tomàs,Martinez,38370600,tomas.martinez@yahoo.com,+54 9 2854 5404,DAT-101,Introducción a los Datos,3,Desaprobado
2024-06-06,Juan Ignacio,Barrios,31963378,juan.ignacio.barrios@yahoo.com,+54 9 2989 5261,DEV-101,Algoritmos I,3,Desaprobado
2024-06-06,Juana,Nuñez,38934818,juana.nunez@outlook.com,+54 9 3516 0997,UX-100,Diseño de Experiencia de Usuario,1,Desaprobado
2024-06-06,Benjamin,Molina,31303564,benjamin.molina@gmail.com,+54 9 3624 3883,DAT-201,Estadística Avanzada,5,Aprobado
2024-06-07,Luz Milagros,Medina,35437650,luz.milagros.medina@outlook.com,+54 9 2492 6811,DEV-101,Algoritmos I,6,Aprobado
2024-06-07,Lara,Gimenez,39194704,lara.gimenez@yahoo.com,+54 9 3676 1820,DEV-101,Algoritmos I,2,Desaprobado
2024-06-07,Antonia,Castillo,35111521,antonia.castillo@gmail.com,+54 9 3363 8314,MKT-200,Marketing de Contenidos,2,Desaprobado
2024-06-07,Lorenzo,Herrera,33663590,lorenzo.herrera@hotmail.com,+54 9 2920 8314,UX-100,Diseño de Experiencia de Usuario,8,Aprobado
2024-06-07,Lara,Gonzalez,38519723,lara.gonzalez@outlook.com,+54 9 3266 5415,MKT-200,Marketing de Contenidos,9,Aprobado
2024-06-07,Sol,Gomez,38393673,sol.gomez@outlook.com,+54 9 2818 1789,IA-300,Redes Neuronales,4,Aprobado
2024-06-07,Valentina ,Gonzalez,44289991,valentina..gonzalez@hotmail.com,+54 9 3943 3955,MKT-200,Marketing de Contenidos,4,Aprobado
2024-06-08,Isabella,Garcia,34078388,isabella.garcia@gmail.com,+54 9 3688 9612,MKT-200,Marketing de Contenidos,7,Aprobado
2024-06-08,Francesca,Sosa,41129177,francesca.sosa@hotmail.com,+54 9 3188 2149,GEN-101,Ética y Tecnología,8,Aprobado
2024-06-08,Juan Bautista,Vargas,30386383,juan.bautista.vargas@gmail.com,+54 9 2622 4096,DAT-201,Estadística Avanzada,7,Aprobado
2024-06-08,Julian,Perez,43695456,julian.perez@outlook.com,+54 9 3364 0937,NEG-400,Liderazgo y Negociación,9,Aprobado
2024-06-08,Giuliana,Gutierrez,30246491,giuliana.gutierrez@hotmail.com,+54 9 3452 0334,IA-300,Redes Neuronales,3,Desaprobado
2024-06-08,Franco,Perez,36725023,franco.perez@outlook.com,+54 9 2101 9113,GEN-101,Ética y Tecnología,1,Desaprobado
2024-06-08,Pedro,Silva,39341417,pedro.silva@hotmail.com,+54 9 2643 6929,NEG-400,Liderazgo y Negociación,7,Aprobado
2024-06-09,Juana,Ponce,36057182,juana.ponce@outlook.com,+54 9 2380 1772,DAT-201,Estadística Avanzada,9,Aprobado
2024-06-09,Sol,Gonzalez,41788868,sol.gonzalez@hotmail.com,+54 9 2884 2829,NEG-400,Liderazgo y Negociación,3,Desaprobado
2024-06-09,Agustin,Correa,35155914,agustin.correa@hotmail.com,+54 9 2626 1896,NEG-400,Liderazgo y Negociación,10,Aprobado
2024-06-09,Delfina,Acosta,45090532,delfina.acosta@yahoo.com,+54 9 3972 0578,IA-300,Redes Neuronales,8,Aprobado
2024-06-09,Giuliana,Gutierrez,30246491,giuliana.gutierrez@hotmail.com,+54 9 3452 0334,DEV-101,Algoritmos I,8,Aprobado
2024-06-09,Benjamin,Garcia,38642477,benjamin.garcia@gmail.com,+54 9 3926 6299,MKT-200,Marketing de Contenidos,9,Aprobado
2024-06-09,Renata,Quiroga,40126484,renata.quiroga@hotmail.com,+54 9 3501 7223,DAT-101,Introducción a los Datos,3,Desaprobado
2024-06-09,Bruno,Gomez,37223015,bruno.gomez@hotmail.com,+54 9 3921 3077,GEN-101,Ética y Tecnología,7,Aprobado
2024-06-10,Octavio,Gonzalez,45246102,octavio.gonzalez@gmail.com,+54 9 2417 1316,DAT-201,Estadística Avanzada,10,Aprobado
2024-06-10,Juan Bautista,Vargas,30386383,,+54 9 2752 2776,DAT-101,Introducción a los Datos,5,Aprobado
2024-06-10,Lautaro Benjamin,Ramirez,35501443,lautaro.benjamin.ramirez@hotmail.com,+54 9 2586 1123,DEV-101,Algoritmos I,2,Desaprobado
2024-06-10,Lautaro Benjamin,Fernandez,35188238,lautaro.benjamin.fernandez@yahoo.com,+54 9 2450 2897,MKT-200,Marketing de Contenidos,10,Aprobado
2024-06-11,Clara,Ledesma,44508081,clara.ledesma@outlook.com,+54 9 2294 5934,DAT-201,Estadística Avanzada,1,Desaprobado
2024-06-11,Sebastian,Ramos,33730130,sebastian.ramos@hotmail.com,+54 9 2745 9393,NEG-400,Liderazgo y Negociación,1,Desaprobado
2024-06-11,Nicolas,Lopez,36236123,nicolas.lopez@outlook.com,+54 9 2913 1391,DAT-201,Estadística Avanzada,1,Desaprobado
2024-06-11,Lautaro Benjamin,Alvarez,35468094,lautaro.benjamin.alvarez@outlook.com,+54 9 3414 2024,IA-300,Redes Neuronales,10,Aprobado
2024-06-11,Juan Ignacio,Castillo,32150263,juan.ignacio.castillo@hotmail.com,+54 9 2722 2335,DEV-101,Algoritmos I,1,Desaprobado
2024-06-11,Thiago Lionel,Flores,44419194,thiago.lionel.flores@outlook.com,+54 9 2150 6044,DEV-101,Algoritmos I,6,Aprobado
2024-06-11,Lautaro,Franco,35325959,lautaro.franco@gmail.com,+54 9 3794 0608,UX-100,Diseño de Experiencia de Usuario,6,Aprobado
2024-06-11,Mia Morena,Gonzalez,39308771,mia.morena.gonzalez@outlook.com,+54 9 2179 8775,DEV-101,Algoritmos I,3,Desaprobado
2024-06-11,Pedro,Silva,39341417,pedro.silva@hotmail.com,+54 9 2643 6929,DAT-201,Estadística Avanzada,8,Aprobado
2024-06-11,Julieta,Gonzalez,41473248,julieta.gonzalez@yahoo.com,+54 9 3472 0478,DAT-101,Introducción a los Datos,2,Desaprobado
2024-06-12,Thiago Daniel,Duarte,43750283,thiago.daniel.duarte@hotmail.com,+54 9 3489 6451,DAT-101,Introducción a los Datos,7,Aprobado
2024-06-12,Santino,Diaz,37169999,santino.diaz@outlook.com,+54 9 3666 3683,NEG-400,Liderazgo y Negociación,2,Desaprobado
2024-06-12,Vicente,Sanchez,32811654,vicente.sanchez@hotmail.com,+54 9 2205 2983,MKT-200,Marketing de Contenidos,6,Aprobado
2024-06-12,Milena,Mendoza,32050515,milena.mendoza@yahoo.com,+54 9 3567 3099,GEN-101,Ética y Tecnología,9,Aprobado
2024-06-12,Thiago Nahuel,Gomez,45605722,thiago.nahuel.gomez@gmail.com,+54 9 3705 5561,MKT-200,Marketing de Contenidos,4,Aprobado
2024-06-12,Tomas,Leiva,38268761,tomas.leiva@hotmail.com,+54 9 2513 5432,NEG-400,Liderazgo y Negociación,10,Aprobado
2024-06-12,Octavio,Gomez,41620840,octavio.gomez@outlook.com,+54 9 3412 7365,GEN-101,Ética y Tecnología,7,Aprobado
2024-06-12,Kiara,Fernandez,37550168,kiara.fernandez@yahoo.com,+54 9 2356 7343,IA-300,Redes Neuronales,6,Aprobado
2024-06-12,Santiago,Rodriguez,38657054,santiago.rodriguez@outlook.com,+54 9 3243 5121,DAT-201,Estadística Avanzada,9,Aprobado
2024-06-12,Alma,Figueroa,41333233,alma.figueroa@hotmail.com,+54 9 3610 0018,DEV-101,Algoritmos I,4,Aprobado
2024-06-12,Juan Sebastian,Romero,33444595,juan.sebastian.romero@gmail.com,+54 9 2582 0532,DAT-101,Introducción a los Datos,4,Aprobado
2024-06-12,Giovanni,Gomez,45068171,giovanni.gomez@hotmail.com,+54 9 3748 9979,GEN-101,Ética y Tecnología,4,Aprobado
2024-06-12,Micaela,Miranda,38325772,micaela.miranda@hotmail.com,+54 9 3445 1776,IA-300,Redes Neuronales,1,Desaprobado
2024-06-12,Felipe,Ruiz,32682238,felipe.ruiz@yahoo.com,+54 9 3631 4213,NEG-400,Liderazgo y Negociación,1,Desaprobado
2024-06-13,Valentin,Suarez,37199951,valentin.suarez@hotmail.com,+54 9 2678 7699,DEV-101,Algoritmos I,1,Desaprobado
2024-06-13,Alma Mia,Carrizo,34494885,alma.mia.carrizo@outlook.com,+54 9 2129 3049,GEN-101,Ética y Tecnología,2,Desaprobado
2024-06-13,Morena,Soto,37915491,morena.soto@outlook.com,+54 9 2955 0590,UX-100,Diseño de Experiencia de Usuario,9,Aprobado
2024-06-13,Martina,Benitez,36470833,martina.benitez@hotmail.com,+54 9 3547 0946,IA-300,Redes Neuronales,2,Desaprobado
2024-06-13,Benicio,Acosta,34081471,benicio.acosta@hotmail.com,+54 9 2628 9859,DAT-101,Introducción a los Datos,9,Aprobado
2024-06-13,Ramiro,Vazquez,34636803,,+54 9 3781 5260,GEN-101,Ética y Tecnología,2,Desaprobado
2024-06-13,Juan Bautista,Ojeda,45182848,juan.bautista.ojeda@hotmail.com,+54 9 2978 9237,GEN-101,Ética y Tecnología,9,Aprobado
2024-06-13,Ciro,Lopez,30941372,ciro.lopez@yahoo.com,+54 9 3505 3066,UX-100,Diseño de Experiencia de Usuario,5,Aprobado
2024-06-13,Lautaro,Carrizo,43720785,lautaro.carrizo@outlook.com,+54 9 2593 1249,DAT-201,Estadística Avanzada,8,Aprobado
2024-06-13,Juana,Medina,31222266,juana.medina@gmail.com,+54 9 2646 9865,IA-300,Redes Neuronales,7,Aprobado
2024-06-13,Juan Ignacio,Rodriguez,41171969,juan.ignacio.rodriguez@gmail.com,+54 9 3473 5907,DAT-101,Introducción a los Datos,1,Desaprobado
2024-06-14,Sebastian,Escobar,36016561,sebastian.escobar@gmail.com,+54 9 3881 2828,IA-300,Redes Neuronales,8,Aprobado
2024-06-14,Zoe,Aguirre,45324229,zoe.aguirre@yahoo.com,+54 9 2495 8104,NEG-400,Liderazgo y Negociación,8,Aprobado
2024-06-14,Valentina,Miranda,42693185,valentina.miranda@hotmail.com,+54 9 2941 4656,MKT-200,Marketing de Contenidos,7,Aprobado
2024-06-14,Sofía,Rodriguez,31554768,sofia.rodriguez@outlook.com,+54 9 3536 5898,IA-300,Redes Neuronales,10,Aprobado
2024-06-14,Francisco,Ortiz,44513749,francisco.ortiz@gmail.com,+54 9 3294 3431,NEG-400,Liderazgo y Negociación,8,Aprobado
2024-06-14,Luisana,Sanchez,39605597,luisana.sanchez@gmail.com,+54 9 3474 8228,DAT-101,Introducción a los Datos,2,Desaprobado
2024-06-14,Giovanni,Gomez,45068171,giovanni.gomez@hotmail.com,+54 9 3748 9979,DEV-101,Algoritmos I,8,Aprobado
2024-06-14,Santiago,Avila,33081027,,+54 9 2677 8117,MKT-200,Marketing de Contenidos,4,Aprobado
2024-06-14,Martin,Gutierrez,41702335,martin.gutierrez@outlook.com,+54 9 3704 6933,IA-300,Redes Neuronales,1,Desaprobado
2024-06-14,Guadalupe,Diaz,34731502,guadalupe.diaz@hotmail.com,+54 9 3562 8000,MKT-200,Marketing de Contenidos,3,Desaprobado
2024-06-14,Lautaro,Ramos,39563230,,+54 9 3436 0889,DAT-201,Estadística Avanzada,3,Desaprobado
2024-06-15,Delfina,Medina,33436656,delfina.medina@gmail.com,+54 9 2175 2128,DAT-201,Estadística Avanzada,10,Aprobado
2024-06-15,Thiago Gabriel,Flores,33493292,thiago.gabriel.flores@hotmail.com,+54 9 2200 6549,NEG-400,Liderazgo y Negociación,3,Desaprobado
2024-06-15,Ignacio,Diaz,44919962,ignacio.diaz@hotmail.com,+54 9 3949 0167,UX-100,Diseño de Experiencia de Usuario,2,Desaprobado
2024-06-15,Juan Bautista,Soria,42881854,,+54 9 3207 5379,DAT-201,Estadística Avanzada,5,Aprobado
2024-06-16,Lorenzo,Blanco,33115581,lorenzo.blanco@gmail.com,+54 9 2904 2649,MKT-200,Marketing de Contenidos,7,Aprobado
2024-06-16,Martin,Gutierrez,41702335,martin.gutierrez@outlook.com,+54 9 3704 6933,DAT-201,Estadística Avanzada,3,Desaprobado
2024-06-16,Juan Francisco,Escobar,45417967,juan.francisco.escobar@yahoo.com,+54 9 3550 2492,NEG-400,Liderazgo y Negociación,9,Aprobado
2024-06-16,Justina,Diaz,34657279,justina.diaz@hotmail.com,+54 9 2940 3217,DAT-201,Estadística Avanzada,8,Aprobado
2024-06-16,Thiago Leonel,Gomez,34077479,thiago.leonel.gomez@outlook.com,+54 9 2178 4032,DAT-201,Estadística Avanzada,1,Desaprobado
2024-06-16,Kiara,Soria,36890268,kiara.soria@gmail.com,+54 9 3402 1940,MKT-200,Marketing de Contenidos,7,Aprobado
2024-06-16,Franco,Perez,36725023,franco.perez@outlook.com,+54 9 2101 9113,DAT-201,Estadística Avanzada,10,Aprobado
2024-06-16,Sofia,Gutierrez,44594931,sofia.gutierrez@yahoo.com,+54 9 3472 4097,MKT-200,Marketing de Contenidos,4,Aprobado
2024-06-16,Isabella,Benitez,43736953,isabella.benitez@hotmail.com,+54 9 2667 7027,NEG-400,Liderazgo y Negociación,2,Desaprobado
2024-06-16,Benjamin,Valdez,37573276,benjamin.valdez@outlook.com,+54 9 2839 7571,DAT-101,Introducción a los Datos,4,Aprobado
2024-06-16,Santiago,Farias,34635361,santiago.farias@outlook.com,+54 9 3827 3233,NEG-400,Liderazgo y Negociación,8,Aprobado
2024-06-16,Valentina ,Gomez,33267106,valentina..gomez@gmail.com,+54 9 2537 5989,MKT-200,Marketing de Contenidos,2,Desaprobado
2024-06-16,Lucas Ezequiel,Fernandez,42331291,lucas.ezequiel.fernandez@yahoo.com,+54 9 2969 0729,DAT-201,Estadística Avanzada,10,Aprobado
2024-06-17,Gonzalo,Garcia,35620137,gonzalo.garcia@outlook.com,+54 9 3892 2082,DEV-101,Algoritmos I,5,Aprobado
2024-06-17,Pilar,Dominguez,37869329,pilar.dominguez@yahoo.com,+54 9 3991 2831,GEN-101,Ética y Tecnología,1,Desaprobado
2024-06-17,Mora,Valdez,45746270,mora.valdez@yahoo.com,+54 9 3416 1334,DAT-101,Introducción a los Datos,5,Aprobado
2024-06-17,Felipe,Quiroga,31205804,felipe.quiroga@yahoo.com,+54 9 3135 8421,DAT-101,Introducción a los Datos,1,Desaprobado
2024-06-17,Juan Ignacio,Gimenez,45331374,juan.ignacio.gimenez@gmail.com,+54 9 2865 1013,MKT-200,Marketing de Contenidos,3,Desaprobado
2024-06-17,Bautista,Cabrera,38622234,bautista.cabrera@outlook.com,+54 9 2547 1522,DAT-201,Estadística Avanzada,6,Aprobado
2024-06-17,Ignacio,Castillo,42219949,ignacio.castillo@gmail.com,+54 9 2626 4764,NEG-400,Liderazgo y Negociación,8,Aprobado
2024-06-17,Joaquin,Mansilla,34365303,joaquin.mansilla@hotmail.com,+54 9 2895 8083,GEN-101,Ética y Tecnología,8,Aprobado
2024-06-17,Nicolas,Lopez,36236123,,+54 9 2591 9838,MKT-200,Marketing de Contenidos,1,Desaprobado
2024-06-18,Ciro,Rodriguez,34631318,ciro.rodriguez@yahoo.com,+54 9 2847 7119,MKT-200,Marketing de Contenidos,8,Aprobado
2024-06-18,Agustín,Gomez,39734889,agustin.gomez@yahoo.com,+54 9 3221 3066,UX-100,Diseño de Experiencia de Usuario,10,Aprobado
2024-06-18,Joaquina,Figueroa,31935757,joaquina.figueroa@hotmail.com,+54 9 2705 3910,UX-100,Diseño de Experiencia de Usuario,9,Aprobado
2024-06-18,Bautista,Nuñez,30680437,bautista.nunez@yahoo.com,+54 9 3354 5747,MKT-200,Marketing de Contenidos,2,Desaprobado
2024-06-18,Geronimo,Godoy,43043273,geronimo.godoy@yahoo.com,+54 9 2376 8022,MKT-200,Marketing de Contenidos,2,Desaprobado
2024-06-18,Alfonsina,Carrizo,35376871,alfonsina.carrizo@outlook.com,+54 9 3228 1938,NEG-400,Liderazgo y Negociación,2,Desaprobado
2024-06-18,Dante,Vargas,34845546,dante.vargas@hotmail.com,+54 9 2629 6000,DAT-101,Introducción a los Datos,8,Aprobado
2024-06-18,Franco,Sanchez,31185224,franco.sanchez@yahoo.com,+54 9 2993 6412,IA-300,Redes Neuronales,10,Aprobado
2024-06-18,Agustín,Vargas,33037423,agustin.vargas@outlook.com,+54 9 2480 3891,IA-300,Redes Neuronales,2,Desaprobado
2024-06-19,Isabella,Soto,41694165,isabella.soto@hotmail.com,+54 9 3558 2004,DAT-101,Introducción a los Datos,3,Desaprobado
2024-06-19,Valentina ,Aguirre,33673050,valentina..aguirre@yahoo.com,+54 9 2325 1613,NEG-400,Liderazgo y Negociación,3,Desaprobado
2024-06-19,Benjamin,Gomez,33386069,benjamin.gomez@gmail.com,+54 9 2999 3057,DAT-101,Introducción a los Datos,5,Aprobado
2024-06-19,Nicolas,Ayala,39579403,nicolas.ayala@yahoo.com,+54 9 3989 1667,DAT-201,Estadística Avanzada,6,Aprobado
2024-06-19,Olivia,Villalba,36251602,olivia.villalba@yahoo.com,+54 9 2485 6233,IA-300,Redes Neuronales,10,Aprobado
2024-06-20,Tomas,Gomez,40059343,tomas.gomez@yahoo.com,+54 9 2591 5110,GEN-101,Ética y Tecnología,7,Aprobado
2024-06-20,Victoria,Fernandez,30507337,victoria.fernandez@gmail.com,+54 9 3875 6904,DEV-101,Algoritmos I,3,Desaprobado
2024-06-20,Nina,Acosta,45908531,nina.acosta@yahoo.com,+54 9 2328 8839,DEV-101,Algoritmos I,5,Aprobado
2024-06-20,Santiago,Cardozo,45948143,santiago.cardozo@outlook.com,+54 9 3611 8096,GEN-101,Ética y Tecnología,5,Aprobado
2024-06-20,Thiago Agustin,Gomez,32180590,thiago.agustin.gomez@yahoo.com,+54 9 3993 3633,GEN-101,Ética y Tecnología,6,Aprobado
2024-06-20,Matias,Ponce,33556417,matias.ponce@hotmail.com,+54 9 2733 8123,IA-300,Redes Neuronales,8,Aprobado
2024-06-20,Joaquin,Franco,30321355,joaquin.franco@yahoo.com,+54 9 2334 0837,NEG-400,Liderazgo y Negociación,2,Desaprobado
2024-06-20,Victoria,Ramos,38567788,victoria.ramos@outlook.com,+54 9 3967 9507,DAT-101,Introducción a los Datos,5,Aprobado
2024-06-20,Josefina,Garcia,33547291,josefina.garcia@gmail.com,+54 9 2792 6449,DAT-201,Estadística Avanzada,8,Aprobado
2024-06-20,Santino,Gonzalez,45422028,santino.gonzalez@outlook.com,+54 9 2474 2803,IA-300,Redes Neuronales,1,Desaprobado
2024-06-21,Sebastian,Silva,36727365,sebastian.silva@hotmail.com,+54 9 2236 3579,GEN-101,Ética y Tecnología,5,Aprobado
2024-06-21,Juliana,Vera,44370456,juliana.vera@outlook.com,+54 9 2907 3012,NEG-400,Liderazgo y Negociación,5,Aprobado
2024-06-21,Catalina,Rios,36349870,catalina.rios@hotmail.com,+54 9 3441 0122,IA-300,Redes Neuronales,8,Aprobado
2024-06-21,Maximiliano,Ramirez,41252196,maximiliano.ramirez@hotmail.com,+54 9 2194 0145,MKT-200,Marketing de Contenidos,2,Desaprobado
2024-06-21,Ana Paula,Martinez,39269288,ana.paula.martinez@hotmail.com,+54 9 2316 3329,UX-100,Diseño de Experiencia de Usuario,5,Aprobado
2024-06-21,Matias,Rivero,41174384,matias.rivero@yahoo.com,+54 9 3868 7669,UX-100,Diseño de Experiencia de Usuario,8,Aprobado
2024-06-22,Lucia,Gonzalez,38720883,lucia.gonzalez@gmail.com,+54 9 2170 5701,GEN-101,Ética y Tecnología,2,Desaprobado
2024-06-22,Simon,Ferreyra,42826422,simon.ferreyra@outlook.com,+54 9 2314 6197,IA-300,Redes Neuronales,9,Aprobado
2024-06-22,Mateo,Morales,43972226,mateo.morales@yahoo.com,+54 9 3643 2715,MKT-200,Marketing de Contenidos,5,Aprobado
2024-06-22,Catalina,Martinez,44441151,catalina.martinez@gmail.com,+54 9 2473 8080,DAT-101,Introducción a los Datos,4,Aprobado
2024-06-22,Isabel,Diaz,43695277,,+54 9 3812 0948,IA-300,Redes Neuronales,4,Aprobado
2024-06-22,Benicio,Acosta,34081471,benicio.acosta@hotmail.com,+54 9 2628 9859,UX-100,Diseño de Experiencia de Usuario,3,Desaprobado
2024-06-22,Bastian,Castro,31379964,,+54 9 3972 5485,IA-300,Redes Neuronales,6,Aprobado
2024-06-23,Abril,Morales,36800218,abril.morales@hotmail.com,+54 9 2710 3086,DEV-101,Algoritmos I,9,Aprobado
2024-06-23,Luz Milagros,Ramirez,37797988,luz.milagros.ramirez@outlook.com,+54 9 3690 0657,IA-300,Redes Neuronales,6,Aprobado
2024-06-23,Valentino,Martinez,33678309,,+54 9 2137 1058,UX-100,Diseño de Experiencia de Usuario,1,Desaprobado
2024-06-23,Catalina,Quiroga,39224971,catalina.quiroga@outlook.com,+54 9 2268 0361,NEG-400,Liderazgo y Negociación,2,Desaprobado
2024-06-23,Alfonsina,Carrizo,35376871,,+54 9 3393 9381,MKT-200,Marketing de Contenidos,2,Desaprobado
2024-06-23,Joaquin,Romero,42905002,joaquin.romero@hotmail.com,+54 9 2595 2252,MKT-200,Marketing de Contenidos,3,Desaprobado
2024-06-23,Tobias,Nuñez,34839561,tobias.nunez@yahoo.com,+54 9 3723 6714,IA-300,Redes Neuronales,6,Aprobado
2024-06-24,Valentina,Ayala,32264676,valentina.ayala@yahoo.com,+54 9 3151 0774,DEV-101,Algoritmos I,6,Aprobado
2024-06-24,Genaro,Valdez,40051802,genaro.valdez@outlook.com,+54 9 2691 5722,IA-300,Redes Neuronales,9,Aprobado
2024-06-24,Lorenzo,Martin,37454570,lorenzo.martin@yahoo.com,+54 9 3629 4107,DAT-201,Estadística Avanzada,2,Desaprobado
2024-06-24,Francesca,Acuña,41109574,francesca.acuna@outlook.com,+54 9 2164 9052,UX-100,Diseño de Experiencia de Usuario,4,Aprobado
2024-06-24,Maria Victoria,Vega,32150912,maria.victoria.vega@hotmail.com,+54 9 2877 7652,GEN-101,Ética y Tecnología,8,Aprobado
2024-06-24,Pedro,Silva,39341417,pedro.silva@hotmail.com,+54 9 2643 6929,NEG-400,Liderazgo y Negociación,9,Aprobado
2024-06-24,Juan Pablo,Suarez,32272850,juan.pablo.suarez@outlook.com,+54 9 3278 3178,UX-100,Diseño de Experiencia de Usuario,3,Desaprobado
2024-06-24,Rafael,Ledesma,30700814,rafael.ledesma@yahoo.com,+54 9 2976 2954,DAT-101,Introducción a los Datos,5,Aprobado
2024-06-24,Juana,Fernandez,38038154,juana.fernandez@hotmail.com,+54 9 3178 3445,UX-100,Diseño de Experiencia de Usuario,8,Aprobado
2024-06-25,Clara,Alvarez,43023911,clara.alvarez@yahoo.com,+54 9 2816 0515,UX-100,Diseño de Experiencia de Usuario,10,Aprobado
2024-06-25,Felipe,Rojas,30252475,felipe.rojas@outlook.com,+54 9 3393 8691,GEN-101,Ética y Tecnología,8,Aprobado
2024-06-25,Jazmín,Suarez,35524090,jazmin.suarez@hotmail.com,+54 9 3874 8933,DAT-201,Estadística Avanzada,1,Desaprobado
2024-06-25,Rafael,Acuña,32134822,rafael.acuna@gmail.com,+54 9 3445 5159,NEG-400,Liderazgo y Negociación,7,Aprobado
2024-06-25,Olivia,Lopez,38406894,olivia.lopez@outlook.com,+54 9 2919 6333,DAT-201,Estadística Avanzada,8,Aprobado
2024-06-25,Alma,Fernandez,32800317,alma.fernandez@yahoo.com,+54 9 3100 1657,GEN-101,Ética y Tecnología,4,Aprobado
2024-06-25,Morena,Soto,37915491,morena.soto@outlook.com,+54 9 2955 0590,IA-300,Redes Neuronales,6,Aprobado
2024-06-26,Emma,Sosa,40220174,emma.sosa@hotmail.com,+54 9 2914 0113,DEV-101,Algoritmos I,4,Aprobado
2024-06-26,Manuel,Ruiz,43496917,manuel.ruiz@gmail.com,+54 9 3722 2618,IA-300,Redes Neuronales,5,Aprobado
2024-06-26,Alma,Ferreyra,33025091,alma.ferreyra@yahoo.com,+54 9 2291 1447,DAT-201,Estadística Avanzada,10,Aprobado
2024-06-26,Delfina,Lopez,35569822,delfina.lopez@hotmail.com,+54 9 2250 8478,MKT-200,Marketing de Contenidos,8,Aprobado
2024-06-26,Manuel,Lopez,32349994,manuel.lopez@outlook.com,+54 9 3812 8627,MKT-200,Marketing de Contenidos,3,Desaprobado
2024-06-26,Luisana,Sanchez,39605597,luisana.sanchez@gmail.com,+54 9 3474 8228,UX-100,Diseño de Experiencia de Usuario,4,Aprobado
2024-06-26,Catalina,Barrios,31621161,catalina.barrios@gmail.com,+54 9 3327 4989,DEV-101,Algoritmos I,10,Aprobado
2024-06-26,Lola,Lopez,42011137,lola.lopez@yahoo.com,+54 9 3894 4120,DAT-201,Estadística Avanzada,4,Aprobado
2024-06-26,Valentina ,Flores,39679193,valentina..flores@hotmail.com,+54 9 2430 5261,MKT-200,Marketing de Contenidos,5,Aprobado
2024-06-26,Agustina,Olivera,33109769,agustina.olivera@outlook.com,+54 9 2368 8001,IA-300,Redes Neuronales,8,Aprobado
2024-06-26,Maria Luz,Sanchez,31187731,maria.luz.sanchez@gmail.com,+54 9 2522 9265,IA-300,Redes Neuronales,7,Aprobado
2024-06-27,Lautaro,Franco,35325959,lautaro.franco@gmail.com,+54 9 3794 0608,IA-300,Redes Neuronales,1,Desaprobado
2024-06-27,Lola,Aguirre,30300658,lola.aguirre@outlook.com,+54 9 2619 9992,DAT-201,Estadística Avanzada,3,Desaprobado
2024-06-27,Mia,Correa,39386861,mia.correa@hotmail.com,+54 9 3137 9865,DEV-101,Algoritmos I,3,Desaprobado
2024-06-27,Alejo,Lopez,33753511,alejo.lopez@hotmail.com,+54 9 2129 9549,IA-300,Redes Neuronales,6,Aprobado
2024-06-27,Sebastian,Escobar,36016561,sebastian.escobar@gmail.com,+54 9 3881 2828,DEV-101,Algoritmos I,7,Aprobado
2024-06-27,Francisco,Ortiz,40863182,francisco.ortiz@outlook.com,+54 9 3575 7767,DEV-101,Algoritmos I,10,Aprobado
2024-06-27,Maria Victoria,Vega,32150912,maria.victoria.vega@hotmail.com,+54 9 2877 7652,GEN-101,Ética y Tecnología,3,Desaprobado
2024-06-27,Emma,Rodriguez,30974929,emma.rodriguez@yahoo.com,+54 9 3424 9857,MKT-200,Marketing de Contenidos,10,Aprobado
2024-06-27,Delfina,Garcia,44661890,delfina.garcia@hotmail.com,+54 9 2809 2992,MKT-200,Marketing de Contenidos,5,Aprobado
2024-06-27,Luciana,Rodriguez,37706458,,+54 9 3376 6292,DAT-201,Estadística Avanzada,7,Aprobado
2024-06-27,Lola,Caceres,34011987,lola.caceres@yahoo.com,+54 9 2996 4004,MKT-200,Marketing de Contenidos,4,Aprobado
2024-06-28,Maria Guadalupe,Ayala,45507315,maria.guadalupe.ayala@yahoo.com,+54 9 3647 1301,UX-100,Diseño de Experiencia de Usuario,5,Aprobado
2024-06-28,Thiago Valentin,Chavez,44427813,thiago.valentin.chavez@outlook.com,+54 9 3994 8024,DAT-101,Introducción a los Datos,5,Aprobado
2024-06-28,Tomàs,Martinez,38370600,tomas.martinez@yahoo.com,+54 9 2854 5404,DAT-101,Introducción a los Datos,6,Aprobado
2024-06-28,Luna,Rojas,39921380,luna.rojas@outlook.com,+54 9 3575 8135,DAT-201,Estadística Avanzada,2,Desaprobado
2024-06-28,Alma Valentina,Aguero,38223982,alma.valentina.aguero@yahoo.com,+54 9 3726 6320,DAT-101,Introducción a los Datos,5,Aprobado
2024-06-28,Sofia,Gutierrez,44594931,sofia.gutierrez@yahoo.com,+54 9 3472 4097,DAT-201,Estadística Avanzada,9,Aprobado
2024-06-29,Antonella,Gimenez,42863827,antonella.gimenez@outlook.com,+54 9 2662 5205,GEN-101,Ética y Tecnología,6,Aprobado
2024-06-29,Valentino,Gonzalez,44142004,valentino.gonzalez@outlook.com,+54 9 2245 3394,GEN-101,Ética y Tecnología,1,Desaprobado
2024-06-29,Luisana,Juarez,36462635,luisana.juarez@hotmail.com,+54 9 3608 6690,MKT-200,Marketing de Contenidos,9,Aprobado
2024-06-29,Santino,Gonzalez,38789605,santino.gonzalez@outlook.com,+54 9 3720 1467,DAT-201,Estadística Avanzada,3,Desaprobado
2024-06-29,León,Blanco,42221418,leon.blanco@outlook.com,+54 9 2934 2600,DEV-101,Algoritmos I,6,Aprobado
2024-06-29,Lorenzo,Rodriguez,33225144,lorenzo.rodriguez@yahoo.com,+54 9 3313 2806,DAT-201,Estadística Avanzada,1,Desaprobado
2024-06-29,Lucas,Gomez,32902968,lucas.gomez@gmail.com,+54 9 3456 0230,DAT-201,Estadística Avanzada,10,Aprobado
2024-06-29,Bruno,Moyano,31065119,bruno.moyano@yahoo.com,+54 9 2797 2420,NEG-400,Liderazgo y Negociación,8,Aprobado
2024-06-29,Juan Bautista,Gonzalez,41182374,juan.bautista.gonzalez@yahoo.com,+54 9 2662 2460,NEG-400,Liderazgo y Negociación,3,Desaprobado
2024-06-30,Alma Valentina,Garcia,42763799,alma.valentina.garcia@yahoo.com,+54 9 2978 5301,IA-300,Redes Neuronales,4,Aprobado
2024-06-30,Luna,Sanchez,43948943,luna.sanchez@hotmail.com,+54 9 2710 2305,MKT-200,Marketing de Contenidos,6,Aprobado
2024-06-30,Valentino,Romero,42168576,valentino.romero@yahoo.com,+54 9 2742 3551,DEV-101,Algoritmos I,3,Desaprobado
2024-06-30,Maximo,Perez,36629400,maximo.perez@yahoo.com,+54 9 2589 0528,GEN-101,Ética y Tecnología,5,Aprobado
2024-06-30,Thiago Benjamin,Benitez,31356012,thiago.benjamin.benitez@yahoo.com,+54 9 2522 7068,DAT-101,Introducción a los Datos,9,Aprobado
2024-06-30,Malena,Rodriguez,32487000,malena.rodriguez@hotmail.com,+54 9 3849 6653,MKT-200,Marketing de Contenidos,5,Aprobado
2024-06-30,Maria Emilia,Martinez,35316729,maria.emilia.martinez@outlook.com,+54 9 2614 4761,UX-100,Diseño de Experiencia de Usuario,7,Aprobado
2024-06-30,Milo,Rodriguez,43625205,milo.rodriguez@hotmail.com,+54 9 2466 3602,DEV-101,Algoritmos I,2,Desaprobado
2024-06-30,Jazmin,Roldan,37935165,jazmin.roldan@outlook.com,+54 9 2493 1713,DAT-101,Introducción a los Datos,6,Aprobado
2024-06-30,Martina,Martinez,37179608,martina.martinez@outlook.com,+54 9 2879 0441,MKT-200,Marketing de Contenidos,5,Aprobado
2024-06-30,Santino,Ledesma,42954368,santino.ledesma@yahoo.com,+54 9 2214 7459,MKT-200,Marketing de Contenidos,8,Aprobado
2024-07-01,Samuel,Silva,40776019,samuel.silva@outlook.com,+54 9 3546 2542,DEV-101,Algoritmos I,2,Desaprobado
2024-07-01,Victoria,Pereyra,36083652,victoria.pereyra@outlook.com,+54 9 2474 3313,UX-100,Diseño de Experiencia de Usuario,3,Desaprobado
2024-07-01,Nina,Gomez,37665322,nina.gomez@hotmail.com,+54 9 3603 2237,DAT-101,Introducción a los Datos,10,Aprobado
2024-07-01,Valentina,Coronel,31593963,valentina.coronel@gmail.com,+54 9 2196 7061,UX-100,Diseño de Experiencia de Usuario,5,Aprobado
2024-07-01,Thiago Benjamin,Romero,34715773,thiago.benjamin.romero@outlook.com,+54 9 3605 8576,DAT-201,Estadística Avanzada,1,Desaprobado
2024-07-02,Juan Ignacio,Lopez,34033433,juan.ignacio.lopez@gmail.com,+54 9 3734 1359,IA-300,Redes Neuronales,2,Desaprobado
2024-07-02,Mateo,Rodriguez,32474711,mateo.rodriguez@outlook.com,+54 9 3823 2050,MKT-200,Marketing de Contenidos,6,Aprobado
2024-07-02,Mateo Ezequiel,Gomez,34457031,mateo.ezequiel.gomez@hotmail.com,+54 9 2178 0993,IA-300,Redes Neuronales,7,Aprobado
2024-07-02,Ian Ezequiel,Sosa,40513724,ian.ezequiel.sosa@yahoo.com,+54 9 2709 1624,DEV-101,Algoritmos I,4,Aprobado
2024-07-02,Juan Pablo,Romero,36953747,juan.pablo.romero@gmail.com,+54 9 3361 8209,IA-300,Redes Neuronales,5,Aprobado
2024-07-02,Olivia,Miranda,34166651,olivia.miranda@yahoo.com,+54 9 3471 5217,NEG-400,Liderazgo y Negociación,4,Aprobado
2024-07-02,Maximo,Perez,36629400,maximo.perez@yahoo.com,+54 9 2589 0528,MKT-200,Marketing de Contenidos,8,Aprobado
2024-07-02,Camila,Vargas,37123255,camila.vargas@yahoo.com,+54 9 2513 3451,NEG-400,Liderazgo y Negociación,4,Aprobado
2024-07-02,Nicolas,Lopez,36158336,nicolas.lopez@gmail.com,+54 9 2374 8631,NEG-400,Liderazgo y Negociación,1,Desaprobado
2024-07-02,Santiago,Diaz,42928321,santiago.diaz@gmail.com,+54 9 2215 6625,DEV-101,Algoritmos I,3,Desaprobado
2024-07-02,Tomàs,Villalba,34761805,tomas.villalba@outlook.com,+54 9 2388 0421,NEG-400,Liderazgo y Negociación,7,Aprobado
2024-07-02,Bautista Benjamin,Rodriguez,38290265,bautista.benjamin.rodriguez@yahoo.com,+54 9 3894 0104,IA-300,Redes Neuronales,5,Aprobado
2024-07-02,Bruno,Ruiz,44831598,bruno.ruiz@outlook.com,+54 9 3965 7714,UX-100,Diseño de Experiencia de Usuario,9,Aprobado
2024-07-03,Guillermina,Perez,44726844,guillermina.perez@yahoo.com,+54 9 2254 8542,NEG-400,Liderazgo y Negociación,1,Desaprobado
2024-07-03,Amparo,Ojeda,30642032,amparo.ojeda@outlook.com,+54 9 2491 3594,NEG-400,Liderazgo y Negociación,5,Aprobado
2024-07-03,Tiziano Valentin,Rodriguez,34554870,tiziano.valentin.rodriguez@yahoo.com,+54 9 2399 3435,GEN-101,Ética y Tecnología,7,Aprobado
2024-07-03,Martina,Garcia,39724445,martina.garcia@yahoo.com,+54 9 3699 6992,IA-300,Redes Neuronales,9,Aprobado
2024-07-03,Juan Cruz,Gonzalez,44084939,juan.cruz.gonzalez@yahoo.com,+54 9 2792 1644,IA-300,Redes Neuronales,5,Aprobado
2024-07-03,Santiago,Maldonado,39839138,santiago.maldonado@gmail.com,+54 9 2354 9902,DAT-201,Estadística Avanzada,1,Desaprobado
2024-07-04,Juan Ignacio,Juarez,43956427,juan.ignacio.juarez@hotmail.com,+54 9 2926 7185,MKT-200,Marketing de Contenidos,5,Aprobado
2024-07-04,Kiara,Fernandez,37550168,kiara.fernandez@yahoo.com,+54 9 2356 7343,IA-300,Redes Neuronales,5,Aprobado
2024-07-04,Milagros,Arias,34529542,milagros.arias@gmail.com,+54 9 3313 3516,UX-100,Diseño de Experiencia de Usuario,9,Aprobado
2024-07-04,Ciro,Nuñez,40214433,ciro.nunez@hotmail.com,+54 9 2659 3467,DAT-101,Introducción a los Datos,2,Desaprobado
2024-07-04,Sebastian,Gomez,41503023,sebastian.gomez@outlook.com,+54 9 2487 3994,DAT-101,Introducción a los Datos,7,Aprobado
2024-07-04,Paloma,Castro,32247069,paloma.castro@hotmail.com,+54 9 2200 1700,GEN-101,Ética y Tecnología,10,Aprobado
2024-07-04,Lucas Benjamin,Perez,36501353,lucas.benjamin.perez@outlook.com,+54 9 3997 1832,MKT-200,Marketing de Contenidos,1,Desaprobado
2024-07-04,Luz Milagros,Soria,37329041,luz.milagros.soria@yahoo.com,+54 9 3373 6824,UX-100,Diseño de Experiencia de Usuario,7,Aprobado
2024-07-05,Ciro,Ponce,30261560,ciro.ponce@gmail.com,+54 9 3375 2661,NEG-400,Liderazgo y Negociación,8,Aprobado
2024-07-05,Juan Gabriel,Quiroga,37678418,juan.gabriel.quiroga@hotmail.com,+54 9 3775 6248,IA-300,Redes Neuronales,2,Desaprobado
2024-07-05,Lucía,Bravo,36821499,lucia.bravo@yahoo.com,+54 9 2275 5768,DAT-201,Estadística Avanzada,7,Aprobado
2024-07-05,Martina,Sanchez,40860494,martina.sanchez@outlook.com,+54 9 2497 0467,UX-100,Diseño de Experiencia de Usuario,4,Aprobado
2024-07-05,Antonio,Garcia,45140374,antonio.garcia@outlook.com,+54 9 3161 5962,UX-100,Diseño de Experiencia de Usuario,2,Desaprobado
2024-07-05,Luciana,Rodriguez,37706458,luciana.rodriguez@yahoo.com,+54 9 2168 5585,GEN-101,Ética y Tecnología,9,Aprobado
2024-07-05,Juan Gabriel,Romero,44263113,juan.gabriel.romero@gmail.com,+54 9 3606 9023,IA-300,Redes Neuronales,6,Aprobado
2024-07-06,Lucía,Martinez,40237965,lucia.martinez@hotmail.com,+54 9 3634 6774,UX-100,Diseño de Experiencia de Usuario,1,Desaprobado
2024-07-06,Maria Belen,Benitez,31896700,maria.belen.benitez@outlook.com,+54 9 2269 3576,UX-100,Diseño de Experiencia de Usuario,6,Aprobado
2024-07-06,Emilia,Luna,36985322,emilia.luna@outlook.com,+54 9 3150 4598,IA-300,Redes Neuronales,8,Aprobado
2024-07-06,Morena,Peralta,44047485,morena.peralta@hotmail.com,+54 9 3595 8344,DAT-101,Introducción a los Datos,3,Desaprobado
2024-07-06,Dante,Suarez,43394175,dante.suarez@gmail.com,+54 9 2661 0611,DAT-101,Introducción a los Datos,3,Desaprobado
2024-07-06,Tomàs,Molina,36456678,tomas.molina@gmail.com,+54 9 2658 0121,NEG-400,Liderazgo y Negociación,3,Desaprobado
2024-07-06,Helena,Lopez,32712408,helena.lopez@outlook.com,+54 9 2837 8733,DAT-101,Introducción a los Datos,9,Aprobado
2024-07-06,Juliana,Ortiz,40913314,juliana.ortiz@hotmail.com,+54 9 3356 4856,GEN-101,Ética y Tecnología,5,Aprobado
2024-07-06,Lisandro,Peralta,39479461,lisandro.peralta@yahoo.com,+54 9 2193 2637,GEN-101,Ética y Tecnología,7,Aprobado
2024-07-07,Maximo,Perez,36629400,maximo.perez@yahoo.com,+54 9 2589 0528,GEN-101,Ética y Tecnología,1,Desaprobado
2024-07-07,Benicio,Perez,39875233,benicio.perez@outlook.com,+54 9 2327 0125,IA-300,Redes Neuronales,10,Aprobado
2024-07-07,Bautista,Gomez,40105729,bautista.gomez@outlook.com,+54 9 2863 1004,DAT-101,Introducción a los Datos,7,Aprobado
2024-07-07,Pedro,Bustos,39129106,pedro.bustos@yahoo.com,+54 9 2390 2204,NEG-400,Liderazgo y Negociación,4,Aprobado
2024-07-07,Santiago Benjamin,Lopez,39263332,santiago.benjamin.lopez@gmail.com,+54 9 3155 4721,UX-100,Diseño de Experiencia de Usuario,1,Desaprobado
2024-07-07,Juan Gabriel,Carrizo,39632675,juan.gabriel.carrizo@outlook.com,+54 9 3149 3579,DEV-101,Algoritmos I,5,Aprobado
2024-07-07,Lara,Rodriguez,32357600,lara.rodriguez@hotmail.com,+54 9 3309 8485,DEV-101,Algoritmos I,9,Aprobado
2024-07-07,Sofía,Aguirre,42849061,sofia.aguirre@yahoo.com,+54 9 2393 2267,DAT-101,Introducción a los Datos,1,Desaprobado
2024-07-07,Manuel,Castillo,42760731,manuel.castillo@hotmail.com,+54 9 2941 6333,NEG-400,Liderazgo y Negociación,5,Aprobado
2024-07-07,Zoe Valentina,Rios,39099433,zoe.valentina.rios@gmail.com,+54 9 2322 5982,NEG-400,Liderazgo y Negociación,7,Aprobado
2024-07-08,Francesca,Perez,38072230,francesca.perez@yahoo.com,+54 9 3556 0796,MKT-200,Marketing de Contenidos,7,Aprobado
2024-07-08,Thiago Benjamin,Soria,35213115,thiago.benjamin.soria@outlook.com,+54 9 3794 0567,DAT-101,Introducción a los Datos,1,Desaprobado
2024-07-08,Emma,Vazquez,44555423,emma.vazquez@yahoo.com,+54 9 3541 1746,MKT-200,Marketing de Contenidos,1,Desaprobado
2024-07-08,Mateo,Vargas,31271467,mateo.vargas@yahoo.com,+54 9 2727 5989,IA-300,Redes Neuronales,2,Desaprobado
2024-07-08,Joaquin,Flores,33838303,joaquin.flores@outlook.com,+54 9 3965 6415,MKT-200,Marketing de Contenidos,2,Desaprobado
2024-07-08,Juana,Gomez,33857648,juana.gomez@yahoo.com,+54 9 3375 2886,DAT-101,Introducción a los Datos,6,Aprobado
2024-07-08,Ambar,Vazquez,41813295,ambar.vazquez@yahoo.com,+54 9 2653 5052,DAT-201,Estadística Avanzada,4,Aprobado
2024-07-09,Federico,Diaz,38941014,federico.diaz@hotmail.com,+54 9 2268 8021,MKT-200,Marketing de Contenidos,10,Aprobado
2024-07-09,Gael,Rojas,30815585,gael.rojas@outlook.com,+54 9 3945 8368,IA-300,Redes Neuronales,1,Desaprobado
2024-07-09,Julian,Bravo,37642410,julian.bravo@hotmail.com,+54 9 2473 0358,DEV-101,Algoritmos I,1,Desaprobado
2024-07-09,Guillermina,Gimenez,37222211,guillermina.gimenez@outlook.com,+54 9 2307 9996,UX-100,Diseño de Experiencia de Usuario,1,Desaprobado
2024-07-09,Matias,Mendoza,42799422,matias.mendoza@gmail.com,+54 9 2795 0884,MKT-200,Marketing de Contenidos,10,Aprobado
2024-07-09,Ciro Benjamin,Molina,38480744,ciro.benjamin.molina@yahoo.com,+54 9 2573 6629,DAT-201,Estadística Avanzada,2,Desaprobado
2024-07-10,Facundo,Maldonado,35420584,facundo.maldonado@outlook.com,+54 9 3512 9462,DAT-201,Estadística Avanzada,7,Aprobado
2024-07-10,Amparo,Sosa,35625713,amparo.sosa@yahoo.com,+54 9 3242 9474,GEN-101,Ética y Tecnología,9,Aprobado
2024-07-10,Emilia,Luna,36985322,emilia.luna@outlook.com,+54 9 3150 4598,MKT-200,Marketing de Contenidos,7,Aprobado
2024-07-10,Paulina,Fernandez,36322281,paulina.fernandez@hotmail.com,+54 9 2896 3138,IA-300,Redes Neuronales,10,Aprobado
2024-07-10,Juan Pablo,Suarez,32272850,juan.pablo.suarez@outlook.com,+54 9 3278 3178,DAT-101,Introducción a los Datos,1,Desaprobado
2024-07-10,Milagros,Soria,44047721,milagros.soria@gmail.com,+54 9 2874 8184,UX-100,Diseño de Experiencia de Usuario,3,Desaprobado
2024-07-10,Lucas,Gutierrez,43554211,lucas.gutierrez@outlook.com,+54 9 3108 4040,GEN-101,Ética y Tecnología,6,Aprobado
2024-07-10,Juliana,Vera,44370456,juliana.vera@outlook.com,+54 9 2907 3012,UX-100,Diseño de Experiencia de Usuario,8,Aprobado
2024-07-10,Camila,Molina,42630421,camila.molina@gmail.com,+54 9 2273 5209,DAT-101,Introducción a los Datos,6,Aprobado
2024-07-11,Bautista Benjamin,Godoy,39371126,bautista.benjamin.godoy@gmail.com,+54 9 2429 8619,DEV-101,Algoritmos I,3,Desaprobado
2024-07-11,Antonia,Castillo,35111521,antonia.castillo@gmail.com,+54 9 3363 8314,DAT-101,Introducción a los Datos,2,Desaprobado
2024-07-11,Valentino,Garcia,39881121,valentino.garcia@gmail.com,+54 9 2377 5047,UX-100,Diseño de Experiencia de Usuario,9,Aprobado
2024-07-11,Delfina,Godoy,31165911,delfina.godoy@gmail.com,+54 9 2946 3828,NEG-400,Liderazgo y Negociación,9,Aprobado
2024-07-11,Candelaria,Vazquez,43010564,candelaria.vazquez@hotmail.com,+54 9 2233 0908,NEG-400,Liderazgo y Negociación,9,Aprobado
2024-07-11,Clara,Ledesma,44508081,clara.ledesma@outlook.com,+54 9 2294 5934,DEV-101,Algoritmos I,6,Aprobado
2024-07-11,Catalina,Franco,42679506,catalina.franco@yahoo.com,+54 9 2126 5465,GEN-101,Ética y Tecnología,9,Aprobado
2024-07-11,Francesca,Rodriguez,37284939,francesca.rodriguez@outlook.com,+54 9 3995 4462,GEN-101,Ética y Tecnología,9,Aprobado
2024-07-11,Sol,Gonzalez,41788868,sol.gonzalez@hotmail.com,+54 9 2884 2829,MKT-200,Marketing de Contenidos,9,Aprobado
2024-07-11,Santino,Gomez,36128228,santino.gomez@hotmail.com,+54 9 2220 1548,DAT-101,Introducción a los Datos,2,Desaprobado
2024-07-12,Alma,Diaz,44059778,alma.diaz@gmail.com,+54 9 2522 7337,DAT-101,Introducción a los Datos,7,Aprobado
2024-07-12,Lucas Benjamin,Sanchez,30445520,lucas.benjamin.sanchez@outlook.com,+54 9 2973 2240,DAT-201,Estadística Avanzada,5,Aprobado
2024-07-12,Valentino,Cardozo,40348880,valentino.cardozo@yahoo.com,+54 9 3586 9893,UX-100,Diseño de Experiencia de Usuario,9,Aprobado
2024-07-12,Bautista,Romero,44886400,bautista.romero@outlook.com,+54 9 3813 9647,NEG-400,Liderazgo y Negociación,6,Aprobado
2024-07-12,Thiago Nicolas,Villalba,37239130,thiago.nicolas.villalba@yahoo.com,+54 9 3983 1375,NEG-400,Liderazgo y Negociación,8,Aprobado
2024-07-12,Maria Guadalupe,Ayala,45507315,maria.guadalupe.ayala@yahoo.com,+54 9 3647 1301,UX-100,Diseño de Experiencia de Usuario,7,Aprobado
2024-07-13,Juan Ignacio,Ponce,34161904,juan.ignacio.ponce@yahoo.com,+54 9 2127 0479,DAT-101,Introducción a los Datos,7,Aprobado
2024-07-13,Juan Cruz,Fernandez,31636346,juan.cruz.fernandez@gmail.com,+54 9 3794 6853,DEV-101,Algoritmos I,4,Aprobado
2024-07-13,Mia Jazmin,Olivera,45561312,,+54 9 2722 3627,DAT-201,Estadística Avanzada,1,Desaprobado
2024-07-13,Camila,Correa,36050675,camila.correa@outlook.com,+54 9 3885 8201,GEN-101,Ética y Tecnología,10,Aprobado
2024-07-13,Lola,Martinez,44094966,lola.martinez@hotmail.com,+54 9 2702 8765,DAT-201,Estadística Avanzada,9,Aprobado
2024-07-13,Martina,Benitez,36470833,martina.benitez@hotmail.com,+54 9 3547 0946,DAT-101,Introducción a los Datos,10,Aprobado
2024-07-13,Martina,Benitez,36470833,martina.benitez@hotmail.com,+54 9 3547 0946,MKT-200,Marketing de Contenidos,5,Aprobado
2024-07-14,Martina,Ojeda,42740444,martina.ojeda@yahoo.com,+54 9 2462 7303,GEN-101,Ética y Tecnología,2,Desaprobado
2024-07-14,Lourdes,Lopez,38221990,lourdes.lopez@yahoo.com,+54 9 2192 6523,DAT-201,Estadística Avanzada,1,Desaprobado
2024-07-14,Giuliana,Gutierrez,30246491,,+54 9 3370 5963,DAT-101,Introducción a los Datos,6,Aprobado
2024-07-14,Morena,Soto,37915491,morena.soto@outlook.com,+54 9 2955 0590,IA-300,Redes Neuronales,7,Aprobado
2024-07-14,Ludmila,Lopez,36163868,ludmila.lopez@gmail.com,+54 9 2343 3079,DAT-101,Introducción a los Datos,7,Aprobado
2024-07-14,Julieta,Duarte,44753132,julieta.duarte@yahoo.com,+54 9 3974 7739,UX-100,Diseño de Experiencia de Usuario,2,Desaprobado
2024-07-14,Guadalupe,Rodriguez,35895932,guadalupe.rodriguez@yahoo.com,+54 9 2995 8689,DAT-201,Estadística Avanzada,6,Aprobado
2024-07-14,Isabella,Sanchez,36461761,isabella.sanchez@outlook.com,+54 9 2791 8739,NEG-400,Liderazgo y Negociación,3,Desaprobado
2024-07-14,Juan Ignacio,Ponce,34161904,juan.ignacio.ponce@yahoo.com,+54 9 2127 0479,GEN-101,Ética y Tecnología,7,Aprobado
2024-07-14,Lorenzo,Martinez,34666804,lorenzo.martinez@gmail.com,+54 9 3740 2958,GEN-101,Ética y Tecnología,10,Aprobado
2024-07-14,Amparo,Ojeda,30642032,amparo.ojeda@outlook.com,+54 9 2491 3594,DEV-101,Algoritmos I,7,Aprobado
2024-07-14,Renata,Medina,36514666,renata.medina@yahoo.com,+54 9 2518 2753,GEN-101,Ética y Tecnología,3,Desaprobado
2024-07-14,Bautista,Torres,43991901,bautista.torres@yahoo.com,+54 9 3821 7001,DEV-101,Algoritmos I,3,Desaprobado
2024-07-15,Valentin,Martinez,36948669,valentin.martinez@gmail.com,+54 9 2691 1897,IA-300,Redes Neuronales,1,Desaprobado
2024-07-15,Catalina,Gomez,41402719,catalina.gomez@outlook.com,+54 9 3917 2603,UX-100,Diseño de Experiencia de Usuario,8,Aprobado
2024-07-15,Luciano Benjamin,Fernandez,33033916,luciano.benjamin.fernandez@hotmail.com,+54 9 2147 0161,GEN-101,Ética y Tecnología,1,Desaprobado
2024-07-15,Isabella,Benitez,43736953,,+54 9 3440 1833,MKT-200,Marketing de Contenidos,9,Aprobado
2024-07-16,Lara,Mendoza,37337493,lara.mendoza@outlook.com,+54 9 3486 2690,UX-100,Diseño de Experiencia de Usuario,3,Desaprobado
2024-07-16,Santino,Villalba,43771658,santino.villalba@outlook.com,+54 9 3603 7640,GEN-101,Ética y Tecnología,6,Aprobado
2024-07-16,Juan Ignacio,Fernandez,45931150,juan.ignacio.fernandez@outlook.com,+54 9 3568 1526,DEV-101,Algoritmos I,10,Aprobado
2024-07-16,Pedro,Torres,38749521,pedro.torres@hotmail.com,+54 9 3289 5543,UX-100,Diseño de Experiencia de Usuario,3,Desaprobado
2024-07-16,Antonio,Barrios,44778294,antonio.barrios@gmail.com,+54 9 2170 7223,GEN-101,Ética y Tecnología,2,Desaprobado
2024-07-17,Ludmila,Sanchez,35648819,ludmila.sanchez@gmail.com,+54 9 2916 4362,IA-300,Redes Neuronales,9,Aprobado
2024-07-17,Rafael,Arias,41119537,rafael.arias@outlook.com,+54 9 3981 7786,DAT-201,Estadística Avanzada,1,Desaprobado
2024-07-17,Milagros,Perez,36935055,milagros.perez@yahoo.com,+54 9 3695 5944,UX-100,Diseño de Experiencia de Usuario,7,Aprobado
2024-07-17,Juan Manuel,Gonzalez,39718327,juan.manuel.gonzalez@yahoo.com,+54 9 2255 7778,DAT-201,Estadística Avanzada,3,Desaprobado
2024-07-17,Isabella,Gimenez,34998039,isabella.gimenez@hotmail.com,+54 9 2785 6643,DAT-101,Introducción a los Datos,4,Aprobado
2024-07-17,Mia Morena,Torres,30058812,mia.morena.torres@hotmail.com,+54 9 3147 6722,DEV-101,Algoritmos I,4,Aprobado
2024-07-17,Delfina,Acuña,33567445,delfina.acuna@yahoo.com,+54 9 3150 4515,GEN-101,Ética y Tecnología,3,Desaprobado
2024-07-17,Juan Gabriel,Carrizo,39632675,juan.gabriel.carrizo@outlook.com,+54 9 3149 3579,DAT-101,Introducción a los Datos,8,Aprobado
2024-07-17,Isabel,Diaz,43695277,isabel.diaz@outlook.com,+54 9 3372 2735,GEN-101,Ética y Tecnología,7,Aprobado
2024-07-17,Lorenzo,Fernandez,39001607,,+54 9 2582 0326,GEN-101,Ética y Tecnología,2,Desaprobado
2024-07-18,Simon,Villalba,37242370,simon.villalba@hotmail.com,+54 9 2441 9233,DAT-201,Estadística Avanzada,7,Aprobado
2024-07-18,Luca,Correa,41291663,luca.correa@gmail.com,+54 9 3280 1478,DAT-201,Estadística Avanzada,2,Desaprobado
2024-07-18,Julian,Aguirre,32540190,julian.aguirre@yahoo.com,+54 9 2472 5293,UX-100,Diseño de Experiencia de Usuario,1,Desaprobado
2024-07-18,Valentina,Martinez,30279612,,+54 9 2684 6405,DAT-101,Introducción a los Datos,8,Aprobado
2024-07-18,Valentina,Perez,41330737,,+54 9 2117 3920,UX-100,Diseño de Experiencia de Usuario,4,Aprobado
2024-07-18,Thiago Benjamin,Gonzalez,36031653,thiago.benjamin.gonzalez@gmail.com,+54 9 2821 1399,DAT-201,Estadística Avanzada,2,Desaprobado
2024-07-18,Maximo,Gonzalez,32449620,maximo.gonzalez@outlook.com,+54 9 3759 1737,UX-100,Diseño de Experiencia de Usuario,4,Aprobado
2024-07-18,Maximo,Gonzalez,30506093,maximo.gonzalez@gmail.com,+54 9 3902 8521,GEN-101,Ética y Tecnología,2,Desaprobado
2024-07-18,Candelaria,Vazquez,43010564,candelaria.vazquez@hotmail.com,+54 9 2233 0908,GEN-101,Ética y Tecnología,7,Aprobado
2024-07-18,Julia,Medina,38353339,julia.medina@gmail.com,+54 9 2309 9286,GEN-101,Ética y Tecnología,5,Aprobado
2024-07-18,Benjamin,Rios,43773004,benjamin.rios@hotmail.com,+54 9 3138 8805,DAT-101,Introducción a los Datos,6,Aprobado
2024-07-19,Sol,Gonzalez,41788868,sol.gonzalez@hotmail.com,+54 9 2884 2829,IA-300,Redes Neuronales,5,Aprobado
2024-07-19,Valentino,Garcia,39881121,valentino.garcia@gmail.com,+54 9 2377 5047,IA-300,Redes Neuronales,8,Aprobado
2024-07-19,Isabella,Torres,41866022,isabella.torres@yahoo.com,+54 9 2302 4235,DEV-101,Algoritmos I,7,Aprobado
2024-07-19,Valentino,Suarez,36892131,valentino.suarez@yahoo.com,+54 9 2390 7466,DAT-101,Introducción a los Datos,4,Aprobado
2024-07-19,Thiago Gabriel,Flores,33493292,thiago.gabriel.flores@hotmail.com,+54 9 2200 6549,DEV-101,Algoritmos I,6,Aprobado
2024-07-19,Jazmin,Sosa,36907787,jazmin.sosa@outlook.com,+54 9 2775 9254,DEV-101,Algoritmos I,8,Aprobado
2024-07-19,Zoe Valentina,Torres,32686293,zoe.valentina.torres@gmail.com,+54 9 3833 9847,GEN-101,Ética y Tecnología,7,Aprobado
2024-07-19,Jeronimo,Vega,33076159,jeronimo.vega@yahoo.com,+54 9 2940 1402,IA-300,Redes Neuronales,2,Desaprobado
2024-07-19,Joaquin,Ponce,41112892,joaquin.ponce@outlook.com,+54 9 2289 7440,IA-300,Redes Neuronales,7,Aprobado
2024-07-19,Sofia,Escobar,43105183,sofia.escobar@yahoo.com,+54 9 3826 7431,DEV-101,Algoritmos I,9,Aprobado
2024-07-19,Mia Jazmin,Gimenez,40775474,mia.jazmin.gimenez@outlook.com,+54 9 3883 8586,UX-100,Diseño de Experiencia de Usuario,8,Aprobado
2024-07-19,Camila,Vargas,37123255,camila.vargas@yahoo.com,+54 9 2513 3451,MKT-200,Marketing de Contenidos,8,Aprobado
2024-07-19,Helena,Ortiz,41017872,helena.ortiz@hotmail.com,+54 9 3261 1029,IA-300,Redes Neuronales,5,Aprobado
2024-07-19,Catalina,Sosa,34554550,catalina.sosa@hotmail.com,+54 9 3904 7776,IA-300,Redes Neuronales,2,Desaprobado
2024-07-20,Benicio,Ponce,35915600,,+54 9 3718 2696,NEG-400,Liderazgo y Negociación,5,Aprobado
2024-07-20,Lautaro,Franco,35325959,lautaro.franco@gmail.com,+54 9 3794 0608,DEV-101,Algoritmos I,4,Aprobado
2024-07-20,Augusto,Flores,30926558,augusto.flores@yahoo.com,+54 9 3704 5207,DEV-101,Algoritmos I,4,Aprobado
2024-07-20,Lucía,Gonzalez,42179672,lucia.gonzalez@gmail.com,+54 9 2429 5377,UX-100,Diseño de Experiencia de Usuario,3,Desaprobado
2024-07-20,Lucia,Martin,45419935,lucia.martin@gmail.com,+54 9 2104 1490,DAT-101,Introducción a los Datos,4,Aprobado
2024-07-20,Santiago,Cardozo,45948143,santiago.cardozo@outlook.com,+54 9 3611 8096,MKT-200,Marketing de Contenidos,10,Aprobado
2024-07-20,Paloma,Alvarez,34146531,paloma.alvarez@yahoo.com,+54 9 2287 0519,IA-300,Redes Neuronales,2,Desaprobado
2024-07-20,Santiago,Gimenez,30197508,santiago.gimenez@outlook.com,+54 9 3196 0991,UX-100,Diseño de Experiencia de Usuario,3,Desaprobado
2024-07-20,Guadalupe,Gutierrez,38917148,guadalupe.gutierrez@hotmail.com,+54 9 2787 4111,DAT-201,Estadística Avanzada,3,Desaprobado
2024-07-20,Ludmila,Herrera,36651921,ludmila.herrera@yahoo.com,+54 9 2113 3238,IA-300,Redes Neuronales,9,Aprobado
2024-07-20,Bautista,Gimenez,43710760,bautista.gimenez@yahoo.com,+54 9 2374 8134,NEG-400,Liderazgo y Negociación,1,Desaprobado
2024-07-21,Tomàs,Campos,41437572,tomas.campos@yahoo.com,+54 9 2750 4287,UX-100,Diseño de Experiencia de Usuario,9,Aprobado
2024-07-21,Victoria,Roldan,31731791,victoria.roldan@hotmail.com,+54 9 3469 4962,IA-300,Redes Neuronales,4,Aprobado
2024-07-21,Camilo,Acosta,41943395,camilo.acosta@yahoo.com,+54 9 3164 7718,DEV-101,Algoritmos I,7,Aprobado
2024-07-21,Benjamin,Gomez,31388447,benjamin.gomez@gmail.com,+54 9 3255 7426,IA-300,Redes Neuronales,9,Aprobado
2024-07-21,Mia Morena,Torres,30058812,mia.morena.torres@hotmail.com,+54 9 3147 6722,DAT-201,Estadística Avanzada,9,Aprobado
2024-07-21,Sofia,Rodriguez,30367578,sofia.rodriguez@outlook.com,+54 9 3965 4385,UX-100,Diseño de Experiencia de Usuario,1,Desaprobado
2024-07-21,Tobias,Mansilla,43888324,tobias.mansilla@outlook.com,+54 9 3192 2155,DAT-101,Introducción a los Datos,8,Aprobado
2024-07-21,Santino,Aguirre,37442207,santino.aguirre@gmail.com,+54 9 2225 8599,DEV-101,Algoritmos I,6,Aprobado
2024-07-21,Milena,Gonzalez,34485777,milena.gonzalez@gmail.com,+54 9 3226 4145,GEN-101,Ética y Tecnología,4,Aprobado
2024-07-22,Thiago Daniel,Diaz,43864775,thiago.daniel.diaz@outlook.com,+54 9 3482 1035,NEG-400,Liderazgo y Negociación,6,Aprobado
2024-07-22,Samuel,Rodriguez,43198246,samuel.rodriguez@gmail.com,+54 9 2751 2214,DAT-101,Introducción a los Datos,8,Aprobado
2024-07-22,Candela,Pereyra,41575887,candela.pereyra@outlook.com,+54 9 3264 8389,GEN-101,Ética y Tecnología,3,Desaprobado
2024-07-22,Lucas,Gomez,32902968,lucas.gomez@gmail.com,+54 9 3456 0230,MKT-200,Marketing de Contenidos,4,Aprobado
2024-07-22,Santiago,Hernandez,40746517,santiago.hernandez@yahoo.com,+54 9 3370 7661,GEN-101,Ética y Tecnología,5,Aprobado
2024-07-22,Milena,Escobar,44927685,milena.escobar@outlook.com,+54 9 2975 2699,DAT-201,Estadística Avanzada,8,Aprobado
2024-07-22,Manuel,Ruiz,43496917,manuel.ruiz@gmail.com,+54 9 3722 2618,UX-100,Diseño de Experiencia de Usuario,4,Aprobado
2024-07-22,Juliana,Vera,44370456,juliana.vera@outlook.com,+54 9 2907 3012,UX-100,Diseño de Experiencia de Usuario,10,Aprobado
2024-07-23,Milo,Rodriguez,43625205,milo.rodriguez@hotmail.com,+54 9 2466 3602,DAT-101,Introducción a los Datos,2,Desaprobado
2024-07-23,Lautaro Benjamin,Ramirez,35501443,lautaro.benjamin.ramirez@hotmail.com,+54 9 2586 1123,DAT-101,Introducción a los Datos,6,Aprobado
2024-07-23,Ignacio,Martin,32151606,ignacio.martin@outlook.com,+54 9 3552 2221,DAT-201,Estadística Avanzada,9,Aprobado
2024-07-23,Nina,Perez,37949128,nina.perez@hotmail.com,+54 9 2327 0565,DAT-101,Introducción a los Datos,6,Aprobado
2024-07-23,Simon,Villalba,37242370,simon.villalba@hotmail.com,+54 9 2441 9233,DAT-201,Estadística Avanzada,6,Aprobado
2024-07-23,Dante,Castro,30616294,dante.castro@gmail.com,+54 9 2403 4212,DAT-201,Estadística Avanzada,1,Desaprobado
2024-07-23,Mateo Benjamin,Cardozo,33619676,mateo.benjamin.cardozo@gmail.com,+54 9 3281 1836,DEV-101,Algoritmos I,5,Aprobado
2024-07-23,Santiago,Farias,34635361,santiago.farias@outlook.com,+54 9 3827 3233,DAT-101,Introducción a los Datos,3,Desaprobado
2024-07-24,Benjamin,Avila,34801591,benjamin.avila@yahoo.com,+54 9 2399 3699,GEN-101,Ética y Tecnología,10,Aprobado
2024-07-24,Valentino,Gonzalez,44142004,valentino.gonzalez@outlook.com,+54 9 2245 3394,GEN-101,Ética y Tecnología,7,Aprobado
2024-07-24,Florencia,Godoy,44358674,florencia.godoy@outlook.com,+54 9 2653 4149,DAT-201,Estadística Avanzada,10,Aprobado
2024-07-24,Lola,Ayala,39110609,lola.ayala@hotmail.com,+54 9 2444 5800,DEV-101,Algoritmos I,9,Aprobado
2024-07-24,Felipe,Gonzalez,36839899,felipe.gonzalez@outlook.com,+54 9 3434 8901,IA-300,Redes Neuronales,5,Aprobado
2024-07-24,Lucia,Ramos,31800702,lucia.ramos@gmail.com,+54 9 3768 9233,NEG-400,Liderazgo y Negociación,2,Desaprobado
2024-07-24,Ramiro,Vazquez,34636803,ramiro.vazquez@outlook.com,+54 9 3748 3725,IA-300,Redes Neuronales,3,Desaprobado
2024-07-24,Thiago Benjamin,Sanchez,39041016,thiago.benjamin.sanchez@gmail.com,+54 9 2385 8705,IA-300,Redes Neuronales,7,Aprobado
2024-07-25,Joaquin,Mansilla,34365303,joaquin.mansilla@hotmail.com,+54 9 2895 8083,DAT-201,Estadística Avanzada,10,Aprobado
2024-07-25,Agustín,Perez,33722791,agustin.perez@outlook.com,+54 9 3301 9512,DEV-101,Algoritmos I,7,Aprobado
2024-07-25,Juan Martin,Medina,31835198,juan.martin.medina@outlook.com,+54 9 2676 9157,DAT-101,Introducción a los Datos,3,Desaprobado
2024-07-25,Juliana,Vera,44370456,juliana.vera@outlook.com,+54 9 2907 3012,MKT-200,Marketing de Contenidos,9,Aprobado
2024-07-25,Jazmin,Sosa,36907787,jazmin.sosa@outlook.com,+54 9 2775 9254,GEN-101,Ética y Tecnología,5,Aprobado
2024-07-25,Renata,Roldan,42473169,renata.roldan@outlook.com,+54 9 3585 9074,IA-300,Redes Neuronales,8,Aprobado
2024-07-25,Thiago,Fernandez,37332897,thiago.fernandez@yahoo.com,+54 9 2388 7647,MKT-200,Marketing de Contenidos,10,Aprobado
2024-07-25,Mateo,Diaz,45341305,mateo.diaz@outlook.com,+54 9 3725 7654,UX-100,Diseño de Experiencia de Usuario,6,Aprobado
2024-07-26,Mia Jazmin,Gimenez,40775474,mia.jazmin.gimenez@outlook.com,+54 9 3883 8586,IA-300,Redes Neuronales,8,Aprobado
2024-07-26,Valentin,Aguirre,36380821,valentin.aguirre@hotmail.com,+54 9 3529 3830,DAT-201,Estadística Avanzada,6,Aprobado
2024-07-26,Emma,Valdez,43978117,emma.valdez@yahoo.com,+54 9 2552 3105,GEN-101,Ética y Tecnología,9,Aprobado
2024-07-26,Antonella,Gimenez,42863827,antonella.gimenez@outlook.com,+54 9 2662 5205,MKT-200,Marketing de Contenidos,4,Aprobado
2024-07-26,Geronimo,Godoy,43043273,geronimo.godoy@yahoo.com,+54 9 2376 8022,UX-100,Diseño de Experiencia de Usuario,6,Aprobado
2024-07-26,Ambar,Peralta,39540425,ambar.peralta@hotmail.com,+54 9 3676 4024,DAT-201,Estadística Avanzada,4,Aprobado
2024-07-26,Alma,Ferreyra,33025091,alma.ferreyra@yahoo.com,+54 9 2291 1447,IA-300,Redes Neuronales,6,Aprobado
2024-07-27,Valentin,Aguirre,36380821,valentin.aguirre@hotmail.com,+54 9 3529 3830,NEG-400,Liderazgo y Negociación,3,Desaprobado
2024-07-27,Agustin,Flores,35589315,agustin.flores@gmail.com,+54 9 2773 2706,DAT-201,Estadística Avanzada,9,Aprobado
2024-07-27,Alma,Gomez,38156702,alma.gomez@gmail.com,+54 9 3633 3162,IA-300,Redes Neuronales,4,Aprobado
2024-07-27,Thiago Nicolas,Roldan,31763113,thiago.nicolas.roldan@outlook.com,+54 9 2597 1174,GEN-101,Ética y Tecnología,10,Aprobado
2024-07-27,Olivia,Villalba,36251602,olivia.villalba@yahoo.com,+54 9 2485 6233,UX-100,Diseño de Experiencia de Usuario,5,Aprobado
2024-07-27,Lautaro Benjamin,Fernandez,35188238,lautaro.benjamin.fernandez@yahoo.com,+54 9 2450 2897,NEG-400,Liderazgo y Negociación,8,Aprobado
2024-07-28,Maria Emilia,Suarez,32443281,maria.emilia.suarez@yahoo.com,+54 9 2564 4031,DAT-101,Introducción a los Datos,10,Aprobado
2024-07-28,Lola,Garcia,41726756,lola.garcia@gmail.com,+54 9 3148 1089,UX-100,Diseño de Experiencia de Usuario,7,Aprobado
2024-07-28,Olivia,Olivera,36279807,olivia.olivera@yahoo.com,+54 9 2309 1902,DAT-101,Introducción a los Datos,8,Aprobado
2024-07-28,Geronimo,Godoy,43043273,geronimo.godoy@yahoo.com,+54 9 2376 8022,DAT-101,Introducción a los Datos,3,Desaprobado
2024-07-28,Julian,Castro,42208457,julian.castro@hotmail.com,+54 9 2462 7289,MKT-200,Marketing de Contenidos,10,Aprobado
2024-07-28,Helena,Benitez,34844319,helena.benitez@outlook.com,+54 9 2759 4551,UX-100,Diseño de Experiencia de Usuario,4,Aprobado
2024-07-28,Felipe,Ruiz,32682238,felipe.ruiz@yahoo.com,+54 9 3631 4213,NEG-400,Liderazgo y Negociación,10,Aprobado
2024-07-28,Luciano,Fernandez,41177146,luciano.fernandez@hotmail.com,+54 9 2957 0125,DAT-201,Estadística Avanzada,3,Desaprobado
2024-07-28,Nicolas,Suarez,39777873,nicolas.suarez@yahoo.com,+54 9 2804 9821,IA-300,Redes Neuronales,1,Desaprobado
2024-07-29,Nicolas,Perez,45426946,nicolas.perez@outlook.com,+54 9 2785 5741,DEV-101,Algoritmos I,5,Aprobado
2024-07-29,Benicio,Roldan,36326296,benicio.roldan@hotmail.com,+54 9 2232 7266,DEV-101,Algoritmos I,3,Desaprobado
2024-07-29,Sofia Belen,Romero,43914297,sofia.belen.romero@outlook.com,+54 9 2604 2249,DEV-101,Algoritmos I,7,Aprobado
2024-07-29,Nicolas,Escobar,43220086,nicolas.escobar@gmail.com,+54 9 2257 7210,DAT-101,Introducción a los Datos,10,Aprobado
2024-07-29,Sofia,Ramirez,34027014,sofia.ramirez@gmail.com,+54 9 2685 1639,NEG-400,Liderazgo y Negociación,10,Aprobado
2024-07-29,Emma,Luna,45788790,,+54 9 2150 7848,IA-300,Redes Neuronales,3,Desaprobado
2024-07-29,Emilia,Pereyra,35412606,emilia.pereyra@yahoo.com,+54 9 2571 5226,IA-300,Redes Neuronales,5,Aprobado
2024-07-29,Bautista Benjamin,Figueroa,38282799,bautista.benjamin.figueroa@hotmail.com,+54 9 3128 5156,NEG-400,Liderazgo y Negociación,2,Desaprobado
2024-07-29,Mia Valentina,Molina,43312078,mia.valentina.molina@hotmail.com,+54 9 2297 0399,DAT-101,Introducción a los Datos,6,Aprobado
2024-07-29,Mateo,Rodriguez,32474711,mateo.rodriguez@outlook.com,+54 9 3823 2050,GEN-101,Ética y Tecnología,1,Desaprobado
2024-07-29,Bruno,Gomez,37223015,bruno.gomez@hotmail.com,+54 9 3921 3077,MKT-200,Marketing de Contenidos,10,Aprobado
2024-07-29,Lautaro Benjamin,Bustos,31888081,lautaro.benjamin.bustos@hotmail.com,+54 9 2440 7477,DEV-101,Algoritmos I,4,Aprobado
2024-07-29,Valentino,Coronel,31834919,valentino.coronel@hotmail.com,+54 9 3460 1436,IA-300,Redes Neuronales,9,Aprobado
2024-07-29,Ana Paula,Peralta,35944501,ana.paula.peralta@gmail.com,+54 9 3102 7685,NEG-400,Liderazgo y Negociación,1,Desaprobado
2024-07-29,Sofía,Garcia,41249420,sofia.garcia@yahoo.com,+54 9 3401 1529,DAT-201,Estadística Avanzada,3,Desaprobado
2024-07-29,Maria Guadalupe,Peralta,32143636,maria.guadalupe.peralta@gmail.com,+54 9 3813 1631,NEG-400,Liderazgo y Negociación,8,Aprobado
2024-07-30,Maria Paz,Campos,41754338,,+54 9 2471 3650,IA-300,Redes Neuronales,9,Aprobado
2024-07-30,Juan Cruz,Moreno,32108091,juan.cruz.moreno@outlook.com,+54 9 2442 8391,GEN-101,Ética y Tecnología,9,Aprobado
2024-07-30,Agostina,Aguirre,30367040,agostina.aguirre@gmail.com,+54 9 2370 4341,IA-300,Redes Neuronales,10,Aprobado
2024-07-30,Sofia Belen,Bravo,41333709,sofia.belen.bravo@outlook.com,+54 9 2154 5398,DAT-101,Introducción a los Datos,6,Aprobado
2024-07-30,Juan Martin,Alvarez,35281520,juan.martin.alvarez@gmail.com,+54 9 2182 5400,NEG-400,Liderazgo y Negociación,3,Desaprobado
2024-07-30,Lautaro Ezequiel,Martinez,44113409,lautaro.ezequiel.martinez@outlook.com,+54 9 2801 8475,IA-300,Redes Neuronales,7,Aprobado
2024-07-31,Felipe,Diaz,41297634,felipe.diaz@yahoo.com,+54 9 2874 8240,GEN-101,Ética y Tecnología,3,Desaprobado
2024-07-31,Morena,Sosa,36615209,morena.sosa@outlook.com,+54 9 2597 8577,GEN-101,Ética y Tecnología,6,Aprobado
2024-07-31,Juana,Ponce,36057182,juana.ponce@outlook.com,+54 9 2380 1772,DAT-101,Introducción a los Datos,9,Aprobado
2024-07-31,Sebastian,Gomez,41503023,sebastian.gomez@outlook.com,+54 9 2487 3994,UX-100,Diseño de Experiencia de Usuario,10,Aprobado
2024-07-31,Milagros,Arias,34529542,milagros.arias@gmail.com,+54 9 3313 3516,IA-300,Redes Neuronales,7,Aprobado
2024-07-31,Sofía,Gomez,38140531,sofia.gomez@outlook.com,+54 9 3718 4814,DAT-201,Estadística Avanzada,2,Desaprobado
2024-07-31,Agustin,Correa,35155914,agustin.correa@hotmail.com,+54 9 2626 1896,MKT-200,Marketing de Contenidos,6,Aprobado
2024-07-31,Isabella,Ruiz,31725100,isabella.ruiz@gmail.com,+54 9 3452 8176,NEG-400,Liderazgo y Negociación,3,Desaprobado
2024-07-31,Benjamin Ezequiel,Medina,34704174,benjamin.ezequiel.medina@yahoo.com,+54 9 3235 6753,DEV-101,Algoritmos I,2,Desaprobado
2024-08-01,Alfonsina,Duarte,44713441,alfonsina.duarte@hotmail.com,+54 9 2509 1276,GEN-101,Ética y Tecnología,10,Aprobado
2024-08-01,Bautista,Velazquez,33885760,bautista.velazquez@outlook.com,+54 9 3632 0670,UX-100,Diseño de Experiencia de Usuario,7,Aprobado
2024-08-01,Agustin,Flores,35589315,agustin.flores@gmail.com,+54 9 2773 2706,DEV-101,Algoritmos I,9,Aprobado
2024-08-01,Francesca,Barrios,45826183,francesca.barrios@outlook.com,+54 9 2740 0345,DEV-101,Algoritmos I,8,Aprobado
2024-08-01,Juan Manuel,Luna,33247205,juan.manuel.luna@yahoo.com,+54 9 2908 3475,UX-100,Diseño de Experiencia de Usuario,7,Aprobado
2024-08-01,Julia,Bustos,38129607,julia.bustos@gmail.com,+54 9 2107 5921,MKT-200,Marketing de Contenidos,9,Aprobado
2024-08-01,Mora,Sanchez,30530462,mora.sanchez@hotmail.com,+54 9 3753 2126,GEN-101,Ética y Tecnología,10,Aprobado
2024-08-01,Francisco,Ortiz,44513749,,+54 9 2604 0399,NEG-400,Liderazgo y Negociación,6,Aprobado
2024-08-01,Benjamin Ezequiel,Medina,34704174,benjamin.ezequiel.medina@yahoo.com,+54 9 3235 6753,IA-300,Redes Neuronales,10,Aprobado
2024-08-01,Mora,Maldonado,39877132,mora.maldonado@yahoo.com,+54 9 3397 5284,DAT-101,Introducción a los Datos,10,Aprobado
2024-08-01,Juana,Ramos,45840080,,+54 9 2473 9458,GEN-101,Ética y Tecnología,2,Desaprobado
2024-08-01,Enzo,Lopez,31036656,enzo.lopez@gmail.com,+54 9 3672 6666,DAT-201,Estadística Avanzada,7,Aprobado
2024-08-02,Benicio,Martinez,45385368,benicio.martinez@gmail.com,+54 9 2572 2586,DEV-101,Algoritmos I,3,Desaprobado
2024-08-02,Mateo,Dominguez,45130131,mateo.dominguez@hotmail.com,+54 9 2147 5969,MKT-200,Marketing de Contenidos,5,Aprobado
2024-08-02,Bruno,Herrera,32259990,bruno.herrera@gmail.com,+54 9 2334 4971,MKT-200,Marketing de Contenidos,9,Aprobado
2024-08-02,Ciro,Fernandez,35345987,ciro.fernandez@hotmail.com,+54 9 2757 8671,DAT-101,Introducción a los Datos,9,Aprobado
2024-08-02,Mia,Villalba,31922848,mia.villalba@yahoo.com,+54 9 3660 2379,DAT-101,Introducción a los Datos,2,Desaprobado
2024-08-02,Julieta,Gonzalez,44341695,julieta.gonzalez@gmail.com,+54 9 2636 7869,UX-100,Diseño de Experiencia de Usuario,2,Desaprobado
2024-08-02,Geronimo,Rodriguez,30757580,geronimo.rodriguez@outlook.com,+54 9 3637 9605,NEG-400,Liderazgo y Negociación,8,Aprobado
2024-08-02,Facundo,Diaz,36005534,facundo.diaz@gmail.com,+54 9 3735 2263,UX-100,Diseño de Experiencia de Usuario,1,Desaprobado
2024-08-02,Francesco,Gomez,31730247,francesco.gomez@outlook.com,+54 9 2840 7754,NEG-400,Liderazgo y Negociación,9,Aprobado
2024-08-02,Francesca,Ledesma,30398761,francesca.ledesma@gmail.com,+54 9 3128 2830,IA-300,Redes Neuronales,6,Aprobado
2024-08-02,Mia,Villalba,31922848,mia.villalba@yahoo.com,+54 9 3660 2379,DEV-101,Algoritmos I,5,Aprobado
2024-08-02,Valentino,Farias,33730688,valentino.farias@hotmail.com,+54 9 2756 6066,IA-300,Redes Neuronales,7,Aprobado
2024-08-03,Oriana,Sanchez,34617592,oriana.sanchez@outlook.com,+54 9 2971 4369,NEG-400,Liderazgo y Negociación,2,Desaprobado
2024-08-03,Isabella,Sanchez,39924190,isabella.sanchez@hotmail.com,+54 9 2622 1510,DAT-201,Estadística Avanzada,9,Aprobado
2024-08-03,Sebastian,Silva,36727365,,+54 9 2929 8610,DAT-201,Estadística Avanzada,7,Aprobado
2024-08-03,Thiago Benjamin,Sanchez,39041016,thiago.benjamin.sanchez@gmail.com,+54 9 2385 8705,DAT-201,Estadística Avanzada,3,Desaprobado
2024-08-03,Bianca,Gonzalez,34864189,bianca.gonzalez@outlook.com,+54 9 3785 8770,DEV-101,Algoritmos I,4,Aprobado
2024-08-03,Olivia,Lopez,38406894,olivia.lopez@outlook.com,+54 9 2919 6333,IA-300,Redes Neuronales,8,Aprobado
2024-08-04,Morena,Luna,44775708,morena.luna@yahoo.com,+54 9 2846 0677,DAT-201,Estadística Avanzada,4,Aprobado
2024-08-04,Catalina,Acosta,38632250,catalina.acosta@gmail.com,+54 9 3553 0248,NEG-400,Liderazgo y Negociación,1,Desaprobado
2024-08-04,Emanuel,Aguero,33112320,emanuel.aguero@outlook.com,+54 9 3350 7122,NEG-400,Liderazgo y Negociación,5,Aprobado
2024-08-04,Nina,Rodriguez,34567608,nina.rodriguez@yahoo.com,+54 9 2330 0776,DAT-101,Introducción a los Datos,4,Aprobado
2024-08-05,Sofia,Godoy,43671191,sofia.godoy@yahoo.com,+54 9 2656 8600,DAT-101,Introducción a los Datos,6,Aprobado
2024-08-05,Victoria,Sosa,32412306,victoria.sosa@yahoo.com,+54 9 3962 9040,MKT-200,Marketing de Contenidos,5,Aprobado
2024-08-05,Amparo,Ojeda,30642032,amparo.ojeda@outlook.com,+54 9 2491 3594,DAT-201,Estadística Avanzada,4,Aprobado
2024-08-05,Salvador,Sanchez,45038314,salvador.sanchez@hotmail.com,+54 9 2988 1095,NEG-400,Liderazgo y Negociación,7,Aprobado
2024-08-06,Julian,Aguirre,32540190,julian.aguirre@yahoo.com,+54 9 2472 5293,MKT-200,Marketing de Contenidos,4,Aprobado
2024-08-06,Pedro,Torres,38749521,pedro.torres@hotmail.com,+54 9 3289 5543,MKT-200,Marketing de Contenidos,3,Desaprobado
2024-08-06,Simon,Coronel,42321650,simon.coronel@hotmail.com,+54 9 2987 5461,DAT-101,Introducción a los Datos,10,Aprobado
2024-08-06,Mateo,Medina,41258011,mateo.medina@hotmail.com,+54 9 3598 1512,DEV-101,Algoritmos I,9,Aprobado
2024-08-06,Lola,Pereyra,34758464,lola.pereyra@gmail.com,+54 9 3429 5981,IA-300,Redes Neuronales,5,Aprobado
2024-08-06,Luca,Correa,41291663,luca.correa@gmail.com,+54 9 3280 1478,DAT-101,Introducción a los Datos,9,Aprobado
2024-08-06,Lautaro,Ramos,39563230,lautaro.ramos@outlook.com,+54 9 3641 3440,NEG-400,Liderazgo y Negociación,4,Aprobado
2024-08-06,Luna,Rojas,39921380,luna.rojas@outlook.com,+54 9 3575 8135,MKT-200,Marketing de Contenidos,8,Aprobado
2024-08-06,Pilar,Gimenez,45245358,pilar.gimenez@yahoo.com,+54 9 2318 9070,IA-300,Redes Neuronales,3,Desaprobado
2024-08-06,Morena,Escobar,32204161,morena.escobar@yahoo.com,+54 9 2172 9101,MKT-200,Marketing de Contenidos,3,Desaprobado
2024-08-06,Morena,Luna,44775708,morena.luna@yahoo.com,+54 9 2846 0677,MKT-200,Marketing de Contenidos,4,Aprobado
2024-08-06,Juan Ignacio,Castillo,32150263,juan.ignacio.castillo@hotmail.com,+54 9 2722 2335,UX-100,Diseño de Experiencia de Usuario,7,Aprobado
2024-08-06,Angel Gabriel,Gonzalez,30961379,angel.gabriel.gonzalez@outlook.com,+54 9 3581 6868,MKT-200,Marketing de Contenidos,5,Aprobado
2024-08-06,Mia,Villalba,31922848,mia.villalba@yahoo.com,+54 9 3660 2379,MKT-200,Marketing de Contenidos,9,Aprobado
2024-08-07,Constanza,Flores,35565985,constanza.flores@hotmail.com,+54 9 2821 4246,DAT-201,Estadística Avanzada,4,Aprobado
2024-08-07,Lucía,Bravo,36821499,lucia.bravo@yahoo.com,+54 9 2275 5768,GEN-101,Ética y Tecnología,1,Desaprobado
2024-08-07,Benjamin,Aguirre,42674907,benjamin.aguirre@outlook.com,+54 9 2922 4113,MKT-200,Marketing de Contenidos,8,Aprobado
2024-08-07,Tomàs,Gomez,30098040,tomas.gomez@outlook.com,+54 9 3603 6843,GEN-101,Ética y Tecnología,4,Aprobado
2024-08-07,Sofia,Godoy,43671191,,+54 9 3294 2123,UX-100,Diseño de Experiencia de Usuario,8,Aprobado
2024-08-07,Lucas,Gomez,32902968,lucas.gomez@gmail.com,+54 9 3456 0230,UX-100,Diseño de Experiencia de Usuario,3,Desaprobado
2024-08-07,Alma Valentina,Garcia,42763799,alma.valentina.garcia@yahoo.com,+54 9 2978 5301,GEN-101,Ética y Tecnología,10,Aprobado
2024-08-07,Delfina,Diaz,45181550,delfina.diaz@outlook.com,+54 9 3913 7400,NEG-400,Liderazgo y Negociación,3,Desaprobado
2024-08-08,Felipe,Perez,30123333,felipe.perez@yahoo.com,+54 9 2604 0224,NEG-400,Liderazgo y Negociación,3,Desaprobado
2024-08-08,Mateo,Vera,37814684,mateo.vera@hotmail.com,+54 9 2972 5933,DAT-101,Introducción a los Datos,6,Aprobado
2024-08-08,Ambar,Gomez,33827674,ambar.gomez@hotmail.com,+54 9 2614 8695,DAT-101,Introducción a los Datos,5,Aprobado
2024-08-08,Nicolas,Ayala,39579403,nicolas.ayala@yahoo.com,+54 9 3989 1667,GEN-101,Ética y Tecnología,5,Aprobado
2024-08-08,Isabel,Diaz,43695277,isabel.diaz@outlook.com,+54 9 3372 2735,NEG-400,Liderazgo y Negociación,10,Aprobado
2024-08-08,Alejo,Lopez,33753511,alejo.lopez@hotmail.com,+54 9 2129 9549,UX-100,Diseño de Experiencia de Usuario,9,Aprobado
2024-08-08,Valentina,Benitez,38856423,valentina.benitez@yahoo.com,+54 9 3211 7388,MKT-200,Marketing de Contenidos,10,Aprobado
2024-08-08,Alexander,Ojeda,33293475,alexander.ojeda@outlook.com,+54 9 3763 2317,DAT-101,Introducción a los Datos,5,Aprobado
2024-08-08,Benicio,Fernandez,37244102,benicio.fernandez@gmail.com,+54 9 3916 6475,DAT-101,Introducción a los Datos,4,Aprobado
2024-08-09,Sebastian,Peralta,30469731,sebastian.peralta@gmail.com,+54 9 3965 9347,DAT-101,Introducción a los Datos,5,Aprobado
2024-08-09,Juan Ignacio,Aguirre,30116169,juan.ignacio.aguirre@yahoo.com,+54 9 3321 8845,GEN-101,Ética y Tecnología,6,Aprobado
2024-08-09,Thiago,Escobar,33460388,thiago.escobar@outlook.com,+54 9 3540 9601,DAT-101,Introducción a los Datos,5,Aprobado
2024-08-09,Juan Ignacio,Fernandez,45931150,juan.ignacio.fernandez@outlook.com,+54 9 3568 1526,MKT-200,Marketing de Contenidos,2,Desaprobado
2024-08-09,Martina,Maidana,44536877,martina.maidana@hotmail.com,+54 9 3227 2813,NEG-400,Liderazgo y Negociación,7,Aprobado
2024-08-09,Jazmin,Bravo,41664468,jazmin.bravo@hotmail.com,+54 9 3832 3094,IA-300,Redes Neuronales,4,Aprobado
2024-08-09,Benicio,Martinez,45385368,benicio.martinez@gmail.com,+54 9 2572 2586,IA-300,Redes Neuronales,1,Desaprobado
2024-08-09,Valentin,Silva,44144505,valentin.silva@yahoo.com,+54 9 2553 3837,IA-300,Redes Neuronales,10,Aprobado
2024-08-10,Felipe,Acosta,30117903,felipe.acosta@hotmail.com,+54 9 3313 3547,IA-300,Redes Neuronales,10,Aprobado
2024-08-10,Agustina,Torres,42132790,agustina.torres@gmail.com,+54 9 2124 3093,GEN-101,Ética y Tecnología,7,Aprobado
2024-08-10,Bautista,Acosta,34207249,bautista.acosta@gmail.com,+54 9 3355 7407,UX-100,Diseño de Experiencia de Usuario,4,Aprobado
2024-08-10,Camilo,Acosta,41943395,camilo.acosta@yahoo.com,+54 9 3164 7718,UX-100,Diseño de Experiencia de Usuario,6,Aprobado
2024-08-10,Juan Cruz,Fernandez,31636346,juan.cruz.fernandez@gmail.com,+54 9 3794 6853,DAT-101,Introducción a los Datos,8,Aprobado
2024-08-10,Micaela,Martinez,37478367,micaela.martinez@yahoo.com,+54 9 3823 9483,NEG-400,Liderazgo y Negociación,3,Desaprobado
2024-08-10,Juan Manuel,Gonzalez,43867075,juan.manuel.gonzalez@hotmail.com,+54 9 3148 6620,UX-100,Diseño de Experiencia de Usuario,2,Desaprobado
2024-08-10,Maximo,Gonzalez,32449620,maximo.gonzalez@outlook.com,+54 9 3759 1737,MKT-200,Marketing de Contenidos,5,Aprobado
2024-08-10,Valentina ,Flores,39679193,valentina..flores@hotmail.com,+54 9 2430 5261,DEV-101,Algoritmos I,9,Aprobado
2024-08-10,Juan Gabriel,Quiroga,37678418,juan.gabriel.quiroga@hotmail.com,+54 9 3775 6248,GEN-101,Ética y Tecnología,6,Aprobado
2024-08-10,Bautista Benjamin,Miranda,37155742,bautista.benjamin.miranda@yahoo.com,+54 9 3946 0891,UX-100,Diseño de Experiencia de Usuario,2,Desaprobado
2024-08-11,Santino,Vega,42781956,santino.vega@yahoo.com,+54 9 3178 6657,MKT-200,Marketing de Contenidos,5,Aprobado
2024-08-11,Mateo Benjamin,Cardozo,33619676,mateo.benjamin.cardozo@gmail.com,+54 9 3281 1836,DAT-101,Introducción a los Datos,9,Aprobado
2024-08-11,Sofía,Rodriguez,31554768,sofia.rodriguez@outlook.com,+54 9 3536 5898,DEV-101,Algoritmos I,7,Aprobado
2024-08-11,Faustino,Suarez,40578248,faustino.suarez@yahoo.com,+54 9 3577 8183,DEV-101,Algoritmos I,10,Aprobado
2024-08-11,Bruno,Gomez,42242735,bruno.gomez@outlook.com,+54 9 2623 2722,GEN-101,Ética y Tecnología,4,Aprobado
2024-08-11,Lorenzo,Gonzalez,39842417,lorenzo.gonzalez@hotmail.com,+54 9 2891 3674,DEV-101,Algoritmos I,8,Aprobado
2024-08-12,Ciro,Caceres,43942866,ciro.caceres@yahoo.com,+54 9 2810 8961,MKT-200,Marketing de Contenidos,7,Aprobado
2024-08-12,Camila,Lopez,42590810,camila.lopez@hotmail.com,+54 9 2866 9837,UX-100,Diseño de Experiencia de Usuario,5,Aprobado
2024-08-12,Lola,Avila,42936217,lola.avila@hotmail.com,+54 9 3551 4356,UX-100,Diseño de Experiencia de Usuario,9,Aprobado
2024-08-12,Valentin,Silva,44144505,valentin.silva@yahoo.com,+54 9 2553 3837,GEN-101,Ética y Tecnología,3,Desaprobado
2024-08-12,Agustin,Flores,35589315,agustin.flores@gmail.com,+54 9 2773 2706,GEN-101,Ética y Tecnología,5,Aprobado
2024-08-12,Lara,Rodriguez,41268285,lara.rodriguez@hotmail.com,+54 9 3151 9824,NEG-400,Liderazgo y Negociación,7,Aprobado
2024-08-13,Pedro,Silva,39341417,pedro.silva@hotmail.com,+54 9 2643 6929,DEV-101,Algoritmos I,6,Aprobado
2024-08-13,Morena,Luna,44775708,morena.luna@yahoo.com,+54 9 2846 0677,NEG-400,Liderazgo y Negociación,2,Desaprobado
2024-08-13,Juan Gabriel,Quiroga,37678418,juan.gabriel.quiroga@hotmail.com,+54 9 3775 6248,DAT-201,Estadística Avanzada,2,Desaprobado
2024-08-13,Agostina,Lopez,37495057,agostina.lopez@yahoo.com,+54 9 2198 0678,DEV-101,Algoritmos I,1,Desaprobado
2024-08-13,Benicio,Sanchez,40840726,benicio.sanchez@outlook.com,+54 9 2767 4311,NEG-400,Liderazgo y Negociación,3,Desaprobado
2024-08-13,Valentina ,Fernandez,33130984,valentina..fernandez@yahoo.com,+54 9 2451 6282,MKT-200,Marketing de Contenidos,10,Aprobado
2024-08-13,Morena,Romero,43539600,morena.romero@yahoo.com,+54 9 3516 5931,MKT-200,Marketing de Contenidos,6,Aprobado
2024-08-13,Camilo,Acosta,33871049,camilo.acosta@outlook.com,+54 9 2260 1518,DAT-101,Introducción a los Datos,9,Aprobado
2024-08-13,Mia,Villalba,31922848,mia.villalba@yahoo.com,+54 9 3660 2379,GEN-101,Ética y Tecnología,8,Aprobado
2024-08-13,Juan Francisco,Escobar,45417967,juan.francisco.escobar@yahoo.com,+54 9 3550 2492,MKT-200,Marketing de Contenidos,5,Aprobado
2024-08-13,Sebastian,Silva,36727365,sebastian.silva@hotmail.com,+54 9 2236 3579,MKT-200,Marketing de Contenidos,1,Desaprobado
2024-08-14,Benicio,Fernandez,37244102,benicio.fernandez@gmail.com,+54 9 3916 6475,NEG-400,Liderazgo y Negociación,3,Desaprobado
2024-08-14,Simon,Garcia,35552454,simon.garcia@gmail.com,+54 9 3854 8194,DAT-101,Introducción a los Datos,1,Desaprobado
2024-08-14,Elena,Aguirre,41734135,elena.aguirre@outlook.com,+54 9 2405 2837,DAT-201,Estadística Avanzada,3,Desaprobado
2024-08-14,Valentina,Miranda,42693185,valentina.miranda@hotmail.com,+54 9 2941 4656,UX-100,Diseño de Experiencia de Usuario,3,Desaprobado
2024-08-14,Lautaro Benjamin,Castro,31921360,lautaro.benjamin.castro@gmail.com,+54 9 2692 1416,MKT-200,Marketing de Contenidos,3,Desaprobado
2024-08-14,Kiara,Soria,36890268,kiara.soria@gmail.com,+54 9 3402 1940,DAT-101,Introducción a los Datos,9,Aprobado
2024-08-15,Bautista,Cabrera,36296794,bautista.cabrera@hotmail.com,+54 9 2696 5764,GEN-101,Ética y Tecnología,2,Desaprobado
2024-08-15,Victoria,Gomez,39157120,victoria.gomez@outlook.com,+54 9 3310 3142,UX-100,Diseño de Experiencia de Usuario,10,Aprobado
2024-08-15,Miguel Angel,Mansilla,35953678,miguel.angel.mansilla@outlook.com,+54 9 2331 2498,DEV-101,Algoritmos I,7,Aprobado
2024-08-15,Felipe,Paez,45842940,felipe.paez@gmail.com,+54 9 3135 6997,IA-300,Redes Neuronales,7,Aprobado
2024-08-15,Ignacio,Gonzalez,34070539,ignacio.gonzalez@gmail.com,+54 9 2368 8357,MKT-200,Marketing de Contenidos,10,Aprobado
2024-08-15,Jazmin,Sosa,36907787,jazmin.sosa@outlook.com,+54 9 2775 9254,IA-300,Redes Neuronales,4,Aprobado
2024-08-15,Ana Paula,Benitez,43110444,ana.paula.benitez@hotmail.com,+54 9 3322 9860,IA-300,Redes Neuronales,6,Aprobado
2024-08-15,Pilar,Blanco,35023742,pilar.blanco@hotmail.com,+54 9 2457 1189,GEN-101,Ética y Tecnología,7,Aprobado
2024-08-16,Benjamin,Luna,45383156,benjamin.luna@yahoo.com,+54 9 2521 9219,GEN-101,Ética y Tecnología,8,Aprobado
2024-08-16,Juan Cruz,Fernandez,30055060,juan.cruz.fernandez@outlook.com,+54 9 2364 0323,DAT-201,Estadística Avanzada,5,Aprobado
2024-08-16,Nicolas,Lopez,36236123,nicolas.lopez@outlook.com,+54 9 2913 1391,DAT-101,Introducción a los Datos,2,Desaprobado
2024-08-16,Nahiara,Quiroga,40132599,nahiara.quiroga@yahoo.com,+54 9 2801 7393,GEN-101,Ética y Tecnología,1,Desaprobado
2024-08-16,Emanuel,Rodriguez,44506499,emanuel.rodriguez@gmail.com,+54 9 2526 8888,DEV-101,Algoritmos I,1,Desaprobado
2024-08-16,Nicolas,Ayala,39579403,nicolas.ayala@yahoo.com,+54 9 3989 1667,MKT-200,Marketing de Contenidos,9,Aprobado
2024-08-16,Agostina,Lopez,37495057,,+54 9 2781 8288,MKT-200,Marketing de Contenidos,3,Desaprobado
2024-08-17,Juan Cruz,Ruiz,45850941,juan.cruz.ruiz@outlook.com,+54 9 3668 2851,IA-300,Redes Neuronales,3,Desaprobado
2024-08-17,Amparo,Ledesma,42706367,amparo.ledesma@outlook.com,+54 9 2660 1868,GEN-101,Ética y Tecnología,7,Aprobado
2024-08-17,Francisco,Ortiz,44513749,francisco.ortiz@gmail.com,+54 9 3294 3431,MKT-200,Marketing de Contenidos,10,Aprobado
2024-08-17,Ciro,Lopez,30941372,,+54 9 2956 5284,DEV-101,Algoritmos I,7,Aprobado
2024-08-17,Isabella,Martinez,44141804,isabella.martinez@yahoo.com,+54 9 2321 2821,MKT-200,Marketing de Contenidos,1,Desaprobado
2024-08-17,Sofia Belen,Benitez,31295512,sofia.belen.benitez@gmail.com,+54 9 2465 5624,MKT-200,Marketing de Contenidos,5,Aprobado
2024-08-18,Ana Paula,Perez,44228213,ana.paula.perez@gmail.com,+54 9 3447 0887,DAT-101,Introducción a los Datos,5,Aprobado
2024-08-18,Bautista,Ramirez,38406935,bautista.ramirez@outlook.com,+54 9 3650 6437,DAT-101,Introducción a los Datos,3,Desaprobado
2024-08-18,Maria Victoria,Castro,39684246,maria.victoria.castro@gmail.com,+54 9 3815 6300,IA-300,Redes Neuronales,8,Aprobado
2024-08-18,Mateo Agustin,Cabrera,33049597,mateo.agustin.cabrera@hotmail.com,+54 9 3958 3082,MKT-200,Marketing de Contenidos,6,Aprobado
2024-08-18,Olivia,Lopez,38406894,olivia.lopez@outlook.com,+54 9 2919 6333,DAT-101,Introducción a los Datos,6,Aprobado
2024-08-18,Juan Ignacio,Gonzalez,35842163,juan.ignacio.gonzalez@outlook.com,+54 9 2320 0749,UX-100,Diseño de Experiencia de Usuario,1,Desaprobado
2024-08-18,Valentino,Martinez,33678309,valentino.martinez@gmail.com,+54 9 3262 0153,DEV-101,Algoritmos I,5,Aprobado
2024-08-19,Julieta,Caceres,43799230,julieta.caceres@outlook.com,+54 9 2584 5613,DAT-101,Introducción a los Datos,4,Aprobado
2024-08-19,Mateo Agustin,Cabrera,33049597,mateo.agustin.cabrera@hotmail.com,+54 9 3958 3082,MKT-200,Marketing de Contenidos,7,Aprobado
2024-08-19,Santino Gabriel,Perez,31451368,santino.gabriel.perez@yahoo.com,+54 9 2955 9114,DEV-101,Algoritmos I,3,Desaprobado
2024-08-19,Elena,Morales,42810923,elena.morales@outlook.com,+54 9 2276 2771,UX-100,Diseño de Experiencia de Usuario,9,Aprobado
2024-08-19,Mia,Vazquez,43350438,mia.vazquez@yahoo.com,+54 9 2901 6454,DEV-101,Algoritmos I,2,Desaprobado
2024-08-19,Juan Martin,Rivero,43362081,juan.martin.rivero@outlook.com,+54 9 3784 9092,DEV-101,Algoritmos I,9,Aprobado
2024-08-19,Thiago Agustin,Leiva,45170433,thiago.agustin.leiva@hotmail.com,+54 9 3752 4905,DEV-101,Algoritmos I,4,Aprobado
2024-08-19,Sofia,Torres,41824986,sofia.torres@hotmail.com,+54 9 3691 2568,GEN-101,Ética y Tecnología,2,Desaprobado
2024-08-19,Valentin,Martinez,35388639,valentin.martinez@gmail.com,+54 9 2514 8912,GEN-101,Ética y Tecnología,2,Desaprobado
2024-08-19,Ciro,Fernandez,35345987,ciro.fernandez@hotmail.com,+54 9 2757 8671,DAT-201,Estadística Avanzada,9,Aprobado
2024-08-19,Benjamin,Franco,45970742,benjamin.franco@hotmail.com,+54 9 3255 0134,NEG-400,Liderazgo y Negociación,9,Aprobado
2024-08-20,Bautista,Romero,33338311,bautista.romero@gmail.com,+54 9 2879 1991,DAT-101,Introducción a los Datos,5,Aprobado
2024-08-20,Santino,Garcia,30985783,santino.garcia@yahoo.com,+54 9 3603 7412,MKT-200,Marketing de Contenidos,2,Desaprobado
2024-08-20,Dylan Benjamin,Martinez,37275248,dylan.benjamin.martinez@yahoo.com,+54 9 2281 2884,IA-300,Redes Neuronales,2,Desaprobado
2024-08-20,Ignacio,Paz,42886191,ignacio.paz@hotmail.com,+54 9 3340 4530,DEV-101,Algoritmos I,10,Aprobado
2024-08-20,Helena,Rodriguez,37031483,helena.rodriguez@hotmail.com,+54 9 3784 0196,GEN-101,Ética y Tecnología,4,Aprobado
2024-08-20,Micaela,Miranda,38325772,micaela.miranda@hotmail.com,+54 9 3445 1776,GEN-101,Ética y Tecnología,10,Aprobado
2024-08-20,Bautista,Carrizo,42411250,bautista.carrizo@hotmail.com,+54 9 3369 0463,DAT-201,Estadística Avanzada,5,Aprobado
2024-08-20,Juan Cruz,Fernandez,40665974,juan.cruz.fernandez@hotmail.com,+54 9 3983 4184,DAT-201,Estadística Avanzada,4,Aprobado
2024-08-20,Angelina,Gomez,38290123,angelina.gomez@yahoo.com,+54 9 2809 2655,DAT-101,Introducción a los Datos,8,Aprobado
2024-08-20,Elena,Soria,40701939,elena.soria@hotmail.com,+54 9 3676 4345,UX-100,Diseño de Experiencia de Usuario,1,Desaprobado
2024-08-20,Juan Cruz,Gonzalez,44084939,,+54 9 2126 2041,DAT-201,Estadística Avanzada,4,Aprobado
2024-08-20,Lucía,Avila,41765198,lucia.avila@outlook.com,+54 9 2765 7966,MKT-200,Marketing de Contenidos,10,Aprobado
2024-08-21,Benjamin,Luna,45383156,benjamin.luna@yahoo.com,+54 9 2521 9219,UX-100,Diseño de Experiencia de Usuario,2,Desaprobado
2024-08-21,Francisco,Gonzalez,39264124,,+54 9 3125 8953,MKT-200,Marketing de Contenidos,7,Aprobado
2024-08-21,Juan Martin,Rodriguez,35891432,,+54 9 3760 4399,NEG-400,Liderazgo y Negociación,8,Aprobado
2024-08-21,Nahiara,Luna,42024629,nahiara.luna@yahoo.com,+54 9 2751 6979,DEV-101,Algoritmos I,1,Desaprobado
2024-08-21,Agustín,Silva,35605561,agustin.silva@outlook.com,+54 9 3533 4868,DEV-101,Algoritmos I,7,Aprobado
2024-08-21,Mateo,Medina,41258011,mateo.medina@hotmail.com,+54 9 3598 1512,DEV-101,Algoritmos I,7,Aprobado
2024-08-21,Sofia Belen,Bravo,41333709,sofia.belen.bravo@outlook.com,+54 9 2154 5398,IA-300,Redes Neuronales,1,Desaprobado
2024-08-21,Juan Manuel,Diaz,33601032,juan.manuel.diaz@yahoo.com,+54 9 2833 1051,DAT-101,Introducción a los Datos,2,Desaprobado
2024-08-21,Lara,Coronel,43651742,lara.coronel@yahoo.com,+54 9 2242 5700,GEN-101,Ética y Tecnología,10,Aprobado
2024-08-22,Victoria,Ledesma,36928006,victoria.ledesma@yahoo.com,+54 9 3624 7141,IA-300,Redes Neuronales,5,Aprobado
2024-08-22,Luisina,Coronel,35278293,luisina.coronel@yahoo.com,+54 9 3150 0267,DEV-101,Algoritmos I,4,Aprobado
2024-08-22,Kiara,Gimenez,40583085,kiara.gimenez@hotmail.com,+54 9 3202 4623,GEN-101,Ética y Tecnología,1,Desaprobado
2024-08-22,Agostina,Rivero,35196112,agostina.rivero@hotmail.com,+54 9 3984 7134,DEV-101,Algoritmos I,9,Aprobado
2024-08-22,Felipe,Carrizo,32991581,felipe.carrizo@outlook.com,+54 9 3844 6642,MKT-200,Marketing de Contenidos,8,Aprobado
2024-08-22,Lucía,Martinez,40237965,lucia.martinez@hotmail.com,+54 9 3634 6774,MKT-200,Marketing de Contenidos,7,Aprobado
2024-08-22,Lucia,Mendoza,43529073,lucia.mendoza@outlook.com,+54 9 2703 8970,NEG-400,Liderazgo y Negociación,1,Desaprobado
2024-08-22,Santino,Perez,44654293,santino.perez@yahoo.com,+54 9 2194 4672,MKT-200,Marketing de Contenidos,7,Aprobado
2024-08-22,Luz Milagros,Medina,35437650,luz.milagros.medina@outlook.com,+54 9 2492 6811,NEG-400,Liderazgo y Negociación,7,Aprobado
2024-08-22,Sofia,Fernandez,35297114,sofia.fernandez@gmail.com,+54 9 3382 0868,MKT-200,Marketing de Contenidos,2,Desaprobado
2024-08-22,Sofia,Garcia,38526500,sofia.garcia@outlook.com,+54 9 3930 4224,GEN-101,Ética y Tecnología,2,Desaprobado
2024-08-22,Santino,Sosa,32738313,santino.sosa@gmail.com,+54 9 2710 1644,DAT-201,Estadística Avanzada,3,Desaprobado
2024-08-23,Antonia,Castillo,35111521,antonia.castillo@gmail.com,+54 9 3363 8314,NEG-400,Liderazgo y Negociación,6,Aprobado
2024-08-23,Matilda,Gomez,31767975,matilda.gomez@gmail.com,+54 9 3156 7069,DAT-201,Estadística Avanzada,1,Desaprobado
2024-08-23,Lola,Aguirre,30300658,lola.aguirre@outlook.com,+54 9 2619 9992,UX-100,Diseño de Experiencia de Usuario,2,Desaprobado
2024-08-23,Valentina,Rios,39386440,valentina.rios@gmail.com,+54 9 3234 9603,DEV-101,Algoritmos I,4,Aprobado
2024-08-23,Francesca,Perez,38072230,,+54 9 2216 1041,MKT-200,Marketing de Contenidos,2,Desaprobado
2024-08-23,Felipe,Carrizo,32991581,felipe.carrizo@outlook.com,+54 9 3844 6642,MKT-200,Marketing de Contenidos,6,Aprobado
2024-08-23,Morena Jazmin,Dominguez,41728313,morena.jazmin.dominguez@outlook.com,+54 9 3812 9863,GEN-101,Ética y Tecnología,2,Desaprobado
2024-08-24,Agostina,Diaz,33693959,agostina.diaz@yahoo.com,+54 9 3888 6108,UX-100,Diseño de Experiencia de Usuario,1,Desaprobado
2024-08-24,Benicio,Barrios,33964267,benicio.barrios@hotmail.com,+54 9 2932 6960,MKT-200,Marketing de Contenidos,9,Aprobado
2024-08-24,Fausto,Molina,41485165,fausto.molina@yahoo.com,+54 9 3123 4849,IA-300,Redes Neuronales,1,Desaprobado
2024-08-24,Agostina,Rivero,35196112,agostina.rivero@hotmail.com,+54 9 3984 7134,NEG-400,Liderazgo y Negociación,5,Aprobado
2024-08-24,Valentin,Garcia,40988877,valentin.garcia@outlook.com,+54 9 3738 8703,GEN-101,Ética y Tecnología,2,Desaprobado
2024-08-24,Lautaro,Sosa,38811418,lautaro.sosa@outlook.com,+54 9 3409 7570,GEN-101,Ética y Tecnología,2,Desaprobado
2024-08-24,Sofía,Rodriguez,31554768,sofia.rodriguez@outlook.com,+54 9 3536 5898,DAT-101,Introducción a los Datos,10,Aprobado
2024-08-25,Emma,Lucero,34446593,emma.lucero@outlook.com,+54 9 3142 8192,NEG-400,Liderazgo y Negociación,4,Aprobado
2024-08-25,Morena,Benitez,34198627,morena.benitez@gmail.com,+54 9 2661 0157,IA-300,Redes Neuronales,3,Desaprobado
2024-08-25,Sofia,Gimenez,40496612,sofia.gimenez@yahoo.com,+54 9 2374 0267,UX-100,Diseño de Experiencia de Usuario,4,Aprobado
2024-08-25,Salvador,Sanchez,45038314,salvador.sanchez@hotmail.com,+54 9 2988 1095,IA-300,Redes Neuronales,6,Aprobado
2024-08-25,Valentino,Sanchez,34687649,valentino.sanchez@yahoo.com,+54 9 3160 3255,DEV-101,Algoritmos I,3,Desaprobado
2024-08-25,Juan Martin,Alvarez,35281520,juan.martin.alvarez@gmail.com,+54 9 2182 5400,DAT-101,Introducción a los Datos,9,Aprobado
2024-08-25,Felipe,Gonzalez,31399534,felipe.gonzalez@gmail.com,+54 9 2755 8309,DAT-101,Introducción a los Datos,4,Aprobado
2024-08-25,Lara,Mendoza,37337493,,+54 9 3516 6557,UX-100,Diseño de Experiencia de Usuario,5,Aprobado
2024-08-25,Paloma,Alvarez,34146531,paloma.alvarez@yahoo.com,+54 9 2287 0519,UX-100,Diseño de Experiencia de Usuario,4,Aprobado
2024-08-25,Sebastian,Silva,36727365,sebastian.silva@hotmail.com,+54 9 2236 3579,IA-300,Redes Neuronales,2,Desaprobado
2024-08-25,Benjamin,Alvarez,33988348,benjamin.alvarez@yahoo.com,+54 9 2999 4033,IA-300,Redes Neuronales,7,Aprobado
2024-08-26,Santiago,Avila,40729905,santiago.avila@outlook.com,+54 9 3841 2532,MKT-200,Marketing de Contenidos,3,Desaprobado
2024-08-26,Lisandro,Peralta,39479461,lisandro.peralta@yahoo.com,+54 9 2193 2637,DAT-201,Estadística Avanzada,4,Aprobado
2024-08-26,Mora,Valdez,45746270,mora.valdez@yahoo.com,+54 9 3416 1334,GEN-101,Ética y Tecnología,9,Aprobado
2024-08-26,Simon,Vega,40422549,simon.vega@hotmail.com,+54 9 3827 6182,DAT-201,Estadística Avanzada,8,Aprobado
2024-08-26,Martina,Coronel,31017566,martina.coronel@hotmail.com,+54 9 3675 7611,MKT-200,Marketing de Contenidos,3,Desaprobado
2024-08-26,León,Chavez,42699425,leon.chavez@yahoo.com,+54 9 3724 7880,DAT-201,Estadística Avanzada,10,Aprobado
2024-08-26,Abril,Morales,36800218,abril.morales@hotmail.com,+54 9 2710 3086,GEN-101,Ética y Tecnología,3,Desaprobado
2024-08-26,Sol,Aguirre,30088172,sol.aguirre@yahoo.com,+54 9 3580 2420,DAT-101,Introducción a los Datos,7,Aprobado
2024-08-26,Ian,Herrera,39500363,ian.herrera@gmail.com,+54 9 2744 8221,IA-300,Redes Neuronales,10,Aprobado
2024-08-27,Benjamin,Acuña,43542005,benjamin.acuna@outlook.com,+54 9 2955 2425,UX-100,Diseño de Experiencia de Usuario,8,Aprobado
2024-08-27,Bautista,Toledo,32692729,bautista.toledo@hotmail.com,+54 9 2804 1173,IA-300,Redes Neuronales,9,Aprobado
2024-08-27,Victoria,Fernandez,37326359,victoria.fernandez@outlook.com,+54 9 2172 0879,DAT-201,Estadística Avanzada,1,Desaprobado
2024-08-27,Sofia,Rodriguez,30367578,sofia.rodriguez@outlook.com,+54 9 3965 4385,DAT-201,Estadística Avanzada,5,Aprobado
2024-08-27,Juan Ignacio,Torres,38726954,juan.ignacio.torres@gmail.com,+54 9 3460 5839,UX-100,Diseño de Experiencia de Usuario,1,Desaprobado
2024-08-27,Bautista Benjamin,Rodriguez,38290265,bautista.benjamin.rodriguez@yahoo.com,+54 9 3894 0104,UX-100,Diseño de Experiencia de Usuario,8,Aprobado
2024-08-27,Gael,Romero,41248088,gael.romero@hotmail.com,+54 9 2410 4043,DAT-201,Estadística Avanzada,9,Aprobado
2024-08-28,Tomas,Rodriguez,35654379,tomas.rodriguez@outlook.com,+54 9 2448 6949,DEV-101,Algoritmos I,5,Aprobado
2024-08-28,Bianca,Gonzalez,34864189,bianca.gonzalez@outlook.com,+54 9 3785 8770,NEG-400,Liderazgo y Negociación,10,Aprobado
2024-08-28,Luna,Sanchez,43948943,luna.sanchez@hotmail.com,+54 9 2710 2305,GEN-101,Ética y Tecnología,7,Aprobado
2024-08-28,Lautaro,Luna,38832034,lautaro.luna@outlook.com,+54 9 2513 4886,GEN-101,Ética y Tecnología,3,Desaprobado
2024-08-28,Bautista,Moyano,35242773,bautista.moyano@outlook.com,+54 9 2949 1350,NEG-400,Liderazgo y Negociación,5,Aprobado
2024-08-28,Elena,Morales,42810923,elena.morales@outlook.com,+54 9 2276 2771,DAT-101,Introducción a los Datos,5,Aprobado
2024-08-28,Vicente,Sanchez,44436801,vicente.sanchez@outlook.com,+54 9 2388 6574,MKT-200,Marketing de Contenidos,5,Aprobado
2024-08-28,Guadalupe,Coronel,34250668,guadalupe.coronel@yahoo.com,+54 9 3594 5990,GEN-101,Ética y Tecnología,4,Aprobado
2024-08-28,Isabella,Chavez,36906085,isabella.chavez@yahoo.com,+54 9 3384 6959,DEV-101,Algoritmos I,8,Aprobado
2024-08-28,Maria Victoria,Ruiz,38689454,maria.victoria.ruiz@gmail.com,+54 9 2207 6028,MKT-200,Marketing de Contenidos,2,Desaprobado
2024-08-29,Ludmila,Herrera,36651921,ludmila.herrera@yahoo.com,+54 9 2113 3238,DEV-101,Algoritmos I,8,Aprobado
2024-08-29,Alma,Caceres,33043866,alma.caceres@yahoo.com,+54 9 2263 5632,NEG-400,Liderazgo y Negociación,3,Desaprobado
2024-08-29,Juan Ignacio,Mendez,39695033,juan.ignacio.mendez@hotmail.com,+54 9 3662 3805,GEN-101,Ética y Tecnología,8,Aprobado
2024-08-29,Mateo,Dominguez,45130131,mateo.dominguez@hotmail.com,+54 9 2147 5969,DAT-101,Introducción a los Datos,4,Aprobado
2024-08-29,Julieta,Caceres,43799230,julieta.caceres@outlook.com,+54 9 2584 5613,UX-100,Diseño de Experiencia de Usuario,8,Aprobado
2024-08-29,Zoe Jazmin,Duarte,31102495,zoe.jazmin.duarte@hotmail.com,+54 9 2633 1110,UX-100,Diseño de Experiencia de Usuario,3,Desaprobado
2024-08-29,Julia,Garcia,43727225,julia.garcia@gmail.com,+54 9 3330 8895,DEV-101,Algoritmos I,1,Desaprobado
2024-08-29,Martina,Garcia,40069107,martina.garcia@gmail.com,+54 9 2881 9157,DEV-101,Algoritmos I,3,Desaprobado
2024-08-30,Mia Jazmin,Castillo,32556008,mia.jazmin.castillo@gmail.com,+54 9 2104 5495,MKT-200,Marketing de Contenidos,8,Aprobado
2024-08-30,Agustin,Correa,35155914,agustin.correa@hotmail.com,+54 9 2626 1896,GEN-101,Ética y Tecnología,1,Desaprobado
2024-08-30,Lautaro,Ramos,39563230,lautaro.ramos@outlook.com,+54 9 3641 3440,NEG-400,Liderazgo y Negociación,7,Aprobado
2024-08-30,Delfina,Aguirre,32864447,,+54 9 3683 0043,IA-300,Redes Neuronales,2,Desaprobado
2024-08-30,Angel Gabriel,Ayala,33828320,angel.gabriel.ayala@gmail.com,+54 9 2397 5222,DEV-101,Algoritmos I,9,Aprobado
2024-08-31,Julieta,Caceres,43799230,julieta.caceres@outlook.com,+54 9 2584 5613,IA-300,Redes Neuronales,8,Aprobado
2024-08-31,Juan Martin,Rivero,43362081,juan.martin.rivero@outlook.com,+54 9 3784 9092,GEN-101,Ética y Tecnología,9,Aprobado
2024-08-31,Felipe,Perez,30123333,felipe.perez@yahoo.com,+54 9 2604 0224,UX-100,Diseño de Experiencia de Usuario,7,Aprobado
2024-08-31,Valentino,Navarro,39515864,valentino.navarro@yahoo.com,+54 9 3422 5210,DAT-101,Introducción a los Datos,3,Desaprobado
2024-08-31,Maria Emilia,Castro,33544470,maria.emilia.castro@hotmail.com,+54 9 3612 0639,DAT-101,Introducción a los Datos,4,Aprobado
2024-08-31,Nahiara Jazmin,Farias,32152121,nahiara.jazmin.farias@hotmail.com,+54 9 2856 8727,DEV-101,Algoritmos I,8,Aprobado
2024-08-31,Emiliano,Alvarez,39314240,emiliano.alvarez@outlook.com,+54 9 2622 9740,NEG-400,Liderazgo y Negociación,7,Aprobado
2024-08-31,Martina,Sanchez,40860494,martina.sanchez@outlook.com,+54 9 2497 0467,NEG-400,Liderazgo y Negociación,7,Aprobado
2024-09-01,Agustín,Perez,33722791,agustin.perez@outlook.com,+54 9 3301 9512,DEV-101,Algoritmos I,10,Aprobado
2024-09-01,Mateo,Vargas,31271467,mateo.vargas@yahoo.com,+54 9 2727 5989,DEV-101,Algoritmos I,4,Aprobado
2024-09-01,Valentino,Cardozo,40348880,valentino.cardozo@yahoo.com,+54 9 3586 9893,DAT-201,Estadística Avanzada,3,Desaprobado
2024-09-01,Victoria,Suarez,30735404,victoria.suarez@yahoo.com,+54 9 3900 1818,DEV-101,Algoritmos I,8,Aprobado
2024-09-01,Milagros,Hernandez,33133815,milagros.hernandez@hotmail.com,+54 9 2787 2709,UX-100,Diseño de Experiencia de Usuario,4,Aprobado
2024-09-01,Emanuel,Silva,38133728,emanuel.silva@yahoo.com,+54 9 2443 7222,IA-300,Redes Neuronales,8,Aprobado
2024-09-02,Milagros,Arias,34529542,milagros.arias@gmail.com,+54 9 3313 3516,DAT-201,Estadística Avanzada,5,Aprobado
2024-09-02,Ambar,Carrizo,31071888,ambar.carrizo@gmail.com,+54 9 2204 2253,GEN-101,Ética y Tecnología,8,Aprobado
2024-09-02,Zoe Jazmin,Duarte,31102495,zoe.jazmin.duarte@hotmail.com,+54 9 2633 1110,MKT-200,Marketing de Contenidos,4,Aprobado
2024-09-02,Santino,Gonzalez,35543489,santino.gonzalez@gmail.com,+54 9 2703 1064,IA-300,Redes Neuronales,1,Desaprobado
2024-09-02,Ambar,Peralta,39540425,ambar.peralta@hotmail.com,+54 9 3676 4024,UX-100,Diseño de Experiencia de Usuario,4,Aprobado
2024-09-02,Juan Ignacio,Diaz,45896651,juan.ignacio.diaz@yahoo.com,+54 9 2255 6956,DAT-101,Introducción a los Datos,9,Aprobado
2024-09-02,Santino,Aguero,39641826,santino.aguero@yahoo.com,+54 9 3740 6873,GEN-101,Ética y Tecnología,4,Aprobado
2024-09-02,Jazmin,Silva,38137274,jazmin.silva@hotmail.com,+54 9 2881 1833,NEG-400,Liderazgo y Negociación,8,Aprobado
2024-09-02,Kiara,Soria,36890268,kiara.soria@gmail.com,+54 9 3402 1940,NEG-400,Liderazgo y Negociación,8,Aprobado
2024-09-02,Mateo Ezequiel,Caceres,45427332,mateo.ezequiel.caceres@hotmail.com,+54 9 3940 9207,IA-300,Redes Neuronales,8,Aprobado
2024-09-03,Dante,Suarez,43394175,dante.suarez@gmail.com,+54 9 2661 0611,DEV-101,Algoritmos I,10,Aprobado
2024-09-03,Olivia,Rodriguez,30566758,olivia.rodriguez@gmail.com,+54 9 3464 1700,MKT-200,Marketing de Contenidos,8,Aprobado
2024-09-03,Milena,Mendoza,32050515,milena.mendoza@yahoo.com,+54 9 3567 3099,DEV-101,Algoritmos I,8,Aprobado
2024-09-03,Agustina,Olivera,33109769,agustina.olivera@outlook.com,+54 9 2368 8001,DAT-201,Estadística Avanzada,8,Aprobado
2024-09-03,Lola,Gonzalez,40306605,lola.gonzalez@yahoo.com,+54 9 2206 1641,DEV-101,Algoritmos I,8,Aprobado
2024-09-03,Martina,Perez,35906862,martina.perez@yahoo.com,+54 9 2179 3774,DEV-101,Algoritmos I,3,Desaprobado
2024-09-03,Thiago Leonel,Gomez,34077479,thiago.leonel.gomez@outlook.com,+54 9 2178 4032,DAT-201,Estadística Avanzada,7,Aprobado
2024-09-03,Nahiara,Quiroga,40132599,nahiara.quiroga@yahoo.com,+54 9 2801 7393,GEN-101,Ética y Tecnología,7,Aprobado
2024-09-03,Lautaro Benjamin,Figueroa,35511517,lautaro.benjamin.figueroa@outlook.com,+54 9 3728 4080,GEN-101,Ética y Tecnología,6,Aprobado
2024-09-04,Santiago,Diaz,33429749,santiago.diaz@hotmail.com,+54 9 2566 2085,MKT-200,Marketing de Contenidos,1,Desaprobado
2024-09-04,Juan Martin,Figueroa,45055136,juan.martin.figueroa@yahoo.com,+54 9 3194 0163,UX-100,Diseño de Experiencia de Usuario,6,Aprobado
2024-09-04,Benicio,Sanchez,40840726,benicio.sanchez@outlook.com,+54 9 2767 4311,GEN-101,Ética y Tecnología,8,Aprobado
2024-09-04,Luciano,Soria,38717375,luciano.soria@outlook.com,+54 9 2316 8447,GEN-101,Ética y Tecnología,7,Aprobado
2024-09-04,Francisco,Sosa,35940256,francisco.sosa@gmail.com,+54 9 3712 7580,MKT-200,Marketing de Contenidos,1,Desaprobado
2024-09-04,Valentin,Martinez,36948669,valentin.martinez@gmail.com,+54 9 2691 1897,DAT-201,Estadística Avanzada,7,Aprobado
2024-09-05,Zoe Jazmin,Paez,40668065,zoe.jazmin.paez@yahoo.com,+54 9 3849 9314,DEV-101,Algoritmos I,7,Aprobado
2024-09-05,Ian Ezequiel,Silva,38188233,ian.ezequiel.silva@hotmail.com,+54 9 2481 4804,UX-100,Diseño de Experiencia de Usuario,3,Desaprobado
2024-09-05,Bautista,Nuñez,30680437,bautista.nunez@yahoo.com,+54 9 3354 5747,MKT-200,Marketing de Contenidos,8,Aprobado
2024-09-05,Ludmila,Moreno,43663971,ludmila.moreno@hotmail.com,+54 9 3523 7374,DAT-101,Introducción a los Datos,9,Aprobado
2024-09-05,Oriana,Gimenez,44516064,oriana.gimenez@gmail.com,+54 9 2210 8961,UX-100,Diseño de Experiencia de Usuario,5,Aprobado
2024-09-05,Martin,Gutierrez,41702335,martin.gutierrez@outlook.com,+54 9 3704 6933,DAT-201,Estadística Avanzada,2,Desaprobado
2024-09-06,Fausto,Molina,41485165,fausto.molina@yahoo.com,+54 9 3123 4849,DAT-201,Estadística Avanzada,10,Aprobado
2024-09-06,Ana Paula,Cardozo,38485886,ana.paula.cardozo@hotmail.com,+54 9 3537 9742,DAT-101,Introducción a los Datos,8,Aprobado
2024-09-06,Juan Bautista,Ojeda,45182848,juan.bautista.ojeda@hotmail.com,+54 9 2978 9237,IA-300,Redes Neuronales,6,Aprobado
2024-09-06,Lucía,Bravo,36821499,lucia.bravo@yahoo.com,+54 9 2275 5768,NEG-400,Liderazgo y Negociación,4,Aprobado
2024-09-06,Agustin,Perez,45544327,agustin.perez@hotmail.com,+54 9 2928 2857,DAT-201,Estadística Avanzada,3,Desaprobado
2024-09-06,Francesca,Garcia,41950086,,+54 9 3890 0440,MKT-200,Marketing de Contenidos,9,Aprobado
2024-09-06,Lautaro Benjamin,Bustos,31888081,lautaro.benjamin.bustos@hotmail.com,+54 9 2440 7477,NEG-400,Liderazgo y Negociación,7,Aprobado
2024-09-06,Ludmila,Lopez,36163868,,+54 9 2130 1197,GEN-101,Ética y Tecnología,6,Aprobado
2024-09-06,Renata,Perez,32231628,renata.perez@hotmail.com,+54 9 2513 8871,UX-100,Diseño de Experiencia de Usuario,3,Desaprobado
2024-09-07,Sofia Belen,Lucero,33423546,sofia.belen.lucero@gmail.com,+54 9 3644 8717,UX-100,Diseño de Experiencia de Usuario,9,Aprobado
2024-09-07,Juan Ignacio,Juarez,43956427,juan.ignacio.juarez@hotmail.com,+54 9 2926 7185,UX-100,Diseño de Experiencia de Usuario,7,Aprobado
2024-09-07,Francesca,Bustos,44219639,francesca.bustos@yahoo.com,+54 9 2449 6552,GEN-101,Ética y Tecnología,1,Desaprobado
2024-09-07,Sofia,Rodriguez,34728997,sofia.rodriguez@hotmail.com,+54 9 2119 9773,NEG-400,Liderazgo y Negociación,4,Aprobado
2024-09-07,Felipe,Ruiz,32682238,,+54 9 2123 2513,DEV-101,Algoritmos I,5,Aprobado
2024-09-07,Mateo,Ramirez,31594777,mateo.ramirez@outlook.com,+54 9 3476 1002,DAT-101,Introducción a los Datos,4,Aprobado
2024-09-07,Lucas Benjamin,Roldan,30230499,lucas.benjamin.roldan@hotmail.com,+54 9 3838 9647,GEN-101,Ética y Tecnología,2,Desaprobado
2024-09-07,Juan Cruz,Fernandez,30055060,juan.cruz.fernandez@outlook.com,+54 9 2364 0323,DEV-101,Algoritmos I,7,Aprobado
2024-09-07,Francesca,Acuña,41109574,francesca.acuna@outlook.com,+54 9 2164 9052,DAT-201,Estadística Avanzada,1,Desaprobado
2024-09-07,Francisco,Peralta,32673458,francisco.peralta@outlook.com,+54 9 2302 6935,NEG-400,Liderazgo y Negociación,7,Aprobado
2024-09-08,Lucia,Mendoza,43529073,,+54 9 2113 0802,DEV-101,Algoritmos I,9,Aprobado
2024-09-08,Renata,Fernandez,37239533,renata.fernandez@hotmail.com,+54 9 2664 1519,NEG-400,Liderazgo y Negociación,3,Desaprobado
2024-09-08,Maria Belen,Ramos,38842716,maria.belen.ramos@yahoo.com,+54 9 2805 4050,DAT-101,Introducción a los Datos,7,Aprobado
2024-09-08,Isabella,Arias,36309794,isabella.arias@hotmail.com,+54 9 3470 9937,DEV-101,Algoritmos I,9,Aprobado
2024-09-08,Pedro,Rodriguez,43733466,pedro.rodriguez@yahoo.com,+54 9 3809 4602,NEG-400,Liderazgo y Negociación,4,Aprobado
2024-09-08,Lucía,Bravo,36821499,lucia.bravo@yahoo.com,+54 9 2275 5768,NEG-400,Liderazgo y Negociación,1,Desaprobado
2024-09-08,Valentino,Coronel,31834919,valentino.coronel@hotmail.com,+54 9 3460 1436,MKT-200,Marketing de Contenidos,2,Desaprobado
2024-09-08,Lucia,Soria,32901887,lucia.soria@hotmail.com,+54 9 2977 5530,DAT-201,Estadística Avanzada,8,Aprobado
2024-09-08,Felipe,Acosta,30117903,felipe.acosta@hotmail.com,+54 9 3313 3547,DAT-201,Estadística Avanzada,6,Aprobado
2024-09-09,Santino Agustin,Ramirez,38081258,santino.agustin.ramirez@hotmail.com,+54 9 3836 4063,GEN-101,Ética y Tecnología,4,Aprobado
2024-09-09,Maria Luz,Sanchez,31187731,maria.luz.sanchez@gmail.com,+54 9 2522 9265,NEG-400,Liderazgo y Negociación,4,Aprobado
2024-09-09,Jazmin,Sosa,36907787,jazmin.sosa@outlook.com,+54 9 2775 9254,DAT-201,Estadística Avanzada,4,Aprobado
2024-09-09,Martin,Silva,30004548,martin.silva@gmail.com,+54 9 2719 3815,DAT-101,Introducción a los Datos,9,Aprobado
2024-09-09,Valentin,Alvarez,34508314,valentin.alvarez@yahoo.com,+54 9 2368 3900,IA-300,Redes Neuronales,4,Aprobado
2024-09-09,Zoe Valentina,Romero,45692552,zoe.valentina.romero@outlook.com,+54 9 2433 5632,DAT-201,Estadística Avanzada,3,Desaprobado
2024-09-09,Mia Jazmin,Castillo,32556008,mia.jazmin.castillo@gmail.com,+54 9 2104 5495,GEN-101,Ética y Tecnología,5,Aprobado
2024-09-09,Giuliana,Blanco,36520319,giuliana.blanco@yahoo.com,+54 9 3292 7786,IA-300,Redes Neuronales,1,Desaprobado
2024-09-09,Emilia,Suarez,42082012,emilia.suarez@outlook.com,+54 9 2996 1754,IA-300,Redes Neuronales,9,Aprobado
2024-09-09,Lara,Rodriguez,41268285,lara.rodriguez@hotmail.com,+54 9 3151 9824,GEN-101,Ética y Tecnología,5,Aprobado
2024-09-09,Juan Ignacio,Torres,38726954,juan.ignacio.torres@gmail.com,+54 9 3460 5839,MKT-200,Marketing de Contenidos,9,Aprobado
2024-09-09,Ivan,Bustos,41310259,ivan.bustos@yahoo.com,+54 9 3849 1905,DEV-101,Algoritmos I,6,Aprobado
2024-09-09,Maria Victoria,Ramos,44492899,maria.victoria.ramos@outlook.com,+54 9 2283 0598,DAT-201,Estadística Avanzada,2,Desaprobado
2024-09-09,Bautista,Gimenez,43710760,bautista.gimenez@yahoo.com,+54 9 2374 8134,DEV-101,Algoritmos I,7,Aprobado
2024-09-09,Angelina,Caceres,33155313,angelina.caceres@outlook.com,+54 9 3754 6527,NEG-400,Liderazgo y Negociación,8,Aprobado
2024-09-10,Mora,Flores,40156501,mora.flores@outlook.com,+54 9 2254 7112,MKT-200,Marketing de Contenidos,1,Desaprobado
2024-09-10,Gonzalo,Muñoz,32919443,gonzalo.munoz@yahoo.com,+54 9 3424 3541,DAT-101,Introducción a los Datos,10,Aprobado
2024-09-10,Lara,Gonzalez,38519723,lara.gonzalez@outlook.com,+54 9 3266 5415,UX-100,Diseño de Experiencia de Usuario,8,Aprobado
2024-09-10,Abril,Vazquez,33545850,abril.vazquez@yahoo.com,+54 9 2162 9761,DAT-201,Estadística Avanzada,8,Aprobado
2024-09-10,Thiago Benjamin,Martinez,38928581,thiago.benjamin.martinez@gmail.com,+54 9 2568 2980,DAT-201,Estadística Avanzada,6,Aprobado
2024-09-10,Juan Pablo,Romero,36953747,juan.pablo.romero@gmail.com,+54 9 3361 8209,DEV-101,Algoritmos I,7,Aprobado
2024-09-10,Sofia,Gomez,34989772,sofia.gomez@outlook.com,+54 9 2743 4100,GEN-101,Ética y Tecnología,10,Aprobado
2024-09-10,Ramiro,Olivera,41418439,ramiro.olivera@yahoo.com,+54 9 2332 6663,DEV-101,Algoritmos I,7,Aprobado
2024-09-11,Morena,Romero,43539600,morena.romero@yahoo.com,+54 9 3516 5931,GEN-101,Ética y Tecnología,3,Desaprobado
2024-09-11,Lautaro Nicolas,Diaz,38434835,lautaro.nicolas.diaz@hotmail.com,+54 9 2807 7144,MKT-200,Marketing de Contenidos,7,Aprobado
2024-09-11,Benjamin,Aguirre,42674907,benjamin.aguirre@outlook.com,+54 9 2922 4113,GEN-101,Ética y Tecnología,7,Aprobado
2024-09-11,Miguel Angel,Fernandez,43388966,miguel.angel.fernandez@yahoo.com,+54 9 3426 7701,DEV-101,Algoritmos I,5,Aprobado
2024-09-11,Emma,Valdez,43978117,emma.valdez@yahoo.com,+54 9 2552 3105,GEN-101,Ética y Tecnología,6,Aprobado
2024-09-11,Lola,Martinez,36537106,lola.martinez@yahoo.com,+54 9 2594 0082,DEV-101,Algoritmos I,5,Aprobado
2024-09-11,Morena,Luna,37347578,morena.luna@yahoo.com,+54 9 3147 0669,DAT-201,Estadística Avanzada,2,Desaprobado
2024-09-11,Abril,Sosa,39268069,abril.sosa@gmail.com,+54 9 3331 4281,IA-300,Redes Neuronales,7,Aprobado
2024-09-11,Santino Agustin,Fernandez,41008531,santino.agustin.fernandez@gmail.com,+54 9 2582 8814,IA-300,Redes Neuronales,10,Aprobado
2024-09-11,Santiago,Hernandez,40746517,santiago.hernandez@yahoo.com,+54 9 3370 7661,MKT-200,Marketing de Contenidos,1,Desaprobado
2024-09-12,Juliana,Ramos,31134185,juliana.ramos@hotmail.com,+54 9 2907 3471,DAT-101,Introducción a los Datos,2,Desaprobado
2024-09-12,Martina,Maldonado,41453617,martina.maldonado@yahoo.com,+54 9 2640 2672,DAT-201,Estadística Avanzada,2,Desaprobado
2024-09-12,Facundo,Fernandez,38703238,facundo.fernandez@hotmail.com,+54 9 2866 4633,GEN-101,Ética y Tecnología,2,Desaprobado
2024-09-12,Valentina,Benitez,38856423,valentina.benitez@yahoo.com,+54 9 3211 7388,GEN-101,Ética y Tecnología,9,Aprobado
2024-09-12,Gonzalo,Garcia,39463207,gonzalo.garcia@outlook.com,+54 9 3935 3291,UX-100,Diseño de Experiencia de Usuario,2,Desaprobado
2024-09-12,Tobias,Diaz,43726508,tobias.diaz@gmail.com,+54 9 2885 2045,DEV-101,Algoritmos I,7,Aprobado
2024-09-12,Tomàs,Gonzalez,34447081,tomas.gonzalez@yahoo.com,+54 9 2731 0414,DAT-101,Introducción a los Datos,1,Desaprobado
2024-09-12,Juan Martin,Rivero,43362081,juan.martin.rivero@outlook.com,+54 9 3784 9092,DEV-101,Algoritmos I,10,Aprobado
2024-09-12,Martina,Gomez,43449566,martina.gomez@hotmail.com,+54 9 3561 0521,UX-100,Diseño de Experiencia de Usuario,2,Desaprobado
2024-09-12,Olivia,Perez,38703285,olivia.perez@gmail.com,+54 9 3131 1449,NEG-400,Liderazgo y Negociación,4,Aprobado
2024-09-12,Catalina,Caceres,44521824,catalina.caceres@outlook.com,+54 9 3718 0118,MKT-200,Marketing de Contenidos,3,Desaprobado
2024-09-12,Sebastian,Ledesma,35031297,sebastian.ledesma@outlook.com,+54 9 2757 4586,DEV-101,Algoritmos I,2,Desaprobado
2024-09-12,Bruno,Ponce,31777177,bruno.ponce@yahoo.com,+54 9 3125 2111,GEN-101,Ética y Tecnología,1,Desaprobado
2024-09-12,Maria Victoria,Ramos,44492899,maria.victoria.ramos@outlook.com,+54 9 2283 0598,UX-100,Diseño de Experiencia de Usuario,1,Desaprobado
2024-09-12,Sofia,Rodriguez,30367578,sofia.rodriguez@outlook.com,+54 9 3965 4385,DEV-101,Algoritmos I,2,Desaprobado
2024-09-12,Malena,Fernandez,33957369,malena.fernandez@gmail.com,+54 9 2869 1744,GEN-101,Ética y Tecnología,9,Aprobado
2024-09-12,Juan,Sanchez,32823541,juan.sanchez@hotmail.com,+54 9 3253 2696,UX-100,Diseño de Experiencia de Usuario,2,Desaprobado
2024-09-12,Lola,Ayala,39110609,lola.ayala@hotmail.com,+54 9 2444 5800,DAT-201,Estadística Avanzada,6,Aprobado
2024-09-13,Juan Cruz,Gonzalez,44084939,juan.cruz.gonzalez@yahoo.com,+54 9 2792 1644,NEG-400,Liderazgo y Negociación,6,Aprobado
2024-09-13,Lourdes,Alvarez,45091268,lourdes.alvarez@hotmail.com,+54 9 3563 4379,IA-300,Redes Neuronales,9,Aprobado
2024-09-13,Maximiliano,Ramirez,41252196,maximiliano.ramirez@hotmail.com,+54 9 2194 0145,IA-300,Redes Neuronales,4,Aprobado
2024-09-13,Joaquin,Ponce,41112892,joaquin.ponce@outlook.com,+54 9 2289 7440,UX-100,Diseño de Experiencia de Usuario,9,Aprobado
2024-09-13,Guadalupe,Diaz,34731502,guadalupe.diaz@hotmail.com,+54 9 3562 8000,IA-300,Redes Neuronales,7,Aprobado
2024-09-13,Nahiara,Quiroga,40132599,nahiara.quiroga@yahoo.com,+54 9 2801 7393,DAT-201,Estadística Avanzada,8,Aprobado
2024-09-13,Facundo,Paez,34641008,facundo.paez@gmail.com,+54 9 2340 6650,DAT-101,Introducción a los Datos,6,Aprobado
2024-09-13,Matilda,Quiroga,30996789,matilda.quiroga@yahoo.com,+54 9 2743 4973,UX-100,Diseño de Experiencia de Usuario,2,Desaprobado
2024-09-13,Agustina,Ojeda,43068884,agustina.ojeda@outlook.com,+54 9 2566 6034,DAT-101,Introducción a los Datos,1,Desaprobado
2024-09-13,Juan Ignacio,Gomez,31692100,juan.ignacio.gomez@hotmail.com,+54 9 2455 6657,NEG-400,Liderazgo y Negociación,7,Aprobado
2024-09-13,Juan Ignacio,Aguirre,30116169,juan.ignacio.aguirre@yahoo.com,+54 9 3321 8845,UX-100,Diseño de Experiencia de Usuario,2,Desaprobado
2024-09-14,Bianca,Silva,35579453,bianca.silva@outlook.com,+54 9 2534 1155,MKT-200,Marketing de Contenidos,5,Aprobado
2024-09-14,Juan Bautista,Garcia,31178906,juan.bautista.garcia@hotmail.com,+54 9 2530 4519,NEG-400,Liderazgo y Negociación,6,Aprobado
2024-09-14,Benjamin,Aguirre,38027945,benjamin.aguirre@gmail.com,+54 9 3326 9109,IA-300,Redes Neuronales,1,Desaprobado
2024-09-14,Malena,Fernandez,33957369,malena.fernandez@gmail.com,+54 9 2869 1744,DEV-101,Algoritmos I,4,Aprobado
2024-09-14,Guillermina,Garcia,31591629,guillermina.garcia@outlook.com,+54 9 3905 4651,DEV-101,Algoritmos I,1,Desaprobado
2024-09-15,Sofia,Diaz,41915923,sofia.diaz@outlook.com,+54 9 3817 9484,IA-300,Redes Neuronales,4,Aprobado
2024-09-15,Thiago Ezequiel,Herrera,30365765,thiago.ezequiel.herrera@yahoo.com,+54 9 3949 9501,DEV-101,Algoritmos I,8,Aprobado
2024-09-15,Lucía ,Campos,33688099,lucia..campos@yahoo.com,+54 9 2466 3766,GEN-101,Ética y Tecnología,7,Aprobado
2024-09-15,Agostina,Rivero,35196112,agostina.rivero@hotmail.com,+54 9 3984 7134,GEN-101,Ética y Tecnología,3,Desaprobado
2024-09-15,Camila,Martinez,39208663,camila.martinez@outlook.com,+54 9 3443 3706,DEV-101,Algoritmos I,3,Desaprobado
2024-09-15,Nina,Diaz,30772589,nina.diaz@hotmail.com,+54 9 2815 3940,UX-100,Diseño de Experiencia de Usuario,7,Aprobado
2024-09-15,Olivia,Villalba,36251602,olivia.villalba@yahoo.com,+54 9 2485 6233,NEG-400,Liderazgo y Negociación,7,Aprobado
2024-09-15,Ezequiel,Lopez,45532881,ezequiel.lopez@hotmail.com,+54 9 2824 5367,IA-300,Redes Neuronales,7,Aprobado
2024-09-15,Francesca,Garcia,41950086,francesca.garcia@hotmail.com,+54 9 3782 6468,DAT-201,Estadística Avanzada,4,Aprobado
2024-09-15,Francesca,Barrios,45826183,francesca.barrios@outlook.com,+54 9 2740 0345,GEN-101,Ética y Tecnología,2,Desaprobado
2024-09-15,Maria Victoria,Pereyra,38481398,maria.victoria.pereyra@gmail.com,+54 9 2183 1275,DEV-101,Algoritmos I,10,Aprobado
2024-09-15,Maria Victoria,Diaz,32151241,maria.victoria.diaz@outlook.com,+54 9 2530 2803,MKT-200,Marketing de Contenidos,10,Aprobado
2024-09-16,Nicolas,Cabrera,42026432,nicolas.cabrera@outlook.com,+54 9 2355 3045,GEN-101,Ética y Tecnología,7,Aprobado
2024-09-16,Martina,Ojeda,42740444,martina.ojeda@yahoo.com,+54 9 2462 7303,DAT-101,Introducción a los Datos,6,Aprobado
2024-09-16,Lautaro Ezequiel,Rojas,41660538,lautaro.ezequiel.rojas@hotmail.com,+54 9 3974 0906,IA-300,Redes Neuronales,10,Aprobado
2024-09-16,Dante,Suarez,43394175,dante.suarez@gmail.com,+54 9 2661 0611,IA-300,Redes Neuronales,5,Aprobado
2024-09-16,Ivan,Bustos,41310259,ivan.bustos@yahoo.com,+54 9 3849 1905,DAT-201,Estadística Avanzada,6,Aprobado
2024-09-16,Geronimo,Castillo,32875207,geronimo.castillo@yahoo.com,+54 9 2399 2142,NEG-400,Liderazgo y Negociación,8,Aprobado
2024-09-16,Juan Ignacio,Aguirre,30116169,,+54 9 2488 5171,IA-300,Redes Neuronales,8,Aprobado
2024-09-16,Jazmin,Figueroa,33506985,jazmin.figueroa@gmail.com,+54 9 3115 1882,DAT-101,Introducción a los Datos,10,Aprobado
2024-09-16,Benicio,Fernandez,37244102,benicio.fernandez@gmail.com,+54 9 3916 6475,UX-100,Diseño de Experiencia de Usuario,9,Aprobado
2024-09-16,Valentina ,Gonzalez,44289991,valentina..gonzalez@hotmail.com,+54 9 3943 3955,DEV-101,Algoritmos I,6,Aprobado
2024-09-16,Joaquin,Lopez,39696052,joaquin.lopez@gmail.com,+54 9 3266 5055,DAT-101,Introducción a los Datos,4,Aprobado
2024-09-16,Vicente,Nuñez,45878884,vicente.nunez@yahoo.com,+54 9 2773 9063,UX-100,Diseño de Experiencia de Usuario,8,Aprobado
2024-09-16,Mateo Ezequiel,Silva,32838454,mateo.ezequiel.silva@outlook.com,+54 9 2800 0722,DAT-101,Introducción a los Datos,1,Desaprobado
2024-09-16,Maximo,Molina,30106929,maximo.molina@gmail.com,+54 9 3595 0394,DAT-201,Estadística Avanzada,4,Aprobado
2024-09-17,Juan Gabriel,Cruz,42555362,juan.gabriel.cruz@gmail.com,+54 9 3279 0400,DAT-101,Introducción a los Datos,4,Aprobado
2024-09-17,Santino,Villalba,43771658,santino.villalba@outlook.com,+54 9 3603 7640,DEV-101,Algoritmos I,1,Desaprobado
2024-09-17,Kiara,Gimenez,40583085,kiara.gimenez@hotmail.com,+54 9 3202 4623,DAT-201,Estadística Avanzada,7,Aprobado
2024-09-17,Felipe,Acosta,30117903,felipe.acosta@hotmail.com,+54 9 3313 3547,DEV-101,Algoritmos I,2,Desaprobado
2024-09-17,Benjamin,Sosa,33696189,benjamin.sosa@yahoo.com,+54 9 3981 2286,GEN-101,Ética y Tecnología,1,Desaprobado
2024-09-17,Facundo,Flores,35961291,facundo.flores@outlook.com,+54 9 2995 1730,NEG-400,Liderazgo y Negociación,1,Desaprobado
2024-09-17,Jazmin,Figueroa,33506985,jazmin.figueroa@gmail.com,+54 9 3115 1882,GEN-101,Ética y Tecnología,8,Aprobado
2024-09-18,Martina,Perez,35906862,martina.perez@yahoo.com,+54 9 2179 3774,NEG-400,Liderazgo y Negociación,2,Desaprobado
2024-09-18,Julia,Medina,38353339,julia.medina@gmail.com,+54 9 2309 9286,DAT-101,Introducción a los Datos,2,Desaprobado
2024-09-18,Elena,Soria,40701939,elena.soria@hotmail.com,+54 9 3676 4345,IA-300,Redes Neuronales,5,Aprobado
2024-09-18,Martina,Ojeda,42740444,martina.ojeda@yahoo.com,+54 9 2462 7303,DEV-101,Algoritmos I,5,Aprobado
2024-09-18,Lautaro Benjamin,Campos,36847519,,+54 9 3441 3659,DAT-101,Introducción a los Datos,3,Desaprobado
2024-09-18,Felipe,Sanchez,31695622,felipe.sanchez@yahoo.com,+54 9 2847 3851,NEG-400,Liderazgo y Negociación,1,Desaprobado
2024-09-18,Alma,Rodriguez,45844538,alma.rodriguez@gmail.com,+54 9 3457 7978,MKT-200,Marketing de Contenidos,2,Desaprobado
2024-09-18,Benicio,Acosta,34081471,benicio.acosta@hotmail.com,+54 9 2628 9859,NEG-400,Liderazgo y Negociación,3,Desaprobado
2024-09-18,Ignacio,Martin,32151606,ignacio.martin@outlook.com,+54 9 3552 2221,IA-300,Redes Neuronales,5,Aprobado
2024-09-18,Valentina,Gonzalez,35915416,valentina.gonzalez@outlook.com,+54 9 2949 1607,DAT-101,Introducción a los Datos,3,Desaprobado
2024-09-19,Sol,Gonzalez,41788868,sol.gonzalez@hotmail.com,+54 9 2884 2829,DAT-201,Estadística Avanzada,5,Aprobado
2024-09-19,Simon,Vega,40422549,simon.vega@hotmail.com,+54 9 3827 6182,MKT-200,Marketing de Contenidos,3,Desaprobado
2024-09-19,Felipe,Ramirez,43810640,felipe.ramirez@gmail.com,+54 9 3525 2675,MKT-200,Marketing de Contenidos,2,Desaprobado
2024-09-19,Isabella,Gonzalez,30763126,isabella.gonzalez@outlook.com,+54 9 3627 1435,DAT-201,Estadística Avanzada,4,Aprobado
2024-09-19,Sofia,Mendoza,30609077,sofia.mendoza@gmail.com,+54 9 3744 6115,GEN-101,Ética y Tecnología,4,Aprobado
2024-09-19,Mora,Martinez,40421216,mora.martinez@outlook.com,+54 9 3934 7210,DAT-101,Introducción a los Datos,7,Aprobado
2024-09-19,Violeta,Gomez,35449166,,+54 9 2138 3188,NEG-400,Liderazgo y Negociación,3,Desaprobado
2024-09-20,Morena Jazmin,Rivero,37083223,morena.jazmin.rivero@hotmail.com,+54 9 2396 0275,IA-300,Redes Neuronales,5,Aprobado
2024-09-20,Tomàs,Campos,41437572,tomas.campos@yahoo.com,+54 9 2750 4287,GEN-101,Ética y Tecnología,4,Aprobado
2024-09-20,Mateo,Medina,41258011,mateo.medina@hotmail.com,+54 9 3598 1512,DAT-101,Introducción a los Datos,5,Aprobado
2024-09-20,Victoria,Ramos,38567788,victoria.ramos@outlook.com,+54 9 3967 9507,UX-100,Diseño de Experiencia de Usuario,5,Aprobado
2024-09-20,Catalina,Martinez,39749714,catalina.martinez@gmail.com,+54 9 3973 0075,MKT-200,Marketing de Contenidos,6,Aprobado
2024-09-20,Delfina,Acuña,33567445,delfina.acuna@yahoo.com,+54 9 3150 4515,NEG-400,Liderazgo y Negociación,9,Aprobado
2024-09-20,Agustin,Perez,45544327,agustin.perez@hotmail.com,+54 9 2928 2857,DAT-101,Introducción a los Datos,1,Desaprobado
2024-09-20,Martina,Molina,31366271,martina.molina@gmail.com,+54 9 2319 5813,IA-300,Redes Neuronales,7,Aprobado
2024-09-20,Mateo Ezequiel,Caceres,45427332,mateo.ezequiel.caceres@hotmail.com,+54 9 3940 9207,MKT-200,Marketing de Contenidos,9,Aprobado
2024-09-20,Juan Ignacio,Fernandez,33878037,juan.ignacio.fernandez@outlook.com,+54 9 3283 3919,IA-300,Redes Neuronales,2,Desaprobado
2024-09-20,Milena,Gonzalez,34485777,,+54 9 3721 6848,GEN-101,Ética y Tecnología,7,Aprobado
2024-09-21,Valentina,Soto,44617524,valentina.soto@outlook.com,+54 9 3624 2276,GEN-101,Ética y Tecnología,3,Desaprobado
2024-09-21,Milo,Rodriguez,43625205,milo.rodriguez@hotmail.com,+54 9 2466 3602,GEN-101,Ética y Tecnología,3,Desaprobado
2024-09-21,Benjamin,Morales,31704019,benjamin.morales@hotmail.com,+54 9 3856 1189,UX-100,Diseño de Experiencia de Usuario,4,Aprobado
2024-09-21,Valentino,Castillo,39571770,valentino.castillo@outlook.com,+54 9 2270 8416,GEN-101,Ética y Tecnología,7,Aprobado
2024-09-21,Emma,Valdez,43978117,emma.valdez@yahoo.com,+54 9 2552 3105,MKT-200,Marketing de Contenidos,5,Aprobado
2024-09-21,Julia,Garcia,43727225,julia.garcia@gmail.com,+54 9 3330 8895,UX-100,Diseño de Experiencia de Usuario,6,Aprobado
2024-09-21,Maximiliano,Rojas,44502106,maximiliano.rojas@hotmail.com,+54 9 2616 5886,UX-100,Diseño de Experiencia de Usuario,5,Aprobado
2024-09-21,Constantino,Castro,41594052,constantino.castro@outlook.com,+54 9 3916 6714,MKT-200,Marketing de Contenidos,10,Aprobado
2024-09-22,Jazmin,Bravo,41664468,jazmin.bravo@hotmail.com,+54 9 3832 3094,UX-100,Diseño de Experiencia de Usuario,7,Aprobado
2024-09-22,Catalina,Gomez,41402719,catalina.gomez@outlook.com,+54 9 3917 2603,DAT-101,Introducción a los Datos,2,Desaprobado
2024-09-22,Santiago,Avila,33081027,santiago.avila@yahoo.com,+54 9 2644 6030,DAT-201,Estadística Avanzada,6,Aprobado
2024-09-22,Luciano,Soria,38717375,,+54 9 3587 2639,IA-300,Redes Neuronales,1,Desaprobado
2024-09-22,Federico,Gomez,41003214,federico.gomez@hotmail.com,+54 9 3475 5648,NEG-400,Liderazgo y Negociación,10,Aprobado
2024-09-22,Alma,Acosta,45303367,alma.acosta@yahoo.com,+54 9 3979 6634,MKT-200,Marketing de Contenidos,6,Aprobado
2024-09-22,Maximo,Ledesma,40764881,maximo.ledesma@hotmail.com,+54 9 2280 5333,IA-300,Redes Neuronales,3,Desaprobado
2024-09-22,Renata,Medina,36514666,renata.medina@yahoo.com,+54 9 2518 2753,DAT-101,Introducción a los Datos,5,Aprobado
2024-09-22,Juan Manuel,Cordoba,45666370,juan.manuel.cordoba@outlook.com,+54 9 2816 8960,UX-100,Diseño de Experiencia de Usuario,7,Aprobado
2024-09-23,Jazmin,Figueroa,33506985,jazmin.figueroa@gmail.com,+54 9 3115 1882,GEN-101,Ética y Tecnología,7,Aprobado
2024-09-23,Francisco,Ortiz,44513749,francisco.ortiz@gmail.com,+54 9 3294 3431,DAT-201,Estadística Avanzada,9,Aprobado
2024-09-23,Amparo,Ojeda,30642032,amparo.ojeda@outlook.com,+54 9 2491 3594,MKT-200,Marketing de Contenidos,4,Aprobado
2024-09-23,Francesca,Perez,38072230,francesca.perez@yahoo.com,+54 9 3556 0796,UX-100,Diseño de Experiencia de Usuario,9,Aprobado
2024-09-23,Mora,Martinez,40421216,mora.martinez@outlook.com,+54 9 3934 7210,DEV-101,Algoritmos I,4,Aprobado
2024-09-23,Thiago Agustin,Leiva,45170433,thiago.agustin.leiva@hotmail.com,+54 9 3752 4905,IA-300,Redes Neuronales,5,Aprobado
2024-09-23,Delfina,Sosa,33883514,delfina.sosa@yahoo.com,+54 9 2737 3724,MKT-200,Marketing de Contenidos,5,Aprobado
2024-09-23,Sol,Gonzalez,41788868,sol.gonzalez@hotmail.com,+54 9 2884 2829,GEN-101,Ética y Tecnología,6,Aprobado
2024-09-23,Renata,Lopez,35854507,renata.lopez@yahoo.com,+54 9 2350 8482,DAT-101,Introducción a los Datos,7,Aprobado
2024-09-23,Santiago Nicolas,Gomez,34452113,santiago.nicolas.gomez@yahoo.com,+54 9 2265 0546,DAT-101,Introducción a los Datos,7,Aprobado
2024-09-23,Lola,Garcia,41726756,lola.garcia@gmail.com,+54 9 3148 1089,NEG-400,Liderazgo y Negociación,10,Aprobado
2024-09-23,Maximo,Flores,35517472,maximo.flores@gmail.com,+54 9 3341 0323,IA-300,Redes Neuronales,2,Desaprobado
2024-09-23,Guadalupe,Rivero,30966401,guadalupe.rivero@yahoo.com,+54 9 3242 7856,UX-100,Diseño de Experiencia de Usuario,9,Aprobado
2024-09-23,Julieta,Lucero,45341622,julieta.lucero@gmail.com,+54 9 2991 6005,NEG-400,Liderazgo y Negociación,6,Aprobado
2024-09-23,Thiago Ezequiel,Molina,32697331,thiago.ezequiel.molina@hotmail.com,+54 9 2584 9188,NEG-400,Liderazgo y Negociación,8,Aprobado
2024-09-24,Juan Cruz,Ruiz,45850941,juan.cruz.ruiz@outlook.com,+54 9 3668 2851,NEG-400,Liderazgo y Negociación,6,Aprobado
2024-09-24,Vicente,Medina,43777501,vicente.medina@yahoo.com,+54 9 3651 2667,IA-300,Redes Neuronales,2,Desaprobado
2024-09-25,Emma,Valdez,43978117,emma.valdez@yahoo.com,+54 9 2552 3105,MKT-200,Marketing de Contenidos,10,Aprobado
2024-09-25,Tomas,Arias,33158030,tomas.arias@hotmail.com,+54 9 3217 9090,MKT-200,Marketing de Contenidos,4,Aprobado
2024-09-25,Francisco,Ortiz,44513749,,+54 9 2156 9999,DAT-201,Estadística Avanzada,1,Desaprobado
2024-09-25,Julieta,Martinez,32096884,julieta.martinez@outlook.com,+54 9 3160 1200,DEV-101,Algoritmos I,4,Aprobado
2024-09-25,Maximiliano,Ramirez,41252196,maximiliano.ramirez@hotmail.com,+54 9 2194 0145,MKT-200,Marketing de Contenidos,6,Aprobado
2024-09-25,Ciro,Nuñez,40214433,ciro.nunez@hotmail.com,+54 9 2659 3467,GEN-101,Ética y Tecnología,8,Aprobado
2024-09-25,Ema,Gomez,44946319,ema.gomez@outlook.com,+54 9 3594 4144,MKT-200,Marketing de Contenidos,9,Aprobado
2024-09-25,Mateo Agustin,Ponce,32830740,mateo.agustin.ponce@outlook.com,+54 9 3386 4828,IA-300,Redes Neuronales,4,Aprobado
2024-09-25,Ludmila,Lopez,36163868,ludmila.lopez@gmail.com,+54 9 2343 3079,DAT-101,Introducción a los Datos,6,Aprobado
2024-09-25,Emanuel,Medina,35409911,emanuel.medina@gmail.com,+54 9 3945 3357,UX-100,Diseño de Experiencia de Usuario,10,Aprobado
2024-09-25,Lola,Gomez,41332008,lola.gomez@outlook.com,+54 9 3653 8521,DAT-101,Introducción a los Datos,6,Aprobado
2024-09-26,Joaquin,Lopez,39696052,joaquin.lopez@gmail.com,+54 9 3266 5055,DEV-101,Algoritmos I,2,Desaprobado
2024-09-26,Benjamin,Ayala,41240321,benjamin.ayala@gmail.com,+54 9 2960 3361,GEN-101,Ética y Tecnología,2,Desaprobado
2024-09-26,Felipe,Paez,37149339,felipe.paez@gmail.com,+54 9 3975 2796,UX-100,Diseño de Experiencia de Usuario,5,Aprobado
2024-09-26,Santiago Nicolas,Gomez,34452113,santiago.nicolas.gomez@yahoo.com,+54 9 2265 0546,NEG-400,Liderazgo y Negociación,5,Aprobado
2024-09-26,Thiago,Vera,35904105,thiago.vera@yahoo.com,+54 9 3734 8232,DEV-101,Algoritmos I,7,Aprobado
2024-09-26,Ludmila,Martinez,35792864,ludmila.martinez@gmail.com,+54 9 2244 6550,DAT-201,Estadística Avanzada,4,Aprobado
2024-09-26,Thiago Nicolas,Villalba,37239130,thiago.nicolas.villalba@yahoo.com,+54 9 3983 1375,UX-100,Diseño de Experiencia de Usuario,2,Desaprobado
2024-09-26,Ambar,Carrizo,31071888,ambar.carrizo@gmail.com,+54 9 2204 2253,IA-300,Redes Neuronales,6,Aprobado
2024-09-26,Santino Ezequiel,Vega,36161620,santino.ezequiel.vega@yahoo.com,+54 9 3228 1663,DAT-201,Estadística Avanzada,10,Aprobado
2024-09-26,Emanuel,Medina,35409911,emanuel.medina@gmail.com,+54 9 3945 3357,NEG-400,Liderazgo y Negociación,1,Desaprobado
2024-09-27,Thiago,Fernandez,37332897,thiago.fernandez@yahoo.com,+54 9 2388 7647,DAT-201,Estadística Avanzada,10,Aprobado
2024-09-27,Santiago,Rodriguez,38657054,santiago.rodriguez@outlook.com,+54 9 3243 5121,DEV-101,Algoritmos I,9,Aprobado
2024-09-27,Maximo,Ledesma,40764881,maximo.ledesma@hotmail.com,+54 9 2280 5333,MKT-200,Marketing de Contenidos,10,Aprobado
2024-09-27,Paula,Martinez,31562479,paula.martinez@gmail.com,+54 9 3959 5067,MKT-200,Marketing de Contenidos,4,Aprobado
2024-09-27,Sofia Belen,Lucero,33423546,sofia.belen.lucero@gmail.com,+54 9 3644 8717,DAT-201,Estadística Avanzada,5,Aprobado
2024-09-27,Ana Paula,Peralta,35944501,ana.paula.peralta@gmail.com,+54 9 3102 7685,UX-100,Diseño de Experiencia de Usuario,1,Desaprobado
2024-09-28,Amparo,Ledesma,42706367,amparo.ledesma@outlook.com,+54 9 2660 1868,DEV-101,Algoritmos I,5,Aprobado
2024-09-28,Miguel Angel,Mansilla,35953678,miguel.angel.mansilla@outlook.com,+54 9 2331 2498,MKT-200,Marketing de Contenidos,10,Aprobado
2024-09-28,Ana Paula,Perez,44228213,ana.paula.perez@gmail.com,+54 9 3447 0887,DAT-101,Introducción a los Datos,7,Aprobado
2024-09-28,Alexander,Ojeda,33293475,alexander.ojeda@outlook.com,+54 9 3763 2317,DAT-101,Introducción a los Datos,9,Aprobado
2024-09-28,Milagros,Maldonado,34850065,milagros.maldonado@yahoo.com,+54 9 2282 4071,DEV-101,Algoritmos I,8,Aprobado
2024-09-28,Juan Martin,Rodriguez,35891432,juan.martin.rodriguez@yahoo.com,+54 9 2905 1290,DEV-101,Algoritmos I,7,Aprobado
2024-09-29,Morena,Cordoba,45685363,morena.cordoba@hotmail.com,+54 9 2815 2647,UX-100,Diseño de Experiencia de Usuario,8,Aprobado
2024-09-29,Helena,Suarez,41092656,helena.suarez@gmail.com,+54 9 3937 2670,GEN-101,Ética y Tecnología,8,Aprobado
2024-09-29,Juan,Aguirre,31500794,juan.aguirre@gmail.com,+54 9 2469 0424,UX-100,Diseño de Experiencia de Usuario,6,Aprobado
2024-09-29,Francesca,Martinez,33488611,francesca.martinez@yahoo.com,+54 9 2945 3631,DEV-101,Algoritmos I,6,Aprobado
2024-09-29,Lautaro,Moyano,33822169,lautaro.moyano@yahoo.com,+54 9 3952 4015,GEN-101,Ética y Tecnología,2,Desaprobado
2024-09-29,Bautista Benjamin,Figueroa,38282799,bautista.benjamin.figueroa@hotmail.com,+54 9 3128 5156,UX-100,Diseño de Experiencia de Usuario,4,Aprobado
2024-09-29,Maria Victoria,Ramos,44492899,maria.victoria.ramos@outlook.com,+54 9 2283 0598,DEV-101,Algoritmos I,3,Desaprobado
2024-09-29,Sofía,Martinez,31262811,sofia.martinez@yahoo.com,+54 9 2561 4182,MKT-200,Marketing de Contenidos,3,Desaprobado
2024-09-29,Olivia,Lopez,38406894,olivia.lopez@outlook.com,+54 9 2919 6333,UX-100,Diseño de Experiencia de Usuario,2,Desaprobado
2024-09-30,Martina,Soria,40980648,martina.soria@outlook.com,+54 9 2849 5957,DAT-101,Introducción a los Datos,8,Aprobado
2024-09-30,Maximo,Gonzalez,30506093,maximo.gonzalez@gmail.com,+54 9 3902 8521,NEG-400,Liderazgo y Negociación,2,Desaprobado
2024-09-30,Juan Martin,Gutierrez,31305554,juan.martin.gutierrez@yahoo.com,+54 9 3538 5954,IA-300,Redes Neuronales,7,Aprobado
2024-09-30,Francisco,Gimenez,33212131,francisco.gimenez@outlook.com,+54 9 3836 6659,DEV-101,Algoritmos I,7,Aprobado
2024-09-30,Santino,Martinez,43970719,santino.martinez@outlook.com,+54 9 3687 1842,DAT-101,Introducción a los Datos,4,Aprobado
2024-09-30,Emilia,Moreno,35718936,emilia.moreno@gmail.com,+54 9 3588 3763,MKT-200,Marketing de Contenidos,1,Desaprobado
2024-09-30,Dylan,Torres,31668253,dylan.torres@outlook.com,+54 9 2282 5593,DEV-101,Algoritmos I,4,Aprobado
2024-09-30,Lucia,Ramos,31800702,lucia.ramos@gmail.com,+54 9 3768 9233,GEN-101,Ética y Tecnología,1,Desaprobado
2024-09-30,Delfina,Fernandez,32284080,delfina.fernandez@gmail.com,+54 9 2224 9634,DAT-101,Introducción a los Datos,2,Desaprobado
2024-09-30,Bruno,Romero,35690393,bruno.romero@outlook.com,+54 9 3164 0655,DAT-101,Introducción a los Datos,6,Aprobado
2024-10-01,Lara,Gonzalez,38519723,lara.gonzalez@outlook.com,+54 9 3266 5415,NEG-400,Liderazgo y Negociación,1,Desaprobado
2024-10-01,Micaela,Miranda,38325772,micaela.miranda@hotmail.com,+54 9 3445 1776,IA-300,Redes Neuronales,10,Aprobado
2024-10-01,Nahiara Jazmin,Farias,32152121,nahiara.jazmin.farias@hotmail.com,+54 9 2856 8727,UX-100,Diseño de Experiencia de Usuario,7,Aprobado
2024-10-01,Joaquín,Castro,36702199,joaquin.castro@outlook.com,+54 9 2242 8548,GEN-101,Ética y Tecnología,8,Aprobado
2024-10-01,Ian Ezequiel,Carrizo,42677307,ian.ezequiel.carrizo@gmail.com,+54 9 2218 5047,DAT-201,Estadística Avanzada,9,Aprobado
2024-10-01,Bastian,Castro,31379964,bastian.castro@gmail.com,+54 9 3857 6198,IA-300,Redes Neuronales,5,Aprobado
2024-10-01,Martina,Hernandez,32486624,,+54 9 2775 4922,GEN-101,Ética y Tecnología,6,Aprobado
2024-10-01,Francesca,Acuña,41109574,francesca.acuna@outlook.com,+54 9 2164 9052,MKT-200,Marketing de Contenidos,7,Aprobado
2024-10-01,Guadalupe,Ruiz,41886872,guadalupe.ruiz@outlook.com,+54 9 3461 7808,NEG-400,Liderazgo y Negociación,3,Desaprobado
2024-10-02,Isabella,Chavez,36906085,isabella.chavez@yahoo.com,+54 9 3384 6959,MKT-200,Marketing de Contenidos,1,Desaprobado
2024-10-02,Tobias,Nuñez,34839561,tobias.nunez@yahoo.com,+54 9 3723 6714,MKT-200,Marketing de Contenidos,10,Aprobado
2024-10-02,Martina,Leiva,41212075,martina.leiva@gmail.com,+54 9 3651 4360,UX-100,Diseño de Experiencia de Usuario,2,Desaprobado
2024-10-02,Agustina,Suarez,36867908,agustina.suarez@hotmail.com,+54 9 3232 9381,NEG-400,Liderazgo y Negociación,10,Aprobado
2024-10-02,Gonzalo,Sanchez,37749075,gonzalo.sanchez@outlook.com,+54 9 3104 9303,NEG-400,Liderazgo y Negociación,3,Desaprobado
2024-10-02,Lola,Gonzalez,40306605,lola.gonzalez@yahoo.com,+54 9 2206 1641,DAT-201,Estadística Avanzada,7,Aprobado
2024-10-02,Thiago Lionel,Flores,44419194,thiago.lionel.flores@outlook.com,+54 9 2150 6044,NEG-400,Liderazgo y Negociación,2,Desaprobado
2024-10-02,Valentino,Figueroa,41511282,valentino.figueroa@gmail.com,+54 9 2236 6190,DAT-201,Estadística Avanzada,4,Aprobado
2024-10-02,Violeta,Gomez,35449166,violeta.gomez@outlook.com,+54 9 2728 4262,DAT-201,Estadística Avanzada,8,Aprobado
2024-10-02,Jazmin,Bravo,41664468,jazmin.bravo@hotmail.com,+54 9 3832 3094,MKT-200,Marketing de Contenidos,8,Aprobado
2024-10-02,Juana,Rios,32369229,juana.rios@yahoo.com,+54 9 2872 5176,MKT-200,Marketing de Contenidos,2,Desaprobado
2024-10-02,Alvaro,Guzman,41077276,alvaro.guzman@outlook.com,+54 9 2232 0812,NEG-400,Liderazgo y Negociación,10,Aprobado
2024-10-02,Emma,Luna,45788790,emma.luna@yahoo.com,+54 9 2632 6016,DAT-101,Introducción a los Datos,3,Desaprobado
2024-10-02,Nina,Gomez,37665322,nina.gomez@hotmail.com,+54 9 3603 2237,UX-100,Diseño de Experiencia de Usuario,3,Desaprobado
2024-10-02,Valentina,Rios,39386440,valentina.rios@gmail.com,+54 9 3234 9603,UX-100,Diseño de Experiencia de Usuario,2,Desaprobado
2024-10-03,Lola,Vargas,44898507,lola.vargas@gmail.com,+54 9 2423 9477,DAT-101,Introducción a los Datos,4,Aprobado
2024-10-03,Josefina,Escobar,31162466,josefina.escobar@outlook.com,+54 9 3725 2282,DAT-101,Introducción a los Datos,7,Aprobado
2024-10-03,Benjamin,Martinez,43447193,benjamin.martinez@gmail.com,+54 9 2930 4243,MKT-200,Marketing de Contenidos,9,Aprobado
2024-10-03,Ignacio,Martin,32151606,ignacio.martin@outlook.com,+54 9 3552 2221,UX-100,Diseño de Experiencia de Usuario,10,Aprobado
2024-10-03,Simon,Garcia,35552454,simon.garcia@gmail.com,+54 9 3854 8194,DAT-101,Introducción a los Datos,1,Desaprobado
2024-10-03,Isabella,Gimenez,34998039,isabella.gimenez@hotmail.com,+54 9 2785 6643,NEG-400,Liderazgo y Negociación,8,Aprobado
2024-10-03,Tiziano Benjamin,Gonzalez,45941376,tiziano.benjamin.gonzalez@yahoo.com,+54 9 2202 1827,UX-100,Diseño de Experiencia de Usuario,3,Desaprobado
2024-10-03,Victoria,Martin,39038900,victoria.martin@yahoo.com,+54 9 2568 6840,UX-100,Diseño de Experiencia de Usuario,4,Aprobado
2024-10-03,Thiago Agustin,Torres,33665133,thiago.agustin.torres@outlook.com,+54 9 2744 3520,GEN-101,Ética y Tecnología,4,Aprobado
2024-10-04,Agustin,Garcia,32099618,,+54 9 2569 8546,GEN-101,Ética y Tecnología,5,Aprobado
2024-10-04,Mia Jazmin,Sosa,45256650,mia.jazmin.sosa@yahoo.com,+54 9 2604 7877,UX-100,Diseño de Experiencia de Usuario,2,Desaprobado
2024-10-04,Ramiro,Gonzalez,38446695,ramiro.gonzalez@gmail.com,+54 9 3495 0074,UX-100,Diseño de Experiencia de Usuario,9,Aprobado
2024-10-04,Valentin,Garcia,40988877,valentin.garcia@outlook.com,+54 9 3738 8703,DEV-101,Algoritmos I,1,Desaprobado
2024-10-04,Lorenzo,Garcia,37216255,lorenzo.garcia@yahoo.com,+54 9 2944 7867,MKT-200,Marketing de Contenidos,8,Aprobado
2024-10-04,Delfina,Sosa,33883514,delfina.sosa@yahoo.com,+54 9 2737 3724,IA-300,Redes Neuronales,7,Aprobado
2024-10-05,Matilda,Nuñez,34209869,matilda.nunez@yahoo.com,+54 9 2750 1204,DEV-101,Algoritmos I,10,Aprobado
2024-10-05,Thiago Benjamin,Cabrera,40603350,thiago.benjamin.cabrera@hotmail.com,+54 9 3347 6137,NEG-400,Liderazgo y Negociación,5,Aprobado
2024-10-05,Kiara,Fernandez,37550168,kiara.fernandez@yahoo.com,+54 9 2356 7343,DAT-201,Estadística Avanzada,8,Aprobado
2024-10-05,Santino Benjamin,Silva,34218122,santino.benjamin.silva@yahoo.com,+54 9 3466 1449,UX-100,Diseño de Experiencia de Usuario,7,Aprobado
2024-10-05,Ian Ezequiel,Paez,35810239,ian.ezequiel.paez@outlook.com,+54 9 2765 0639,DAT-101,Introducción a los Datos,10,Aprobado
2024-10-06,Juan Francisco,Escobar,45417967,juan.francisco.escobar@yahoo.com,+54 9 3550 2492,GEN-101,Ética y Tecnología,1,Desaprobado
2024-10-06,Valentina ,Gonzalez,44289991,valentina..gonzalez@hotmail.com,+54 9 3943 3955,GEN-101,Ética y Tecnología,9,Aprobado
2024-10-06,Amparo,Roldan,32578687,amparo.roldan@yahoo.com,+54 9 2167 4628,MKT-200,Marketing de Contenidos,8,Aprobado
2024-10-06,Thiago Benjamin,Benitez,31356012,thiago.benjamin.benitez@yahoo.com,+54 9 2522 7068,UX-100,Diseño de Experiencia de Usuario,8,Aprobado
2024-10-06,Sofia,Fernandez,35297114,sofia.fernandez@gmail.com,+54 9 3382 0868,DAT-201,Estadística Avanzada,1,Desaprobado
2024-10-06,Faustino,Suarez,40578248,faustino.suarez@yahoo.com,+54 9 3577 8183,IA-300,Redes Neuronales,1,Desaprobado
2024-10-06,Guadalupe,Diaz,34731502,,+54 9 3322 6055,DEV-101,Algoritmos I,3,Desaprobado
2024-10-07,Martina,Ojeda,42740444,martina.ojeda@yahoo.com,+54 9 2462 7303,DEV-101,Algoritmos I,7,Aprobado
2024-10-07,Lorenzo,Sanchez,45320934,lorenzo.sanchez@hotmail.com,+54 9 2602 2743,NEG-400,Liderazgo y Negociación,8,Aprobado
2024-10-07,Vicente,Nuñez,45878884,vicente.nunez@yahoo.com,+54 9 2773 9063,UX-100,Diseño de Experiencia de Usuario,6,Aprobado
2024-10-07,Alma,Acuña,40358012,alma.acuna@gmail.com,+54 9 2157 7844,UX-100,Diseño de Experiencia de Usuario,4,Aprobado
2024-10-07,Juan Cruz,Fernandez,31636346,juan.cruz.fernandez@gmail.com,+54 9 3794 6853,NEG-400,Liderazgo y Negociación,3,Desaprobado
2024-10-07,Kiara,Vega,45609644,kiara.vega@outlook.com,+54 9 2249 9080,DAT-201,Estadística Avanzada,7,Aprobado
2024-10-07,Mateo,Benitez,42727516,mateo.benitez@outlook.com,+54 9 3778 1066,UX-100,Diseño de Experiencia de Usuario,5,Aprobado
2024-10-08,Clara,Ojeda,37607894,clara.ojeda@outlook.com,+54 9 3692 7877,UX-100,Diseño de Experiencia de Usuario,4,Aprobado
2024-10-08,Delfina,Sosa,33555444,delfina.sosa@yahoo.com,+54 9 2699 7901,MKT-200,Marketing de Contenidos,5,Aprobado
2024-10-08,Olivia,Olivera,36279807,olivia.olivera@yahoo.com,+54 9 2309 1902,MKT-200,Marketing de Contenidos,8,Aprobado
2024-10-08,Tiziana,Gonzalez,37054065,tiziana.gonzalez@outlook.com,+54 9 2447 4761,NEG-400,Liderazgo y Negociación,3,Desaprobado
2024-10-08,Genaro,Rodriguez,32659067,genaro.rodriguez@yahoo.com,+54 9 2945 2152,NEG-400,Liderazgo y Negociación,4,Aprobado
2024-10-08,Martina,Martinez,37179608,,+54 9 2804 3993,DAT-201,Estadística Avanzada,8,Aprobado
2024-10-08,Santiago,Maldonado,39839138,santiago.maldonado@gmail.com,+54 9 2354 9902,MKT-200,Marketing de Contenidos,6,Aprobado
2024-10-09,Lautaro,Alvarez,40727710,lautaro.alvarez@hotmail.com,+54 9 2797 4272,GEN-101,Ética y Tecnología,4,Aprobado
2024-10-09,Agustín,Vargas,33037423,agustin.vargas@outlook.com,+54 9 2480 3891,DEV-101,Algoritmos I,7,Aprobado
2024-10-09,Pilar,Rodriguez,36794996,pilar.rodriguez@outlook.com,+54 9 3494 9969,NEG-400,Liderazgo y Negociación,8,Aprobado
2024-10-09,Thiago Benjamin,Medina,32033807,thiago.benjamin.medina@yahoo.com,+54 9 2962 4018,MKT-200,Marketing de Contenidos,2,Desaprobado
2024-10-09,Juan Manuel,Luna,33247205,juan.manuel.luna@yahoo.com,+54 9 2908 3475,NEG-400,Liderazgo y Negociación,6,Aprobado
2024-10-09,Ambar,Herrera,37531532,ambar.herrera@outlook.com,+54 9 3263 5421,NEG-400,Liderazgo y Negociación,3,Desaprobado
2024-10-10,Bruno,Gomez,37223015,bruno.gomez@hotmail.com,+54 9 3921 3077,DAT-201,Estadística Avanzada,8,Aprobado
2024-10-10,Agostina,Diaz,33693959,,+54 9 2744 1602,DEV-101,Algoritmos I,1,Desaprobado
2024-10-10,Paloma,Aguero,43767499,paloma.aguero@yahoo.com,+54 9 2198 7505,IA-300,Redes Neuronales,1,Desaprobado
2024-10-10,Clara,Maidana,37564736,clara.maidana@yahoo.com,+54 9 2674 0946,GEN-101,Ética y Tecnología,9,Aprobado
2024-10-10,Lautaro,Gonzalez,39822223,lautaro.gonzalez@outlook.com,+54 9 3142 2701,MKT-200,Marketing de Contenidos,7,Aprobado
2024-10-10,Francisco,Gonzalez,39264124,francisco.gonzalez@outlook.com,+54 9 2204 3954,DAT-101,Introducción a los Datos,5,Aprobado
2024-10-10,Francesca,Ledesma,30398761,francesca.ledesma@gmail.com,+54 9 3128 2830,DAT-101,Introducción a los Datos,3,Desaprobado
2024-10-10,Manuel,Lopez,32349994,manuel.lopez@outlook.com,+54 9 3812 8627,IA-300,Redes Neuronales,7,Aprobado
2024-10-10,Juana,Romero,37597528,juana.romero@gmail.com,+54 9 2737 5119,MKT-200,Marketing de Contenidos,4,Aprobado
2024-10-10,Bianca,Fernandez,45926308,bianca.fernandez@outlook.com,+54 9 2736 8279,IA-300,Redes Neuronales,1,Desaprobado
2024-10-10,Valentino,Ponce,37268989,valentino.ponce@outlook.com,+54 9 2771 2686,NEG-400,Liderazgo y Negociación,5,Aprobado
2024-10-11,Emilia,Diaz,44870664,emilia.diaz@hotmail.com,+54 9 3512 5116,DAT-201,Estadística Avanzada,1,Desaprobado
2024-10-11,Tomàs,Villalba,34761805,tomas.villalba@outlook.com,+54 9 2388 0421,DEV-101,Algoritmos I,7,Aprobado
2024-10-11,Milena,Escobar,44927685,milena.escobar@outlook.com,+54 9 2975 2699,DEV-101,Algoritmos I,2,Desaprobado
2024-10-11,Maria Victoria,Bravo,34759191,maria.victoria.bravo@hotmail.com,+54 9 2260 1623,MKT-200,Marketing de Contenidos,2,Desaprobado
2024-10-11,Lucia,Soria,32901887,lucia.soria@hotmail.com,+54 9 2977 5530,DAT-201,Estadística Avanzada,9,Aprobado
2024-10-11,Maria Victoria,Ramos,44492899,maria.victoria.ramos@outlook.com,+54 9 2283 0598,NEG-400,Liderazgo y Negociación,4,Aprobado
2024-10-11,Valentino,Figueroa,41511282,valentino.figueroa@gmail.com,+54 9 2236 6190,DAT-201,Estadística Avanzada,5,Aprobado
2024-10-12,Simon,Ferreyra,42826422,simon.ferreyra@outlook.com,+54 9 2314 6197,NEG-400,Liderazgo y Negociación,6,Aprobado
2024-10-12,Juan Ignacio,Fernandez,31404097,juan.ignacio.fernandez@hotmail.com,+54 9 2922 2941,DAT-101,Introducción a los Datos,6,Aprobado
2024-10-12,Agustina,Olivera,33109769,agustina.olivera@outlook.com,+54 9 2368 8001,DAT-201,Estadística Avanzada,10,Aprobado
2024-10-12,Renata,Bustos,38600036,renata.bustos@outlook.com,+54 9 2987 2630,MKT-200,Marketing de Contenidos,3,Desaprobado
2024-10-12,Matias,Mendoza,42799422,matias.mendoza@gmail.com,+54 9 2795 0884,GEN-101,Ética y Tecnología,2,Desaprobado
2024-10-12,Julia,Garcia,43727225,julia.garcia@gmail.com,+54 9 3330 8895,GEN-101,Ética y Tecnología,9,Aprobado
2024-10-12,Martina,Benitez,43093166,martina.benitez@outlook.com,+54 9 2203 0629,UX-100,Diseño de Experiencia de Usuario,6,Aprobado
2024-10-12,Rafael,Flores,40579606,rafael.flores@outlook.com,+54 9 2952 1963,DAT-101,Introducción a los Datos,3,Desaprobado
2024-10-12,Ian Benjamin,Ruiz,35668496,ian.benjamin.ruiz@gmail.com,+54 9 2311 2335,GEN-101,Ética y Tecnología,7,Aprobado
2024-10-12,Luca,Gutierrez,44554723,luca.gutierrez@gmail.com,+54 9 3639 6498,GEN-101,Ética y Tecnología,10,Aprobado
2024-10-12,Ignacio,Valdez,44698429,ignacio.valdez@outlook.com,+54 9 2257 9840,DAT-201,Estadística Avanzada,10,Aprobado
2024-10-13,Felipe,Rodriguez,32785292,felipe.rodriguez@hotmail.com,+54 9 2526 8722,MKT-200,Marketing de Contenidos,1,Desaprobado
2024-10-13,Martina,Garcia,40069107,,+54 9 2965 9744,DAT-201,Estadística Avanzada,7,Aprobado
2024-10-13,Tobias,Diaz,43726508,tobias.diaz@gmail.com,+54 9 2885 2045,DAT-101,Introducción a los Datos,9,Aprobado
2024-10-13,Lautaro Ezequiel,Martinez,44113409,lautaro.ezequiel.martinez@outlook.com,+54 9 2801 8475,DAT-201,Estadística Avanzada,10,Aprobado
2024-10-13,Josefina,Garcia,32794495,josefina.garcia@outlook.com,+54 9 3391 7679,NEG-400,Liderazgo y Negociación,9,Aprobado
2024-10-13,Bruno,Gomez,42242735,bruno.gomez@outlook.com,+54 9 2623 2722,DEV-101,Algoritmos I,3,Desaprobado
2024-10-13,Luca,Romero,33898883,luca.romero@gmail.com,+54 9 3911 9576,IA-300,Redes Neuronales,2,Desaprobado
2024-10-13,Martina,Hernandez,32486624,martina.hernandez@gmail.com,+54 9 3140 9524,UX-100,Diseño de Experiencia de Usuario,4,Aprobado
2024-10-14,Pilar,Blanco,35023742,pilar.blanco@hotmail.com,+54 9 2457 1189,DAT-101,Introducción a los Datos,7,Aprobado
2024-10-14,Maria Emilia,Suarez,32443281,maria.emilia.suarez@yahoo.com,+54 9 2564 4031,DEV-101,Algoritmos I,8,Aprobado
2024-10-14,Sofia,Garcia,38526500,sofia.garcia@outlook.com,+54 9 3930 4224,MKT-200,Marketing de Contenidos,6,Aprobado
2024-10-14,Renata,Lopez,35854507,renata.lopez@yahoo.com,+54 9 2350 8482,DAT-201,Estadística Avanzada,3,Desaprobado
2024-10-14,Bruno,Ruiz,44831598,bruno.ruiz@outlook.com,+54 9 3965 7714,UX-100,Diseño de Experiencia de Usuario,7,Aprobado
2024-10-14,Thiago Nicolas,Villalba,37239130,thiago.nicolas.villalba@yahoo.com,+54 9 3983 1375,DAT-101,Introducción a los Datos,6,Aprobado
2024-10-14,Milagros,Arias,34529542,milagros.arias@gmail.com,+54 9 3313 3516,NEG-400,Liderazgo y Negociación,10,Aprobado
2024-10-14,Juan Manuel,Luna,33247205,juan.manuel.luna@yahoo.com,+54 9 2908 3475,DEV-101,Algoritmos I,3,Desaprobado
2024-10-14,Micaela,Sosa,31442827,micaela.sosa@outlook.com,+54 9 3951 3445,DEV-101,Algoritmos I,7,Aprobado
2024-10-14,Felipe,Gonzalez,31399534,felipe.gonzalez@gmail.com,+54 9 2755 8309,GEN-101,Ética y Tecnología,8,Aprobado
2024-10-14,Juan Ignacio,Cruz,40993683,juan.ignacio.cruz@gmail.com,+54 9 3683 6890,DAT-201,Estadística Avanzada,9,Aprobado
2024-10-14,Martina,Benitez,36470833,martina.benitez@hotmail.com,+54 9 3547 0946,GEN-101,Ética y Tecnología,4,Aprobado
2024-10-15,Benjamin,Avila,34801591,benjamin.avila@yahoo.com,+54 9 2399 3699,MKT-200,Marketing de Contenidos,7,Aprobado
2024-10-15,Lautaro Benjamin,Campos,36847519,lautaro.benjamin.campos@hotmail.com,+54 9 3806 3482,MKT-200,Marketing de Contenidos,6,Aprobado
2024-10-15,Lucia,Ramos,31800702,lucia.ramos@gmail.com,+54 9 3768 9233,DAT-101,Introducción a los Datos,6,Aprobado
2024-10-15,Josefina,Vazquez,45116252,josefina.vazquez@yahoo.com,+54 9 3171 6830,DAT-201,Estadística Avanzada,3,Desaprobado
2024-10-15,Maria Victoria,Castro,39684246,maria.victoria.castro@gmail.com,+54 9 3815 6300,GEN-101,Ética y Tecnología,9,Aprobado
2024-10-15,Benjamin,Alvarez,38388641,benjamin.alvarez@outlook.com,+54 9 3174 8991,IA-300,Redes Neuronales,3,Desaprobado
2024-10-15,Valentino,Chavez,41235752,valentino.chavez@gmail.com,+54 9 2712 4622,UX-100,Diseño de Experiencia de Usuario,10,Aprobado
2024-10-15,Benicio,Fernandez,37244102,benicio.fernandez@gmail.com,+54 9 3916 6475,NEG-400,Liderazgo y Negociación,4,Aprobado
2024-10-15,Isabella,Dominguez,34471842,isabella.dominguez@hotmail.com,+54 9 3485 3632,GEN-101,Ética y Tecnología,2,Desaprobado
2024-10-15,Lorenzo,Villalba,31544603,lorenzo.villalba@yahoo.com,+54 9 2924 0341,NEG-400,Liderazgo y Negociación,10,Aprobado
2024-10-16,Alma Valentina,Flores,34724187,alma.valentina.flores@gmail.com,+54 9 3323 2889,DAT-101,Introducción a los Datos,1,Desaprobado
2024-10-16,Paloma,Alvarez,34146531,paloma.alvarez@yahoo.com,+54 9 2287 0519,UX-100,Diseño de Experiencia de Usuario,6,Aprobado
2024-10-16,Violeta,Diaz,36489803,,+54 9 3513 0153,IA-300,Redes Neuronales,1,Desaprobado
2024-10-16,Agustín,Gomez,39734889,agustin.gomez@yahoo.com,+54 9 3221 3066,DAT-101,Introducción a los Datos,6,Aprobado
2024-10-17,Tomàs,Molina,36456678,tomas.molina@gmail.com,+54 9 2658 0121,UX-100,Diseño de Experiencia de Usuario,8,Aprobado
2024-10-17,Nicolas,Ayala,39579403,nicolas.ayala@yahoo.com,+54 9 3989 1667,DAT-101,Introducción a los Datos,6,Aprobado
2024-10-17,Pilar,Blanco,35023742,pilar.blanco@hotmail.com,+54 9 2457 1189,DEV-101,Algoritmos I,10,Aprobado
2024-10-17,Angelina,Gomez,38290123,angelina.gomez@yahoo.com,+54 9 2809 2655,DAT-101,Introducción a los Datos,7,Aprobado
2024-10-17,Mateo,Moreno,45688788,mateo.moreno@hotmail.com,+54 9 3709 2027,GEN-101,Ética y Tecnología,3,Desaprobado
2024-10-17,Benjamin,Rios,43773004,benjamin.rios@hotmail.com,+54 9 3138 8805,DEV-101,Algoritmos I,6,Aprobado
2024-10-17,Julieta,Caceres,43799230,julieta.caceres@outlook.com,+54 9 2584 5613,UX-100,Diseño de Experiencia de Usuario,6,Aprobado
2024-10-17,Alejo,Juarez,36746458,alejo.juarez@outlook.com,+54 9 2558 7808,DAT-101,Introducción a los Datos,2,Desaprobado
2024-10-17,Mateo Ezequiel,Gomez,34457031,mateo.ezequiel.gomez@hotmail.com,+54 9 2178 0993,GEN-101,Ética y Tecnología,6,Aprobado
2024-10-18,Santiago,Avila,33081027,santiago.avila@yahoo.com,+54 9 2644 6030,DAT-101,Introducción a los Datos,5,Aprobado
2024-10-18,Mateo,Fernandez,42622519,mateo.fernandez@hotmail.com,+54 9 2841 2021,UX-100,Diseño de Experiencia de Usuario,7,Aprobado
2024-10-18,Renata,Roldan,42473169,renata.roldan@outlook.com,+54 9 3585 9074,GEN-101,Ética y Tecnología,4,Aprobado
2024-10-18,Pedro,Rodriguez,43733466,pedro.rodriguez@yahoo.com,+54 9 3809 4602,GEN-101,Ética y Tecnología,9,Aprobado
2024-10-18,Bruno,Gomez,42242735,bruno.gomez@outlook.com,+54 9 2623 2722,NEG-400,Liderazgo y Negociación,5,Aprobado
2024-10-18,Milena,Escobar,44927685,milena.escobar@outlook.com,+54 9 2975 2699,UX-100,Diseño de Experiencia de Usuario,6,Aprobado
2024-10-18,Luciana,Rodriguez,37706458,luciana.rodriguez@yahoo.com,+54 9 2168 5585,DAT-101,Introducción a los Datos,1,Desaprobado
2024-10-18,Alfonsina,Perez,31087473,alfonsina.perez@yahoo.com,+54 9 3465 7235,IA-300,Redes Neuronales,6,Aprobado
2024-10-18,Ciro,Vega,37795993,,+54 9 2944 4349,GEN-101,Ética y Tecnología,1,Desaprobado
2024-10-18,Clara,Maidana,37564736,clara.maidana@yahoo.com,+54 9 2674 0946,NEG-400,Liderazgo y Negociación,9,Aprobado
2024-10-18,Santino Ezequiel,Vega,36161620,santino.ezequiel.vega@yahoo.com,+54 9 3228 1663,GEN-101,Ética y Tecnología,8,Aprobado
2024-10-19,Julieta,Gonzalez,41473248,julieta.gonzalez@yahoo.com,+54 9 3472 0478,MKT-200,Marketing de Contenidos,9,Aprobado
2024-10-19,Sofia,Coronel,32120170,sofia.coronel@outlook.com,+54 9 2619 1417,GEN-101,Ética y Tecnología,6,Aprobado
2024-10-19,Mateo Benjamin,Gimenez,31453197,mateo.benjamin.gimenez@gmail.com,+54 9 3453 6421,GEN-101,Ética y Tecnología,3,Desaprobado
2024-10-19,Juan Ignacio,Gomez,31692100,juan.ignacio.gomez@hotmail.com,+54 9 2455 6657,MKT-200,Marketing de Contenidos,4,Aprobado
2024-10-19,Alma Valentina,Gomez,30682265,alma.valentina.gomez@hotmail.com,+54 9 3561 3635,DEV-101,Algoritmos I,4,Aprobado
2024-10-19,Valentina,Perez,41330737,valentina.perez@outlook.com,+54 9 3253 7935,DAT-201,Estadística Avanzada,6,Aprobado
2024-10-19,Tomàs,Martinez,38370600,tomas.martinez@yahoo.com,+54 9 2854 5404,UX-100,Diseño de Experiencia de Usuario,5,Aprobado
2024-10-19,Benjamin,Acuña,43542005,benjamin.acuna@outlook.com,+54 9 2955 2425,GEN-101,Ética y Tecnología,1,Desaprobado
2024-10-19,Manuel,Castillo,42760731,manuel.castillo@hotmail.com,+54 9 2941 6333,IA-300,Redes Neuronales,5,Aprobado
2024-10-20,Malena,Rodriguez,32487000,malena.rodriguez@hotmail.com,+54 9 3849 6653,DAT-201,Estadística Avanzada,6,Aprobado
2024-10-20,Santino,Bustos,34363040,santino.bustos@hotmail.com,+54 9 2979 3338,DAT-201,Estadística Avanzada,10,Aprobado
2024-10-20,Juliana,Leiva,37272214,juliana.leiva@outlook.com,+54 9 2206 6918,DAT-101,Introducción a los Datos,3,Desaprobado
2024-10-20,Agustin,Flores,35589315,agustin.flores@gmail.com,+54 9 2773 2706,IA-300,Redes Neuronales,1,Desaprobado
2024-10-20,Clara,Alvarez,43023911,clara.alvarez@yahoo.com,+54 9 2816 0515,DAT-101,Introducción a los Datos,7,Aprobado
2024-10-20,Lucas,Acosta,37376900,lucas.acosta@gmail.com,+54 9 2332 2937,GEN-101,Ética y Tecnología,2,Desaprobado
2024-10-20,Sofia,Rodriguez,41564993,sofia.rodriguez@outlook.com,+54 9 2779 0712,DAT-201,Estadística Avanzada,10,Aprobado
2024-10-20,Justina,Diaz,34657279,justina.diaz@hotmail.com,+54 9 2940 3217,MKT-200,Marketing de Contenidos,5,Aprobado
2024-10-21,Tomàs,Villalba,34761805,,+54 9 2952 8057,DAT-201,Estadística Avanzada,3,Desaprobado
2024-10-21,Ana Paula,Cardozo,38485886,ana.paula.cardozo@hotmail.com,+54 9 3537 9742,DAT-201,Estadística Avanzada,10,Aprobado
2024-10-21,Lola,Avila,42936217,lola.avila@hotmail.com,+54 9 3551 4356,UX-100,Diseño de Experiencia de Usuario,1,Desaprobado
2024-10-21,Mia Jazmin,Castillo,32556008,mia.jazmin.castillo@gmail.com,+54 9 2104 5495,GEN-101,Ética y Tecnología,3,Desaprobado
2024-10-21,Lucía,Avila,41765198,lucia.avila@outlook.com,+54 9 2765 7966,MKT-200,Marketing de Contenidos,6,Aprobado
2024-10-21,Simon,Dominguez,44910143,simon.dominguez@hotmail.com,+54 9 3132 8890,UX-100,Diseño de Experiencia de Usuario,5,Aprobado
2024-10-21,Oriana,Sanchez,34617592,oriana.sanchez@outlook.com,+54 9 2971 4369,DAT-101,Introducción a los Datos,6,Aprobado
2024-10-21,Paulina,Sanchez,40391525,paulina.sanchez@yahoo.com,+54 9 3267 7615,DAT-101,Introducción a los Datos,2,Desaprobado
2024-10-21,Thiago Daniel,Gonzalez,31438742,thiago.daniel.gonzalez@gmail.com,+54 9 3758 6863,IA-300,Redes Neuronales,2,Desaprobado
2024-10-21,Guadalupe,Diaz,34731502,guadalupe.diaz@hotmail.com,+54 9 3562 8000,DAT-101,Introducción a los Datos,4,Aprobado
2024-10-21,Juan Francisco,Escobar,45417967,juan.francisco.escobar@yahoo.com,+54 9 3550 2492,MKT-200,Marketing de Contenidos,1,Desaprobado
2024-10-21,Lautaro,Soto,42266843,lautaro.soto@gmail.com,+54 9 3164 7741,IA-300,Redes Neuronales,6,Aprobado
2024-10-21,Sebastian,Escobar,36016561,sebastian.escobar@gmail.com,+54 9 3881 2828,MKT-200,Marketing de Contenidos,7,Aprobado
2024-10-21,Delfina,Aguirre,32864447,delfina.aguirre@yahoo.com,+54 9 2228 1078,DEV-101,Algoritmos I,10,Aprobado
2024-10-21,Lorenzo,Garcia,37216255,lorenzo.garcia@yahoo.com,+54 9 2944 7867,MKT-200,Marketing de Contenidos,7,Aprobado
2024-10-21,Thiago Benjamin,Benitez,31356012,thiago.benjamin.benitez@yahoo.com,+54 9 2522 7068,MKT-200,Marketing de Contenidos,1,Desaprobado
2024-10-22,Gino,Martinez,45348552,gino.martinez@gmail.com,+54 9 3929 5140,DAT-101,Introducción a los Datos,4,Aprobado
2024-10-22,Alfonsina,Perez,31087473,alfonsina.perez@yahoo.com,+54 9 3465 7235,IA-300,Redes Neuronales,1,Desaprobado
2024-10-22,Felipe,Gonzalez,36839899,felipe.gonzalez@outlook.com,+54 9 3434 8901,DAT-201,Estadística Avanzada,8,Aprobado
2024-10-22,Agostina,Lopez,37495057,agostina.lopez@yahoo.com,+54 9 2198 0678,DAT-101,Introducción a los Datos,2,Desaprobado
2024-10-22,Sofia,Lopez,37032603,sofia.lopez@gmail.com,+54 9 3137 1964,IA-300,Redes Neuronales,2,Desaprobado
2024-10-22,Benjamin,Hernandez,41944353,benjamin.hernandez@outlook.com,+54 9 2219 9785,IA-300,Redes Neuronales,8,Aprobado
2024-10-22,Mora,Valdez,45746270,mora.valdez@yahoo.com,+54 9 3416 1334,NEG-400,Liderazgo y Negociación,6,Aprobado
2024-10-22,Victoria,Martin,39038900,victoria.martin@yahoo.com,+54 9 2568 6840,UX-100,Diseño de Experiencia de Usuario,5,Aprobado
2024-10-22,Luca,Gutierrez,35915007,luca.gutierrez@yahoo.com,+54 9 2789 5016,UX-100,Diseño de Experiencia de Usuario,6,Aprobado
2024-10-22,Nicolas,Perez,43990468,nicolas.perez@hotmail.com,+54 9 2251 4214,IA-300,Redes Neuronales,5,Aprobado
2024-10-22,Ignacio,Mansilla,39910307,,+54 9 2222 1032,DAT-101,Introducción a los Datos,1,Desaprobado
2024-10-22,Lautaro,Luna,38832034,lautaro.luna@outlook.com,+54 9 2513 4886,GEN-101,Ética y Tecnología,1,Desaprobado
2024-10-23,Tomàs,Molina,36456678,tomas.molina@gmail.com,+54 9 2658 0121,DEV-101,Algoritmos I,10,Aprobado
2024-10-23,Matias,Martinez,31581376,matias.martinez@yahoo.com,+54 9 3995 4031,DEV-101,Algoritmos I,1,Desaprobado
2024-10-23,Maria Victoria,Diaz,41289623,maria.victoria.diaz@gmail.com,+54 9 3904 6464,UX-100,Diseño de Experiencia de Usuario,7,Aprobado
2024-10-23,Felipe,Sosa,41941216,,+54 9 2439 9006,IA-300,Redes Neuronales,4,Aprobado
2024-10-23,Nicolas,Carrizo,37663002,nicolas.carrizo@gmail.com,+54 9 3166 2680,DEV-101,Algoritmos I,5,Aprobado
2024-10-23,Maria Victoria,Bravo,34759191,maria.victoria.bravo@hotmail.com,+54 9 2260 1623,DEV-101,Algoritmos I,5,Aprobado
2024-10-23,Ciro,Diaz,40965886,ciro.diaz@gmail.com,+54 9 2322 0571,DAT-101,Introducción a los Datos,6,Aprobado
2024-10-23,Martina,Maldonado,41453617,martina.maldonado@yahoo.com,+54 9 2640 2672,DAT-201,Estadística Avanzada,6,Aprobado
2024-10-23,Sebastian,Ramos,33730130,sebastian.ramos@hotmail.com,+54 9 2745 9393,NEG-400,Liderazgo y Negociación,10,Aprobado
2024-10-23,Manuel,Lopez,32349994,manuel.lopez@outlook.com,+54 9 3812 8627,GEN-101,Ética y Tecnología,7,Aprobado
2024-10-23,Vicente,Sanchez,32811654,vicente.sanchez@hotmail.com,+54 9 2205 2983,MKT-200,Marketing de Contenidos,6,Aprobado
2024-10-23,Facundo,Flores,35961291,facundo.flores@outlook.com,+54 9 2995 1730,DEV-101,Algoritmos I,8,Aprobado
2024-10-24,Maria Emilia,Suarez,32443281,maria.emilia.suarez@yahoo.com,+54 9 2564 4031,DEV-101,Algoritmos I,6,Aprobado
2024-10-24,Lucia,Sanchez,38443830,lucia.sanchez@hotmail.com,+54 9 2715 6544,IA-300,Redes Neuronales,8,Aprobado
2024-10-24,Catalina,Diaz,31599603,catalina.diaz@hotmail.com,+54 9 2408 8941,GEN-101,Ética y Tecnología,9,Aprobado
2024-10-24,Martin,Gutierrez,41702335,martin.gutierrez@outlook.com,+54 9 3704 6933,MKT-200,Marketing de Contenidos,6,Aprobado
2024-10-24,Benjamin Ezequiel,Benitez,44900640,benjamin.ezequiel.benitez@hotmail.com,+54 9 3783 5346,NEG-400,Liderazgo y Negociación,2,Desaprobado
2024-10-24,Guadalupe,Coronel,34250668,guadalupe.coronel@yahoo.com,+54 9 3594 5990,MKT-200,Marketing de Contenidos,6,Aprobado
2024-10-25,Thiago Benjamin,Diaz,37856329,thiago.benjamin.diaz@outlook.com,+54 9 3991 5567,GEN-101,Ética y Tecnología,7,Aprobado
2024-10-25,Nahiara Jazmin,Farias,32152121,nahiara.jazmin.farias@hotmail.com,+54 9 2856 8727,UX-100,Diseño de Experiencia de Usuario,5,Aprobado
2024-10-25,Mateo,Fernandez,42622519,mateo.fernandez@hotmail.com,+54 9 2841 2021,IA-300,Redes Neuronales,5,Aprobado
2024-10-25,Micaela,Martinez,37478367,micaela.martinez@yahoo.com,+54 9 3823 9483,MKT-200,Marketing de Contenidos,9,Aprobado
2024-10-25,Lola,Ayala,39110609,lola.ayala@hotmail.com,+54 9 2444 5800,GEN-101,Ética y Tecnología,6,Aprobado
2024-10-25,Alma,Correa,44067426,alma.correa@yahoo.com,+54 9 2178 3979,NEG-400,Liderazgo y Negociación,2,Desaprobado
2024-10-25,Ignacio,Mansilla,39910307,ignacio.mansilla@gmail.com,+54 9 2986 9377,UX-100,Diseño de Experiencia de Usuario,5,Aprobado
2024-10-25,Benjamin,Alvarez,38388641,benjamin.alvarez@outlook.com,+54 9 3174 8991,DAT-201,Estadística Avanzada,6,Aprobado
2024-10-25,Renata,Bustos,38600036,renata.bustos@outlook.com,+54 9 2987 2630,MKT-200,Marketing de Contenidos,10,Aprobado
2024-10-26,Martina,Ojeda,42740444,martina.ojeda@yahoo.com,+54 9 2462 7303,DAT-201,Estadística Avanzada,4,Aprobado
2024-10-26,Lucia,Martin,45419935,lucia.martin@gmail.com,+54 9 2104 1490,IA-300,Redes Neuronales,5,Aprobado
2024-10-26,Benjamin,Luna,45383156,benjamin.luna@yahoo.com,+54 9 2521 9219,UX-100,Diseño de Experiencia de Usuario,8,Aprobado
2024-10-26,Lisandro,Romero,38082801,lisandro.romero@yahoo.com,+54 9 2563 9978,MKT-200,Marketing de Contenidos,7,Aprobado
2024-10-26,Isabella,Flores,31770202,isabella.flores@gmail.com,+54 9 3722 6093,DAT-101,Introducción a los Datos,8,Aprobado
2024-10-26,Jazmin,Sosa,35824110,jazmin.sosa@hotmail.com,+54 9 2856 1675,NEG-400,Liderazgo y Negociación,4,Aprobado
2024-10-26,Mia,Villalba,31922848,mia.villalba@yahoo.com,+54 9 3660 2379,GEN-101,Ética y Tecnología,3,Desaprobado
2024-10-26,Catalina,Martinez,44441151,catalina.martinez@gmail.com,+54 9 2473 8080,MKT-200,Marketing de Contenidos,6,Aprobado
2024-10-26,Martín,Alvarez,42124538,martin.alvarez@outlook.com,+54 9 2507 2867,MKT-200,Marketing de Contenidos,8,Aprobado
2024-10-26,Benicio,Ponce,35915600,benicio.ponce@gmail.com,+54 9 3238 0902,GEN-101,Ética y Tecnología,5,Aprobado
2024-10-26,Lucas Ezequiel,Medina,32855448,lucas.ezequiel.medina@yahoo.com,+54 9 3910 1797,NEG-400,Liderazgo y Negociación,8,Aprobado
2024-10-27,Joaquín,Godoy,42613265,joaquin.godoy@gmail.com,+54 9 2986 2185,GEN-101,Ética y Tecnología,8,Aprobado
2024-10-27,Martina,Martinez,37179608,martina.martinez@outlook.com,+54 9 2879 0441,DAT-201,Estadística Avanzada,4,Aprobado
2024-10-27,Thiago Lionel,Gutierrez,41607939,thiago.lionel.gutierrez@outlook.com,+54 9 2764 4837,DEV-101,Algoritmos I,6,Aprobado
2024-10-27,Ian Benjamin,Ruiz,35668496,ian.benjamin.ruiz@gmail.com,+54 9 2311 2335,IA-300,Redes Neuronales,5,Aprobado
2024-10-28,Lautaro Nicolas,Rodriguez,41126806,lautaro.nicolas.rodriguez@hotmail.com,+54 9 2123 4531,GEN-101,Ética y Tecnología,10,Aprobado
2024-10-28,Alma Valentina,Aguero,38223982,alma.valentina.aguero@yahoo.com,+54 9 3726 6320,GEN-101,Ética y Tecnología,7,Aprobado
2024-10-28,Felicitas,Cruz,30808302,felicitas.cruz@outlook.com,+54 9 2810 8883,GEN-101,Ética y Tecnología,5,Aprobado
2024-10-28,Martina,Maldonado,41453617,martina.maldonado@yahoo.com,+54 9 2640 2672,NEG-400,Liderazgo y Negociación,6,Aprobado
2024-10-28,Francisco,Gimenez,33212131,,+54 9 2649 5866,MKT-200,Marketing de Contenidos,5,Aprobado
2024-10-28,Alma,Bustos,42789411,alma.bustos@hotmail.com,+54 9 3778 8096,IA-300,Redes Neuronales,7,Aprobado
2024-10-28,Juliana,Vera,44370456,,+54 9 3707 5986,NEG-400,Liderazgo y Negociación,2,Desaprobado
2024-10-29,Dylan,Ledesma,42305779,dylan.ledesma@outlook.com,+54 9 2809 9508,GEN-101,Ética y Tecnología,3,Desaprobado
2024-10-29,Delfina,Lopez,35569822,delfina.lopez@hotmail.com,+54 9 2250 8478,DAT-201,Estadística Avanzada,3,Desaprobado
2024-10-29,Santiago,Bravo,39353079,santiago.bravo@outlook.com,+54 9 3274 3743,UX-100,Diseño de Experiencia de Usuario,5,Aprobado
2024-10-29,Delfina,Acuña,33567445,,+54 9 2374 3620,GEN-101,Ética y Tecnología,8,Aprobado
2024-10-29,Luca,Correa,41291663,luca.correa@gmail.com,+54 9 3280 1478,DAT-201,Estadística Avanzada,3,Desaprobado
2024-10-30,Guadalupe,Ruiz,41886872,guadalupe.ruiz@outlook.com,+54 9 3461 7808,DAT-101,Introducción a los Datos,5,Aprobado
2024-10-30,Bautista Benjamin,Rodriguez,38290265,bautista.benjamin.rodriguez@yahoo.com,+54 9 3894 0104,NEG-400,Liderazgo y Negociación,10,Aprobado
2024-10-30,Bastian,Torres,45147679,bastian.torres@outlook.com,+54 9 2120 6852,MKT-200,Marketing de Contenidos,5,Aprobado
2024-10-30,Juan Manuel,Diaz,33601032,juan.manuel.diaz@yahoo.com,+54 9 2833 1051,NEG-400,Liderazgo y Negociación,5,Aprobado
2024-10-30,Lautaro,Ledesma,34543225,lautaro.ledesma@gmail.com,+54 9 3896 5291,IA-300,Redes Neuronales,8,Aprobado
2024-10-30,Sofia,Ponce,43947996,sofia.ponce@gmail.com,+54 9 3483 1858,DAT-101,Introducción a los Datos,1,Desaprobado
2024-10-30,Bautista,Dominguez,42419781,bautista.dominguez@gmail.com,+54 9 2354 1372,NEG-400,Liderazgo y Negociación,6,Aprobado
2024-10-30,Valentin,Sanchez,35975020,valentin.sanchez@outlook.com,+54 9 3910 3284,MKT-200,Marketing de Contenidos,10,Aprobado
2024-10-30,Emanuel,Rodriguez,44506499,emanuel.rodriguez@gmail.com,+54 9 2526 8888,IA-300,Redes Neuronales,7,Aprobado
2024-10-30,Helena,Diaz,45908118,helena.diaz@outlook.com,+54 9 3788 2647,GEN-101,Ética y Tecnología,6,Aprobado
2024-10-30,Simon,Coronel,42321650,simon.coronel@hotmail.com,+54 9 2987 5461,DAT-101,Introducción a los Datos,10,Aprobado
2024-10-31,Vicente,Medina,43777501,vicente.medina@yahoo.com,+54 9 3651 2667,GEN-101,Ética y Tecnología,7,Aprobado
2024-10-31,Valentina,Ponce,44765173,valentina.ponce@gmail.com,+54 9 3379 5484,GEN-101,Ética y Tecnología,5,Aprobado
2024-10-31,Lourdes,Escobar,41134242,lourdes.escobar@outlook.com,+54 9 3222 9415,GEN-101,Ética y Tecnología,1,Desaprobado
2024-10-31,Catalina,Martinez,39749714,catalina.martinez@gmail.com,+54 9 3973 0075,IA-300,Redes Neuronales,4,Aprobado
2024-11-01,Morena,Cordoba,45685363,morena.cordoba@hotmail.com,+54 9 2815 2647,DAT-201,Estadística Avanzada,2,Desaprobado
2024-11-01,Mia Morena,Rios,36377876,mia.morena.rios@hotmail.com,+54 9 3827 9824,NEG-400,Liderazgo y Negociación,2,Desaprobado
2024-11-01,Thiago Valentin,Perez,45594124,thiago.valentin.perez@yahoo.com,+54 9 2463 3945,DAT-201,Estadística Avanzada,8,Aprobado
2024-11-01,Maria Luz,Gimenez,36948146,maria.luz.gimenez@hotmail.com,+54 9 3143 6557,GEN-101,Ética y Tecnología,2,Desaprobado
2024-11-01,Ian Ezequiel,Carrizo,42677307,ian.ezequiel.carrizo@gmail.com,+54 9 2218 5047,DEV-101,Algoritmos I,7,Aprobado
2024-11-01,Victoria,Ramos,38567788,victoria.ramos@outlook.com,+54 9 3967 9507,DEV-101,Algoritmos I,1,Desaprobado
2024-11-01,Nicolas,Gimenez,39260956,nicolas.gimenez@hotmail.com,+54 9 2483 2272,NEG-400,Liderazgo y Negociación,9,Aprobado
2024-11-01,Lucas Benjamin,Perez,36501353,lucas.benjamin.perez@outlook.com,+54 9 3997 1832,MKT-200,Marketing de Contenidos,8,Aprobado
2024-11-01,Candelaria,Vazquez,43010564,candelaria.vazquez@hotmail.com,+54 9 2233 0908,IA-300,Redes Neuronales,2,Desaprobado
2024-11-02,Valentina ,Gonzalez,44289991,valentina..gonzalez@hotmail.com,+54 9 3943 3955,NEG-400,Liderazgo y Negociación,4,Aprobado
2024-11-02,Amparo,Ledesma,42706367,amparo.ledesma@outlook.com,+54 9 2660 1868,DAT-201,Estadística Avanzada,1,Desaprobado
2024-11-02,Geronimo,Mansilla,30716676,geronimo.mansilla@hotmail.com,+54 9 2783 8410,NEG-400,Liderazgo y Negociación,8,Aprobado
2024-11-02,Sebastian,Ledesma,35031297,sebastian.ledesma@outlook.com,+54 9 2757 4586,NEG-400,Liderazgo y Negociación,4,Aprobado
2024-11-03,Felicitas,Cruz,30808302,felicitas.cruz@outlook.com,+54 9 2810 8883,MKT-200,Marketing de Contenidos,9,Aprobado
2024-11-03,Agustina,Suarez,36867908,agustina.suarez@hotmail.com,+54 9 3232 9381,GEN-101,Ética y Tecnología,2,Desaprobado
2024-11-03,Morena Jazmin,Dominguez,41728313,morena.jazmin.dominguez@outlook.com,+54 9 3812 9863,GEN-101,Ética y Tecnología,9,Aprobado
2024-11-03,Juan Bautista,Garcia,31178906,juan.bautista.garcia@hotmail.com,+54 9 2530 4519,GEN-101,Ética y Tecnología,9,Aprobado
2024-11-03,Luisana,Sanchez,39605597,luisana.sanchez@gmail.com,+54 9 3474 8228,DEV-101,Algoritmos I,2,Desaprobado
2024-11-03,Thiago Benjamin,Gonzalez,36031653,thiago.benjamin.gonzalez@gmail.com,+54 9 2821 1399,IA-300,Redes Neuronales,5,Aprobado
2024-11-03,Catalina,Sanchez,43062304,catalina.sanchez@gmail.com,+54 9 2343 8565,DEV-101,Algoritmos I,1,Desaprobado
2024-11-04,Ian Benjamin,Moyano,31263287,ian.benjamin.moyano@outlook.com,+54 9 2936 9912,IA-300,Redes Neuronales,6,Aprobado
2024-11-04,Alfonsina,Martinez,45365573,alfonsina.martinez@gmail.com,+54 9 3555 6471,IA-300,Redes Neuronales,3,Desaprobado
2024-11-04,Augusto,Fernandez,30413264,augusto.fernandez@yahoo.com,+54 9 3927 1284,UX-100,Diseño de Experiencia de Usuario,7,Aprobado
2024-11-04,Luca,Correa,41291663,luca.correa@gmail.com,+54 9 3280 1478,DAT-201,Estadística Avanzada,5,Aprobado
2024-11-04,Ramiro,Vazquez,34636803,ramiro.vazquez@outlook.com,+54 9 3748 3725,DAT-201,Estadística Avanzada,1,Desaprobado
2024-11-05,Lucas Ezequiel,Rojas,43243328,lucas.ezequiel.rojas@yahoo.com,+54 9 3522 1137,DAT-101,Introducción a los Datos,3,Desaprobado
2024-11-05,Lucas,Sanchez,32416248,,+54 9 3304 2553,MKT-200,Marketing de Contenidos,9,Aprobado
2024-11-05,Luna,Sanchez,43948943,luna.sanchez@hotmail.com,+54 9 2710 2305,MKT-200,Marketing de Contenidos,8,Aprobado
2024-11-05,Dylan,Medina,34572098,dylan.medina@yahoo.com,+54 9 3870 2128,GEN-101,Ética y Tecnología,2,Desaprobado
2024-11-05,Emma,Lucero,34446593,emma.lucero@outlook.com,+54 9 3142 8192,GEN-101,Ética y Tecnología,2,Desaprobado
2024-11-05,Thiago,Escobar,33460388,thiago.escobar@outlook.com,+54 9 3540 9601,GEN-101,Ética y Tecnología,6,Aprobado
2024-11-05,Josefina,Ledesma,33693770,josefina.ledesma@outlook.com,+54 9 3303 0053,UX-100,Diseño de Experiencia de Usuario,6,Aprobado
2024-11-06,Juana,Soto,45426738,juana.soto@gmail.com,+54 9 3811 4474,DAT-201,Estadística Avanzada,4,Aprobado
2024-11-06,Thiago Agustin,Gomez,32180590,thiago.agustin.gomez@yahoo.com,+54 9 3993 3633,DAT-101,Introducción a los Datos,10,Aprobado
2024-11-06,Guillermina,Gimenez,37222211,guillermina.gimenez@outlook.com,+54 9 2307 9996,UX-100,Diseño de Experiencia de Usuario,2,Desaprobado
2024-11-06,Luisina,Quiroga,45128829,luisina.quiroga@hotmail.com,+54 9 2475 0424,MKT-200,Marketing de Contenidos,6,Aprobado
2024-11-06,Sofia,Morales,38866674,sofia.morales@outlook.com,+54 9 3891 4602,GEN-101,Ética y Tecnología,6,Aprobado
2024-11-06,Alma,Acosta,45303367,alma.acosta@yahoo.com,+54 9 3979 6634,DEV-101,Algoritmos I,4,Aprobado
2024-11-06,Valentin,Ramos,42974553,valentin.ramos@hotmail.com,+54 9 3683 6589,UX-100,Diseño de Experiencia de Usuario,8,Aprobado
2024-11-06,Lola,Aguirre,30300658,lola.aguirre@outlook.com,+54 9 2619 9992,IA-300,Redes Neuronales,9,Aprobado
2024-11-06,Valentino,Navarro,39515864,valentino.navarro@yahoo.com,+54 9 3422 5210,IA-300,Redes Neuronales,4,Aprobado
2024-11-06,Juan Martin,Rivero,43362081,juan.martin.rivero@outlook.com,+54 9 3784 9092,NEG-400,Liderazgo y Negociación,6,Aprobado
2024-11-07,Federico,Gomez,41003214,federico.gomez@hotmail.com,+54 9 3475 5648,DAT-101,Introducción a los Datos,2,Desaprobado
2024-11-07,Victoria,Muñoz,41938150,victoria.munoz@gmail.com,+54 9 2481 5226,UX-100,Diseño de Experiencia de Usuario,2,Desaprobado
2024-11-07,Victoria,Bustos,35471829,victoria.bustos@yahoo.com,+54 9 3491 4998,DEV-101,Algoritmos I,6,Aprobado
2024-11-07,Augusto,Fernandez,30413264,augusto.fernandez@yahoo.com,+54 9 3927 1284,DAT-101,Introducción a los Datos,6,Aprobado
2024-11-07,Emanuel,Medina,35409911,emanuel.medina@gmail.com,+54 9 3945 3357,DEV-101,Algoritmos I,5,Aprobado
2024-11-07,Bautista,Gimenez,43710760,bautista.gimenez@yahoo.com,+54 9 2374 8134,DAT-201,Estadística Avanzada,2,Desaprobado
2024-11-07,Sofía,Rodriguez,31554768,sofia.rodriguez@outlook.com,+54 9 3536 5898,DAT-201,Estadística Avanzada,2,Desaprobado
2024-11-07,Joaquin,Perez,39451059,joaquin.perez@yahoo.com,+54 9 3571 5483,NEG-400,Liderazgo y Negociación,3,Desaprobado
2024-11-07,Tomàs,Gonzalez,37513790,tomas.gonzalez@hotmail.com,+54 9 2501 9384,IA-300,Redes Neuronales,8,Aprobado
2024-11-07,Jazmin,Sosa,36907787,jazmin.sosa@outlook.com,+54 9 2775 9254,NEG-400,Liderazgo y Negociación,3,Desaprobado
2024-11-07,Sofia Belen,Romero,43914297,sofia.belen.romero@outlook.com,+54 9 2604 2249,DAT-201,Estadística Avanzada,7,Aprobado
2024-11-07,Mia Jazmin,Castillo,32556008,mia.jazmin.castillo@gmail.com,+54 9 2104 5495,DAT-101,Introducción a los Datos,3,Desaprobado
2024-11-07,Juan Bautista,Garcia,31178906,juan.bautista.garcia@hotmail.com,+54 9 2530 4519,DEV-101,Algoritmos I,8,Aprobado
2024-11-07,Pilar,Blanco,35023742,pilar.blanco@hotmail.com,+54 9 2457 1189,DAT-101,Introducción a los Datos,5,Aprobado
2024-11-08,Thiago Benjamin,Benitez,31356012,thiago.benjamin.benitez@yahoo.com,+54 9 2522 7068,MKT-200,Marketing de Contenidos,1,Desaprobado
2024-11-08,Juan Martin,Figueroa,45055136,juan.martin.figueroa@yahoo.com,+54 9 3194 0163,MKT-200,Marketing de Contenidos,10,Aprobado
2024-11-08,Juan Cruz,Fernandez,31636346,juan.cruz.fernandez@gmail.com,+54 9 3794 6853,GEN-101,Ética y Tecnología,2,Desaprobado
2024-11-08,Bianca,Fernandez,36187665,bianca.fernandez@hotmail.com,+54 9 3974 5752,IA-300,Redes Neuronales,2,Desaprobado
2024-11-08,Helena,Flores,38314294,helena.flores@yahoo.com,+54 9 2806 4366,IA-300,Redes Neuronales,8,Aprobado
2024-11-08,Santino,Barrios,30126752,santino.barrios@hotmail.com,+54 9 3148 8939,DAT-201,Estadística Avanzada,8,Aprobado
2024-11-09,Alma,Acosta,45303367,alma.acosta@yahoo.com,+54 9 3979 6634,NEG-400,Liderazgo y Negociación,4,Aprobado
2024-11-09,Matilda,Gonzalez,45801274,matilda.gonzalez@outlook.com,+54 9 2773 8058,MKT-200,Marketing de Contenidos,10,Aprobado
2024-11-09,Franco,Perez,36725023,franco.perez@outlook.com,+54 9 2101 9113,DEV-101,Algoritmos I,8,Aprobado
2024-11-09,Santino Ezequiel,Vega,36161620,santino.ezequiel.vega@yahoo.com,+54 9 3228 1663,DAT-201,Estadística Avanzada,2,Desaprobado
2024-11-09,Milena,Escobar,44927685,milena.escobar@outlook.com,+54 9 2975 2699,MKT-200,Marketing de Contenidos,6,Aprobado
2024-11-09,Lautaro Benjamin,Acuña,37026116,lautaro.benjamin.acuna@gmail.com,+54 9 2631 8719,GEN-101,Ética y Tecnología,9,Aprobado
2024-11-09,Vicente,Valdez,30894734,vicente.valdez@yahoo.com,+54 9 2331 7386,NEG-400,Liderazgo y Negociación,7,Aprobado
2024-11-09,Geronimo,Rodriguez,30757580,geronimo.rodriguez@outlook.com,+54 9 3637 9605,NEG-400,Liderazgo y Negociación,10,Aprobado
2024-11-09,Lucas,Gutierrez,43554211,lucas.gutierrez@outlook.com,+54 9 3108 4040,UX-100,Diseño de Experiencia de Usuario,6,Aprobado
2024-11-09,Bautista Benjamin,Figueroa,38282799,bautista.benjamin.figueroa@hotmail.com,+54 9 3128 5156,GEN-101,Ética y Tecnología,3,Desaprobado
2024-11-09,Constanza,Torres,44654200,constanza.torres@outlook.com,+54 9 3785 4481,DAT-201,Estadística Avanzada,10,Aprobado
2024-11-09,Juana,Ramos,45840080,juana.ramos@outlook.com,+54 9 3282 6248,GEN-101,Ética y Tecnología,2,Desaprobado
2024-11-09,Lola,Farias,30619113,lola.farias@outlook.com,+54 9 3412 1839,NEG-400,Liderazgo y Negociación,7,Aprobado
2024-11-10,Maria Guadalupe,Romero,43904609,,+54 9 3685 7016,DAT-101,Introducción a los Datos,6,Aprobado
2024-11-10,Agustina,Mansilla,34343777,agustina.mansilla@gmail.com,+54 9 3946 3002,NEG-400,Liderazgo y Negociación,4,Aprobado
2024-11-10,Bautista,Gomez,40105729,bautista.gomez@outlook.com,+54 9 2863 1004,MKT-200,Marketing de Contenidos,3,Desaprobado
2024-11-10,Ian Benjamin,Sanchez,44456279,ian.benjamin.sanchez@hotmail.com,+54 9 3325 8497,IA-300,Redes Neuronales,9,Aprobado
2024-11-11,Mateo,Vargas,31271467,mateo.vargas@yahoo.com,+54 9 2727 5989,MKT-200,Marketing de Contenidos,5,Aprobado
2024-11-11,Ian Benjamin,Moyano,31263287,,+54 9 2597 2656,IA-300,Redes Neuronales,7,Aprobado
2024-11-11,Bruno,Gonzalez,41570701,bruno.gonzalez@hotmail.com,+54 9 3214 5389,IA-300,Redes Neuronales,2,Desaprobado
2024-11-11,Clara,Maidana,37564736,clara.maidana@yahoo.com,+54 9 2674 0946,MKT-200,Marketing de Contenidos,9,Aprobado
2024-11-11,Juliana,Miranda,32480053,juliana.miranda@outlook.com,+54 9 2443 7668,DAT-201,Estadística Avanzada,1,Desaprobado
2024-11-11,Agustin,Flores,35589315,,+54 9 2236 2408,UX-100,Diseño de Experiencia de Usuario,7,Aprobado
2024-11-11,Florencia,Rojas,42253635,florencia.rojas@outlook.com,+54 9 2702 8180,UX-100,Diseño de Experiencia de Usuario,9,Aprobado
2024-11-12,Isabella,Chavez,36906085,isabella.chavez@yahoo.com,+54 9 3384 6959,DEV-101,Algoritmos I,9,Aprobado
2024-11-12,Bautista,Romero,44886400,bautista.romero@outlook.com,+54 9 3813 9647,DAT-201,Estadística Avanzada,6,Aprobado
2024-11-12,Isabella,Gimenez,34998039,isabella.gimenez@hotmail.com,+54 9 2785 6643,NEG-400,Liderazgo y Negociación,4,Aprobado
2024-11-12,Luna,Rojas,39921380,luna.rojas@outlook.com,+54 9 3575 8135,DAT-201,Estadística Avanzada,3,Desaprobado
2024-11-12,Julieta,Martinez,32096884,julieta.martinez@outlook.com,+54 9 3160 1200,DAT-201,Estadística Avanzada,9,Aprobado
2024-11-12,Pilar,Ayala,32028899,pilar.ayala@outlook.com,+54 9 3376 7498,DEV-101,Algoritmos I,4,Aprobado
2024-11-12,Delfina,Sosa,45670602,delfina.sosa@yahoo.com,+54 9 3218 1150,GEN-101,Ética y Tecnología,10,Aprobado
2024-11-12,Thiago Daniel,Diaz,43864775,thiago.daniel.diaz@outlook.com,+54 9 3482 1035,DAT-201,Estadística Avanzada,7,Aprobado
2024-11-13,Bautista Benjamin,Godoy,39371126,bautista.benjamin.godoy@gmail.com,+54 9 2429 8619,DAT-101,Introducción a los Datos,3,Desaprobado
2024-11-13,Constanza,Maidana,30370016,constanza.maidana@gmail.com,+54 9 3858 7918,MKT-200,Marketing de Contenidos,7,Aprobado
2024-11-13,Mia Jazmin,Pereyra,30300948,mia.jazmin.pereyra@gmail.com,+54 9 2783 3656,MKT-200,Marketing de Contenidos,9,Aprobado
2024-11-13,Sebastian,Peralta,30469731,sebastian.peralta@gmail.com,+54 9 3965 9347,IA-300,Redes Neuronales,6,Aprobado
2024-11-14,Lola,Martinez,36537106,lola.martinez@yahoo.com,+54 9 2594 0082,MKT-200,Marketing de Contenidos,3,Desaprobado
2024-11-14,Victoria,Pereyra,36083652,victoria.pereyra@outlook.com,+54 9 2474 3313,DAT-201,Estadística Avanzada,4,Aprobado
2024-11-14,Juan Pablo,Sanchez,30898022,juan.pablo.sanchez@hotmail.com,+54 9 2692 3092,UX-100,Diseño de Experiencia de Usuario,3,Desaprobado
2024-11-14,Luisana,Vega,44904880,luisana.vega@outlook.com,+54 9 3786 6783,DEV-101,Algoritmos I,9,Aprobado
2024-11-14,Juan Cruz,Lucero,32200927,juan.cruz.lucero@hotmail.com,+54 9 2665 0107,MKT-200,Marketing de Contenidos,2,Desaprobado
2024-11-14,Thiago Valentin,Flores,32085812,thiago.valentin.flores@gmail.com,+54 9 3325 6099,DAT-201,Estadística Avanzada,10,Aprobado
2024-11-14,Francisco,Romero,41150046,francisco.romero@outlook.com,+54 9 3799 7143,DAT-201,Estadística Avanzada,3,Desaprobado
2024-11-14,Mateo,Dominguez,45130131,mateo.dominguez@hotmail.com,+54 9 2147 5969,GEN-101,Ética y Tecnología,2,Desaprobado
2024-11-14,Mateo,Vargas,31271467,mateo.vargas@yahoo.com,+54 9 2727 5989,NEG-400,Liderazgo y Negociación,10,Aprobado
2024-11-14,Ludmila,Herrera,36651921,ludmila.herrera@yahoo.com,+54 9 2113 3238,UX-100,Diseño de Experiencia de Usuario,4,Aprobado
2024-11-14,Sofia,Ponce,43947996,sofia.ponce@gmail.com,+54 9 3483 1858,UX-100,Diseño de Experiencia de Usuario,7,Aprobado
2024-11-15,Isabella,Sanchez,39924190,isabella.sanchez@hotmail.com,+54 9 2622 1510,DAT-101,Introducción a los Datos,3,Desaprobado
2024-11-15,Dylan Benjamin,Martinez,37275248,dylan.benjamin.martinez@yahoo.com,+54 9 2281 2884,DAT-201,Estadística Avanzada,10,Aprobado
2024-11-15,Morena,Soto,37915491,morena.soto@outlook.com,+54 9 2955 0590,MKT-200,Marketing de Contenidos,3,Desaprobado
2024-11-15,Catalina,Martinez,39749714,catalina.martinez@gmail.com,+54 9 3973 0075,UX-100,Diseño de Experiencia de Usuario,5,Aprobado
2024-11-15,Benicio,Martinez,45385368,benicio.martinez@gmail.com,+54 9 2572 2586,NEG-400,Liderazgo y Negociación,5,Aprobado
2024-11-15,Bautista,Acosta,34207249,bautista.acosta@gmail.com,+54 9 3355 7407,IA-300,Redes Neuronales,8,Aprobado
2024-11-15,Benjamin Ezequiel,Acosta,43029052,benjamin.ezequiel.acosta@outlook.com,+54 9 2417 6210,GEN-101,Ética y Tecnología,10,Aprobado
2024-11-15,Juana,Rios,32369229,juana.rios@yahoo.com,+54 9 2872 5176,UX-100,Diseño de Experiencia de Usuario,10,Aprobado
2024-11-15,Maia,Gonzalez,32308961,maia.gonzalez@hotmail.com,+54 9 3418 9671,DAT-101,Introducción a los Datos,1,Desaprobado
2024-11-15,Emma,Lucero,34446593,emma.lucero@outlook.com,+54 9 3142 8192,UX-100,Diseño de Experiencia de Usuario,7,Aprobado
2024-11-15,Bastian,Torres,45147679,bastian.torres@outlook.com,+54 9 2120 6852,DAT-201,Estadística Avanzada,7,Aprobado
2024-11-16,Juliana,Miranda,32480053,juliana.miranda@outlook.com,+54 9 2443 7668,MKT-200,Marketing de Contenidos,5,Aprobado
2024-11-16,León,Blanco,42221418,leon.blanco@outlook.com,+54 9 2934 2600,UX-100,Diseño de Experiencia de Usuario,2,Desaprobado
2024-11-16,Valentin,Aguirre,36380821,valentin.aguirre@hotmail.com,+54 9 3529 3830,DAT-101,Introducción a los Datos,6,Aprobado
2024-11-16,Luz Maria,Rodriguez,32160000,luz.maria.rodriguez@gmail.com,+54 9 2451 7818,IA-300,Redes Neuronales,4,Aprobado
2024-11-16,Joaquin,Romero,30089193,joaquin.romero@gmail.com,+54 9 3788 7975,MKT-200,Marketing de Contenidos,8,Aprobado
2024-11-17,Emilia,Moreno,35718936,emilia.moreno@gmail.com,+54 9 3588 3763,DAT-101,Introducción a los Datos,9,Aprobado
2024-11-17,Juan Gabriel,Quiroga,37678418,juan.gabriel.quiroga@hotmail.com,+54 9 3775 6248,MKT-200,Marketing de Contenidos,2,Desaprobado
2024-11-17,Priscila,Ortiz,37012198,priscila.ortiz@yahoo.com,+54 9 3538 1304,NEG-400,Liderazgo y Negociación,6,Aprobado
2024-11-17,Maite,Farias,38542906,maite.farias@yahoo.com,+54 9 2945 8137,DEV-101,Algoritmos I,2,Desaprobado
2024-11-17,Delfina,Castro,44412440,delfina.castro@yahoo.com,+54 9 3853 5449,DAT-101,Introducción a los Datos,4,Aprobado
2024-11-17,Catalina,Sanchez,43062304,catalina.sanchez@gmail.com,+54 9 2343 8565,MKT-200,Marketing de Contenidos,2,Desaprobado
2024-11-17,Gino,Rios,43802935,gino.rios@outlook.com,+54 9 2666 2954,DEV-101,Algoritmos I,9,Aprobado
2024-11-18,Simon,Ferreyra,42826422,simon.ferreyra@outlook.com,+54 9 2314 6197,MKT-200,Marketing de Contenidos,10,Aprobado
2024-11-18,Valentino,Figueroa,41511282,,+54 9 2345 8780,DEV-101,Algoritmos I,9,Aprobado
2024-11-18,Alma,Acuña,40358012,alma.acuna@gmail.com,+54 9 2157 7844,NEG-400,Liderazgo y Negociación,9,Aprobado
2024-11-18,Ian Ezequiel,Paez,35810239,ian.ezequiel.paez@outlook.com,+54 9 2765 0639,DAT-201,Estadística Avanzada,5,Aprobado
2024-11-18,Mia Jazmin,Castillo,32556008,,+54 9 3741 0719,UX-100,Diseño de Experiencia de Usuario,2,Desaprobado
2024-11-18,Lola,Pereyra,34758464,lola.pereyra@gmail.com,+54 9 3429 5981,MKT-200,Marketing de Contenidos,1,Desaprobado
2024-11-19,Agostina,Diaz,33693959,agostina.diaz@yahoo.com,+54 9 3888 6108,NEG-400,Liderazgo y Negociación,4,Aprobado
2024-11-19,Julia,Bustos,38129607,julia.bustos@gmail.com,+54 9 2107 5921,DAT-101,Introducción a los Datos,4,Aprobado
2024-11-19,Victoria,Gomez,37080082,victoria.gomez@yahoo.com,+54 9 2715 5198,NEG-400,Liderazgo y Negociación,8,Aprobado
2024-11-19,Bruno,Pereyra,37253616,bruno.pereyra@gmail.com,+54 9 3157 6195,UX-100,Diseño de Experiencia de Usuario,2,Desaprobado
2024-11-19,Santiago,Vera,45170259,santiago.vera@hotmail.com,+54 9 2663 6938,DAT-201,Estadística Avanzada,10,Aprobado
2024-11-19,Sofia,Torres,41824986,sofia.torres@hotmail.com,+54 9 3691 2568,DEV-101,Algoritmos I,3,Desaprobado
2024-11-19,Camila,Franco,40626532,camila.franco@hotmail.com,+54 9 3580 9460,DAT-201,Estadística Avanzada,7,Aprobado
2024-11-19,Mia Morena,Rios,36377876,mia.morena.rios@hotmail.com,+54 9 3827 9824,NEG-400,Liderazgo y Negociación,8,Aprobado
2024-11-19,Simon,Ferreyra,42826422,simon.ferreyra@outlook.com,+54 9 2314 6197,IA-300,Redes Neuronales,10,Aprobado
2024-11-19,Paula,Garcia,37604035,paula.garcia@yahoo.com,+54 9 2465 7991,MKT-200,Marketing de Contenidos,4,Aprobado
2024-11-19,Thiago Leonel,Gomez,34077479,thiago.leonel.gomez@outlook.com,+54 9 2178 4032,UX-100,Diseño de Experiencia de Usuario,9,Aprobado
2024-11-20,Santino Benjamin,Silva,34218122,santino.benjamin.silva@yahoo.com,+54 9 3466 1449,DAT-101,Introducción a los Datos,7,Aprobado
2024-11-20,Joaquin,Muñoz,36098117,joaquin.munoz@hotmail.com,+54 9 2690 8562,IA-300,Redes Neuronales,10,Aprobado
2024-11-20,Alma,Bustos,42789411,alma.bustos@hotmail.com,+54 9 3778 8096,NEG-400,Liderazgo y Negociación,2,Desaprobado
2024-11-20,Emilia,Diaz,44870664,emilia.diaz@hotmail.com,+54 9 3512 5116,DAT-101,Introducción a los Datos,3,Desaprobado
2024-11-21,León,Blanco,42221418,leon.blanco@outlook.com,+54 9 2934 2600,UX-100,Diseño de Experiencia de Usuario,1,Desaprobado
2024-11-21,Valentin,Garcia,40988877,valentin.garcia@outlook.com,+54 9 3738 8703,DEV-101,Algoritmos I,6,Aprobado
2024-11-21,Pedro,Bustos,39129106,pedro.bustos@yahoo.com,+54 9 2390 2204,DAT-101,Introducción a los Datos,3,Desaprobado
2024-11-21,Juan Martin,Rodriguez,35891432,juan.martin.rodriguez@yahoo.com,+54 9 2905 1290,DAT-101,Introducción a los Datos,8,Aprobado
2024-11-21,Lautaro Benjamin,Campos,36847519,lautaro.benjamin.campos@hotmail.com,+54 9 3806 3482,GEN-101,Ética y Tecnología,1,Desaprobado
2024-11-21,Luana,Gonzalez,31723879,luana.gonzalez@hotmail.com,+54 9 3937 0807,MKT-200,Marketing de Contenidos,2,Desaprobado
2024-11-21,Alfonsina,Perez,31087473,alfonsina.perez@yahoo.com,+54 9 3465 7235,UX-100,Diseño de Experiencia de Usuario,8,Aprobado
2024-11-21,Jeronimo,Vega,33076159,jeronimo.vega@yahoo.com,+54 9 2940 1402,DAT-201,Estadística Avanzada,7,Aprobado
2024-11-21,Agostina,Diaz,33693959,agostina.diaz@yahoo.com,+54 9 3888 6108,DAT-201,Estadística Avanzada,3,Desaprobado
2024-11-21,Luz Maria,Rodriguez,32160000,luz.maria.rodriguez@gmail.com,+54 9 2451 7818,DAT-201,Estadística Avanzada,8,Aprobado
2024-11-21,Lucas Ezequiel,Fernandez,42331291,lucas.ezequiel.fernandez@yahoo.com,+54 9 2969 0729,DEV-101,Algoritmos I,4,Aprobado
2024-11-22,Augusto,Medina,41597245,augusto.medina@hotmail.com,+54 9 2630 1109,NEG-400,Liderazgo y Negociación,9,Aprobado
2024-11-22,Francesca,Garcia,41950086,francesca.garcia@hotmail.com,+54 9 3782 6468,DAT-101,Introducción a los Datos,1,Desaprobado
2024-11-22,Ludmila,Lopez,36163868,,+54 9 2392 6607,DAT-101,Introducción a los Datos,5,Aprobado
2024-11-22,Valentin,Alvarez,34508314,valentin.alvarez@yahoo.com,+54 9 2368 3900,UX-100,Diseño de Experiencia de Usuario,8,Aprobado
2024-11-22,Emma,Valdez,43978117,emma.valdez@yahoo.com,+54 9 2552 3105,IA-300,Redes Neuronales,9,Aprobado
2024-11-22,Josefina,Escobar,31162466,josefina.escobar@outlook.com,+54 9 3725 2282,MKT-200,Marketing de Contenidos,6,Aprobado
2024-11-22,Ian Ezequiel,Paez,35810239,ian.ezequiel.paez@outlook.com,+54 9 2765 0639,MKT-200,Marketing de Contenidos,1,Desaprobado
2024-11-22,Martina,Garcia,40069107,martina.garcia@gmail.com,+54 9 2881 9157,GEN-101,Ética y Tecnología,3,Desaprobado
2024-11-23,Maximo,Perez,36629400,maximo.perez@yahoo.com,+54 9 2589 0528,MKT-200,Marketing de Contenidos,3,Desaprobado
2024-11-23,Valentina Jazmin,Flores,35517461,valentina.jazmin.flores@yahoo.com,+54 9 2985 0324,NEG-400,Liderazgo y Negociación,9,Aprobado
2024-11-23,Catalina,Gomez,41402719,catalina.gomez@outlook.com,+54 9 3917 2603,NEG-400,Liderazgo y Negociación,9,Aprobado
2024-11-23,Vicente,Sanchez,44436801,vicente.sanchez@outlook.com,+54 9 2388 6574,GEN-101,Ética y Tecnología,4,Aprobado
2024-11-23,Benjamin,Sosa,33696189,benjamin.sosa@yahoo.com,+54 9 3981 2286,DEV-101,Algoritmos I,2,Desaprobado
2024-11-23,Carmela,Romero,43088662,carmela.romero@gmail.com,+54 9 2930 4997,NEG-400,Liderazgo y Negociación,4,Aprobado
2024-11-23,Isabella,Ruiz,31725100,,+54 9 2309 1917,UX-100,Diseño de Experiencia de Usuario,2,Desaprobado
2024-11-23,Genaro,Rodriguez,32659067,genaro.rodriguez@yahoo.com,+54 9 2945 2152,MKT-200,Marketing de Contenidos,9,Aprobado
2024-11-24,Delfina,Medina,33436656,delfina.medina@gmail.com,+54 9 2175 2128,DAT-201,Estadística Avanzada,9,Aprobado
2024-11-24,Felipe,Carrizo,32991581,felipe.carrizo@outlook.com,+54 9 3844 6642,DAT-101,Introducción a los Datos,1,Desaprobado
2024-11-24,Olivia,Flores,35740137,olivia.flores@gmail.com,+54 9 2768 7292,DAT-101,Introducción a los Datos,9,Aprobado
2024-11-24,Santino,Castro,37682475,santino.castro@hotmail.com,+54 9 2368 3957,DAT-101,Introducción a los Datos,1,Desaprobado
2024-11-24,Isabella,Martinez,44141804,isabella.martinez@yahoo.com,+54 9 2321 2821,MKT-200,Marketing de Contenidos,7,Aprobado
2024-11-24,Valentino,Suarez,33541682,valentino.suarez@gmail.com,+54 9 3650 2039,DAT-201,Estadística Avanzada,4,Aprobado
2024-11-24,Sofia,Gutierrez,44594931,sofia.gutierrez@yahoo.com,+54 9 3472 4097,DAT-201,Estadística Avanzada,9,Aprobado
2024-11-24,Alexander,Soto,30542692,alexander.soto@yahoo.com,+54 9 3295 3328,GEN-101,Ética y Tecnología,2,Desaprobado
2024-11-25,Ciro,Rodriguez,34631318,ciro.rodriguez@yahoo.com,+54 9 2847 7119,DAT-201,Estadística Avanzada,3,Desaprobado
2024-11-25,Bianca,Silva,35579453,bianca.silva@outlook.com,+54 9 2534 1155,MKT-200,Marketing de Contenidos,1,Desaprobado
2024-11-25,Martina,Cordoba,42909942,martina.cordoba@yahoo.com,+54 9 2726 2352,DEV-101,Algoritmos I,1,Desaprobado
2024-11-25,Maria Victoria,Bravo,34759191,maria.victoria.bravo@hotmail.com,+54 9 2260 1623,DAT-101,Introducción a los Datos,2,Desaprobado
2024-11-25,Lucia,Martin,45419935,lucia.martin@gmail.com,+54 9 2104 1490,NEG-400,Liderazgo y Negociación,5,Aprobado
2024-11-25,Lucia,Martin,45419935,lucia.martin@gmail.com,+54 9 2104 1490,DAT-201,Estadística Avanzada,4,Aprobado
2024-11-25,Clara,Alvarez,43023911,clara.alvarez@yahoo.com,+54 9 2816 0515,UX-100,Diseño de Experiencia de Usuario,4,Aprobado
2024-11-25,Facundo,Flores,35961291,facundo.flores@outlook.com,+54 9 2995 1730,GEN-101,Ética y Tecnología,10,Aprobado
2024-11-25,Maria Emilia,Suarez,32443281,maria.emilia.suarez@yahoo.com,+54 9 2564 4031,GEN-101,Ética y Tecnología,5,Aprobado
2024-11-25,Lucas,Gomez,32902968,lucas.gomez@gmail.com,+54 9 3456 0230,NEG-400,Liderazgo y Negociación,10,Aprobado
2024-11-25,Felipe,Ojeda,45076126,felipe.ojeda@hotmail.com,+54 9 2214 5024,DAT-201,Estadística Avanzada,10,Aprobado
2024-11-25,Luca,Correa,41291663,luca.correa@gmail.com,+54 9 3280 1478,NEG-400,Liderazgo y Negociación,4,Aprobado
2024-11-25,Miguel Angel,Mansilla,37444361,miguel.angel.mansilla@outlook.com,+54 9 3726 1873,GEN-101,Ética y Tecnología,8,Aprobado
2024-11-25,Martina,Ojeda,42740444,martina.ojeda@yahoo.com,+54 9 2462 7303,DAT-201,Estadística Avanzada,2,Desaprobado
2024-11-25,Thiago,Escobar,33460388,thiago.escobar@outlook.com,+54 9 3540 9601,NEG-400,Liderazgo y Negociación,7,Aprobado
2024-11-26,Agustina,Olivera,33109769,agustina.olivera@outlook.com,+54 9 2368 8001,DEV-101,Algoritmos I,8,Aprobado
2024-11-26,Thiago Benjamin,Gonzalez,36031653,thiago.benjamin.gonzalez@gmail.com,+54 9 2821 1399,DAT-101,Introducción a los Datos,8,Aprobado
2024-11-26,Santino,Gonzalez,45422028,,+54 9 2909 3984,DEV-101,Algoritmos I,7,Aprobado
2024-11-26,Francesca,Martinez,33488611,,+54 9 2547 3512,DAT-201,Estadística Avanzada,4,Aprobado
2024-11-26,Paula,Garcia,37604035,paula.garcia@yahoo.com,+54 9 2465 7991,UX-100,Diseño de Experiencia de Usuario,3,Desaprobado
2024-11-26,Mateo,Diaz,45341305,mateo.diaz@outlook.com,+54 9 3725 7654,UX-100,Diseño de Experiencia de Usuario,7,Aprobado
2024-11-26,Dante,Diaz,35061213,dante.diaz@yahoo.com,+54 9 2564 4914,IA-300,Redes Neuronales,10,Aprobado
2024-11-26,Bautista,Cabrera,38622234,bautista.cabrera@outlook.com,+54 9 2547 1522,NEG-400,Liderazgo y Negociación,1,Desaprobado
2024-11-26,Alma,Perez,33699765,alma.perez@hotmail.com,+54 9 3664 5122,DAT-101,Introducción a los Datos,2,Desaprobado
2024-11-26,Pilar,Rodriguez,42287708,pilar.rodriguez@yahoo.com,+54 9 2109 1532,DAT-201,Estadística Avanzada,7,Aprobado
2024-11-26,Santino,Gonzalez,45422028,santino.gonzalez@outlook.com,+54 9 2474 2803,GEN-101,Ética y Tecnología,5,Aprobado
2024-11-27,Jazmin,Bravo,41664468,jazmin.bravo@hotmail.com,+54 9 3832 3094,DEV-101,Algoritmos I,4,Aprobado
2024-11-27,Juliana,Leiva,37272214,juliana.leiva@outlook.com,+54 9 2206 6918,UX-100,Diseño de Experiencia de Usuario,8,Aprobado
2024-11-27,Valentina ,Suarez,30763137,valentina..suarez@gmail.com,+54 9 3834 3966,DAT-201,Estadística Avanzada,1,Desaprobado
2024-11-27,Matias,Gonzalez,42645481,matias.gonzalez@yahoo.com,+54 9 2621 6311,DAT-201,Estadística Avanzada,3,Desaprobado
2024-11-27,Antonia,Aguirre,33648177,antonia.aguirre@gmail.com,+54 9 2118 0023,GEN-101,Ética y Tecnología,4,Aprobado
2024-11-27,Tomas,Rodriguez,35654379,tomas.rodriguez@outlook.com,+54 9 2448 6949,MKT-200,Marketing de Contenidos,1,Desaprobado
2024-11-27,Juan Pablo,Alvarez,41744958,juan.pablo.alvarez@outlook.com,+54 9 2711 6346,DAT-201,Estadística Avanzada,6,Aprobado
2024-11-27,Alma,Diaz,44059778,alma.diaz@gmail.com,+54 9 2522 7337,IA-300,Redes Neuronales,5,Aprobado
2024-11-27,Santino Agustin,Rojas,43159265,santino.agustin.rojas@yahoo.com,+54 9 3216 3261,NEG-400,Liderazgo y Negociación,4,Aprobado
2024-11-28,Malena,Fernandez,33957369,malena.fernandez@gmail.com,+54 9 2869 1744,IA-300,Redes Neuronales,8,Aprobado
2024-11-28,Julia,Moreno,43313143,julia.moreno@gmail.com,+54 9 2578 5272,DEV-101,Algoritmos I,4,Aprobado
2024-11-28,Benjamin,Valdez,37573276,benjamin.valdez@outlook.com,+54 9 2839 7571,GEN-101,Ética y Tecnología,8,Aprobado
2024-11-28,Juan Cruz,Fernandez,31636346,juan.cruz.fernandez@gmail.com,+54 9 3794 6853,DAT-101,Introducción a los Datos,8,Aprobado
2024-11-28,Lautaro Ezequiel,Martinez,44113409,lautaro.ezequiel.martinez@outlook.com,+54 9 2801 8475,UX-100,Diseño de Experiencia de Usuario,9,Aprobado
2024-11-28,Ciro,Diaz,40965886,ciro.diaz@gmail.com,+54 9 2322 0571,DAT-201,Estadística Avanzada,1,Desaprobado
2024-11-28,Mia Jazmin,Castillo,32556008,mia.jazmin.castillo@gmail.com,+54 9 2104 5495,MKT-200,Marketing de Contenidos,10,Aprobado
2024-11-28,Giuliana,Arias,37556007,giuliana.arias@hotmail.com,+54 9 3115 5139,GEN-101,Ética y Tecnología,8,Aprobado
2024-11-28,Thiago,Diaz,33910188,thiago.diaz@gmail.com,+54 9 3576 1975,MKT-200,Marketing de Contenidos,6,Aprobado
2024-11-28,Luciano,Ayala,35652925,luciano.ayala@yahoo.com,+54 9 3871 8403,DEV-101,Algoritmos I,1,Desaprobado
2024-11-28,Agustín,Perez,33722791,agustin.perez@outlook.com,+54 9 3301 9512,UX-100,Diseño de Experiencia de Usuario,9,Aprobado
2024-11-28,Milena,Silva,43001086,milena.silva@gmail.com,+54 9 3819 6459,MKT-200,Marketing de Contenidos,8,Aprobado
2024-11-28,Tomàs,Juarez,30348701,tomas.juarez@yahoo.com,+54 9 2950 1285,GEN-101,Ética y Tecnología,7,Aprobado
2024-11-28,Benjamin,Morales,31704019,benjamin.morales@hotmail.com,+54 9 3856 1189,NEG-400,Liderazgo y Negociación,4,Aprobado
2024-11-28,Giuliana,Ferreyra,33193102,giuliana.ferreyra@hotmail.com,+54 9 3979 5952,GEN-101,Ética y Tecnología,1,Desaprobado
2024-11-28,Juliana,Ramos,31134185,juliana.ramos@hotmail.com,+54 9 2907 3471,MKT-200,Marketing de Contenidos,9,Aprobado
2024-11-28,Matilda,Quiroga,30996789,matilda.quiroga@yahoo.com,+54 9 2743 4973,IA-300,Redes Neuronales,9,Aprobado
2024-11-28,Thiago,Ponce,41883892,thiago.ponce@gmail.com,+54 9 2697 8811,MKT-200,Marketing de Contenidos,2,Desaprobado
2024-11-29,Felicitas,Cruz,30808302,felicitas.cruz@outlook.com,+54 9 2810 8883,GEN-101,Ética y Tecnología,1,Desaprobado
2024-11-29,Milagros,Aguirre,36861254,milagros.aguirre@outlook.com,+54 9 2541 3131,DEV-101,Algoritmos I,3,Desaprobado
2024-11-29,Santiago,Rodriguez,38657054,santiago.rodriguez@outlook.com,+54 9 3243 5121,DAT-201,Estadística Avanzada,6,Aprobado
2024-11-29,Mia Jazmin,Olivera,45561312,mia.jazmin.olivera@outlook.com,+54 9 2624 3817,NEG-400,Liderazgo y Negociación,4,Aprobado
2024-11-29,Juan David,Fernandez,34933089,juan.david.fernandez@hotmail.com,+54 9 2663 2958,MKT-200,Marketing de Contenidos,6,Aprobado
2024-11-29,Santiago Benjamin,Muñoz,34007375,santiago.benjamin.munoz@outlook.com,+54 9 3433 3070,UX-100,Diseño de Experiencia de Usuario,2,Desaprobado
2024-11-29,Martina,Maidana,44536877,martina.maidana@hotmail.com,+54 9 3227 2813,GEN-101,Ética y Tecnología,1,Desaprobado
2024-11-29,Lautaro,Figueroa,32702619,lautaro.figueroa@yahoo.com,+54 9 2667 1332,DEV-101,Algoritmos I,4,Aprobado
2024-11-29,Juana,Ramos,45840080,juana.ramos@outlook.com,+54 9 3282 6248,DEV-101,Algoritmos I,6,Aprobado
2024-11-30,Gino,Castro,39556507,gino.castro@gmail.com,+54 9 3133 7629,DAT-201,Estadística Avanzada,6,Aprobado
2024-11-30,Bruno,Herrera,32259990,bruno.herrera@gmail.com,+54 9 2334 4971,MKT-200,Marketing de Contenidos,2,Desaprobado
2024-11-30,Antonia,Quiroga,31370404,antonia.quiroga@outlook.com,+54 9 2637 0380,IA-300,Redes Neuronales,2,Desaprobado
2024-11-30,Victoria,Fernandez,37326359,victoria.fernandez@outlook.com,+54 9 2172 0879,UX-100,Diseño de Experiencia de Usuario,6,Aprobado
2024-11-30,Ciro,Nuñez,40214433,ciro.nunez@hotmail.com,+54 9 2659 3467,UX-100,Diseño de Experiencia de Usuario,2,Desaprobado
2024-11-30,Lautaro Ezequiel,Martinez,43695489,lautaro.ezequiel.martinez@hotmail.com,+54 9 2735 5450,DEV-101,Algoritmos I,1,Desaprobado
2024-11-30,Alfonsina,Duarte,44713441,alfonsina.duarte@hotmail.com,+54 9 2509 1276,UX-100,Diseño de Experiencia de Usuario,4,Aprobado
2024-11-30,Kiara,Ramos,31158762,kiara.ramos@outlook.com,+54 9 3473 8411,DAT-201,Estadística Avanzada,10,Aprobado
2024-11-30,Alma Valentina,Flores,34724187,alma.valentina.flores@gmail.com,+54 9 3323 2889,GEN-101,Ética y Tecnología,5,Aprobado
2024-11-30,Emma,Vazquez,44555423,emma.vazquez@yahoo.com,+54 9 3541 1746,IA-300,Redes Neuronales,6,Aprobado
2024-11-30,Olivia,Olivera,36279807,olivia.olivera@yahoo.com,+54 9 2309 1902,UX-100,Diseño de Experiencia de Usuario,6,Aprobado
2024-11-30,Enzo,Lopez,31036656,enzo.lopez@gmail.com,+54 9 3672 6666,IA-300,Redes Neuronales,1,Desaprobado
2024-11-30,Violeta,Gomez,35449166,violeta.gomez@outlook.com,+54 9 2728 4262,GEN-101,Ética y Tecnología,7,Aprobado
2024-11-30,Martina,Hernandez,32486624,martina.hernandez@gmail.com,+54 9 3140 9524,NEG-400,Liderazgo y Negociación,2,Desaprobado
2024-11-30,Maria Guadalupe,Romero,43904609,maria.guadalupe.romero@yahoo.com,+54 9 2904 8289,MKT-200,Marketing de Contenidos,10,Aprobado
2024-11-30,Emilia,Rios,36744678,,+54 9 2915 2994,UX-100,Diseño de Experiencia de Usuario,8,Aprobado
2024-11-30,Benicio,Farias,39251592,benicio.farias@hotmail.com,+54 9 3997 7083,GEN-101,Ética y Tecnología,7,Aprobado
2024-12-01,Victoria,Gomez,37080082,victoria.gomez@yahoo.com,+54 9 2715 5198,DAT-101,Introducción a los Datos,4,Aprobado
2024-12-01,Delfina,Barrios,31301580,delfina.barrios@yahoo.com,+54 9 2404 3585,MKT-200,Marketing de Contenidos,2,Desaprobado
2024-12-01,Dante,Diaz,35061213,dante.diaz@yahoo.com,+54 9 2564 4914,DAT-201,Estadística Avanzada,2,Desaprobado
2024-12-01,Camila,Lopez,42590810,camila.lopez@hotmail.com,+54 9 2866 9837,GEN-101,Ética y Tecnología,8,Aprobado
2024-12-01,Morena,Soto,37915491,morena.soto@outlook.com,+54 9 2955 0590,IA-300,Redes Neuronales,10,Aprobado
2024-12-01,Emanuel,Medina,35409911,,+54 9 2893 7711,NEG-400,Liderazgo y Negociación,4,Aprobado
2024-12-01,Jazmin,Sosa,36907787,jazmin.sosa@outlook.com,+54 9 2775 9254,GEN-101,Ética y Tecnología,3,Desaprobado
2024-12-01,Felipe,Flores,43583039,felipe.flores@outlook.com,+54 9 3811 7512,NEG-400,Liderazgo y Negociación,9,Aprobado
2024-12-01,Jazmin,Silva,38137274,jazmin.silva@hotmail.com,+54 9 2881 1833,UX-100,Diseño de Experiencia de Usuario,4,Aprobado
2024-12-01,Santino,Ledesma,42954368,santino.ledesma@yahoo.com,+54 9 2214 7459,DEV-101,Algoritmos I,6,Aprobado
2024-12-01,Juan Manuel,Luna,33247205,juan.manuel.luna@yahoo.com,+54 9 2908 3475,DAT-201,Estadística Avanzada,10,Aprobado
2024-12-02,Valentino,Martinez,33678309,valentino.martinez@gmail.com,+54 9 3262 0153,DAT-201,Estadística Avanzada,9,Aprobado
2024-12-02,Bautista,Ruiz,36594040,bautista.ruiz@outlook.com,+54 9 2263 4888,MKT-200,Marketing de Contenidos,3,Desaprobado
2024-12-02,Mora,Diaz,30081724,mora.diaz@gmail.com,+54 9 3924 6166,NEG-400,Liderazgo y Negociación,8,Aprobado
2024-12-02,Tiziano Benjamin,Acosta,32575818,tiziano.benjamin.acosta@yahoo.com,+54 9 2297 2531,GEN-101,Ética y Tecnología,4,Aprobado
2024-12-02,Santiago,Cardozo,45948143,santiago.cardozo@outlook.com,+54 9 3611 8096,GEN-101,Ética y Tecnología,10,Aprobado
2024-12-02,Constanza,Flores,35565985,constanza.flores@hotmail.com,+54 9 2821 4246,DAT-201,Estadística Avanzada,9,Aprobado
2024-12-02,Violeta,Muñoz,45419981,violeta.munoz@hotmail.com,+54 9 2982 4228,NEG-400,Liderazgo y Negociación,8,Aprobado
2024-12-03,Emanuel,Silva,38133728,emanuel.silva@yahoo.com,+54 9 2443 7222,NEG-400,Liderazgo y Negociación,3,Desaprobado
2024-12-03,Ian Benjamin,Sanchez,44456279,ian.benjamin.sanchez@hotmail.com,+54 9 3325 8497,DAT-201,Estadística Avanzada,7,Aprobado
2024-12-03,Jazmin,Bravo,41664468,jazmin.bravo@hotmail.com,+54 9 3832 3094,IA-300,Redes Neuronales,3,Desaprobado
2024-12-03,Thiago,Diaz,33910188,thiago.diaz@gmail.com,+54 9 3576 1975,DAT-201,Estadística Avanzada,4,Aprobado
2024-12-03,Franco,Morales,38766730,franco.morales@outlook.com,+54 9 3970 3314,IA-300,Redes Neuronales,2,Desaprobado
2024-12-03,Ian Benjamin,Moyano,31263287,ian.benjamin.moyano@outlook.com,+54 9 2936 9912,GEN-101,Ética y Tecnología,9,Aprobado
2024-12-03,Ludmila,Moreno,43663971,ludmila.moreno@hotmail.com,+54 9 3523 7374,NEG-400,Liderazgo y Negociación,2,Desaprobado
2024-12-03,Emilia,Miranda,40419585,emilia.miranda@hotmail.com,+54 9 3707 7251,IA-300,Redes Neuronales,9,Aprobado
2024-12-03,Delfina,Acosta,45090532,delfina.acosta@yahoo.com,+54 9 3972 0578,MKT-200,Marketing de Contenidos,9,Aprobado
2024-12-03,Antonio,Garcia,45140374,antonio.garcia@outlook.com,+54 9 3161 5962,DAT-101,Introducción a los Datos,5,Aprobado
2024-12-04,Julia,Suarez,40174122,julia.suarez@hotmail.com,+54 9 2909 1920,DAT-101,Introducción a los Datos,1,Desaprobado
2024-12-04,Luisina,Acosta,30359807,luisina.acosta@yahoo.com,+54 9 2456 5564,MKT-200,Marketing de Contenidos,7,Aprobado
2024-12-04,Catalina,Rios,36349870,catalina.rios@hotmail.com,+54 9 3441 0122,DAT-201,Estadística Avanzada,2,Desaprobado
2024-12-04,Juan Ignacio,Gomez,31692100,juan.ignacio.gomez@hotmail.com,+54 9 2455 6657,DAT-101,Introducción a los Datos,1,Desaprobado
2024-12-04,Benjamin,Morales,31704019,benjamin.morales@hotmail.com,+54 9 3856 1189,GEN-101,Ética y Tecnología,6,Aprobado
2024-12-04,Facundo,Maldonado,35420584,facundo.maldonado@outlook.com,+54 9 3512 9462,UX-100,Diseño de Experiencia de Usuario,7,Aprobado
2024-12-04,Francisco,Sosa,35940256,francisco.sosa@gmail.com,+54 9 3712 7580,DEV-101,Algoritmos I,1,Desaprobado
2024-12-04,Candelaria,Romero,36630045,candelaria.romero@yahoo.com,+54 9 3267 1593,GEN-101,Ética y Tecnología,2,Desaprobado
2024-12-04,Sofia Belen,Bravo,41333709,sofia.belen.bravo@outlook.com,+54 9 2154 5398,GEN-101,Ética y Tecnología,3,Desaprobado
2024-12-04,Valentina,Ledesma,39003369,valentina.ledesma@outlook.com,+54 9 2808 7111,DAT-201,Estadística Avanzada,8,Aprobado
2024-12-05,Sofia,Gutierrez,44594931,sofia.gutierrez@yahoo.com,+54 9 3472 4097,IA-300,Redes Neuronales,3,Desaprobado
2024-12-05,Pilar,Gimenez,45245358,pilar.gimenez@yahoo.com,+54 9 2318 9070,NEG-400,Liderazgo y Negociación,9,Aprobado
2024-12-05,Nahiara,Quiroga,40132599,nahiara.quiroga@yahoo.com,+54 9 2801 7393,MKT-200,Marketing de Contenidos,10,Aprobado
2024-12-05,Geronimo,Mansilla,30716676,geronimo.mansilla@hotmail.com,+54 9 2783 8410,UX-100,Diseño de Experiencia de Usuario,2,Desaprobado
2024-12-05,Ciro,Caceres,43942866,ciro.caceres@yahoo.com,+54 9 2810 8961,DAT-101,Introducción a los Datos,2,Desaprobado
2024-12-06,Delfina,Acosta,32169352,delfina.acosta@outlook.com,+54 9 2578 7523,MKT-200,Marketing de Contenidos,7,Aprobado
2024-12-06,Juana,Gomez,40167473,juana.gomez@outlook.com,+54 9 2349 6632,IA-300,Redes Neuronales,6,Aprobado
2024-12-06,Sofia,Godoy,30946614,sofia.godoy@hotmail.com,+54 9 2277 7438,DAT-201,Estadística Avanzada,5,Aprobado
2024-12-06,Felipe,Ojeda,45076126,felipe.ojeda@hotmail.com,+54 9 2214 5024,UX-100,Diseño de Experiencia de Usuario,2,Desaprobado
2024-12-07,Luciana,Rodriguez,37706458,luciana.rodriguez@yahoo.com,+54 9 2168 5585,UX-100,Diseño de Experiencia de Usuario,10,Aprobado
2024-12-07,Rafael,Ledesma,30700814,rafael.ledesma@yahoo.com,+54 9 2976 2954,DAT-201,Estadística Avanzada,6,Aprobado
2024-12-07,Maite,Villalba,35627041,maite.villalba@outlook.com,+54 9 3960 6282,DEV-101,Algoritmos I,3,Desaprobado
2024-12-07,Lautaro Benjamin,Alvarez,35468094,lautaro.benjamin.alvarez@outlook.com,+54 9 3414 2024,DEV-101,Algoritmos I,3,Desaprobado
2024-12-07,Camila,Lopez,42590810,camila.lopez@hotmail.com,+54 9 2866 9837,DAT-201,Estadística Avanzada,2,Desaprobado
2024-12-07,Mateo Agustin,Rodriguez,42473833,mateo.agustin.rodriguez@hotmail.com,+54 9 2273 6791,MKT-200,Marketing de Contenidos,5,Aprobado
2024-12-07,Clara,Ojeda,37607894,clara.ojeda@outlook.com,+54 9 3692 7877,UX-100,Diseño de Experiencia de Usuario,1,Desaprobado
2024-12-07,Agustin,Garcia,32099618,agustin.garcia@yahoo.com,+54 9 3791 4083,DAT-101,Introducción a los Datos,8,Aprobado
2024-12-07,Luciano Benjamin,Fernandez,33033916,luciano.benjamin.fernandez@hotmail.com,+54 9 2147 0161,DAT-101,Introducción a los Datos,5,Aprobado
2024-12-08,Camilo,Ramos,35927529,camilo.ramos@outlook.com,+54 9 3456 2380,NEG-400,Liderazgo y Negociación,10,Aprobado
2024-12-08,Lucas Ezequiel,Fernandez,42331291,lucas.ezequiel.fernandez@yahoo.com,+54 9 2969 0729,IA-300,Redes Neuronales,2,Desaprobado
2024-12-08,Valentina,Paz,33789545,valentina.paz@gmail.com,+54 9 2627 6570,IA-300,Redes Neuronales,9,Aprobado
2024-12-08,Franco,Medina,45660425,franco.medina@hotmail.com,+54 9 3778 2152,MKT-200,Marketing de Contenidos,3,Desaprobado
2024-12-08,Delfina,Lopez,35569822,delfina.lopez@hotmail.com,+54 9 2250 8478,NEG-400,Liderazgo y Negociación,10,Aprobado
2024-12-08,Jeronimo,Arias,42280040,jeronimo.arias@hotmail.com,+54 9 3493 4405,DEV-101,Algoritmos I,4,Aprobado
2024-12-09,Emilia,Rodriguez,36878477,emilia.rodriguez@outlook.com,+54 9 2658 0367,DAT-201,Estadística Avanzada,10,Aprobado
2024-12-09,Isabella,Arias,36309794,isabella.arias@hotmail.com,+54 9 3470 9937,DAT-101,Introducción a los Datos,3,Desaprobado
2024-12-09,Alma,Acuña,40358012,alma.acuna@gmail.com,+54 9 2157 7844,DAT-101,Introducción a los Datos,6,Aprobado
2024-12-09,Thiago Benjamin,Suarez,36392604,thiago.benjamin.suarez@outlook.com,+54 9 3868 8461,IA-300,Redes Neuronales,6,Aprobado
2024-12-09,Ignacio,Gonzalez,34070539,ignacio.gonzalez@gmail.com,+54 9 2368 8357,DEV-101,Algoritmos I,4,Aprobado
2024-12-09,Santiago,Peralta,36313373,santiago.peralta@yahoo.com,+54 9 2543 8160,MKT-200,Marketing de Contenidos,2,Desaprobado
2024-12-10,Isabella,Sanchez,36461761,isabella.sanchez@outlook.com,+54 9 2791 8739,GEN-101,Ética y Tecnología,9,Aprobado
2024-12-10,Guadalupe,Sosa,44713988,guadalupe.sosa@outlook.com,+54 9 3273 2380,NEG-400,Liderazgo y Negociación,10,Aprobado
2024-12-10,Valentino,Ponce,37268989,valentino.ponce@outlook.com,+54 9 2771 2686,DAT-101,Introducción a los Datos,4,Aprobado
2024-12-10,Maximo,Rojas,35081927,maximo.rojas@outlook.com,+54 9 2532 0906,GEN-101,Ética y Tecnología,2,Desaprobado
2024-12-10,Victoria,Martin,39038900,victoria.martin@yahoo.com,+54 9 2568 6840,DAT-201,Estadística Avanzada,10,Aprobado
2024-12-10,Lola,Pereyra,34758464,,+54 9 2499 3581,NEG-400,Liderazgo y Negociación,8,Aprobado
2024-12-10,Ciro,Rodriguez,34631318,ciro.rodriguez@yahoo.com,+54 9 2847 7119,GEN-101,Ética y Tecnología,10,Aprobado
2024-12-11,Violeta,Vazquez,31509667,violeta.vazquez@yahoo.com,+54 9 3174 3433,MKT-200,Marketing de Contenidos,3,Desaprobado
2024-12-11,Sofia,Mendoza,30609077,sofia.mendoza@gmail.com,+54 9 3744 6115,DAT-201,Estadística Avanzada,9,Aprobado
2024-12-11,Gino,Rios,43802935,gino.rios@outlook.com,+54 9 2666 2954,DEV-101,Algoritmos I,4,Aprobado
2024-12-11,Milagros,Soria,44047721,milagros.soria@gmail.com,+54 9 2874 8184,DAT-101,Introducción a los Datos,6,Aprobado
2024-12-11,Ana Paula,Martinez,39269288,,+54 9 3296 8304,MKT-200,Marketing de Contenidos,9,Aprobado
2024-12-11,Guillermina,Garcia,31591629,guillermina.garcia@outlook.com,+54 9 3905 4651,IA-300,Redes Neuronales,10,Aprobado
2024-12-11,Renata,Lopez,35854507,renata.lopez@yahoo.com,+54 9 2350 8482,IA-300,Redes Neuronales,9,Aprobado
2024-12-11,Josefina,Escobar,31162466,josefina.escobar@outlook.com,+54 9 3725 2282,DAT-201,Estadística Avanzada,2,Desaprobado
2024-12-11,Ambar,Gomez,33827674,,+54 9 2110 8829,UX-100,Diseño de Experiencia de Usuario,7,Aprobado
2024-12-11,Bautista,Flores,35674650,bautista.flores@yahoo.com,+54 9 2903 9861,DEV-101,Algoritmos I,6,Aprobado
2024-12-11,Agustin,Suarez,38164166,agustin.suarez@hotmail.com,+54 9 3509 8099,IA-300,Redes Neuronales,5,Aprobado
2024-12-11,Felipe,Nuñez,30226372,felipe.nunez@gmail.com,+54 9 2202 2375,IA-300,Redes Neuronales,7,Aprobado
2024-12-12,Felipe,Quiroga,31205804,felipe.quiroga@yahoo.com,+54 9 3135 8421,GEN-101,Ética y Tecnología,8,Aprobado
2024-12-12,Ramiro,Acuña,37674710,ramiro.acuna@hotmail.com,+54 9 2248 9911,DEV-101,Algoritmos I,5,Aprobado
2024-12-12,Angelina,Gomez,38290123,angelina.gomez@yahoo.com,+54 9 2809 2655,NEG-400,Liderazgo y Negociación,10,Aprobado
2024-12-12,Pilar,Blanco,35023742,pilar.blanco@hotmail.com,+54 9 2457 1189,DEV-101,Algoritmos I,6,Aprobado
2024-12-12,Santino,Barrios,30910226,santino.barrios@hotmail.com,+54 9 3600 8433,DEV-101,Algoritmos I,9,Aprobado
2024-12-12,Martina,Ojeda,42740444,martina.ojeda@yahoo.com,+54 9 2462 7303,DAT-201,Estadística Avanzada,5,Aprobado
2024-12-12,Valentina ,Fernandez,33130984,valentina..fernandez@yahoo.com,+54 9 2451 6282,DAT-201,Estadística Avanzada,5,Aprobado
2024-12-12,Francesca,Arias,37927619,francesca.arias@yahoo.com,+54 9 3291 8567,IA-300,Redes Neuronales,4,Aprobado
2024-12-12,Benicio,Ponce,35915600,benicio.ponce@gmail.com,+54 9 3238 0902,UX-100,Diseño de Experiencia de Usuario,2,Desaprobado
2024-12-12,Facundo,Pereyra,39916823,facundo.pereyra@outlook.com,+54 9 3460 3432,UX-100,Diseño de Experiencia de Usuario,1,Desaprobado
2024-12-12,Alfonsina,Lopez,34130452,alfonsina.lopez@yahoo.com,+54 9 2830 3147,MKT-200,Marketing de Contenidos,9,Aprobado
2024-12-12,Lucas,Ramirez,40038176,lucas.ramirez@hotmail.com,+54 9 3944 3657,UX-100,Diseño de Experiencia de Usuario,9,Aprobado
2024-12-12,Delfina,Acuña,33567445,delfina.acuna@yahoo.com,+54 9 3150 4515,DEV-101,Algoritmos I,1,Desaprobado
2024-12-12,Julieta,Duarte,44753132,julieta.duarte@yahoo.com,+54 9 3974 7739,GEN-101,Ética y Tecnología,1,Desaprobado
2024-12-12,Nahiara Jazmin,Morales,36070932,nahiara.jazmin.morales@hotmail.com,+54 9 3983 4691,NEG-400,Liderazgo y Negociación,9,Aprobado
2024-12-13,Olivia,Torres,32196825,olivia.torres@outlook.com,+54 9 2889 5702,UX-100,Diseño de Experiencia de Usuario,1,Desaprobado
2024-12-13,Paloma,Alvarez,34146531,paloma.alvarez@yahoo.com,+54 9 2287 0519,DEV-101,Algoritmos I,1,Desaprobado
2024-12-13,Simon,Ferreyra,42826422,simon.ferreyra@outlook.com,+54 9 2314 6197,DEV-101,Algoritmos I,2,Desaprobado
2024-12-13,Juan Ignacio,Gimenez,45331374,juan.ignacio.gimenez@gmail.com,+54 9 2865 1013,DAT-201,Estadística Avanzada,9,Aprobado
2024-12-13,Joaquín,Godoy,42613265,joaquin.godoy@gmail.com,+54 9 2986 2185,NEG-400,Liderazgo y Negociación,7,Aprobado
2024-12-13,Catalina,Rodriguez,44859529,catalina.rodriguez@yahoo.com,+54 9 3586 5103,DAT-201,Estadística Avanzada,9,Aprobado
2024-12-13,Antonella,Ramirez,38333929,antonella.ramirez@yahoo.com,+54 9 3260 2559,UX-100,Diseño de Experiencia de Usuario,9,Aprobado
2024-12-13,Juana,Rios,32369229,juana.rios@yahoo.com,+54 9 2872 5176,DAT-201,Estadística Avanzada,9,Aprobado
2024-12-13,Violeta,Diaz,36489803,violeta.diaz@hotmail.com,+54 9 2726 4086,NEG-400,Liderazgo y Negociación,4,Aprobado
2024-12-14,Valentino,Soria,44483113,valentino.soria@gmail.com,+54 9 3320 3272,DAT-101,Introducción a los Datos,1,Desaprobado
2024-12-14,Maximo,Perez,36629400,maximo.perez@yahoo.com,+54 9 2589 0528,DEV-101,Algoritmos I,10,Aprobado
2024-12-14,Guillermina,Gimenez,37222211,guillermina.gimenez@outlook.com,+54 9 2307 9996,GEN-101,Ética y Tecnología,10,Aprobado
2024-12-14,Florencia,Rojas,42253635,florencia.rojas@outlook.com,+54 9 2702 8180,DAT-201,Estadística Avanzada,9,Aprobado
2024-12-14,Tomàs,Sanchez,39074649,tomas.sanchez@outlook.com,+54 9 2177 5226,NEG-400,Liderazgo y Negociación,1,Desaprobado
2024-12-14,Thiago Agustin,Torres,33665133,thiago.agustin.torres@outlook.com,+54 9 2744 3520,DAT-101,Introducción a los Datos,2,Desaprobado
2024-12-14,Nina,Acosta,45908531,nina.acosta@yahoo.com,+54 9 2328 8839,IA-300,Redes Neuronales,3,Desaprobado
2024-12-14,Geronimo,Soria,41111676,geronimo.soria@gmail.com,+54 9 3145 1502,IA-300,Redes Neuronales,4,Aprobado
