"ID_Evaluacion","ID_Inscripcion","Fecha_Lista","Nota","Estado","ERROR"
"45147679_GEN-101_2024-1_2024-03-01","45147679_GEN-101_2024-1","2024-03-01","10","Aprobado","storage limit exceeded"
"33789545_DAT-201_2024-1_2024-03-01","33789545_DAT-201_2024-1","2024-03-01","1","Desaprobado","storage limit exceeded"
"34250668_DEV-101_2024-1_2024-03-01","34250668_DEV-101_2024-1","2024-03-01","7","Aprobado","storage limit exceeded"
"41943395_GEN-101_2024-1_2024-03-01","41943395_GEN-101_2024-1","2024-03-01","8","Aprobado","storage limit exceeded"
"37706458_IA-300_2024-1_2024-03-01","37706458_IA-300_2024-1","2024-03-01","5","Aprobado","storage limit exceeded"
"30309712_NEG-400_2024-1_2024-03-01","30309712_NEG-400_2024-1","2024-03-01","3","Desaprobado","storage limit exceeded"
"43539600_NEG-400_2024-1_2024-03-02","43539600_NEG-400_2024-1","2024-03-02","5","Aprobado","storage limit exceeded"
"32343092_MKT-200_2024-1_2024-03-02","32343092_MKT-200_2024-1","2024-03-02","3","Desaprobado","storage limit exceeded"
"45688788_DAT-201_2024-1_2024-03-02","45688788_DAT-201_2024-1","2024-03-02","10","Aprobado","storage limit exceeded"
"45130131_IA-300_2024-1_2024-03-02","45130131_IA-300_2024-1","2024-03-02","8","Aprobado","storage limit exceeded"
"41111676_DAT-201_2024-1_2024-03-02","41111676_DAT-201_2024-1","2024-03-02","2","Desaprobado","storage limit exceeded"
"44047721_MKT-200_2024-1_2024-03-02","44047721_MKT-200_2024-1","2024-03-02","4","Aprobado","storage limit exceeded"
"37513790_UX-100_2024-1_2024-03-02","37513790_UX-100_2024-1","2024-03-02","5","Aprobado","storage limit exceeded"
"43449566_DEV-101_2024-1_2024-03-02","43449566_DEV-101_2024-1","2024-03-02","6","Aprobado","storage limit exceeded"
"31303564_DAT-201_2024-1_2024-03-03","31303564_DAT-201_2024-1","2024-03-03","6","Aprobado","storage limit exceeded"
"39074649_DEV-101_2024-1_2024-03-03","39074649_DEV-101_2024-1","2024-03-03","9","Aprobado","storage limit exceeded"
"30542692_NEG-400_2024-1_2024-03-03","30542692_NEG-400_2024-1","2024-03-03","10","Aprobado","storage limit exceeded"
"34508314_NEG-400_2024-1_2024-03-03","34508314_NEG-400_2024-1","2024-03-03","10","Aprobado","storage limit exceeded"
"38811418_NEG-400_2024-1_2024-03-03","38811418_NEG-400_2024-1","2024-03-03","6","Aprobado","storage limit exceeded"
"35891432_DAT-101_2024-1_2024-03-03","35891432_DAT-101_2024-1","2024-03-03","3","Desaprobado","storage limit exceeded"
"36163868_DAT-101_2024-1_2024-03-04","36163868_DAT-101_2024-1","2024-03-04","7","Aprobado","storage limit exceeded"
"38677145_DEV-101_2024-1_2024-03-04","38677145_DEV-101_2024-1","2024-03-04","4","Aprobado","storage limit exceeded"
"32971550_UX-100_2024-1_2024-03-04","32971550_UX-100_2024-1","2024-03-04","3","Desaprobado","storage limit exceeded"
"30348701_IA-300_2024-1_2024-03-04","30348701_IA-300_2024-1","2024-03-04","9","Aprobado","storage limit exceeded"
"41944353_DAT-101_2024-1_2024-03-04","41944353_DAT-101_2024-1","2024-03-04","7","Aprobado","storage limit exceeded"
"44313136_DAT-101_2024-1_2024-03-04","44313136_DAT-101_2024-1","2024-03-04","2","Desaprobado","storage limit exceeded"
"31763113_UX-100_2024-1_2024-03-04","31763113_UX-100_2024-1","2024-03-04","4","Aprobado","storage limit exceeded"
"37085503_DEV-101_2024-1_2024-03-05","37085503_DEV-101_2024-1","2024-03-05","2","Desaprobado","storage limit exceeded"
"40578248_MKT-200_2024-1_2024-03-05","40578248_MKT-200_2024-1","2024-03-05","10","Aprobado","storage limit exceeded"
"33541682_UX-100_2024-1_2024-03-05","33541682_UX-100_2024-1","2024-03-05","4","Aprobado","storage limit exceeded"
"44012569_GEN-101_2024-1_2024-03-05","44012569_GEN-101_2024-1","2024-03-05","9","Aprobado","storage limit exceeded"
"42500015_DAT-101_2024-1_2024-03-05","42500015_DAT-101_2024-1","2024-03-05","2","Desaprobado","storage limit exceeded"
"45840080_DAT-101_2024-1_2024-03-05","45840080_DAT-101_2024-1","2024-03-05","10","Aprobado","storage limit exceeded"
"35376871_NEG-400_2024-1_2024-03-05","35376871_NEG-400_2024-1","2024-03-05","1","Desaprobado","storage limit exceeded"
"39696052_GEN-101_2024-1_2024-03-05","39696052_GEN-101_2024-1","2024-03-05","8","Aprobado","storage limit exceeded"
"30117903_IA-300_2024-1_2024-03-05","30117903_IA-300_2024-1","2024-03-05","7","Aprobado","storage limit exceeded"
"41068300_IA-300_2024-1_2024-03-05","41068300_IA-300_2024-1","2024-03-05","3","Desaprobado","storage limit exceeded"
"35620137_NEG-400_2024-1_2024-03-05","35620137_NEG-400_2024-1","2024-03-05","1","Desaprobado","storage limit exceeded"
"38207316_DEV-101_2024-1_2024-03-05","38207316_DEV-101_2024-1","2024-03-05","4","Aprobado","storage limit exceeded"
"42254691_IA-300_2024-1_2024-03-06","42254691_IA-300_2024-1","2024-03-06","8","Aprobado","storage limit exceeded"
"44635112_IA-300_2024-1_2024-03-06","44635112_IA-300_2024-1","2024-03-06","6","Aprobado","storage limit exceeded"
"41289550_UX-100_2024-1_2024-03-06","41289550_UX-100_2024-1","2024-03-06","9","Aprobado","storage limit exceeded"
"45656190_DAT-101_2024-1_2024-03-06","45656190_DAT-101_2024-1","2024-03-06","5","Aprobado","storage limit exceeded"
"31621161_MKT-200_2024-1_2024-03-06","31621161_MKT-200_2024-1","2024-03-06","7","Aprobado","storage limit exceeded"
"42845702_MKT-200_2024-1_2024-03-06","42845702_MKT-200_2024-1","2024-03-06","5","Aprobado","storage limit exceeded"
"35420584_IA-300_2024-1_2024-03-06","35420584_IA-300_2024-1","2024-03-06","10","Aprobado","storage limit exceeded"
"36369209_UX-100_2024-1_2024-03-06","36369209_UX-100_2024-1","2024-03-06","9","Aprobado","storage limit exceeded"
"43625205_UX-100_2024-1_2024-03-06","43625205_UX-100_2024-1","2024-03-06","1","Desaprobado","storage limit exceeded"
"44094966_DAT-201_2024-1_2024-03-07","44094966_DAT-201_2024-1","2024-03-07","10","Aprobado","storage limit exceeded"
"35824110_GEN-101_2024-1_2024-03-07","35824110_GEN-101_2024-1","2024-03-07","6","Aprobado","storage limit exceeded"
"40033579_UX-100_2024-1_2024-03-07","40033579_UX-100_2024-1","2024-03-07","8","Aprobado","storage limit exceeded"
"38194575_DAT-101_2024-1_2024-03-07","38194575_DAT-101_2024-1","2024-03-07","6","Aprobado","storage limit exceeded"
"33952849_DAT-201_2024-1_2024-03-07","33952849_DAT-201_2024-1","2024-03-07","5","Aprobado","storage limit exceeded"
"32991581_GEN-101_2024-1_2024-03-08","32991581_GEN-101_2024-1","2024-03-08","5","Aprobado","storage limit exceeded"
"41885509_NEG-400_2024-1_2024-03-08","41885509_NEG-400_2024-1","2024-03-08","4","Aprobado","storage limit exceeded"
"33838303_GEN-101_2024-1_2024-03-08","33838303_GEN-101_2024-1","2024-03-08","10","Aprobado","storage limit exceeded"
"36279807_NEG-400_2024-1_2024-03-08","36279807_NEG-400_2024-1","2024-03-08","7","Aprobado","storage limit exceeded"
"42208457_DAT-201_2024-1_2024-03-08","42208457_DAT-201_2024-1","2024-03-08","7","Aprobado","storage limit exceeded"
"38750180_UX-100_2024-1_2024-03-08","38750180_UX-100_2024-1","2024-03-08","5","Aprobado","storage limit exceeded"
"37222211_DEV-101_2024-1_2024-03-08","37222211_DEV-101_2024-1","2024-03-08","2","Desaprobado","storage limit exceeded"
"38645258_MKT-200_2024-1_2024-03-09","38645258_MKT-200_2024-1","2024-03-09","6","Aprobado","storage limit exceeded"
"37604035_DAT-201_2024-1_2024-03-09","37604035_DAT-201_2024-1","2024-03-09","1","Desaprobado","storage limit exceeded"
"32160000_DEV-101_2024-1_2024-03-09","32160000_DEV-101_2024-1","2024-03-09","4","Aprobado","storage limit exceeded"
"38223982_UX-100_2024-1_2024-03-09","38223982_UX-100_2024-1","2024-03-09","2","Desaprobado","storage limit exceeded"
"41289550_MKT-200_2024-1_2024-03-09","41289550_MKT-200_2024-1","2024-03-09","6","Aprobado","storage limit exceeded"
"33081027_UX-100_2024-1_2024-03-09","33081027_UX-100_2024-1","2024-03-09","9","Aprobado","storage limit exceeded"
"32349994_UX-100_2024-1_2024-03-09","32349994_UX-100_2024-1","2024-03-09","9","Aprobado","storage limit exceeded"
"34636803_MKT-200_2024-1_2024-03-09","34636803_MKT-200_2024-1","2024-03-09","4","Aprobado","storage limit exceeded"
"38629655_IA-300_2024-1_2024-03-10","38629655_IA-300_2024-1","2024-03-10","3","Desaprobado","storage limit exceeded"
"36015798_UX-100_2024-1_2024-03-10","36015798_UX-100_2024-1","2024-03-10","10","Aprobado","storage limit exceeded"
"37951141_DAT-101_2024-1_2024-03-10","37951141_DAT-101_2024-1","2024-03-10","4","Aprobado","storage limit exceeded"
"39734889_GEN-101_2024-1_2024-03-10","39734889_GEN-101_2024-1","2024-03-10","2","Desaprobado","storage limit exceeded"
"41134242_GEN-101_2024-1_2024-03-10","41134242_GEN-101_2024-1","2024-03-10","9","Aprobado","storage limit exceeded"
"31379964_GEN-101_2024-1_2024-03-10","31379964_GEN-101_2024-1","2024-03-10","9","Aprobado","storage limit exceeded"
"45752068_DAT-101_2024-1_2024-03-10","45752068_DAT-101_2024-1","2024-03-10","1","Desaprobado","storage limit exceeded"
"37795993_DEV-101_2024-1_2024-03-10","37795993_DEV-101_2024-1","2024-03-10","1","Desaprobado","storage limit exceeded"
"36128228_MKT-200_2024-1_2024-03-10","36128228_MKT-200_2024-1","2024-03-10","6","Aprobado","storage limit exceeded"
"33155313_DAT-101_2024-1_2024-03-11","33155313_DAT-101_2024-1","2024-03-11","7","Aprobado","storage limit exceeded"
"31187731_MKT-200_2024-1_2024-03-11","31187731_MKT-200_2024-1","2024-03-11","9","Aprobado","storage limit exceeded"
"30507337_IA-300_2024-1_2024-03-11","30507337_IA-300_2024-1","2024-03-11","3","Desaprobado","storage limit exceeded"
"33195960_GEN-101_2024-1_2024-03-11","33195960_GEN-101_2024-1","2024-03-11","6","Aprobado","storage limit exceeded"
"35524090_MKT-200_2024-1_2024-03-11","35524090_MKT-200_2024-1","2024-03-11","6","Aprobado","storage limit exceeded"
"35081927_DAT-201_2024-1_2024-03-12","35081927_DAT-201_2024-1","2024-03-12","5","Aprobado","storage limit exceeded"
"35845730_NEG-400_2024-1_2024-03-12","35845730_NEG-400_2024-1","2024-03-12","5","Aprobado","storage limit exceeded"
"42574929_IA-300_2024-1_2024-03-12","42574929_IA-300_2024-1","2024-03-12","8","Aprobado","storage limit exceeded"
"31370404_GEN-101_2024-1_2024-03-12","31370404_GEN-101_2024-1","2024-03-12","3","Desaprobado","storage limit exceeded"
"35915007_DAT-201_2024-1_2024-03-12","35915007_DAT-201_2024-1","2024-03-12","8","Aprobado","storage limit exceeded"
"35589315_DEV-101_2024-1_2024-03-12","35589315_DEV-101_2024-1","2024-03-12","6","Aprobado","storage limit exceeded"
"32200927_MKT-200_2024-1_2024-03-12","32200927_MKT-200_2024-1","2024-03-12","10","Aprobado","storage limit exceeded"
"42305779_DAT-101_2024-1_2024-03-13","42305779_DAT-101_2024-1","2024-03-13","5","Aprobado","storage limit exceeded"
"40988877_NEG-400_2024-1_2024-03-13","40988877_NEG-400_2024-1","2024-03-13","9","Aprobado","storage limit exceeded"
"32150912_GEN-101_2024-1_2024-03-13","32150912_GEN-101_2024-1","2024-03-13","4","Aprobado","storage limit exceeded"
"34471842_NEG-400_2024-1_2024-03-13","34471842_NEG-400_2024-1","2024-03-13","7","Aprobado","storage limit exceeded"
"33988348_NEG-400_2024-1_2024-03-13","33988348_NEG-400_2024-1","2024-03-13","1","Desaprobado","storage limit exceeded"
"31554768_IA-300_2024-1_2024-03-13","31554768_IA-300_2024-1","2024-03-13","3","Desaprobado","storage limit exceeded"
"41754338_IA-300_2024-1_2024-03-14","41754338_IA-300_2024-1","2024-03-14","1","Desaprobado","storage limit exceeded"
"32474711_IA-300_2024-1_2024-03-14","32474711_IA-300_2024-1","2024-03-14","6","Aprobado","storage limit exceeded"
"41591741_NEG-400_2024-1_2024-03-14","41591741_NEG-400_2024-1","2024-03-14","1","Desaprobado","storage limit exceeded"
"36117422_DAT-101_2024-1_2024-03-14","36117422_DAT-101_2024-1","2024-03-14","7","Aprobado","storage limit exceeded"
"36005534_DAT-101_2024-1_2024-03-14","36005534_DAT-101_2024-1","2024-03-14","5","Aprobado","storage limit exceeded"
"32088271_MKT-200_2024-1_2024-03-14","32088271_MKT-200_2024-1","2024-03-14","1","Desaprobado","storage limit exceeded"
"42740444_MKT-200_2024-1_2024-03-14","42740444_MKT-200_2024-1","2024-03-14","1","Desaprobado","storage limit exceeded"
"36868365_UX-100_2024-1_2024-03-15","36868365_UX-100_2024-1","2024-03-15","1","Desaprobado","storage limit exceeded"
"43315303_GEN-101_2024-1_2024-03-15","43315303_GEN-101_2024-1","2024-03-15","3","Desaprobado","storage limit exceeded"
"37275248_DAT-201_2024-1_2024-03-15","37275248_DAT-201_2024-1","2024-03-15","7","Aprobado","storage limit exceeded"
"43904609_DEV-101_2024-1_2024-03-15","43904609_DEV-101_2024-1","2024-03-15","6","Aprobado","storage limit exceeded"
"42763799_DAT-201_2024-1_2024-03-15","42763799_DAT-201_2024-1","2024-03-15","2","Desaprobado","storage limit exceeded"
"33601032_DAT-201_2024-1_2024-03-15","33601032_DAT-201_2024-1","2024-03-15","2","Desaprobado","storage limit exceeded"
"31629308_DAT-201_2024-1_2024-03-15","31629308_DAT-201_2024-1","2024-03-15","2","Desaprobado","storage limit exceeded"
"42881854_MKT-200_2024-1_2024-03-15","42881854_MKT-200_2024-1","2024-03-15","4","Aprobado","storage limit exceeded"
"33293475_UX-100_2024-1_2024-03-15","33293475_UX-100_2024-1","2024-03-15","7","Aprobado","storage limit exceeded"
"37663002_DAT-101_2024-1_2024-03-16","37663002_DAT-101_2024-1","2024-03-16","10","Aprobado","storage limit exceeded"
"37795993_GEN-101_2024-1_2024-03-16","37795993_GEN-101_2024-1","2024-03-16","8","Aprobado","storage limit exceeded"
"34343777_NEG-400_2024-1_2024-03-16","34343777_NEG-400_2024-1","2024-03-16","1","Desaprobado","storage limit exceeded"
"43888324_UX-100_2024-1_2024-03-16","43888324_UX-100_2024-1","2024-03-16","9","Aprobado","storage limit exceeded"
"42645481_MKT-200_2024-1_2024-03-16","42645481_MKT-200_2024-1","2024-03-16","4","Aprobado","storage limit exceeded"
"42613265_IA-300_2024-1_2024-03-16","42613265_IA-300_2024-1","2024-03-16","5","Aprobado","storage limit exceeded"
"40603350_DAT-101_2024-1_2024-03-16","40603350_DAT-101_2024-1","2024-03-16","1","Desaprobado","storage limit exceeded"
"35650079_DEV-101_2024-1_2024-03-16","35650079_DEV-101_2024-1","2024-03-16","1","Desaprobado","storage limit exceeded"
"36630045_MKT-200_2024-1_2024-03-16","36630045_MKT-200_2024-1","2024-03-16","1","Desaprobado","storage limit exceeded"
"34939319_DAT-201_2024-1_2024-03-16","34939319_DAT-201_2024-1","2024-03-16","6","Aprobado","storage limit exceeded"
"39916823_IA-300_2024-1_2024-03-16","39916823_IA-300_2024-1","2024-03-16","2","Desaprobado","storage limit exceeded"
"31629308_DAT-201_2024-1_2024-03-17","31629308_DAT-201_2024-1","2024-03-17","1","Desaprobado","storage limit exceeded"
"36906085_UX-100_2024-1_2024-03-17","36906085_UX-100_2024-1","2024-03-17","5","Aprobado","storage limit exceeded"
"34211417_DEV-101_2024-1_2024-03-17","34211417_DEV-101_2024-1","2024-03-17","8","Aprobado","storage limit exceeded"
"45182848_IA-300_2024-1_2024-03-17","45182848_IA-300_2024-1","2024-03-17","10","Aprobado","storage limit exceeded"
"37795993_GEN-101_2024-1_2024-03-17","37795993_GEN-101_2024-1","2024-03-17","1","Desaprobado","storage limit exceeded"
"40422549_MKT-200_2024-1_2024-03-17","40422549_MKT-200_2024-1","2024-03-17","10","Aprobado","storage limit exceeded"
"31122274_IA-300_2024-1_2024-03-17","31122274_IA-300_2024-1","2024-03-17","7","Aprobado","storage limit exceeded"
"32152121_MKT-200_2024-1_2024-03-17","32152121_MKT-200_2024-1","2024-03-17","3","Desaprobado","storage limit exceeded"
"36362413_NEG-400_2024-1_2024-03-18","36362413_NEG-400_2024-1","2024-03-18","6","Aprobado","storage limit exceeded"
"37856329_GEN-101_2024-1_2024-03-18","37856329_GEN-101_2024-1","2024-03-18","3","Desaprobado","storage limit exceeded"
"38934818_DAT-201_2024-1_2024-03-18","38934818_DAT-201_2024-1","2024-03-18","9","Aprobado","storage limit exceeded"
"43651742_UX-100_2024-1_2024-03-18","43651742_UX-100_2024-1","2024-03-18","8","Aprobado","storage limit exceeded"
"44661890_GEN-101_2024-1_2024-03-18","44661890_GEN-101_2024-1","2024-03-18","6","Aprobado","storage limit exceeded"
"37706458_MKT-200_2024-1_2024-03-18","37706458_MKT-200_2024-1","2024-03-18","8","Aprobado","storage limit exceeded"
"35648819_DAT-101_2024-1_2024-03-18","35648819_DAT-101_2024-1","2024-03-18","10","Aprobado","storage limit exceeded"
"30680437_DEV-101_2024-1_2024-03-18","30680437_DEV-101_2024-1","2024-03-18","2","Desaprobado","storage limit exceeded"
"35915416_DAT-201_2024-1_2024-03-19","35915416_DAT-201_2024-1","2024-03-19","3","Desaprobado","storage limit exceeded"
"38526500_DAT-101_2024-1_2024-03-19","38526500_DAT-101_2024-1","2024-03-19","9","Aprobado","storage limit exceeded"
"31629308_UX-100_2024-1_2024-03-19","31629308_UX-100_2024-1","2024-03-19","1","Desaprobado","storage limit exceeded"
"37869329_IA-300_2024-1_2024-03-19","37869329_IA-300_2024-1","2024-03-19","9","Aprobado","storage limit exceeded"
"30856430_DAT-201_2024-1_2024-03-19","30856430_DAT-201_2024-1","2024-03-19","4","Aprobado","storage limit exceeded"
"42760731_NEG-400_2024-1_2024-03-19","42760731_NEG-400_2024-1","2024-03-19","5","Aprobado","storage limit exceeded"
"41332008_GEN-101_2024-1_2024-03-19","41332008_GEN-101_2024-1","2024-03-19","1","Desaprobado","storage limit exceeded"
"31767975_DAT-101_2024-1_2024-03-20","31767975_DAT-101_2024-1","2024-03-20","5","Aprobado","storage limit exceeded"
"42254691_DAT-201_2024-1_2024-03-20","42254691_DAT-201_2024-1","2024-03-20","5","Aprobado","storage limit exceeded"
"44536877_NEG-400_2024-1_2024-03-20","44536877_NEG-400_2024-1","2024-03-20","7","Aprobado","storage limit exceeded"
"38877407_DEV-101_2024-1_2024-03-20","38877407_DEV-101_2024-1","2024-03-20","6","Aprobado","storage limit exceeded"
"35049197_DAT-201_2024-1_2024-03-20","35049197_DAT-201_2024-1","2024-03-20","10","Aprobado","storage limit exceeded"
"36629400_DEV-101_2024-1_2024-03-20","36629400_DEV-101_2024-1","2024-03-20","4","Aprobado","storage limit exceeded"
"36701152_DAT-201_2024-1_2024-03-20","36701152_DAT-201_2024-1","2024-03-20","2","Desaprobado","storage limit exceeded"
"39775624_UX-100_2024-1_2024-03-20","39775624_UX-100_2024-1","2024-03-20","9","Aprobado","storage limit exceeded"
"30362258_NEG-400_2024-1_2024-03-21","30362258_NEG-400_2024-1","2024-03-21","7","Aprobado","storage limit exceeded"
"36309794_IA-300_2024-1_2024-03-21","36309794_IA-300_2024-1","2024-03-21","4","Aprobado","storage limit exceeded"
"36727365_DAT-101_2024-1_2024-03-21","36727365_DAT-101_2024-1","2024-03-21","9","Aprobado","storage limit exceeded"
"31087473_UX-100_2024-1_2024-03-21","31087473_UX-100_2024-1","2024-03-21","6","Aprobado","storage limit exceeded"
"45561312_GEN-101_2024-1_2024-03-21","45561312_GEN-101_2024-1","2024-03-21","9","Aprobado","storage limit exceeded"
"35515194_DAT-101_2024-1_2024-03-21","35515194_DAT-101_2024-1","2024-03-21","10","Aprobado","storage limit exceeded"
"30279612_MKT-200_2024-1_2024-03-21","30279612_MKT-200_2024-1","2024-03-21","5","Aprobado","storage limit exceeded"
"30252475_UX-100_2024-1_2024-03-21","30252475_UX-100_2024-1","2024-03-21","5","Aprobado","storage limit exceeded"
"42727516_IA-300_2024-1_2024-03-22","42727516_IA-300_2024-1","2024-03-22","7","Aprobado","storage limit exceeded"
"42208457_UX-100_2024-1_2024-03-22","42208457_UX-100_2024-1","2024-03-22","2","Desaprobado","storage limit exceeded"
"32349994_MKT-200_2024-1_2024-03-22","32349994_MKT-200_2024-1","2024-03-22","4","Aprobado","storage limit exceeded"
"44385458_DEV-101_2024-1_2024-03-22","44385458_DEV-101_2024-1","2024-03-22","1","Desaprobado","storage limit exceeded"
"34567608_DEV-101_2024-1_2024-03-22","34567608_DEV-101_2024-1","2024-03-22","3","Desaprobado","storage limit exceeded"
"42909942_DAT-201_2024-1_2024-03-22","42909942_DAT-201_2024-1","2024-03-22","10","Aprobado","storage limit exceeded"
"38622234_MKT-200_2024-1_2024-03-22","38622234_MKT-200_2024-1","2024-03-22","6","Aprobado","storage limit exceeded"
"44927685_MKT-200_2024-1_2024-03-22","44927685_MKT-200_2024-1","2024-03-22","4","Aprobado","storage limit exceeded"
"35316729_MKT-200_2024-1_2024-03-22","35316729_MKT-200_2024-1","2024-03-22","3","Desaprobado","storage limit exceeded"
"38194575_DAT-201_2024-1_2024-03-22","38194575_DAT-201_2024-1","2024-03-22","1","Desaprobado","storage limit exceeded"
"41530667_GEN-101_2024-1_2024-03-23","41530667_GEN-101_2024-1","2024-03-23","8","Aprobado","storage limit exceeded"
"34356381_UX-100_2024-1_2024-03-23","34356381_UX-100_2024-1","2024-03-23","9","Aprobado","storage limit exceeded"
"43105183_GEN-101_2024-1_2024-03-23","43105183_GEN-101_2024-1","2024-03-23","3","Desaprobado","storage limit exceeded"
"41112892_DEV-101_2024-1_2024-03-23","41112892_DEV-101_2024-1","2024-03-23","5","Aprobado","storage limit exceeded"
"32141644_DEV-101_2024-1_2024-03-23","32141644_DEV-101_2024-1","2024-03-23","6","Aprobado","storage limit exceeded"
"31061893_DAT-101_2024-1_2024-03-23","31061893_DAT-101_2024-1","2024-03-23","7","Aprobado","storage limit exceeded"
"40578248_DAT-201_2024-1_2024-03-23","40578248_DAT-201_2024-1","2024-03-23","8","Aprobado","storage limit exceeded"
"37674710_UX-100_2024-1_2024-03-23","37674710_UX-100_2024-1","2024-03-23","10","Aprobado","storage limit exceeded"
"39571770_IA-300_2024-1_2024-03-23","39571770_IA-300_2024-1","2024-03-23","6","Aprobado","storage limit exceeded"
"36163868_GEN-101_2024-1_2024-03-24","36163868_GEN-101_2024-1","2024-03-24","3","Desaprobado","storage limit exceeded"
"39463207_IA-300_2024-1_2024-03-24","39463207_IA-300_2024-1","2024-03-24","6","Aprobado","storage limit exceeded"
"35517472_DAT-201_2024-1_2024-03-24","35517472_DAT-201_2024-1","2024-03-24","4","Aprobado","storage limit exceeded"
"37678418_DAT-101_2024-1_2024-03-25","37678418_DAT-101_2024-1","2024-03-25","1","Desaprobado","storage limit exceeded"
"34635361_DAT-201_2024-1_2024-03-25","34635361_DAT-201_2024-1","2024-03-25","5","Aprobado","storage limit exceeded"
"42253635_MKT-200_2024-1_2024-03-25","42253635_MKT-200_2024-1","2024-03-25","9","Aprobado","storage limit exceeded"
"35501443_UX-100_2024-1_2024-03-25","35501443_UX-100_2024-1","2024-03-25","1","Desaprobado","storage limit exceeded"
"40245831_NEG-400_2024-1_2024-03-26","40245831_NEG-400_2024-1","2024-03-26","7","Aprobado","storage limit exceeded"
"39144752_DAT-201_2024-1_2024-03-26","39144752_DAT-201_2024-1","2024-03-26","2","Desaprobado","storage limit exceeded"
"41931470_IA-300_2024-1_2024-03-26","41931470_IA-300_2024-1","2024-03-26","4","Aprobado","storage limit exceeded"
"39386440_DAT-201_2024-1_2024-03-26","39386440_DAT-201_2024-1","2024-03-26","9","Aprobado","storage limit exceeded"
"36906085_DAT-201_2024-1_2024-03-26","36906085_DAT-201_2024-1","2024-03-26","10","Aprobado","storage limit exceeded"
"36948146_DEV-101_2024-1_2024-03-26","36948146_DEV-101_2024-1","2024-03-26","2","Desaprobado","storage limit exceeded"
"34092604_GEN-101_2024-1_2024-03-26","34092604_GEN-101_2024-1","2024-03-26","4","Aprobado","storage limit exceeded"
"37505561_GEN-101_2024-1_2024-03-26","37505561_GEN-101_2024-1","2024-03-26","10","Aprobado","storage limit exceeded"
"45419981_DEV-101_2024-1_2024-03-26","45419981_DEV-101_2024-1","2024-03-26","4","Aprobado","storage limit exceeded"
"45503533_MKT-200_2024-1_2024-03-26","45503533_MKT-200_2024-1","2024-03-26","1","Desaprobado","storage limit exceeded"
"42500015_IA-300_2024-1_2024-03-26","42500015_IA-300_2024-1","2024-03-26","10","Aprobado","storage limit exceeded"
"30966401_UX-100_2024-1_2024-03-26","30966401_UX-100_2024-1","2024-03-26","4","Aprobado","storage limit exceeded"
"36456678_DAT-201_2024-1_2024-03-27","36456678_DAT-201_2024-1","2024-03-27","8","Aprobado","storage limit exceeded"
"30465936_DAT-101_2024-1_2024-03-27","30465936_DAT-101_2024-1","2024-03-27","1","Desaprobado","storage limit exceeded"
"40764881_DEV-101_2024-1_2024-03-27","40764881_DEV-101_2024-1","2024-03-27","2","Desaprobado","storage limit exceeded"
"37142397_IA-300_2024-1_2024-03-27","37142397_IA-300_2024-1","2024-03-27","9","Aprobado","storage limit exceeded"
"38481398_UX-100_2024-1_2024-03-27","38481398_UX-100_2024-1","2024-03-27","2","Desaprobado","storage limit exceeded"
"44654200_DAT-101_2024-1_2024-03-27","44654200_DAT-101_2024-1","2024-03-27","4","Aprobado","storage limit exceeded"
"45171795_IA-300_2024-1_2024-03-27","45171795_IA-300_2024-1","2024-03-27","1","Desaprobado","storage limit exceeded"
"40167473_UX-100_2024-1_2024-03-27","40167473_UX-100_2024-1","2024-03-27","3","Desaprobado","storage limit exceeded"
"42002650_NEG-400_2024-1_2024-03-27","42002650_NEG-400_2024-1","2024-03-27","6","Aprobado","storage limit exceeded"
"34758464_GEN-101_2024-1_2024-03-27","34758464_GEN-101_2024-1","2024-03-27","2","Desaprobado","storage limit exceeded"
"39194704_DEV-101_2024-1_2024-03-27","39194704_DEV-101_2024-1","2024-03-27","5","Aprobado","storage limit exceeded"
"36489803_DAT-201_2024-1_2024-03-27","36489803_DAT-201_2024-1","2024-03-27","3","Desaprobado","storage limit exceeded"
"41915923_DAT-101_2024-1_2024-03-27","41915923_DAT-101_2024-1","2024-03-27","9","Aprobado","storage limit exceeded"
"40421216_GEN-101_2024-1_2024-03-27","40421216_GEN-101_2024-1","2024-03-27","3","Desaprobado","storage limit exceeded"
"39747478_NEG-400_2024-1_2024-03-27","39747478_NEG-400_2024-1","2024-03-27","2","Desaprobado","storage limit exceeded"
"44765173_GEN-101_2024-1_2024-03-27","44765173_GEN-101_2024-1","2024-03-27","4","Aprobado","storage limit exceeded"
"36594040_DAT-101_2024-1_2024-03-27","36594040_DAT-101_2024-1","2024-03-27","3","Desaprobado","storage limit exceeded"
"37444361_DAT-101_2024-1_2024-03-27","37444361_DAT-101_2024-1","2024-03-27","1","Desaprobado","storage limit exceeded"
"38446695_GEN-101_2024-1_2024-03-28","38446695_GEN-101_2024-1","2024-03-28","3","Desaprobado","storage limit exceeded"
"43062304_UX-100_2024-1_2024-03-28","43062304_UX-100_2024-1","2024-03-28","4","Aprobado","storage limit exceeded"
"44412440_DAT-101_2024-1_2024-03-28","44412440_DAT-101_2024-1","2024-03-28","4","Aprobado","storage limit exceeded"
"41748984_MKT-200_2024-1_2024-03-28","41748984_MKT-200_2024-1","2024-03-28","2","Desaprobado","storage limit exceeded"
"38038154_IA-300_2024-1_2024-03-28","38038154_IA-300_2024-1","2024-03-28","9","Aprobado","storage limit exceeded"
"44753132_UX-100_2024-1_2024-03-28","44753132_UX-100_2024-1","2024-03-28","8","Aprobado","storage limit exceeded"
"30619113_DEV-101_2024-1_2024-03-28","30619113_DEV-101_2024-1","2024-03-28","4","Aprobado","storage limit exceeded"
"39641826_DAT-101_2024-1_2024-03-28","39641826_DAT-101_2024-1","2024-03-28","10","Aprobado","storage limit exceeded"
"31442827_MKT-200_2024-1_2024-03-29","31442827_MKT-200_2024-1","2024-03-29","10","Aprobado","storage limit exceeded"
"41594052_GEN-101_2024-1_2024-03-29","41594052_GEN-101_2024-1","2024-03-29","10","Aprobado","storage limit exceeded"
"44765173_DAT-101_2024-1_2024-03-29","44765173_DAT-101_2024-1","2024-03-29","8","Aprobado","storage limit exceeded"
"44698831_IA-300_2024-1_2024-03-29","44698831_IA-300_2024-1","2024-03-29","3","Desaprobado","storage limit exceeded"
"41943395_IA-300_2024-1_2024-03-29","41943395_IA-300_2024-1","2024-03-29","10","Aprobado","storage limit exceeded"
"37749075_MKT-200_2024-1_2024-03-29","37749075_MKT-200_2024-1","2024-03-29","9","Aprobado","storage limit exceeded"
"37797988_NEG-400_2024-1_2024-03-29","37797988_NEG-400_2024-1","2024-03-29","9","Aprobado","storage limit exceeded"
"31821525_DEV-101_2024-1_2024-03-29","31821525_DEV-101_2024-1","2024-03-29","4","Aprobado","storage limit exceeded"
"38657054_MKT-200_2024-1_2024-03-29","38657054_MKT-200_2024-1","2024-03-29","9","Aprobado","storage limit exceeded"
"31165911_NEG-400_2024-1_2024-03-29","31165911_NEG-400_2024-1","2024-03-29","8","Aprobado","storage limit exceeded"
"31777177_DAT-201_2024-1_2024-03-30","31777177_DAT-201_2024-1","2024-03-30","4","Aprobado","storage limit exceeded"
"39451059_GEN-101_2024-1_2024-03-30","39451059_GEN-101_2024-1","2024-03-30","1","Desaprobado","storage limit exceeded"
"42909942_NEG-400_2024-1_2024-03-30","42909942_NEG-400_2024-1","2024-03-30","3","Desaprobado","storage limit exceeded"
"39054820_DAT-201_2024-1_2024-03-30","39054820_DAT-201_2024-1","2024-03-30","8","Aprobado","storage limit exceeded"
"36016561_NEG-400_2024-1_2024-03-30","36016561_NEG-400_2024-1","2024-03-30","3","Desaprobado","storage limit exceeded"
"35745673_UX-100_2024-1_2024-03-30","35745673_UX-100_2024-1","2024-03-30","6","Aprobado","storage limit exceeded"
"32416248_DEV-101_2024-1_2024-03-30","32416248_DEV-101_2024-1","2024-03-30","2","Desaprobado","storage limit exceeded"
"31162466_DEV-101_2024-1_2024-03-30","31162466_DEV-101_2024-1","2024-03-30","7","Aprobado","storage limit exceeded"
"42179672_IA-300_2024-1_2024-03-30","42179672_IA-300_2024-1","2024-03-30","3","Desaprobado","storage limit exceeded"
"30263228_IA-300_2024-1_2024-03-30","30263228_IA-300_2024-1","2024-03-30","6","Aprobado","storage limit exceeded"
"36855486_DAT-201_2024-1_2024-03-31","36855486_DAT-201_2024-1","2024-03-31","3","Desaprobado","storage limit exceeded"
"31935757_DEV-101_2024-1_2024-03-31","31935757_DEV-101_2024-1","2024-03-31","10","Aprobado","storage limit exceeded"
"35648819_DEV-101_2024-1_2024-03-31","35648819_DEV-101_2024-1","2024-03-31","5","Aprobado","storage limit exceeded"
"38657054_MKT-200_2024-1_2024-03-31","38657054_MKT-200_2024-1","2024-03-31","1","Desaprobado","storage limit exceeded"
"36461761_DAT-101_2024-1_2024-03-31","36461761_DAT-101_2024-1","2024-03-31","1","Desaprobado","storage limit exceeded"
"31178906_UX-100_2024-1_2024-03-31","31178906_UX-100_2024-1","2024-03-31","7","Aprobado","storage limit exceeded"
"39556507_IA-300_2024-1_2024-03-31","39556507_IA-300_2024-1","2024-03-31","1","Desaprobado","storage limit exceeded"
"37161768_UX-100_2024-1_2024-03-31","37161768_UX-100_2024-1","2024-03-31","8","Aprobado","storage limit exceeded"
"44508081_DAT-101_2024-1_2024-03-31","44508081_DAT-101_2024-1","2024-03-31","8","Aprobado","storage limit exceeded"
"45402891_MKT-200_2024-1_2024-04-01","45402891_MKT-200_2024-1","2024-04-01","1","Desaprobado","storage limit exceeded"
"30116169_MKT-200_2024-1_2024-04-01","30116169_MKT-200_2024-1","2024-04-01","5","Aprobado","storage limit exceeded"
"44563667_DAT-201_2024-1_2024-04-01","44563667_DAT-201_2024-1","2024-04-01","1","Desaprobado","storage limit exceeded"
"38925094_DAT-101_2024-1_2024-04-01","38925094_DAT-101_2024-1","2024-04-01","4","Aprobado","storage limit exceeded"
"45341622_NEG-400_2024-1_2024-04-01","45341622_NEG-400_2024-1","2024-04-01","4","Aprobado","storage limit exceeded"
"41575887_GEN-101_2024-1_2024-04-01","41575887_GEN-101_2024-1","2024-04-01","4","Aprobado","storage limit exceeded"
"44555423_MKT-200_2024-1_2024-04-01","44555423_MKT-200_2024-1","2024-04-01","6","Aprobado","storage limit exceeded"
"40534516_DAT-101_2024-1_2024-04-01","40534516_DAT-101_2024-1","2024-04-01","7","Aprobado","storage limit exceeded"
"32932411_IA-300_2024-1_2024-04-01","32932411_IA-300_2024-1","2024-04-01","9","Aprobado","storage limit exceeded"
"41473248_IA-300_2024-1_2024-04-01","41473248_IA-300_2024-1","2024-04-01","8","Aprobado","storage limit exceeded"
"35990190_DEV-101_2024-1_2024-04-01","35990190_DEV-101_2024-1","2024-04-01","4","Aprobado","storage limit exceeded"
"40701939_DAT-101_2024-1_2024-04-01","40701939_DAT-101_2024-1","2024-04-01","10","Aprobado","storage limit exceeded"
"45788790_NEG-400_2024-1_2024-04-02","45788790_NEG-400_2024-1","2024-04-02","2","Desaprobado","storage limit exceeded"
"43767499_DEV-101_2024-1_2024-04-02","43767499_DEV-101_2024-1","2024-04-02","5","Aprobado","storage limit exceeded"
"34508314_GEN-101_2024-1_2024-04-02","34508314_GEN-101_2024-1","2024-04-02","2","Desaprobado","storage limit exceeded"
"35023742_DAT-101_2024-1_2024-04-02","35023742_DAT-101_2024-1","2024-04-02","1","Desaprobado","storage limit exceeded"
"39463207_DAT-201_2024-1_2024-04-02","39463207_DAT-201_2024-1","2024-04-02","8","Aprobado","storage limit exceeded"
"34146531_IA-300_2024-1_2024-04-02","34146531_IA-300_2024-1","2024-04-02","2","Desaprobado","storage limit exceeded"
"30370016_MKT-200_2024-1_2024-04-02","30370016_MKT-200_2024-1","2024-04-02","7","Aprobado","storage limit exceeded"
"30058812_IA-300_2024-1_2024-04-02","30058812_IA-300_2024-1","2024-04-02","5","Aprobado","storage limit exceeded"
"36083652_DEV-101_2024-1_2024-04-02","36083652_DEV-101_2024-1","2024-04-02","1","Desaprobado","storage limit exceeded"
"44419194_IA-300_2024-1_2024-04-02","44419194_IA-300_2024-1","2024-04-02","9","Aprobado","storage limit exceeded"
"30309712_MKT-200_2024-1_2024-04-03","30309712_MKT-200_2024-1","2024-04-03","7","Aprobado","storage limit exceeded"
"45341622_DEV-101_2024-1_2024-04-03","45341622_DEV-101_2024-1","2024-04-03","2","Desaprobado","storage limit exceeded"
"35437650_DAT-201_2024-1_2024-04-03","35437650_DAT-201_2024-1","2024-04-03","3","Desaprobado","storage limit exceeded"
"38388641_MKT-200_2024-1_2024-04-03","38388641_MKT-200_2024-1","2024-04-03","4","Aprobado","storage limit exceeded"
"34166651_DEV-101_2024-1_2024-04-03","34166651_DEV-101_2024-1","2024-04-03","2","Desaprobado","storage limit exceeded"
"31593963_MKT-200_2024-1_2024-04-04","31593963_MKT-200_2024-1","2024-04-04","2","Desaprobado","storage limit exceeded"
"40167473_MKT-200_2024-1_2024-04-04","40167473_MKT-200_2024-1","2024-04-04","6","Aprobado","storage limit exceeded"
"39129106_MKT-200_2024-1_2024-04-04","39129106_MKT-200_2024-1","2024-04-04","4","Aprobado","storage limit exceeded"
"42727516_IA-300_2024-1_2024-04-04","42727516_IA-300_2024-1","2024-04-04","6","Aprobado","storage limit exceeded"
"42002650_DAT-101_2024-1_2024-04-04","42002650_DAT-101_2024-1","2024-04-04","6","Aprobado","storage limit exceeded"
"34059848_DAT-201_2024-1_2024-04-04","34059848_DAT-201_2024-1","2024-04-04","5","Aprobado","storage limit exceeded"
"35598228_MKT-200_2024-1_2024-04-04","35598228_MKT-200_2024-1","2024-04-04","5","Aprobado","storage limit exceeded"
"35196112_DEV-101_2024-1_2024-04-04","35196112_DEV-101_2024-1","2024-04-04","10","Aprobado","storage limit exceeded"
"33665133_DAT-101_2024-1_2024-04-04","33665133_DAT-101_2024-1","2024-04-04","6","Aprobado","storage limit exceeded"
"31723879_IA-300_2024-1_2024-04-05","31723879_IA-300_2024-1","2024-04-05","4","Aprobado","storage limit exceeded"
"42892502_UX-100_2024-1_2024-04-05","42892502_UX-100_2024-1","2024-04-05","6","Aprobado","storage limit exceeded"
"36725023_NEG-400_2024-1_2024-04-05","36725023_NEG-400_2024-1","2024-04-05","1","Desaprobado","storage limit exceeded"
"35745673_NEG-400_2024-1_2024-04-05","35745673_NEG-400_2024-1","2024-04-05","7","Aprobado","storage limit exceeded"
"43720785_GEN-101_2024-1_2024-04-05","43720785_GEN-101_2024-1","2024-04-05","8","Aprobado","storage limit exceeded"
"30279612_DAT-201_2024-1_2024-04-05","30279612_DAT-201_2024-1","2024-04-05","5","Aprobado","storage limit exceeded"
"31800702_DEV-101_2024-1_2024-04-05","31800702_DEV-101_2024-1","2024-04-05","10","Aprobado","storage limit exceeded"
"42679506_IA-300_2024-1_2024-04-05","42679506_IA-300_2024-1","2024-04-05","5","Aprobado","storage limit exceeded"
"40105729_GEN-101_2024-1_2024-04-05","40105729_GEN-101_2024-1","2024-04-05","2","Desaprobado","storage limit exceeded"
"40860494_DAT-201_2024-1_2024-04-05","40860494_DAT-201_2024-1","2024-04-05","3","Desaprobado","storage limit exceeded"
"42331291_NEG-400_2024-1_2024-04-06","42331291_NEG-400_2024-1","2024-04-06","2","Desaprobado","storage limit exceeded"
"44886400_DAT-201_2024-1_2024-04-06","44886400_DAT-201_2024-1","2024-04-06","3","Desaprobado","storage limit exceeded"
"45609644_UX-100_2024-1_2024-04-06","45609644_UX-100_2024-1","2024-04-06","5","Aprobado","storage limit exceeded"
"31453197_MKT-200_2024-1_2024-04-06","31453197_MKT-200_2024-1","2024-04-06","6","Aprobado","storage limit exceeded"
"33601032_UX-100_2024-1_2024-04-06","33601032_UX-100_2024-1","2024-04-06","4","Aprobado","storage limit exceeded"
"32196825_IA-300_2024-1_2024-04-06","32196825_IA-300_2024-1","2024-04-06","6","Aprobado","storage limit exceeded"
"36392604_GEN-101_2024-1_2024-04-06","36392604_GEN-101_2024-1","2024-04-06","8","Aprobado","storage limit exceeded"
"42331291_DAT-201_2024-1_2024-04-06","42331291_DAT-201_2024-1","2024-04-06","7","Aprobado","storage limit exceeded"
"30174396_DEV-101_2024-1_2024-04-06","30174396_DEV-101_2024-1","2024-04-06","3","Desaprobado","storage limit exceeded"
"38657054_UX-100_2024-1_2024-04-06","38657054_UX-100_2024-1","2024-04-06","9","Aprobado","storage limit exceeded"
"36630045_NEG-400_2024-1_2024-04-06","36630045_NEG-400_2024-1","2024-04-06","9","Aprobado","storage limit exceeded"
"40532051_DAT-101_2024-1_2024-04-06","40532051_DAT-101_2024-1","2024-04-06","6","Aprobado","storage limit exceeded"
"39003369_UX-100_2024-1_2024-04-06","39003369_UX-100_2024-1","2024-04-06","2","Desaprobado","storage limit exceeded"
"32272850_NEG-400_2024-1_2024-04-06","32272850_NEG-400_2024-1","2024-04-06","6","Aprobado","storage limit exceeded"
"38406894_DAT-201_2024-1_2024-04-06","38406894_DAT-201_2024-1","2024-04-06","3","Desaprobado","storage limit exceeded"
"39718327_DEV-101_2024-1_2024-04-06","39718327_DEV-101_2024-1","2024-04-06","5","Aprobado","storage limit exceeded"
"43736953_DEV-101_2024-1_2024-04-07","43736953_DEV-101_2024-1","2024-04-07","9","Aprobado","storage limit exceeded"
"34443405_MKT-200_2024-1_2024-04-07","34443405_MKT-200_2024-1","2024-04-07","5","Aprobado","storage limit exceeded"
"38750180_MKT-200_2024-1_2024-04-07","38750180_MKT-200_2024-1","2024-04-07","2","Desaprobado","storage limit exceeded"
"34711560_DEV-101_2024-1_2024-04-07","34711560_DEV-101_2024-1","2024-04-07","8","Aprobado","storage limit exceeded"
"40446070_NEG-400_2024-1_2024-04-07","40446070_NEG-400_2024-1","2024-04-07","3","Desaprobado","storage limit exceeded"
"45427332_DEV-101_2024-1_2024-04-07","45427332_DEV-101_2024-1","2024-04-07","1","Desaprobado","storage limit exceeded"
"33665133_DAT-201_2024-1_2024-04-07","33665133_DAT-201_2024-1","2024-04-07","7","Aprobado","storage limit exceeded"
"39308771_DEV-101_2024-1_2024-04-07","39308771_DEV-101_2024-1","2024-04-07","3","Desaprobado","storage limit exceeded"
"40496612_DAT-101_2024-1_2024-04-07","40496612_DAT-101_2024-1","2024-04-07","8","Aprobado","storage limit exceeded"
"45503533_MKT-200_2024-1_2024-04-07","45503533_MKT-200_2024-1","2024-04-07","2","Desaprobado","storage limit exceeded"
"40338924_NEG-400_2024-1_2024-04-07","40338924_NEG-400_2024-1","2024-04-07","5","Aprobado","storage limit exceeded"
"35155411_DAT-201_2024-1_2024-04-07","35155411_DAT-201_2024-1","2024-04-07","9","Aprobado","storage limit exceeded"
"36839899_NEG-400_2024-1_2024-04-08","36839899_NEG-400_2024-1","2024-04-08","1","Desaprobado","storage limit exceeded"
"42208457_GEN-101_2024-1_2024-04-08","42208457_GEN-101_2024-1","2024-04-08","4","Aprobado","storage limit exceeded"
"43388966_IA-300_2024-1_2024-04-08","43388966_IA-300_2024-1","2024-04-08","8","Aprobado","storage limit exceeded"
"35409911_IA-300_2024-1_2024-04-08","35409911_IA-300_2024-1","2024-04-08","6","Aprobado","storage limit exceeded"
"37345680_UX-100_2024-1_2024-04-08","37345680_UX-100_2024-1","2024-04-08","7","Aprobado","storage limit exceeded"
"39500363_UX-100_2024-1_2024-04-08","39500363_UX-100_2024-1","2024-04-08","10","Aprobado","storage limit exceeded"
"43312078_IA-300_2024-1_2024-04-09","43312078_IA-300_2024-1","2024-04-09","2","Desaprobado","storage limit exceeded"
"43549185_DAT-101_2024-1_2024-04-09","43549185_DAT-101_2024-1","2024-04-09","10","Aprobado","storage limit exceeded"
"40421216_GEN-101_2024-1_2024-04-09","40421216_GEN-101_2024-1","2024-04-09","4","Aprobado","storage limit exceeded"
"34508314_IA-300_2024-1_2024-04-09","34508314_IA-300_2024-1","2024-04-09","4","Aprobado","storage limit exceeded"
"36392604_DAT-101_2024-1_2024-04-09","36392604_DAT-101_2024-1","2024-04-09","10","Aprobado","storage limit exceeded"
"32430086_DAT-101_2024-1_2024-04-09","32430086_DAT-101_2024-1","2024-04-09","2","Desaprobado","storage limit exceeded"
"41886872_DAT-101_2024-1_2024-04-09","41886872_DAT-101_2024-1","2024-04-09","5","Aprobado","storage limit exceeded"
"33663590_DEV-101_2024-1_2024-04-09","33663590_DEV-101_2024-1","2024-04-09","8","Aprobado","storage limit exceeded"
"43483992_MKT-200_2024-1_2024-04-09","43483992_MKT-200_2024-1","2024-04-09","4","Aprobado","storage limit exceeded"
"42758944_NEG-400_2024-1_2024-04-10","42758944_NEG-400_2024-1","2024-04-10","8","Aprobado","storage limit exceeded"
"30348701_GEN-101_2024-1_2024-04-10","30348701_GEN-101_2024-1","2024-04-10","8","Aprobado","storage limit exceeded"
"33353040_DAT-201_2024-1_2024-04-10","33353040_DAT-201_2024-1","2024-04-10","9","Aprobado","storage limit exceeded"
"34759191_NEG-400_2024-1_2024-04-10","34759191_NEG-400_2024-1","2024-04-10","4","Aprobado","storage limit exceeded"
"35212815_IA-300_2024-1_2024-04-10","35212815_IA-300_2024-1","2024-04-10","2","Desaprobado","storage limit exceeded"
"32143636_DAT-201_2024-1_2024-04-10","32143636_DAT-201_2024-1","2024-04-10","4","Aprobado","storage limit exceeded"
"32449620_UX-100_2024-1_2024-04-10","32449620_UX-100_2024-1","2024-04-10","3","Desaprobado","storage limit exceeded"
"41883892_IA-300_2024-1_2024-04-10","41883892_IA-300_2024-1","2024-04-10","4","Aprobado","storage limit exceeded"
"37155742_NEG-400_2024-1_2024-04-10","37155742_NEG-400_2024-1","2024-04-10","10","Aprobado","storage limit exceeded"
"32272850_DAT-101_2024-1_2024-04-10","32272850_DAT-101_2024-1","2024-04-10","5","Aprobado","storage limit exceeded"
"45743513_MKT-200_2024-1_2024-04-11","45743513_MKT-200_2024-1","2024-04-11","8","Aprobado","storage limit exceeded"
"41597245_DEV-101_2024-1_2024-04-11","41597245_DEV-101_2024-1","2024-04-11","9","Aprobado","storage limit exceeded"
"31295512_DEV-101_2024-1_2024-04-11","31295512_DEV-101_2024-1","2024-04-11","7","Aprobado","storage limit exceeded"
"36083652_NEG-400_2024-1_2024-04-11","36083652_NEG-400_2024-1","2024-04-11","4","Aprobado","storage limit exceeded"
"42321650_DEV-101_2024-1_2024-04-11","42321650_DEV-101_2024-1","2024-04-11","4","Aprobado","storage limit exceeded"
"41883892_IA-300_2024-1_2024-04-11","41883892_IA-300_2024-1","2024-04-11","2","Desaprobado","storage limit exceeded"
"31326547_IA-300_2024-1_2024-04-11","31326547_IA-300_2024-1","2024-04-11","4","Aprobado","storage limit exceeded"
"42679506_GEN-101_2024-1_2024-04-11","42679506_GEN-101_2024-1","2024-04-11","1","Desaprobado","storage limit exceeded"
"38657054_IA-300_2024-1_2024-04-11","38657054_IA-300_2024-1","2024-04-11","10","Aprobado","storage limit exceeded"
"38866674_NEG-400_2024-1_2024-04-11","38866674_NEG-400_2024-1","2024-04-11","2","Desaprobado","storage limit exceeded"
"41109574_DEV-101_2024-1_2024-04-12","41109574_DEV-101_2024-1","2024-04-12","3","Desaprobado","storage limit exceeded"
"44113409_DAT-101_2024-1_2024-04-12","44113409_DAT-101_2024-1","2024-04-12","8","Aprobado","storage limit exceeded"
"40434897_GEN-101_2024-1_2024-04-12","40434897_GEN-101_2024-1","2024-04-12","9","Aprobado","storage limit exceeded"
"34635361_MKT-200_2024-1_2024-04-12","34635361_MKT-200_2024-1","2024-04-12","6","Aprobado","storage limit exceeded"
"42590810_DAT-101_2024-1_2024-04-12","42590810_DAT-101_2024-1","2024-04-12","3","Desaprobado","storage limit exceeded"
"38338168_DEV-101_2024-1_2024-04-12","38338168_DEV-101_2024-1","2024-04-12","6","Aprobado","storage limit exceeded"
"42810923_UX-100_2024-1_2024-04-12","42810923_UX-100_2024-1","2024-04-12","7","Aprobado","storage limit exceeded"
"31453197_DAT-201_2024-1_2024-04-12","31453197_DAT-201_2024-1","2024-04-12","6","Aprobado","storage limit exceeded"
"35745673_GEN-101_2024-1_2024-04-12","35745673_GEN-101_2024-1","2024-04-12","7","Aprobado","storage limit exceeded"
"33225144_IA-300_2024-1_2024-04-13","33225144_IA-300_2024-1","2024-04-13","10","Aprobado","storage limit exceeded"
"38223982_DAT-101_2024-1_2024-04-13","38223982_DAT-101_2024-1","2024-04-13","8","Aprobado","storage limit exceeded"
"33387615_DAT-201_2024-1_2024-04-13","33387615_DAT-201_2024-1","2024-04-13","2","Desaprobado","storage limit exceeded"
"39430035_DEV-101_2024-1_2024-04-13","39430035_DEV-101_2024-1","2024-04-13","8","Aprobado","storage limit exceeded"
"35449166_MKT-200_2024-1_2024-04-13","35449166_MKT-200_2024-1","2024-04-13","8","Aprobado","storage limit exceeded"
"45147679_GEN-101_2024-1_2024-04-13","45147679_GEN-101_2024-1","2024-04-13","2","Desaprobado","storage limit exceeded"
"44791193_DEV-101_2024-1_2024-04-14","44791193_DEV-101_2024-1","2024-04-14","5","Aprobado","storage limit exceeded"
"34508314_UX-100_2024-1_2024-04-14","34508314_UX-100_2024-1","2024-04-14","4","Aprobado","storage limit exceeded"
"41941216_IA-300_2024-1_2024-04-14","41941216_IA-300_2024-1","2024-04-14","4","Aprobado","storage limit exceeded"
"31352683_MKT-200_2024-1_2024-04-14","31352683_MKT-200_2024-1","2024-04-14","5","Aprobado","storage limit exceeded"
"43888324_GEN-101_2024-1_2024-04-14","43888324_GEN-101_2024-1","2024-04-14","8","Aprobado","storage limit exceeded"
"39777873_DAT-201_2024-1_2024-04-14","39777873_DAT-201_2024-1","2024-04-14","3","Desaprobado","storage limit exceeded"
"31205804_NEG-400_2024-1_2024-04-15","31205804_NEG-400_2024-1","2024-04-15","2","Desaprobado","storage limit exceeded"
"38290265_NEG-400_2024-1_2024-04-15","38290265_NEG-400_2024-1","2024-04-15","10","Aprobado","storage limit exceeded"
"43773004_NEG-400_2024-1_2024-04-15","43773004_NEG-400_2024-1","2024-04-15","10","Aprobado","storage limit exceeded"
"40886471_DAT-101_2024-1_2024-04-15","40886471_DAT-101_2024-1","2024-04-15","7","Aprobado","storage limit exceeded"
"30723545_UX-100_2024-1_2024-04-15","30723545_UX-100_2024-1","2024-04-15","5","Aprobado","storage limit exceeded"
"39099433_NEG-400_2024-1_2024-04-15","39099433_NEG-400_2024-1","2024-04-15","8","Aprobado","storage limit exceeded"
"42378567_IA-300_2024-1_2024-04-15","42378567_IA-300_2024-1","2024-04-15","8","Aprobado","storage limit exceeded"
"41171969_GEN-101_2024-1_2024-04-15","41171969_GEN-101_2024-1","2024-04-15","6","Aprobado","storage limit exceeded"
"40328227_IA-300_2024-1_2024-04-15","40328227_IA-300_2024-1","2024-04-15","7","Aprobado","storage limit exceeded"
"30126752_DAT-101_2024-1_2024-04-15","30126752_DAT-101_2024-1","2024-04-15","2","Desaprobado","storage limit exceeded"
"30926558_UX-100_2024-1_2024-04-15","30926558_UX-100_2024-1","2024-04-15","3","Desaprobado","storage limit exceeded"
"41297634_MKT-200_2024-1_2024-04-15","41297634_MKT-200_2024-1","2024-04-15","1","Desaprobado","storage limit exceeded"
"35188238_UX-100_2024-1_2024-04-16","35188238_UX-100_2024-1","2024-04-16","3","Desaprobado","storage limit exceeded"
"41829357_IA-300_2024-1_2024-04-16","41829357_IA-300_2024-1","2024-04-16","9","Aprobado","storage limit exceeded"
"39157120_IA-300_2024-1_2024-04-16","39157120_IA-300_2024-1","2024-04-16","3","Desaprobado","storage limit exceeded"
"35440459_DAT-101_2024-1_2024-04-16","35440459_DAT-101_2024-1","2024-04-16","5","Aprobado","storage limit exceeded"
"42849061_IA-300_2024-1_2024-04-16","42849061_IA-300_2024-1","2024-04-16","7","Aprobado","storage limit exceeded"
"37099184_UX-100_2024-1_2024-04-16","37099184_UX-100_2024-1","2024-04-16","1","Desaprobado","storage limit exceeded"
"39157120_IA-300_2024-1_2024-04-17","39157120_IA-300_2024-1","2024-04-17","2","Desaprobado","storage limit exceeded"
"32099618_MKT-200_2024-1_2024-04-17","32099618_MKT-200_2024-1","2024-04-17","10","Aprobado","storage limit exceeded"
"45076126_IA-300_2024-1_2024-04-17","45076126_IA-300_2024-1","2024-04-17","2","Desaprobado","storage limit exceeded"
"40371152_DAT-201_2024-1_2024-04-17","40371152_DAT-201_2024-1","2024-04-17","9","Aprobado","storage limit exceeded"
"31370404_DAT-201_2024-1_2024-04-17","31370404_DAT-201_2024-1","2024-04-17","3","Desaprobado","storage limit exceeded"
"31868622_MKT-200_2024-1_2024-04-17","31868622_MKT-200_2024-1","2024-04-17","10","Aprobado","storage limit exceeded"
"39924190_GEN-101_2024-1_2024-04-18","39924190_GEN-101_2024-1","2024-04-18","1","Desaprobado","storage limit exceeded"
"42419781_UX-100_2024-1_2024-04-18","42419781_UX-100_2024-1","2024-04-18","6","Aprobado","storage limit exceeded"
"36630045_DAT-201_2024-1_2024-04-18","36630045_DAT-201_2024-1","2024-04-18","10","Aprobado","storage limit exceeded"
"44635112_IA-300_2024-1_2024-04-18","44635112_IA-300_2024-1","2024-04-18","4","Aprobado","storage limit exceeded"
"30619113_MKT-200_2024-1_2024-04-18","30619113_MKT-200_2024-1","2024-04-18","1","Desaprobado","storage limit exceeded"
"43068884_NEG-400_2024-1_2024-04-18","43068884_NEG-400_2024-1","2024-04-18","8","Aprobado","storage limit exceeded"
"39822223_IA-300_2024-1_2024-04-18","39822223_IA-300_2024-1","2024-04-18","5","Aprobado","storage limit exceeded"
"37024637_UX-100_2024-1_2024-04-18","37024637_UX-100_2024-1","2024-04-18","9","Aprobado","storage limit exceeded"
"45055136_UX-100_2024-1_2024-04-18","45055136_UX-100_2024-1","2024-04-18","7","Aprobado","storage limit exceeded"
"42928321_MKT-200_2024-1_2024-04-18","42928321_MKT-200_2024-1","2024-04-18","7","Aprobado","storage limit exceeded"
"31730247_NEG-400_2024-1_2024-04-19","31730247_NEG-400_2024-1","2024-04-19","5","Aprobado","storage limit exceeded"
"35674650_DAT-201_2024-1_2024-04-19","35674650_DAT-201_2024-1","2024-04-19","1","Desaprobado","storage limit exceeded"
"37949128_NEG-400_2024-1_2024-04-19","37949128_NEG-400_2024-1","2024-04-19","10","Aprobado","storage limit exceeded"
"34801591_GEN-101_2024-1_2024-04-19","34801591_GEN-101_2024-1","2024-04-19","5","Aprobado","storage limit exceeded"
"43416352_DAT-101_2024-1_2024-04-19","43416352_DAT-101_2024-1","2024-04-19","9","Aprobado","storage limit exceeded"
"45419981_GEN-101_2024-1_2024-04-19","45419981_GEN-101_2024-1","2024-04-19","3","Desaprobado","storage limit exceeded"
"41763206_DEV-101_2024-1_2024-04-19","41763206_DEV-101_2024-1","2024-04-19","9","Aprobado","storage limit exceeded"
"36326296_IA-300_2024-1_2024-04-19","36326296_IA-300_2024-1","2024-04-19","8","Aprobado","storage limit exceeded"
"32808702_DAT-201_2024-1_2024-04-19","32808702_DAT-201_2024-1","2024-04-19","1","Desaprobado","storage limit exceeded"
"34711560_DAT-201_2024-1_2024-04-20","34711560_DAT-201_2024-1","2024-04-20","2","Desaprobado","storage limit exceeded"
"30413264_IA-300_2024-1_2024-04-20","30413264_IA-300_2024-1","2024-04-20","1","Desaprobado","storage limit exceeded"
"42124538_UX-100_2024-1_2024-04-20","42124538_UX-100_2024-1","2024-04-20","7","Aprobado","storage limit exceeded"
"33493292_UX-100_2024-1_2024-04-20","33493292_UX-100_2024-1","2024-04-20","5","Aprobado","storage limit exceeded"
"44594931_DAT-201_2024-1_2024-04-20","44594931_DAT-201_2024-1","2024-04-20","9","Aprobado","storage limit exceeded"
"31366271_MKT-200_2024-1_2024-04-20","31366271_MKT-200_2024-1","2024-04-20","4","Aprobado","storage limit exceeded"
"40665974_DAT-201_2024-1_2024-04-20","40665974_DAT-201_2024-1","2024-04-20","2","Desaprobado","storage limit exceeded"
"37268989_DAT-101_2024-1_2024-04-21","37268989_DAT-101_2024-1","2024-04-21","9","Aprobado","storage limit exceeded"
"33630695_DAT-101_2024-1_2024-04-21","33630695_DAT-101_2024-1","2024-04-21","1","Desaprobado","storage limit exceeded"
"33556417_NEG-400_2024-1_2024-04-21","33556417_NEG-400_2024-1","2024-04-21","6","Aprobado","storage limit exceeded"
"32578687_DAT-101_2024-1_2024-04-21","32578687_DAT-101_2024-1","2024-04-21","9","Aprobado","storage limit exceeded"
"40993683_DEV-101_2024-1_2024-04-21","40993683_DEV-101_2024-1","2024-04-21","10","Aprobado","storage limit exceeded"
"45842940_UX-100_2024-1_2024-04-21","45842940_UX-100_2024-1","2024-04-21","2","Desaprobado","storage limit exceeded"
"39924190_IA-300_2024-1_2024-04-21","39924190_IA-300_2024-1","2024-04-21","8","Aprobado","storage limit exceeded"
"41950086_GEN-101_2024-1_2024-04-21","41950086_GEN-101_2024-1","2024-04-21","8","Aprobado","storage limit exceeded"
"36794996_UX-100_2024-1_2024-04-22","36794996_UX-100_2024-1","2024-04-22","9","Aprobado","storage limit exceeded"
"33601032_IA-300_2024-1_2024-04-22","33601032_IA-300_2024-1","2024-04-22","6","Aprobado","storage limit exceeded"
"37706458_DAT-101_2024-1_2024-04-22","37706458_DAT-101_2024-1","2024-04-22","3","Desaprobado","storage limit exceeded"
"39579403_DAT-101_2024-1_2024-04-22","39579403_DAT-101_2024-1","2024-04-22","4","Aprobado","storage limit exceeded"
"38038154_MKT-200_2024-1_2024-04-22","38038154_MKT-200_2024-1","2024-04-22","8","Aprobado","storage limit exceeded"
"45819512_NEG-400_2024-1_2024-04-22","45819512_NEG-400_2024-1","2024-04-22","10","Aprobado","storage limit exceeded"
"33429749_DAT-101_2024-1_2024-04-22","33429749_DAT-101_2024-1","2024-04-22","9","Aprobado","storage limit exceeded"
"33035804_MKT-200_2024-1_2024-04-22","33035804_MKT-200_2024-1","2024-04-22","1","Desaprobado","storage limit exceeded"
"45743513_UX-100_2024-1_2024-04-22","45743513_UX-100_2024-1","2024-04-22","1","Desaprobado","storage limit exceeded"
"45170259_UX-100_2024-1_2024-04-23","45170259_UX-100_2024-1","2024-04-23","5","Aprobado","storage limit exceeded"
"36031653_IA-300_2024-1_2024-04-23","36031653_IA-300_2024-1","2024-04-23","7","Aprobado","storage limit exceeded"
"38866674_MKT-200_2024-1_2024-04-23","38866674_MKT-200_2024-1","2024-04-23","4","Aprobado","storage limit exceeded"
"41065435_GEN-101_2024-1_2024-04-23","41065435_GEN-101_2024-1","2024-04-23","7","Aprobado","storage limit exceeded"
"35627041_DAT-101_2024-1_2024-04-23","35627041_DAT-101_2024-1","2024-04-23","4","Aprobado","storage limit exceeded"
"33753511_UX-100_2024-1_2024-04-23","33753511_UX-100_2024-1","2024-04-23","9","Aprobado","storage limit exceeded"
"36878477_DAT-201_2024-1_2024-04-24","36878477_DAT-201_2024-1","2024-04-24","3","Desaprobado","storage limit exceeded"
"45968790_DAT-201_2024-1_2024-04-24","45968790_DAT-201_2024-1","2024-04-24","9","Aprobado","storage limit exceeded"
"31188805_NEG-400_2024-1_2024-04-24","31188805_NEG-400_2024-1","2024-04-24","9","Aprobado","storage limit exceeded"
"33247205_GEN-101_2024-1_2024-04-24","33247205_GEN-101_2024-1","2024-04-24","1","Desaprobado","storage limit exceeded"
"42002650_DEV-101_2024-1_2024-04-24","42002650_DEV-101_2024-1","2024-04-24","10","Aprobado","storage limit exceeded"
"44594931_DAT-101_2024-1_2024-04-24","44594931_DAT-101_2024-1","2024-04-24","8","Aprobado","storage limit exceeded"
"30763137_DAT-101_2024-1_2024-04-24","30763137_DAT-101_2024-1","2024-04-24","10","Aprobado","storage limit exceeded"
"36629400_DAT-101_2024-1_2024-04-24","36629400_DAT-101_2024-1","2024-04-24","6","Aprobado","storage limit exceeded"
"37678418_DAT-201_2024-1_2024-04-24","37678418_DAT-201_2024-1","2024-04-24","9","Aprobado","storage limit exceeded"
"41077276_GEN-101_2024-1_2024-04-24","41077276_GEN-101_2024-1","2024-04-24","1","Desaprobado","storage limit exceeded"
"45303367_UX-100_2024-1_2024-04-24","45303367_UX-100_2024-1","2024-04-24","6","Aprobado","storage limit exceeded"
"30089193_DAT-101_2024-1_2024-04-25","30089193_DAT-101_2024-1","2024-04-25","2","Desaprobado","storage limit exceeded"
"36456678_DEV-101_2024-1_2024-04-25","36456678_DEV-101_2024-1","2024-04-25","1","Desaprobado","storage limit exceeded"
"30445334_GEN-101_2024-1_2024-04-25","30445334_GEN-101_2024-1","2024-04-25","8","Aprobado","storage limit exceeded"
"36659139_DAT-101_2024-1_2024-04-25","36659139_DAT-101_2024-1","2024-04-25","7","Aprobado","storage limit exceeded"
"32698751_IA-300_2024-1_2024-04-25","32698751_IA-300_2024-1","2024-04-25","4","Aprobado","storage limit exceeded"
"41998415_DAT-101_2024-1_2024-04-26","41998415_DAT-101_2024-1","2024-04-26","6","Aprobado","storage limit exceeded"
"45383156_DAT-201_2024-1_2024-04-26","45383156_DAT-201_2024-1","2024-04-26","1","Desaprobado","storage limit exceeded"
"44713988_MKT-200_2024-1_2024-04-26","44713988_MKT-200_2024-1","2024-04-26","6","Aprobado","storage limit exceeded"
"36349870_DAT-101_2024-1_2024-04-26","36349870_DAT-101_2024-1","2024-04-26","5","Aprobado","storage limit exceeded"
"31230787_DEV-101_2024-1_2024-04-26","31230787_DEV-101_2024-1","2024-04-26","9","Aprobado","storage limit exceeded"
"42242735_MKT-200_2024-1_2024-04-26","42242735_MKT-200_2024-1","2024-04-26","8","Aprobado","storage limit exceeded"
"45385368_DAT-101_2024-1_2024-04-26","45385368_DAT-101_2024-1","2024-04-26","2","Desaprobado","storage limit exceeded"
"44807676_GEN-101_2024-1_2024-04-26","44807676_GEN-101_2024-1","2024-04-26","9","Aprobado","storage limit exceeded"
"31263287_IA-300_2024-1_2024-04-26","31263287_IA-300_2024-1","2024-04-26","7","Aprobado","storage limit exceeded"
"38038154_IA-300_2024-1_2024-04-26","38038154_IA-300_2024-1","2024-04-26","9","Aprobado","storage limit exceeded"
"31730247_DEV-101_2024-1_2024-04-26","31730247_DEV-101_2024-1","2024-04-26","5","Aprobado","storage limit exceeded"
"34864189_IA-300_2024-1_2024-04-26","34864189_IA-300_2024-1","2024-04-26","3","Desaprobado","storage limit exceeded"
"34077479_GEN-101_2024-1_2024-04-26","34077479_GEN-101_2024-1","2024-04-26","3","Desaprobado","storage limit exceeded"
"39164387_UX-100_2024-1_2024-04-26","39164387_UX-100_2024-1","2024-04-26","8","Aprobado","storage limit exceeded"
"33267106_MKT-200_2024-1_2024-04-26","33267106_MKT-200_2024-1","2024-04-26","8","Aprobado","storage limit exceeded"
"44242303_DEV-101_2024-1_2024-04-26","44242303_DEV-101_2024-1","2024-04-26","5","Aprobado","storage limit exceeded"
"35620137_IA-300_2024-1_2024-04-27","35620137_IA-300_2024-1","2024-04-27","5","Aprobado","storage limit exceeded"
"31692100_UX-100_2024-1_2024-04-27","31692100_UX-100_2024-1","2024-04-27","8","Aprobado","storage limit exceeded"
"35845730_NEG-400_2024-1_2024-04-27","35845730_NEG-400_2024-1","2024-04-27","3","Desaprobado","storage limit exceeded"
"37949128_UX-100_2024-1_2024-04-27","37949128_UX-100_2024-1","2024-04-27","5","Aprobado","storage limit exceeded"
"42132790_IA-300_2024-1_2024-04-27","42132790_IA-300_2024-1","2024-04-27","10","Aprobado","storage limit exceeded"
"39842417_DEV-101_2024-1_2024-04-27","39842417_DEV-101_2024-1","2024-04-27","3","Desaprobado","storage limit exceeded"
"44120543_MKT-200_2024-1_2024-04-27","44120543_MKT-200_2024-1","2024-04-27","7","Aprobado","storage limit exceeded"
"38290265_DEV-101_2024-1_2024-04-27","38290265_DEV-101_2024-1","2024-04-27","6","Aprobado","storage limit exceeded"
"31379248_MKT-200_2024-1_2024-04-27","31379248_MKT-200_2024-1","2024-04-27","6","Aprobado","storage limit exceeded"
"33885760_DEV-101_2024-1_2024-04-27","33885760_DEV-101_2024-1","2024-04-27","10","Aprobado","storage limit exceeded"
"33338311_NEG-400_2024-1_2024-04-28","33338311_NEG-400_2024-1","2024-04-28","5","Aprobado","storage limit exceeded"
"38877407_DAT-201_2024-1_2024-04-28","38877407_DAT-201_2024-1","2024-04-28","6","Aprobado","storage limit exceeded"
"45633220_NEG-400_2024-1_2024-04-28","45633220_NEG-400_2024-1","2024-04-28","3","Desaprobado","storage limit exceeded"
"33387615_IA-300_2024-1_2024-04-28","33387615_IA-300_2024-1","2024-04-28","9","Aprobado","storage limit exceeded"
"45303367_DAT-201_2024-1_2024-04-28","45303367_DAT-201_2024-1","2024-04-28","1","Desaprobado","storage limit exceeded"
"41003214_IA-300_2024-1_2024-04-28","41003214_IA-300_2024-1","2024-04-28","8","Aprobado","storage limit exceeded"
"31593963_DAT-201_2024-1_2024-04-28","31593963_DAT-201_2024-1","2024-04-28","6","Aprobado","storage limit exceeded"
"40348880_DAT-201_2024-1_2024-04-28","40348880_DAT-201_2024-1","2024-04-28","7","Aprobado","storage limit exceeded"
"31438321_NEG-400_2024-1_2024-04-28","31438321_NEG-400_2024-1","2024-04-28","8","Aprobado","storage limit exceeded"
"35845730_MKT-200_2024-1_2024-04-28","35845730_MKT-200_2024-1","2024-04-28","2","Desaprobado","storage limit exceeded"
"31185224_NEG-400_2024-1_2024-04-29","31185224_NEG-400_2024-1","2024-04-29","3","Desaprobado","storage limit exceeded"
"32349994_IA-300_2024-1_2024-04-29","32349994_IA-300_2024-1","2024-04-29","3","Desaprobado","storage limit exceeded"
"31134185_NEG-400_2024-1_2024-04-29","31134185_NEG-400_2024-1","2024-04-29","3","Desaprobado","storage limit exceeded"
"38542906_UX-100_2024-1_2024-04-29","38542906_UX-100_2024-1","2024-04-29","1","Desaprobado","storage limit exceeded"
"35740137_MKT-200_2024-1_2024-04-30","35740137_MKT-200_2024-1","2024-04-30","9","Aprobado","storage limit exceeded"
"44753132_IA-300_2024-1_2024-04-30","44753132_IA-300_2024-1","2024-04-30","5","Aprobado","storage limit exceeded"
"38832034_NEG-400_2024-1_2024-04-30","38832034_NEG-400_2024-1","2024-04-30","7","Aprobado","storage limit exceeded"
"45256650_NEG-400_2024-1_2024-04-30","45256650_NEG-400_2024-1","2024-04-30","6","Aprobado","storage limit exceeded"
"43720785_DAT-201_2024-1_2024-04-30","43720785_DAT-201_2024-1","2024-04-30","1","Desaprobado","storage limit exceeded"
"39129106_GEN-101_2024-1_2024-05-01","39129106_GEN-101_2024-1","2024-05-01","7","Aprobado","storage limit exceeded"
"36313373_IA-300_2024-1_2024-05-01","36313373_IA-300_2024-1","2024-05-01","2","Desaprobado","storage limit exceeded"
"45850941_GEN-101_2024-1_2024-05-01","45850941_GEN-101_2024-1","2024-05-01","4","Aprobado","storage limit exceeded"
"44775708_GEN-101_2024-1_2024-05-01","44775708_GEN-101_2024-1","2024-05-01","1","Desaprobado","storage limit exceeded"
"31370404_DAT-201_2024-1_2024-05-01","31370404_DAT-201_2024-1","2024-05-01","10","Aprobado","storage limit exceeded"
"42331291_DAT-101_2024-1_2024-05-01","42331291_DAT-101_2024-1","2024-05-01","1","Desaprobado","storage limit exceeded"
"32085812_DAT-201_2024-1_2024-05-01","32085812_DAT-201_2024-1","2024-05-01","2","Desaprobado","storage limit exceeded"
"37935165_DAT-101_2024-1_2024-05-01","37935165_DAT-101_2024-1","2024-05-01","9","Aprobado","storage limit exceeded"
"36744678_DAT-201_2024-1_2024-05-01","36744678_DAT-201_2024-1","2024-05-01","3","Desaprobado","storage limit exceeded"
"40069107_MKT-200_2024-1_2024-05-01","40069107_MKT-200_2024-1","2024-05-01","5","Aprobado","storage limit exceeded"
"33155313_DEV-101_2024-1_2024-05-01","33155313_DEV-101_2024-1","2024-05-01","10","Aprobado","storage limit exceeded"
"42574929_DAT-101_2024-1_2024-05-02","42574929_DAT-101_2024-1","2024-05-02","10","Aprobado","storage limit exceeded"
"42881854_DAT-201_2024-1_2024-05-02","42881854_DAT-201_2024-1","2024-05-02","2","Desaprobado","storage limit exceeded"
"40214433_DAT-101_2024-1_2024-05-02","40214433_DAT-101_2024-1","2024-05-02","8","Aprobado","storage limit exceeded"
"32259990_UX-100_2024-1_2024-05-02","32259990_UX-100_2024-1","2024-05-02","8","Aprobado","storage limit exceeded"
"42208457_DAT-201_2024-1_2024-05-02","42208457_DAT-201_2024-1","2024-05-02","10","Aprobado","storage limit exceeded"
"30437958_MKT-200_2024-1_2024-05-02","30437958_MKT-200_2024-1","2024-05-02","9","Aprobado","storage limit exceeded"
"31921360_GEN-101_2024-1_2024-05-03","31921360_GEN-101_2024-1","2024-05-03","9","Aprobado","storage limit exceeded"
"32343092_NEG-400_2024-1_2024-05-03","32343092_NEG-400_2024-1","2024-05-03","3","Desaprobado","storage limit exceeded"
"39268069_NEG-400_2024-1_2024-05-03","39268069_NEG-400_2024-1","2024-05-03","9","Aprobado","storage limit exceeded"
"38689454_MKT-200_2024-1_2024-05-03","38689454_MKT-200_2024-1","2024-05-03","1","Desaprobado","storage limit exceeded"
"34845546_DAT-201_2024-1_2024-05-03","34845546_DAT-201_2024-1","2024-05-03","7","Aprobado","storage limit exceeded"
"43023911_DAT-101_2024-1_2024-05-03","43023911_DAT-101_2024-1","2024-05-03","4","Aprobado","storage limit exceeded"
"42928321_DEV-101_2024-1_2024-05-03","42928321_DEV-101_2024-1","2024-05-03","4","Aprobado","storage limit exceeded"
"39777873_NEG-400_2024-1_2024-05-03","39777873_NEG-400_2024-1","2024-05-03","7","Aprobado","storage limit exceeded"
"33663590_DAT-101_2024-1_2024-05-04","33663590_DAT-101_2024-1","2024-05-04","6","Aprobado","storage limit exceeded"
"36907787_UX-100_2024-1_2024-05-04","36907787_UX-100_2024-1","2024-05-04","1","Desaprobado","storage limit exceeded"
"30566758_UX-100_2024-1_2024-05-04","30566758_UX-100_2024-1","2024-05-04","1","Desaprobado","storage limit exceeded"
"37261587_DAT-101_2024-1_2024-05-04","37261587_DAT-101_2024-1","2024-05-04","10","Aprobado","storage limit exceeded"
"39041016_DEV-101_2024-1_2024-05-04","39041016_DEV-101_2024-1","2024-05-04","6","Aprobado","storage limit exceeded"
"32169352_IA-300_2024-1_2024-05-04","32169352_IA-300_2024-1","2024-05-04","3","Desaprobado","storage limit exceeded"
"37795993_DAT-101_2024-1_2024-05-04","37795993_DAT-101_2024-1","2024-05-04","8","Aprobado","storage limit exceeded"
"41885509_MKT-200_2024-1_2024-05-04","41885509_MKT-200_2024-1","2024-05-04","9","Aprobado","storage limit exceeded"
"33922912_DEV-101_2024-1_2024-05-04","33922912_DEV-101_2024-1","2024-05-04","3","Desaprobado","storage limit exceeded"
"45752068_GEN-101_2024-1_2024-05-04","45752068_GEN-101_2024-1","2024-05-04","3","Desaprobado","storage limit exceeded"
"31594777_DAT-101_2024-1_2024-05-04","31594777_DAT-101_2024-1","2024-05-04","3","Desaprobado","storage limit exceeded"
"42266843_NEG-400_2024-1_2024-05-05","42266843_NEG-400_2024-1","2024-05-05","2","Desaprobado","storage limit exceeded"
"45826183_MKT-200_2024-1_2024-05-05","45826183_MKT-200_2024-1","2024-05-05","1","Desaprobado","storage limit exceeded"
"32578687_NEG-400_2024-1_2024-05-05","32578687_NEG-400_2024-1","2024-05-05","5","Aprobado","storage limit exceeded"
"37454570_DAT-101_2024-1_2024-05-05","37454570_DAT-101_2024-1","2024-05-05","10","Aprobado","storage limit exceeded"
"41129177_NEG-400_2024-1_2024-05-05","41129177_NEG-400_2024-1","2024-05-05","7","Aprobado","storage limit exceeded"
"32099297_IA-300_2024-1_2024-05-05","32099297_IA-300_2024-1","2024-05-05","8","Aprobado","storage limit exceeded"
"31599603_MKT-200_2024-1_2024-05-05","31599603_MKT-200_2024-1","2024-05-05","5","Aprobado","storage limit exceeded"
"33699765_UX-100_2024-1_2024-05-06","33699765_UX-100_2024-1","2024-05-06","8","Aprobado","storage limit exceeded"
"45842940_NEG-400_2024-1_2024-05-06","45842940_NEG-400_2024-1","2024-05-06","6","Aprobado","storage limit exceeded"
"31821525_DAT-201_2024-1_2024-05-06","31821525_DAT-201_2024-1","2024-05-06","1","Desaprobado","storage limit exceeded"
"35579453_DAT-201_2024-1_2024-05-06","35579453_DAT-201_2024-1","2024-05-06","5","Aprobado","storage limit exceeded"
"43904609_NEG-400_2024-1_2024-05-06","43904609_NEG-400_2024-1","2024-05-06","4","Aprobado","storage limit exceeded"
"34070539_GEN-101_2024-1_2024-05-06","34070539_GEN-101_2024-1","2024-05-06","9","Aprobado","storage limit exceeded"
"37054065_DEV-101_2024-1_2024-05-06","37054065_DEV-101_2024-1","2024-05-06","1","Desaprobado","storage limit exceeded"
"38622234_DAT-201_2024-1_2024-05-06","38622234_DAT-201_2024-1","2024-05-06","10","Aprobado","storage limit exceeded"
"31800702_GEN-101_2024-1_2024-05-07","31800702_GEN-101_2024-1","2024-05-07","10","Aprobado","storage limit exceeded"
"34631318_DEV-101_2024-1_2024-05-07","34631318_DEV-101_2024-1","2024-05-07","1","Desaprobado","storage limit exceeded"
"45181550_UX-100_2024-1_2024-05-07","45181550_UX-100_2024-1","2024-05-07","3","Desaprobado","storage limit exceeded"
"45385368_DAT-201_2024-1_2024-05-07","45385368_DAT-201_2024-1","2024-05-07","6","Aprobado","storage limit exceeded"
"40818237_GEN-101_2024-1_2024-05-07","40818237_GEN-101_2024-1","2024-05-07","10","Aprobado","storage limit exceeded"
"45426738_NEG-400_2024-1_2024-05-07","45426738_NEG-400_2024-1","2024-05-07","7","Aprobado","storage limit exceeded"
"45171795_DEV-101_2024-1_2024-05-07","45171795_DEV-101_2024-1","2024-05-07","6","Aprobado","storage limit exceeded"
"35543489_UX-100_2024-1_2024-05-07","35543489_UX-100_2024-1","2024-05-07","1","Desaprobado","storage limit exceeded"
"40776019_GEN-101_2024-1_2024-05-07","40776019_GEN-101_2024-1","2024-05-07","4","Aprobado","storage limit exceeded"
"43771658_DAT-201_2024-1_2024-05-07","43771658_DAT-201_2024-1","2024-05-07","6","Aprobado","storage limit exceeded"
"34715773_DEV-101_2024-1_2024-05-07","34715773_DEV-101_2024-1","2024-05-07","1","Desaprobado","storage limit exceeded"
"43695456_MKT-200_2024-1_2024-05-07","43695456_MKT-200_2024-1","2024-05-07","9","Aprobado","storage limit exceeded"
"32151241_UX-100_2024-1_2024-05-08","32151241_UX-100_2024-1","2024-05-08","2","Desaprobado","storage limit exceeded"
"33130984_DAT-101_2024-1_2024-05-08","33130984_DAT-101_2024-1","2024-05-08","10","Aprobado","storage limit exceeded"
"42280040_NEG-400_2024-1_2024-05-08","42280040_NEG-400_2024-1","2024-05-08","4","Aprobado","storage limit exceeded"
"31263287_UX-100_2024-1_2024-05-08","31263287_UX-100_2024-1","2024-05-08","1","Desaprobado","storage limit exceeded"
"35155411_DAT-201_2024-1_2024-05-08","35155411_DAT-201_2024-1","2024-05-08","6","Aprobado","storage limit exceeded"
"35325959_MKT-200_2024-1_2024-05-09","35325959_MKT-200_2024-1","2024-05-09","5","Aprobado","storage limit exceeded"
"39402003_DAT-101_2024-1_2024-05-09","39402003_DAT-101_2024-1","2024-05-09","4","Aprobado","storage limit exceeded"
"37083223_DAT-101_2024-1_2024-05-09","37083223_DAT-101_2024-1","2024-05-09","1","Desaprobado","storage limit exceeded"
"32259990_IA-300_2024-1_2024-05-09","32259990_IA-300_2024-1","2024-05-09","9","Aprobado","storage limit exceeded"
"44780393_NEG-400_2024-1_2024-05-09","44780393_NEG-400_2024-1","2024-05-09","4","Aprobado","storage limit exceeded"
"33506985_UX-100_2024-1_2024-05-09","33506985_UX-100_2024-1","2024-05-09","8","Aprobado","storage limit exceeded"
"42576713_DAT-101_2024-1_2024-05-09","42576713_DAT-101_2024-1","2024-05-09","6","Aprobado","storage limit exceeded"
"39856178_DAT-101_2024-1_2024-05-09","39856178_DAT-101_2024-1","2024-05-09","3","Desaprobado","storage limit exceeded"
"43010564_DAT-201_2024-1_2024-05-09","43010564_DAT-201_2024-1","2024-05-09","2","Desaprobado","storage limit exceeded"
"30339434_DAT-201_2024-1_2024-05-09","30339434_DAT-201_2024-1","2024-05-09","2","Desaprobado","storage limit exceeded"
"33130984_DAT-201_2024-1_2024-05-09","33130984_DAT-201_2024-1","2024-05-09","9","Aprobado","storage limit exceeded"
"40133866_NEG-400_2024-1_2024-05-09","40133866_NEG-400_2024-1","2024-05-09","5","Aprobado","storage limit exceeded"
"42799422_DAT-201_2024-1_2024-05-09","42799422_DAT-201_2024-1","2024-05-09","9","Aprobado","storage limit exceeded"
"38162732_NEG-400_2024-1_2024-05-09","38162732_NEG-400_2024-1","2024-05-09","9","Aprobado","storage limit exceeded"
"31868622_MKT-200_2024-1_2024-05-09","31868622_MKT-200_2024-1","2024-05-09","1","Desaprobado","storage limit exceeded"
"39216162_MKT-200_2024-1_2024-05-10","39216162_MKT-200_2024-1","2024-05-10","3","Desaprobado","storage limit exceeded"
"30365765_GEN-101_2024-1_2024-05-10","30365765_GEN-101_2024-1","2024-05-10","1","Desaprobado","storage limit exceeded"
"31370404_IA-300_2024-1_2024-05-10","31370404_IA-300_2024-1","2024-05-10","10","Aprobado","storage limit exceeded"
"44536877_DAT-201_2024-1_2024-05-10","44536877_DAT-201_2024-1","2024-05-10","2","Desaprobado","storage limit exceeded"
"38481398_NEG-400_2024-1_2024-05-10","38481398_NEG-400_2024-1","2024-05-10","4","Aprobado","storage limit exceeded"
"39579403_UX-100_2024-1_2024-05-10","39579403_UX-100_2024-1","2024-05-10","8","Aprobado","storage limit exceeded"
"37550168_IA-300_2024-1_2024-05-10","37550168_IA-300_2024-1","2024-05-10","2","Desaprobado","storage limit exceeded"
"39691054_UX-100_2024-1_2024-05-10","39691054_UX-100_2024-1","2024-05-10","3","Desaprobado","storage limit exceeded"
"34529542_DAT-101_2024-1_2024-05-10","34529542_DAT-101_2024-1","2024-05-10","10","Aprobado","storage limit exceeded"
"34255143_DEV-101_2024-1_2024-05-10","34255143_DEV-101_2024-1","2024-05-10","9","Aprobado","storage limit exceeded"
"41943395_DAT-101_2024-1_2024-05-10","41943395_DAT-101_2024-1","2024-05-10","2","Desaprobado","storage limit exceeded"
"44886400_DEV-101_2024-1_2024-05-10","44886400_DEV-101_2024-1","2024-05-10","4","Aprobado","storage limit exceeded"
"45402891_UX-100_2024-1_2024-05-11","45402891_UX-100_2024-1","2024-05-11","1","Desaprobado","storage limit exceeded"
"33838303_GEN-101_2024-1_2024-05-11","33838303_GEN-101_2024-1","2024-05-11","7","Aprobado","storage limit exceeded"
"31800702_DEV-101_2024-1_2024-05-11","31800702_DEV-101_2024-1","2024-05-11","6","Aprobado","storage limit exceeded"
"39001607_DAT-201_2024-1_2024-05-11","39001607_DAT-201_2024-1","2024-05-11","2","Desaprobado","storage limit exceeded"
"30619113_GEN-101_2024-1_2024-05-11","30619113_GEN-101_2024-1","2024-05-11","7","Aprobado","storage limit exceeded"
"37849139_DAT-101_2024-1_2024-05-11","37849139_DAT-101_2024-1","2024-05-11","4","Aprobado","storage limit exceeded"
"34636803_IA-300_2024-1_2024-05-11","34636803_IA-300_2024-1","2024-05-11","10","Aprobado","storage limit exceeded"
"40578248_IA-300_2024-1_2024-05-12","40578248_IA-300_2024-1","2024-05-12","4","Aprobado","storage limit exceeded"
"42677307_GEN-101_2024-1_2024-05-12","42677307_GEN-101_2024-1","2024-05-12","7","Aprobado","storage limit exceeded"
"31061893_IA-300_2024-1_2024-05-12","31061893_IA-300_2024-1","2024-05-12","5","Aprobado","storage limit exceeded"
"37706458_MKT-200_2024-1_2024-05-12","37706458_MKT-200_2024-1","2024-05-12","4","Aprobado","storage limit exceeded"
"36514168_DEV-101_2024-1_2024-05-12","36514168_DEV-101_2024-1","2024-05-12","10","Aprobado","storage limit exceeded"
"33444595_DAT-201_2024-1_2024-05-12","33444595_DAT-201_2024-1","2024-05-12","8","Aprobado","storage limit exceeded"
"37949128_IA-300_2024-1_2024-05-13","37949128_IA-300_2024-1","2024-05-13","8","Aprobado","storage limit exceeded"
"42208457_DAT-101_2024-1_2024-05-13","42208457_DAT-101_2024-1","2024-05-13","9","Aprobado","storage limit exceeded"
"37253616_DAT-201_2024-1_2024-05-13","37253616_DAT-201_2024-1","2024-05-13","4","Aprobado","storage limit exceeded"
"32808702_UX-100_2024-1_2024-05-13","32808702_UX-100_2024-1","2024-05-13","1","Desaprobado","storage limit exceeded"
"30782743_IA-300_2024-1_2024-05-13","30782743_IA-300_2024-1","2024-05-13","2","Desaprobado","storage limit exceeded"
"39001607_UX-100_2024-1_2024-05-13","39001607_UX-100_2024-1","2024-05-13","10","Aprobado","storage limit exceeded"
"34864189_GEN-101_2024-1_2024-05-13","34864189_GEN-101_2024-1","2024-05-13","7","Aprobado","storage limit exceeded"
"38724522_UX-100_2024-1_2024-05-14","38724522_UX-100_2024-1","2024-05-14","8","Aprobado","storage limit exceeded"
"33857648_DAT-101_2024-1_2024-05-14","33857648_DAT-101_2024-1","2024-05-14","2","Desaprobado","storage limit exceeded"
"35471829_DEV-101_2024-1_2024-05-14","35471829_DEV-101_2024-1","2024-05-14","2","Desaprobado","storage limit exceeded"
"40051444_GEN-101_2024-1_2024-05-14","40051444_GEN-101_2024-1","2024-05-14","6","Aprobado","storage limit exceeded"
"36369209_DAT-201_2024-1_2024-05-15","36369209_DAT-201_2024-1","2024-05-15","5","Aprobado","storage limit exceeded"
"44912505_IA-300_2024-1_2024-05-15","44912505_IA-300_2024-1","2024-05-15","6","Aprobado","storage limit exceeded"
"32864447_NEG-400_2024-1_2024-05-15","32864447_NEG-400_2024-1","2024-05-15","8","Aprobado","storage limit exceeded"
"35891432_IA-300_2024-1_2024-05-15","35891432_IA-300_2024-1","2024-05-15","4","Aprobado","storage limit exceeded"
"31868622_MKT-200_2024-1_2024-05-15","31868622_MKT-200_2024-1","2024-05-15","2","Desaprobado","storage limit exceeded"
"43991901_DAT-101_2024-1_2024-05-15","43991901_DAT-101_2024-1","2024-05-15","9","Aprobado","storage limit exceeded"
"42576713_DEV-101_2024-1_2024-05-15","42576713_DEV-101_2024-1","2024-05-15","10","Aprobado","storage limit exceeded"
"43105183_IA-300_2024-1_2024-05-15","43105183_IA-300_2024-1","2024-05-15","9","Aprobado","storage limit exceeded"
"33696189_GEN-101_2024-1_2024-05-15","33696189_GEN-101_2024-1","2024-05-15","9","Aprobado","storage limit exceeded"
"44775708_IA-300_2024-1_2024-05-15","44775708_IA-300_2024-1","2024-05-15","1","Desaprobado","storage limit exceeded"
"41848705_DAT-201_2024-1_2024-05-16","41848705_DAT-201_2024-1","2024-05-16","7","Aprobado","storage limit exceeded"
"38114009_DEV-101_2024-1_2024-05-16","38114009_DEV-101_2024-1","2024-05-16","10","Aprobado","storage limit exceeded"
"33488611_UX-100_2024-1_2024-05-16","33488611_UX-100_2024-1","2024-05-16","3","Desaprobado","storage limit exceeded"
"36286352_NEG-400_2024-1_2024-05-16","36286352_NEG-400_2024-1","2024-05-16","5","Aprobado","storage limit exceeded"
"41065435_GEN-101_2024-1_2024-05-16","41065435_GEN-101_2024-1","2024-05-16","1","Desaprobado","storage limit exceeded"
"41594052_UX-100_2024-1_2024-05-16","41594052_UX-100_2024-1","2024-05-16","3","Desaprobado","storage limit exceeded"
"39129106_DAT-201_2024-1_2024-05-16","39129106_DAT-201_2024-1","2024-05-16","9","Aprobado","storage limit exceeded"
"43539600_GEN-101_2024-1_2024-05-16","43539600_GEN-101_2024-1","2024-05-16","8","Aprobado","storage limit exceeded"
"42576713_UX-100_2024-1_2024-05-16","42576713_UX-100_2024-1","2024-05-16","1","Desaprobado","storage limit exceeded"
"39264124_DEV-101_2024-1_2024-05-17","39264124_DEV-101_2024-1","2024-05-17","4","Aprobado","storage limit exceeded"
"35965210_UX-100_2024-1_2024-05-17","35965210_UX-100_2024-1","2024-05-17","6","Aprobado","storage limit exceeded"
"45298142_DEV-101_2024-1_2024-05-17","45298142_DEV-101_2024-1","2024-05-17","8","Aprobado","storage limit exceeded"
"35915416_IA-300_2024-1_2024-05-17","35915416_IA-300_2024-1","2024-05-17","8","Aprobado","storage limit exceeded"
"30126752_GEN-101_2024-1_2024-05-17","30126752_GEN-101_2024-1","2024-05-17","9","Aprobado","storage limit exceeded"
"34265698_MKT-200_2024-1_2024-05-18","34265698_MKT-200_2024-1","2024-05-18","7","Aprobado","storage limit exceeded"
"41111676_NEG-400_2024-1_2024-05-18","41111676_NEG-400_2024-1","2024-05-18","7","Aprobado","storage limit exceeded"
"40105729_MKT-200_2024-1_2024-05-18","40105729_MKT-200_2024-1","2024-05-18","1","Desaprobado","storage limit exceeded"
"40579606_UX-100_2024-1_2024-05-18","40579606_UX-100_2024-1","2024-05-18","7","Aprobado","storage limit exceeded"
"43978117_DAT-101_2024-1_2024-05-18","43978117_DAT-101_2024-1","2024-05-18","2","Desaprobado","storage limit exceeded"
"32556008_DAT-101_2024-1_2024-05-18","32556008_DAT-101_2024-1","2024-05-18","2","Desaprobado","storage limit exceeded"
"36362413_DAT-101_2024-1_2024-05-18","36362413_DAT-101_2024-1","2024-05-18","2","Desaprobado","storage limit exceeded"
"41003214_NEG-400_2024-1_2024-05-18","41003214_NEG-400_2024-1","2024-05-18","4","Aprobado","storage limit exceeded"
"37326359_DEV-101_2024-1_2024-05-18","37326359_DEV-101_2024-1","2024-05-18","9","Aprobado","storage limit exceeded"
"44508081_MKT-200_2024-1_2024-05-19","44508081_MKT-200_2024-1","2024-05-19","2","Desaprobado","storage limit exceeded"
"43362081_DAT-101_2024-1_2024-05-19","43362081_DAT-101_2024-1","2024-05-19","5","Aprobado","storage limit exceeded"
"42221418_NEG-400_2024-1_2024-05-19","42221418_NEG-400_2024-1","2024-05-19","2","Desaprobado","storage limit exceeded"
"30974929_MKT-200_2024-1_2024-05-19","30974929_MKT-200_2024-1","2024-05-19","7","Aprobado","storage limit exceeded"
"37347578_IA-300_2024-1_2024-05-19","37347578_IA-300_2024-1","2024-05-19","3","Desaprobado","storage limit exceeded"
"40649002_DEV-101_2024-1_2024-05-19","40649002_DEV-101_2024-1","2024-05-19","10","Aprobado","storage limit exceeded"
"33115581_DAT-201_2024-1_2024-05-19","33115581_DAT-201_2024-1","2024-05-19","2","Desaprobado","storage limit exceeded"
"39144752_IA-300_2024-1_2024-05-19","39144752_IA-300_2024-1","2024-05-19","7","Aprobado","storage limit exceeded"
"35543489_DAT-101_2024-1_2024-05-20","35543489_DAT-101_2024-1","2024-05-20","3","Desaprobado","storage limit exceeded"
"39405037_GEN-101_2024-1_2024-05-20","39405037_GEN-101_2024-1","2024-05-20","9","Aprobado","storage limit exceeded"
"41347543_GEN-101_2024-1_2024-05-20","41347543_GEN-101_2024-1","2024-05-20","6","Aprobado","storage limit exceeded"
"37831209_DEV-101_2024-1_2024-05-20","37831209_DEV-101_2024-1","2024-05-20","6","Aprobado","storage limit exceeded"
"36727365_DEV-101_2024-1_2024-05-20","36727365_DEV-101_2024-1","2024-05-20","2","Desaprobado","storage limit exceeded"
"37179608_UX-100_2024-1_2024-05-20","37179608_UX-100_2024-1","2024-05-20","4","Aprobado","storage limit exceeded"
"31399534_NEG-400_2024-1_2024-05-20","31399534_NEG-400_2024-1","2024-05-20","3","Desaprobado","storage limit exceeded"
"45090532_MKT-200_2024-1_2024-05-20","45090532_MKT-200_2024-1","2024-05-20","3","Desaprobado","storage limit exceeded"
"33221169_IA-300_2024-1_2024-05-20","33221169_IA-300_2024-1","2024-05-20","8","Aprobado","storage limit exceeded"
"35810239_IA-300_2024-1_2024-05-20","35810239_IA-300_2024-1","2024-05-20","4","Aprobado","storage limit exceeded"
"37223015_DAT-201_2024-1_2024-05-20","37223015_DAT-201_2024-1","2024-05-20","5","Aprobado","storage limit exceeded"
"34845546_DAT-101_2024-1_2024-05-20","34845546_DAT-101_2024-1","2024-05-20","5","Aprobado","storage limit exceeded"
"33049597_IA-300_2024-1_2024-05-21","33049597_IA-300_2024-1","2024-05-21","5","Aprobado","storage limit exceeded"
"37329041_IA-300_2024-1_2024-05-21","37329041_IA-300_2024-1","2024-05-21","2","Desaprobado","storage limit exceeded"
"31379964_NEG-400_2024-1_2024-05-21","31379964_NEG-400_2024-1","2024-05-21","1","Desaprobado","storage limit exceeded"
"40727710_MKT-200_2024-1_2024-05-21","40727710_MKT-200_2024-1","2024-05-21","6","Aprobado","storage limit exceeded"
"38048801_IA-300_2024-1_2024-05-21","38048801_IA-300_2024-1","2024-05-21","4","Aprobado","storage limit exceeded"
"44210932_UX-100_2024-1_2024-05-21","44210932_UX-100_2024-1","2024-05-21","10","Aprobado","storage limit exceeded"
"40338924_DAT-201_2024-1_2024-05-21","40338924_DAT-201_2024-1","2024-05-21","4","Aprobado","storage limit exceeded"
"39695989_UX-100_2024-1_2024-05-21","39695989_UX-100_2024-1","2024-05-21","1","Desaprobado","storage limit exceeded"
"41147686_DAT-101_2024-1_2024-05-21","41147686_DAT-101_2024-1","2024-05-21","2","Desaprobado","storage limit exceeded"
"34209869_IA-300_2024-1_2024-05-21","34209869_IA-300_2024-1","2024-05-21","1","Desaprobado","storage limit exceeded"
"38485886_DEV-101_2024-1_2024-05-21","38485886_DEV-101_2024-1","2024-05-21","2","Desaprobado","storage limit exceeded"
"32099618_MKT-200_2024-1_2024-05-21","32099618_MKT-200_2024-1","2024-05-21","4","Aprobado","storage limit exceeded"
"34363040_DAT-201_2024-1_2024-05-21","34363040_DAT-201_2024-1","2024-05-21","3","Desaprobado","storage limit exceeded"
"35282987_IA-300_2024-1_2024-05-22","35282987_IA-300_2024-1","2024-05-22","10","Aprobado","storage limit exceeded"
"36935055_MKT-200_2024-1_2024-05-22","36935055_MKT-200_2024-1","2024-05-22","6","Aprobado","storage limit exceeded"
"37604035_NEG-400_2024-1_2024-05-23","37604035_NEG-400_2024-1","2024-05-23","2","Desaprobado","storage limit exceeded"
"42509169_MKT-200_2024-1_2024-05-23","42509169_MKT-200_2024-1","2024-05-23","9","Aprobado","storage limit exceeded"
"43802935_DEV-101_2024-1_2024-05-23","43802935_DEV-101_2024-1","2024-05-23","6","Aprobado","storage limit exceeded"
"38726954_DAT-201_2024-1_2024-05-23","38726954_DAT-201_2024-1","2024-05-23","4","Aprobado","storage limit exceeded"
"41330737_MKT-200_2024-1_2024-05-23","41330737_MKT-200_2024-1","2024-05-23","10","Aprobado","storage limit exceeded"
"37797988_DAT-201_2024-1_2024-05-23","37797988_DAT-201_2024-1","2024-05-23","7","Aprobado","storage limit exceeded"
"35471829_DEV-101_2024-1_2024-05-23","35471829_DEV-101_2024-1","2024-05-23","9","Aprobado","storage limit exceeded"
"42024629_GEN-101_2024-1_2024-05-23","42024629_GEN-101_2024-1","2024-05-23","6","Aprobado","storage limit exceeded"
"45419981_UX-100_2024-1_2024-05-23","45419981_UX-100_2024-1","2024-05-23","9","Aprobado","storage limit exceeded"
"44370456_DAT-101_2024-1_2024-05-23","44370456_DAT-101_2024-1","2024-05-23","10","Aprobado","storage limit exceeded"
"31295512_DAT-201_2024-1_2024-05-24","31295512_DAT-201_2024-1","2024-05-24","6","Aprobado","storage limit exceeded"
"30309712_DAT-101_2024-1_2024-05-24","30309712_DAT-101_2024-1","2024-05-24","10","Aprobado","storage limit exceeded"
"35589315_DAT-201_2024-1_2024-05-24","35589315_DAT-201_2024-1","2024-05-24","10","Aprobado","storage limit exceeded"
"33074317_DEV-101_2024-1_2024-05-24","33074317_DEV-101_2024-1","2024-05-24","1","Desaprobado","storage limit exceeded"
"45090532_DEV-101_2024-1_2024-05-25","45090532_DEV-101_2024-1","2024-05-25","8","Aprobado","storage limit exceeded"
"33957369_DAT-201_2024-1_2024-05-25","33957369_DAT-201_2024-1","2024-05-25","9","Aprobado","storage limit exceeded"
"38451826_GEN-101_2024-1_2024-05-25","38451826_GEN-101_2024-1","2024-05-25","5","Aprobado","storage limit exceeded"
"38373582_GEN-101_2024-1_2024-05-25","38373582_GEN-101_2024-1","2024-05-25","5","Aprobado","storage limit exceeded"
"31922848_DEV-101_2024-1_2024-05-25","31922848_DEV-101_2024-1","2024-05-25","10","Aprobado","storage limit exceeded"
"39269288_DAT-101_2024-1_2024-05-25","39269288_DAT-101_2024-1","2024-05-25","3","Desaprobado","storage limit exceeded"
"36702199_IA-300_2024-1_2024-05-25","36702199_IA-300_2024-1","2024-05-25","6","Aprobado","storage limit exceeded"
"33630695_UX-100_2024-1_2024-05-25","33630695_UX-100_2024-1","2024-05-25","1","Desaprobado","storage limit exceeded"
"38446695_IA-300_2024-1_2024-05-25","38446695_IA-300_2024-1","2024-05-25","2","Desaprobado","storage limit exceeded"
"45039367_DAT-101_2024-1_2024-05-25","45039367_DAT-101_2024-1","2024-05-25","7","Aprobado","storage limit exceeded"
"36953747_DAT-201_2024-1_2024-05-26","36953747_DAT-201_2024-1","2024-05-26","2","Desaprobado","storage limit exceeded"
"44910143_MKT-200_2024-1_2024-05-26","44910143_MKT-200_2024-1","2024-05-26","6","Aprobado","storage limit exceeded"
"45265185_NEG-400_2024-1_2024-05-26","45265185_NEG-400_2024-1","2024-05-26","9","Aprobado","storage limit exceeded"
"44617524_DAT-101_2024-1_2024-05-26","44617524_DAT-101_2024-1","2024-05-26","1","Desaprobado","storage limit exceeded"
"39386861_DAT-201_2024-1_2024-05-26","39386861_DAT-201_2024-1","2024-05-26","3","Desaprobado","storage limit exceeded"
"33827674_UX-100_2024-1_2024-05-26","33827674_UX-100_2024-1","2024-05-26","8","Aprobado","storage limit exceeded"
"31158762_IA-300_2024-1_2024-05-26","31158762_IA-300_2024-1","2024-05-26","9","Aprobado","storage limit exceeded"
"42117900_GEN-101_2024-1_2024-05-27","42117900_GEN-101_2024-1","2024-05-27","5","Aprobado","storage limit exceeded"
"34211417_DEV-101_2024-1_2024-05-27","34211417_DEV-101_2024-1","2024-05-27","4","Aprobado","storage limit exceeded"
"36392604_IA-300_2024-1_2024-05-27","36392604_IA-300_2024-1","2024-05-27","9","Aprobado","storage limit exceeded"
"33696189_GEN-101_2024-1_2024-05-27","33696189_GEN-101_2024-1","2024-05-27","8","Aprobado","storage limit exceeded"
"43767499_DAT-201_2024-1_2024-05-27","43767499_DAT-201_2024-1","2024-05-27","4","Aprobado","storage limit exceeded"
"38218744_UX-100_2024-1_2024-05-27","38218744_UX-100_2024-1","2024-05-27","6","Aprobado","storage limit exceeded"
"36163868_IA-300_2024-1_2024-05-27","36163868_IA-300_2024-1","2024-05-27","8","Aprobado","storage limit exceeded"
"34758464_NEG-400_2024-1_2024-05-27","34758464_NEG-400_2024-1","2024-05-27","4","Aprobado","storage limit exceeded"
"42849061_GEN-101_2024-1_2024-05-27","42849061_GEN-101_2024-1","2024-05-27","2","Desaprobado","storage limit exceeded"
"31438742_DEV-101_2024-1_2024-05-28","31438742_DEV-101_2024-1","2024-05-28","6","Aprobado","storage limit exceeded"
"43270052_MKT-200_2024-1_2024-05-28","43270052_MKT-200_2024-1","2024-05-28","8","Aprobado","storage limit exceeded"
"42706367_NEG-400_2024-1_2024-05-28","42706367_NEG-400_2024-1","2024-05-28","2","Desaprobado","storage limit exceeded"
"43159265_DEV-101_2024-1_2024-05-28","43159265_DEV-101_2024-1","2024-05-28","7","Aprobado","storage limit exceeded"
"34250668_MKT-200_2024-1_2024-05-28","34250668_MKT-200_2024-1","2024-05-28","2","Desaprobado","storage limit exceeded"
"44654293_DAT-201_2024-1_2024-05-28","44654293_DAT-201_2024-1","2024-05-28","9","Aprobado","storage limit exceeded"
"41333233_DAT-101_2024-1_2024-05-28","41333233_DAT-101_2024-1","2024-05-28","3","Desaprobado","storage limit exceeded"
"30469731_GEN-101_2024-1_2024-05-28","30469731_GEN-101_2024-1","2024-05-28","1","Desaprobado","storage limit exceeded"
"33910188_NEG-400_2024-1_2024-05-28","33910188_NEG-400_2024-1","2024-05-28","1","Desaprobado","storage limit exceeded"
"37935165_MKT-200_2024-1_2024-05-29","37935165_MKT-200_2024-1","2024-05-29","3","Desaprobado","storage limit exceeded"
"34971595_IA-300_2024-1_2024-05-29","34971595_IA-300_2024-1","2024-05-29","8","Aprobado","storage limit exceeded"
"39386861_UX-100_2024-1_2024-05-29","39386861_UX-100_2024-1","2024-05-29","4","Aprobado","storage limit exceeded"
"41077276_IA-300_2024-1_2024-05-29","41077276_IA-300_2024-1","2024-05-29","5","Aprobado","storage limit exceeded"
"33630695_IA-300_2024-1_2024-05-29","33630695_IA-300_2024-1","2024-05-29","5","Aprobado","storage limit exceeded"
"31621161_IA-300_2024-1_2024-05-29","31621161_IA-300_2024-1","2024-05-29","1","Desaprobado","storage limit exceeded"
"40729905_DAT-101_2024-1_2024-05-30","40729905_DAT-101_2024-1","2024-05-30","7","Aprobado","storage limit exceeded"
"42757045_MKT-200_2024-1_2024-05-30","42757045_MKT-200_2024-1","2024-05-30","1","Desaprobado","storage limit exceeded"
"44308885_UX-100_2024-1_2024-05-30","44308885_UX-100_2024-1","2024-05-30","1","Desaprobado","storage limit exceeded"
"34092604_IA-300_2024-1_2024-05-30","34092604_IA-300_2024-1","2024-05-30","6","Aprobado","storage limit exceeded"
"35320655_DAT-201_2024-1_2024-05-30","35320655_DAT-201_2024-1","2024-05-30","7","Aprobado","storage limit exceeded"
"38164166_MKT-200_2024-1_2024-05-30","38164166_MKT-200_2024-1","2024-05-30","1","Desaprobado","storage limit exceeded"
"32971550_IA-300_2024-1_2024-05-30","32971550_IA-300_2024-1","2024-05-30","8","Aprobado","storage limit exceeded"
"30946614_MKT-200_2024-1_2024-05-30","30946614_MKT-200_2024-1","2024-05-30","9","Aprobado","storage limit exceeded"
"41829357_MKT-200_2024-1_2024-05-31","41829357_MKT-200_2024-1","2024-05-31","3","Desaprobado","storage limit exceeded"
"45417967_NEG-400_2024-1_2024-05-31","45417967_NEG-400_2024-1","2024-05-31","5","Aprobado","storage limit exceeded"
"34033433_NEG-400_2024-1_2024-05-31","34033433_NEG-400_2024-1","2024-05-31","8","Aprobado","storage limit exceeded"
"33035804_GEN-101_2024-1_2024-05-31","33035804_GEN-101_2024-1","2024-05-31","4","Aprobado","storage limit exceeded"
"34617592_MKT-200_2024-1_2024-05-31","34617592_MKT-200_2024-1","2024-05-31","10","Aprobado","storage limit exceeded"
"36855486_MKT-200_2024-1_2024-05-31","36855486_MKT-200_2024-1","2024-05-31","10","Aprobado","storage limit exceeded"
"37168127_GEN-101_2024-1_2024-05-31","37168127_GEN-101_2024-1","2024-05-31","8","Aprobado","storage limit exceeded"
"40513724_DAT-201_2024-1_2024-05-31","40513724_DAT-201_2024-1","2024-05-31","7","Aprobado","storage limit exceeded"
"32196825_IA-300_2024-1_2024-05-31","32196825_IA-300_2024-1","2024-05-31","4","Aprobado","storage limit exceeded"
"33541682_IA-300_2024-1_2024-06-01","33541682_IA-300_2024-1","2024-06-01","5","Aprobado","storage limit exceeded"
"36489803_UX-100_2024-1_2024-06-01","36489803_UX-100_2024-1","2024-06-01","1","Desaprobado","storage limit exceeded"
"43315303_MKT-200_2024-1_2024-06-01","43315303_MKT-200_2024-1","2024-06-01","1","Desaprobado","storage limit exceeded"
"44047721_DAT-201_2024-1_2024-06-01","44047721_DAT-201_2024-1","2024-06-01","4","Aprobado","storage limit exceeded"
"42024629_DEV-101_2024-1_2024-06-02","42024629_DEV-101_2024-1","2024-06-02","3","Desaprobado","storage limit exceeded"
"40980648_DAT-201_2024-1_2024-06-02","40980648_DAT-201_2024-1","2024-06-02","4","Aprobado","storage limit exceeded"
"32357600_GEN-101_2024-1_2024-06-02","32357600_GEN-101_2024-1","2024-06-02","5","Aprobado","storage limit exceeded"
"30985783_DAT-101_2024-1_2024-06-02","30985783_DAT-101_2024-1","2024-06-02","7","Aprobado","storage limit exceeded"
"34209869_UX-100_2024-1_2024-06-02","34209869_UX-100_2024-1","2024-06-02","9","Aprobado","storage limit exceeded"
"32295114_IA-300_2024-1_2024-06-02","32295114_IA-300_2024-1","2024-06-02","5","Aprobado","storage limit exceeded"
"42576713_DEV-101_2024-1_2024-06-02","42576713_DEV-101_2024-1","2024-06-02","5","Aprobado","storage limit exceeded"
"38140531_IA-300_2024-1_2024-06-02","38140531_IA-300_2024-1","2024-06-02","9","Aprobado","storage limit exceeded"
"44528233_IA-300_2024-1_2024-06-02","44528233_IA-300_2024-1","2024-06-02","5","Aprobado","storage limit exceeded"
"30106929_DAT-201_2024-1_2024-06-02","30106929_DAT-201_2024-1","2024-06-02","1","Desaprobado","storage limit exceeded"
"37856329_NEG-400_2024-1_2024-06-02","37856329_NEG-400_2024-1","2024-06-02","10","Aprobado","storage limit exceeded"
"31593963_UX-100_2024-1_2024-06-02","31593963_UX-100_2024-1","2024-06-02","8","Aprobado","storage limit exceeded"
"32698751_GEN-101_2024-1_2024-06-02","32698751_GEN-101_2024-1","2024-06-02","8","Aprobado","storage limit exceeded"
"38290265_DEV-101_2024-1_2024-06-02","38290265_DEV-101_2024-1","2024-06-02","1","Desaprobado","storage limit exceeded"
"37605752_UX-100_2024-1_2024-06-03","37605752_UX-100_2024-1","2024-06-03","3","Desaprobado","storage limit exceeded"
"32430086_DAT-101_2024-1_2024-06-03","32430086_DAT-101_2024-1","2024-06-03","8","Aprobado","storage limit exceeded"
"32440459_GEN-101_2024-1_2024-06-03","32440459_GEN-101_2024-1","2024-06-03","6","Aprobado","storage limit exceeded"
"33352008_DAT-101_2024-1_2024-06-03","33352008_DAT-101_2024-1","2024-06-03","3","Desaprobado","storage limit exceeded"
"35625713_GEN-101_2024-1_2024-06-03","35625713_GEN-101_2024-1","2024-06-03","1","Desaprobado","storage limit exceeded"
"36490297_DAT-201_2024-1_2024-06-03","36490297_DAT-201_2024-1","2024-06-03","5","Aprobado","storage limit exceeded"
"31356012_MKT-200_2024-1_2024-06-03","31356012_MKT-200_2024-1","2024-06-03","6","Aprobado","storage limit exceeded"
"34446593_NEG-400_2024-1_2024-06-04","34446593_NEG-400_2024-1","2024-06-04","9","Aprobado","storage limit exceeded"
"43864775_DEV-101_2024-1_2024-06-04","43864775_DEV-101_2024-1","2024-06-04","3","Desaprobado","storage limit exceeded"
"42219949_UX-100_2024-1_2024-06-04","42219949_UX-100_2024-1","2024-06-04","5","Aprobado","storage limit exceeded"
"31352683_UX-100_2024-1_2024-06-04","31352683_UX-100_2024-1","2024-06-04","4","Aprobado","storage limit exceeded"
"34211417_GEN-101_2024-1_2024-06-04","34211417_GEN-101_2024-1","2024-06-04","3","Desaprobado","storage limit exceeded"
"34039776_NEG-400_2024-1_2024-06-04","34039776_NEG-400_2024-1","2024-06-04","3","Desaprobado","storage limit exceeded"
"39875233_NEG-400_2024-1_2024-06-04","39875233_NEG-400_2024-1","2024-06-04","1","Desaprobado","storage limit exceeded"
"32272850_DAT-101_2024-1_2024-06-04","32272850_DAT-101_2024-1","2024-06-04","2","Desaprobado","storage limit exceeded"
"30226372_NEG-400_2024-1_2024-06-04","30226372_NEG-400_2024-1","2024-06-04","4","Aprobado","storage limit exceeded"
"34912303_NEG-400_2024-1_2024-06-05","34912303_NEG-400_2024-1","2024-06-05","4","Aprobado","storage limit exceeded"
"43947996_IA-300_2024-1_2024-06-05","43947996_IA-300_2024-1","2024-06-05","2","Desaprobado","storage limit exceeded"
"44219639_GEN-101_2024-1_2024-06-05","44219639_GEN-101_2024-1","2024-06-05","5","Aprobado","storage limit exceeded"
"45941376_DAT-101_2024-1_2024-06-05","45941376_DAT-101_2024-1","2024-06-05","3","Desaprobado","storage limit exceeded"
"32575818_IA-300_2024-1_2024-06-05","32575818_IA-300_2024-1","2024-06-05","6","Aprobado","storage limit exceeded"
"34998039_IA-300_2024-1_2024-06-05","34998039_IA-300_2024-1","2024-06-05","6","Aprobado","storage limit exceeded"
"31509667_NEG-400_2024-1_2024-06-05","31509667_NEG-400_2024-1","2024-06-05","9","Aprobado","storage limit exceeded"
"39129106_GEN-101_2024-1_2024-06-05","39129106_GEN-101_2024-1","2024-06-05","10","Aprobado","storage limit exceeded"
"45341622_NEG-400_2024-1_2024-06-05","45341622_NEG-400_2024-1","2024-06-05","5","Aprobado","storage limit exceeded"
"38207316_GEN-101_2024-1_2024-06-05","38207316_GEN-101_2024-1","2024-06-05","7","Aprobado","storage limit exceeded"
"42500015_MKT-200_2024-1_2024-06-05","42500015_MKT-200_2024-1","2024-06-05","3","Desaprobado","storage limit exceeded"
"32702619_DAT-101_2024-1_2024-06-05","32702619_DAT-101_2024-1","2024-06-05","2","Desaprobado","storage limit exceeded"
"43663971_IA-300_2024-1_2024-06-05","43663971_IA-300_2024-1","2024-06-05","8","Aprobado","storage limit exceeded"
"37012198_DAT-201_2024-1_2024-06-05","37012198_DAT-201_2024-1","2024-06-05","4","Aprobado","storage limit exceeded"
"33338311_NEG-400_2024-1_2024-06-05","33338311_NEG-400_2024-1","2024-06-05","5","Aprobado","storage limit exceeded"
"38162732_NEG-400_2024-1_2024-06-06","38162732_NEG-400_2024-1","2024-06-06","9","Aprobado","storage limit exceeded"
"41021877_UX-100_2024-1_2024-06-06","41021877_UX-100_2024-1","2024-06-06","9","Aprobado","storage limit exceeded"
"36855486_NEG-400_2024-1_2024-06-06","36855486_NEG-400_2024-1","2024-06-06","2","Desaprobado","storage limit exceeded"
"38370600_DAT-101_2024-1_2024-06-06","38370600_DAT-101_2024-1","2024-06-06","3","Desaprobado","storage limit exceeded"
"31963378_DEV-101_2024-1_2024-06-06","31963378_DEV-101_2024-1","2024-06-06","3","Desaprobado","storage limit exceeded"
"38934818_UX-100_2024-1_2024-06-06","38934818_UX-100_2024-1","2024-06-06","1","Desaprobado","storage limit exceeded"
"31303564_DAT-201_2024-1_2024-06-06","31303564_DAT-201_2024-1","2024-06-06","5","Aprobado","storage limit exceeded"
"35437650_DEV-101_2024-1_2024-06-07","35437650_DEV-101_2024-1","2024-06-07","6","Aprobado","storage limit exceeded"
"39194704_DEV-101_2024-1_2024-06-07","39194704_DEV-101_2024-1","2024-06-07","2","Desaprobado","storage limit exceeded"
"35111521_MKT-200_2024-1_2024-06-07","35111521_MKT-200_2024-1","2024-06-07","2","Desaprobado","storage limit exceeded"
"33663590_UX-100_2024-1_2024-06-07","33663590_UX-100_2024-1","2024-06-07","8","Aprobado","storage limit exceeded"
"38519723_MKT-200_2024-1_2024-06-07","38519723_MKT-200_2024-1","2024-06-07","9","Aprobado","storage limit exceeded"
"38393673_IA-300_2024-1_2024-06-07","38393673_IA-300_2024-1","2024-06-07","4","Aprobado","storage limit exceeded"
"44289991_MKT-200_2024-1_2024-06-07","44289991_MKT-200_2024-1","2024-06-07","4","Aprobado","storage limit exceeded"
"34078388_MKT-200_2024-1_2024-06-08","34078388_MKT-200_2024-1","2024-06-08","7","Aprobado","storage limit exceeded"
"41129177_GEN-101_2024-1_2024-06-08","41129177_GEN-101_2024-1","2024-06-08","8","Aprobado","storage limit exceeded"
"30386383_DAT-201_2024-1_2024-06-08","30386383_DAT-201_2024-1","2024-06-08","7","Aprobado","storage limit exceeded"
"43695456_NEG-400_2024-1_2024-06-08","43695456_NEG-400_2024-1","2024-06-08","9","Aprobado","storage limit exceeded"
"30246491_IA-300_2024-1_2024-06-08","30246491_IA-300_2024-1","2024-06-08","3","Desaprobado","storage limit exceeded"
"36725023_GEN-101_2024-1_2024-06-08","36725023_GEN-101_2024-1","2024-06-08","1","Desaprobado","storage limit exceeded"
"39341417_NEG-400_2024-1_2024-06-08","39341417_NEG-400_2024-1","2024-06-08","7","Aprobado","storage limit exceeded"
"36057182_DAT-201_2024-1_2024-06-09","36057182_DAT-201_2024-1","2024-06-09","9","Aprobado","storage limit exceeded"
"41788868_NEG-400_2024-1_2024-06-09","41788868_NEG-400_2024-1","2024-06-09","3","Desaprobado","storage limit exceeded"
"35155914_NEG-400_2024-1_2024-06-09","35155914_NEG-400_2024-1","2024-06-09","10","Aprobado","storage limit exceeded"
"45090532_IA-300_2024-1_2024-06-09","45090532_IA-300_2024-1","2024-06-09","8","Aprobado","storage limit exceeded"
"30246491_DEV-101_2024-1_2024-06-09","30246491_DEV-101_2024-1","2024-06-09","8","Aprobado","storage limit exceeded"
"38642477_MKT-200_2024-1_2024-06-09","38642477_MKT-200_2024-1","2024-06-09","9","Aprobado","storage limit exceeded"
"40126484_DAT-101_2024-1_2024-06-09","40126484_DAT-101_2024-1","2024-06-09","3","Desaprobado","storage limit exceeded"
"37223015_GEN-101_2024-1_2024-06-09","37223015_GEN-101_2024-1","2024-06-09","7","Aprobado","storage limit exceeded"
"45246102_DAT-201_2024-1_2024-06-10","45246102_DAT-201_2024-1","2024-06-10","10","Aprobado","storage limit exceeded"
"30386383_DAT-101_2024-1_2024-06-10","30386383_DAT-101_2024-1","2024-06-10","5","Aprobado","storage limit exceeded"
"35501443_DEV-101_2024-1_2024-06-10","35501443_DEV-101_2024-1","2024-06-10","2","Desaprobado","storage limit exceeded"
"35188238_MKT-200_2024-1_2024-06-10","35188238_MKT-200_2024-1","2024-06-10","10","Aprobado","storage limit exceeded"
"44508081_DAT-201_2024-1_2024-06-11","44508081_DAT-201_2024-1","2024-06-11","1","Desaprobado","storage limit exceeded"
"33730130_NEG-400_2024-1_2024-06-11","33730130_NEG-400_2024-1","2024-06-11","1","Desaprobado","storage limit exceeded"
"36236123_DAT-201_2024-1_2024-06-11","36236123_DAT-201_2024-1","2024-06-11","1","Desaprobado","storage limit exceeded"
"35468094_IA-300_2024-1_2024-06-11","35468094_IA-300_2024-1","2024-06-11","10","Aprobado","storage limit exceeded"
"32150263_DEV-101_2024-1_2024-06-11","32150263_DEV-101_2024-1","2024-06-11","1","Desaprobado","storage limit exceeded"
"44419194_DEV-101_2024-1_2024-06-11","44419194_DEV-101_2024-1","2024-06-11","6","Aprobado","storage limit exceeded"
"35325959_UX-100_2024-1_2024-06-11","35325959_UX-100_2024-1","2024-06-11","6","Aprobado","storage limit exceeded"
"39308771_DEV-101_2024-1_2024-06-11","39308771_DEV-101_2024-1","2024-06-11","3","Desaprobado","storage limit exceeded"
"39341417_DAT-201_2024-1_2024-06-11","39341417_DAT-201_2024-1","2024-06-11","8","Aprobado","storage limit exceeded"
"41473248_DAT-101_2024-1_2024-06-11","41473248_DAT-101_2024-1","2024-06-11","2","Desaprobado","storage limit exceeded"
"43750283_DAT-101_2024-1_2024-06-12","43750283_DAT-101_2024-1","2024-06-12","7","Aprobado","storage limit exceeded"
"37169999_NEG-400_2024-1_2024-06-12","37169999_NEG-400_2024-1","2024-06-12","2","Desaprobado","storage limit exceeded"
"32811654_MKT-200_2024-1_2024-06-12","32811654_MKT-200_2024-1","2024-06-12","6","Aprobado","storage limit exceeded"
"32050515_GEN-101_2024-1_2024-06-12","32050515_GEN-101_2024-1","2024-06-12","9","Aprobado","storage limit exceeded"
"45605722_MKT-200_2024-1_2024-06-12","45605722_MKT-200_2024-1","2024-06-12","4","Aprobado","storage limit exceeded"
"38268761_NEG-400_2024-1_2024-06-12","38268761_NEG-400_2024-1","2024-06-12","10","Aprobado","storage limit exceeded"
"41620840_GEN-101_2024-1_2024-06-12","41620840_GEN-101_2024-1","2024-06-12","7","Aprobado","storage limit exceeded"
"37550168_IA-300_2024-1_2024-06-12","37550168_IA-300_2024-1","2024-06-12","6","Aprobado","storage limit exceeded"
"38657054_DAT-201_2024-1_2024-06-12","38657054_DAT-201_2024-1","2024-06-12","9","Aprobado","storage limit exceeded"
"41333233_DEV-101_2024-1_2024-06-12","41333233_DEV-101_2024-1","2024-06-12","4","Aprobado","storage limit exceeded"
"33444595_DAT-101_2024-1_2024-06-12","33444595_DAT-101_2024-1","2024-06-12","4","Aprobado","storage limit exceeded"
"45068171_GEN-101_2024-1_2024-06-12","45068171_GEN-101_2024-1","2024-06-12","4","Aprobado","storage limit exceeded"
"38325772_IA-300_2024-1_2024-06-12","38325772_IA-300_2024-1","2024-06-12","1","Desaprobado","storage limit exceeded"
"32682238_NEG-400_2024-1_2024-06-12","32682238_NEG-400_2024-1","2024-06-12","1","Desaprobado","storage limit exceeded"
"37199951_DEV-101_2024-1_2024-06-13","37199951_DEV-101_2024-1","2024-06-13","1","Desaprobado","storage limit exceeded"
"34494885_GEN-101_2024-1_2024-06-13","34494885_GEN-101_2024-1","2024-06-13","2","Desaprobado","storage limit exceeded"
"37915491_UX-100_2024-1_2024-06-13","37915491_UX-100_2024-1","2024-06-13","9","Aprobado","storage limit exceeded"
"36470833_IA-300_2024-1_2024-06-13","36470833_IA-300_2024-1","2024-06-13","2","Desaprobado","storage limit exceeded"
"34081471_DAT-101_2024-1_2024-06-13","34081471_DAT-101_2024-1","2024-06-13","9","Aprobado","storage limit exceeded"
"34636803_GEN-101_2024-1_2024-06-13","34636803_GEN-101_2024-1","2024-06-13","2","Desaprobado","storage limit exceeded"
"45182848_GEN-101_2024-1_2024-06-13","45182848_GEN-101_2024-1","2024-06-13","9","Aprobado","storage limit exceeded"
"30941372_UX-100_2024-1_2024-06-13","30941372_UX-100_2024-1","2024-06-13","5","Aprobado","storage limit exceeded"
"43720785_DAT-201_2024-1_2024-06-13","43720785_DAT-201_2024-1","2024-06-13","8","Aprobado","storage limit exceeded"
"31222266_IA-300_2024-1_2024-06-13","31222266_IA-300_2024-1","2024-06-13","7","Aprobado","storage limit exceeded"
"41171969_DAT-101_2024-1_2024-06-13","41171969_DAT-101_2024-1","2024-06-13","1","Desaprobado","storage limit exceeded"
"36016561_IA-300_2024-1_2024-06-14","36016561_IA-300_2024-1","2024-06-14","8","Aprobado","storage limit exceeded"
"45324229_NEG-400_2024-1_2024-06-14","45324229_NEG-400_2024-1","2024-06-14","8","Aprobado","storage limit exceeded"
"42693185_MKT-200_2024-1_2024-06-14","42693185_MKT-200_2024-1","2024-06-14","7","Aprobado","storage limit exceeded"
"31554768_IA-300_2024-1_2024-06-14","31554768_IA-300_2024-1","2024-06-14","10","Aprobado","storage limit exceeded"
"44513749_NEG-400_2024-1_2024-06-14","44513749_NEG-400_2024-1","2024-06-14","8","Aprobado","storage limit exceeded"
"39605597_DAT-101_2024-1_2024-06-14","39605597_DAT-101_2024-1","2024-06-14","2","Desaprobado","storage limit exceeded"
"45068171_DEV-101_2024-1_2024-06-14","45068171_DEV-101_2024-1","2024-06-14","8","Aprobado","storage limit exceeded"
"33081027_MKT-200_2024-1_2024-06-14","33081027_MKT-200_2024-1","2024-06-14","4","Aprobado","storage limit exceeded"
"41702335_IA-300_2024-1_2024-06-14","41702335_IA-300_2024-1","2024-06-14","1","Desaprobado","storage limit exceeded"
"34731502_MKT-200_2024-1_2024-06-14","34731502_MKT-200_2024-1","2024-06-14","3","Desaprobado","storage limit exceeded"
"39563230_DAT-201_2024-1_2024-06-14","39563230_DAT-201_2024-1","2024-06-14","3","Desaprobado","storage limit exceeded"
"33436656_DAT-201_2024-1_2024-06-15","33436656_DAT-201_2024-1","2024-06-15","10","Aprobado","storage limit exceeded"
"33493292_NEG-400_2024-1_2024-06-15","33493292_NEG-400_2024-1","2024-06-15","3","Desaprobado","storage limit exceeded"
"44919962_UX-100_2024-1_2024-06-15","44919962_UX-100_2024-1","2024-06-15","2","Desaprobado","storage limit exceeded"
"42881854_DAT-201_2024-1_2024-06-15","42881854_DAT-201_2024-1","2024-06-15","5","Aprobado","storage limit exceeded"
"33115581_MKT-200_2024-1_2024-06-16","33115581_MKT-200_2024-1","2024-06-16","7","Aprobado","storage limit exceeded"
"41702335_DAT-201_2024-1_2024-06-16","41702335_DAT-201_2024-1","2024-06-16","3","Desaprobado","storage limit exceeded"
"45417967_NEG-400_2024-1_2024-06-16","45417967_NEG-400_2024-1","2024-06-16","9","Aprobado","storage limit exceeded"
"34657279_DAT-201_2024-1_2024-06-16","34657279_DAT-201_2024-1","2024-06-16","8","Aprobado","storage limit exceeded"
"34077479_DAT-201_2024-1_2024-06-16","34077479_DAT-201_2024-1","2024-06-16","1","Desaprobado","storage limit exceeded"
"36890268_MKT-200_2024-1_2024-06-16","36890268_MKT-200_2024-1","2024-06-16","7","Aprobado","storage limit exceeded"
"36725023_DAT-201_2024-1_2024-06-16","36725023_DAT-201_2024-1","2024-06-16","10","Aprobado","storage limit exceeded"
"44594931_MKT-200_2024-1_2024-06-16","44594931_MKT-200_2024-1","2024-06-16","4","Aprobado","storage limit exceeded"
"43736953_NEG-400_2024-1_2024-06-16","43736953_NEG-400_2024-1","2024-06-16","2","Desaprobado","storage limit exceeded"
"37573276_DAT-101_2024-1_2024-06-16","37573276_DAT-101_2024-1","2024-06-16","4","Aprobado","storage limit exceeded"
"34635361_NEG-400_2024-1_2024-06-16","34635361_NEG-400_2024-1","2024-06-16","8","Aprobado","storage limit exceeded"
"33267106_MKT-200_2024-1_2024-06-16","33267106_MKT-200_2024-1","2024-06-16","2","Desaprobado","storage limit exceeded"
"42331291_DAT-201_2024-1_2024-06-16","42331291_DAT-201_2024-1","2024-06-16","10","Aprobado","storage limit exceeded"
"35620137_DEV-101_2024-1_2024-06-17","35620137_DEV-101_2024-1","2024-06-17","5","Aprobado","storage limit exceeded"
"37869329_GEN-101_2024-1_2024-06-17","37869329_GEN-101_2024-1","2024-06-17","1","Desaprobado","storage limit exceeded"
"45746270_DAT-101_2024-1_2024-06-17","45746270_DAT-101_2024-1","2024-06-17","5","Aprobado","storage limit exceeded"
"31205804_DAT-101_2024-1_2024-06-17","31205804_DAT-101_2024-1","2024-06-17","1","Desaprobado","storage limit exceeded"
"45331374_MKT-200_2024-1_2024-06-17","45331374_MKT-200_2024-1","2024-06-17","3","Desaprobado","storage limit exceeded"
"38622234_DAT-201_2024-1_2024-06-17","38622234_DAT-201_2024-1","2024-06-17","6","Aprobado","storage limit exceeded"
"42219949_NEG-400_2024-1_2024-06-17","42219949_NEG-400_2024-1","2024-06-17","8","Aprobado","storage limit exceeded"
"34365303_GEN-101_2024-1_2024-06-17","34365303_GEN-101_2024-1","2024-06-17","8","Aprobado","storage limit exceeded"
"36236123_MKT-200_2024-1_2024-06-17","36236123_MKT-200_2024-1","2024-06-17","1","Desaprobado","storage limit exceeded"
"34631318_MKT-200_2024-1_2024-06-18","34631318_MKT-200_2024-1","2024-06-18","8","Aprobado","storage limit exceeded"
"39734889_UX-100_2024-1_2024-06-18","39734889_UX-100_2024-1","2024-06-18","10","Aprobado","storage limit exceeded"
"31935757_UX-100_2024-1_2024-06-18","31935757_UX-100_2024-1","2024-06-18","9","Aprobado","storage limit exceeded"
"30680437_MKT-200_2024-1_2024-06-18","30680437_MKT-200_2024-1","2024-06-18","2","Desaprobado","storage limit exceeded"
"43043273_MKT-200_2024-1_2024-06-18","43043273_MKT-200_2024-1","2024-06-18","2","Desaprobado","storage limit exceeded"
"35376871_NEG-400_2024-1_2024-06-18","35376871_NEG-400_2024-1","2024-06-18","2","Desaprobado","storage limit exceeded"
"34845546_DAT-101_2024-1_2024-06-18","34845546_DAT-101_2024-1","2024-06-18","8","Aprobado","storage limit exceeded"
"31185224_IA-300_2024-1_2024-06-18","31185224_IA-300_2024-1","2024-06-18","10","Aprobado","storage limit exceeded"
"33037423_IA-300_2024-1_2024-06-18","33037423_IA-300_2024-1","2024-06-18","2","Desaprobado","storage limit exceeded"
"41694165_DAT-101_2024-1_2024-06-19","41694165_DAT-101_2024-1","2024-06-19","3","Desaprobado","storage limit exceeded"
"33673050_NEG-400_2024-1_2024-06-19","33673050_NEG-400_2024-1","2024-06-19","3","Desaprobado","storage limit exceeded"
"33386069_DAT-101_2024-1_2024-06-19","33386069_DAT-101_2024-1","2024-06-19","5","Aprobado","storage limit exceeded"
"39579403_DAT-201_2024-1_2024-06-19","39579403_DAT-201_2024-1","2024-06-19","6","Aprobado","storage limit exceeded"
"36251602_IA-300_2024-1_2024-06-19","36251602_IA-300_2024-1","2024-06-19","10","Aprobado","storage limit exceeded"
"40059343_GEN-101_2024-1_2024-06-20","40059343_GEN-101_2024-1","2024-06-20","7","Aprobado","storage limit exceeded"
"30507337_DEV-101_2024-1_2024-06-20","30507337_DEV-101_2024-1","2024-06-20","3","Desaprobado","storage limit exceeded"
"45908531_DEV-101_2024-1_2024-06-20","45908531_DEV-101_2024-1","2024-06-20","5","Aprobado","storage limit exceeded"
"45948143_GEN-101_2024-1_2024-06-20","45948143_GEN-101_2024-1","2024-06-20","5","Aprobado","storage limit exceeded"
"32180590_GEN-101_2024-1_2024-06-20","32180590_GEN-101_2024-1","2024-06-20","6","Aprobado","storage limit exceeded"
"33556417_IA-300_2024-1_2024-06-20","33556417_IA-300_2024-1","2024-06-20","8","Aprobado","storage limit exceeded"
"30321355_NEG-400_2024-1_2024-06-20","30321355_NEG-400_2024-1","2024-06-20","2","Desaprobado","storage limit exceeded"
"38567788_DAT-101_2024-1_2024-06-20","38567788_DAT-101_2024-1","2024-06-20","5","Aprobado","storage limit exceeded"
"33547291_DAT-201_2024-1_2024-06-20","33547291_DAT-201_2024-1","2024-06-20","8","Aprobado","storage limit exceeded"
"45422028_IA-300_2024-1_2024-06-20","45422028_IA-300_2024-1","2024-06-20","1","Desaprobado","storage limit exceeded"
"36727365_GEN-101_2024-1_2024-06-21","36727365_GEN-101_2024-1","2024-06-21","5","Aprobado","storage limit exceeded"
"44370456_NEG-400_2024-1_2024-06-21","44370456_NEG-400_2024-1","2024-06-21","5","Aprobado","storage limit exceeded"
"36349870_IA-300_2024-1_2024-06-21","36349870_IA-300_2024-1","2024-06-21","8","Aprobado","storage limit exceeded"
"41252196_MKT-200_2024-1_2024-06-21","41252196_MKT-200_2024-1","2024-06-21","2","Desaprobado","storage limit exceeded"
"39269288_UX-100_2024-1_2024-06-21","39269288_UX-100_2024-1","2024-06-21","5","Aprobado","storage limit exceeded"
"41174384_UX-100_2024-1_2024-06-21","41174384_UX-100_2024-1","2024-06-21","8","Aprobado","storage limit exceeded"
"38720883_GEN-101_2024-1_2024-06-22","38720883_GEN-101_2024-1","2024-06-22","2","Desaprobado","storage limit exceeded"
"42826422_IA-300_2024-1_2024-06-22","42826422_IA-300_2024-1","2024-06-22","9","Aprobado","storage limit exceeded"
"43972226_MKT-200_2024-1_2024-06-22","43972226_MKT-200_2024-1","2024-06-22","5","Aprobado","storage limit exceeded"
"44441151_DAT-101_2024-1_2024-06-22","44441151_DAT-101_2024-1","2024-06-22","4","Aprobado","storage limit exceeded"
"43695277_IA-300_2024-1_2024-06-22","43695277_IA-300_2024-1","2024-06-22","4","Aprobado","storage limit exceeded"
"34081471_UX-100_2024-1_2024-06-22","34081471_UX-100_2024-1","2024-06-22","3","Desaprobado","storage limit exceeded"
"31379964_IA-300_2024-1_2024-06-22","31379964_IA-300_2024-1","2024-06-22","6","Aprobado","storage limit exceeded"
"36800218_DEV-101_2024-1_2024-06-23","36800218_DEV-101_2024-1","2024-06-23","9","Aprobado","storage limit exceeded"
"37797988_IA-300_2024-1_2024-06-23","37797988_IA-300_2024-1","2024-06-23","6","Aprobado","storage limit exceeded"
"33678309_UX-100_2024-1_2024-06-23","33678309_UX-100_2024-1","2024-06-23","1","Desaprobado","storage limit exceeded"
"39224971_NEG-400_2024-1_2024-06-23","39224971_NEG-400_2024-1","2024-06-23","2","Desaprobado","storage limit exceeded"
"35376871_MKT-200_2024-1_2024-06-23","35376871_MKT-200_2024-1","2024-06-23","2","Desaprobado","storage limit exceeded"
"42905002_MKT-200_2024-1_2024-06-23","42905002_MKT-200_2024-1","2024-06-23","3","Desaprobado","storage limit exceeded"
"34839561_IA-300_2024-1_2024-06-23","34839561_IA-300_2024-1","2024-06-23","6","Aprobado","storage limit exceeded"
"32264676_DEV-101_2024-1_2024-06-24","32264676_DEV-101_2024-1","2024-06-24","6","Aprobado","storage limit exceeded"
"40051802_IA-300_2024-1_2024-06-24","40051802_IA-300_2024-1","2024-06-24","9","Aprobado","storage limit exceeded"
"37454570_DAT-201_2024-1_2024-06-24","37454570_DAT-201_2024-1","2024-06-24","2","Desaprobado","storage limit exceeded"
"41109574_UX-100_2024-1_2024-06-24","41109574_UX-100_2024-1","2024-06-24","4","Aprobado","storage limit exceeded"
"32150912_GEN-101_2024-1_2024-06-24","32150912_GEN-101_2024-1","2024-06-24","8","Aprobado","storage limit exceeded"
"39341417_NEG-400_2024-1_2024-06-24","39341417_NEG-400_2024-1","2024-06-24","9","Aprobado","storage limit exceeded"
"32272850_UX-100_2024-1_2024-06-24","32272850_UX-100_2024-1","2024-06-24","3","Desaprobado","storage limit exceeded"
"30700814_DAT-101_2024-1_2024-06-24","30700814_DAT-101_2024-1","2024-06-24","5","Aprobado","storage limit exceeded"
"38038154_UX-100_2024-1_2024-06-24","38038154_UX-100_2024-1","2024-06-24","8","Aprobado","storage limit exceeded"
"43023911_UX-100_2024-1_2024-06-25","43023911_UX-100_2024-1","2024-06-25","10","Aprobado","storage limit exceeded"
"30252475_GEN-101_2024-1_2024-06-25","30252475_GEN-101_2024-1","2024-06-25","8","Aprobado","storage limit exceeded"
"35524090_DAT-201_2024-1_2024-06-25","35524090_DAT-201_2024-1","2024-06-25","1","Desaprobado","storage limit exceeded"
"32134822_NEG-400_2024-1_2024-06-25","32134822_NEG-400_2024-1","2024-06-25","7","Aprobado","storage limit exceeded"
"38406894_DAT-201_2024-1_2024-06-25","38406894_DAT-201_2024-1","2024-06-25","8","Aprobado","storage limit exceeded"
"32800317_GEN-101_2024-1_2024-06-25","32800317_GEN-101_2024-1","2024-06-25","4","Aprobado","storage limit exceeded"
"37915491_IA-300_2024-1_2024-06-25","37915491_IA-300_2024-1","2024-06-25","6","Aprobado","storage limit exceeded"
"40220174_DEV-101_2024-1_2024-06-26","40220174_DEV-101_2024-1","2024-06-26","4","Aprobado","storage limit exceeded"
"43496917_IA-300_2024-1_2024-06-26","43496917_IA-300_2024-1","2024-06-26","5","Aprobado","storage limit exceeded"
"33025091_DAT-201_2024-1_2024-06-26","33025091_DAT-201_2024-1","2024-06-26","10","Aprobado","storage limit exceeded"
"35569822_MKT-200_2024-1_2024-06-26","35569822_MKT-200_2024-1","2024-06-26","8","Aprobado","storage limit exceeded"
"32349994_MKT-200_2024-1_2024-06-26","32349994_MKT-200_2024-1","2024-06-26","3","Desaprobado","storage limit exceeded"
"39605597_UX-100_2024-1_2024-06-26","39605597_UX-100_2024-1","2024-06-26","4","Aprobado","storage limit exceeded"
"31621161_DEV-101_2024-1_2024-06-26","31621161_DEV-101_2024-1","2024-06-26","10","Aprobado","storage limit exceeded"
"42011137_DAT-201_2024-1_2024-06-26","42011137_DAT-201_2024-1","2024-06-26","4","Aprobado","storage limit exceeded"
"39679193_MKT-200_2024-1_2024-06-26","39679193_MKT-200_2024-1","2024-06-26","5","Aprobado","storage limit exceeded"
"33109769_IA-300_2024-1_2024-06-26","33109769_IA-300_2024-1","2024-06-26","8","Aprobado","storage limit exceeded"
"31187731_IA-300_2024-1_2024-06-26","31187731_IA-300_2024-1","2024-06-26","7","Aprobado","storage limit exceeded"
"35325959_IA-300_2024-1_2024-06-27","35325959_IA-300_2024-1","2024-06-27","1","Desaprobado","storage limit exceeded"
"30300658_DAT-201_2024-1_2024-06-27","30300658_DAT-201_2024-1","2024-06-27","3","Desaprobado","storage limit exceeded"
"39386861_DEV-101_2024-1_2024-06-27","39386861_DEV-101_2024-1","2024-06-27","3","Desaprobado","storage limit exceeded"
"33753511_IA-300_2024-1_2024-06-27","33753511_IA-300_2024-1","2024-06-27","6","Aprobado","storage limit exceeded"
"36016561_DEV-101_2024-1_2024-06-27","36016561_DEV-101_2024-1","2024-06-27","7","Aprobado","storage limit exceeded"
"40863182_DEV-101_2024-1_2024-06-27","40863182_DEV-101_2024-1","2024-06-27","10","Aprobado","storage limit exceeded"
"32150912_GEN-101_2024-1_2024-06-27","32150912_GEN-101_2024-1","2024-06-27","3","Desaprobado","storage limit exceeded"
"30974929_MKT-200_2024-1_2024-06-27","30974929_MKT-200_2024-1","2024-06-27","10","Aprobado","storage limit exceeded"
"44661890_MKT-200_2024-1_2024-06-27","44661890_MKT-200_2024-1","2024-06-27","5","Aprobado","storage limit exceeded"
"37706458_DAT-201_2024-1_2024-06-27","37706458_DAT-201_2024-1","2024-06-27","7","Aprobado","storage limit exceeded"
"34011987_MKT-200_2024-1_2024-06-27","34011987_MKT-200_2024-1","2024-06-27","4","Aprobado","storage limit exceeded"
"45507315_UX-100_2024-1_2024-06-28","45507315_UX-100_2024-1","2024-06-28","5","Aprobado","storage limit exceeded"
"44427813_DAT-101_2024-1_2024-06-28","44427813_DAT-101_2024-1","2024-06-28","5","Aprobado","storage limit exceeded"
"38370600_DAT-101_2024-1_2024-06-28","38370600_DAT-101_2024-1","2024-06-28","6","Aprobado","storage limit exceeded"
"39921380_DAT-201_2024-1_2024-06-28","39921380_DAT-201_2024-1","2024-06-28","2","Desaprobado","storage limit exceeded"
"38223982_DAT-101_2024-1_2024-06-28","38223982_DAT-101_2024-1","2024-06-28","5","Aprobado","storage limit exceeded"
"44594931_DAT-201_2024-1_2024-06-28","44594931_DAT-201_2024-1","2024-06-28","9","Aprobado","storage limit exceeded"
"42863827_GEN-101_2024-1_2024-06-29","42863827_GEN-101_2024-1","2024-06-29","6","Aprobado","storage limit exceeded"
"44142004_GEN-101_2024-1_2024-06-29","44142004_GEN-101_2024-1","2024-06-29","1","Desaprobado","storage limit exceeded"
"36462635_MKT-200_2024-1_2024-06-29","36462635_MKT-200_2024-1","2024-06-29","9","Aprobado","storage limit exceeded"
"38789605_DAT-201_2024-1_2024-06-29","38789605_DAT-201_2024-1","2024-06-29","3","Desaprobado","storage limit exceeded"
"42221418_DEV-101_2024-1_2024-06-29","42221418_DEV-101_2024-1","2024-06-29","6","Aprobado","storage limit exceeded"
"33225144_DAT-201_2024-1_2024-06-29","33225144_DAT-201_2024-1","2024-06-29","1","Desaprobado","storage limit exceeded"
"32902968_DAT-201_2024-1_2024-06-29","32902968_DAT-201_2024-1","2024-06-29","10","Aprobado","storage limit exceeded"
"31065119_NEG-400_2024-1_2024-06-29","31065119_NEG-400_2024-1","2024-06-29","8","Aprobado","storage limit exceeded"
"41182374_NEG-400_2024-1_2024-06-29","41182374_NEG-400_2024-1","2024-06-29","3","Desaprobado","storage limit exceeded"
"42763799_IA-300_2024-1_2024-06-30","42763799_IA-300_2024-1","2024-06-30","4","Aprobado","storage limit exceeded"
"43948943_MKT-200_2024-1_2024-06-30","43948943_MKT-200_2024-1","2024-06-30","6","Aprobado","storage limit exceeded"
"42168576_DEV-101_2024-1_2024-06-30","42168576_DEV-101_2024-1","2024-06-30","3","Desaprobado","storage limit exceeded"
"36629400_GEN-101_2024-1_2024-06-30","36629400_GEN-101_2024-1","2024-06-30","5","Aprobado","storage limit exceeded"
"31356012_DAT-101_2024-1_2024-06-30","31356012_DAT-101_2024-1","2024-06-30","9","Aprobado","storage limit exceeded"
"32487000_MKT-200_2024-1_2024-06-30","32487000_MKT-200_2024-1","2024-06-30","5","Aprobado","storage limit exceeded"
"35316729_UX-100_2024-1_2024-06-30","35316729_UX-100_2024-1","2024-06-30","7","Aprobado","storage limit exceeded"
"43625205_DEV-101_2024-1_2024-06-30","43625205_DEV-101_2024-1","2024-06-30","2","Desaprobado","storage limit exceeded"
"37935165_DAT-101_2024-1_2024-06-30","37935165_DAT-101_2024-1","2024-06-30","6","Aprobado","storage limit exceeded"
"37179608_MKT-200_2024-1_2024-06-30","37179608_MKT-200_2024-1","2024-06-30","5","Aprobado","storage limit exceeded"
"42954368_MKT-200_2024-1_2024-06-30","42954368_MKT-200_2024-1","2024-06-30","8","Aprobado","storage limit exceeded"
"40776019_DEV-101_2024-2_2024-07-01","40776019_DEV-101_2024-2","2024-07-01","2","Desaprobado","storage limit exceeded"
"36083652_UX-100_2024-2_2024-07-01","36083652_UX-100_2024-2","2024-07-01","3","Desaprobado","storage limit exceeded"
"37665322_DAT-101_2024-2_2024-07-01","37665322_DAT-101_2024-2","2024-07-01","10","Aprobado","storage limit exceeded"
"31593963_UX-100_2024-2_2024-07-01","31593963_UX-100_2024-2","2024-07-01","5","Aprobado","storage limit exceeded"
"34715773_DAT-201_2024-2_2024-07-01","34715773_DAT-201_2024-2","2024-07-01","1","Desaprobado","storage limit exceeded"
"34033433_IA-300_2024-2_2024-07-02","34033433_IA-300_2024-2","2024-07-02","2","Desaprobado","storage limit exceeded"
"32474711_MKT-200_2024-2_2024-07-02","32474711_MKT-200_2024-2","2024-07-02","6","Aprobado","storage limit exceeded"
"34457031_IA-300_2024-2_2024-07-02","34457031_IA-300_2024-2","2024-07-02","7","Aprobado","storage limit exceeded"
"40513724_DEV-101_2024-2_2024-07-02","40513724_DEV-101_2024-2","2024-07-02","4","Aprobado","storage limit exceeded"
"36953747_IA-300_2024-2_2024-07-02","36953747_IA-300_2024-2","2024-07-02","5","Aprobado","storage limit exceeded"
"34166651_NEG-400_2024-2_2024-07-02","34166651_NEG-400_2024-2","2024-07-02","4","Aprobado","storage limit exceeded"
"36629400_MKT-200_2024-2_2024-07-02","36629400_MKT-200_2024-2","2024-07-02","8","Aprobado","storage limit exceeded"
"37123255_NEG-400_2024-2_2024-07-02","37123255_NEG-400_2024-2","2024-07-02","4","Aprobado","storage limit exceeded"
"36158336_NEG-400_2024-2_2024-07-02","36158336_NEG-400_2024-2","2024-07-02","1","Desaprobado","storage limit exceeded"
"42928321_DEV-101_2024-2_2024-07-02","42928321_DEV-101_2024-2","2024-07-02","3","Desaprobado","storage limit exceeded"
"34761805_NEG-400_2024-2_2024-07-02","34761805_NEG-400_2024-2","2024-07-02","7","Aprobado","storage limit exceeded"
"38290265_IA-300_2024-2_2024-07-02","38290265_IA-300_2024-2","2024-07-02","5","Aprobado","storage limit exceeded"
"44831598_UX-100_2024-2_2024-07-02","44831598_UX-100_2024-2","2024-07-02","9","Aprobado","storage limit exceeded"
"44726844_NEG-400_2024-2_2024-07-03","44726844_NEG-400_2024-2","2024-07-03","1","Desaprobado","storage limit exceeded"
"30642032_NEG-400_2024-2_2024-07-03","30642032_NEG-400_2024-2","2024-07-03","5","Aprobado","storage limit exceeded"
"34554870_GEN-101_2024-2_2024-07-03","34554870_GEN-101_2024-2","2024-07-03","7","Aprobado","storage limit exceeded"
"39724445_IA-300_2024-2_2024-07-03","39724445_IA-300_2024-2","2024-07-03","9","Aprobado","storage limit exceeded"
"44084939_IA-300_2024-2_2024-07-03","44084939_IA-300_2024-2","2024-07-03","5","Aprobado","storage limit exceeded"
"39839138_DAT-201_2024-2_2024-07-03","39839138_DAT-201_2024-2","2024-07-03","1","Desaprobado","storage limit exceeded"
"43956427_MKT-200_2024-2_2024-07-04","43956427_MKT-200_2024-2","2024-07-04","5","Aprobado","storage limit exceeded"
"37550168_IA-300_2024-2_2024-07-04","37550168_IA-300_2024-2","2024-07-04","5","Aprobado","storage limit exceeded"
"34529542_UX-100_2024-2_2024-07-04","34529542_UX-100_2024-2","2024-07-04","9","Aprobado","storage limit exceeded"
"40214433_DAT-101_2024-2_2024-07-04","40214433_DAT-101_2024-2","2024-07-04","2","Desaprobado","storage limit exceeded"
"41503023_DAT-101_2024-2_2024-07-04","41503023_DAT-101_2024-2","2024-07-04","7","Aprobado","storage limit exceeded"
"32247069_GEN-101_2024-2_2024-07-04","32247069_GEN-101_2024-2","2024-07-04","10","Aprobado","storage limit exceeded"
"36501353_MKT-200_2024-2_2024-07-04","36501353_MKT-200_2024-2","2024-07-04","1","Desaprobado","storage limit exceeded"
"37329041_UX-100_2024-2_2024-07-04","37329041_UX-100_2024-2","2024-07-04","7","Aprobado","storage limit exceeded"
"30261560_NEG-400_2024-2_2024-07-05","30261560_NEG-400_2024-2","2024-07-05","8","Aprobado","storage limit exceeded"
"37678418_IA-300_2024-2_2024-07-05","37678418_IA-300_2024-2","2024-07-05","2","Desaprobado","storage limit exceeded"
"36821499_DAT-201_2024-2_2024-07-05","36821499_DAT-201_2024-2","2024-07-05","7","Aprobado","storage limit exceeded"
"40860494_UX-100_2024-2_2024-07-05","40860494_UX-100_2024-2","2024-07-05","4","Aprobado","storage limit exceeded"
"45140374_UX-100_2024-2_2024-07-05","45140374_UX-100_2024-2","2024-07-05","2","Desaprobado","storage limit exceeded"
"37706458_GEN-101_2024-2_2024-07-05","37706458_GEN-101_2024-2","2024-07-05","9","Aprobado","storage limit exceeded"
"44263113_IA-300_2024-2_2024-07-05","44263113_IA-300_2024-2","2024-07-05","6","Aprobado","storage limit exceeded"
"40237965_UX-100_2024-2_2024-07-06","40237965_UX-100_2024-2","2024-07-06","1","Desaprobado","storage limit exceeded"
"31896700_UX-100_2024-2_2024-07-06","31896700_UX-100_2024-2","2024-07-06","6","Aprobado","storage limit exceeded"
"36985322_IA-300_2024-2_2024-07-06","36985322_IA-300_2024-2","2024-07-06","8","Aprobado","storage limit exceeded"
"44047485_DAT-101_2024-2_2024-07-06","44047485_DAT-101_2024-2","2024-07-06","3","Desaprobado","storage limit exceeded"
"43394175_DAT-101_2024-2_2024-07-06","43394175_DAT-101_2024-2","2024-07-06","3","Desaprobado","storage limit exceeded"
"36456678_NEG-400_2024-2_2024-07-06","36456678_NEG-400_2024-2","2024-07-06","3","Desaprobado","storage limit exceeded"
"32712408_DAT-101_2024-2_2024-07-06","32712408_DAT-101_2024-2","2024-07-06","9","Aprobado","storage limit exceeded"
"40913314_GEN-101_2024-2_2024-07-06","40913314_GEN-101_2024-2","2024-07-06","5","Aprobado","storage limit exceeded"
"39479461_GEN-101_2024-2_2024-07-06","39479461_GEN-101_2024-2","2024-07-06","7","Aprobado","storage limit exceeded"
"36629400_GEN-101_2024-2_2024-07-07","36629400_GEN-101_2024-2","2024-07-07","1","Desaprobado","storage limit exceeded"
"39875233_IA-300_2024-2_2024-07-07","39875233_IA-300_2024-2","2024-07-07","10","Aprobado","storage limit exceeded"
"40105729_DAT-101_2024-2_2024-07-07","40105729_DAT-101_2024-2","2024-07-07","7","Aprobado","storage limit exceeded"
"39129106_NEG-400_2024-2_2024-07-07","39129106_NEG-400_2024-2","2024-07-07","4","Aprobado","storage limit exceeded"
"39263332_UX-100_2024-2_2024-07-07","39263332_UX-100_2024-2","2024-07-07","1","Desaprobado","storage limit exceeded"
"39632675_DEV-101_2024-2_2024-07-07","39632675_DEV-101_2024-2","2024-07-07","5","Aprobado","storage limit exceeded"
"32357600_DEV-101_2024-2_2024-07-07","32357600_DEV-101_2024-2","2024-07-07","9","Aprobado","storage limit exceeded"
"42849061_DAT-101_2024-2_2024-07-07","42849061_DAT-101_2024-2","2024-07-07","1","Desaprobado","storage limit exceeded"
"42760731_NEG-400_2024-2_2024-07-07","42760731_NEG-400_2024-2","2024-07-07","5","Aprobado","storage limit exceeded"
"39099433_NEG-400_2024-2_2024-07-07","39099433_NEG-400_2024-2","2024-07-07","7","Aprobado","storage limit exceeded"
"38072230_MKT-200_2024-2_2024-07-08","38072230_MKT-200_2024-2","2024-07-08","7","Aprobado","storage limit exceeded"
"35213115_DAT-101_2024-2_2024-07-08","35213115_DAT-101_2024-2","2024-07-08","1","Desaprobado","storage limit exceeded"
"44555423_MKT-200_2024-2_2024-07-08","44555423_MKT-200_2024-2","2024-07-08","1","Desaprobado","storage limit exceeded"
"31271467_IA-300_2024-2_2024-07-08","31271467_IA-300_2024-2","2024-07-08","2","Desaprobado","storage limit exceeded"
"33838303_MKT-200_2024-2_2024-07-08","33838303_MKT-200_2024-2","2024-07-08","2","Desaprobado","storage limit exceeded"
"33857648_DAT-101_2024-2_2024-07-08","33857648_DAT-101_2024-2","2024-07-08","6","Aprobado","storage limit exceeded"
"41813295_DAT-201_2024-2_2024-07-08","41813295_DAT-201_2024-2","2024-07-08","4","Aprobado","storage limit exceeded"
"38941014_MKT-200_2024-2_2024-07-09","38941014_MKT-200_2024-2","2024-07-09","10","Aprobado","storage limit exceeded"
"30815585_IA-300_2024-2_2024-07-09","30815585_IA-300_2024-2","2024-07-09","1","Desaprobado","storage limit exceeded"
"37642410_DEV-101_2024-2_2024-07-09","37642410_DEV-101_2024-2","2024-07-09","1","Desaprobado","storage limit exceeded"
"37222211_UX-100_2024-2_2024-07-09","37222211_UX-100_2024-2","2024-07-09","1","Desaprobado","storage limit exceeded"
"42799422_MKT-200_2024-2_2024-07-09","42799422_MKT-200_2024-2","2024-07-09","10","Aprobado","storage limit exceeded"
"38480744_DAT-201_2024-2_2024-07-09","38480744_DAT-201_2024-2","2024-07-09","2","Desaprobado","storage limit exceeded"
"35420584_DAT-201_2024-2_2024-07-10","35420584_DAT-201_2024-2","2024-07-10","7","Aprobado","storage limit exceeded"
"35625713_GEN-101_2024-2_2024-07-10","35625713_GEN-101_2024-2","2024-07-10","9","Aprobado","storage limit exceeded"
"36985322_MKT-200_2024-2_2024-07-10","36985322_MKT-200_2024-2","2024-07-10","7","Aprobado","storage limit exceeded"
"36322281_IA-300_2024-2_2024-07-10","36322281_IA-300_2024-2","2024-07-10","10","Aprobado","storage limit exceeded"
"32272850_DAT-101_2024-2_2024-07-10","32272850_DAT-101_2024-2","2024-07-10","1","Desaprobado","storage limit exceeded"
"44047721_UX-100_2024-2_2024-07-10","44047721_UX-100_2024-2","2024-07-10","3","Desaprobado","storage limit exceeded"
"43554211_GEN-101_2024-2_2024-07-10","43554211_GEN-101_2024-2","2024-07-10","6","Aprobado","storage limit exceeded"
"44370456_UX-100_2024-2_2024-07-10","44370456_UX-100_2024-2","2024-07-10","8","Aprobado","storage limit exceeded"
"42630421_DAT-101_2024-2_2024-07-10","42630421_DAT-101_2024-2","2024-07-10","6","Aprobado","storage limit exceeded"
"39371126_DEV-101_2024-2_2024-07-11","39371126_DEV-101_2024-2","2024-07-11","3","Desaprobado","storage limit exceeded"
"35111521_DAT-101_2024-2_2024-07-11","35111521_DAT-101_2024-2","2024-07-11","2","Desaprobado","storage limit exceeded"
"39881121_UX-100_2024-2_2024-07-11","39881121_UX-100_2024-2","2024-07-11","9","Aprobado","storage limit exceeded"
"31165911_NEG-400_2024-2_2024-07-11","31165911_NEG-400_2024-2","2024-07-11","9","Aprobado","storage limit exceeded"
"43010564_NEG-400_2024-2_2024-07-11","43010564_NEG-400_2024-2","2024-07-11","9","Aprobado","storage limit exceeded"
"44508081_DEV-101_2024-2_2024-07-11","44508081_DEV-101_2024-2","2024-07-11","6","Aprobado","storage limit exceeded"
"42679506_GEN-101_2024-2_2024-07-11","42679506_GEN-101_2024-2","2024-07-11","9","Aprobado","storage limit exceeded"
"37284939_GEN-101_2024-2_2024-07-11","37284939_GEN-101_2024-2","2024-07-11","9","Aprobado","storage limit exceeded"
"41788868_MKT-200_2024-2_2024-07-11","41788868_MKT-200_2024-2","2024-07-11","9","Aprobado","storage limit exceeded"
"36128228_DAT-101_2024-2_2024-07-11","36128228_DAT-101_2024-2","2024-07-11","2","Desaprobado","storage limit exceeded"
"44059778_DAT-101_2024-2_2024-07-12","44059778_DAT-101_2024-2","2024-07-12","7","Aprobado","storage limit exceeded"
"30445520_DAT-201_2024-2_2024-07-12","30445520_DAT-201_2024-2","2024-07-12","5","Aprobado","storage limit exceeded"
"40348880_UX-100_2024-2_2024-07-12","40348880_UX-100_2024-2","2024-07-12","9","Aprobado","storage limit exceeded"
"44886400_NEG-400_2024-2_2024-07-12","44886400_NEG-400_2024-2","2024-07-12","6","Aprobado","storage limit exceeded"
"37239130_NEG-400_2024-2_2024-07-12","37239130_NEG-400_2024-2","2024-07-12","8","Aprobado","storage limit exceeded"
"45507315_UX-100_2024-2_2024-07-12","45507315_UX-100_2024-2","2024-07-12","7","Aprobado","storage limit exceeded"
"34161904_DAT-101_2024-2_2024-07-13","34161904_DAT-101_2024-2","2024-07-13","7","Aprobado","storage limit exceeded"
"31636346_DEV-101_2024-2_2024-07-13","31636346_DEV-101_2024-2","2024-07-13","4","Aprobado","storage limit exceeded"
"45561312_DAT-201_2024-2_2024-07-13","45561312_DAT-201_2024-2","2024-07-13","1","Desaprobado","storage limit exceeded"
"36050675_GEN-101_2024-2_2024-07-13","36050675_GEN-101_2024-2","2024-07-13","10","Aprobado","storage limit exceeded"
"44094966_DAT-201_2024-2_2024-07-13","44094966_DAT-201_2024-2","2024-07-13","9","Aprobado","storage limit exceeded"
"36470833_DAT-101_2024-2_2024-07-13","36470833_DAT-101_2024-2","2024-07-13","10","Aprobado","storage limit exceeded"
"36470833_MKT-200_2024-2_2024-07-13","36470833_MKT-200_2024-2","2024-07-13","5","Aprobado","storage limit exceeded"
"42740444_GEN-101_2024-2_2024-07-14","42740444_GEN-101_2024-2","2024-07-14","2","Desaprobado","storage limit exceeded"
"38221990_DAT-201_2024-2_2024-07-14","38221990_DAT-201_2024-2","2024-07-14","1","Desaprobado","storage limit exceeded"
"30246491_DAT-101_2024-2_2024-07-14","30246491_DAT-101_2024-2","2024-07-14","6","Aprobado","storage limit exceeded"
"37915491_IA-300_2024-2_2024-07-14","37915491_IA-300_2024-2","2024-07-14","7","Aprobado","storage limit exceeded"
"36163868_DAT-101_2024-2_2024-07-14","36163868_DAT-101_2024-2","2024-07-14","7","Aprobado","storage limit exceeded"
"44753132_UX-100_2024-2_2024-07-14","44753132_UX-100_2024-2","2024-07-14","2","Desaprobado","storage limit exceeded"
"35895932_DAT-201_2024-2_2024-07-14","35895932_DAT-201_2024-2","2024-07-14","6","Aprobado","storage limit exceeded"
"36461761_NEG-400_2024-2_2024-07-14","36461761_NEG-400_2024-2","2024-07-14","3","Desaprobado","storage limit exceeded"
"34161904_GEN-101_2024-2_2024-07-14","34161904_GEN-101_2024-2","2024-07-14","7","Aprobado","storage limit exceeded"
"34666804_GEN-101_2024-2_2024-07-14","34666804_GEN-101_2024-2","2024-07-14","10","Aprobado","storage limit exceeded"
"30642032_DEV-101_2024-2_2024-07-14","30642032_DEV-101_2024-2","2024-07-14","7","Aprobado","storage limit exceeded"
"36514666_GEN-101_2024-2_2024-07-14","36514666_GEN-101_2024-2","2024-07-14","3","Desaprobado","storage limit exceeded"
"43991901_DEV-101_2024-2_2024-07-14","43991901_DEV-101_2024-2","2024-07-14","3","Desaprobado","storage limit exceeded"
"36948669_IA-300_2024-2_2024-07-15","36948669_IA-300_2024-2","2024-07-15","1","Desaprobado","storage limit exceeded"
"41402719_UX-100_2024-2_2024-07-15","41402719_UX-100_2024-2","2024-07-15","8","Aprobado","storage limit exceeded"
"33033916_GEN-101_2024-2_2024-07-15","33033916_GEN-101_2024-2","2024-07-15","1","Desaprobado","storage limit exceeded"
"43736953_MKT-200_2024-2_2024-07-15","43736953_MKT-200_2024-2","2024-07-15","9","Aprobado","storage limit exceeded"
"37337493_UX-100_2024-2_2024-07-16","37337493_UX-100_2024-2","2024-07-16","3","Desaprobado","storage limit exceeded"
"43771658_GEN-101_2024-2_2024-07-16","43771658_GEN-101_2024-2","2024-07-16","6","Aprobado","storage limit exceeded"
"45931150_DEV-101_2024-2_2024-07-16","45931150_DEV-101_2024-2","2024-07-16","10","Aprobado","storage limit exceeded"
"38749521_UX-100_2024-2_2024-07-16","38749521_UX-100_2024-2","2024-07-16","3","Desaprobado","storage limit exceeded"
"44778294_GEN-101_2024-2_2024-07-16","44778294_GEN-101_2024-2","2024-07-16","2","Desaprobado","storage limit exceeded"
"35648819_IA-300_2024-2_2024-07-17","35648819_IA-300_2024-2","2024-07-17","9","Aprobado","storage limit exceeded"
"41119537_DAT-201_2024-2_2024-07-17","41119537_DAT-201_2024-2","2024-07-17","1","Desaprobado","storage limit exceeded"
"36935055_UX-100_2024-2_2024-07-17","36935055_UX-100_2024-2","2024-07-17","7","Aprobado","storage limit exceeded"
"39718327_DAT-201_2024-2_2024-07-17","39718327_DAT-201_2024-2","2024-07-17","3","Desaprobado","storage limit exceeded"
"34998039_DAT-101_2024-2_2024-07-17","34998039_DAT-101_2024-2","2024-07-17","4","Aprobado","storage limit exceeded"
"30058812_DEV-101_2024-2_2024-07-17","30058812_DEV-101_2024-2","2024-07-17","4","Aprobado","storage limit exceeded"
"33567445_GEN-101_2024-2_2024-07-17","33567445_GEN-101_2024-2","2024-07-17","3","Desaprobado","storage limit exceeded"
"39632675_DAT-101_2024-2_2024-07-17","39632675_DAT-101_2024-2","2024-07-17","8","Aprobado","storage limit exceeded"
"43695277_GEN-101_2024-2_2024-07-17","43695277_GEN-101_2024-2","2024-07-17","7","Aprobado","storage limit exceeded"
"39001607_GEN-101_2024-2_2024-07-17","39001607_GEN-101_2024-2","2024-07-17","2","Desaprobado","storage limit exceeded"
"37242370_DAT-201_2024-2_2024-07-18","37242370_DAT-201_2024-2","2024-07-18","7","Aprobado","storage limit exceeded"
"41291663_DAT-201_2024-2_2024-07-18","41291663_DAT-201_2024-2","2024-07-18","2","Desaprobado","storage limit exceeded"
"32540190_UX-100_2024-2_2024-07-18","32540190_UX-100_2024-2","2024-07-18","1","Desaprobado","storage limit exceeded"
"30279612_DAT-101_2024-2_2024-07-18","30279612_DAT-101_2024-2","2024-07-18","8","Aprobado","storage limit exceeded"
"41330737_UX-100_2024-2_2024-07-18","41330737_UX-100_2024-2","2024-07-18","4","Aprobado","storage limit exceeded"
"36031653_DAT-201_2024-2_2024-07-18","36031653_DAT-201_2024-2","2024-07-18","2","Desaprobado","storage limit exceeded"
"32449620_UX-100_2024-2_2024-07-18","32449620_UX-100_2024-2","2024-07-18","4","Aprobado","storage limit exceeded"
"30506093_GEN-101_2024-2_2024-07-18","30506093_GEN-101_2024-2","2024-07-18","2","Desaprobado","storage limit exceeded"
"43010564_GEN-101_2024-2_2024-07-18","43010564_GEN-101_2024-2","2024-07-18","7","Aprobado","storage limit exceeded"
"38353339_GEN-101_2024-2_2024-07-18","38353339_GEN-101_2024-2","2024-07-18","5","Aprobado","storage limit exceeded"
"43773004_DAT-101_2024-2_2024-07-18","43773004_DAT-101_2024-2","2024-07-18","6","Aprobado","storage limit exceeded"
"41788868_IA-300_2024-2_2024-07-19","41788868_IA-300_2024-2","2024-07-19","5","Aprobado","storage limit exceeded"
"39881121_IA-300_2024-2_2024-07-19","39881121_IA-300_2024-2","2024-07-19","8","Aprobado","storage limit exceeded"
"41866022_DEV-101_2024-2_2024-07-19","41866022_DEV-101_2024-2","2024-07-19","7","Aprobado","storage limit exceeded"
"36892131_DAT-101_2024-2_2024-07-19","36892131_DAT-101_2024-2","2024-07-19","4","Aprobado","storage limit exceeded"
"33493292_DEV-101_2024-2_2024-07-19","33493292_DEV-101_2024-2","2024-07-19","6","Aprobado","storage limit exceeded"
"36907787_DEV-101_2024-2_2024-07-19","36907787_DEV-101_2024-2","2024-07-19","8","Aprobado","storage limit exceeded"
"32686293_GEN-101_2024-2_2024-07-19","32686293_GEN-101_2024-2","2024-07-19","7","Aprobado","storage limit exceeded"
"33076159_IA-300_2024-2_2024-07-19","33076159_IA-300_2024-2","2024-07-19","2","Desaprobado","storage limit exceeded"
"41112892_IA-300_2024-2_2024-07-19","41112892_IA-300_2024-2","2024-07-19","7","Aprobado","storage limit exceeded"
"43105183_DEV-101_2024-2_2024-07-19","43105183_DEV-101_2024-2","2024-07-19","9","Aprobado","storage limit exceeded"
"40775474_UX-100_2024-2_2024-07-19","40775474_UX-100_2024-2","2024-07-19","8","Aprobado","storage limit exceeded"
"37123255_MKT-200_2024-2_2024-07-19","37123255_MKT-200_2024-2","2024-07-19","8","Aprobado","storage limit exceeded"
"41017872_IA-300_2024-2_2024-07-19","41017872_IA-300_2024-2","2024-07-19","5","Aprobado","storage limit exceeded"
"34554550_IA-300_2024-2_2024-07-19","34554550_IA-300_2024-2","2024-07-19","2","Desaprobado","storage limit exceeded"
"35915600_NEG-400_2024-2_2024-07-20","35915600_NEG-400_2024-2","2024-07-20","5","Aprobado","storage limit exceeded"
"35325959_DEV-101_2024-2_2024-07-20","35325959_DEV-101_2024-2","2024-07-20","4","Aprobado","storage limit exceeded"
"30926558_DEV-101_2024-2_2024-07-20","30926558_DEV-101_2024-2","2024-07-20","4","Aprobado","storage limit exceeded"
"42179672_UX-100_2024-2_2024-07-20","42179672_UX-100_2024-2","2024-07-20","3","Desaprobado","storage limit exceeded"
"45419935_DAT-101_2024-2_2024-07-20","45419935_DAT-101_2024-2","2024-07-20","4","Aprobado","storage limit exceeded"
"45948143_MKT-200_2024-2_2024-07-20","45948143_MKT-200_2024-2","2024-07-20","10","Aprobado","storage limit exceeded"
"34146531_IA-300_2024-2_2024-07-20","34146531_IA-300_2024-2","2024-07-20","2","Desaprobado","storage limit exceeded"
"30197508_UX-100_2024-2_2024-07-20","30197508_UX-100_2024-2","2024-07-20","3","Desaprobado","storage limit exceeded"
"38917148_DAT-201_2024-2_2024-07-20","38917148_DAT-201_2024-2","2024-07-20","3","Desaprobado","storage limit exceeded"
"36651921_IA-300_2024-2_2024-07-20","36651921_IA-300_2024-2","2024-07-20","9","Aprobado","storage limit exceeded"
"43710760_NEG-400_2024-2_2024-07-20","43710760_NEG-400_2024-2","2024-07-20","1","Desaprobado","storage limit exceeded"
"41437572_UX-100_2024-2_2024-07-21","41437572_UX-100_2024-2","2024-07-21","9","Aprobado","storage limit exceeded"
"31731791_IA-300_2024-2_2024-07-21","31731791_IA-300_2024-2","2024-07-21","4","Aprobado","storage limit exceeded"
"41943395_DEV-101_2024-2_2024-07-21","41943395_DEV-101_2024-2","2024-07-21","7","Aprobado","storage limit exceeded"
"31388447_IA-300_2024-2_2024-07-21","31388447_IA-300_2024-2","2024-07-21","9","Aprobado","storage limit exceeded"
"30058812_DAT-201_2024-2_2024-07-21","30058812_DAT-201_2024-2","2024-07-21","9","Aprobado","storage limit exceeded"
"30367578_UX-100_2024-2_2024-07-21","30367578_UX-100_2024-2","2024-07-21","1","Desaprobado","storage limit exceeded"
"43888324_DAT-101_2024-2_2024-07-21","43888324_DAT-101_2024-2","2024-07-21","8","Aprobado","storage limit exceeded"
"37442207_DEV-101_2024-2_2024-07-21","37442207_DEV-101_2024-2","2024-07-21","6","Aprobado","storage limit exceeded"
"34485777_GEN-101_2024-2_2024-07-21","34485777_GEN-101_2024-2","2024-07-21","4","Aprobado","storage limit exceeded"
"43864775_NEG-400_2024-2_2024-07-22","43864775_NEG-400_2024-2","2024-07-22","6","Aprobado","storage limit exceeded"
"43198246_DAT-101_2024-2_2024-07-22","43198246_DAT-101_2024-2","2024-07-22","8","Aprobado","storage limit exceeded"
"41575887_GEN-101_2024-2_2024-07-22","41575887_GEN-101_2024-2","2024-07-22","3","Desaprobado","storage limit exceeded"
"32902968_MKT-200_2024-2_2024-07-22","32902968_MKT-200_2024-2","2024-07-22","4","Aprobado","storage limit exceeded"
"40746517_GEN-101_2024-2_2024-07-22","40746517_GEN-101_2024-2","2024-07-22","5","Aprobado","storage limit exceeded"
"44927685_DAT-201_2024-2_2024-07-22","44927685_DAT-201_2024-2","2024-07-22","8","Aprobado","storage limit exceeded"
"43496917_UX-100_2024-2_2024-07-22","43496917_UX-100_2024-2","2024-07-22","4","Aprobado","storage limit exceeded"
"44370456_UX-100_2024-2_2024-07-22","44370456_UX-100_2024-2","2024-07-22","10","Aprobado","storage limit exceeded"
"43625205_DAT-101_2024-2_2024-07-23","43625205_DAT-101_2024-2","2024-07-23","2","Desaprobado","storage limit exceeded"
"35501443_DAT-101_2024-2_2024-07-23","35501443_DAT-101_2024-2","2024-07-23","6","Aprobado","storage limit exceeded"
"32151606_DAT-201_2024-2_2024-07-23","32151606_DAT-201_2024-2","2024-07-23","9","Aprobado","storage limit exceeded"
"37949128_DAT-101_2024-2_2024-07-23","37949128_DAT-101_2024-2","2024-07-23","6","Aprobado","storage limit exceeded"
"37242370_DAT-201_2024-2_2024-07-23","37242370_DAT-201_2024-2","2024-07-23","6","Aprobado","storage limit exceeded"
"30616294_DAT-201_2024-2_2024-07-23","30616294_DAT-201_2024-2","2024-07-23","1","Desaprobado","storage limit exceeded"
"33619676_DEV-101_2024-2_2024-07-23","33619676_DEV-101_2024-2","2024-07-23","5","Aprobado","storage limit exceeded"
"34635361_DAT-101_2024-2_2024-07-23","34635361_DAT-101_2024-2","2024-07-23","3","Desaprobado","storage limit exceeded"
"34801591_GEN-101_2024-2_2024-07-24","34801591_GEN-101_2024-2","2024-07-24","10","Aprobado","storage limit exceeded"
"44142004_GEN-101_2024-2_2024-07-24","44142004_GEN-101_2024-2","2024-07-24","7","Aprobado","storage limit exceeded"
"44358674_DAT-201_2024-2_2024-07-24","44358674_DAT-201_2024-2","2024-07-24","10","Aprobado","storage limit exceeded"
"39110609_DEV-101_2024-2_2024-07-24","39110609_DEV-101_2024-2","2024-07-24","9","Aprobado","storage limit exceeded"
"36839899_IA-300_2024-2_2024-07-24","36839899_IA-300_2024-2","2024-07-24","5","Aprobado","storage limit exceeded"
"31800702_NEG-400_2024-2_2024-07-24","31800702_NEG-400_2024-2","2024-07-24","2","Desaprobado","storage limit exceeded"
"34636803_IA-300_2024-2_2024-07-24","34636803_IA-300_2024-2","2024-07-24","3","Desaprobado","storage limit exceeded"
"39041016_IA-300_2024-2_2024-07-24","39041016_IA-300_2024-2","2024-07-24","7","Aprobado","storage limit exceeded"
"34365303_DAT-201_2024-2_2024-07-25","34365303_DAT-201_2024-2","2024-07-25","10","Aprobado","storage limit exceeded"
"33722791_DEV-101_2024-2_2024-07-25","33722791_DEV-101_2024-2","2024-07-25","7","Aprobado","storage limit exceeded"
"31835198_DAT-101_2024-2_2024-07-25","31835198_DAT-101_2024-2","2024-07-25","3","Desaprobado","storage limit exceeded"
"44370456_MKT-200_2024-2_2024-07-25","44370456_MKT-200_2024-2","2024-07-25","9","Aprobado","storage limit exceeded"
"36907787_GEN-101_2024-2_2024-07-25","36907787_GEN-101_2024-2","2024-07-25","5","Aprobado","storage limit exceeded"
"42473169_IA-300_2024-2_2024-07-25","42473169_IA-300_2024-2","2024-07-25","8","Aprobado","storage limit exceeded"
"37332897_MKT-200_2024-2_2024-07-25","37332897_MKT-200_2024-2","2024-07-25","10","Aprobado","storage limit exceeded"
"45341305_UX-100_2024-2_2024-07-25","45341305_UX-100_2024-2","2024-07-25","6","Aprobado","storage limit exceeded"
"40775474_IA-300_2024-2_2024-07-26","40775474_IA-300_2024-2","2024-07-26","8","Aprobado","storage limit exceeded"
"36380821_DAT-201_2024-2_2024-07-26","36380821_DAT-201_2024-2","2024-07-26","6","Aprobado","storage limit exceeded"
"43978117_GEN-101_2024-2_2024-07-26","43978117_GEN-101_2024-2","2024-07-26","9","Aprobado","storage limit exceeded"
"42863827_MKT-200_2024-2_2024-07-26","42863827_MKT-200_2024-2","2024-07-26","4","Aprobado","storage limit exceeded"
"43043273_UX-100_2024-2_2024-07-26","43043273_UX-100_2024-2","2024-07-26","6","Aprobado","storage limit exceeded"
"39540425_DAT-201_2024-2_2024-07-26","39540425_DAT-201_2024-2","2024-07-26","4","Aprobado","storage limit exceeded"
"33025091_IA-300_2024-2_2024-07-26","33025091_IA-300_2024-2","2024-07-26","6","Aprobado","storage limit exceeded"
"36380821_NEG-400_2024-2_2024-07-27","36380821_NEG-400_2024-2","2024-07-27","3","Desaprobado","storage limit exceeded"
"35589315_DAT-201_2024-2_2024-07-27","35589315_DAT-201_2024-2","2024-07-27","9","Aprobado","storage limit exceeded"
"38156702_IA-300_2024-2_2024-07-27","38156702_IA-300_2024-2","2024-07-27","4","Aprobado","storage limit exceeded"
"31763113_GEN-101_2024-2_2024-07-27","31763113_GEN-101_2024-2","2024-07-27","10","Aprobado","storage limit exceeded"
"36251602_UX-100_2024-2_2024-07-27","36251602_UX-100_2024-2","2024-07-27","5","Aprobado","storage limit exceeded"
"35188238_NEG-400_2024-2_2024-07-27","35188238_NEG-400_2024-2","2024-07-27","8","Aprobado","storage limit exceeded"
"32443281_DAT-101_2024-2_2024-07-28","32443281_DAT-101_2024-2","2024-07-28","10","Aprobado","storage limit exceeded"
"41726756_UX-100_2024-2_2024-07-28","41726756_UX-100_2024-2","2024-07-28","7","Aprobado","storage limit exceeded"
"36279807_DAT-101_2024-2_2024-07-28","36279807_DAT-101_2024-2","2024-07-28","8","Aprobado","storage limit exceeded"
"43043273_DAT-101_2024-2_2024-07-28","43043273_DAT-101_2024-2","2024-07-28","3","Desaprobado","storage limit exceeded"
"42208457_MKT-200_2024-2_2024-07-28","42208457_MKT-200_2024-2","2024-07-28","10","Aprobado","storage limit exceeded"
"34844319_UX-100_2024-2_2024-07-28","34844319_UX-100_2024-2","2024-07-28","4","Aprobado","storage limit exceeded"
"32682238_NEG-400_2024-2_2024-07-28","32682238_NEG-400_2024-2","2024-07-28","10","Aprobado","storage limit exceeded"
"41177146_DAT-201_2024-2_2024-07-28","41177146_DAT-201_2024-2","2024-07-28","3","Desaprobado","storage limit exceeded"
"39777873_IA-300_2024-2_2024-07-28","39777873_IA-300_2024-2","2024-07-28","1","Desaprobado","storage limit exceeded"
"45426946_DEV-101_2024-2_2024-07-29","45426946_DEV-101_2024-2","2024-07-29","5","Aprobado","storage limit exceeded"
"36326296_DEV-101_2024-2_2024-07-29","36326296_DEV-101_2024-2","2024-07-29","3","Desaprobado","storage limit exceeded"
"43914297_DEV-101_2024-2_2024-07-29","43914297_DEV-101_2024-2","2024-07-29","7","Aprobado","storage limit exceeded"
"43220086_DAT-101_2024-2_2024-07-29","43220086_DAT-101_2024-2","2024-07-29","10","Aprobado","storage limit exceeded"
"34027014_NEG-400_2024-2_2024-07-29","34027014_NEG-400_2024-2","2024-07-29","10","Aprobado","storage limit exceeded"
"45788790_IA-300_2024-2_2024-07-29","45788790_IA-300_2024-2","2024-07-29","3","Desaprobado","storage limit exceeded"
"35412606_IA-300_2024-2_2024-07-29","35412606_IA-300_2024-2","2024-07-29","5","Aprobado","storage limit exceeded"
"38282799_NEG-400_2024-2_2024-07-29","38282799_NEG-400_2024-2","2024-07-29","2","Desaprobado","storage limit exceeded"
"43312078_DAT-101_2024-2_2024-07-29","43312078_DAT-101_2024-2","2024-07-29","6","Aprobado","storage limit exceeded"
"32474711_GEN-101_2024-2_2024-07-29","32474711_GEN-101_2024-2","2024-07-29","1","Desaprobado","storage limit exceeded"
"37223015_MKT-200_2024-2_2024-07-29","37223015_MKT-200_2024-2","2024-07-29","10","Aprobado","storage limit exceeded"
"31888081_DEV-101_2024-2_2024-07-29","31888081_DEV-101_2024-2","2024-07-29","4","Aprobado","storage limit exceeded"
"31834919_IA-300_2024-2_2024-07-29","31834919_IA-300_2024-2","2024-07-29","9","Aprobado","storage limit exceeded"
"35944501_NEG-400_2024-2_2024-07-29","35944501_NEG-400_2024-2","2024-07-29","1","Desaprobado","storage limit exceeded"
"41249420_DAT-201_2024-2_2024-07-29","41249420_DAT-201_2024-2","2024-07-29","3","Desaprobado","storage limit exceeded"
"32143636_NEG-400_2024-2_2024-07-29","32143636_NEG-400_2024-2","2024-07-29","8","Aprobado","storage limit exceeded"
"41754338_IA-300_2024-2_2024-07-30","41754338_IA-300_2024-2","2024-07-30","9","Aprobado","storage limit exceeded"
"32108091_GEN-101_2024-2_2024-07-30","32108091_GEN-101_2024-2","2024-07-30","9","Aprobado","storage limit exceeded"
"30367040_IA-300_2024-2_2024-07-30","30367040_IA-300_2024-2","2024-07-30","10","Aprobado","storage limit exceeded"
"41333709_DAT-101_2024-2_2024-07-30","41333709_DAT-101_2024-2","2024-07-30","6","Aprobado","storage limit exceeded"
"35281520_NEG-400_2024-2_2024-07-30","35281520_NEG-400_2024-2","2024-07-30","3","Desaprobado","storage limit exceeded"
"44113409_IA-300_2024-2_2024-07-30","44113409_IA-300_2024-2","2024-07-30","7","Aprobado","storage limit exceeded"
"41297634_GEN-101_2024-2_2024-07-31","41297634_GEN-101_2024-2","2024-07-31","3","Desaprobado","storage limit exceeded"
"36615209_GEN-101_2024-2_2024-07-31","36615209_GEN-101_2024-2","2024-07-31","6","Aprobado","storage limit exceeded"
"36057182_DAT-101_2024-2_2024-07-31","36057182_DAT-101_2024-2","2024-07-31","9","Aprobado","storage limit exceeded"
"41503023_UX-100_2024-2_2024-07-31","41503023_UX-100_2024-2","2024-07-31","10","Aprobado","storage limit exceeded"
"34529542_IA-300_2024-2_2024-07-31","34529542_IA-300_2024-2","2024-07-31","7","Aprobado","storage limit exceeded"
"38140531_DAT-201_2024-2_2024-07-31","38140531_DAT-201_2024-2","2024-07-31","2","Desaprobado","storage limit exceeded"
"35155914_MKT-200_2024-2_2024-07-31","35155914_MKT-200_2024-2","2024-07-31","6","Aprobado","storage limit exceeded"
"31725100_NEG-400_2024-2_2024-07-31","31725100_NEG-400_2024-2","2024-07-31","3","Desaprobado","storage limit exceeded"
"34704174_DEV-101_2024-2_2024-07-31","34704174_DEV-101_2024-2","2024-07-31","2","Desaprobado","storage limit exceeded"
"44713441_GEN-101_2024-2_2024-08-01","44713441_GEN-101_2024-2","2024-08-01","10","Aprobado","storage limit exceeded"
"33885760_UX-100_2024-2_2024-08-01","33885760_UX-100_2024-2","2024-08-01","7","Aprobado","storage limit exceeded"
"35589315_DEV-101_2024-2_2024-08-01","35589315_DEV-101_2024-2","2024-08-01","9","Aprobado","storage limit exceeded"
"45826183_DEV-101_2024-2_2024-08-01","45826183_DEV-101_2024-2","2024-08-01","8","Aprobado","storage limit exceeded"
"33247205_UX-100_2024-2_2024-08-01","33247205_UX-100_2024-2","2024-08-01","7","Aprobado","storage limit exceeded"
"38129607_MKT-200_2024-2_2024-08-01","38129607_MKT-200_2024-2","2024-08-01","9","Aprobado","storage limit exceeded"
"30530462_GEN-101_2024-2_2024-08-01","30530462_GEN-101_2024-2","2024-08-01","10","Aprobado","storage limit exceeded"
"44513749_NEG-400_2024-2_2024-08-01","44513749_NEG-400_2024-2","2024-08-01","6","Aprobado","storage limit exceeded"
"34704174_IA-300_2024-2_2024-08-01","34704174_IA-300_2024-2","2024-08-01","10","Aprobado","storage limit exceeded"
"39877132_DAT-101_2024-2_2024-08-01","39877132_DAT-101_2024-2","2024-08-01","10","Aprobado","storage limit exceeded"
"45840080_GEN-101_2024-2_2024-08-01","45840080_GEN-101_2024-2","2024-08-01","2","Desaprobado","storage limit exceeded"
"31036656_DAT-201_2024-2_2024-08-01","31036656_DAT-201_2024-2","2024-08-01","7","Aprobado","storage limit exceeded"
"45385368_DEV-101_2024-2_2024-08-02","45385368_DEV-101_2024-2","2024-08-02","3","Desaprobado","storage limit exceeded"
"45130131_MKT-200_2024-2_2024-08-02","45130131_MKT-200_2024-2","2024-08-02","5","Aprobado","storage limit exceeded"
"32259990_MKT-200_2024-2_2024-08-02","32259990_MKT-200_2024-2","2024-08-02","9","Aprobado","storage limit exceeded"
"35345987_DAT-101_2024-2_2024-08-02","35345987_DAT-101_2024-2","2024-08-02","9","Aprobado","storage limit exceeded"
"31922848_DAT-101_2024-2_2024-08-02","31922848_DAT-101_2024-2","2024-08-02","2","Desaprobado","storage limit exceeded"
"44341695_UX-100_2024-2_2024-08-02","44341695_UX-100_2024-2","2024-08-02","2","Desaprobado","storage limit exceeded"
"30757580_NEG-400_2024-2_2024-08-02","30757580_NEG-400_2024-2","2024-08-02","8","Aprobado","storage limit exceeded"
"36005534_UX-100_2024-2_2024-08-02","36005534_UX-100_2024-2","2024-08-02","1","Desaprobado","storage limit exceeded"
"31730247_NEG-400_2024-2_2024-08-02","31730247_NEG-400_2024-2","2024-08-02","9","Aprobado","storage limit exceeded"
"30398761_IA-300_2024-2_2024-08-02","30398761_IA-300_2024-2","2024-08-02","6","Aprobado","storage limit exceeded"
"31922848_DEV-101_2024-2_2024-08-02","31922848_DEV-101_2024-2","2024-08-02","5","Aprobado","storage limit exceeded"
"33730688_IA-300_2024-2_2024-08-02","33730688_IA-300_2024-2","2024-08-02","7","Aprobado","storage limit exceeded"
"34617592_NEG-400_2024-2_2024-08-03","34617592_NEG-400_2024-2","2024-08-03","2","Desaprobado","storage limit exceeded"
"39924190_DAT-201_2024-2_2024-08-03","39924190_DAT-201_2024-2","2024-08-03","9","Aprobado","storage limit exceeded"
"36727365_DAT-201_2024-2_2024-08-03","36727365_DAT-201_2024-2","2024-08-03","7","Aprobado","storage limit exceeded"
"39041016_DAT-201_2024-2_2024-08-03","39041016_DAT-201_2024-2","2024-08-03","3","Desaprobado","storage limit exceeded"
"34864189_DEV-101_2024-2_2024-08-03","34864189_DEV-101_2024-2","2024-08-03","4","Aprobado","storage limit exceeded"
"38406894_IA-300_2024-2_2024-08-03","38406894_IA-300_2024-2","2024-08-03","8","Aprobado","storage limit exceeded"
"44775708_DAT-201_2024-2_2024-08-04","44775708_DAT-201_2024-2","2024-08-04","4","Aprobado","storage limit exceeded"
"38632250_NEG-400_2024-2_2024-08-04","38632250_NEG-400_2024-2","2024-08-04","1","Desaprobado","storage limit exceeded"
"33112320_NEG-400_2024-2_2024-08-04","33112320_NEG-400_2024-2","2024-08-04","5","Aprobado","storage limit exceeded"
"34567608_DAT-101_2024-2_2024-08-04","34567608_DAT-101_2024-2","2024-08-04","4","Aprobado","storage limit exceeded"
"43671191_DAT-101_2024-2_2024-08-05","43671191_DAT-101_2024-2","2024-08-05","6","Aprobado","storage limit exceeded"
"32412306_MKT-200_2024-2_2024-08-05","32412306_MKT-200_2024-2","2024-08-05","5","Aprobado","storage limit exceeded"
"30642032_DAT-201_2024-2_2024-08-05","30642032_DAT-201_2024-2","2024-08-05","4","Aprobado","storage limit exceeded"
"45038314_NEG-400_2024-2_2024-08-05","45038314_NEG-400_2024-2","2024-08-05","7","Aprobado","storage limit exceeded"
"32540190_MKT-200_2024-2_2024-08-06","32540190_MKT-200_2024-2","2024-08-06","4","Aprobado","storage limit exceeded"
"38749521_MKT-200_2024-2_2024-08-06","38749521_MKT-200_2024-2","2024-08-06","3","Desaprobado","storage limit exceeded"
"42321650_DAT-101_2024-2_2024-08-06","42321650_DAT-101_2024-2","2024-08-06","10","Aprobado","storage limit exceeded"
"41258011_DEV-101_2024-2_2024-08-06","41258011_DEV-101_2024-2","2024-08-06","9","Aprobado","storage limit exceeded"
"34758464_IA-300_2024-2_2024-08-06","34758464_IA-300_2024-2","2024-08-06","5","Aprobado","storage limit exceeded"
"41291663_DAT-101_2024-2_2024-08-06","41291663_DAT-101_2024-2","2024-08-06","9","Aprobado","storage limit exceeded"
"39563230_NEG-400_2024-2_2024-08-06","39563230_NEG-400_2024-2","2024-08-06","4","Aprobado","storage limit exceeded"
"39921380_MKT-200_2024-2_2024-08-06","39921380_MKT-200_2024-2","2024-08-06","8","Aprobado","storage limit exceeded"
"45245358_IA-300_2024-2_2024-08-06","45245358_IA-300_2024-2","2024-08-06","3","Desaprobado","storage limit exceeded"
"32204161_MKT-200_2024-2_2024-08-06","32204161_MKT-200_2024-2","2024-08-06","3","Desaprobado","storage limit exceeded"
"44775708_MKT-200_2024-2_2024-08-06","44775708_MKT-200_2024-2","2024-08-06","4","Aprobado","storage limit exceeded"
"32150263_UX-100_2024-2_2024-08-06","32150263_UX-100_2024-2","2024-08-06","7","Aprobado","storage limit exceeded"
"30961379_MKT-200_2024-2_2024-08-06","30961379_MKT-200_2024-2","2024-08-06","5","Aprobado","storage limit exceeded"
"31922848_MKT-200_2024-2_2024-08-06","31922848_MKT-200_2024-2","2024-08-06","9","Aprobado","storage limit exceeded"
"35565985_DAT-201_2024-2_2024-08-07","35565985_DAT-201_2024-2","2024-08-07","4","Aprobado","storage limit exceeded"
"36821499_GEN-101_2024-2_2024-08-07","36821499_GEN-101_2024-2","2024-08-07","1","Desaprobado","storage limit exceeded"
"42674907_MKT-200_2024-2_2024-08-07","42674907_MKT-200_2024-2","2024-08-07","8","Aprobado","storage limit exceeded"
"30098040_GEN-101_2024-2_2024-08-07","30098040_GEN-101_2024-2","2024-08-07","4","Aprobado","storage limit exceeded"
"43671191_UX-100_2024-2_2024-08-07","43671191_UX-100_2024-2","2024-08-07","8","Aprobado","storage limit exceeded"
"32902968_UX-100_2024-2_2024-08-07","32902968_UX-100_2024-2","2024-08-07","3","Desaprobado","storage limit exceeded"
"42763799_GEN-101_2024-2_2024-08-07","42763799_GEN-101_2024-2","2024-08-07","10","Aprobado","storage limit exceeded"
"45181550_NEG-400_2024-2_2024-08-07","45181550_NEG-400_2024-2","2024-08-07","3","Desaprobado","storage limit exceeded"
"30123333_NEG-400_2024-2_2024-08-08","30123333_NEG-400_2024-2","2024-08-08","3","Desaprobado","storage limit exceeded"
"37814684_DAT-101_2024-2_2024-08-08","37814684_DAT-101_2024-2","2024-08-08","6","Aprobado","storage limit exceeded"
"33827674_DAT-101_2024-2_2024-08-08","33827674_DAT-101_2024-2","2024-08-08","5","Aprobado","storage limit exceeded"
"39579403_GEN-101_2024-2_2024-08-08","39579403_GEN-101_2024-2","2024-08-08","5","Aprobado","storage limit exceeded"
"43695277_NEG-400_2024-2_2024-08-08","43695277_NEG-400_2024-2","2024-08-08","10","Aprobado","storage limit exceeded"
"33753511_UX-100_2024-2_2024-08-08","33753511_UX-100_2024-2","2024-08-08","9","Aprobado","storage limit exceeded"
"38856423_MKT-200_2024-2_2024-08-08","38856423_MKT-200_2024-2","2024-08-08","10","Aprobado","storage limit exceeded"
"33293475_DAT-101_2024-2_2024-08-08","33293475_DAT-101_2024-2","2024-08-08","5","Aprobado","storage limit exceeded"
"37244102_DAT-101_2024-2_2024-08-08","37244102_DAT-101_2024-2","2024-08-08","4","Aprobado","storage limit exceeded"
"30469731_DAT-101_2024-2_2024-08-09","30469731_DAT-101_2024-2","2024-08-09","5","Aprobado","storage limit exceeded"
"30116169_GEN-101_2024-2_2024-08-09","30116169_GEN-101_2024-2","2024-08-09","6","Aprobado","storage limit exceeded"
"33460388_DAT-101_2024-2_2024-08-09","33460388_DAT-101_2024-2","2024-08-09","5","Aprobado","storage limit exceeded"
"45931150_MKT-200_2024-2_2024-08-09","45931150_MKT-200_2024-2","2024-08-09","2","Desaprobado","storage limit exceeded"
"44536877_NEG-400_2024-2_2024-08-09","44536877_NEG-400_2024-2","2024-08-09","7","Aprobado","storage limit exceeded"
"41664468_IA-300_2024-2_2024-08-09","41664468_IA-300_2024-2","2024-08-09","4","Aprobado","storage limit exceeded"
"45385368_IA-300_2024-2_2024-08-09","45385368_IA-300_2024-2","2024-08-09","1","Desaprobado","storage limit exceeded"
"44144505_IA-300_2024-2_2024-08-09","44144505_IA-300_2024-2","2024-08-09","10","Aprobado","storage limit exceeded"
"30117903_IA-300_2024-2_2024-08-10","30117903_IA-300_2024-2","2024-08-10","10","Aprobado","storage limit exceeded"
"42132790_GEN-101_2024-2_2024-08-10","42132790_GEN-101_2024-2","2024-08-10","7","Aprobado","storage limit exceeded"
"34207249_UX-100_2024-2_2024-08-10","34207249_UX-100_2024-2","2024-08-10","4","Aprobado","storage limit exceeded"
"41943395_UX-100_2024-2_2024-08-10","41943395_UX-100_2024-2","2024-08-10","6","Aprobado","storage limit exceeded"
"31636346_DAT-101_2024-2_2024-08-10","31636346_DAT-101_2024-2","2024-08-10","8","Aprobado","storage limit exceeded"
"37478367_NEG-400_2024-2_2024-08-10","37478367_NEG-400_2024-2","2024-08-10","3","Desaprobado","storage limit exceeded"
"43867075_UX-100_2024-2_2024-08-10","43867075_UX-100_2024-2","2024-08-10","2","Desaprobado","storage limit exceeded"
"32449620_MKT-200_2024-2_2024-08-10","32449620_MKT-200_2024-2","2024-08-10","5","Aprobado","storage limit exceeded"
"39679193_DEV-101_2024-2_2024-08-10","39679193_DEV-101_2024-2","2024-08-10","9","Aprobado","storage limit exceeded"
"37678418_GEN-101_2024-2_2024-08-10","37678418_GEN-101_2024-2","2024-08-10","6","Aprobado","storage limit exceeded"
"37155742_UX-100_2024-2_2024-08-10","37155742_UX-100_2024-2","2024-08-10","2","Desaprobado","storage limit exceeded"
"42781956_MKT-200_2024-2_2024-08-11","42781956_MKT-200_2024-2","2024-08-11","5","Aprobado","storage limit exceeded"
"33619676_DAT-101_2024-2_2024-08-11","33619676_DAT-101_2024-2","2024-08-11","9","Aprobado","storage limit exceeded"
"31554768_DEV-101_2024-2_2024-08-11","31554768_DEV-101_2024-2","2024-08-11","7","Aprobado","storage limit exceeded"
"40578248_DEV-101_2024-2_2024-08-11","40578248_DEV-101_2024-2","2024-08-11","10","Aprobado","storage limit exceeded"
"42242735_GEN-101_2024-2_2024-08-11","42242735_GEN-101_2024-2","2024-08-11","4","Aprobado","storage limit exceeded"
"39842417_DEV-101_2024-2_2024-08-11","39842417_DEV-101_2024-2","2024-08-11","8","Aprobado","storage limit exceeded"
"43942866_MKT-200_2024-2_2024-08-12","43942866_MKT-200_2024-2","2024-08-12","7","Aprobado","storage limit exceeded"
"42590810_UX-100_2024-2_2024-08-12","42590810_UX-100_2024-2","2024-08-12","5","Aprobado","storage limit exceeded"
"42936217_UX-100_2024-2_2024-08-12","42936217_UX-100_2024-2","2024-08-12","9","Aprobado","storage limit exceeded"
"44144505_GEN-101_2024-2_2024-08-12","44144505_GEN-101_2024-2","2024-08-12","3","Desaprobado","storage limit exceeded"
"35589315_GEN-101_2024-2_2024-08-12","35589315_GEN-101_2024-2","2024-08-12","5","Aprobado","storage limit exceeded"
"41268285_NEG-400_2024-2_2024-08-12","41268285_NEG-400_2024-2","2024-08-12","7","Aprobado","storage limit exceeded"
"39341417_DEV-101_2024-2_2024-08-13","39341417_DEV-101_2024-2","2024-08-13","6","Aprobado","storage limit exceeded"
"44775708_NEG-400_2024-2_2024-08-13","44775708_NEG-400_2024-2","2024-08-13","2","Desaprobado","storage limit exceeded"
"37678418_DAT-201_2024-2_2024-08-13","37678418_DAT-201_2024-2","2024-08-13","2","Desaprobado","storage limit exceeded"
"37495057_DEV-101_2024-2_2024-08-13","37495057_DEV-101_2024-2","2024-08-13","1","Desaprobado","storage limit exceeded"
"40840726_NEG-400_2024-2_2024-08-13","40840726_NEG-400_2024-2","2024-08-13","3","Desaprobado","storage limit exceeded"
"33130984_MKT-200_2024-2_2024-08-13","33130984_MKT-200_2024-2","2024-08-13","10","Aprobado","storage limit exceeded"
"43539600_MKT-200_2024-2_2024-08-13","43539600_MKT-200_2024-2","2024-08-13","6","Aprobado","storage limit exceeded"
"33871049_DAT-101_2024-2_2024-08-13","33871049_DAT-101_2024-2","2024-08-13","9","Aprobado","storage limit exceeded"
"31922848_GEN-101_2024-2_2024-08-13","31922848_GEN-101_2024-2","2024-08-13","8","Aprobado","storage limit exceeded"
"45417967_MKT-200_2024-2_2024-08-13","45417967_MKT-200_2024-2","2024-08-13","5","Aprobado","storage limit exceeded"
"36727365_MKT-200_2024-2_2024-08-13","36727365_MKT-200_2024-2","2024-08-13","1","Desaprobado","storage limit exceeded"
"37244102_NEG-400_2024-2_2024-08-14","37244102_NEG-400_2024-2","2024-08-14","3","Desaprobado","storage limit exceeded"
"35552454_DAT-101_2024-2_2024-08-14","35552454_DAT-101_2024-2","2024-08-14","1","Desaprobado","storage limit exceeded"
"41734135_DAT-201_2024-2_2024-08-14","41734135_DAT-201_2024-2","2024-08-14","3","Desaprobado","storage limit exceeded"
"42693185_UX-100_2024-2_2024-08-14","42693185_UX-100_2024-2","2024-08-14","3","Desaprobado","storage limit exceeded"
"31921360_MKT-200_2024-2_2024-08-14","31921360_MKT-200_2024-2","2024-08-14","3","Desaprobado","storage limit exceeded"
"36890268_DAT-101_2024-2_2024-08-14","36890268_DAT-101_2024-2","2024-08-14","9","Aprobado","storage limit exceeded"
"36296794_GEN-101_2024-2_2024-08-15","36296794_GEN-101_2024-2","2024-08-15","2","Desaprobado","storage limit exceeded"
"39157120_UX-100_2024-2_2024-08-15","39157120_UX-100_2024-2","2024-08-15","10","Aprobado","storage limit exceeded"
"35953678_DEV-101_2024-2_2024-08-15","35953678_DEV-101_2024-2","2024-08-15","7","Aprobado","storage limit exceeded"
"45842940_IA-300_2024-2_2024-08-15","45842940_IA-300_2024-2","2024-08-15","7","Aprobado","storage limit exceeded"
"34070539_MKT-200_2024-2_2024-08-15","34070539_MKT-200_2024-2","2024-08-15","10","Aprobado","storage limit exceeded"
"36907787_IA-300_2024-2_2024-08-15","36907787_IA-300_2024-2","2024-08-15","4","Aprobado","storage limit exceeded"
"43110444_IA-300_2024-2_2024-08-15","43110444_IA-300_2024-2","2024-08-15","6","Aprobado","storage limit exceeded"
"35023742_GEN-101_2024-2_2024-08-15","35023742_GEN-101_2024-2","2024-08-15","7","Aprobado","storage limit exceeded"
"45383156_GEN-101_2024-2_2024-08-16","45383156_GEN-101_2024-2","2024-08-16","8","Aprobado","storage limit exceeded"
"30055060_DAT-201_2024-2_2024-08-16","30055060_DAT-201_2024-2","2024-08-16","5","Aprobado","storage limit exceeded"
"36236123_DAT-101_2024-2_2024-08-16","36236123_DAT-101_2024-2","2024-08-16","2","Desaprobado","storage limit exceeded"
"40132599_GEN-101_2024-2_2024-08-16","40132599_GEN-101_2024-2","2024-08-16","1","Desaprobado","storage limit exceeded"
"44506499_DEV-101_2024-2_2024-08-16","44506499_DEV-101_2024-2","2024-08-16","1","Desaprobado","storage limit exceeded"
"39579403_MKT-200_2024-2_2024-08-16","39579403_MKT-200_2024-2","2024-08-16","9","Aprobado","storage limit exceeded"
"37495057_MKT-200_2024-2_2024-08-16","37495057_MKT-200_2024-2","2024-08-16","3","Desaprobado","storage limit exceeded"
"45850941_IA-300_2024-2_2024-08-17","45850941_IA-300_2024-2","2024-08-17","3","Desaprobado","storage limit exceeded"
"42706367_GEN-101_2024-2_2024-08-17","42706367_GEN-101_2024-2","2024-08-17","7","Aprobado","storage limit exceeded"
"44513749_MKT-200_2024-2_2024-08-17","44513749_MKT-200_2024-2","2024-08-17","10","Aprobado","storage limit exceeded"
"30941372_DEV-101_2024-2_2024-08-17","30941372_DEV-101_2024-2","2024-08-17","7","Aprobado","storage limit exceeded"
"44141804_MKT-200_2024-2_2024-08-17","44141804_MKT-200_2024-2","2024-08-17","1","Desaprobado","storage limit exceeded"
"31295512_MKT-200_2024-2_2024-08-17","31295512_MKT-200_2024-2","2024-08-17","5","Aprobado","storage limit exceeded"
"44228213_DAT-101_2024-2_2024-08-18","44228213_DAT-101_2024-2","2024-08-18","5","Aprobado","storage limit exceeded"
"38406935_DAT-101_2024-2_2024-08-18","38406935_DAT-101_2024-2","2024-08-18","3","Desaprobado","storage limit exceeded"
"39684246_IA-300_2024-2_2024-08-18","39684246_IA-300_2024-2","2024-08-18","8","Aprobado","storage limit exceeded"
"33049597_MKT-200_2024-2_2024-08-18","33049597_MKT-200_2024-2","2024-08-18","6","Aprobado","storage limit exceeded"
"38406894_DAT-101_2024-2_2024-08-18","38406894_DAT-101_2024-2","2024-08-18","6","Aprobado","storage limit exceeded"
"35842163_UX-100_2024-2_2024-08-18","35842163_UX-100_2024-2","2024-08-18","1","Desaprobado","storage limit exceeded"
"33678309_DEV-101_2024-2_2024-08-18","33678309_DEV-101_2024-2","2024-08-18","5","Aprobado","storage limit exceeded"
"43799230_DAT-101_2024-2_2024-08-19","43799230_DAT-101_2024-2","2024-08-19","4","Aprobado","storage limit exceeded"
"33049597_MKT-200_2024-2_2024-08-19","33049597_MKT-200_2024-2","2024-08-19","7","Aprobado","storage limit exceeded"
"31451368_DEV-101_2024-2_2024-08-19","31451368_DEV-101_2024-2","2024-08-19","3","Desaprobado","storage limit exceeded"
"42810923_UX-100_2024-2_2024-08-19","42810923_UX-100_2024-2","2024-08-19","9","Aprobado","storage limit exceeded"
"43350438_DEV-101_2024-2_2024-08-19","43350438_DEV-101_2024-2","2024-08-19","2","Desaprobado","storage limit exceeded"
"43362081_DEV-101_2024-2_2024-08-19","43362081_DEV-101_2024-2","2024-08-19","9","Aprobado","storage limit exceeded"
"45170433_DEV-101_2024-2_2024-08-19","45170433_DEV-101_2024-2","2024-08-19","4","Aprobado","storage limit exceeded"
"41824986_GEN-101_2024-2_2024-08-19","41824986_GEN-101_2024-2","2024-08-19","2","Desaprobado","storage limit exceeded"
"35388639_GEN-101_2024-2_2024-08-19","35388639_GEN-101_2024-2","2024-08-19","2","Desaprobado","storage limit exceeded"
"35345987_DAT-201_2024-2_2024-08-19","35345987_DAT-201_2024-2","2024-08-19","9","Aprobado","storage limit exceeded"
"45970742_NEG-400_2024-2_2024-08-19","45970742_NEG-400_2024-2","2024-08-19","9","Aprobado","storage limit exceeded"
"33338311_DAT-101_2024-2_2024-08-20","33338311_DAT-101_2024-2","2024-08-20","5","Aprobado","storage limit exceeded"
"30985783_MKT-200_2024-2_2024-08-20","30985783_MKT-200_2024-2","2024-08-20","2","Desaprobado","storage limit exceeded"
"37275248_IA-300_2024-2_2024-08-20","37275248_IA-300_2024-2","2024-08-20","2","Desaprobado","storage limit exceeded"
"42886191_DEV-101_2024-2_2024-08-20","42886191_DEV-101_2024-2","2024-08-20","10","Aprobado","storage limit exceeded"
"37031483_GEN-101_2024-2_2024-08-20","37031483_GEN-101_2024-2","2024-08-20","4","Aprobado","storage limit exceeded"
"38325772_GEN-101_2024-2_2024-08-20","38325772_GEN-101_2024-2","2024-08-20","10","Aprobado","storage limit exceeded"
"42411250_DAT-201_2024-2_2024-08-20","42411250_DAT-201_2024-2","2024-08-20","5","Aprobado","storage limit exceeded"
"40665974_DAT-201_2024-2_2024-08-20","40665974_DAT-201_2024-2","2024-08-20","4","Aprobado","storage limit exceeded"
"38290123_DAT-101_2024-2_2024-08-20","38290123_DAT-101_2024-2","2024-08-20","8","Aprobado","storage limit exceeded"
"40701939_UX-100_2024-2_2024-08-20","40701939_UX-100_2024-2","2024-08-20","1","Desaprobado","storage limit exceeded"
"44084939_DAT-201_2024-2_2024-08-20","44084939_DAT-201_2024-2","2024-08-20","4","Aprobado","storage limit exceeded"
"41765198_MKT-200_2024-2_2024-08-20","41765198_MKT-200_2024-2","2024-08-20","10","Aprobado","storage limit exceeded"
"45383156_UX-100_2024-2_2024-08-21","45383156_UX-100_2024-2","2024-08-21","2","Desaprobado","storage limit exceeded"
"39264124_MKT-200_2024-2_2024-08-21","39264124_MKT-200_2024-2","2024-08-21","7","Aprobado","storage limit exceeded"
"35891432_NEG-400_2024-2_2024-08-21","35891432_NEG-400_2024-2","2024-08-21","8","Aprobado","storage limit exceeded"
"42024629_DEV-101_2024-2_2024-08-21","42024629_DEV-101_2024-2","2024-08-21","1","Desaprobado","storage limit exceeded"
"35605561_DEV-101_2024-2_2024-08-21","35605561_DEV-101_2024-2","2024-08-21","7","Aprobado","storage limit exceeded"
"41258011_DEV-101_2024-2_2024-08-21","41258011_DEV-101_2024-2","2024-08-21","7","Aprobado","storage limit exceeded"
"41333709_IA-300_2024-2_2024-08-21","41333709_IA-300_2024-2","2024-08-21","1","Desaprobado","storage limit exceeded"
"33601032_DAT-101_2024-2_2024-08-21","33601032_DAT-101_2024-2","2024-08-21","2","Desaprobado","storage limit exceeded"
"43651742_GEN-101_2024-2_2024-08-21","43651742_GEN-101_2024-2","2024-08-21","10","Aprobado","storage limit exceeded"
"36928006_IA-300_2024-2_2024-08-22","36928006_IA-300_2024-2","2024-08-22","5","Aprobado","storage limit exceeded"
"35278293_DEV-101_2024-2_2024-08-22","35278293_DEV-101_2024-2","2024-08-22","4","Aprobado","storage limit exceeded"
"40583085_GEN-101_2024-2_2024-08-22","40583085_GEN-101_2024-2","2024-08-22","1","Desaprobado","storage limit exceeded"
"35196112_DEV-101_2024-2_2024-08-22","35196112_DEV-101_2024-2","2024-08-22","9","Aprobado","storage limit exceeded"
"32991581_MKT-200_2024-2_2024-08-22","32991581_MKT-200_2024-2","2024-08-22","8","Aprobado","storage limit exceeded"
"40237965_MKT-200_2024-2_2024-08-22","40237965_MKT-200_2024-2","2024-08-22","7","Aprobado","storage limit exceeded"
"43529073_NEG-400_2024-2_2024-08-22","43529073_NEG-400_2024-2","2024-08-22","1","Desaprobado","storage limit exceeded"
"44654293_MKT-200_2024-2_2024-08-22","44654293_MKT-200_2024-2","2024-08-22","7","Aprobado","storage limit exceeded"
"35437650_NEG-400_2024-2_2024-08-22","35437650_NEG-400_2024-2","2024-08-22","7","Aprobado","storage limit exceeded"
"35297114_MKT-200_2024-2_2024-08-22","35297114_MKT-200_2024-2","2024-08-22","2","Desaprobado","storage limit exceeded"
"38526500_GEN-101_2024-2_2024-08-22","38526500_GEN-101_2024-2","2024-08-22","2","Desaprobado","storage limit exceeded"
"32738313_DAT-201_2024-2_2024-08-22","32738313_DAT-201_2024-2","2024-08-22","3","Desaprobado","storage limit exceeded"
"35111521_NEG-400_2024-2_2024-08-23","35111521_NEG-400_2024-2","2024-08-23","6","Aprobado","storage limit exceeded"
"31767975_DAT-201_2024-2_2024-08-23","31767975_DAT-201_2024-2","2024-08-23","1","Desaprobado","storage limit exceeded"
"30300658_UX-100_2024-2_2024-08-23","30300658_UX-100_2024-2","2024-08-23","2","Desaprobado","storage limit exceeded"
"39386440_DEV-101_2024-2_2024-08-23","39386440_DEV-101_2024-2","2024-08-23","4","Aprobado","storage limit exceeded"
"38072230_MKT-200_2024-2_2024-08-23","38072230_MKT-200_2024-2","2024-08-23","2","Desaprobado","storage limit exceeded"
"32991581_MKT-200_2024-2_2024-08-23","32991581_MKT-200_2024-2","2024-08-23","6","Aprobado","storage limit exceeded"
"41728313_GEN-101_2024-2_2024-08-23","41728313_GEN-101_2024-2","2024-08-23","2","Desaprobado","storage limit exceeded"
"33693959_UX-100_2024-2_2024-08-24","33693959_UX-100_2024-2","2024-08-24","1","Desaprobado","storage limit exceeded"
"33964267_MKT-200_2024-2_2024-08-24","33964267_MKT-200_2024-2","2024-08-24","9","Aprobado","storage limit exceeded"
"41485165_IA-300_2024-2_2024-08-24","41485165_IA-300_2024-2","2024-08-24","1","Desaprobado","storage limit exceeded"
"35196112_NEG-400_2024-2_2024-08-24","35196112_NEG-400_2024-2","2024-08-24","5","Aprobado","storage limit exceeded"
"40988877_GEN-101_2024-2_2024-08-24","40988877_GEN-101_2024-2","2024-08-24","2","Desaprobado","storage limit exceeded"
"38811418_GEN-101_2024-2_2024-08-24","38811418_GEN-101_2024-2","2024-08-24","2","Desaprobado","storage limit exceeded"
"31554768_DAT-101_2024-2_2024-08-24","31554768_DAT-101_2024-2","2024-08-24","10","Aprobado","storage limit exceeded"
"34446593_NEG-400_2024-2_2024-08-25","34446593_NEG-400_2024-2","2024-08-25","4","Aprobado","storage limit exceeded"
"34198627_IA-300_2024-2_2024-08-25","34198627_IA-300_2024-2","2024-08-25","3","Desaprobado","storage limit exceeded"
"40496612_UX-100_2024-2_2024-08-25","40496612_UX-100_2024-2","2024-08-25","4","Aprobado","storage limit exceeded"
"45038314_IA-300_2024-2_2024-08-25","45038314_IA-300_2024-2","2024-08-25","6","Aprobado","storage limit exceeded"
"34687649_DEV-101_2024-2_2024-08-25","34687649_DEV-101_2024-2","2024-08-25","3","Desaprobado","storage limit exceeded"
"35281520_DAT-101_2024-2_2024-08-25","35281520_DAT-101_2024-2","2024-08-25","9","Aprobado","storage limit exceeded"
"31399534_DAT-101_2024-2_2024-08-25","31399534_DAT-101_2024-2","2024-08-25","4","Aprobado","storage limit exceeded"
"37337493_UX-100_2024-2_2024-08-25","37337493_UX-100_2024-2","2024-08-25","5","Aprobado","storage limit exceeded"
"34146531_UX-100_2024-2_2024-08-25","34146531_UX-100_2024-2","2024-08-25","4","Aprobado","storage limit exceeded"
"36727365_IA-300_2024-2_2024-08-25","36727365_IA-300_2024-2","2024-08-25","2","Desaprobado","storage limit exceeded"
"33988348_IA-300_2024-2_2024-08-25","33988348_IA-300_2024-2","2024-08-25","7","Aprobado","storage limit exceeded"
"40729905_MKT-200_2024-2_2024-08-26","40729905_MKT-200_2024-2","2024-08-26","3","Desaprobado","storage limit exceeded"
"39479461_DAT-201_2024-2_2024-08-26","39479461_DAT-201_2024-2","2024-08-26","4","Aprobado","storage limit exceeded"
"45746270_GEN-101_2024-2_2024-08-26","45746270_GEN-101_2024-2","2024-08-26","9","Aprobado","storage limit exceeded"
"40422549_DAT-201_2024-2_2024-08-26","40422549_DAT-201_2024-2","2024-08-26","8","Aprobado","storage limit exceeded"
"31017566_MKT-200_2024-2_2024-08-26","31017566_MKT-200_2024-2","2024-08-26","3","Desaprobado","storage limit exceeded"
"42699425_DAT-201_2024-2_2024-08-26","42699425_DAT-201_2024-2","2024-08-26","10","Aprobado","storage limit exceeded"
"36800218_GEN-101_2024-2_2024-08-26","36800218_GEN-101_2024-2","2024-08-26","3","Desaprobado","storage limit exceeded"
"30088172_DAT-101_2024-2_2024-08-26","30088172_DAT-101_2024-2","2024-08-26","7","Aprobado","storage limit exceeded"
"39500363_IA-300_2024-2_2024-08-26","39500363_IA-300_2024-2","2024-08-26","10","Aprobado","storage limit exceeded"
"43542005_UX-100_2024-2_2024-08-27","43542005_UX-100_2024-2","2024-08-27","8","Aprobado","storage limit exceeded"
"32692729_IA-300_2024-2_2024-08-27","32692729_IA-300_2024-2","2024-08-27","9","Aprobado","storage limit exceeded"
"37326359_DAT-201_2024-2_2024-08-27","37326359_DAT-201_2024-2","2024-08-27","1","Desaprobado","storage limit exceeded"
"30367578_DAT-201_2024-2_2024-08-27","30367578_DAT-201_2024-2","2024-08-27","5","Aprobado","storage limit exceeded"
"38726954_UX-100_2024-2_2024-08-27","38726954_UX-100_2024-2","2024-08-27","1","Desaprobado","storage limit exceeded"
"38290265_UX-100_2024-2_2024-08-27","38290265_UX-100_2024-2","2024-08-27","8","Aprobado","storage limit exceeded"
"41248088_DAT-201_2024-2_2024-08-27","41248088_DAT-201_2024-2","2024-08-27","9","Aprobado","storage limit exceeded"
"35654379_DEV-101_2024-2_2024-08-28","35654379_DEV-101_2024-2","2024-08-28","5","Aprobado","storage limit exceeded"
"34864189_NEG-400_2024-2_2024-08-28","34864189_NEG-400_2024-2","2024-08-28","10","Aprobado","storage limit exceeded"
"43948943_GEN-101_2024-2_2024-08-28","43948943_GEN-101_2024-2","2024-08-28","7","Aprobado","storage limit exceeded"
"38832034_GEN-101_2024-2_2024-08-28","38832034_GEN-101_2024-2","2024-08-28","3","Desaprobado","storage limit exceeded"
"35242773_NEG-400_2024-2_2024-08-28","35242773_NEG-400_2024-2","2024-08-28","5","Aprobado","storage limit exceeded"
"42810923_DAT-101_2024-2_2024-08-28","42810923_DAT-101_2024-2","2024-08-28","5","Aprobado","storage limit exceeded"
"44436801_MKT-200_2024-2_2024-08-28","44436801_MKT-200_2024-2","2024-08-28","5","Aprobado","storage limit exceeded"
"34250668_GEN-101_2024-2_2024-08-28","34250668_GEN-101_2024-2","2024-08-28","4","Aprobado","storage limit exceeded"
"36906085_DEV-101_2024-2_2024-08-28","36906085_DEV-101_2024-2","2024-08-28","8","Aprobado","storage limit exceeded"
"38689454_MKT-200_2024-2_2024-08-28","38689454_MKT-200_2024-2","2024-08-28","2","Desaprobado","storage limit exceeded"
"36651921_DEV-101_2024-2_2024-08-29","36651921_DEV-101_2024-2","2024-08-29","8","Aprobado","storage limit exceeded"
"33043866_NEG-400_2024-2_2024-08-29","33043866_NEG-400_2024-2","2024-08-29","3","Desaprobado","storage limit exceeded"
"39695033_GEN-101_2024-2_2024-08-29","39695033_GEN-101_2024-2","2024-08-29","8","Aprobado","storage limit exceeded"
"45130131_DAT-101_2024-2_2024-08-29","45130131_DAT-101_2024-2","2024-08-29","4","Aprobado","storage limit exceeded"
"43799230_UX-100_2024-2_2024-08-29","43799230_UX-100_2024-2","2024-08-29","8","Aprobado","storage limit exceeded"
"31102495_UX-100_2024-2_2024-08-29","31102495_UX-100_2024-2","2024-08-29","3","Desaprobado","storage limit exceeded"
"43727225_DEV-101_2024-2_2024-08-29","43727225_DEV-101_2024-2","2024-08-29","1","Desaprobado","storage limit exceeded"
"40069107_DEV-101_2024-2_2024-08-29","40069107_DEV-101_2024-2","2024-08-29","3","Desaprobado","storage limit exceeded"
"32556008_MKT-200_2024-2_2024-08-30","32556008_MKT-200_2024-2","2024-08-30","8","Aprobado","storage limit exceeded"
"35155914_GEN-101_2024-2_2024-08-30","35155914_GEN-101_2024-2","2024-08-30","1","Desaprobado","storage limit exceeded"
"39563230_NEG-400_2024-2_2024-08-30","39563230_NEG-400_2024-2","2024-08-30","7","Aprobado","storage limit exceeded"
"32864447_IA-300_2024-2_2024-08-30","32864447_IA-300_2024-2","2024-08-30","2","Desaprobado","storage limit exceeded"
"33828320_DEV-101_2024-2_2024-08-30","33828320_DEV-101_2024-2","2024-08-30","9","Aprobado","storage limit exceeded"
"43799230_IA-300_2024-2_2024-08-31","43799230_IA-300_2024-2","2024-08-31","8","Aprobado","storage limit exceeded"
"43362081_GEN-101_2024-2_2024-08-31","43362081_GEN-101_2024-2","2024-08-31","9","Aprobado","storage limit exceeded"
"30123333_UX-100_2024-2_2024-08-31","30123333_UX-100_2024-2","2024-08-31","7","Aprobado","storage limit exceeded"
"39515864_DAT-101_2024-2_2024-08-31","39515864_DAT-101_2024-2","2024-08-31","3","Desaprobado","storage limit exceeded"
"33544470_DAT-101_2024-2_2024-08-31","33544470_DAT-101_2024-2","2024-08-31","4","Aprobado","storage limit exceeded"
"32152121_DEV-101_2024-2_2024-08-31","32152121_DEV-101_2024-2","2024-08-31","8","Aprobado","storage limit exceeded"
"39314240_NEG-400_2024-2_2024-08-31","39314240_NEG-400_2024-2","2024-08-31","7","Aprobado","storage limit exceeded"
"40860494_NEG-400_2024-2_2024-08-31","40860494_NEG-400_2024-2","2024-08-31","7","Aprobado","storage limit exceeded"
"33722791_DEV-101_2024-2_2024-09-01","33722791_DEV-101_2024-2","2024-09-01","10","Aprobado","storage limit exceeded"
"31271467_DEV-101_2024-2_2024-09-01","31271467_DEV-101_2024-2","2024-09-01","4","Aprobado","storage limit exceeded"
"40348880_DAT-201_2024-2_2024-09-01","40348880_DAT-201_2024-2","2024-09-01","3","Desaprobado","storage limit exceeded"
"30735404_DEV-101_2024-2_2024-09-01","30735404_DEV-101_2024-2","2024-09-01","8","Aprobado","storage limit exceeded"
"33133815_UX-100_2024-2_2024-09-01","33133815_UX-100_2024-2","2024-09-01","4","Aprobado","storage limit exceeded"
"38133728_IA-300_2024-2_2024-09-01","38133728_IA-300_2024-2","2024-09-01","8","Aprobado","storage limit exceeded"
"34529542_DAT-201_2024-2_2024-09-02","34529542_DAT-201_2024-2","2024-09-02","5","Aprobado","storage limit exceeded"
"31071888_GEN-101_2024-2_2024-09-02","31071888_GEN-101_2024-2","2024-09-02","8","Aprobado","storage limit exceeded"
"31102495_MKT-200_2024-2_2024-09-02","31102495_MKT-200_2024-2","2024-09-02","4","Aprobado","storage limit exceeded"
"35543489_IA-300_2024-2_2024-09-02","35543489_IA-300_2024-2","2024-09-02","1","Desaprobado","storage limit exceeded"
"39540425_UX-100_2024-2_2024-09-02","39540425_UX-100_2024-2","2024-09-02","4","Aprobado","storage limit exceeded"
"45896651_DAT-101_2024-2_2024-09-02","45896651_DAT-101_2024-2","2024-09-02","9","Aprobado","storage limit exceeded"
"39641826_GEN-101_2024-2_2024-09-02","39641826_GEN-101_2024-2","2024-09-02","4","Aprobado","storage limit exceeded"
"38137274_NEG-400_2024-2_2024-09-02","38137274_NEG-400_2024-2","2024-09-02","8","Aprobado","storage limit exceeded"
"36890268_NEG-400_2024-2_2024-09-02","36890268_NEG-400_2024-2","2024-09-02","8","Aprobado","storage limit exceeded"
"45427332_IA-300_2024-2_2024-09-02","45427332_IA-300_2024-2","2024-09-02","8","Aprobado","storage limit exceeded"
"43394175_DEV-101_2024-2_2024-09-03","43394175_DEV-101_2024-2","2024-09-03","10","Aprobado","storage limit exceeded"
"30566758_MKT-200_2024-2_2024-09-03","30566758_MKT-200_2024-2","2024-09-03","8","Aprobado","storage limit exceeded"
"32050515_DEV-101_2024-2_2024-09-03","32050515_DEV-101_2024-2","2024-09-03","8","Aprobado","storage limit exceeded"
"33109769_DAT-201_2024-2_2024-09-03","33109769_DAT-201_2024-2","2024-09-03","8","Aprobado","storage limit exceeded"
"40306605_DEV-101_2024-2_2024-09-03","40306605_DEV-101_2024-2","2024-09-03","8","Aprobado","storage limit exceeded"
"35906862_DEV-101_2024-2_2024-09-03","35906862_DEV-101_2024-2","2024-09-03","3","Desaprobado","storage limit exceeded"
"34077479_DAT-201_2024-2_2024-09-03","34077479_DAT-201_2024-2","2024-09-03","7","Aprobado","storage limit exceeded"
"40132599_GEN-101_2024-2_2024-09-03","40132599_GEN-101_2024-2","2024-09-03","7","Aprobado","storage limit exceeded"
"35511517_GEN-101_2024-2_2024-09-03","35511517_GEN-101_2024-2","2024-09-03","6","Aprobado","storage limit exceeded"
"33429749_MKT-200_2024-2_2024-09-04","33429749_MKT-200_2024-2","2024-09-04","1","Desaprobado","storage limit exceeded"
"45055136_UX-100_2024-2_2024-09-04","45055136_UX-100_2024-2","2024-09-04","6","Aprobado","storage limit exceeded"
"40840726_GEN-101_2024-2_2024-09-04","40840726_GEN-101_2024-2","2024-09-04","8","Aprobado","storage limit exceeded"
"38717375_GEN-101_2024-2_2024-09-04","38717375_GEN-101_2024-2","2024-09-04","7","Aprobado","storage limit exceeded"
"35940256_MKT-200_2024-2_2024-09-04","35940256_MKT-200_2024-2","2024-09-04","1","Desaprobado","storage limit exceeded"
"36948669_DAT-201_2024-2_2024-09-04","36948669_DAT-201_2024-2","2024-09-04","7","Aprobado","storage limit exceeded"
"40668065_DEV-101_2024-2_2024-09-05","40668065_DEV-101_2024-2","2024-09-05","7","Aprobado","storage limit exceeded"
"38188233_UX-100_2024-2_2024-09-05","38188233_UX-100_2024-2","2024-09-05","3","Desaprobado","storage limit exceeded"
"30680437_MKT-200_2024-2_2024-09-05","30680437_MKT-200_2024-2","2024-09-05","8","Aprobado","storage limit exceeded"
"43663971_DAT-101_2024-2_2024-09-05","43663971_DAT-101_2024-2","2024-09-05","9","Aprobado","storage limit exceeded"
"44516064_UX-100_2024-2_2024-09-05","44516064_UX-100_2024-2","2024-09-05","5","Aprobado","storage limit exceeded"
"41702335_DAT-201_2024-2_2024-09-05","41702335_DAT-201_2024-2","2024-09-05","2","Desaprobado","storage limit exceeded"
"41485165_DAT-201_2024-2_2024-09-06","41485165_DAT-201_2024-2","2024-09-06","10","Aprobado","storage limit exceeded"
"38485886_DAT-101_2024-2_2024-09-06","38485886_DAT-101_2024-2","2024-09-06","8","Aprobado","storage limit exceeded"
"45182848_IA-300_2024-2_2024-09-06","45182848_IA-300_2024-2","2024-09-06","6","Aprobado","storage limit exceeded"
"36821499_NEG-400_2024-2_2024-09-06","36821499_NEG-400_2024-2","2024-09-06","4","Aprobado","storage limit exceeded"
"45544327_DAT-201_2024-2_2024-09-06","45544327_DAT-201_2024-2","2024-09-06","3","Desaprobado","storage limit exceeded"
"41950086_MKT-200_2024-2_2024-09-06","41950086_MKT-200_2024-2","2024-09-06","9","Aprobado","storage limit exceeded"
"31888081_NEG-400_2024-2_2024-09-06","31888081_NEG-400_2024-2","2024-09-06","7","Aprobado","storage limit exceeded"
"36163868_GEN-101_2024-2_2024-09-06","36163868_GEN-101_2024-2","2024-09-06","6","Aprobado","storage limit exceeded"
"32231628_UX-100_2024-2_2024-09-06","32231628_UX-100_2024-2","2024-09-06","3","Desaprobado","storage limit exceeded"
"33423546_UX-100_2024-2_2024-09-07","33423546_UX-100_2024-2","2024-09-07","9","Aprobado","storage limit exceeded"
"43956427_UX-100_2024-2_2024-09-07","43956427_UX-100_2024-2","2024-09-07","7","Aprobado","storage limit exceeded"
"44219639_GEN-101_2024-2_2024-09-07","44219639_GEN-101_2024-2","2024-09-07","1","Desaprobado","storage limit exceeded"
"34728997_NEG-400_2024-2_2024-09-07","34728997_NEG-400_2024-2","2024-09-07","4","Aprobado","storage limit exceeded"
"32682238_DEV-101_2024-2_2024-09-07","32682238_DEV-101_2024-2","2024-09-07","5","Aprobado","storage limit exceeded"
"31594777_DAT-101_2024-2_2024-09-07","31594777_DAT-101_2024-2","2024-09-07","4","Aprobado","storage limit exceeded"
"30230499_GEN-101_2024-2_2024-09-07","30230499_GEN-101_2024-2","2024-09-07","2","Desaprobado","storage limit exceeded"
"30055060_DEV-101_2024-2_2024-09-07","30055060_DEV-101_2024-2","2024-09-07","7","Aprobado","storage limit exceeded"
"41109574_DAT-201_2024-2_2024-09-07","41109574_DAT-201_2024-2","2024-09-07","1","Desaprobado","storage limit exceeded"
"32673458_NEG-400_2024-2_2024-09-07","32673458_NEG-400_2024-2","2024-09-07","7","Aprobado","storage limit exceeded"
"43529073_DEV-101_2024-2_2024-09-08","43529073_DEV-101_2024-2","2024-09-08","9","Aprobado","storage limit exceeded"
"37239533_NEG-400_2024-2_2024-09-08","37239533_NEG-400_2024-2","2024-09-08","3","Desaprobado","storage limit exceeded"
"38842716_DAT-101_2024-2_2024-09-08","38842716_DAT-101_2024-2","2024-09-08","7","Aprobado","storage limit exceeded"
"36309794_DEV-101_2024-2_2024-09-08","36309794_DEV-101_2024-2","2024-09-08","9","Aprobado","storage limit exceeded"
"43733466_NEG-400_2024-2_2024-09-08","43733466_NEG-400_2024-2","2024-09-08","4","Aprobado","storage limit exceeded"
"36821499_NEG-400_2024-2_2024-09-08","36821499_NEG-400_2024-2","2024-09-08","1","Desaprobado","storage limit exceeded"
"31834919_MKT-200_2024-2_2024-09-08","31834919_MKT-200_2024-2","2024-09-08","2","Desaprobado","storage limit exceeded"
"32901887_DAT-201_2024-2_2024-09-08","32901887_DAT-201_2024-2","2024-09-08","8","Aprobado","storage limit exceeded"
"30117903_DAT-201_2024-2_2024-09-08","30117903_DAT-201_2024-2","2024-09-08","6","Aprobado","storage limit exceeded"
"38081258_GEN-101_2024-2_2024-09-09","38081258_GEN-101_2024-2","2024-09-09","4","Aprobado","storage limit exceeded"
"31187731_NEG-400_2024-2_2024-09-09","31187731_NEG-400_2024-2","2024-09-09","4","Aprobado","storage limit exceeded"
"36907787_DAT-201_2024-2_2024-09-09","36907787_DAT-201_2024-2","2024-09-09","4","Aprobado","storage limit exceeded"
"30004548_DAT-101_2024-2_2024-09-09","30004548_DAT-101_2024-2","2024-09-09","9","Aprobado","storage limit exceeded"
"34508314_IA-300_2024-2_2024-09-09","34508314_IA-300_2024-2","2024-09-09","4","Aprobado","storage limit exceeded"
"45692552_DAT-201_2024-2_2024-09-09","45692552_DAT-201_2024-2","2024-09-09","3","Desaprobado","storage limit exceeded"
"32556008_GEN-101_2024-2_2024-09-09","32556008_GEN-101_2024-2","2024-09-09","5","Aprobado","storage limit exceeded"
"36520319_IA-300_2024-2_2024-09-09","36520319_IA-300_2024-2","2024-09-09","1","Desaprobado","storage limit exceeded"
"42082012_IA-300_2024-2_2024-09-09","42082012_IA-300_2024-2","2024-09-09","9","Aprobado","storage limit exceeded"
"41268285_GEN-101_2024-2_2024-09-09","41268285_GEN-101_2024-2","2024-09-09","5","Aprobado","storage limit exceeded"
"38726954_MKT-200_2024-2_2024-09-09","38726954_MKT-200_2024-2","2024-09-09","9","Aprobado","storage limit exceeded"
"41310259_DEV-101_2024-2_2024-09-09","41310259_DEV-101_2024-2","2024-09-09","6","Aprobado","storage limit exceeded"
"44492899_DAT-201_2024-2_2024-09-09","44492899_DAT-201_2024-2","2024-09-09","2","Desaprobado","storage limit exceeded"
"43710760_DEV-101_2024-2_2024-09-09","43710760_DEV-101_2024-2","2024-09-09","7","Aprobado","storage limit exceeded"
"33155313_NEG-400_2024-2_2024-09-09","33155313_NEG-400_2024-2","2024-09-09","8","Aprobado","storage limit exceeded"
"40156501_MKT-200_2024-2_2024-09-10","40156501_MKT-200_2024-2","2024-09-10","1","Desaprobado","storage limit exceeded"
"32919443_DAT-101_2024-2_2024-09-10","32919443_DAT-101_2024-2","2024-09-10","10","Aprobado","storage limit exceeded"
"38519723_UX-100_2024-2_2024-09-10","38519723_UX-100_2024-2","2024-09-10","8","Aprobado","storage limit exceeded"
"33545850_DAT-201_2024-2_2024-09-10","33545850_DAT-201_2024-2","2024-09-10","8","Aprobado","storage limit exceeded"
"38928581_DAT-201_2024-2_2024-09-10","38928581_DAT-201_2024-2","2024-09-10","6","Aprobado","storage limit exceeded"
"36953747_DEV-101_2024-2_2024-09-10","36953747_DEV-101_2024-2","2024-09-10","7","Aprobado","storage limit exceeded"
"34989772_GEN-101_2024-2_2024-09-10","34989772_GEN-101_2024-2","2024-09-10","10","Aprobado","storage limit exceeded"
"41418439_DEV-101_2024-2_2024-09-10","41418439_DEV-101_2024-2","2024-09-10","7","Aprobado","storage limit exceeded"
"43539600_GEN-101_2024-2_2024-09-11","43539600_GEN-101_2024-2","2024-09-11","3","Desaprobado","storage limit exceeded"
"38434835_MKT-200_2024-2_2024-09-11","38434835_MKT-200_2024-2","2024-09-11","7","Aprobado","storage limit exceeded"
"42674907_GEN-101_2024-2_2024-09-11","42674907_GEN-101_2024-2","2024-09-11","7","Aprobado","storage limit exceeded"
"43388966_DEV-101_2024-2_2024-09-11","43388966_DEV-101_2024-2","2024-09-11","5","Aprobado","storage limit exceeded"
"43978117_GEN-101_2024-2_2024-09-11","43978117_GEN-101_2024-2","2024-09-11","6","Aprobado","storage limit exceeded"
"36537106_DEV-101_2024-2_2024-09-11","36537106_DEV-101_2024-2","2024-09-11","5","Aprobado","storage limit exceeded"
"37347578_DAT-201_2024-2_2024-09-11","37347578_DAT-201_2024-2","2024-09-11","2","Desaprobado","storage limit exceeded"
"39268069_IA-300_2024-2_2024-09-11","39268069_IA-300_2024-2","2024-09-11","7","Aprobado","storage limit exceeded"
"41008531_IA-300_2024-2_2024-09-11","41008531_IA-300_2024-2","2024-09-11","10","Aprobado","storage limit exceeded"
"40746517_MKT-200_2024-2_2024-09-11","40746517_MKT-200_2024-2","2024-09-11","1","Desaprobado","storage limit exceeded"
"31134185_DAT-101_2024-2_2024-09-12","31134185_DAT-101_2024-2","2024-09-12","2","Desaprobado","storage limit exceeded"
"41453617_DAT-201_2024-2_2024-09-12","41453617_DAT-201_2024-2","2024-09-12","2","Desaprobado","storage limit exceeded"
"38703238_GEN-101_2024-2_2024-09-12","38703238_GEN-101_2024-2","2024-09-12","2","Desaprobado","storage limit exceeded"
"38856423_GEN-101_2024-2_2024-09-12","38856423_GEN-101_2024-2","2024-09-12","9","Aprobado","storage limit exceeded"
"39463207_UX-100_2024-2_2024-09-12","39463207_UX-100_2024-2","2024-09-12","2","Desaprobado","storage limit exceeded"
"43726508_DEV-101_2024-2_2024-09-12","43726508_DEV-101_2024-2","2024-09-12","7","Aprobado","storage limit exceeded"
"34447081_DAT-101_2024-2_2024-09-12","34447081_DAT-101_2024-2","2024-09-12","1","Desaprobado","storage limit exceeded"
"43362081_DEV-101_2024-2_2024-09-12","43362081_DEV-101_2024-2","2024-09-12","10","Aprobado","storage limit exceeded"
"43449566_UX-100_2024-2_2024-09-12","43449566_UX-100_2024-2","2024-09-12","2","Desaprobado","storage limit exceeded"
"38703285_NEG-400_2024-2_2024-09-12","38703285_NEG-400_2024-2","2024-09-12","4","Aprobado","storage limit exceeded"
"44521824_MKT-200_2024-2_2024-09-12","44521824_MKT-200_2024-2","2024-09-12","3","Desaprobado","storage limit exceeded"
"35031297_DEV-101_2024-2_2024-09-12","35031297_DEV-101_2024-2","2024-09-12","2","Desaprobado","storage limit exceeded"
"31777177_GEN-101_2024-2_2024-09-12","31777177_GEN-101_2024-2","2024-09-12","1","Desaprobado","storage limit exceeded"
"44492899_UX-100_2024-2_2024-09-12","44492899_UX-100_2024-2","2024-09-12","1","Desaprobado","storage limit exceeded"
"30367578_DEV-101_2024-2_2024-09-12","30367578_DEV-101_2024-2","2024-09-12","2","Desaprobado","storage limit exceeded"
"33957369_GEN-101_2024-2_2024-09-12","33957369_GEN-101_2024-2","2024-09-12","9","Aprobado","storage limit exceeded"
"32823541_UX-100_2024-2_2024-09-12","32823541_UX-100_2024-2","2024-09-12","2","Desaprobado","storage limit exceeded"
"39110609_DAT-201_2024-2_2024-09-12","39110609_DAT-201_2024-2","2024-09-12","6","Aprobado","storage limit exceeded"
"44084939_NEG-400_2024-2_2024-09-13","44084939_NEG-400_2024-2","2024-09-13","6","Aprobado","storage limit exceeded"
"45091268_IA-300_2024-2_2024-09-13","45091268_IA-300_2024-2","2024-09-13","9","Aprobado","storage limit exceeded"
"41252196_IA-300_2024-2_2024-09-13","41252196_IA-300_2024-2","2024-09-13","4","Aprobado","storage limit exceeded"
"41112892_UX-100_2024-2_2024-09-13","41112892_UX-100_2024-2","2024-09-13","9","Aprobado","storage limit exceeded"
"34731502_IA-300_2024-2_2024-09-13","34731502_IA-300_2024-2","2024-09-13","7","Aprobado","storage limit exceeded"
"40132599_DAT-201_2024-2_2024-09-13","40132599_DAT-201_2024-2","2024-09-13","8","Aprobado","storage limit exceeded"
"34641008_DAT-101_2024-2_2024-09-13","34641008_DAT-101_2024-2","2024-09-13","6","Aprobado","storage limit exceeded"
"30996789_UX-100_2024-2_2024-09-13","30996789_UX-100_2024-2","2024-09-13","2","Desaprobado","storage limit exceeded"
"43068884_DAT-101_2024-2_2024-09-13","43068884_DAT-101_2024-2","2024-09-13","1","Desaprobado","storage limit exceeded"
"31692100_NEG-400_2024-2_2024-09-13","31692100_NEG-400_2024-2","2024-09-13","7","Aprobado","storage limit exceeded"
"30116169_UX-100_2024-2_2024-09-13","30116169_UX-100_2024-2","2024-09-13","2","Desaprobado","storage limit exceeded"
"35579453_MKT-200_2024-2_2024-09-14","35579453_MKT-200_2024-2","2024-09-14","5","Aprobado","storage limit exceeded"
"31178906_NEG-400_2024-2_2024-09-14","31178906_NEG-400_2024-2","2024-09-14","6","Aprobado","storage limit exceeded"
"38027945_IA-300_2024-2_2024-09-14","38027945_IA-300_2024-2","2024-09-14","1","Desaprobado","storage limit exceeded"
"33957369_DEV-101_2024-2_2024-09-14","33957369_DEV-101_2024-2","2024-09-14","4","Aprobado","storage limit exceeded"
"31591629_DEV-101_2024-2_2024-09-14","31591629_DEV-101_2024-2","2024-09-14","1","Desaprobado","storage limit exceeded"
"41915923_IA-300_2024-2_2024-09-15","41915923_IA-300_2024-2","2024-09-15","4","Aprobado","storage limit exceeded"
"30365765_DEV-101_2024-2_2024-09-15","30365765_DEV-101_2024-2","2024-09-15","8","Aprobado","storage limit exceeded"
"33688099_GEN-101_2024-2_2024-09-15","33688099_GEN-101_2024-2","2024-09-15","7","Aprobado","storage limit exceeded"
"35196112_GEN-101_2024-2_2024-09-15","35196112_GEN-101_2024-2","2024-09-15","3","Desaprobado","storage limit exceeded"
"39208663_DEV-101_2024-2_2024-09-15","39208663_DEV-101_2024-2","2024-09-15","3","Desaprobado","storage limit exceeded"
"30772589_UX-100_2024-2_2024-09-15","30772589_UX-100_2024-2","2024-09-15","7","Aprobado","storage limit exceeded"
"36251602_NEG-400_2024-2_2024-09-15","36251602_NEG-400_2024-2","2024-09-15","7","Aprobado","storage limit exceeded"
"45532881_IA-300_2024-2_2024-09-15","45532881_IA-300_2024-2","2024-09-15","7","Aprobado","storage limit exceeded"
"41950086_DAT-201_2024-2_2024-09-15","41950086_DAT-201_2024-2","2024-09-15","4","Aprobado","storage limit exceeded"
"45826183_GEN-101_2024-2_2024-09-15","45826183_GEN-101_2024-2","2024-09-15","2","Desaprobado","storage limit exceeded"
"38481398_DEV-101_2024-2_2024-09-15","38481398_DEV-101_2024-2","2024-09-15","10","Aprobado","storage limit exceeded"
"32151241_MKT-200_2024-2_2024-09-15","32151241_MKT-200_2024-2","2024-09-15","10","Aprobado","storage limit exceeded"
"42026432_GEN-101_2024-2_2024-09-16","42026432_GEN-101_2024-2","2024-09-16","7","Aprobado","storage limit exceeded"
"42740444_DAT-101_2024-2_2024-09-16","42740444_DAT-101_2024-2","2024-09-16","6","Aprobado","storage limit exceeded"
"41660538_IA-300_2024-2_2024-09-16","41660538_IA-300_2024-2","2024-09-16","10","Aprobado","storage limit exceeded"
"43394175_IA-300_2024-2_2024-09-16","43394175_IA-300_2024-2","2024-09-16","5","Aprobado","storage limit exceeded"
"41310259_DAT-201_2024-2_2024-09-16","41310259_DAT-201_2024-2","2024-09-16","6","Aprobado","storage limit exceeded"
"32875207_NEG-400_2024-2_2024-09-16","32875207_NEG-400_2024-2","2024-09-16","8","Aprobado","storage limit exceeded"
"30116169_IA-300_2024-2_2024-09-16","30116169_IA-300_2024-2","2024-09-16","8","Aprobado","storage limit exceeded"
"33506985_DAT-101_2024-2_2024-09-16","33506985_DAT-101_2024-2","2024-09-16","10","Aprobado","storage limit exceeded"
"37244102_UX-100_2024-2_2024-09-16","37244102_UX-100_2024-2","2024-09-16","9","Aprobado","storage limit exceeded"
"44289991_DEV-101_2024-2_2024-09-16","44289991_DEV-101_2024-2","2024-09-16","6","Aprobado","storage limit exceeded"
"39696052_DAT-101_2024-2_2024-09-16","39696052_DAT-101_2024-2","2024-09-16","4","Aprobado","storage limit exceeded"
"45878884_UX-100_2024-2_2024-09-16","45878884_UX-100_2024-2","2024-09-16","8","Aprobado","storage limit exceeded"
"32838454_DAT-101_2024-2_2024-09-16","32838454_DAT-101_2024-2","2024-09-16","1","Desaprobado","storage limit exceeded"
"30106929_DAT-201_2024-2_2024-09-16","30106929_DAT-201_2024-2","2024-09-16","4","Aprobado","storage limit exceeded"
"42555362_DAT-101_2024-2_2024-09-17","42555362_DAT-101_2024-2","2024-09-17","4","Aprobado","storage limit exceeded"
"43771658_DEV-101_2024-2_2024-09-17","43771658_DEV-101_2024-2","2024-09-17","1","Desaprobado","storage limit exceeded"
"40583085_DAT-201_2024-2_2024-09-17","40583085_DAT-201_2024-2","2024-09-17","7","Aprobado","storage limit exceeded"
"30117903_DEV-101_2024-2_2024-09-17","30117903_DEV-101_2024-2","2024-09-17","2","Desaprobado","storage limit exceeded"
"33696189_GEN-101_2024-2_2024-09-17","33696189_GEN-101_2024-2","2024-09-17","1","Desaprobado","storage limit exceeded"
"35961291_NEG-400_2024-2_2024-09-17","35961291_NEG-400_2024-2","2024-09-17","1","Desaprobado","storage limit exceeded"
"33506985_GEN-101_2024-2_2024-09-17","33506985_GEN-101_2024-2","2024-09-17","8","Aprobado","storage limit exceeded"
"35906862_NEG-400_2024-2_2024-09-18","35906862_NEG-400_2024-2","2024-09-18","2","Desaprobado","storage limit exceeded"
"38353339_DAT-101_2024-2_2024-09-18","38353339_DAT-101_2024-2","2024-09-18","2","Desaprobado","storage limit exceeded"
"40701939_IA-300_2024-2_2024-09-18","40701939_IA-300_2024-2","2024-09-18","5","Aprobado","storage limit exceeded"
"42740444_DEV-101_2024-2_2024-09-18","42740444_DEV-101_2024-2","2024-09-18","5","Aprobado","storage limit exceeded"
"36847519_DAT-101_2024-2_2024-09-18","36847519_DAT-101_2024-2","2024-09-18","3","Desaprobado","storage limit exceeded"
"31695622_NEG-400_2024-2_2024-09-18","31695622_NEG-400_2024-2","2024-09-18","1","Desaprobado","storage limit exceeded"
"45844538_MKT-200_2024-2_2024-09-18","45844538_MKT-200_2024-2","2024-09-18","2","Desaprobado","storage limit exceeded"
"34081471_NEG-400_2024-2_2024-09-18","34081471_NEG-400_2024-2","2024-09-18","3","Desaprobado","storage limit exceeded"
"32151606_IA-300_2024-2_2024-09-18","32151606_IA-300_2024-2","2024-09-18","5","Aprobado","storage limit exceeded"
"35915416_DAT-101_2024-2_2024-09-18","35915416_DAT-101_2024-2","2024-09-18","3","Desaprobado","storage limit exceeded"
"41788868_DAT-201_2024-2_2024-09-19","41788868_DAT-201_2024-2","2024-09-19","5","Aprobado","storage limit exceeded"
"40422549_MKT-200_2024-2_2024-09-19","40422549_MKT-200_2024-2","2024-09-19","3","Desaprobado","storage limit exceeded"
"43810640_MKT-200_2024-2_2024-09-19","43810640_MKT-200_2024-2","2024-09-19","2","Desaprobado","storage limit exceeded"
"30763126_DAT-201_2024-2_2024-09-19","30763126_DAT-201_2024-2","2024-09-19","4","Aprobado","storage limit exceeded"
"30609077_GEN-101_2024-2_2024-09-19","30609077_GEN-101_2024-2","2024-09-19","4","Aprobado","storage limit exceeded"
"40421216_DAT-101_2024-2_2024-09-19","40421216_DAT-101_2024-2","2024-09-19","7","Aprobado","storage limit exceeded"
"35449166_NEG-400_2024-2_2024-09-19","35449166_NEG-400_2024-2","2024-09-19","3","Desaprobado","storage limit exceeded"
"37083223_IA-300_2024-2_2024-09-20","37083223_IA-300_2024-2","2024-09-20","5","Aprobado","storage limit exceeded"
"41437572_GEN-101_2024-2_2024-09-20","41437572_GEN-101_2024-2","2024-09-20","4","Aprobado","storage limit exceeded"
"41258011_DAT-101_2024-2_2024-09-20","41258011_DAT-101_2024-2","2024-09-20","5","Aprobado","storage limit exceeded"
"38567788_UX-100_2024-2_2024-09-20","38567788_UX-100_2024-2","2024-09-20","5","Aprobado","storage limit exceeded"
"39749714_MKT-200_2024-2_2024-09-20","39749714_MKT-200_2024-2","2024-09-20","6","Aprobado","storage limit exceeded"
"33567445_NEG-400_2024-2_2024-09-20","33567445_NEG-400_2024-2","2024-09-20","9","Aprobado","storage limit exceeded"
"45544327_DAT-101_2024-2_2024-09-20","45544327_DAT-101_2024-2","2024-09-20","1","Desaprobado","storage limit exceeded"
"31366271_IA-300_2024-2_2024-09-20","31366271_IA-300_2024-2","2024-09-20","7","Aprobado","storage limit exceeded"
"45427332_MKT-200_2024-2_2024-09-20","45427332_MKT-200_2024-2","2024-09-20","9","Aprobado","storage limit exceeded"
"33878037_IA-300_2024-2_2024-09-20","33878037_IA-300_2024-2","2024-09-20","2","Desaprobado","storage limit exceeded"
"34485777_GEN-101_2024-2_2024-09-20","34485777_GEN-101_2024-2","2024-09-20","7","Aprobado","storage limit exceeded"
"44617524_GEN-101_2024-2_2024-09-21","44617524_GEN-101_2024-2","2024-09-21","3","Desaprobado","storage limit exceeded"
"43625205_GEN-101_2024-2_2024-09-21","43625205_GEN-101_2024-2","2024-09-21","3","Desaprobado","storage limit exceeded"
"31704019_UX-100_2024-2_2024-09-21","31704019_UX-100_2024-2","2024-09-21","4","Aprobado","storage limit exceeded"
"39571770_GEN-101_2024-2_2024-09-21","39571770_GEN-101_2024-2","2024-09-21","7","Aprobado","storage limit exceeded"
"43978117_MKT-200_2024-2_2024-09-21","43978117_MKT-200_2024-2","2024-09-21","5","Aprobado","storage limit exceeded"
"43727225_UX-100_2024-2_2024-09-21","43727225_UX-100_2024-2","2024-09-21","6","Aprobado","storage limit exceeded"
"44502106_UX-100_2024-2_2024-09-21","44502106_UX-100_2024-2","2024-09-21","5","Aprobado","storage limit exceeded"
"41594052_MKT-200_2024-2_2024-09-21","41594052_MKT-200_2024-2","2024-09-21","10","Aprobado","storage limit exceeded"
"41664468_UX-100_2024-2_2024-09-22","41664468_UX-100_2024-2","2024-09-22","7","Aprobado","storage limit exceeded"
"41402719_DAT-101_2024-2_2024-09-22","41402719_DAT-101_2024-2","2024-09-22","2","Desaprobado","storage limit exceeded"
"33081027_DAT-201_2024-2_2024-09-22","33081027_DAT-201_2024-2","2024-09-22","6","Aprobado","storage limit exceeded"
"38717375_IA-300_2024-2_2024-09-22","38717375_IA-300_2024-2","2024-09-22","1","Desaprobado","storage limit exceeded"
"41003214_NEG-400_2024-2_2024-09-22","41003214_NEG-400_2024-2","2024-09-22","10","Aprobado","storage limit exceeded"
"45303367_MKT-200_2024-2_2024-09-22","45303367_MKT-200_2024-2","2024-09-22","6","Aprobado","storage limit exceeded"
"40764881_IA-300_2024-2_2024-09-22","40764881_IA-300_2024-2","2024-09-22","3","Desaprobado","storage limit exceeded"
"36514666_DAT-101_2024-2_2024-09-22","36514666_DAT-101_2024-2","2024-09-22","5","Aprobado","storage limit exceeded"
"45666370_UX-100_2024-2_2024-09-22","45666370_UX-100_2024-2","2024-09-22","7","Aprobado","storage limit exceeded"
"33506985_GEN-101_2024-2_2024-09-23","33506985_GEN-101_2024-2","2024-09-23","7","Aprobado","storage limit exceeded"
"44513749_DAT-201_2024-2_2024-09-23","44513749_DAT-201_2024-2","2024-09-23","9","Aprobado","storage limit exceeded"
"30642032_MKT-200_2024-2_2024-09-23","30642032_MKT-200_2024-2","2024-09-23","4","Aprobado","storage limit exceeded"
"38072230_UX-100_2024-2_2024-09-23","38072230_UX-100_2024-2","2024-09-23","9","Aprobado","storage limit exceeded"
"40421216_DEV-101_2024-2_2024-09-23","40421216_DEV-101_2024-2","2024-09-23","4","Aprobado","storage limit exceeded"
"45170433_IA-300_2024-2_2024-09-23","45170433_IA-300_2024-2","2024-09-23","5","Aprobado","storage limit exceeded"
"33883514_MKT-200_2024-2_2024-09-23","33883514_MKT-200_2024-2","2024-09-23","5","Aprobado","storage limit exceeded"
"41788868_GEN-101_2024-2_2024-09-23","41788868_GEN-101_2024-2","2024-09-23","6","Aprobado","storage limit exceeded"
"35854507_DAT-101_2024-2_2024-09-23","35854507_DAT-101_2024-2","2024-09-23","7","Aprobado","storage limit exceeded"
"34452113_DAT-101_2024-2_2024-09-23","34452113_DAT-101_2024-2","2024-09-23","7","Aprobado","storage limit exceeded"
"41726756_NEG-400_2024-2_2024-09-23","41726756_NEG-400_2024-2","2024-09-23","10","Aprobado","storage limit exceeded"
"35517472_IA-300_2024-2_2024-09-23","35517472_IA-300_2024-2","2024-09-23","2","Desaprobado","storage limit exceeded"
"30966401_UX-100_2024-2_2024-09-23","30966401_UX-100_2024-2","2024-09-23","9","Aprobado","storage limit exceeded"
"45341622_NEG-400_2024-2_2024-09-23","45341622_NEG-400_2024-2","2024-09-23","6","Aprobado","storage limit exceeded"
"32697331_NEG-400_2024-2_2024-09-23","32697331_NEG-400_2024-2","2024-09-23","8","Aprobado","storage limit exceeded"
"45850941_NEG-400_2024-2_2024-09-24","45850941_NEG-400_2024-2","2024-09-24","6","Aprobado","storage limit exceeded"
"43777501_IA-300_2024-2_2024-09-24","43777501_IA-300_2024-2","2024-09-24","2","Desaprobado","storage limit exceeded"
"43978117_MKT-200_2024-2_2024-09-25","43978117_MKT-200_2024-2","2024-09-25","10","Aprobado","storage limit exceeded"
"33158030_MKT-200_2024-2_2024-09-25","33158030_MKT-200_2024-2","2024-09-25","4","Aprobado","storage limit exceeded"
"44513749_DAT-201_2024-2_2024-09-25","44513749_DAT-201_2024-2","2024-09-25","1","Desaprobado","storage limit exceeded"
"32096884_DEV-101_2024-2_2024-09-25","32096884_DEV-101_2024-2","2024-09-25","4","Aprobado","storage limit exceeded"
"41252196_MKT-200_2024-2_2024-09-25","41252196_MKT-200_2024-2","2024-09-25","6","Aprobado","storage limit exceeded"
"40214433_GEN-101_2024-2_2024-09-25","40214433_GEN-101_2024-2","2024-09-25","8","Aprobado","storage limit exceeded"
"44946319_MKT-200_2024-2_2024-09-25","44946319_MKT-200_2024-2","2024-09-25","9","Aprobado","storage limit exceeded"
"32830740_IA-300_2024-2_2024-09-25","32830740_IA-300_2024-2","2024-09-25","4","Aprobado","storage limit exceeded"
"36163868_DAT-101_2024-2_2024-09-25","36163868_DAT-101_2024-2","2024-09-25","6","Aprobado","storage limit exceeded"
"35409911_UX-100_2024-2_2024-09-25","35409911_UX-100_2024-2","2024-09-25","10","Aprobado","storage limit exceeded"
"41332008_DAT-101_2024-2_2024-09-25","41332008_DAT-101_2024-2","2024-09-25","6","Aprobado","storage limit exceeded"
"39696052_DEV-101_2024-2_2024-09-26","39696052_DEV-101_2024-2","2024-09-26","2","Desaprobado","storage limit exceeded"
"41240321_GEN-101_2024-2_2024-09-26","41240321_GEN-101_2024-2","2024-09-26","2","Desaprobado","storage limit exceeded"
"37149339_UX-100_2024-2_2024-09-26","37149339_UX-100_2024-2","2024-09-26","5","Aprobado","storage limit exceeded"
"34452113_NEG-400_2024-2_2024-09-26","34452113_NEG-400_2024-2","2024-09-26","5","Aprobado","storage limit exceeded"
"35904105_DEV-101_2024-2_2024-09-26","35904105_DEV-101_2024-2","2024-09-26","7","Aprobado","storage limit exceeded"
"35792864_DAT-201_2024-2_2024-09-26","35792864_DAT-201_2024-2","2024-09-26","4","Aprobado","storage limit exceeded"
"37239130_UX-100_2024-2_2024-09-26","37239130_UX-100_2024-2","2024-09-26","2","Desaprobado","storage limit exceeded"
"31071888_IA-300_2024-2_2024-09-26","31071888_IA-300_2024-2","2024-09-26","6","Aprobado","storage limit exceeded"
"36161620_DAT-201_2024-2_2024-09-26","36161620_DAT-201_2024-2","2024-09-26","10","Aprobado","storage limit exceeded"
"35409911_NEG-400_2024-2_2024-09-26","35409911_NEG-400_2024-2","2024-09-26","1","Desaprobado","storage limit exceeded"
"37332897_DAT-201_2024-2_2024-09-27","37332897_DAT-201_2024-2","2024-09-27","10","Aprobado","storage limit exceeded"
"38657054_DEV-101_2024-2_2024-09-27","38657054_DEV-101_2024-2","2024-09-27","9","Aprobado","storage limit exceeded"
"40764881_MKT-200_2024-2_2024-09-27","40764881_MKT-200_2024-2","2024-09-27","10","Aprobado","storage limit exceeded"
"31562479_MKT-200_2024-2_2024-09-27","31562479_MKT-200_2024-2","2024-09-27","4","Aprobado","storage limit exceeded"
"33423546_DAT-201_2024-2_2024-09-27","33423546_DAT-201_2024-2","2024-09-27","5","Aprobado","storage limit exceeded"
"35944501_UX-100_2024-2_2024-09-27","35944501_UX-100_2024-2","2024-09-27","1","Desaprobado","storage limit exceeded"
"42706367_DEV-101_2024-2_2024-09-28","42706367_DEV-101_2024-2","2024-09-28","5","Aprobado","storage limit exceeded"
"35953678_MKT-200_2024-2_2024-09-28","35953678_MKT-200_2024-2","2024-09-28","10","Aprobado","storage limit exceeded"
"44228213_DAT-101_2024-2_2024-09-28","44228213_DAT-101_2024-2","2024-09-28","7","Aprobado","storage limit exceeded"
"33293475_DAT-101_2024-2_2024-09-28","33293475_DAT-101_2024-2","2024-09-28","9","Aprobado","storage limit exceeded"
"34850065_DEV-101_2024-2_2024-09-28","34850065_DEV-101_2024-2","2024-09-28","8","Aprobado","storage limit exceeded"
"35891432_DEV-101_2024-2_2024-09-28","35891432_DEV-101_2024-2","2024-09-28","7","Aprobado","storage limit exceeded"
"45685363_UX-100_2024-2_2024-09-29","45685363_UX-100_2024-2","2024-09-29","8","Aprobado","storage limit exceeded"
"41092656_GEN-101_2024-2_2024-09-29","41092656_GEN-101_2024-2","2024-09-29","8","Aprobado","storage limit exceeded"
"31500794_UX-100_2024-2_2024-09-29","31500794_UX-100_2024-2","2024-09-29","6","Aprobado","storage limit exceeded"
"33488611_DEV-101_2024-2_2024-09-29","33488611_DEV-101_2024-2","2024-09-29","6","Aprobado","storage limit exceeded"
"33822169_GEN-101_2024-2_2024-09-29","33822169_GEN-101_2024-2","2024-09-29","2","Desaprobado","storage limit exceeded"
"38282799_UX-100_2024-2_2024-09-29","38282799_UX-100_2024-2","2024-09-29","4","Aprobado","storage limit exceeded"
"44492899_DEV-101_2024-2_2024-09-29","44492899_DEV-101_2024-2","2024-09-29","3","Desaprobado","storage limit exceeded"
"31262811_MKT-200_2024-2_2024-09-29","31262811_MKT-200_2024-2","2024-09-29","3","Desaprobado","storage limit exceeded"
"38406894_UX-100_2024-2_2024-09-29","38406894_UX-100_2024-2","2024-09-29","2","Desaprobado","storage limit exceeded"
"40980648_DAT-101_2024-2_2024-09-30","40980648_DAT-101_2024-2","2024-09-30","8","Aprobado","storage limit exceeded"
"30506093_NEG-400_2024-2_2024-09-30","30506093_NEG-400_2024-2","2024-09-30","2","Desaprobado","storage limit exceeded"
"31305554_IA-300_2024-2_2024-09-30","31305554_IA-300_2024-2","2024-09-30","7","Aprobado","storage limit exceeded"
"33212131_DEV-101_2024-2_2024-09-30","33212131_DEV-101_2024-2","2024-09-30","7","Aprobado","storage limit exceeded"
"43970719_DAT-101_2024-2_2024-09-30","43970719_DAT-101_2024-2","2024-09-30","4","Aprobado","storage limit exceeded"
"35718936_MKT-200_2024-2_2024-09-30","35718936_MKT-200_2024-2","2024-09-30","1","Desaprobado","storage limit exceeded"
"31668253_DEV-101_2024-2_2024-09-30","31668253_DEV-101_2024-2","2024-09-30","4","Aprobado","storage limit exceeded"
"31800702_GEN-101_2024-2_2024-09-30","31800702_GEN-101_2024-2","2024-09-30","1","Desaprobado","storage limit exceeded"
"32284080_DAT-101_2024-2_2024-09-30","32284080_DAT-101_2024-2","2024-09-30","2","Desaprobado","storage limit exceeded"
"35690393_DAT-101_2024-2_2024-09-30","35690393_DAT-101_2024-2","2024-09-30","6","Aprobado","storage limit exceeded"
"38519723_NEG-400_2024-2_2024-10-01","38519723_NEG-400_2024-2","2024-10-01","1","Desaprobado","storage limit exceeded"
"38325772_IA-300_2024-2_2024-10-01","38325772_IA-300_2024-2","2024-10-01","10","Aprobado","storage limit exceeded"
"32152121_UX-100_2024-2_2024-10-01","32152121_UX-100_2024-2","2024-10-01","7","Aprobado","storage limit exceeded"
"36702199_GEN-101_2024-2_2024-10-01","36702199_GEN-101_2024-2","2024-10-01","8","Aprobado","storage limit exceeded"
"42677307_DAT-201_2024-2_2024-10-01","42677307_DAT-201_2024-2","2024-10-01","9","Aprobado","storage limit exceeded"
"31379964_IA-300_2024-2_2024-10-01","31379964_IA-300_2024-2","2024-10-01","5","Aprobado","storage limit exceeded"
"32486624_GEN-101_2024-2_2024-10-01","32486624_GEN-101_2024-2","2024-10-01","6","Aprobado","storage limit exceeded"
"41109574_MKT-200_2024-2_2024-10-01","41109574_MKT-200_2024-2","2024-10-01","7","Aprobado","storage limit exceeded"
"41886872_NEG-400_2024-2_2024-10-01","41886872_NEG-400_2024-2","2024-10-01","3","Desaprobado","storage limit exceeded"
"36906085_MKT-200_2024-2_2024-10-02","36906085_MKT-200_2024-2","2024-10-02","1","Desaprobado","storage limit exceeded"
"34839561_MKT-200_2024-2_2024-10-02","34839561_MKT-200_2024-2","2024-10-02","10","Aprobado","storage limit exceeded"
"41212075_UX-100_2024-2_2024-10-02","41212075_UX-100_2024-2","2024-10-02","2","Desaprobado","storage limit exceeded"
"36867908_NEG-400_2024-2_2024-10-02","36867908_NEG-400_2024-2","2024-10-02","10","Aprobado","storage limit exceeded"
"37749075_NEG-400_2024-2_2024-10-02","37749075_NEG-400_2024-2","2024-10-02","3","Desaprobado","storage limit exceeded"
"40306605_DAT-201_2024-2_2024-10-02","40306605_DAT-201_2024-2","2024-10-02","7","Aprobado","storage limit exceeded"
"44419194_NEG-400_2024-2_2024-10-02","44419194_NEG-400_2024-2","2024-10-02","2","Desaprobado","storage limit exceeded"
"41511282_DAT-201_2024-2_2024-10-02","41511282_DAT-201_2024-2","2024-10-02","4","Aprobado","storage limit exceeded"
"35449166_DAT-201_2024-2_2024-10-02","35449166_DAT-201_2024-2","2024-10-02","8","Aprobado","storage limit exceeded"
"41664468_MKT-200_2024-2_2024-10-02","41664468_MKT-200_2024-2","2024-10-02","8","Aprobado","storage limit exceeded"
"32369229_MKT-200_2024-2_2024-10-02","32369229_MKT-200_2024-2","2024-10-02","2","Desaprobado","storage limit exceeded"
"41077276_NEG-400_2024-2_2024-10-02","41077276_NEG-400_2024-2","2024-10-02","10","Aprobado","storage limit exceeded"
"45788790_DAT-101_2024-2_2024-10-02","45788790_DAT-101_2024-2","2024-10-02","3","Desaprobado","storage limit exceeded"
"37665322_UX-100_2024-2_2024-10-02","37665322_UX-100_2024-2","2024-10-02","3","Desaprobado","storage limit exceeded"
"39386440_UX-100_2024-2_2024-10-02","39386440_UX-100_2024-2","2024-10-02","2","Desaprobado","storage limit exceeded"
"44898507_DAT-101_2024-2_2024-10-03","44898507_DAT-101_2024-2","2024-10-03","4","Aprobado","storage limit exceeded"
"31162466_DAT-101_2024-2_2024-10-03","31162466_DAT-101_2024-2","2024-10-03","7","Aprobado","storage limit exceeded"
"43447193_MKT-200_2024-2_2024-10-03","43447193_MKT-200_2024-2","2024-10-03","9","Aprobado","storage limit exceeded"
"32151606_UX-100_2024-2_2024-10-03","32151606_UX-100_2024-2","2024-10-03","10","Aprobado","storage limit exceeded"
"35552454_DAT-101_2024-2_2024-10-03","35552454_DAT-101_2024-2","2024-10-03","1","Desaprobado","storage limit exceeded"
"34998039_NEG-400_2024-2_2024-10-03","34998039_NEG-400_2024-2","2024-10-03","8","Aprobado","storage limit exceeded"
"45941376_UX-100_2024-2_2024-10-03","45941376_UX-100_2024-2","2024-10-03","3","Desaprobado","storage limit exceeded"
"39038900_UX-100_2024-2_2024-10-03","39038900_UX-100_2024-2","2024-10-03","4","Aprobado","storage limit exceeded"
"33665133_GEN-101_2024-2_2024-10-03","33665133_GEN-101_2024-2","2024-10-03","4","Aprobado","storage limit exceeded"
"32099618_GEN-101_2024-2_2024-10-04","32099618_GEN-101_2024-2","2024-10-04","5","Aprobado","storage limit exceeded"
"45256650_UX-100_2024-2_2024-10-04","45256650_UX-100_2024-2","2024-10-04","2","Desaprobado","storage limit exceeded"
"38446695_UX-100_2024-2_2024-10-04","38446695_UX-100_2024-2","2024-10-04","9","Aprobado","storage limit exceeded"
"40988877_DEV-101_2024-2_2024-10-04","40988877_DEV-101_2024-2","2024-10-04","1","Desaprobado","storage limit exceeded"
"37216255_MKT-200_2024-2_2024-10-04","37216255_MKT-200_2024-2","2024-10-04","8","Aprobado","storage limit exceeded"
"33883514_IA-300_2024-2_2024-10-04","33883514_IA-300_2024-2","2024-10-04","7","Aprobado","storage limit exceeded"
"34209869_DEV-101_2024-2_2024-10-05","34209869_DEV-101_2024-2","2024-10-05","10","Aprobado","storage limit exceeded"
"40603350_NEG-400_2024-2_2024-10-05","40603350_NEG-400_2024-2","2024-10-05","5","Aprobado","storage limit exceeded"
"37550168_DAT-201_2024-2_2024-10-05","37550168_DAT-201_2024-2","2024-10-05","8","Aprobado","storage limit exceeded"
"34218122_UX-100_2024-2_2024-10-05","34218122_UX-100_2024-2","2024-10-05","7","Aprobado","storage limit exceeded"
"35810239_DAT-101_2024-2_2024-10-05","35810239_DAT-101_2024-2","2024-10-05","10","Aprobado","storage limit exceeded"
"45417967_GEN-101_2024-2_2024-10-06","45417967_GEN-101_2024-2","2024-10-06","1","Desaprobado","storage limit exceeded"
"44289991_GEN-101_2024-2_2024-10-06","44289991_GEN-101_2024-2","2024-10-06","9","Aprobado","storage limit exceeded"
"32578687_MKT-200_2024-2_2024-10-06","32578687_MKT-200_2024-2","2024-10-06","8","Aprobado","storage limit exceeded"
"31356012_UX-100_2024-2_2024-10-06","31356012_UX-100_2024-2","2024-10-06","8","Aprobado","storage limit exceeded"
"35297114_DAT-201_2024-2_2024-10-06","35297114_DAT-201_2024-2","2024-10-06","1","Desaprobado","storage limit exceeded"
"40578248_IA-300_2024-2_2024-10-06","40578248_IA-300_2024-2","2024-10-06","1","Desaprobado","storage limit exceeded"
"34731502_DEV-101_2024-2_2024-10-06","34731502_DEV-101_2024-2","2024-10-06","3","Desaprobado","storage limit exceeded"
"42740444_DEV-101_2024-2_2024-10-07","42740444_DEV-101_2024-2","2024-10-07","7","Aprobado","storage limit exceeded"
"45320934_NEG-400_2024-2_2024-10-07","45320934_NEG-400_2024-2","2024-10-07","8","Aprobado","storage limit exceeded"
"45878884_UX-100_2024-2_2024-10-07","45878884_UX-100_2024-2","2024-10-07","6","Aprobado","storage limit exceeded"
"40358012_UX-100_2024-2_2024-10-07","40358012_UX-100_2024-2","2024-10-07","4","Aprobado","storage limit exceeded"
"31636346_NEG-400_2024-2_2024-10-07","31636346_NEG-400_2024-2","2024-10-07","3","Desaprobado","storage limit exceeded"
"45609644_DAT-201_2024-2_2024-10-07","45609644_DAT-201_2024-2","2024-10-07","7","Aprobado","storage limit exceeded"
"42727516_UX-100_2024-2_2024-10-07","42727516_UX-100_2024-2","2024-10-07","5","Aprobado","storage limit exceeded"
"37607894_UX-100_2024-2_2024-10-08","37607894_UX-100_2024-2","2024-10-08","4","Aprobado","storage limit exceeded"
"33555444_MKT-200_2024-2_2024-10-08","33555444_MKT-200_2024-2","2024-10-08","5","Aprobado","storage limit exceeded"
"36279807_MKT-200_2024-2_2024-10-08","36279807_MKT-200_2024-2","2024-10-08","8","Aprobado","storage limit exceeded"
"37054065_NEG-400_2024-2_2024-10-08","37054065_NEG-400_2024-2","2024-10-08","3","Desaprobado","storage limit exceeded"
"32659067_NEG-400_2024-2_2024-10-08","32659067_NEG-400_2024-2","2024-10-08","4","Aprobado","storage limit exceeded"
"37179608_DAT-201_2024-2_2024-10-08","37179608_DAT-201_2024-2","2024-10-08","8","Aprobado","storage limit exceeded"
"39839138_MKT-200_2024-2_2024-10-08","39839138_MKT-200_2024-2","2024-10-08","6","Aprobado","storage limit exceeded"
"40727710_GEN-101_2024-2_2024-10-09","40727710_GEN-101_2024-2","2024-10-09","4","Aprobado","storage limit exceeded"
"33037423_DEV-101_2024-2_2024-10-09","33037423_DEV-101_2024-2","2024-10-09","7","Aprobado","storage limit exceeded"
"36794996_NEG-400_2024-2_2024-10-09","36794996_NEG-400_2024-2","2024-10-09","8","Aprobado","storage limit exceeded"
"32033807_MKT-200_2024-2_2024-10-09","32033807_MKT-200_2024-2","2024-10-09","2","Desaprobado","storage limit exceeded"
"33247205_NEG-400_2024-2_2024-10-09","33247205_NEG-400_2024-2","2024-10-09","6","Aprobado","storage limit exceeded"
"37531532_NEG-400_2024-2_2024-10-09","37531532_NEG-400_2024-2","2024-10-09","3","Desaprobado","storage limit exceeded"
"37223015_DAT-201_2024-2_2024-10-10","37223015_DAT-201_2024-2","2024-10-10","8","Aprobado","storage limit exceeded"
"33693959_DEV-101_2024-2_2024-10-10","33693959_DEV-101_2024-2","2024-10-10","1","Desaprobado","storage limit exceeded"
"43767499_IA-300_2024-2_2024-10-10","43767499_IA-300_2024-2","2024-10-10","1","Desaprobado","storage limit exceeded"
"37564736_GEN-101_2024-2_2024-10-10","37564736_GEN-101_2024-2","2024-10-10","9","Aprobado","storage limit exceeded"
"39822223_MKT-200_2024-2_2024-10-10","39822223_MKT-200_2024-2","2024-10-10","7","Aprobado","storage limit exceeded"
"39264124_DAT-101_2024-2_2024-10-10","39264124_DAT-101_2024-2","2024-10-10","5","Aprobado","storage limit exceeded"
"30398761_DAT-101_2024-2_2024-10-10","30398761_DAT-101_2024-2","2024-10-10","3","Desaprobado","storage limit exceeded"
"32349994_IA-300_2024-2_2024-10-10","32349994_IA-300_2024-2","2024-10-10","7","Aprobado","storage limit exceeded"
"37597528_MKT-200_2024-2_2024-10-10","37597528_MKT-200_2024-2","2024-10-10","4","Aprobado","storage limit exceeded"
"45926308_IA-300_2024-2_2024-10-10","45926308_IA-300_2024-2","2024-10-10","1","Desaprobado","storage limit exceeded"
"37268989_NEG-400_2024-2_2024-10-10","37268989_NEG-400_2024-2","2024-10-10","5","Aprobado","storage limit exceeded"
"44870664_DAT-201_2024-2_2024-10-11","44870664_DAT-201_2024-2","2024-10-11","1","Desaprobado","storage limit exceeded"
"34761805_DEV-101_2024-2_2024-10-11","34761805_DEV-101_2024-2","2024-10-11","7","Aprobado","storage limit exceeded"
"44927685_DEV-101_2024-2_2024-10-11","44927685_DEV-101_2024-2","2024-10-11","2","Desaprobado","storage limit exceeded"
"34759191_MKT-200_2024-2_2024-10-11","34759191_MKT-200_2024-2","2024-10-11","2","Desaprobado","storage limit exceeded"
"32901887_DAT-201_2024-2_2024-10-11","32901887_DAT-201_2024-2","2024-10-11","9","Aprobado","storage limit exceeded"
"44492899_NEG-400_2024-2_2024-10-11","44492899_NEG-400_2024-2","2024-10-11","4","Aprobado","storage limit exceeded"
"41511282_DAT-201_2024-2_2024-10-11","41511282_DAT-201_2024-2","2024-10-11","5","Aprobado","storage limit exceeded"
"42826422_NEG-400_2024-2_2024-10-12","42826422_NEG-400_2024-2","2024-10-12","6","Aprobado","storage limit exceeded"
"31404097_DAT-101_2024-2_2024-10-12","31404097_DAT-101_2024-2","2024-10-12","6","Aprobado","storage limit exceeded"
"33109769_DAT-201_2024-2_2024-10-12","33109769_DAT-201_2024-2","2024-10-12","10","Aprobado","storage limit exceeded"
"38600036_MKT-200_2024-2_2024-10-12","38600036_MKT-200_2024-2","2024-10-12","3","Desaprobado","storage limit exceeded"
"42799422_GEN-101_2024-2_2024-10-12","42799422_GEN-101_2024-2","2024-10-12","2","Desaprobado","storage limit exceeded"
"43727225_GEN-101_2024-2_2024-10-12","43727225_GEN-101_2024-2","2024-10-12","9","Aprobado","storage limit exceeded"
"43093166_UX-100_2024-2_2024-10-12","43093166_UX-100_2024-2","2024-10-12","6","Aprobado","storage limit exceeded"
"40579606_DAT-101_2024-2_2024-10-12","40579606_DAT-101_2024-2","2024-10-12","3","Desaprobado","storage limit exceeded"
"35668496_GEN-101_2024-2_2024-10-12","35668496_GEN-101_2024-2","2024-10-12","7","Aprobado","storage limit exceeded"
"44554723_GEN-101_2024-2_2024-10-12","44554723_GEN-101_2024-2","2024-10-12","10","Aprobado","storage limit exceeded"
"44698429_DAT-201_2024-2_2024-10-12","44698429_DAT-201_2024-2","2024-10-12","10","Aprobado","storage limit exceeded"
"32785292_MKT-200_2024-2_2024-10-13","32785292_MKT-200_2024-2","2024-10-13","1","Desaprobado","storage limit exceeded"
"40069107_DAT-201_2024-2_2024-10-13","40069107_DAT-201_2024-2","2024-10-13","7","Aprobado","storage limit exceeded"
"43726508_DAT-101_2024-2_2024-10-13","43726508_DAT-101_2024-2","2024-10-13","9","Aprobado","storage limit exceeded"
"44113409_DAT-201_2024-2_2024-10-13","44113409_DAT-201_2024-2","2024-10-13","10","Aprobado","storage limit exceeded"
"32794495_NEG-400_2024-2_2024-10-13","32794495_NEG-400_2024-2","2024-10-13","9","Aprobado","storage limit exceeded"
"42242735_DEV-101_2024-2_2024-10-13","42242735_DEV-101_2024-2","2024-10-13","3","Desaprobado","storage limit exceeded"
"33898883_IA-300_2024-2_2024-10-13","33898883_IA-300_2024-2","2024-10-13","2","Desaprobado","storage limit exceeded"
"32486624_UX-100_2024-2_2024-10-13","32486624_UX-100_2024-2","2024-10-13","4","Aprobado","storage limit exceeded"
"35023742_DAT-101_2024-2_2024-10-14","35023742_DAT-101_2024-2","2024-10-14","7","Aprobado","storage limit exceeded"
"32443281_DEV-101_2024-2_2024-10-14","32443281_DEV-101_2024-2","2024-10-14","8","Aprobado","storage limit exceeded"
"38526500_MKT-200_2024-2_2024-10-14","38526500_MKT-200_2024-2","2024-10-14","6","Aprobado","storage limit exceeded"
"35854507_DAT-201_2024-2_2024-10-14","35854507_DAT-201_2024-2","2024-10-14","3","Desaprobado","storage limit exceeded"
"44831598_UX-100_2024-2_2024-10-14","44831598_UX-100_2024-2","2024-10-14","7","Aprobado","storage limit exceeded"
"37239130_DAT-101_2024-2_2024-10-14","37239130_DAT-101_2024-2","2024-10-14","6","Aprobado","storage limit exceeded"
"34529542_NEG-400_2024-2_2024-10-14","34529542_NEG-400_2024-2","2024-10-14","10","Aprobado","storage limit exceeded"
"33247205_DEV-101_2024-2_2024-10-14","33247205_DEV-101_2024-2","2024-10-14","3","Desaprobado","storage limit exceeded"
"31442827_DEV-101_2024-2_2024-10-14","31442827_DEV-101_2024-2","2024-10-14","7","Aprobado","storage limit exceeded"
"31399534_GEN-101_2024-2_2024-10-14","31399534_GEN-101_2024-2","2024-10-14","8","Aprobado","storage limit exceeded"
"40993683_DAT-201_2024-2_2024-10-14","40993683_DAT-201_2024-2","2024-10-14","9","Aprobado","storage limit exceeded"
"36470833_GEN-101_2024-2_2024-10-14","36470833_GEN-101_2024-2","2024-10-14","4","Aprobado","storage limit exceeded"
"34801591_MKT-200_2024-2_2024-10-15","34801591_MKT-200_2024-2","2024-10-15","7","Aprobado","storage limit exceeded"
"36847519_MKT-200_2024-2_2024-10-15","36847519_MKT-200_2024-2","2024-10-15","6","Aprobado","storage limit exceeded"
"31800702_DAT-101_2024-2_2024-10-15","31800702_DAT-101_2024-2","2024-10-15","6","Aprobado","storage limit exceeded"
"45116252_DAT-201_2024-2_2024-10-15","45116252_DAT-201_2024-2","2024-10-15","3","Desaprobado","storage limit exceeded"
"39684246_GEN-101_2024-2_2024-10-15","39684246_GEN-101_2024-2","2024-10-15","9","Aprobado","storage limit exceeded"
"38388641_IA-300_2024-2_2024-10-15","38388641_IA-300_2024-2","2024-10-15","3","Desaprobado","storage limit exceeded"
"41235752_UX-100_2024-2_2024-10-15","41235752_UX-100_2024-2","2024-10-15","10","Aprobado","storage limit exceeded"
"37244102_NEG-400_2024-2_2024-10-15","37244102_NEG-400_2024-2","2024-10-15","4","Aprobado","storage limit exceeded"
"34471842_GEN-101_2024-2_2024-10-15","34471842_GEN-101_2024-2","2024-10-15","2","Desaprobado","storage limit exceeded"
"31544603_NEG-400_2024-2_2024-10-15","31544603_NEG-400_2024-2","2024-10-15","10","Aprobado","storage limit exceeded"
"34724187_DAT-101_2024-2_2024-10-16","34724187_DAT-101_2024-2","2024-10-16","1","Desaprobado","storage limit exceeded"
"34146531_UX-100_2024-2_2024-10-16","34146531_UX-100_2024-2","2024-10-16","6","Aprobado","storage limit exceeded"
"36489803_IA-300_2024-2_2024-10-16","36489803_IA-300_2024-2","2024-10-16","1","Desaprobado","storage limit exceeded"
"39734889_DAT-101_2024-2_2024-10-16","39734889_DAT-101_2024-2","2024-10-16","6","Aprobado","storage limit exceeded"
"36456678_UX-100_2024-2_2024-10-17","36456678_UX-100_2024-2","2024-10-17","8","Aprobado","storage limit exceeded"
"39579403_DAT-101_2024-2_2024-10-17","39579403_DAT-101_2024-2","2024-10-17","6","Aprobado","storage limit exceeded"
"35023742_DEV-101_2024-2_2024-10-17","35023742_DEV-101_2024-2","2024-10-17","10","Aprobado","storage limit exceeded"
"38290123_DAT-101_2024-2_2024-10-17","38290123_DAT-101_2024-2","2024-10-17","7","Aprobado","storage limit exceeded"
"45688788_GEN-101_2024-2_2024-10-17","45688788_GEN-101_2024-2","2024-10-17","3","Desaprobado","storage limit exceeded"
"43773004_DEV-101_2024-2_2024-10-17","43773004_DEV-101_2024-2","2024-10-17","6","Aprobado","storage limit exceeded"
"43799230_UX-100_2024-2_2024-10-17","43799230_UX-100_2024-2","2024-10-17","6","Aprobado","storage limit exceeded"
"36746458_DAT-101_2024-2_2024-10-17","36746458_DAT-101_2024-2","2024-10-17","2","Desaprobado","storage limit exceeded"
"34457031_GEN-101_2024-2_2024-10-17","34457031_GEN-101_2024-2","2024-10-17","6","Aprobado","storage limit exceeded"
"33081027_DAT-101_2024-2_2024-10-18","33081027_DAT-101_2024-2","2024-10-18","5","Aprobado","storage limit exceeded"
"42622519_UX-100_2024-2_2024-10-18","42622519_UX-100_2024-2","2024-10-18","7","Aprobado","storage limit exceeded"
"42473169_GEN-101_2024-2_2024-10-18","42473169_GEN-101_2024-2","2024-10-18","4","Aprobado","storage limit exceeded"
"43733466_GEN-101_2024-2_2024-10-18","43733466_GEN-101_2024-2","2024-10-18","9","Aprobado","storage limit exceeded"
"42242735_NEG-400_2024-2_2024-10-18","42242735_NEG-400_2024-2","2024-10-18","5","Aprobado","storage limit exceeded"
"44927685_UX-100_2024-2_2024-10-18","44927685_UX-100_2024-2","2024-10-18","6","Aprobado","storage limit exceeded"
"37706458_DAT-101_2024-2_2024-10-18","37706458_DAT-101_2024-2","2024-10-18","1","Desaprobado","storage limit exceeded"
"31087473_IA-300_2024-2_2024-10-18","31087473_IA-300_2024-2","2024-10-18","6","Aprobado","storage limit exceeded"
"37795993_GEN-101_2024-2_2024-10-18","37795993_GEN-101_2024-2","2024-10-18","1","Desaprobado","storage limit exceeded"
"37564736_NEG-400_2024-2_2024-10-18","37564736_NEG-400_2024-2","2024-10-18","9","Aprobado","storage limit exceeded"
"36161620_GEN-101_2024-2_2024-10-18","36161620_GEN-101_2024-2","2024-10-18","8","Aprobado","storage limit exceeded"
"41473248_MKT-200_2024-2_2024-10-19","41473248_MKT-200_2024-2","2024-10-19","9","Aprobado","storage limit exceeded"
"32120170_GEN-101_2024-2_2024-10-19","32120170_GEN-101_2024-2","2024-10-19","6","Aprobado","storage limit exceeded"
"31453197_GEN-101_2024-2_2024-10-19","31453197_GEN-101_2024-2","2024-10-19","3","Desaprobado","storage limit exceeded"
"31692100_MKT-200_2024-2_2024-10-19","31692100_MKT-200_2024-2","2024-10-19","4","Aprobado","storage limit exceeded"
"30682265_DEV-101_2024-2_2024-10-19","30682265_DEV-101_2024-2","2024-10-19","4","Aprobado","storage limit exceeded"
"41330737_DAT-201_2024-2_2024-10-19","41330737_DAT-201_2024-2","2024-10-19","6","Aprobado","storage limit exceeded"
"38370600_UX-100_2024-2_2024-10-19","38370600_UX-100_2024-2","2024-10-19","5","Aprobado","storage limit exceeded"
"43542005_GEN-101_2024-2_2024-10-19","43542005_GEN-101_2024-2","2024-10-19","1","Desaprobado","storage limit exceeded"
"42760731_IA-300_2024-2_2024-10-19","42760731_IA-300_2024-2","2024-10-19","5","Aprobado","storage limit exceeded"
"32487000_DAT-201_2024-2_2024-10-20","32487000_DAT-201_2024-2","2024-10-20","6","Aprobado","storage limit exceeded"
"34363040_DAT-201_2024-2_2024-10-20","34363040_DAT-201_2024-2","2024-10-20","10","Aprobado","storage limit exceeded"
"37272214_DAT-101_2024-2_2024-10-20","37272214_DAT-101_2024-2","2024-10-20","3","Desaprobado","storage limit exceeded"
"35589315_IA-300_2024-2_2024-10-20","35589315_IA-300_2024-2","2024-10-20","1","Desaprobado","storage limit exceeded"
"43023911_DAT-101_2024-2_2024-10-20","43023911_DAT-101_2024-2","2024-10-20","7","Aprobado","storage limit exceeded"
"37376900_GEN-101_2024-2_2024-10-20","37376900_GEN-101_2024-2","2024-10-20","2","Desaprobado","storage limit exceeded"
"41564993_DAT-201_2024-2_2024-10-20","41564993_DAT-201_2024-2","2024-10-20","10","Aprobado","storage limit exceeded"
"34657279_MKT-200_2024-2_2024-10-20","34657279_MKT-200_2024-2","2024-10-20","5","Aprobado","storage limit exceeded"
"34761805_DAT-201_2024-2_2024-10-21","34761805_DAT-201_2024-2","2024-10-21","3","Desaprobado","storage limit exceeded"
"38485886_DAT-201_2024-2_2024-10-21","38485886_DAT-201_2024-2","2024-10-21","10","Aprobado","storage limit exceeded"
"42936217_UX-100_2024-2_2024-10-21","42936217_UX-100_2024-2","2024-10-21","1","Desaprobado","storage limit exceeded"
"32556008_GEN-101_2024-2_2024-10-21","32556008_GEN-101_2024-2","2024-10-21","3","Desaprobado","storage limit exceeded"
"41765198_MKT-200_2024-2_2024-10-21","41765198_MKT-200_2024-2","2024-10-21","6","Aprobado","storage limit exceeded"
"44910143_UX-100_2024-2_2024-10-21","44910143_UX-100_2024-2","2024-10-21","5","Aprobado","storage limit exceeded"
"34617592_DAT-101_2024-2_2024-10-21","34617592_DAT-101_2024-2","2024-10-21","6","Aprobado","storage limit exceeded"
"40391525_DAT-101_2024-2_2024-10-21","40391525_DAT-101_2024-2","2024-10-21","2","Desaprobado","storage limit exceeded"
"31438742_IA-300_2024-2_2024-10-21","31438742_IA-300_2024-2","2024-10-21","2","Desaprobado","storage limit exceeded"
"34731502_DAT-101_2024-2_2024-10-21","34731502_DAT-101_2024-2","2024-10-21","4","Aprobado","storage limit exceeded"
"45417967_MKT-200_2024-2_2024-10-21","45417967_MKT-200_2024-2","2024-10-21","1","Desaprobado","storage limit exceeded"
"42266843_IA-300_2024-2_2024-10-21","42266843_IA-300_2024-2","2024-10-21","6","Aprobado","storage limit exceeded"
"36016561_MKT-200_2024-2_2024-10-21","36016561_MKT-200_2024-2","2024-10-21","7","Aprobado","storage limit exceeded"
"32864447_DEV-101_2024-2_2024-10-21","32864447_DEV-101_2024-2","2024-10-21","10","Aprobado","storage limit exceeded"
"37216255_MKT-200_2024-2_2024-10-21","37216255_MKT-200_2024-2","2024-10-21","7","Aprobado","storage limit exceeded"
"31356012_MKT-200_2024-2_2024-10-21","31356012_MKT-200_2024-2","2024-10-21","1","Desaprobado","storage limit exceeded"
"45348552_DAT-101_2024-2_2024-10-22","45348552_DAT-101_2024-2","2024-10-22","4","Aprobado","storage limit exceeded"
"31087473_IA-300_2024-2_2024-10-22","31087473_IA-300_2024-2","2024-10-22","1","Desaprobado","storage limit exceeded"
"36839899_DAT-201_2024-2_2024-10-22","36839899_DAT-201_2024-2","2024-10-22","8","Aprobado","storage limit exceeded"
"37495057_DAT-101_2024-2_2024-10-22","37495057_DAT-101_2024-2","2024-10-22","2","Desaprobado","storage limit exceeded"
"37032603_IA-300_2024-2_2024-10-22","37032603_IA-300_2024-2","2024-10-22","2","Desaprobado","storage limit exceeded"
"41944353_IA-300_2024-2_2024-10-22","41944353_IA-300_2024-2","2024-10-22","8","Aprobado","storage limit exceeded"
"45746270_NEG-400_2024-2_2024-10-22","45746270_NEG-400_2024-2","2024-10-22","6","Aprobado","storage limit exceeded"
"39038900_UX-100_2024-2_2024-10-22","39038900_UX-100_2024-2","2024-10-22","5","Aprobado","storage limit exceeded"
"35915007_UX-100_2024-2_2024-10-22","35915007_UX-100_2024-2","2024-10-22","6","Aprobado","storage limit exceeded"
"43990468_IA-300_2024-2_2024-10-22","43990468_IA-300_2024-2","2024-10-22","5","Aprobado","storage limit exceeded"
"39910307_DAT-101_2024-2_2024-10-22","39910307_DAT-101_2024-2","2024-10-22","1","Desaprobado","storage limit exceeded"
"38832034_GEN-101_2024-2_2024-10-22","38832034_GEN-101_2024-2","2024-10-22","1","Desaprobado","storage limit exceeded"
"36456678_DEV-101_2024-2_2024-10-23","36456678_DEV-101_2024-2","2024-10-23","10","Aprobado","storage limit exceeded"
"31581376_DEV-101_2024-2_2024-10-23","31581376_DEV-101_2024-2","2024-10-23","1","Desaprobado","storage limit exceeded"
"41289623_UX-100_2024-2_2024-10-23","41289623_UX-100_2024-2","2024-10-23","7","Aprobado","storage limit exceeded"
"41941216_IA-300_2024-2_2024-10-23","41941216_IA-300_2024-2","2024-10-23","4","Aprobado","storage limit exceeded"
"37663002_DEV-101_2024-2_2024-10-23","37663002_DEV-101_2024-2","2024-10-23","5","Aprobado","storage limit exceeded"
"34759191_DEV-101_2024-2_2024-10-23","34759191_DEV-101_2024-2","2024-10-23","5","Aprobado","storage limit exceeded"
"40965886_DAT-101_2024-2_2024-10-23","40965886_DAT-101_2024-2","2024-10-23","6","Aprobado","storage limit exceeded"
"41453617_DAT-201_2024-2_2024-10-23","41453617_DAT-201_2024-2","2024-10-23","6","Aprobado","storage limit exceeded"
"33730130_NEG-400_2024-2_2024-10-23","33730130_NEG-400_2024-2","2024-10-23","10","Aprobado","storage limit exceeded"
"32349994_GEN-101_2024-2_2024-10-23","32349994_GEN-101_2024-2","2024-10-23","7","Aprobado","storage limit exceeded"
"32811654_MKT-200_2024-2_2024-10-23","32811654_MKT-200_2024-2","2024-10-23","6","Aprobado","storage limit exceeded"
"35961291_DEV-101_2024-2_2024-10-23","35961291_DEV-101_2024-2","2024-10-23","8","Aprobado","storage limit exceeded"
"32443281_DEV-101_2024-2_2024-10-24","32443281_DEV-101_2024-2","2024-10-24","6","Aprobado","storage limit exceeded"
"38443830_IA-300_2024-2_2024-10-24","38443830_IA-300_2024-2","2024-10-24","8","Aprobado","storage limit exceeded"
"31599603_GEN-101_2024-2_2024-10-24","31599603_GEN-101_2024-2","2024-10-24","9","Aprobado","storage limit exceeded"
"41702335_MKT-200_2024-2_2024-10-24","41702335_MKT-200_2024-2","2024-10-24","6","Aprobado","storage limit exceeded"
"44900640_NEG-400_2024-2_2024-10-24","44900640_NEG-400_2024-2","2024-10-24","2","Desaprobado","storage limit exceeded"
"34250668_MKT-200_2024-2_2024-10-24","34250668_MKT-200_2024-2","2024-10-24","6","Aprobado","storage limit exceeded"
"37856329_GEN-101_2024-2_2024-10-25","37856329_GEN-101_2024-2","2024-10-25","7","Aprobado","storage limit exceeded"
"32152121_UX-100_2024-2_2024-10-25","32152121_UX-100_2024-2","2024-10-25","5","Aprobado","storage limit exceeded"
"42622519_IA-300_2024-2_2024-10-25","42622519_IA-300_2024-2","2024-10-25","5","Aprobado","storage limit exceeded"
"37478367_MKT-200_2024-2_2024-10-25","37478367_MKT-200_2024-2","2024-10-25","9","Aprobado","storage limit exceeded"
"39110609_GEN-101_2024-2_2024-10-25","39110609_GEN-101_2024-2","2024-10-25","6","Aprobado","storage limit exceeded"
"44067426_NEG-400_2024-2_2024-10-25","44067426_NEG-400_2024-2","2024-10-25","2","Desaprobado","storage limit exceeded"
"39910307_UX-100_2024-2_2024-10-25","39910307_UX-100_2024-2","2024-10-25","5","Aprobado","storage limit exceeded"
"38388641_DAT-201_2024-2_2024-10-25","38388641_DAT-201_2024-2","2024-10-25","6","Aprobado","storage limit exceeded"
"38600036_MKT-200_2024-2_2024-10-25","38600036_MKT-200_2024-2","2024-10-25","10","Aprobado","storage limit exceeded"
"42740444_DAT-201_2024-2_2024-10-26","42740444_DAT-201_2024-2","2024-10-26","4","Aprobado","storage limit exceeded"
"45419935_IA-300_2024-2_2024-10-26","45419935_IA-300_2024-2","2024-10-26","5","Aprobado","storage limit exceeded"
"45383156_UX-100_2024-2_2024-10-26","45383156_UX-100_2024-2","2024-10-26","8","Aprobado","storage limit exceeded"
"38082801_MKT-200_2024-2_2024-10-26","38082801_MKT-200_2024-2","2024-10-26","7","Aprobado","storage limit exceeded"
"31770202_DAT-101_2024-2_2024-10-26","31770202_DAT-101_2024-2","2024-10-26","8","Aprobado","storage limit exceeded"
"35824110_NEG-400_2024-2_2024-10-26","35824110_NEG-400_2024-2","2024-10-26","4","Aprobado","storage limit exceeded"
"31922848_GEN-101_2024-2_2024-10-26","31922848_GEN-101_2024-2","2024-10-26","3","Desaprobado","storage limit exceeded"
"44441151_MKT-200_2024-2_2024-10-26","44441151_MKT-200_2024-2","2024-10-26","6","Aprobado","storage limit exceeded"
"42124538_MKT-200_2024-2_2024-10-26","42124538_MKT-200_2024-2","2024-10-26","8","Aprobado","storage limit exceeded"
"35915600_GEN-101_2024-2_2024-10-26","35915600_GEN-101_2024-2","2024-10-26","5","Aprobado","storage limit exceeded"
"32855448_NEG-400_2024-2_2024-10-26","32855448_NEG-400_2024-2","2024-10-26","8","Aprobado","storage limit exceeded"
"42613265_GEN-101_2024-2_2024-10-27","42613265_GEN-101_2024-2","2024-10-27","8","Aprobado","storage limit exceeded"
"37179608_DAT-201_2024-2_2024-10-27","37179608_DAT-201_2024-2","2024-10-27","4","Aprobado","storage limit exceeded"
"41607939_DEV-101_2024-2_2024-10-27","41607939_DEV-101_2024-2","2024-10-27","6","Aprobado","storage limit exceeded"
"35668496_IA-300_2024-2_2024-10-27","35668496_IA-300_2024-2","2024-10-27","5","Aprobado","storage limit exceeded"
"41126806_GEN-101_2024-2_2024-10-28","41126806_GEN-101_2024-2","2024-10-28","10","Aprobado","storage limit exceeded"
"38223982_GEN-101_2024-2_2024-10-28","38223982_GEN-101_2024-2","2024-10-28","7","Aprobado","storage limit exceeded"
"30808302_GEN-101_2024-2_2024-10-28","30808302_GEN-101_2024-2","2024-10-28","5","Aprobado","storage limit exceeded"
"41453617_NEG-400_2024-2_2024-10-28","41453617_NEG-400_2024-2","2024-10-28","6","Aprobado","storage limit exceeded"
"33212131_MKT-200_2024-2_2024-10-28","33212131_MKT-200_2024-2","2024-10-28","5","Aprobado","storage limit exceeded"
"42789411_IA-300_2024-2_2024-10-28","42789411_IA-300_2024-2","2024-10-28","7","Aprobado","storage limit exceeded"
"44370456_NEG-400_2024-2_2024-10-28","44370456_NEG-400_2024-2","2024-10-28","2","Desaprobado","storage limit exceeded"
"42305779_GEN-101_2024-2_2024-10-29","42305779_GEN-101_2024-2","2024-10-29","3","Desaprobado","storage limit exceeded"
"35569822_DAT-201_2024-2_2024-10-29","35569822_DAT-201_2024-2","2024-10-29","3","Desaprobado","storage limit exceeded"
"39353079_UX-100_2024-2_2024-10-29","39353079_UX-100_2024-2","2024-10-29","5","Aprobado","storage limit exceeded"
"33567445_GEN-101_2024-2_2024-10-29","33567445_GEN-101_2024-2","2024-10-29","8","Aprobado","storage limit exceeded"
"41291663_DAT-201_2024-2_2024-10-29","41291663_DAT-201_2024-2","2024-10-29","3","Desaprobado","storage limit exceeded"
"41886872_DAT-101_2024-2_2024-10-30","41886872_DAT-101_2024-2","2024-10-30","5","Aprobado","storage limit exceeded"
"38290265_NEG-400_2024-2_2024-10-30","38290265_NEG-400_2024-2","2024-10-30","10","Aprobado","storage limit exceeded"
"45147679_MKT-200_2024-2_2024-10-30","45147679_MKT-200_2024-2","2024-10-30","5","Aprobado","storage limit exceeded"
"33601032_NEG-400_2024-2_2024-10-30","33601032_NEG-400_2024-2","2024-10-30","5","Aprobado","storage limit exceeded"
"34543225_IA-300_2024-2_2024-10-30","34543225_IA-300_2024-2","2024-10-30","8","Aprobado","storage limit exceeded"
"43947996_DAT-101_2024-2_2024-10-30","43947996_DAT-101_2024-2","2024-10-30","1","Desaprobado","storage limit exceeded"
"42419781_NEG-400_2024-2_2024-10-30","42419781_NEG-400_2024-2","2024-10-30","6","Aprobado","storage limit exceeded"
"35975020_MKT-200_2024-2_2024-10-30","35975020_MKT-200_2024-2","2024-10-30","10","Aprobado","storage limit exceeded"
"44506499_IA-300_2024-2_2024-10-30","44506499_IA-300_2024-2","2024-10-30","7","Aprobado","storage limit exceeded"
"45908118_GEN-101_2024-2_2024-10-30","45908118_GEN-101_2024-2","2024-10-30","6","Aprobado","storage limit exceeded"
"42321650_DAT-101_2024-2_2024-10-30","42321650_DAT-101_2024-2","2024-10-30","10","Aprobado","storage limit exceeded"
"43777501_GEN-101_2024-2_2024-10-31","43777501_GEN-101_2024-2","2024-10-31","7","Aprobado","storage limit exceeded"
"44765173_GEN-101_2024-2_2024-10-31","44765173_GEN-101_2024-2","2024-10-31","5","Aprobado","storage limit exceeded"
"41134242_GEN-101_2024-2_2024-10-31","41134242_GEN-101_2024-2","2024-10-31","1","Desaprobado","storage limit exceeded"
"39749714_IA-300_2024-2_2024-10-31","39749714_IA-300_2024-2","2024-10-31","4","Aprobado","storage limit exceeded"
"45685363_DAT-201_2024-2_2024-11-01","45685363_DAT-201_2024-2","2024-11-01","2","Desaprobado","storage limit exceeded"
"36377876_NEG-400_2024-2_2024-11-01","36377876_NEG-400_2024-2","2024-11-01","2","Desaprobado","storage limit exceeded"
"45594124_DAT-201_2024-2_2024-11-01","45594124_DAT-201_2024-2","2024-11-01","8","Aprobado","storage limit exceeded"
"36948146_GEN-101_2024-2_2024-11-01","36948146_GEN-101_2024-2","2024-11-01","2","Desaprobado","storage limit exceeded"
"42677307_DEV-101_2024-2_2024-11-01","42677307_DEV-101_2024-2","2024-11-01","7","Aprobado","storage limit exceeded"
"38567788_DEV-101_2024-2_2024-11-01","38567788_DEV-101_2024-2","2024-11-01","1","Desaprobado","storage limit exceeded"
"39260956_NEG-400_2024-2_2024-11-01","39260956_NEG-400_2024-2","2024-11-01","9","Aprobado","storage limit exceeded"
"36501353_MKT-200_2024-2_2024-11-01","36501353_MKT-200_2024-2","2024-11-01","8","Aprobado","storage limit exceeded"
"43010564_IA-300_2024-2_2024-11-01","43010564_IA-300_2024-2","2024-11-01","2","Desaprobado","storage limit exceeded"
"44289991_NEG-400_2024-2_2024-11-02","44289991_NEG-400_2024-2","2024-11-02","4","Aprobado","storage limit exceeded"
"42706367_DAT-201_2024-2_2024-11-02","42706367_DAT-201_2024-2","2024-11-02","1","Desaprobado","storage limit exceeded"
"30716676_NEG-400_2024-2_2024-11-02","30716676_NEG-400_2024-2","2024-11-02","8","Aprobado","storage limit exceeded"
"35031297_NEG-400_2024-2_2024-11-02","35031297_NEG-400_2024-2","2024-11-02","4","Aprobado","storage limit exceeded"
"30808302_MKT-200_2024-2_2024-11-03","30808302_MKT-200_2024-2","2024-11-03","9","Aprobado","storage limit exceeded"
"36867908_GEN-101_2024-2_2024-11-03","36867908_GEN-101_2024-2","2024-11-03","2","Desaprobado","storage limit exceeded"
"41728313_GEN-101_2024-2_2024-11-03","41728313_GEN-101_2024-2","2024-11-03","9","Aprobado","storage limit exceeded"
"31178906_GEN-101_2024-2_2024-11-03","31178906_GEN-101_2024-2","2024-11-03","9","Aprobado","storage limit exceeded"
"39605597_DEV-101_2024-2_2024-11-03","39605597_DEV-101_2024-2","2024-11-03","2","Desaprobado","storage limit exceeded"
"36031653_IA-300_2024-2_2024-11-03","36031653_IA-300_2024-2","2024-11-03","5","Aprobado","storage limit exceeded"
"43062304_DEV-101_2024-2_2024-11-03","43062304_DEV-101_2024-2","2024-11-03","1","Desaprobado","storage limit exceeded"
"31263287_IA-300_2024-2_2024-11-04","31263287_IA-300_2024-2","2024-11-04","6","Aprobado","storage limit exceeded"
"45365573_IA-300_2024-2_2024-11-04","45365573_IA-300_2024-2","2024-11-04","3","Desaprobado","storage limit exceeded"
"30413264_UX-100_2024-2_2024-11-04","30413264_UX-100_2024-2","2024-11-04","7","Aprobado","storage limit exceeded"
"41291663_DAT-201_2024-2_2024-11-04","41291663_DAT-201_2024-2","2024-11-04","5","Aprobado","storage limit exceeded"
"34636803_DAT-201_2024-2_2024-11-04","34636803_DAT-201_2024-2","2024-11-04","1","Desaprobado","storage limit exceeded"
"43243328_DAT-101_2024-2_2024-11-05","43243328_DAT-101_2024-2","2024-11-05","3","Desaprobado","storage limit exceeded"
"32416248_MKT-200_2024-2_2024-11-05","32416248_MKT-200_2024-2","2024-11-05","9","Aprobado","storage limit exceeded"
"43948943_MKT-200_2024-2_2024-11-05","43948943_MKT-200_2024-2","2024-11-05","8","Aprobado","storage limit exceeded"
"34572098_GEN-101_2024-2_2024-11-05","34572098_GEN-101_2024-2","2024-11-05","2","Desaprobado","storage limit exceeded"
"34446593_GEN-101_2024-2_2024-11-05","34446593_GEN-101_2024-2","2024-11-05","2","Desaprobado","storage limit exceeded"
"33460388_GEN-101_2024-2_2024-11-05","33460388_GEN-101_2024-2","2024-11-05","6","Aprobado","storage limit exceeded"
"33693770_UX-100_2024-2_2024-11-05","33693770_UX-100_2024-2","2024-11-05","6","Aprobado","storage limit exceeded"
"45426738_DAT-201_2024-2_2024-11-06","45426738_DAT-201_2024-2","2024-11-06","4","Aprobado","storage limit exceeded"
"32180590_DAT-101_2024-2_2024-11-06","32180590_DAT-101_2024-2","2024-11-06","10","Aprobado","storage limit exceeded"
"37222211_UX-100_2024-2_2024-11-06","37222211_UX-100_2024-2","2024-11-06","2","Desaprobado","storage limit exceeded"
"45128829_MKT-200_2024-2_2024-11-06","45128829_MKT-200_2024-2","2024-11-06","6","Aprobado","storage limit exceeded"
"38866674_GEN-101_2024-2_2024-11-06","38866674_GEN-101_2024-2","2024-11-06","6","Aprobado","storage limit exceeded"
"45303367_DEV-101_2024-2_2024-11-06","45303367_DEV-101_2024-2","2024-11-06","4","Aprobado","storage limit exceeded"
"42974553_UX-100_2024-2_2024-11-06","42974553_UX-100_2024-2","2024-11-06","8","Aprobado","storage limit exceeded"
"30300658_IA-300_2024-2_2024-11-06","30300658_IA-300_2024-2","2024-11-06","9","Aprobado","storage limit exceeded"
"39515864_IA-300_2024-2_2024-11-06","39515864_IA-300_2024-2","2024-11-06","4","Aprobado","storage limit exceeded"
"43362081_NEG-400_2024-2_2024-11-06","43362081_NEG-400_2024-2","2024-11-06","6","Aprobado","storage limit exceeded"
"41003214_DAT-101_2024-2_2024-11-07","41003214_DAT-101_2024-2","2024-11-07","2","Desaprobado","storage limit exceeded"
"41938150_UX-100_2024-2_2024-11-07","41938150_UX-100_2024-2","2024-11-07","2","Desaprobado","storage limit exceeded"
"35471829_DEV-101_2024-2_2024-11-07","35471829_DEV-101_2024-2","2024-11-07","6","Aprobado","storage limit exceeded"
"30413264_DAT-101_2024-2_2024-11-07","30413264_DAT-101_2024-2","2024-11-07","6","Aprobado","storage limit exceeded"
"35409911_DEV-101_2024-2_2024-11-07","35409911_DEV-101_2024-2","2024-11-07","5","Aprobado","storage limit exceeded"
"43710760_DAT-201_2024-2_2024-11-07","43710760_DAT-201_2024-2","2024-11-07","2","Desaprobado","storage limit exceeded"
"31554768_DAT-201_2024-2_2024-11-07","31554768_DAT-201_2024-2","2024-11-07","2","Desaprobado","storage limit exceeded"
"39451059_NEG-400_2024-2_2024-11-07","39451059_NEG-400_2024-2","2024-11-07","3","Desaprobado","storage limit exceeded"
"37513790_IA-300_2024-2_2024-11-07","37513790_IA-300_2024-2","2024-11-07","8","Aprobado","storage limit exceeded"
"36907787_NEG-400_2024-2_2024-11-07","36907787_NEG-400_2024-2","2024-11-07","3","Desaprobado","storage limit exceeded"
"43914297_DAT-201_2024-2_2024-11-07","43914297_DAT-201_2024-2","2024-11-07","7","Aprobado","storage limit exceeded"
"32556008_DAT-101_2024-2_2024-11-07","32556008_DAT-101_2024-2","2024-11-07","3","Desaprobado","storage limit exceeded"
"31178906_DEV-101_2024-2_2024-11-07","31178906_DEV-101_2024-2","2024-11-07","8","Aprobado","storage limit exceeded"
"35023742_DAT-101_2024-2_2024-11-07","35023742_DAT-101_2024-2","2024-11-07","5","Aprobado","storage limit exceeded"
"31356012_MKT-200_2024-2_2024-11-08","31356012_MKT-200_2024-2","2024-11-08","1","Desaprobado","storage limit exceeded"
"45055136_MKT-200_2024-2_2024-11-08","45055136_MKT-200_2024-2","2024-11-08","10","Aprobado","storage limit exceeded"
"31636346_GEN-101_2024-2_2024-11-08","31636346_GEN-101_2024-2","2024-11-08","2","Desaprobado","storage limit exceeded"
"36187665_IA-300_2024-2_2024-11-08","36187665_IA-300_2024-2","2024-11-08","2","Desaprobado","storage limit exceeded"
"38314294_IA-300_2024-2_2024-11-08","38314294_IA-300_2024-2","2024-11-08","8","Aprobado","storage limit exceeded"
"30126752_DAT-201_2024-2_2024-11-08","30126752_DAT-201_2024-2","2024-11-08","8","Aprobado","storage limit exceeded"
"45303367_NEG-400_2024-2_2024-11-09","45303367_NEG-400_2024-2","2024-11-09","4","Aprobado","storage limit exceeded"
"45801274_MKT-200_2024-2_2024-11-09","45801274_MKT-200_2024-2","2024-11-09","10","Aprobado","storage limit exceeded"
"36725023_DEV-101_2024-2_2024-11-09","36725023_DEV-101_2024-2","2024-11-09","8","Aprobado","storage limit exceeded"
"36161620_DAT-201_2024-2_2024-11-09","36161620_DAT-201_2024-2","2024-11-09","2","Desaprobado","storage limit exceeded"
"44927685_MKT-200_2024-2_2024-11-09","44927685_MKT-200_2024-2","2024-11-09","6","Aprobado","storage limit exceeded"
"37026116_GEN-101_2024-2_2024-11-09","37026116_GEN-101_2024-2","2024-11-09","9","Aprobado","storage limit exceeded"
"30894734_NEG-400_2024-2_2024-11-09","30894734_NEG-400_2024-2","2024-11-09","7","Aprobado","storage limit exceeded"
"30757580_NEG-400_2024-2_2024-11-09","30757580_NEG-400_2024-2","2024-11-09","10","Aprobado","storage limit exceeded"
"43554211_UX-100_2024-2_2024-11-09","43554211_UX-100_2024-2","2024-11-09","6","Aprobado","storage limit exceeded"
"38282799_GEN-101_2024-2_2024-11-09","38282799_GEN-101_2024-2","2024-11-09","3","Desaprobado","storage limit exceeded"
"44654200_DAT-201_2024-2_2024-11-09","44654200_DAT-201_2024-2","2024-11-09","10","Aprobado","storage limit exceeded"
"45840080_GEN-101_2024-2_2024-11-09","45840080_GEN-101_2024-2","2024-11-09","2","Desaprobado","storage limit exceeded"
"30619113_NEG-400_2024-2_2024-11-09","30619113_NEG-400_2024-2","2024-11-09","7","Aprobado","storage limit exceeded"
"43904609_DAT-101_2024-2_2024-11-10","43904609_DAT-101_2024-2","2024-11-10","6","Aprobado","storage limit exceeded"
"34343777_NEG-400_2024-2_2024-11-10","34343777_NEG-400_2024-2","2024-11-10","4","Aprobado","storage limit exceeded"
"40105729_MKT-200_2024-2_2024-11-10","40105729_MKT-200_2024-2","2024-11-10","3","Desaprobado","storage limit exceeded"
"44456279_IA-300_2024-2_2024-11-10","44456279_IA-300_2024-2","2024-11-10","9","Aprobado","storage limit exceeded"
"31271467_MKT-200_2024-2_2024-11-11","31271467_MKT-200_2024-2","2024-11-11","5","Aprobado","storage limit exceeded"
"31263287_IA-300_2024-2_2024-11-11","31263287_IA-300_2024-2","2024-11-11","7","Aprobado","storage limit exceeded"
"41570701_IA-300_2024-2_2024-11-11","41570701_IA-300_2024-2","2024-11-11","2","Desaprobado","storage limit exceeded"
"37564736_MKT-200_2024-2_2024-11-11","37564736_MKT-200_2024-2","2024-11-11","9","Aprobado","storage limit exceeded"
"32480053_DAT-201_2024-2_2024-11-11","32480053_DAT-201_2024-2","2024-11-11","1","Desaprobado","storage limit exceeded"
"35589315_UX-100_2024-2_2024-11-11","35589315_UX-100_2024-2","2024-11-11","7","Aprobado","storage limit exceeded"
"42253635_UX-100_2024-2_2024-11-11","42253635_UX-100_2024-2","2024-11-11","9","Aprobado","storage limit exceeded"
"36906085_DEV-101_2024-2_2024-11-12","36906085_DEV-101_2024-2","2024-11-12","9","Aprobado","storage limit exceeded"
"44886400_DAT-201_2024-2_2024-11-12","44886400_DAT-201_2024-2","2024-11-12","6","Aprobado","storage limit exceeded"
"34998039_NEG-400_2024-2_2024-11-12","34998039_NEG-400_2024-2","2024-11-12","4","Aprobado","storage limit exceeded"
"39921380_DAT-201_2024-2_2024-11-12","39921380_DAT-201_2024-2","2024-11-12","3","Desaprobado","storage limit exceeded"
"32096884_DAT-201_2024-2_2024-11-12","32096884_DAT-201_2024-2","2024-11-12","9","Aprobado","storage limit exceeded"
"32028899_DEV-101_2024-2_2024-11-12","32028899_DEV-101_2024-2","2024-11-12","4","Aprobado","storage limit exceeded"
"45670602_GEN-101_2024-2_2024-11-12","45670602_GEN-101_2024-2","2024-11-12","10","Aprobado","storage limit exceeded"
"43864775_DAT-201_2024-2_2024-11-12","43864775_DAT-201_2024-2","2024-11-12","7","Aprobado","storage limit exceeded"
"39371126_DAT-101_2024-2_2024-11-13","39371126_DAT-101_2024-2","2024-11-13","3","Desaprobado","storage limit exceeded"
"30370016_MKT-200_2024-2_2024-11-13","30370016_MKT-200_2024-2","2024-11-13","7","Aprobado","storage limit exceeded"
"30300948_MKT-200_2024-2_2024-11-13","30300948_MKT-200_2024-2","2024-11-13","9","Aprobado","storage limit exceeded"
"30469731_IA-300_2024-2_2024-11-13","30469731_IA-300_2024-2","2024-11-13","6","Aprobado","storage limit exceeded"
"36537106_MKT-200_2024-2_2024-11-14","36537106_MKT-200_2024-2","2024-11-14","3","Desaprobado","storage limit exceeded"
"36083652_DAT-201_2024-2_2024-11-14","36083652_DAT-201_2024-2","2024-11-14","4","Aprobado","storage limit exceeded"
"30898022_UX-100_2024-2_2024-11-14","30898022_UX-100_2024-2","2024-11-14","3","Desaprobado","storage limit exceeded"
"44904880_DEV-101_2024-2_2024-11-14","44904880_DEV-101_2024-2","2024-11-14","9","Aprobado","storage limit exceeded"
"32200927_MKT-200_2024-2_2024-11-14","32200927_MKT-200_2024-2","2024-11-14","2","Desaprobado","storage limit exceeded"
"32085812_DAT-201_2024-2_2024-11-14","32085812_DAT-201_2024-2","2024-11-14","10","Aprobado","storage limit exceeded"
"41150046_DAT-201_2024-2_2024-11-14","41150046_DAT-201_2024-2","2024-11-14","3","Desaprobado","storage limit exceeded"
"45130131_GEN-101_2024-2_2024-11-14","45130131_GEN-101_2024-2","2024-11-14","2","Desaprobado","storage limit exceeded"
"31271467_NEG-400_2024-2_2024-11-14","31271467_NEG-400_2024-2","2024-11-14","10","Aprobado","storage limit exceeded"
"36651921_UX-100_2024-2_2024-11-14","36651921_UX-100_2024-2","2024-11-14","4","Aprobado","storage limit exceeded"
"43947996_UX-100_2024-2_2024-11-14","43947996_UX-100_2024-2","2024-11-14","7","Aprobado","storage limit exceeded"
"39924190_DAT-101_2024-2_2024-11-15","39924190_DAT-101_2024-2","2024-11-15","3","Desaprobado","storage limit exceeded"
"37275248_DAT-201_2024-2_2024-11-15","37275248_DAT-201_2024-2","2024-11-15","10","Aprobado","storage limit exceeded"
"37915491_MKT-200_2024-2_2024-11-15","37915491_MKT-200_2024-2","2024-11-15","3","Desaprobado","storage limit exceeded"
"39749714_UX-100_2024-2_2024-11-15","39749714_UX-100_2024-2","2024-11-15","5","Aprobado","storage limit exceeded"
"45385368_NEG-400_2024-2_2024-11-15","45385368_NEG-400_2024-2","2024-11-15","5","Aprobado","storage limit exceeded"
"34207249_IA-300_2024-2_2024-11-15","34207249_IA-300_2024-2","2024-11-15","8","Aprobado","storage limit exceeded"
"43029052_GEN-101_2024-2_2024-11-15","43029052_GEN-101_2024-2","2024-11-15","10","Aprobado","storage limit exceeded"
"32369229_UX-100_2024-2_2024-11-15","32369229_UX-100_2024-2","2024-11-15","10","Aprobado","storage limit exceeded"
"32308961_DAT-101_2024-2_2024-11-15","32308961_DAT-101_2024-2","2024-11-15","1","Desaprobado","storage limit exceeded"
"34446593_UX-100_2024-2_2024-11-15","34446593_UX-100_2024-2","2024-11-15","7","Aprobado","storage limit exceeded"
"45147679_DAT-201_2024-2_2024-11-15","45147679_DAT-201_2024-2","2024-11-15","7","Aprobado","storage limit exceeded"
"32480053_MKT-200_2024-2_2024-11-16","32480053_MKT-200_2024-2","2024-11-16","5","Aprobado","storage limit exceeded"
"42221418_UX-100_2024-2_2024-11-16","42221418_UX-100_2024-2","2024-11-16","2","Desaprobado","storage limit exceeded"
"36380821_DAT-101_2024-2_2024-11-16","36380821_DAT-101_2024-2","2024-11-16","6","Aprobado","storage limit exceeded"
"32160000_IA-300_2024-2_2024-11-16","32160000_IA-300_2024-2","2024-11-16","4","Aprobado","storage limit exceeded"
"30089193_MKT-200_2024-2_2024-11-16","30089193_MKT-200_2024-2","2024-11-16","8","Aprobado","storage limit exceeded"
"35718936_DAT-101_2024-2_2024-11-17","35718936_DAT-101_2024-2","2024-11-17","9","Aprobado","storage limit exceeded"
"37678418_MKT-200_2024-2_2024-11-17","37678418_MKT-200_2024-2","2024-11-17","2","Desaprobado","storage limit exceeded"
"37012198_NEG-400_2024-2_2024-11-17","37012198_NEG-400_2024-2","2024-11-17","6","Aprobado","storage limit exceeded"
"38542906_DEV-101_2024-2_2024-11-17","38542906_DEV-101_2024-2","2024-11-17","2","Desaprobado","storage limit exceeded"
"44412440_DAT-101_2024-2_2024-11-17","44412440_DAT-101_2024-2","2024-11-17","4","Aprobado","storage limit exceeded"
"43062304_MKT-200_2024-2_2024-11-17","43062304_MKT-200_2024-2","2024-11-17","2","Desaprobado","storage limit exceeded"
"43802935_DEV-101_2024-2_2024-11-17","43802935_DEV-101_2024-2","2024-11-17","9","Aprobado","storage limit exceeded"
"42826422_MKT-200_2024-2_2024-11-18","42826422_MKT-200_2024-2","2024-11-18","10","Aprobado","storage limit exceeded"
"41511282_DEV-101_2024-2_2024-11-18","41511282_DEV-101_2024-2","2024-11-18","9","Aprobado","storage limit exceeded"
"40358012_NEG-400_2024-2_2024-11-18","40358012_NEG-400_2024-2","2024-11-18","9","Aprobado","storage limit exceeded"
"35810239_DAT-201_2024-2_2024-11-18","35810239_DAT-201_2024-2","2024-11-18","5","Aprobado","storage limit exceeded"
"32556008_UX-100_2024-2_2024-11-18","32556008_UX-100_2024-2","2024-11-18","2","Desaprobado","storage limit exceeded"
"34758464_MKT-200_2024-2_2024-11-18","34758464_MKT-200_2024-2","2024-11-18","1","Desaprobado","storage limit exceeded"
"33693959_NEG-400_2024-2_2024-11-19","33693959_NEG-400_2024-2","2024-11-19","4","Aprobado","storage limit exceeded"
"38129607_DAT-101_2024-2_2024-11-19","38129607_DAT-101_2024-2","2024-11-19","4","Aprobado","storage limit exceeded"
"37080082_NEG-400_2024-2_2024-11-19","37080082_NEG-400_2024-2","2024-11-19","8","Aprobado","storage limit exceeded"
"37253616_UX-100_2024-2_2024-11-19","37253616_UX-100_2024-2","2024-11-19","2","Desaprobado","storage limit exceeded"
"45170259_DAT-201_2024-2_2024-11-19","45170259_DAT-201_2024-2","2024-11-19","10","Aprobado","storage limit exceeded"
"41824986_DEV-101_2024-2_2024-11-19","41824986_DEV-101_2024-2","2024-11-19","3","Desaprobado","storage limit exceeded"
"40626532_DAT-201_2024-2_2024-11-19","40626532_DAT-201_2024-2","2024-11-19","7","Aprobado","storage limit exceeded"
"36377876_NEG-400_2024-2_2024-11-19","36377876_NEG-400_2024-2","2024-11-19","8","Aprobado","storage limit exceeded"
"42826422_IA-300_2024-2_2024-11-19","42826422_IA-300_2024-2","2024-11-19","10","Aprobado","storage limit exceeded"
"37604035_MKT-200_2024-2_2024-11-19","37604035_MKT-200_2024-2","2024-11-19","4","Aprobado","storage limit exceeded"
"34077479_UX-100_2024-2_2024-11-19","34077479_UX-100_2024-2","2024-11-19","9","Aprobado","storage limit exceeded"
"34218122_DAT-101_2024-2_2024-11-20","34218122_DAT-101_2024-2","2024-11-20","7","Aprobado","storage limit exceeded"
"36098117_IA-300_2024-2_2024-11-20","36098117_IA-300_2024-2","2024-11-20","10","Aprobado","storage limit exceeded"
"42789411_NEG-400_2024-2_2024-11-20","42789411_NEG-400_2024-2","2024-11-20","2","Desaprobado","storage limit exceeded"
"44870664_DAT-101_2024-2_2024-11-20","44870664_DAT-101_2024-2","2024-11-20","3","Desaprobado","storage limit exceeded"
"42221418_UX-100_2024-2_2024-11-21","42221418_UX-100_2024-2","2024-11-21","1","Desaprobado","storage limit exceeded"
"40988877_DEV-101_2024-2_2024-11-21","40988877_DEV-101_2024-2","2024-11-21","6","Aprobado","storage limit exceeded"
"39129106_DAT-101_2024-2_2024-11-21","39129106_DAT-101_2024-2","2024-11-21","3","Desaprobado","storage limit exceeded"
"35891432_DAT-101_2024-2_2024-11-21","35891432_DAT-101_2024-2","2024-11-21","8","Aprobado","storage limit exceeded"
"36847519_GEN-101_2024-2_2024-11-21","36847519_GEN-101_2024-2","2024-11-21","1","Desaprobado","storage limit exceeded"
"31723879_MKT-200_2024-2_2024-11-21","31723879_MKT-200_2024-2","2024-11-21","2","Desaprobado","storage limit exceeded"
"31087473_UX-100_2024-2_2024-11-21","31087473_UX-100_2024-2","2024-11-21","8","Aprobado","storage limit exceeded"
"33076159_DAT-201_2024-2_2024-11-21","33076159_DAT-201_2024-2","2024-11-21","7","Aprobado","storage limit exceeded"
"33693959_DAT-201_2024-2_2024-11-21","33693959_DAT-201_2024-2","2024-11-21","3","Desaprobado","storage limit exceeded"
"32160000_DAT-201_2024-2_2024-11-21","32160000_DAT-201_2024-2","2024-11-21","8","Aprobado","storage limit exceeded"
"42331291_DEV-101_2024-2_2024-11-21","42331291_DEV-101_2024-2","2024-11-21","4","Aprobado","storage limit exceeded"
"41597245_NEG-400_2024-2_2024-11-22","41597245_NEG-400_2024-2","2024-11-22","9","Aprobado","storage limit exceeded"
"41950086_DAT-101_2024-2_2024-11-22","41950086_DAT-101_2024-2","2024-11-22","1","Desaprobado","storage limit exceeded"
"36163868_DAT-101_2024-2_2024-11-22","36163868_DAT-101_2024-2","2024-11-22","5","Aprobado","storage limit exceeded"
"34508314_UX-100_2024-2_2024-11-22","34508314_UX-100_2024-2","2024-11-22","8","Aprobado","storage limit exceeded"
"43978117_IA-300_2024-2_2024-11-22","43978117_IA-300_2024-2","2024-11-22","9","Aprobado","storage limit exceeded"
"31162466_MKT-200_2024-2_2024-11-22","31162466_MKT-200_2024-2","2024-11-22","6","Aprobado","storage limit exceeded"
"35810239_MKT-200_2024-2_2024-11-22","35810239_MKT-200_2024-2","2024-11-22","1","Desaprobado","storage limit exceeded"
"40069107_GEN-101_2024-2_2024-11-22","40069107_GEN-101_2024-2","2024-11-22","3","Desaprobado","storage limit exceeded"
"36629400_MKT-200_2024-2_2024-11-23","36629400_MKT-200_2024-2","2024-11-23","3","Desaprobado","storage limit exceeded"
"35517461_NEG-400_2024-2_2024-11-23","35517461_NEG-400_2024-2","2024-11-23","9","Aprobado","storage limit exceeded"
"41402719_NEG-400_2024-2_2024-11-23","41402719_NEG-400_2024-2","2024-11-23","9","Aprobado","storage limit exceeded"
"44436801_GEN-101_2024-2_2024-11-23","44436801_GEN-101_2024-2","2024-11-23","4","Aprobado","storage limit exceeded"
"33696189_DEV-101_2024-2_2024-11-23","33696189_DEV-101_2024-2","2024-11-23","2","Desaprobado","storage limit exceeded"
"43088662_NEG-400_2024-2_2024-11-23","43088662_NEG-400_2024-2","2024-11-23","4","Aprobado","storage limit exceeded"
"31725100_UX-100_2024-2_2024-11-23","31725100_UX-100_2024-2","2024-11-23","2","Desaprobado","storage limit exceeded"
"32659067_MKT-200_2024-2_2024-11-23","32659067_MKT-200_2024-2","2024-11-23","9","Aprobado","storage limit exceeded"
"33436656_DAT-201_2024-2_2024-11-24","33436656_DAT-201_2024-2","2024-11-24","9","Aprobado","storage limit exceeded"
"32991581_DAT-101_2024-2_2024-11-24","32991581_DAT-101_2024-2","2024-11-24","1","Desaprobado","storage limit exceeded"
"35740137_DAT-101_2024-2_2024-11-24","35740137_DAT-101_2024-2","2024-11-24","9","Aprobado","storage limit exceeded"
"37682475_DAT-101_2024-2_2024-11-24","37682475_DAT-101_2024-2","2024-11-24","1","Desaprobado","storage limit exceeded"
"44141804_MKT-200_2024-2_2024-11-24","44141804_MKT-200_2024-2","2024-11-24","7","Aprobado","storage limit exceeded"
"33541682_DAT-201_2024-2_2024-11-24","33541682_DAT-201_2024-2","2024-11-24","4","Aprobado","storage limit exceeded"
"44594931_DAT-201_2024-2_2024-11-24","44594931_DAT-201_2024-2","2024-11-24","9","Aprobado","storage limit exceeded"
"30542692_GEN-101_2024-2_2024-11-24","30542692_GEN-101_2024-2","2024-11-24","2","Desaprobado","storage limit exceeded"
"34631318_DAT-201_2024-2_2024-11-25","34631318_DAT-201_2024-2","2024-11-25","3","Desaprobado","storage limit exceeded"
"35579453_MKT-200_2024-2_2024-11-25","35579453_MKT-200_2024-2","2024-11-25","1","Desaprobado","storage limit exceeded"
"42909942_DEV-101_2024-2_2024-11-25","42909942_DEV-101_2024-2","2024-11-25","1","Desaprobado","storage limit exceeded"
"34759191_DAT-101_2024-2_2024-11-25","34759191_DAT-101_2024-2","2024-11-25","2","Desaprobado","storage limit exceeded"
"45419935_NEG-400_2024-2_2024-11-25","45419935_NEG-400_2024-2","2024-11-25","5","Aprobado","storage limit exceeded"
"45419935_DAT-201_2024-2_2024-11-25","45419935_DAT-201_2024-2","2024-11-25","4","Aprobado","storage limit exceeded"
"43023911_UX-100_2024-2_2024-11-25","43023911_UX-100_2024-2","2024-11-25","4","Aprobado","storage limit exceeded"
"35961291_GEN-101_2024-2_2024-11-25","35961291_GEN-101_2024-2","2024-11-25","10","Aprobado","storage limit exceeded"
"32443281_GEN-101_2024-2_2024-11-25","32443281_GEN-101_2024-2","2024-11-25","5","Aprobado","storage limit exceeded"
"32902968_NEG-400_2024-2_2024-11-25","32902968_NEG-400_2024-2","2024-11-25","10","Aprobado","storage limit exceeded"
"45076126_DAT-201_2024-2_2024-11-25","45076126_DAT-201_2024-2","2024-11-25","10","Aprobado","storage limit exceeded"
"41291663_NEG-400_2024-2_2024-11-25","41291663_NEG-400_2024-2","2024-11-25","4","Aprobado","storage limit exceeded"
"37444361_GEN-101_2024-2_2024-11-25","37444361_GEN-101_2024-2","2024-11-25","8","Aprobado","storage limit exceeded"
"42740444_DAT-201_2024-2_2024-11-25","42740444_DAT-201_2024-2","2024-11-25","2","Desaprobado","storage limit exceeded"
"33460388_NEG-400_2024-2_2024-11-25","33460388_NEG-400_2024-2","2024-11-25","7","Aprobado","storage limit exceeded"
"33109769_DEV-101_2024-2_2024-11-26","33109769_DEV-101_2024-2","2024-11-26","8","Aprobado","storage limit exceeded"
"36031653_DAT-101_2024-2_2024-11-26","36031653_DAT-101_2024-2","2024-11-26","8","Aprobado","storage limit exceeded"
"45422028_DEV-101_2024-2_2024-11-26","45422028_DEV-101_2024-2","2024-11-26","7","Aprobado","storage limit exceeded"
"33488611_DAT-201_2024-2_2024-11-26","33488611_DAT-201_2024-2","2024-11-26","4","Aprobado","storage limit exceeded"
"37604035_UX-100_2024-2_2024-11-26","37604035_UX-100_2024-2","2024-11-26","3","Desaprobado","storage limit exceeded"
"45341305_UX-100_2024-2_2024-11-26","45341305_UX-100_2024-2","2024-11-26","7","Aprobado","storage limit exceeded"
"35061213_IA-300_2024-2_2024-11-26","35061213_IA-300_2024-2","2024-11-26","10","Aprobado","storage limit exceeded"
"38622234_NEG-400_2024-2_2024-11-26","38622234_NEG-400_2024-2","2024-11-26","1","Desaprobado","storage limit exceeded"
"33699765_DAT-101_2024-2_2024-11-26","33699765_DAT-101_2024-2","2024-11-26","2","Desaprobado","storage limit exceeded"
"42287708_DAT-201_2024-2_2024-11-26","42287708_DAT-201_2024-2","2024-11-26","7","Aprobado","storage limit exceeded"
"45422028_GEN-101_2024-2_2024-11-26","45422028_GEN-101_2024-2","2024-11-26","5","Aprobado","storage limit exceeded"
"41664468_DEV-101_2024-2_2024-11-27","41664468_DEV-101_2024-2","2024-11-27","4","Aprobado","storage limit exceeded"
"37272214_UX-100_2024-2_2024-11-27","37272214_UX-100_2024-2","2024-11-27","8","Aprobado","storage limit exceeded"
"30763137_DAT-201_2024-2_2024-11-27","30763137_DAT-201_2024-2","2024-11-27","1","Desaprobado","storage limit exceeded"
"42645481_DAT-201_2024-2_2024-11-27","42645481_DAT-201_2024-2","2024-11-27","3","Desaprobado","storage limit exceeded"
"33648177_GEN-101_2024-2_2024-11-27","33648177_GEN-101_2024-2","2024-11-27","4","Aprobado","storage limit exceeded"
"35654379_MKT-200_2024-2_2024-11-27","35654379_MKT-200_2024-2","2024-11-27","1","Desaprobado","storage limit exceeded"
"41744958_DAT-201_2024-2_2024-11-27","41744958_DAT-201_2024-2","2024-11-27","6","Aprobado","storage limit exceeded"
"44059778_IA-300_2024-2_2024-11-27","44059778_IA-300_2024-2","2024-11-27","5","Aprobado","storage limit exceeded"
"43159265_NEG-400_2024-2_2024-11-27","43159265_NEG-400_2024-2","2024-11-27","4","Aprobado","storage limit exceeded"
"33957369_IA-300_2024-2_2024-11-28","33957369_IA-300_2024-2","2024-11-28","8","Aprobado","storage limit exceeded"
"43313143_DEV-101_2024-2_2024-11-28","43313143_DEV-101_2024-2","2024-11-28","4","Aprobado","storage limit exceeded"
"37573276_GEN-101_2024-2_2024-11-28","37573276_GEN-101_2024-2","2024-11-28","8","Aprobado","storage limit exceeded"
"31636346_DAT-101_2024-2_2024-11-28","31636346_DAT-101_2024-2","2024-11-28","8","Aprobado","storage limit exceeded"
"44113409_UX-100_2024-2_2024-11-28","44113409_UX-100_2024-2","2024-11-28","9","Aprobado","storage limit exceeded"
"40965886_DAT-201_2024-2_2024-11-28","40965886_DAT-201_2024-2","2024-11-28","1","Desaprobado","storage limit exceeded"
"32556008_MKT-200_2024-2_2024-11-28","32556008_MKT-200_2024-2","2024-11-28","10","Aprobado","storage limit exceeded"
"37556007_GEN-101_2024-2_2024-11-28","37556007_GEN-101_2024-2","2024-11-28","8","Aprobado","storage limit exceeded"
"33910188_MKT-200_2024-2_2024-11-28","33910188_MKT-200_2024-2","2024-11-28","6","Aprobado","storage limit exceeded"
"35652925_DEV-101_2024-2_2024-11-28","35652925_DEV-101_2024-2","2024-11-28","1","Desaprobado","storage limit exceeded"
"33722791_UX-100_2024-2_2024-11-28","33722791_UX-100_2024-2","2024-11-28","9","Aprobado","storage limit exceeded"
"43001086_MKT-200_2024-2_2024-11-28","43001086_MKT-200_2024-2","2024-11-28","8","Aprobado","storage limit exceeded"
"30348701_GEN-101_2024-2_2024-11-28","30348701_GEN-101_2024-2","2024-11-28","7","Aprobado","storage limit exceeded"
"31704019_NEG-400_2024-2_2024-11-28","31704019_NEG-400_2024-2","2024-11-28","4","Aprobado","storage limit exceeded"
"33193102_GEN-101_2024-2_2024-11-28","33193102_GEN-101_2024-2","2024-11-28","1","Desaprobado","storage limit exceeded"
"31134185_MKT-200_2024-2_2024-11-28","31134185_MKT-200_2024-2","2024-11-28","9","Aprobado","storage limit exceeded"
"30996789_IA-300_2024-2_2024-11-28","30996789_IA-300_2024-2","2024-11-28","9","Aprobado","storage limit exceeded"
"41883892_MKT-200_2024-2_2024-11-28","41883892_MKT-200_2024-2","2024-11-28","2","Desaprobado","storage limit exceeded"
"30808302_GEN-101_2024-2_2024-11-29","30808302_GEN-101_2024-2","2024-11-29","1","Desaprobado","storage limit exceeded"
"36861254_DEV-101_2024-2_2024-11-29","36861254_DEV-101_2024-2","2024-11-29","3","Desaprobado","storage limit exceeded"
"38657054_DAT-201_2024-2_2024-11-29","38657054_DAT-201_2024-2","2024-11-29","6","Aprobado","storage limit exceeded"
"45561312_NEG-400_2024-2_2024-11-29","45561312_NEG-400_2024-2","2024-11-29","4","Aprobado","storage limit exceeded"
"34933089_MKT-200_2024-2_2024-11-29","34933089_MKT-200_2024-2","2024-11-29","6","Aprobado","storage limit exceeded"
"34007375_UX-100_2024-2_2024-11-29","34007375_UX-100_2024-2","2024-11-29","2","Desaprobado","storage limit exceeded"
"44536877_GEN-101_2024-2_2024-11-29","44536877_GEN-101_2024-2","2024-11-29","1","Desaprobado","storage limit exceeded"
"32702619_DEV-101_2024-2_2024-11-29","32702619_DEV-101_2024-2","2024-11-29","4","Aprobado","storage limit exceeded"
"45840080_DEV-101_2024-2_2024-11-29","45840080_DEV-101_2024-2","2024-11-29","6","Aprobado","storage limit exceeded"
"39556507_DAT-201_2024-2_2024-11-30","39556507_DAT-201_2024-2","2024-11-30","6","Aprobado","storage limit exceeded"
"32259990_MKT-200_2024-2_2024-11-30","32259990_MKT-200_2024-2","2024-11-30","2","Desaprobado","storage limit exceeded"
"31370404_IA-300_2024-2_2024-11-30","31370404_IA-300_2024-2","2024-11-30","2","Desaprobado","storage limit exceeded"
"37326359_UX-100_2024-2_2024-11-30","37326359_UX-100_2024-2","2024-11-30","6","Aprobado","storage limit exceeded"
"40214433_UX-100_2024-2_2024-11-30","40214433_UX-100_2024-2","2024-11-30","2","Desaprobado","storage limit exceeded"
"43695489_DEV-101_2024-2_2024-11-30","43695489_DEV-101_2024-2","2024-11-30","1","Desaprobado","storage limit exceeded"
"44713441_UX-100_2024-2_2024-11-30","44713441_UX-100_2024-2","2024-11-30","4","Aprobado","storage limit exceeded"
"31158762_DAT-201_2024-2_2024-11-30","31158762_DAT-201_2024-2","2024-11-30","10","Aprobado","storage limit exceeded"
"34724187_GEN-101_2024-2_2024-11-30","34724187_GEN-101_2024-2","2024-11-30","5","Aprobado","storage limit exceeded"
"44555423_IA-300_2024-2_2024-11-30","44555423_IA-300_2024-2","2024-11-30","6","Aprobado","storage limit exceeded"
"36279807_UX-100_2024-2_2024-11-30","36279807_UX-100_2024-2","2024-11-30","6","Aprobado","storage limit exceeded"
"31036656_IA-300_2024-2_2024-11-30","31036656_IA-300_2024-2","2024-11-30","1","Desaprobado","storage limit exceeded"
"35449166_GEN-101_2024-2_2024-11-30","35449166_GEN-101_2024-2","2024-11-30","7","Aprobado","storage limit exceeded"
"32486624_NEG-400_2024-2_2024-11-30","32486624_NEG-400_2024-2","2024-11-30","2","Desaprobado","storage limit exceeded"
"43904609_MKT-200_2024-2_2024-11-30","43904609_MKT-200_2024-2","2024-11-30","10","Aprobado","storage limit exceeded"
"36744678_UX-100_2024-2_2024-11-30","36744678_UX-100_2024-2","2024-11-30","8","Aprobado","storage limit exceeded"
"39251592_GEN-101_2024-2_2024-11-30","39251592_GEN-101_2024-2","2024-11-30","7","Aprobado","storage limit exceeded"
"37080082_DAT-101_2024-2_2024-12-01","37080082_DAT-101_2024-2","2024-12-01","4","Aprobado","storage limit exceeded"
"31301580_MKT-200_2024-2_2024-12-01","31301580_MKT-200_2024-2","2024-12-01","2","Desaprobado","storage limit exceeded"
"35061213_DAT-201_2024-2_2024-12-01","35061213_DAT-201_2024-2","2024-12-01","2","Desaprobado","storage limit exceeded"
"42590810_GEN-101_2024-2_2024-12-01","42590810_GEN-101_2024-2","2024-12-01","8","Aprobado","storage limit exceeded"
"37915491_IA-300_2024-2_2024-12-01","37915491_IA-300_2024-2","2024-12-01","10","Aprobado","storage limit exceeded"
"35409911_NEG-400_2024-2_2024-12-01","35409911_NEG-400_2024-2","2024-12-01","4","Aprobado","storage limit exceeded"
"36907787_GEN-101_2024-2_2024-12-01","36907787_GEN-101_2024-2","2024-12-01","3","Desaprobado","storage limit exceeded"
"43583039_NEG-400_2024-2_2024-12-01","43583039_NEG-400_2024-2","2024-12-01","9","Aprobado","storage limit exceeded"
"38137274_UX-100_2024-2_2024-12-01","38137274_UX-100_2024-2","2024-12-01","4","Aprobado","storage limit exceeded"
"42954368_DEV-101_2024-2_2024-12-01","42954368_DEV-101_2024-2","2024-12-01","6","Aprobado","storage limit exceeded"
"33247205_DAT-201_2024-2_2024-12-01","33247205_DAT-201_2024-2","2024-12-01","10","Aprobado","storage limit exceeded"
"33678309_DAT-201_2024-2_2024-12-02","33678309_DAT-201_2024-2","2024-12-02","9","Aprobado","storage limit exceeded"
"36594040_MKT-200_2024-2_2024-12-02","36594040_MKT-200_2024-2","2024-12-02","3","Desaprobado","storage limit exceeded"
"30081724_NEG-400_2024-2_2024-12-02","30081724_NEG-400_2024-2","2024-12-02","8","Aprobado","storage limit exceeded"
"32575818_GEN-101_2024-2_2024-12-02","32575818_GEN-101_2024-2","2024-12-02","4","Aprobado","storage limit exceeded"
"45948143_GEN-101_2024-2_2024-12-02","45948143_GEN-101_2024-2","2024-12-02","10","Aprobado","storage limit exceeded"
"35565985_DAT-201_2024-2_2024-12-02","35565985_DAT-201_2024-2","2024-12-02","9","Aprobado","storage limit exceeded"
"45419981_NEG-400_2024-2_2024-12-02","45419981_NEG-400_2024-2","2024-12-02","8","Aprobado","storage limit exceeded"
"38133728_NEG-400_2024-2_2024-12-03","38133728_NEG-400_2024-2","2024-12-03","3","Desaprobado","storage limit exceeded"
"44456279_DAT-201_2024-2_2024-12-03","44456279_DAT-201_2024-2","2024-12-03","7","Aprobado","storage limit exceeded"
"41664468_IA-300_2024-2_2024-12-03","41664468_IA-300_2024-2","2024-12-03","3","Desaprobado","storage limit exceeded"
"33910188_DAT-201_2024-2_2024-12-03","33910188_DAT-201_2024-2","2024-12-03","4","Aprobado","storage limit exceeded"
"38766730_IA-300_2024-2_2024-12-03","38766730_IA-300_2024-2","2024-12-03","2","Desaprobado","storage limit exceeded"
"31263287_GEN-101_2024-2_2024-12-03","31263287_GEN-101_2024-2","2024-12-03","9","Aprobado","storage limit exceeded"
"43663971_NEG-400_2024-2_2024-12-03","43663971_NEG-400_2024-2","2024-12-03","2","Desaprobado","storage limit exceeded"
"40419585_IA-300_2024-2_2024-12-03","40419585_IA-300_2024-2","2024-12-03","9","Aprobado","storage limit exceeded"
"45090532_MKT-200_2024-2_2024-12-03","45090532_MKT-200_2024-2","2024-12-03","9","Aprobado","storage limit exceeded"
"45140374_DAT-101_2024-2_2024-12-03","45140374_DAT-101_2024-2","2024-12-03","5","Aprobado","storage limit exceeded"
"40174122_DAT-101_2024-2_2024-12-04","40174122_DAT-101_2024-2","2024-12-04","1","Desaprobado","storage limit exceeded"
"30359807_MKT-200_2024-2_2024-12-04","30359807_MKT-200_2024-2","2024-12-04","7","Aprobado","storage limit exceeded"
"36349870_DAT-201_2024-2_2024-12-04","36349870_DAT-201_2024-2","2024-12-04","2","Desaprobado","storage limit exceeded"
"31692100_DAT-101_2024-2_2024-12-04","31692100_DAT-101_2024-2","2024-12-04","1","Desaprobado","storage limit exceeded"
"31704019_GEN-101_2024-2_2024-12-04","31704019_GEN-101_2024-2","2024-12-04","6","Aprobado","storage limit exceeded"
"35420584_UX-100_2024-2_2024-12-04","35420584_UX-100_2024-2","2024-12-04","7","Aprobado","storage limit exceeded"
"35940256_DEV-101_2024-2_2024-12-04","35940256_DEV-101_2024-2","2024-12-04","1","Desaprobado","storage limit exceeded"
"36630045_GEN-101_2024-2_2024-12-04","36630045_GEN-101_2024-2","2024-12-04","2","Desaprobado","storage limit exceeded"
"41333709_GEN-101_2024-2_2024-12-04","41333709_GEN-101_2024-2","2024-12-04","3","Desaprobado","storage limit exceeded"
"39003369_DAT-201_2024-2_2024-12-04","39003369_DAT-201_2024-2","2024-12-04","8","Aprobado","storage limit exceeded"
"44594931_IA-300_2024-2_2024-12-05","44594931_IA-300_2024-2","2024-12-05","3","Desaprobado","storage limit exceeded"
"45245358_NEG-400_2024-2_2024-12-05","45245358_NEG-400_2024-2","2024-12-05","9","Aprobado","storage limit exceeded"
"40132599_MKT-200_2024-2_2024-12-05","40132599_MKT-200_2024-2","2024-12-05","10","Aprobado","storage limit exceeded"
"30716676_UX-100_2024-2_2024-12-05","30716676_UX-100_2024-2","2024-12-05","2","Desaprobado","storage limit exceeded"
"43942866_DAT-101_2024-2_2024-12-05","43942866_DAT-101_2024-2","2024-12-05","2","Desaprobado","storage limit exceeded"
"32169352_MKT-200_2024-2_2024-12-06","32169352_MKT-200_2024-2","2024-12-06","7","Aprobado","storage limit exceeded"
"40167473_IA-300_2024-2_2024-12-06","40167473_IA-300_2024-2","2024-12-06","6","Aprobado","storage limit exceeded"
"30946614_DAT-201_2024-2_2024-12-06","30946614_DAT-201_2024-2","2024-12-06","5","Aprobado","storage limit exceeded"
"45076126_UX-100_2024-2_2024-12-06","45076126_UX-100_2024-2","2024-12-06","2","Desaprobado","storage limit exceeded"
"37706458_UX-100_2024-2_2024-12-07","37706458_UX-100_2024-2","2024-12-07","10","Aprobado","storage limit exceeded"
"30700814_DAT-201_2024-2_2024-12-07","30700814_DAT-201_2024-2","2024-12-07","6","Aprobado","storage limit exceeded"
"35627041_DEV-101_2024-2_2024-12-07","35627041_DEV-101_2024-2","2024-12-07","3","Desaprobado","storage limit exceeded"
"35468094_DEV-101_2024-2_2024-12-07","35468094_DEV-101_2024-2","2024-12-07","3","Desaprobado","storage limit exceeded"
"42590810_DAT-201_2024-2_2024-12-07","42590810_DAT-201_2024-2","2024-12-07","2","Desaprobado","storage limit exceeded"
"42473833_MKT-200_2024-2_2024-12-07","42473833_MKT-200_2024-2","2024-12-07","5","Aprobado","storage limit exceeded"
"37607894_UX-100_2024-2_2024-12-07","37607894_UX-100_2024-2","2024-12-07","1","Desaprobado","storage limit exceeded"
"32099618_DAT-101_2024-2_2024-12-07","32099618_DAT-101_2024-2","2024-12-07","8","Aprobado","storage limit exceeded"
"33033916_DAT-101_2024-2_2024-12-07","33033916_DAT-101_2024-2","2024-12-07","5","Aprobado","storage limit exceeded"
"35927529_NEG-400_2024-2_2024-12-08","35927529_NEG-400_2024-2","2024-12-08","10","Aprobado","storage limit exceeded"
"42331291_IA-300_2024-2_2024-12-08","42331291_IA-300_2024-2","2024-12-08","2","Desaprobado","storage limit exceeded"
"33789545_IA-300_2024-2_2024-12-08","33789545_IA-300_2024-2","2024-12-08","9","Aprobado","storage limit exceeded"
"45660425_MKT-200_2024-2_2024-12-08","45660425_MKT-200_2024-2","2024-12-08","3","Desaprobado","storage limit exceeded"
"35569822_NEG-400_2024-2_2024-12-08","35569822_NEG-400_2024-2","2024-12-08","10","Aprobado","storage limit exceeded"
"42280040_DEV-101_2024-2_2024-12-08","42280040_DEV-101_2024-2","2024-12-08","4","Aprobado","storage limit exceeded"
"36878477_DAT-201_2024-2_2024-12-09","36878477_DAT-201_2024-2","2024-12-09","10","Aprobado","storage limit exceeded"
"36309794_DAT-101_2024-2_2024-12-09","36309794_DAT-101_2024-2","2024-12-09","3","Desaprobado","storage limit exceeded"
"40358012_DAT-101_2024-2_2024-12-09","40358012_DAT-101_2024-2","2024-12-09","6","Aprobado","storage limit exceeded"
"36392604_IA-300_2024-2_2024-12-09","36392604_IA-300_2024-2","2024-12-09","6","Aprobado","storage limit exceeded"
"34070539_DEV-101_2024-2_2024-12-09","34070539_DEV-101_2024-2","2024-12-09","4","Aprobado","storage limit exceeded"
"36313373_MKT-200_2024-2_2024-12-09","36313373_MKT-200_2024-2","2024-12-09","2","Desaprobado","storage limit exceeded"
"36461761_GEN-101_2024-2_2024-12-10","36461761_GEN-101_2024-2","2024-12-10","9","Aprobado","storage limit exceeded"
"44713988_NEG-400_2024-2_2024-12-10","44713988_NEG-400_2024-2","2024-12-10","10","Aprobado","storage limit exceeded"
"37268989_DAT-101_2024-2_2024-12-10","37268989_DAT-101_2024-2","2024-12-10","4","Aprobado","storage limit exceeded"
"35081927_GEN-101_2024-2_2024-12-10","35081927_GEN-101_2024-2","2024-12-10","2","Desaprobado","storage limit exceeded"
"39038900_DAT-201_2024-2_2024-12-10","39038900_DAT-201_2024-2","2024-12-10","10","Aprobado","storage limit exceeded"
"34758464_NEG-400_2024-2_2024-12-10","34758464_NEG-400_2024-2","2024-12-10","8","Aprobado","storage limit exceeded"
"34631318_GEN-101_2024-2_2024-12-10","34631318_GEN-101_2024-2","2024-12-10","10","Aprobado","storage limit exceeded"
"31509667_MKT-200_2024-2_2024-12-11","31509667_MKT-200_2024-2","2024-12-11","3","Desaprobado","storage limit exceeded"
"30609077_DAT-201_2024-2_2024-12-11","30609077_DAT-201_2024-2","2024-12-11","9","Aprobado","storage limit exceeded"
"43802935_DEV-101_2024-2_2024-12-11","43802935_DEV-101_2024-2","2024-12-11","4","Aprobado","storage limit exceeded"
"44047721_DAT-101_2024-2_2024-12-11","44047721_DAT-101_2024-2","2024-12-11","6","Aprobado","storage limit exceeded"
"39269288_MKT-200_2024-2_2024-12-11","39269288_MKT-200_2024-2","2024-12-11","9","Aprobado","storage limit exceeded"
"31591629_IA-300_2024-2_2024-12-11","31591629_IA-300_2024-2","2024-12-11","10","Aprobado","storage limit exceeded"
"35854507_IA-300_2024-2_2024-12-11","35854507_IA-300_2024-2","2024-12-11","9","Aprobado","storage limit exceeded"
"31162466_DAT-201_2024-2_2024-12-11","31162466_DAT-201_2024-2","2024-12-11","2","Desaprobado","storage limit exceeded"
"33827674_UX-100_2024-2_2024-12-11","33827674_UX-100_2024-2","2024-12-11","7","Aprobado","storage limit exceeded"
"35674650_DEV-101_2024-2_2024-12-11","35674650_DEV-101_2024-2","2024-12-11","6","Aprobado","storage limit exceeded"
"38164166_IA-300_2024-2_2024-12-11","38164166_IA-300_2024-2","2024-12-11","5","Aprobado","storage limit exceeded"
"30226372_IA-300_2024-2_2024-12-11","30226372_IA-300_2024-2","2024-12-11","7","Aprobado","storage limit exceeded"
"31205804_GEN-101_2024-2_2024-12-12","31205804_GEN-101_2024-2","2024-12-12","8","Aprobado","storage limit exceeded"
"37674710_DEV-101_2024-2_2024-12-12","37674710_DEV-101_2024-2","2024-12-12","5","Aprobado","storage limit exceeded"
"38290123_NEG-400_2024-2_2024-12-12","38290123_NEG-400_2024-2","2024-12-12","10","Aprobado","storage limit exceeded"
"35023742_DEV-101_2024-2_2024-12-12","35023742_DEV-101_2024-2","2024-12-12","6","Aprobado","storage limit exceeded"
"30910226_DEV-101_2024-2_2024-12-12","30910226_DEV-101_2024-2","2024-12-12","9","Aprobado","storage limit exceeded"
"42740444_DAT-201_2024-2_2024-12-12","42740444_DAT-201_2024-2","2024-12-12","5","Aprobado","storage limit exceeded"
"33130984_DAT-201_2024-2_2024-12-12","33130984_DAT-201_2024-2","2024-12-12","5","Aprobado","storage limit exceeded"
"37927619_IA-300_2024-2_2024-12-12","37927619_IA-300_2024-2","2024-12-12","4","Aprobado","storage limit exceeded"
"35915600_UX-100_2024-2_2024-12-12","35915600_UX-100_2024-2","2024-12-12","2","Desaprobado","storage limit exceeded"
"39916823_UX-100_2024-2_2024-12-12","39916823_UX-100_2024-2","2024-12-12","1","Desaprobado","storage limit exceeded"
"34130452_MKT-200_2024-2_2024-12-12","34130452_MKT-200_2024-2","2024-12-12","9","Aprobado","storage limit exceeded"
"40038176_UX-100_2024-2_2024-12-12","40038176_UX-100_2024-2","2024-12-12","9","Aprobado","storage limit exceeded"
"33567445_DEV-101_2024-2_2024-12-12","33567445_DEV-101_2024-2","2024-12-12","1","Desaprobado","storage limit exceeded"
"44753132_GEN-101_2024-2_2024-12-12","44753132_GEN-101_2024-2","2024-12-12","1","Desaprobado","storage limit exceeded"
"36070932_NEG-400_2024-2_2024-12-12","36070932_NEG-400_2024-2","2024-12-12","9","Aprobado","storage limit exceeded"
"32196825_UX-100_2024-2_2024-12-13","32196825_UX-100_2024-2","2024-12-13","1","Desaprobado","storage limit exceeded"
"34146531_DEV-101_2024-2_2024-12-13","34146531_DEV-101_2024-2","2024-12-13","1","Desaprobado","storage limit exceeded"
"42826422_DEV-101_2024-2_2024-12-13","42826422_DEV-101_2024-2","2024-12-13","2","Desaprobado","storage limit exceeded"
"45331374_DAT-201_2024-2_2024-12-13","45331374_DAT-201_2024-2","2024-12-13","9","Aprobado","storage limit exceeded"
"42613265_NEG-400_2024-2_2024-12-13","42613265_NEG-400_2024-2","2024-12-13","7","Aprobado","storage limit exceeded"
"44859529_DAT-201_2024-2_2024-12-13","44859529_DAT-201_2024-2","2024-12-13","9","Aprobado","storage limit exceeded"
"38333929_UX-100_2024-2_2024-12-13","38333929_UX-100_2024-2","2024-12-13","9","Aprobado","storage limit exceeded"
"32369229_DAT-201_2024-2_2024-12-13","32369229_DAT-201_2024-2","2024-12-13","9","Aprobado","storage limit exceeded"
"36489803_NEG-400_2024-2_2024-12-13","36489803_NEG-400_2024-2","2024-12-13","4","Aprobado","storage limit exceeded"
"44483113_DAT-101_2024-2_2024-12-14","44483113_DAT-101_2024-2","2024-12-14","1","Desaprobado","storage limit exceeded"
"36629400_DEV-101_2024-2_2024-12-14","36629400_DEV-101_2024-2","2024-12-14","10","Aprobado","storage limit exceeded"
"37222211_GEN-101_2024-2_2024-12-14","37222211_GEN-101_2024-2","2024-12-14","10","Aprobado","storage limit exceeded"
"42253635_DAT-201_2024-2_2024-12-14","42253635_DAT-201_2024-2","2024-12-14","9","Aprobado","storage limit exceeded"
"39074649_NEG-400_2024-2_2024-12-14","39074649_NEG-400_2024-2","2024-12-14","1","Desaprobado","storage limit exceeded"
"33665133_DAT-101_2024-2_2024-12-14","33665133_DAT-101_2024-2","2024-12-14","2","Desaprobado","storage limit exceeded"
"45908531_IA-300_2024-2_2024-12-14","45908531_IA-300_2024-2","2024-12-14","3","Desaprobado","storage limit exceeded"
"41111676_IA-300_2024-2_2024-12-14","41111676_IA-300_2024-2","2024-12-14","4","Aprobado","storage limit exceeded"
