"ID","Nombre","Apellido","Numero_Documento__c","Email","Telefono","Rol__c","Tipo_Documento__c","STATUS"
"003bm000011c9cHAAQ","Bastian","Torres","45147679","bastian.torres@outlook.com","+54 9 2120 6852","Alumno","DNI","Item Created"
"003bm000011c9cIAAQ","Valentina","Paz","33789545","valentina.paz@gmail.com","+54 9 2627 6570","Alumno","DNI","Item Created"
"003bm000011c9cJAAQ","Guadalupe","Coronel","34250668","guadalupe.coronel@yahoo.com","+54 9 3594 5990","Alumno","DNI","Item Created"
"003bm000011c9cKAAQ","Camilo","Acosta","41943395","camilo.acosta@yahoo.com","+54 9 3164 7718","Alumno","DNI","Item Created"
"003bm000011c9cLAAQ","Luciana","Rodriguez","37706458","luciana.rodriguez@yahoo.com","+54 9 2168 5585","Alumno","DNI","Item Created"
"003bm000011c9cMAAQ","Luna","Suarez","30309712","luna.suarez@hotmail.com","+54 9 2833 8901","Alumno","DNI","Item Created"
"003bm000011c9cNAAQ","Morena","Romero","43539600","","+54 9 2431 8055","Alumno","DNI","Item Created"
"003bm000011c9cOAAQ","Máximo","Rodriguez","32343092","maximo.rodriguez@yahoo.com","+54 9 2693 4828","Alumno","DNI","Item Created"
"003bm000011c9cPAAQ","Mateo","Moreno","45688788","mateo.moreno@hotmail.com","+54 9 3709 2027","Alumno","DNI","Item Created"
"003bm000011c9cQAAQ","Mateo","Dominguez","45130131","mateo.dominguez@hotmail.com","+54 9 2147 5969","Alumno","DNI","Item Created"
"003bm000011c9cRAAQ","Geronimo","Soria","41111676","geronimo.soria@gmail.com","+54 9 3145 1502","Alumno","DNI","Item Created"
"003bm000011c9cSAAQ","Milagros","Soria","44047721","","+54 9 3617 8080","Alumno","DNI","Item Created"
"003bm000011c9cTAAQ","Tomàs","Gonzalez","37513790","tomas.gonzalez@hotmail.com","+54 9 2501 9384","Alumno","DNI","Item Created"
"003bm000011c9cUAAQ","Martina","Gomez","43449566","martina.gomez@hotmail.com","+54 9 3561 0521","Alumno","DNI","Item Created"
"003bm000011c9cVAAQ","Benjamin","Molina","31303564","benjamin.molina@gmail.com","+54 9 3624 3883","Alumno","DNI","Item Created"
"003bm000011c9cWAAQ","Tomàs","Sanchez","39074649","tomas.sanchez@outlook.com","+54 9 2177 5226","Alumno","DNI","Item Created"
"003bm000011c9cXAAQ","Alexander","Soto","30542692","alexander.soto@yahoo.com","+54 9 3295 3328","Alumno","DNI","Item Created"
"003bm000011c9cYAAQ","Valentin","Alvarez","34508314","valentin.alvarez@yahoo.com","+54 9 2368 3900","Alumno","DNI","Item Created"
"003bm000011c9cZAAQ","Lautaro","Sosa","38811418","lautaro.sosa@outlook.com","+54 9 3409 7570","Alumno","DNI","Item Created"
"003bm000011c9caAAA","Juan Martin","Rodriguez","35891432","juan.martin.rodriguez@yahoo.com","+54 9 2905 1290","Alumno","DNI","Item Created"
"003bm000011c9cbAAA","Ludmila","Lopez","36163868","ludmila.lopez@gmail.com","+54 9 2343 3079","Alumno","DNI","Item Created"
"003bm000011c9ccAAA","Dante","Romero","38677145","dante.romero@outlook.com","+54 9 2961 0720","Alumno","DNI","Item Created"
"003bm000011c9cdAAA","Milena","Suarez","32971550","milena.suarez@yahoo.com","+54 9 3191 4580","Alumno","DNI","Item Created"
"003bm000011c9ceAAA","Tomàs","Juarez","30348701","tomas.juarez@yahoo.com","+54 9 2950 1285","Alumno","DNI","Item Created"
"003bm000011c9cfAAA","Benjamin","Hernandez","41944353","benjamin.hernandez@outlook.com","+54 9 2219 9785","Alumno","DNI","Item Created"
"003bm000011c9cgAAA","Santino","Gonzalez","44313136","santino.gonzalez@hotmail.com","+54 9 2861 3870","Alumno","DNI","Item Created"
"003bm000011c9chAAA","Thiago Nicolas","Roldan","31763113","thiago.nicolas.roldan@outlook.com","+54 9 2597 1174","Alumno","DNI","Item Created"
"003bm000011c9ciAAA","Violeta","Suarez","37085503","violeta.suarez@gmail.com","+54 9 3945 4441","Alumno","DNI","Item Created"
"003bm000011c9cjAAA","Faustino","Suarez","40578248","faustino.suarez@yahoo.com","+54 9 3577 8183","Alumno","DNI","Item Created"
"003bm000011c9ckAAA","Valentino","Suarez","33541682","valentino.suarez@gmail.com","+54 9 3650 2039","Alumno","DNI","Item Created"
"003bm000011c9clAAA","Joaquin","Rodriguez","44012569","joaquin.rodriguez@yahoo.com","+54 9 2125 1380","Alumno","DNI","Item Created"
"003bm000011c9cmAAA","Milena","Diaz","42500015","milena.diaz@hotmail.com","+54 9 2395 1848","Alumno","DNI","Item Created"
"003bm000011c9cnAAA","Juana","Ramos","45840080","","+54 9 2542 4466","Alumno","DNI","Item Created"
"003bm000011c9coAAA","Alfonsina","Carrizo","35376871","alfonsina.carrizo@outlook.com","+54 9 3228 1938","Alumno","DNI","Item Created"
"003bm000011c9cpAAA","Joaquin","Lopez","39696052","joaquin.lopez@gmail.com","+54 9 3266 5055","Alumno","DNI","Item Created"
"003bm000011c9cqAAA","Felipe","Acosta","30117903","","+54 9 2561 7615","Alumno","DNI","Item Created"
"003bm000011c9crAAA","Maria Paz","Rojas","41068300","maria.paz.rojas@yahoo.com","+54 9 2596 3705","Alumno","DNI","Item Created"
"003bm000011c9csAAA","Gonzalo","Garcia","35620137","gonzalo.garcia@outlook.com","+54 9 3892 2082","Alumno","DNI","Item Created"
"003bm000011c9ctAAA","Santino","Dominguez","38207316","santino.dominguez@gmail.com","+54 9 2730 0517","Alumno","DNI","Item Created"
"003bm000011c9cuAAA","Valentina","Fernandez","42254691","valentina.fernandez@gmail.com","+54 9 2224 4536","Alumno","DNI","Item Created"
"003bm000011c9cvAAA","Bautista","Vega","44635112","bautista.vega@hotmail.com","+54 9 3333 0825","Alumno","DNI","Item Created"
"003bm000011c9cwAAA","Giovanni","Maldonado","41289550","giovanni.maldonado@hotmail.com","+54 9 2547 1803","Alumno","DNI","Item Created"
"003bm000011c9cxAAA","Santino","Rodriguez","45656190","santino.rodriguez@hotmail.com","+54 9 2446 7104","Alumno","DNI","Item Created"
"003bm000011c9cyAAA","Catalina","Barrios","31621161","","+54 9 3510 2381","Alumno","DNI","Item Created"
"003bm000011c9czAAA","Renzo","Benitez","42845702","renzo.benitez@hotmail.com","+54 9 2495 2033","Alumno","DNI","Item Created"
"003bm000011c9d0AAA","Facundo","Maldonado","35420584","facundo.maldonado@outlook.com","+54 9 3512 9462","Alumno","DNI","Item Created"
"003bm000011c9d1AAA","Santiago","Pereyra","36369209","santiago.pereyra@outlook.com","+54 9 3535 6554","Alumno","DNI","Item Created"
"003bm000011c9d2AAA","Milo","Rodriguez","43625205","","+54 9 2919 0402","Alumno","DNI","Item Created"
"003bm000011c9d3AAA","Lola","Martinez","44094966","lola.martinez@hotmail.com","+54 9 2702 8765","Alumno","DNI","Item Created"
"003bm000011c9d4AAA","Jazmin","Sosa","35824110","jazmin.sosa@hotmail.com","+54 9 2856 1675","Alumno","DNI","Item Created"
"003bm000011c9d5AAA","Guillermina","Lucero","40033579","guillermina.lucero@hotmail.com","+54 9 3622 0074","Alumno","DNI","Item Created"
"003bm000011c9d6AAA","Alma Valentina","Rodriguez","38194575","alma.valentina.rodriguez@outlook.com","+54 9 3288 3272","Alumno","DNI","Item Created"
"003bm000011c9d7AAA","Santino","Gomez","33952849","santino.gomez@outlook.com","+54 9 3924 3631","Alumno","DNI","Item Created"
"003bm000011c9d8AAA","Felipe","Carrizo","32991581","felipe.carrizo@outlook.com","+54 9 3844 6642","Alumno","DNI","Item Created"
"003bm000011c9d9AAA","Lautaro","Rodriguez","41885509","lautaro.rodriguez@gmail.com","+54 9 2279 7194","Alumno","DNI","Item Created"
"003bm000011c9dAAAQ","Joaquin","Flores","33838303","joaquin.flores@outlook.com","+54 9 3965 6415","Alumno","DNI","Item Created"
"003bm000011c9dBAAQ","Olivia","Olivera","36279807","olivia.olivera@yahoo.com","+54 9 2309 1902","Alumno","DNI","Item Created"
"003bm000011c9dCAAQ","Julian","Castro","42208457","julian.castro@hotmail.com","+54 9 2462 7289","Alumno","DNI","Item Created"
"003bm000011c9dDAAQ","Catalina","Gutierrez","38750180","catalina.gutierrez@yahoo.com","+54 9 3250 8351","Alumno","DNI","Item Created"
"003bm000011c9dEAAQ","Guillermina","Gimenez","37222211","guillermina.gimenez@outlook.com","+54 9 2307 9996","Alumno","DNI","Item Created"
"003bm000011c9dFAAQ","Agustina","Martinez","38645258","agustina.martinez@yahoo.com","+54 9 2678 9032","Alumno","DNI","Item Created"
"003bm000011c9dGAAQ","Paula","Garcia","37604035","paula.garcia@yahoo.com","+54 9 2465 7991","Alumno","DNI","Item Created"
"003bm000011c9dHAAQ","Luz Maria","Rodriguez","32160000","luz.maria.rodriguez@gmail.com","+54 9 2451 7818","Alumno","DNI","Item Created"
"003bm000011c9dIAAQ","Alma Valentina","Aguero","38223982","alma.valentina.aguero@yahoo.com","+54 9 3726 6320","Alumno","DNI","Item Created"
"003bm000011c9dJAAQ","Santiago","Avila","33081027","santiago.avila@yahoo.com","+54 9 2644 6030","Alumno","DNI","Item Created"
"003bm000011c9dKAAQ","Manuel","Lopez","32349994","manuel.lopez@outlook.com","+54 9 3812 8627","Alumno","DNI","Item Created"
"003bm000011c9dLAAQ","Ramiro","Vazquez","34636803","ramiro.vazquez@outlook.com","+54 9 3748 3725","Alumno","DNI","Item Created"
"003bm000011c9dMAAQ","Martina","Torres","38629655","martina.torres@gmail.com","+54 9 3564 7486","Alumno","DNI","Item Created"
"003bm000011c9dNAAQ","Juana","Gomez","36015798","juana.gomez@hotmail.com","+54 9 2471 6701","Alumno","DNI","Item Created"
"003bm000011c9dOAAQ","Isabella","Perez","37951141","isabella.perez@outlook.com","+54 9 2560 2478","Alumno","DNI","Item Created"
"003bm000011c9dPAAQ","Agustín","Gomez","39734889","agustin.gomez@yahoo.com","+54 9 3221 3066","Alumno","DNI","Item Created"
"003bm000011c9dQAAQ","Lourdes","Escobar","41134242","lourdes.escobar@outlook.com","+54 9 3222 9415","Alumno","DNI","Item Created"
"003bm000011c9dRAAQ","Bastian","Castro","31379964","bastian.castro@gmail.com","+54 9 3857 6198","Alumno","DNI","Item Created"
"003bm000011c9dSAAQ","Santino","Franco","45752068","santino.franco@gmail.com","+54 9 3811 5295","Alumno","DNI","Item Created"
"003bm000011c9dTAAQ","Ciro","Vega","37795993","ciro.vega@hotmail.com","+54 9 3187 1032","Alumno","DNI","Item Created"
"003bm000011c9dUAAQ","Santino","Gomez","36128228","santino.gomez@hotmail.com","+54 9 2220 1548","Alumno","DNI","Item Created"
"003bm000011c9dVAAQ","Angelina","Caceres","33155313","angelina.caceres@outlook.com","+54 9 3754 6527","Alumno","DNI","Item Created"
"003bm000011c9dWAAQ","Maria Luz","Sanchez","31187731","maria.luz.sanchez@gmail.com","+54 9 2522 9265","Alumno","DNI","Item Created"
"003bm000011c9dXAAQ","Victoria","Fernandez","30507337","victoria.fernandez@gmail.com","+54 9 3875 6904","Alumno","DNI","Item Created"
"003bm000011c9dYAAQ","Felipe","Suarez","33195960","felipe.suarez@outlook.com","+54 9 2532 2510","Alumno","DNI","Item Created"
"003bm000011c9dZAAQ","Jazmín","Suarez","35524090","jazmin.suarez@hotmail.com","+54 9 3874 8933","Alumno","DNI","Item Created"
"003bm000011c9daAAA","Maximo","Rojas","35081927","maximo.rojas@outlook.com","+54 9 2532 0906","Alumno","DNI","Item Created"
"003bm000011c9dbAAA","Constantino","Correa","35845730","constantino.correa@hotmail.com","+54 9 3183 2777","Alumno","DNI","Item Created"
"003bm000011c9dcAAA","Maria Luz","Cabrera","42574929","maria.luz.cabrera@gmail.com","+54 9 3395 6725","Alumno","DNI","Item Created"
"003bm000011c9ddAAA","Antonia","Quiroga","31370404","antonia.quiroga@outlook.com","+54 9 2637 0380","Alumno","DNI","Item Created"
"003bm000011c9deAAA","Luca","Gutierrez","35915007","luca.gutierrez@yahoo.com","+54 9 2789 5016","Alumno","DNI","Item Created"
"003bm000011c9dfAAA","Agustin","Flores","35589315","agustin.flores@gmail.com","+54 9 2773 2706","Alumno","DNI","Item Created"
"003bm000011c9dgAAA","Juan Cruz","Lucero","32200927","juan.cruz.lucero@hotmail.com","+54 9 2665 0107","Alumno","DNI","Item Created"
"003bm000011c9dhAAA","Dylan","Ledesma","42305779","dylan.ledesma@outlook.com","+54 9 2809 9508","Alumno","DNI","Item Created"
"003bm000011c9diAAA","Valentin","Garcia","40988877","valentin.garcia@outlook.com","+54 9 3738 8703","Alumno","DNI","Item Created"
"003bm000011c9djAAA","Maria Victoria","Vega","32150912","maria.victoria.vega@hotmail.com","+54 9 2877 7652","Alumno","DNI","Item Created"
"003bm000011c9dkAAA","Isabella","Dominguez","34471842","isabella.dominguez@hotmail.com","+54 9 3485 3632","Alumno","DNI","Item Created"
"003bm000011c9dlAAA","Benjamin","Alvarez","33988348","benjamin.alvarez@yahoo.com","+54 9 2999 4033","Alumno","DNI","Item Created"
"003bm000011c9dmAAA","Sofía","Rodriguez","31554768","sofia.rodriguez@outlook.com","+54 9 3536 5898","Alumno","DNI","Item Created"
"003bm000011c9dnAAA","Maria Paz","Campos","41754338","maria.paz.campos@outlook.com","+54 9 2442 5731","Alumno","DNI","Item Created"
"003bm000011c9doAAA","Mateo","Rodriguez","32474711","mateo.rodriguez@outlook.com","+54 9 3823 2050","Alumno","DNI","Item Created"
"003bm000011c9dpAAA","Sofia","Villalba","41591741","sofia.villalba@hotmail.com","+54 9 3890 4385","Alumno","DNI","Item Created"
"003bm000011c9dqAAA","Josefina","Leiva","36117422","josefina.leiva@yahoo.com","+54 9 3668 6630","Alumno","DNI","Item Created"
"003bm000011c9drAAA","Facundo","Diaz","36005534","facundo.diaz@gmail.com","+54 9 3735 2263","Alumno","DNI","Item Created"
"003bm000011c9dsAAA","Guillermina","Lopez","32088271","guillermina.lopez@outlook.com","+54 9 3253 1720","Alumno","DNI","Item Created"
"003bm000011c9dtAAA","Martina","Ojeda","42740444","martina.ojeda@yahoo.com","+54 9 2462 7303","Alumno","DNI","Item Created"
"003bm000011c9duAAA","Agustina","Fernandez","36868365","agustina.fernandez@hotmail.com","+54 9 2729 9413","Alumno","DNI","Item Created"
"003bm000011c9dvAAA","Juliana","Gomez","43315303","juliana.gomez@hotmail.com","+54 9 2721 5674","Alumno","DNI","Item Created"
"003bm000011c9dwAAA","Dylan Benjamin","Martinez","37275248","dylan.benjamin.martinez@yahoo.com","+54 9 2281 2884","Alumno","DNI","Item Created"
"003bm000011c9dxAAA","Maria Guadalupe","Romero","43904609","maria.guadalupe.romero@yahoo.com","+54 9 2904 8289","Alumno","DNI","Item Created"
"003bm000011c9dyAAA","Alma Valentina","Garcia","42763799","alma.valentina.garcia@yahoo.com","+54 9 2978 5301","Alumno","DNI","Item Created"
"003bm000011c9dzAAA","Juan Manuel","Diaz","33601032","juan.manuel.diaz@yahoo.com","+54 9 2833 1051","Alumno","DNI","Item Created"
"003bm000011c9e0AAA","Mateo Agustin","Figueroa","31629308","mateo.agustin.figueroa@yahoo.com","+54 9 3568 1037","Alumno","DNI","Item Created"
"003bm000011c9e1AAA","Juan Bautista","Soria","42881854","juan.bautista.soria@yahoo.com","+54 9 3300 1226","Alumno","DNI","Item Created"
"003bm000011c9e2AAA","Alexander","Ojeda","33293475","alexander.ojeda@outlook.com","+54 9 3763 2317","Alumno","DNI","Item Created"
"003bm000011c9e3AAA","Nicolas","Carrizo","37663002","nicolas.carrizo@gmail.com","+54 9 3166 2680","Alumno","DNI","Item Created"
"003bm000011c9e4AAA","Agustina","Mansilla","34343777","agustina.mansilla@gmail.com","+54 9 3946 3002","Alumno","DNI","Item Created"
"003bm000011c9e5AAA","Tobias","Mansilla","43888324","tobias.mansilla@outlook.com","+54 9 3192 2155","Alumno","DNI","Item Created"
"003bm000011c9e6AAA","Matias","Gonzalez","42645481","matias.gonzalez@yahoo.com","+54 9 2621 6311","Alumno","DNI","Item Created"
"003bm000011c9e7AAA","Joaquín","Godoy","42613265","joaquin.godoy@gmail.com","+54 9 2986 2185","Alumno","DNI","Item Created"
"003bm000011c9e8AAA","Thiago Benjamin","Cabrera","40603350","thiago.benjamin.cabrera@hotmail.com","+54 9 3347 6137","Alumno","DNI","Item Created"
"003bm000011c9e9AAA","Simon","Perez","35650079","simon.perez@gmail.com","+54 9 3576 0814","Alumno","DNI","Item Created"
"003bm000011c9eAAAQ","Candelaria","Romero","36630045","candelaria.romero@yahoo.com","+54 9 3267 1593","Alumno","DNI","Item Created"
"003bm000011c9eBAAQ","Pedro","Coronel","34939319","pedro.coronel@gmail.com","+54 9 2580 8086","Alumno","DNI","Item Created"
"003bm000011c9eCAAQ","Facundo","Pereyra","39916823","facundo.pereyra@outlook.com","+54 9 3460 3432","Alumno","DNI","Item Created"
"003bm000011c9eDAAQ","Isabella","Chavez","36906085","isabella.chavez@yahoo.com","+54 9 3384 6959","Alumno","DNI","Item Created"
"003bm000011c9eEAAQ","Bautista","Ruiz","34211417","bautista.ruiz@hotmail.com","+54 9 3763 3160","Alumno","DNI","Item Created"
"003bm000011c9eFAAQ","Juan Bautista","Ojeda","45182848","juan.bautista.ojeda@hotmail.com","+54 9 2978 9237","Alumno","DNI","Item Created"
"003bm000011c9eGAAQ","Simon","Vega","40422549","simon.vega@hotmail.com","+54 9 3827 6182","Alumno","DNI","Item Created"
"003bm000011c9eHAAQ","Santiago","Muñoz","31122274","santiago.munoz@yahoo.com","+54 9 2957 4262","Alumno","DNI","Item Created"
"003bm000011c9eIAAQ","Nahiara Jazmin","Farias","32152121","nahiara.jazmin.farias@hotmail.com","+54 9 2856 8727","Alumno","DNI","Item Created"
"003bm000011c9eJAAQ","Joaquin","Perez","36362413","joaquin.perez@gmail.com","+54 9 3118 1360","Alumno","DNI","Item Created"
"003bm000011c9eKAAQ","Thiago Benjamin","Diaz","37856329","thiago.benjamin.diaz@outlook.com","+54 9 3991 5567","Alumno","DNI","Item Created"
"003bm000011c9eLAAQ","Juana","Nuñez","38934818","juana.nunez@outlook.com","+54 9 3516 0997","Alumno","DNI","Item Created"
"003bm000011c9eMAAQ","Lara","Coronel","43651742","lara.coronel@yahoo.com","+54 9 2242 5700","Alumno","DNI","Item Created"
"003bm000011c9eNAAQ","Delfina","Garcia","44661890","delfina.garcia@hotmail.com","+54 9 2809 2992","Alumno","DNI","Item Created"
"003bm000011c9eOAAQ","Ludmila","Sanchez","35648819","ludmila.sanchez@gmail.com","+54 9 2916 4362","Alumno","DNI","Item Created"
"003bm000011c9ePAAQ","Bautista","Nuñez","30680437","bautista.nunez@yahoo.com","+54 9 3354 5747","Alumno","DNI","Item Created"
"003bm000011c9eQAAQ","Valentina","Gonzalez","35915416","valentina.gonzalez@outlook.com","+54 9 2949 1607","Alumno","DNI","Item Created"
"003bm000011c9eRAAQ","Sofia","Garcia","38526500","sofia.garcia@outlook.com","+54 9 3930 4224","Alumno","DNI","Item Created"
"003bm000011c9eSAAQ","Pilar","Dominguez","37869329","pilar.dominguez@yahoo.com","+54 9 3991 2831","Alumno","DNI","Item Created"
"003bm000011c9eTAAQ","Simon","Torres","30856430","simon.torres@outlook.com","+54 9 3376 2366","Alumno","DNI","Item Created"
"003bm000011c9eUAAQ","Manuel","Castillo","42760731","manuel.castillo@hotmail.com","+54 9 2941 6333","Alumno","DNI","Item Created"
"003bm000011c9eVAAQ","Lola","Gomez","41332008","lola.gomez@outlook.com","+54 9 3653 8521","Alumno","DNI","Item Created"
"003bm000011c9eWAAQ","Matilda","Gomez","31767975","matilda.gomez@gmail.com","+54 9 3156 7069","Alumno","DNI","Item Created"
"003bm000011c9eXAAQ","Martina","Maidana","44536877","martina.maidana@hotmail.com","+54 9 3227 2813","Alumno","DNI","Item Created"
"003bm000011c9eYAAQ","Tiziano","Gomez","38877407","tiziano.gomez@outlook.com","+54 9 3511 2847","Alumno","DNI","Item Created"
"003bm000011c9eZAAQ","Ciro","Diaz","35049197","ciro.diaz@outlook.com","+54 9 3221 9202","Alumno","DNI","Item Created"
"003bm000011c9eaAAA","Maximo","Perez","36629400","maximo.perez@yahoo.com","+54 9 2589 0528","Alumno","DNI","Item Created"
"003bm000011c9ebAAA","Mora","Martin","36701152","mora.martin@yahoo.com","+54 9 2108 0372","Alumno","DNI","Item Created"
"003bm000011c9ecAAA","Samuel","Molina","39775624","samuel.molina@yahoo.com","+54 9 2323 1548","Alumno","DNI","Item Created"
"003bm000011c9edAAA","Ana Paula","Gomez","30362258","ana.paula.gomez@gmail.com","+54 9 3841 6702","Alumno","DNI","Item Created"
"003bm000011c9eeAAA","Isabella","Arias","36309794","isabella.arias@hotmail.com","+54 9 3470 9937","Alumno","DNI","Item Created"
"003bm000011c9efAAA","Sebastian","Silva","36727365","sebastian.silva@hotmail.com","+54 9 2236 3579","Alumno","DNI","Item Created"
"003bm000011c9egAAA","Alfonsina","Perez","31087473","alfonsina.perez@yahoo.com","+54 9 3465 7235","Alumno","DNI","Item Created"
"003bm000011c9ehAAA","Mia Jazmin","Olivera","45561312","mia.jazmin.olivera@outlook.com","+54 9 2624 3817","Alumno","DNI","Item Created"
"003bm000011c9eiAAA","Lautaro Ezequiel","Cabrera","35515194","lautaro.ezequiel.cabrera@gmail.com","+54 9 2360 5258","Alumno","DNI","Item Created"
"003bm000011c9ejAAA","Valentina","Martinez","30279612","valentina.martinez@outlook.com","+54 9 2139 6410","Alumno","DNI","Item Created"
"003bm000011c9ekAAA","Felipe","Rojas","30252475","felipe.rojas@outlook.com","+54 9 3393 8691","Alumno","DNI","Item Created"
"003bm000011c9elAAA","Mateo","Benitez","42727516","mateo.benitez@outlook.com","+54 9 3778 1066","Alumno","DNI","Item Created"
"003bm000011c9emAAA","Francisco","Rodriguez","44385458","francisco.rodriguez@gmail.com","+54 9 3606 9781","Alumno","DNI","Item Created"
"003bm000011c9enAAA","Nina","Rodriguez","34567608","nina.rodriguez@yahoo.com","+54 9 2330 0776","Alumno","DNI","Item Created"
"003bm000011c9eoAAA","Martina","Cordoba","42909942","martina.cordoba@yahoo.com","+54 9 2726 2352","Alumno","DNI","Item Created"
"003bm000011c9epAAA","Bautista","Cabrera","38622234","bautista.cabrera@outlook.com","+54 9 2547 1522","Alumno","DNI","Item Created"
"003bm000011c9eqAAA","Milena","Escobar","44927685","milena.escobar@outlook.com","+54 9 2975 2699","Alumno","DNI","Item Created"
"003bm000011c9erAAA","Maria Emilia","Martinez","35316729","maria.emilia.martinez@outlook.com","+54 9 2614 4761","Alumno","DNI","Item Created"
"003bm000011c9esAAA","Renata","Lopez","41530667","renata.lopez@yahoo.com","+54 9 2115 6600","Alumno","DNI","Item Created"
"003bm000011c9etAAA","Valentina","Gomez","34356381","valentina.gomez@gmail.com","+54 9 3206 5509","Alumno","DNI","Item Created"
"003bm000011c9euAAA","Sofia","Escobar","43105183","sofia.escobar@yahoo.com","+54 9 3826 7431","Alumno","DNI","Item Created"
"003bm000011c9evAAA","Joaquin","Ponce","41112892","joaquin.ponce@outlook.com","+54 9 2289 7440","Alumno","DNI","Item Created"
"003bm000011c9ewAAA","Olivia","Lopez","32141644","olivia.lopez@hotmail.com","+54 9 2602 2166","Alumno","DNI","Item Created"
"003bm000011c9exAAA","Felipe","Martinez","31061893","felipe.martinez@gmail.com","+54 9 3311 5083","Alumno","DNI","Item Created"
"003bm000011c9eyAAA","Ramiro","Acuña","37674710","","+54 9 3847 0533","Alumno","DNI","Item Created"
"003bm000011c9ezAAA","Valentino","Castillo","39571770","valentino.castillo@outlook.com","+54 9 2270 8416","Alumno","DNI","Item Created"
"003bm000011c9f0AAA","Gonzalo","Garcia","39463207","gonzalo.garcia@outlook.com","+54 9 3935 3291","Alumno","DNI","Item Created"
"003bm000011c9f1AAA","Maximo","Flores","35517472","maximo.flores@gmail.com","+54 9 3341 0323","Alumno","DNI","Item Created"
"003bm000011c9f2AAA","Juan Gabriel","Quiroga","37678418","juan.gabriel.quiroga@hotmail.com","+54 9 3775 6248","Alumno","DNI","Item Created"
"003bm000011c9f3AAA","Santiago","Farias","34635361","santiago.farias@outlook.com","+54 9 3827 3233","Alumno","DNI","Item Created"
"003bm000011c9f4AAA","Florencia","Rojas","42253635","florencia.rojas@outlook.com","+54 9 2702 8180","Alumno","DNI","Item Created"
"003bm000011c9f5AAA","Lautaro Benjamin","Ramirez","35501443","lautaro.benjamin.ramirez@hotmail.com","+54 9 2586 1123","Alumno","DNI","Item Created"
"003bm000011c9f6AAA","Olivia","Acosta","40245831","olivia.acosta@yahoo.com","+54 9 2785 9055","Alumno","DNI","Item Created"
"003bm000011c9f7AAA","Joaquín","Morales","39144752","joaquin.morales@yahoo.com","+54 9 3700 3705","Alumno","DNI","Item Created"
"003bm000011c9f8AAA","Benicio","Gonzalez","41931470","benicio.gonzalez@outlook.com","+54 9 3803 9410","Alumno","DNI","Item Created"
"003bm000011c9f9AAA","Valentina","Rios","39386440","valentina.rios@gmail.com","+54 9 3234 9603","Alumno","DNI","Item Created"
"003bm000011c9fAAAQ","Maria Luz","Gimenez","36948146","maria.luz.gimenez@hotmail.com","+54 9 3143 6557","Alumno","DNI","Item Created"
"003bm000011c9fBAAQ","Mateo Benjamin","Perez","34092604","mateo.benjamin.perez@yahoo.com","+54 9 2218 8357","Alumno","DNI","Item Created"
"003bm000011c9fCAAQ","Lucía","Diaz","37505561","lucia.diaz@yahoo.com","+54 9 2850 3516","Alumno","DNI","Item Created"
"003bm000011c9fDAAQ","Violeta","Muñoz","45419981","violeta.munoz@hotmail.com","+54 9 2982 4228","Alumno","DNI","Item Created"
"003bm000011c9fEAAQ","Juan Sebastian","Escobar","45503533","juan.sebastian.escobar@hotmail.com","+54 9 3635 4397","Alumno","DNI","Item Created"
"003bm000011c9fFAAQ","Guadalupe","Rivero","30966401","guadalupe.rivero@yahoo.com","+54 9 3242 7856","Alumno","DNI","Item Created"
"003bm000011c9fGAAQ","Tomàs","Molina","36456678","tomas.molina@gmail.com","+54 9 2658 0121","Alumno","DNI","Item Created"
"003bm000011c9fHAAQ","Sara","Fernandez","30465936","sara.fernandez@hotmail.com","+54 9 3260 8459","Alumno","DNI","Item Created"
"003bm000011c9fIAAQ","Maximo","Ledesma","40764881","maximo.ledesma@hotmail.com","+54 9 2280 5333","Alumno","DNI","Item Created"
"003bm000011c9fJAAQ","Juan Ignacio","Bustos","37142397","juan.ignacio.bustos@outlook.com","+54 9 2305 9095","Alumno","DNI","Item Created"
"003bm000011c9fKAAQ","Maria Victoria","Pereyra","38481398","maria.victoria.pereyra@gmail.com","+54 9 2183 1275","Alumno","DNI","Item Created"
"003bm000011c9fLAAQ","Constanza","Torres","44654200","constanza.torres@outlook.com","+54 9 3785 4481","Alumno","DNI","Item Created"
"003bm000011c9fMAAQ","Sofia","Vega","45171795","sofia.vega@yahoo.com","+54 9 2361 5465","Alumno","DNI","Item Created"
"003bm000011c9fNAAQ","Juana","Gomez","40167473","juana.gomez@outlook.com","+54 9 2349 6632","Alumno","DNI","Item Created"
"003bm000011c9fOAAQ","Alma Valentina","Ruiz","42002650","alma.valentina.ruiz@yahoo.com","+54 9 3557 3260","Alumno","DNI","Item Created"
"003bm000011c9fPAAQ","Lola","Pereyra","34758464","lola.pereyra@gmail.com","+54 9 3429 5981","Alumno","DNI","Item Created"
"003bm000011c9fQAAQ","Lara","Gimenez","39194704","lara.gimenez@yahoo.com","+54 9 3676 1820","Alumno","DNI","Item Created"
"003bm000011c9fRAAQ","Violeta","Diaz","36489803","violeta.diaz@hotmail.com","+54 9 2726 4086","Alumno","DNI","Item Created"
"003bm000011c9fSAAQ","Sofia","Diaz","41915923","sofia.diaz@outlook.com","+54 9 3817 9484","Alumno","DNI","Item Created"
"003bm000011c9fTAAQ","Mora","Martinez","40421216","mora.martinez@outlook.com","+54 9 3934 7210","Alumno","DNI","Item Created"
"003bm000011c9fUAAQ","Thiago Lionel","Sosa","39747478","thiago.lionel.sosa@yahoo.com","+54 9 2304 4743","Alumno","DNI","Item Created"
"003bm000011c9iiAAA","Valentina","Ponce","44765173","valentina.ponce@gmail.com","+54 9 3379 5484","Alumno","DNI","Item Created"
"003bm000011c9ijAAA","Bautista","Ruiz","36594040","bautista.ruiz@outlook.com","+54 9 2263 4888","Alumno","DNI","Item Created"
"003bm000011c9ikAAA","Miguel Angel","Mansilla","37444361","miguel.angel.mansilla@outlook.com","+54 9 3726 1873","Alumno","DNI","Item Created"
"003bm000011c9ilAAA","Ramiro","Gonzalez","38446695","ramiro.gonzalez@gmail.com","+54 9 3495 0074","Alumno","DNI","Item Created"
"003bm000011c9imAAA","Catalina","Sanchez","43062304","catalina.sanchez@gmail.com","+54 9 2343 8565","Alumno","DNI","Item Created"
"003bm000011c9inAAA","Delfina","Castro","44412440","delfina.castro@yahoo.com","+54 9 3853 5449","Alumno","DNI","Item Created"
"003bm000011c9ioAAA","Benjamin Alejandro","Torres","41748984","benjamin.alejandro.torres@hotmail.com","+54 9 2699 9313","Alumno","DNI","Item Created"
"003bm000011c9ipAAA","Juana","Fernandez","38038154","juana.fernandez@hotmail.com","+54 9 3178 3445","Alumno","DNI","Item Created"
"003bm000011c9iqAAA","Julieta","Duarte","44753132","","+54 9 2831 5109","Alumno","DNI","Item Created"
"003bm000011c9irAAA","Lola","Farias","30619113","lola.farias@outlook.com","+54 9 3412 1839","Alumno","DNI","Item Created"
"003bm000011c9isAAA","Santino","Aguero","39641826","santino.aguero@yahoo.com","+54 9 3740 6873","Alumno","DNI","Item Created"
"003bm000011c9itAAA","Micaela","Sosa","31442827","micaela.sosa@outlook.com","+54 9 3951 3445","Alumno","DNI","Item Created"
"003bm000011c9iuAAA","Constantino","Castro","41594052","constantino.castro@outlook.com","+54 9 3916 6714","Alumno","DNI","Item Created"
"003bm000011c9ivAAA","Alejo","Diaz","44698831","alejo.diaz@hotmail.com","+54 9 3603 7832","Alumno","DNI","Item Created"
"003bm000011c9iwAAA","Gonzalo","Sanchez","37749075","gonzalo.sanchez@outlook.com","+54 9 3104 9303","Alumno","DNI","Item Created"
"003bm000011c9ixAAA","Luz Milagros","Ramirez","37797988","luz.milagros.ramirez@outlook.com","+54 9 3690 0657","Alumno","DNI","Item Created"
"003bm000011c9iyAAA","Juan Martin","Paez","31821525","juan.martin.paez@yahoo.com","+54 9 3718 4386","Alumno","DNI","Item Created"
"003bm000011c9izAAA","Santiago","Rodriguez","38657054","santiago.rodriguez@outlook.com","+54 9 3243 5121","Alumno","DNI","Item Created"
"003bm000011c9j0AAA","Delfina","Godoy","31165911","delfina.godoy@gmail.com","+54 9 2946 3828","Alumno","DNI","Item Created"
"003bm000011c9j1AAA","Bruno","Ponce","31777177","bruno.ponce@yahoo.com","+54 9 3125 2111","Alumno","DNI","Item Created"
"003bm000011c9j2AAA","Joaquin","Perez","39451059","joaquin.perez@yahoo.com","+54 9 3571 5483","Alumno","DNI","Item Created"
"003bm000011c9j3AAA","Dante","Correa","39054820","dante.correa@yahoo.com","+54 9 2147 7006","Alumno","DNI","Item Created"
"003bm000011c9j4AAA","Sebastian","Escobar","36016561","sebastian.escobar@gmail.com","+54 9 3881 2828","Alumno","DNI","Item Created"
"003bm000011c9j5AAA","Juan Ignacio","Vega","35745673","juan.ignacio.vega@outlook.com","+54 9 2830 2542","Alumno","DNI","Item Created"
"003bm000011c9j6AAA","Lucas","Sanchez","32416248","lucas.sanchez@gmail.com","+54 9 2799 4314","Alumno","DNI","Item Created"
"003bm000011c9j7AAA","Josefina","Escobar","31162466","josefina.escobar@outlook.com","+54 9 3725 2282","Alumno","DNI","Item Created"
"003bm000011c9j8AAA","Lucía","Gonzalez","42179672","lucia.gonzalez@gmail.com","+54 9 2429 5377","Alumno","DNI","Item Created"
"003bm000011c9j9AAA","Augusto","Benitez","30263228","augusto.benitez@gmail.com","+54 9 3619 0055","Alumno","DNI","Item Created"
"003bm000011c9jAAAQ","Lautaro Ezequiel","Lopez","36855486","lautaro.ezequiel.lopez@yahoo.com","+54 9 3537 0144","Alumno","DNI","Item Created"
"003bm000011c9jBAAQ","Joaquina","Figueroa","31935757","","+54 9 2346 4225","Alumno","DNI","Item Created"
"003bm000011c9jCAAQ","Isabella","Sanchez","36461761","isabella.sanchez@outlook.com","+54 9 2791 8739","Alumno","DNI","Item Created"
"003bm000011c9jDAAQ","Juan Bautista","Garcia","31178906","juan.bautista.garcia@hotmail.com","+54 9 2530 4519","Alumno","DNI","Item Created"
"003bm000011c9jEAAQ","Gino","Castro","39556507","gino.castro@gmail.com","+54 9 3133 7629","Alumno","DNI","Item Created"
"003bm000011c9jFAAQ","Thiago Benjamin","Martinez","37161768","thiago.benjamin.martinez@gmail.com","+54 9 2860 1374","Alumno","DNI","Item Created"
"003bm000011c9jGAAQ","Clara","Ledesma","44508081","clara.ledesma@outlook.com","+54 9 2294 5934","Alumno","DNI","Item Created"
"003bm000011c9jHAAQ","Geronimo","Caceres","45402891","geronimo.caceres@outlook.com","+54 9 3616 2287","Alumno","DNI","Item Created"
"003bm000011c9jIAAQ","Juan Ignacio","Aguirre","30116169","juan.ignacio.aguirre@yahoo.com","+54 9 3321 8845","Alumno","DNI","Item Created"
"003bm000011c9jJAAQ","Victoria","Diaz","44563667","victoria.diaz@gmail.com","+54 9 3974 5366","Alumno","DNI","Item Created"
"003bm000011c9jKAAQ","Gabriel","Benitez","38925094","gabriel.benitez@yahoo.com","+54 9 2411 8929","Alumno","DNI","Item Created"
"003bm000011c9jLAAQ","Julieta","Lucero","45341622","julieta.lucero@gmail.com","+54 9 2991 6005","Alumno","DNI","Item Created"
"003bm000011c9jMAAQ","Candela","Pereyra","41575887","candela.pereyra@outlook.com","+54 9 3264 8389","Alumno","DNI","Item Created"
"003bm000011c9jNAAQ","Emma","Vazquez","44555423","emma.vazquez@yahoo.com","+54 9 3541 1746","Alumno","DNI","Item Created"
"003bm000011c9jOAAQ","Valentin","Acosta","40534516","valentin.acosta@yahoo.com","+54 9 3275 9629","Alumno","DNI","Item Created"
"003bm000011c9jPAAQ","Pedro","Alvarez","32932411","pedro.alvarez@hotmail.com","+54 9 3346 2180","Alumno","DNI","Item Created"
"003bm000011c9jQAAQ","Julieta","Gonzalez","41473248","julieta.gonzalez@yahoo.com","+54 9 3472 0478","Alumno","DNI","Item Created"
"003bm000011c9jRAAQ","Tomas","Rodriguez","35990190","tomas.rodriguez@yahoo.com","+54 9 3576 3251","Alumno","DNI","Item Created"
"003bm000011c9jSAAQ","Elena","Soria","40701939","elena.soria@hotmail.com","+54 9 3676 4345","Alumno","DNI","Item Created"
"003bm000011c9jTAAQ","Emma","Luna","45788790","emma.luna@yahoo.com","+54 9 2632 6016","Alumno","DNI","Item Created"
"003bm000011c9jUAAQ","Paloma","Aguero","43767499","paloma.aguero@yahoo.com","+54 9 2198 7505","Alumno","DNI","Item Created"
"003bm000011c9jVAAQ","Pilar","Blanco","35023742","pilar.blanco@hotmail.com","+54 9 2457 1189","Alumno","DNI","Item Created"
"003bm000011c9jWAAQ","Paloma","Alvarez","34146531","paloma.alvarez@yahoo.com","+54 9 2287 0519","Alumno","DNI","Item Created"
"003bm000011c9jXAAQ","Constanza","Maidana","30370016","constanza.maidana@gmail.com","+54 9 3858 7918","Alumno","DNI","Item Created"
"003bm000011c9jYAAQ","Mia Morena","Torres","30058812","","+54 9 2588 8829","Alumno","DNI","Item Created"
"003bm000011c9jZAAQ","Victoria","Pereyra","36083652","victoria.pereyra@outlook.com","+54 9 2474 3313","Alumno","DNI","Item Created"
"003bm000011c9jaAAA","Thiago Lionel","Flores","44419194","thiago.lionel.flores@outlook.com","+54 9 2150 6044","Alumno","DNI","Item Created"
"003bm000011c9jbAAA","Luz Milagros","Medina","35437650","luz.milagros.medina@outlook.com","+54 9 2492 6811","Alumno","DNI","Item Created"
"003bm000011c9jcAAA","Benjamin","Alvarez","38388641","benjamin.alvarez@outlook.com","+54 9 3174 8991","Alumno","DNI","Item Created"
"003bm000011c9jdAAA","Olivia","Miranda","34166651","olivia.miranda@yahoo.com","+54 9 3471 5217","Alumno","DNI","Item Created"
"003bm000011c9jeAAA","Valentina","Coronel","31593963","valentina.coronel@gmail.com","+54 9 2196 7061","Alumno","DNI","Item Created"
"003bm000011c9jfAAA","Pedro","Bustos","39129106","pedro.bustos@yahoo.com","+54 9 2390 2204","Alumno","DNI","Item Created"
"003bm000011c9jgAAA","Tomàs","Gonzalez","34059848","tomas.gonzalez@gmail.com","+54 9 3824 7495","Alumno","DNI","Item Created"
"003bm000011c9jhAAA","Tomas","Mansilla","35598228","tomas.mansilla@yahoo.com","+54 9 3297 5035","Alumno","DNI","Item Created"
"003bm000011c9jiAAA","Agostina","Rivero","35196112","agostina.rivero@hotmail.com","+54 9 3984 7134","Alumno","DNI","Item Created"
"003bm000011c9jjAAA","Thiago Agustin","Torres","33665133","thiago.agustin.torres@outlook.com","+54 9 2744 3520","Alumno","DNI","Item Created"
"003bm000011c9jkAAA","Luana","Gonzalez","31723879","luana.gonzalez@hotmail.com","+54 9 3937 0807","Alumno","DNI","Item Created"
"003bm000011c9jlAAA","Malena","Gomez","42892502","malena.gomez@yahoo.com","+54 9 3221 0394","Alumno","DNI","Item Created"
"003bm000011c9jmAAA","Franco","Perez","36725023","franco.perez@outlook.com","+54 9 2101 9113","Alumno","DNI","Item Created"
"003bm000011c9jnAAA","Lautaro","Carrizo","43720785","lautaro.carrizo@outlook.com","+54 9 2593 1249","Alumno","DNI","Item Created"
"003bm000011c9joAAA","Lucia","Ramos","31800702","","+54 9 3426 1752","Alumno","DNI","Item Created"
"003bm000011c9jpAAA","Catalina","Franco","42679506","catalina.franco@yahoo.com","+54 9 2126 5465","Alumno","DNI","Item Created"
"003bm000011c9jqAAA","Bautista","Gomez","40105729","bautista.gomez@outlook.com","+54 9 2863 1004","Alumno","DNI","Item Created"
"003bm000011c9jrAAA","Martina","Sanchez","40860494","martina.sanchez@outlook.com","+54 9 2497 0467","Alumno","DNI","Item Created"
"003bm000011c9jsAAA","Lucas Ezequiel","Fernandez","42331291","lucas.ezequiel.fernandez@yahoo.com","+54 9 2969 0729","Alumno","DNI","Item Created"
"003bm000011c9jtAAA","Bautista","Romero","44886400","bautista.romero@outlook.com","+54 9 3813 9647","Alumno","DNI","Item Created"
"003bm000011c9juAAA","Kiara","Vega","45609644","kiara.vega@outlook.com","+54 9 2249 9080","Alumno","DNI","Item Created"
"003bm000011c9jvAAA","Mateo Benjamin","Gimenez","31453197","mateo.benjamin.gimenez@gmail.com","+54 9 3453 6421","Alumno","DNI","Item Created"
"003bm000011c9jwAAA","Olivia","Torres","32196825","olivia.torres@outlook.com","+54 9 2889 5702","Alumno","DNI","Item Created"
"003bm000011c9jxAAA","Thiago Benjamin","Suarez","36392604","thiago.benjamin.suarez@outlook.com","+54 9 3868 8461","Alumno","DNI","Item Created"
"003bm000011c9jyAAA","Catalina","Acuña","30174396","catalina.acuna@gmail.com","+54 9 3472 3906","Alumno","DNI","Item Created"
"003bm000011c9jzAAA","Thiago Gabriel","Morales","40532051","thiago.gabriel.morales@hotmail.com","+54 9 2511 9172","Alumno","DNI","Item Created"
"003bm000011c9k0AAA","Valentina","Ledesma","39003369","valentina.ledesma@outlook.com","+54 9 2808 7111","Alumno","DNI","Item Created"
"003bm000011c9k1AAA","Juan Pablo","Suarez","32272850","juan.pablo.suarez@outlook.com","+54 9 3278 3178","Alumno","DNI","Item Created"
"003bm000011c9k2AAA","Olivia","Lopez","38406894","olivia.lopez@outlook.com","+54 9 2919 6333","Alumno","DNI","Item Created"
"003bm000011c9k3AAA","Juan Manuel","Gonzalez","39718327","juan.manuel.gonzalez@yahoo.com","+54 9 2255 7778","Alumno","DNI","Item Created"
"003bm000011c9k4AAA","Isabella","Benitez","43736953","isabella.benitez@hotmail.com","+54 9 2667 7027","Alumno","DNI","Item Created"
"003bm000011c9k5AAA","Emma","Diaz","34443405","emma.diaz@outlook.com","+54 9 2795 0602","Alumno","DNI","Item Created"
"003bm000011c9k6AAA","Isabella","Acosta","34711560","isabella.acosta@yahoo.com","+54 9 3396 0862","Alumno","DNI","Item Created"
"003bm000011c9k7AAA","Julian","Acuña","40446070","julian.acuna@outlook.com","+54 9 2233 6706","Alumno","DNI","Item Created"
"003bm000011c9k8AAA","Mateo Ezequiel","Caceres","45427332","mateo.ezequiel.caceres@hotmail.com","+54 9 3940 9207","Alumno","DNI","Item Created"
"003bm000011c9k9AAA","Mia Morena","Gonzalez","39308771","mia.morena.gonzalez@outlook.com","+54 9 2179 8775","Alumno","DNI","Item Created"
"003bm000011c9kAAAQ","Sofia","Gimenez","40496612","sofia.gimenez@yahoo.com","+54 9 2374 0267","Alumno","DNI","Item Created"
"003bm000011c9kBAAQ","Tobias","Acosta","40338924","tobias.acosta@gmail.com","+54 9 2279 0887","Alumno","DNI","Item Created"
"003bm000011c9kCAAQ","Tiziano","Torres","35155411","tiziano.torres@hotmail.com","+54 9 3483 9661","Alumno","DNI","Item Created"
"003bm000011c9kDAAQ","Felipe","Gonzalez","36839899","felipe.gonzalez@outlook.com","+54 9 3434 8901","Alumno","DNI","Item Created"
"003bm000011c9kEAAQ","Miguel Angel","Fernandez","43388966","miguel.angel.fernandez@yahoo.com","+54 9 3426 7701","Alumno","DNI","Item Created"
"003bm000011c9kFAAQ","Emanuel","Medina","35409911","emanuel.medina@gmail.com","+54 9 3945 3357","Alumno","DNI","Item Created"
"003bm000011c9kGAAQ","Nicolas","Ramirez","37345680","nicolas.ramirez@yahoo.com","+54 9 2984 6553","Alumno","DNI","Item Created"
"003bm000011c9kHAAQ","Ian","Herrera","39500363","ian.herrera@gmail.com","+54 9 2744 8221","Alumno","DNI","Item Created"
"003bm000011c9kIAAQ","Mia Valentina","Molina","43312078","mia.valentina.molina@hotmail.com","+54 9 2297 0399","Alumno","DNI","Item Created"
"003bm000011c9kJAAQ","Joaquin","Fernandez","43549185","joaquin.fernandez@hotmail.com","+54 9 3718 3602","Alumno","DNI","Item Created"
"003bm000011c9kKAAQ","Micaela","Lopez","32430086","micaela.lopez@yahoo.com","+54 9 2212 7030","Alumno","DNI","Item Created"
"003bm000011c9kLAAQ","Guadalupe","Ruiz","41886872","guadalupe.ruiz@outlook.com","+54 9 3461 7808","Alumno","DNI","Item Created"
"003bm000011c9kMAAQ","Lorenzo","Herrera","33663590","","+54 9 3998 6990","Alumno","DNI","Item Created"
"003bm000011c9kNAAQ","Thiago Joaquin","Gimenez","43483992","thiago.joaquin.gimenez@yahoo.com","+54 9 3834 5945","Alumno","DNI","Item Created"
"003bm000011c9kOAAQ","Thiago Nicolas","Cordoba","42758944","thiago.nicolas.cordoba@gmail.com","+54 9 3444 2890","Alumno","DNI","Item Created"
"003bm000011c9kPAAQ","Joaquin","Flores","33353040","joaquin.flores@gmail.com","+54 9 2845 8115","Alumno","DNI","Item Created"
"003bm000011c9kQAAQ","Maria Victoria","Bravo","34759191","maria.victoria.bravo@hotmail.com","+54 9 2260 1623","Alumno","DNI","Item Created"
"003bm000011c9kRAAQ","Miguel Angel","Valdez","35212815","miguel.angel.valdez@hotmail.com","+54 9 3576 9991","Alumno","DNI","Item Created"
"003bm000011c9kSAAQ","Maria Guadalupe","Peralta","32143636","maria.guadalupe.peralta@gmail.com","+54 9 3813 1631","Alumno","DNI","Item Created"
"003bm000011c9kTAAQ","Maximo","Gonzalez","32449620","maximo.gonzalez@outlook.com","+54 9 3759 1737","Alumno","DNI","Item Created"
"003bm000011c9kUAAQ","Thiago","Ponce","41883892","thiago.ponce@gmail.com","+54 9 2697 8811","Alumno","DNI","Item Created"
"003bm000011c9kVAAQ","Bautista Benjamin","Miranda","37155742","bautista.benjamin.miranda@yahoo.com","+54 9 3946 0891","Alumno","DNI","Item Created"
"003bm000011c9kWAAQ","Benjamin Ezequiel","Ferreyra","45743513","benjamin.ezequiel.ferreyra@gmail.com","+54 9 3157 0890","Alumno","DNI","Item Created"
"003bm000011c9kXAAQ","Augusto","Medina","41597245","augusto.medina@hotmail.com","+54 9 2630 1109","Alumno","DNI","Item Created"
"003bm000011c9kYAAQ","Sofia Belen","Benitez","31295512","sofia.belen.benitez@gmail.com","+54 9 2465 5624","Alumno","DNI","Item Created"
"003bm000011c9kZAAQ","Simon","Coronel","42321650","simon.coronel@hotmail.com","+54 9 2987 5461","Alumno","DNI","Item Created"
"003bm000011c9kaAAA","Mateo","Pereyra","31326547","mateo.pereyra@yahoo.com","+54 9 3173 2926","Alumno","DNI","Item Created"
"003bm000011c9kbAAA","Sofia","Morales","38866674","sofia.morales@outlook.com","+54 9 3891 4602","Alumno","DNI","Item Created"
"003bm000011c9kcAAA","Francesca","Acuña","41109574","francesca.acuna@outlook.com","+54 9 2164 9052","Alumno","DNI","Item Created"
"003bm000011c9kdAAA","Lautaro Ezequiel","Martinez","44113409","lautaro.ezequiel.martinez@outlook.com","+54 9 2801 8475","Alumno","DNI","Item Created"
"003bm000011c9keAAA","Tiziano Benjamin","Garcia","40434897","tiziano.benjamin.garcia@hotmail.com","+54 9 2929 4952","Alumno","DNI","Item Created"
"003bm000011c9kfAAA","Camila","Lopez","42590810","camila.lopez@hotmail.com","+54 9 2866 9837","Alumno","DNI","Item Created"
"003bm000011c9kgAAA","Isabella","Rojas","38338168","isabella.rojas@gmail.com","+54 9 3669 1091","Alumno","DNI","Item Created"
"003bm000011c9khAAA","Elena","Morales","42810923","elena.morales@outlook.com","+54 9 2276 2771","Alumno","DNI","Item Created"
"003bm000011c9kiAAA","Lorenzo","Rodriguez","33225144","lorenzo.rodriguez@yahoo.com","+54 9 3313 2806","Alumno","DNI","Item Created"
"003bm000011c9kjAAA","Francesca","Juarez","33387615","francesca.juarez@gmail.com","+54 9 2100 2133","Alumno","DNI","Item Created"
"003bm000011c9kkAAA","Kiara","Cardozo","39430035","kiara.cardozo@outlook.com","+54 9 2494 1634","Alumno","DNI","Item Created"
"003bm000011c9klAAA","Violeta","Gomez","35449166","violeta.gomez@outlook.com","+54 9 2728 4262","Alumno","DNI","Item Created"
"003bm000011c9kmAAA","Valentin","Medina","44791193","valentin.medina@gmail.com","+54 9 2274 4510","Alumno","DNI","Item Created"
"003bm000011c9knAAA","Felipe","Sosa","41941216","felipe.sosa@hotmail.com","+54 9 3822 9392","Alumno","DNI","Item Created"
"003bm000011c9koAAA","Francesca","Alvarez","31352683","francesca.alvarez@outlook.com","+54 9 2291 8928","Alumno","DNI","Item Created"
"003bm000011c9kpAAA","Nicolas","Suarez","39777873","nicolas.suarez@yahoo.com","+54 9 2804 9821","Alumno","DNI","Item Created"
"003bm000011c9kqAAA","Felipe","Quiroga","31205804","felipe.quiroga@yahoo.com","+54 9 3135 8421","Alumno","DNI","Item Created"
"003bm000011c9krAAA","Bautista Benjamin","Rodriguez","38290265","bautista.benjamin.rodriguez@yahoo.com","+54 9 3894 0104","Alumno","DNI","Item Created"
"003bm000011c9ksAAA","Benjamin","Rios","43773004","benjamin.rios@hotmail.com","+54 9 3138 8805","Alumno","DNI","Item Created"
"003bm000011c9ktAAA","Martina","Ruiz","40886471","martina.ruiz@outlook.com","+54 9 2578 9149","Alumno","DNI","Item Created"
"003bm000011c9kuAAA","Lautaro Benjamin","Benitez","30723545","lautaro.benjamin.benitez@gmail.com","+54 9 3146 3065","Alumno","DNI","Item Created"
"003bm000011c9kvAAA","Zoe Valentina","Rios","39099433","zoe.valentina.rios@gmail.com","+54 9 2322 5982","Alumno","DNI","Item Created"
"003bm000011c9kwAAA","Felicitas","Rios","42378567","felicitas.rios@hotmail.com","+54 9 2442 5152","Alumno","DNI","Item Created"
"003bm000011c9kxAAA","Juan Ignacio","Rodriguez","41171969","juan.ignacio.rodriguez@gmail.com","+54 9 3473 5907","Alumno","DNI","Item Created"
"003bm000011c9kyAAA","Emanuel","Villalba","40328227","emanuel.villalba@gmail.com","+54 9 3228 7687","Alumno","DNI","Item Created"
"003bm000011c9kzAAA","Santino","Barrios","30126752","santino.barrios@hotmail.com","+54 9 3148 8939","Alumno","DNI","Item Created"
"003bm000011c9l0AAA","Augusto","Flores","30926558","augusto.flores@yahoo.com","+54 9 3704 5207","Alumno","DNI","Item Created"
"003bm000011c9l1AAA","Felipe","Diaz","41297634","felipe.diaz@yahoo.com","+54 9 2874 8240","Alumno","DNI","Item Created"
"003bm000011c9l2AAA","Lautaro Benjamin","Fernandez","35188238","lautaro.benjamin.fernandez@yahoo.com","+54 9 2450 2897","Alumno","DNI","Item Created"
"003bm000011c9l3AAA","Agustín","Martinez","41829357","agustin.martinez@outlook.com","+54 9 3467 3084","Alumno","DNI","Item Created"
"003bm000011c9l4AAA","Victoria","Gomez","39157120","victoria.gomez@outlook.com","+54 9 3310 3142","Alumno","DNI","Item Created"
"003bm000011c9l5AAA","Mia","Rodriguez","35440459","mia.rodriguez@yahoo.com","+54 9 3104 4901","Alumno","DNI","Item Created"
"003bm000011c9l6AAA","Sofía","Aguirre","42849061","sofia.aguirre@yahoo.com","+54 9 2393 2267","Alumno","DNI","Item Created"
"003bm000011c9l7AAA","Thiago Benjamin","Carrizo","37099184","thiago.benjamin.carrizo@gmail.com","+54 9 3301 2233","Alumno","DNI","Item Created"
"003bm000011c9l8AAA","Agustin","Garcia","32099618","agustin.garcia@yahoo.com","+54 9 3791 4083","Alumno","DNI","Item Created"
"003bm000011c9l9AAA","Felipe","Ojeda","45076126","felipe.ojeda@hotmail.com","+54 9 2214 5024","Alumno","DNI","Item Created"
"003bm000011c9lAAAQ","Olivia","Soto","40371152","olivia.soto@outlook.com","+54 9 2701 8989","Alumno","DNI","Item Created"
"003bm000011c9lBAAQ","Maria Emilia","Valdez","31868622","maria.emilia.valdez@gmail.com","+54 9 2483 6060","Alumno","DNI","Item Created"
"003bm000011c9lCAAQ","Isabella","Sanchez","39924190","isabella.sanchez@hotmail.com","+54 9 2622 1510","Alumno","DNI","Item Created"
"003bm000011c9lDAAQ","Bautista","Dominguez","42419781","bautista.dominguez@gmail.com","+54 9 2354 1372","Alumno","DNI","Item Created"
"003bm000011c9lEAAQ","Agustina","Ojeda","43068884","agustina.ojeda@outlook.com","+54 9 2566 6034","Alumno","DNI","Item Created"
"003bm000011c9lFAAQ","Lautaro","Gonzalez","39822223","lautaro.gonzalez@outlook.com","+54 9 3142 2701","Alumno","DNI","Item Created"
"003bm000011c9lGAAQ","Tiziana","Perez","37024637","tiziana.perez@hotmail.com","+54 9 3992 6102","Alumno","DNI","Item Created"
"003bm000011c9lHAAQ","Juan Martin","Figueroa","45055136","juan.martin.figueroa@yahoo.com","+54 9 3194 0163","Alumno","DNI","Item Created"
"003bm000011c9lIAAQ","Santiago","Diaz","42928321","santiago.diaz@gmail.com","+54 9 2215 6625","Alumno","DNI","Item Created"
"003bm000011c9lJAAQ","Francesco","Gomez","31730247","francesco.gomez@outlook.com","+54 9 2840 7754","Alumno","DNI","Item Created"
"003bm000011c9lKAAQ","Bautista","Flores","35674650","bautista.flores@yahoo.com","+54 9 2903 9861","Alumno","DNI","Item Created"
"003bm000011c9lLAAQ","Nina","Perez","37949128","nina.perez@hotmail.com","+54 9 2327 0565","Alumno","DNI","Item Created"
"003bm000011c9lMAAQ","Benjamin","Avila","34801591","benjamin.avila@yahoo.com","+54 9 2399 3699","Alumno","DNI","Item Created"
"003bm000011c9lNAAQ","Lucía","Olivera","43416352","lucia.olivera@outlook.com","+54 9 2167 4983","Alumno","DNI","Item Created"
"003bm000011c9lOAAQ","Tomàs","Molina","41763206","tomas.molina@outlook.com","+54 9 2458 3458","Alumno","DNI","Item Created"
"003bm000011c9lPAAQ","Benicio","Roldan","36326296","benicio.roldan@hotmail.com","+54 9 2232 7266","Alumno","DNI","Item Created"
"003bm000011c9lQAAQ","Santiago Benjamin","Lopez","32808702","santiago.benjamin.lopez@gmail.com","+54 9 3826 4907","Alumno","DNI","Item Created"
"003bm000011c9lRAAQ","Augusto","Fernandez","30413264","augusto.fernandez@yahoo.com","+54 9 3927 1284","Alumno","DNI","Item Created"
"003bm000011c9lSAAQ","Martín","Alvarez","42124538","martin.alvarez@outlook.com","+54 9 2507 2867","Alumno","DNI","Item Created"
"003bm000011c9lTAAQ","Thiago Gabriel","Flores","33493292","thiago.gabriel.flores@hotmail.com","+54 9 2200 6549","Alumno","DNI","Item Created"
"003bm000011c9lUAAQ","Sofia","Gutierrez","44594931","sofia.gutierrez@yahoo.com","+54 9 3472 4097","Alumno","DNI","Item Created"
"003bm000011c9lVAAQ","Martina","Molina","31366271","martina.molina@gmail.com","+54 9 2319 5813","Alumno","DNI","Item Created"
"003bm000011c9lWAAQ","Juan Cruz","Fernandez","40665974","juan.cruz.fernandez@hotmail.com","+54 9 3983 4184","Alumno","DNI","Item Created"
"003bm000011c9lXAAQ","Valentino","Ponce","37268989","valentino.ponce@outlook.com","+54 9 2771 2686","Alumno","DNI","Item Created"
"003bm000011c9lYAAQ","Jazmin","Coronel","33630695","jazmin.coronel@gmail.com","+54 9 3947 7879","Alumno","DNI","Item Created"
"003bm000011c9lZAAQ","Matias","Ponce","33556417","","+54 9 3311 8454","Alumno","DNI","Item Created"
"003bm000011c9laAAA","Amparo","Roldan","32578687","","+54 9 3465 8880","Alumno","DNI","Item Created"
"003bm000011c9lbAAA","Juan Ignacio","Cruz","40993683","juan.ignacio.cruz@gmail.com","+54 9 3683 6890","Alumno","DNI","Item Created"
"003bm000011c9lcAAA","Felipe","Paez","45842940","felipe.paez@gmail.com","+54 9 3135 6997","Alumno","DNI","Item Created"
"003bm000011c9ldAAA","Francesca","Garcia","41950086","francesca.garcia@hotmail.com","+54 9 3782 6468","Alumno","DNI","Item Created"
"003bm000011c9leAAA","Pilar","Rodriguez","36794996","pilar.rodriguez@outlook.com","+54 9 3494 9969","Alumno","DNI","Item Created"
"003bm000011c9lfAAA","Nicolas","Ayala","39579403","nicolas.ayala@yahoo.com","+54 9 3989 1667","Alumno","DNI","Item Created"
"003bm000011c9lgAAA","Agostina","Martin","45819512","agostina.martin@yahoo.com","+54 9 2973 7775","Alumno","DNI","Item Created"
"003bm000011c9lhAAA","Santiago","Diaz","33429749","santiago.diaz@hotmail.com","+54 9 2566 2085","Alumno","DNI","Item Created"
"003bm000011c9liAAA","Geronimo","Ramirez","33035804","","+54 9 2997 5339","Alumno","DNI","Item Created"
"003bm000011c9ljAAA","Santiago","Vera","45170259","santiago.vera@hotmail.com","+54 9 2663 6938","Alumno","DNI","Item Created"
"003bm000011c9lkAAA","Thiago Benjamin","Gonzalez","36031653","thiago.benjamin.gonzalez@gmail.com","+54 9 2821 1399","Alumno","DNI","Item Created"
"003bm000011c9llAAA","Maite","Villalba","35627041","maite.villalba@outlook.com","+54 9 3960 6282","Alumno","DNI","Item Created"
"003bm000011c9lmAAA","Alejo","Lopez","33753511","alejo.lopez@hotmail.com","+54 9 2129 9549","Alumno","DNI","Item Created"
"003bm000011c9lnAAA","Emilia","Rodriguez","36878477","emilia.rodriguez@outlook.com","+54 9 2658 0367","Alumno","DNI","Item Created"
"003bm000011c9loAAA","Emma","Lopez","45968790","emma.lopez@outlook.com","+54 9 2848 2153","Alumno","DNI","Item Created"
"003bm000011c9lpAAA","Isabella","Fernandez","31188805","isabella.fernandez@hotmail.com","+54 9 3212 7662","Alumno","DNI","Item Created"
"003bm000011c9lqAAA","Juan Manuel","Luna","33247205","juan.manuel.luna@yahoo.com","+54 9 2908 3475","Alumno","DNI","Item Created"
"003bm000011c9lrAAA","Valentina ","Suarez","30763137","valentina..suarez@gmail.com","+54 9 3834 3966","Alumno","DNI","Item Created"
"003bm000011c9lsAAA","Alvaro","Guzman","41077276","alvaro.guzman@outlook.com","+54 9 2232 0812","Alumno","DNI","Item Created"
"003bm000011c9ltAAA","Alma","Acosta","45303367","alma.acosta@yahoo.com","+54 9 3979 6634","Alumno","DNI","Item Created"
"003bm000011c9luAAA","Joaquin","Romero","30089193","joaquin.romero@gmail.com","+54 9 3788 7975","Alumno","DNI","Item Created"
"003bm000011c9pAAAQ","Lucía","Gonzalez","30445334","lucia.gonzalez@hotmail.com","+54 9 3641 4214","Alumno","DNI","Item Created"
"003bm000011c9pBAAQ","Ignacio","Moyano","36659139","ignacio.moyano@hotmail.com","+54 9 3378 9602","Alumno","DNI","Item Created"
"003bm000011c9pCAAQ","Guadalupe","Ojeda","32698751","guadalupe.ojeda@gmail.com","+54 9 2824 8204","Alumno","DNI","Item Created"
"003bm000011c9pDAAQ","Dylan Ezequiel","Rodriguez","41998415","dylan.ezequiel.rodriguez@outlook.com","+54 9 2713 2323","Alumno","DNI","Item Created"
"003bm000011c9pEAAQ","Benjamin","Luna","45383156","benjamin.luna@yahoo.com","+54 9 2521 9219","Alumno","DNI","Item Created"
"003bm000011c9pFAAQ","Guadalupe","Sosa","44713988","guadalupe.sosa@outlook.com","+54 9 3273 2380","Alumno","DNI","Item Created"
"003bm000011c9pGAAQ","Catalina","Rios","36349870","catalina.rios@hotmail.com","+54 9 3441 0122","Alumno","DNI","Item Created"
"003bm000011c9pHAAQ","Tiziano Benjamin","Gomez","31230787","tiziano.benjamin.gomez@gmail.com","+54 9 2799 4843","Alumno","DNI","Item Created"
"003bm000011c9pIAAQ","Bruno","Gomez","42242735","bruno.gomez@outlook.com","+54 9 2623 2722","Alumno","DNI","Item Created"
"003bm000011c9pJAAQ","Benicio","Martinez","45385368","benicio.martinez@gmail.com","+54 9 2572 2586","Alumno","DNI","Item Created"
"003bm000011c9pKAAQ","Thiago Leonel","Gonzalez","44807676","thiago.leonel.gonzalez@outlook.com","+54 9 3846 5462","Alumno","DNI","Item Created"
"003bm000011c9pLAAQ","Ian Benjamin","Moyano","31263287","ian.benjamin.moyano@outlook.com","+54 9 2936 9912","Alumno","DNI","Item Created"
"003bm000011c9pMAAQ","Bianca","Gonzalez","34864189","bianca.gonzalez@outlook.com","+54 9 3785 8770","Alumno","DNI","Item Created"
"003bm000011c9pNAAQ","Thiago Leonel","Gomez","34077479","thiago.leonel.gomez@outlook.com","+54 9 2178 4032","Alumno","DNI","Item Created"
"003bm000011c9pOAAQ","Emma","Perez","39164387","emma.perez@gmail.com","+54 9 3391 7027","Alumno","DNI","Item Created"
"003bm000011c9pPAAQ","Valentina ","Gomez","33267106","valentina..gomez@gmail.com","+54 9 2537 5989","Alumno","DNI","Item Created"
"003bm000011c9pQAAQ","Sofia","Flores","44242303","sofia.flores@hotmail.com","+54 9 2831 8762","Alumno","DNI","Item Created"
"003bm000011c9pRAAQ","Juan Ignacio","Gomez","31692100","juan.ignacio.gomez@hotmail.com","+54 9 2455 6657","Alumno","DNI","Item Created"
"003bm000011c9pSAAQ","Agustina","Torres","42132790","agustina.torres@gmail.com","+54 9 2124 3093","Alumno","DNI","Item Created"
"003bm000011c9pTAAQ","Lorenzo","Gonzalez","39842417","lorenzo.gonzalez@hotmail.com","+54 9 2891 3674","Alumno","DNI","Item Created"
"003bm000011c9pUAAQ","Juan Bautista","Gomez","44120543","juan.bautista.gomez@outlook.com","+54 9 2752 4496","Alumno","DNI","Item Created"
"003bm000011c9pVAAQ","Joaquín","Sosa","31379248","joaquin.sosa@outlook.com","+54 9 2975 2269","Alumno","DNI","Item Created"
"003bm000011c9pWAAQ","Bautista","Velazquez","33885760","bautista.velazquez@outlook.com","+54 9 3632 0670","Alumno","DNI","Item Created"
"003bm000011c9pXAAQ","Bautista","Romero","33338311","bautista.romero@gmail.com","+54 9 2879 1991","Alumno","DNI","Item Created"
"003bm000011c9pYAAQ","Mia","Gomez","45633220","mia.gomez@hotmail.com","+54 9 3867 4637","Alumno","DNI","Item Created"
"003bm000011c9pZAAQ","Federico","Gomez","41003214","federico.gomez@hotmail.com","+54 9 3475 5648","Alumno","DNI","Item Created"
"003bm000011c9paAAA","Valentino","Cardozo","40348880","valentino.cardozo@yahoo.com","+54 9 3586 9893","Alumno","DNI","Item Created"
"003bm000011c9pbAAA","Isabella","Perez","31438321","isabella.perez@yahoo.com","+54 9 2939 5443","Alumno","DNI","Item Created"
"003bm000011c9pcAAA","Franco","Sanchez","31185224","franco.sanchez@yahoo.com","+54 9 2993 6412","Alumno","DNI","Item Created"
"003bm000011c9pdAAA","Juliana","Ramos","31134185","juliana.ramos@hotmail.com","+54 9 2907 3471","Alumno","DNI","Item Created"
"003bm000011c9peAAA","Maite","Farias","38542906","maite.farias@yahoo.com","+54 9 2945 8137","Alumno","DNI","Item Created"
"003bm000011c9pfAAA","Olivia","Flores","35740137","olivia.flores@gmail.com","+54 9 2768 7292","Alumno","DNI","Item Created"
"003bm000011c9pgAAA","Lautaro","Luna","38832034","lautaro.luna@outlook.com","+54 9 2513 4886","Alumno","DNI","Item Created"
"003bm000011c9phAAA","Mia Jazmin","Sosa","45256650","mia.jazmin.sosa@yahoo.com","+54 9 2604 7877","Alumno","DNI","Item Created"
"003bm000011c9piAAA","Santiago","Peralta","36313373","santiago.peralta@yahoo.com","+54 9 2543 8160","Alumno","DNI","Item Created"
"003bm000011c9pjAAA","Juan Cruz","Ruiz","45850941","juan.cruz.ruiz@outlook.com","+54 9 3668 2851","Alumno","DNI","Item Created"
"003bm000011c9pkAAA","Morena","Luna","44775708","morena.luna@yahoo.com","+54 9 2846 0677","Alumno","DNI","Item Created"
"003bm000011c9plAAA","Thiago Valentin","Flores","32085812","thiago.valentin.flores@gmail.com","+54 9 3325 6099","Alumno","DNI","Item Created"
"003bm000011c9pmAAA","Jazmin","Roldan","37935165","jazmin.roldan@outlook.com","+54 9 2493 1713","Alumno","DNI","Item Created"
"003bm000011c9pnAAA","Emilia","Rios","36744678","emilia.rios@gmail.com","+54 9 2362 2911","Alumno","DNI","Item Created"
"003bm000011c9poAAA","Martina","Garcia","40069107","martina.garcia@gmail.com","+54 9 2881 9157","Alumno","DNI","Item Created"
"003bm000011c9ppAAA","Ciro","Nuñez","40214433","ciro.nunez@hotmail.com","+54 9 2659 3467","Alumno","DNI","Item Created"
"003bm000011c9pqAAA","Bruno","Herrera","32259990","bruno.herrera@gmail.com","+54 9 2334 4971","Alumno","DNI","Item Created"
"003bm000011c9prAAA","Ciro","Bustos","30437958","ciro.bustos@gmail.com","+54 9 3627 0325","Alumno","DNI","Item Created"
"003bm000011c9psAAA","Lautaro Benjamin","Castro","31921360","lautaro.benjamin.castro@gmail.com","+54 9 2692 1416","Alumno","DNI","Item Created"
"003bm000011c9ptAAA","Abril","Sosa","39268069","abril.sosa@gmail.com","+54 9 3331 4281","Alumno","DNI","Item Created"
"003bm000011c9puAAA","Maria Victoria","Ruiz","38689454","maria.victoria.ruiz@gmail.com","+54 9 2207 6028","Alumno","DNI","Item Created"
"003bm000011c9pvAAA","Dante","Vargas","34845546","dante.vargas@hotmail.com","+54 9 2629 6000","Alumno","DNI","Item Created"
"003bm000011c9pwAAA","Clara","Alvarez","43023911","clara.alvarez@yahoo.com","+54 9 2816 0515","Alumno","DNI","Item Created"
"003bm000011c9pxAAA","Jazmin","Sosa","36907787","jazmin.sosa@outlook.com","+54 9 2775 9254","Alumno","DNI","Item Created"
"003bm000011c9pyAAA","Olivia","Rodriguez","30566758","olivia.rodriguez@gmail.com","+54 9 3464 1700","Alumno","DNI","Item Created"
"003bm000011c9pzAAA","Valentin","Perez","37261587","valentin.perez@outlook.com","+54 9 2898 6859","Alumno","DNI","Item Created"
"003bm000011c9q0AAA","Thiago Benjamin","Sanchez","39041016","thiago.benjamin.sanchez@gmail.com","+54 9 2385 8705","Alumno","DNI","Item Created"
"003bm000011c9q1AAA","Delfina","Acosta","32169352","delfina.acosta@outlook.com","+54 9 2578 7523","Alumno","DNI","Item Created"
"003bm000011c9q2AAA","Dylan Benjamin","Medina","33922912","dylan.benjamin.medina@outlook.com","+54 9 2180 5550","Alumno","DNI","Item Created"
"003bm000011c9q3AAA","Mateo","Ramirez","31594777","mateo.ramirez@outlook.com","+54 9 3476 1002","Alumno","DNI","Item Created"
"003bm000011c9q4AAA","Lautaro","Soto","42266843","lautaro.soto@gmail.com","+54 9 3164 7741","Alumno","DNI","Item Created"
"003bm000011c9q5AAA","Francesca","Barrios","45826183","francesca.barrios@outlook.com","+54 9 2740 0345","Alumno","DNI","Item Created"
"003bm000011c9q6AAA","Lorenzo","Martin","37454570","lorenzo.martin@yahoo.com","+54 9 3629 4107","Alumno","DNI","Item Created"
"003bm000011c9q7AAA","Francesca","Sosa","41129177","","+54 9 3263 6818","Alumno","DNI","Item Created"
"003bm000011c9q8AAA","Alma","Rodriguez","32099297","alma.rodriguez@yahoo.com","+54 9 2746 8806","Alumno","DNI","Item Created"
"003bm000011c9q9AAA","Catalina","Diaz","31599603","catalina.diaz@hotmail.com","+54 9 2408 8941","Alumno","DNI","Item Created"
"003bm000011c9qAAAQ","Alma","Perez","33699765","alma.perez@hotmail.com","+54 9 3664 5122","Alumno","DNI","Item Created"
"003bm000011c9qBAAQ","Bianca","Silva","35579453","bianca.silva@outlook.com","+54 9 2534 1155","Alumno","DNI","Item Created"
"003bm000011c9qCAAQ","Ignacio","Gonzalez","34070539","ignacio.gonzalez@gmail.com","+54 9 2368 8357","Alumno","DNI","Item Created"
"003bm000011c9qDAAQ","Tiziana","Gonzalez","37054065","","+54 9 2494 4893","Alumno","DNI","Item Created"
"003bm000011c9qEAAQ","Ciro","Rodriguez","34631318","ciro.rodriguez@yahoo.com","+54 9 2847 7119","Alumno","DNI","Item Created"
"003bm000011c9qFAAQ","Delfina","Diaz","45181550","delfina.diaz@outlook.com","+54 9 3913 7400","Alumno","DNI","Item Created"
"003bm000011c9qGAAQ","Pedro","Lucero","40818237","pedro.lucero@yahoo.com","+54 9 3557 7108","Alumno","DNI","Item Created"
"003bm000011c9qHAAQ","Juana","Soto","45426738","juana.soto@gmail.com","+54 9 3811 4474","Alumno","DNI","Item Created"
"003bm000011c9qIAAQ","Santino","Gonzalez","35543489","santino.gonzalez@gmail.com","+54 9 2703 1064","Alumno","DNI","Item Created"
"003bm000011c9qJAAQ","Samuel","Silva","40776019","samuel.silva@outlook.com","+54 9 3546 2542","Alumno","DNI","Item Created"
"003bm000011c9qKAAQ","Santino","Villalba","43771658","santino.villalba@outlook.com","+54 9 3603 7640","Alumno","DNI","Item Created"
"003bm000011c9qLAAQ","Thiago Benjamin","Romero","34715773","thiago.benjamin.romero@outlook.com","+54 9 3605 8576","Alumno","DNI","Item Created"
"003bm000011c9qMAAQ","Julian","Perez","43695456","julian.perez@outlook.com","+54 9 3364 0937","Alumno","DNI","Item Created"
"003bm000011c9qNAAQ","Maria Victoria","Diaz","32151241","maria.victoria.diaz@outlook.com","+54 9 2530 2803","Alumno","DNI","Item Created"
"003bm000011c9qOAAQ","Valentina ","Fernandez","33130984","valentina..fernandez@yahoo.com","+54 9 2451 6282","Alumno","DNI","Item Created"
"003bm000011c9qPAAQ","Jeronimo","Arias","42280040","jeronimo.arias@hotmail.com","+54 9 3493 4405","Alumno","DNI","Item Created"
"003bm000011c9qQAAQ","Lautaro","Franco","35325959","lautaro.franco@gmail.com","+54 9 3794 0608","Alumno","DNI","Item Created"
"003bm000011c9qRAAQ","Francesca","Quiroga","39402003","francesca.quiroga@yahoo.com","+54 9 2402 0580","Alumno","DNI","Item Created"
"003bm000011c9qSAAQ","Morena Jazmin","Rivero","37083223","morena.jazmin.rivero@hotmail.com","+54 9 2396 0275","Alumno","DNI","Item Created"
"003bm000011c9qTAAQ","Sofia","Benitez","44780393","sofia.benitez@gmail.com","+54 9 2247 9330","Alumno","DNI","Item Created"
"003bm000011c9qUAAQ","Jazmin","Figueroa","33506985","","+54 9 3622 1648","Alumno","DNI","Item Created"
"003bm000011c9qVAAQ","Valentina","Rivero","42576713","valentina.rivero@yahoo.com","+54 9 2165 8078","Alumno","DNI","Item Created"
"003bm000011c9qWAAQ","Ambar","Benitez","39856178","ambar.benitez@hotmail.com","+54 9 2801 5416","Alumno","DNI","Item Created"
"003bm000011c9qXAAQ","Candelaria","Vazquez","43010564","candelaria.vazquez@hotmail.com","+54 9 2233 0908","Alumno","DNI","Item Created"
"003bm000011c9qYAAQ","Thiago Daniel","Gonzalez","30339434","thiago.daniel.gonzalez@yahoo.com","+54 9 2217 6392","Alumno","DNI","Item Created"
"003bm000011c9qZAAQ","Josefina","Castillo","40133866","josefina.castillo@outlook.com","+54 9 3540 3797","Alumno","DNI","Item Created"
"003bm000011c9qaAAA","Matias","Mendoza","42799422","matias.mendoza@gmail.com","+54 9 2795 0884","Alumno","DNI","Item Created"
"003bm000011c9qbAAA","Tomas Benjamin","Martinez","38162732","tomas.benjamin.martinez@gmail.com","+54 9 2415 9046","Alumno","DNI","Item Created"
"003bm000011c9qcAAA","Facundo","Lopez","39216162","facundo.lopez@outlook.com","+54 9 3678 2102","Alumno","DNI","Item Created"
"003bm000011c9qdAAA","Thiago Ezequiel","Herrera","30365765","thiago.ezequiel.herrera@yahoo.com","+54 9 3949 9501","Alumno","DNI","Item Created"
"003bm000011c9qeAAA","Kiara","Fernandez","37550168","kiara.fernandez@yahoo.com","+54 9 2356 7343","Alumno","DNI","Item Created"
"003bm000011c9qfAAA","Dante","Lopez","39691054","dante.lopez@hotmail.com","+54 9 3829 3464","Alumno","DNI","Item Created"
"003bm000011c9qgAAA","Milagros","Arias","34529542","milagros.arias@gmail.com","+54 9 3313 3516","Alumno","DNI","Item Created"
"003bm000011c9qhAAA","Lautaro","Valdez","34255143","lautaro.valdez@hotmail.com","+54 9 2758 1224","Alumno","DNI","Item Created"
"003bm000011c9qiAAA","Lorenzo","Fernandez","39001607","lorenzo.fernandez@hotmail.com","+54 9 3350 2779","Alumno","DNI","Item Created"
"003bm000011c9qjAAA","Ignacio","Ruiz","37849139","ignacio.ruiz@gmail.com","+54 9 3588 9837","Alumno","DNI","Item Created"
"003bm000011c9qkAAA","Ian Ezequiel","Carrizo","42677307","ian.ezequiel.carrizo@gmail.com","+54 9 2218 5047","Alumno","DNI","Item Created"
"003bm000011c9qlAAA","Candelaria","Benitez","36514168","candelaria.benitez@gmail.com","+54 9 2535 7985","Alumno","DNI","Item Created"
"003bm000011c9qmAAA","Juan Sebastian","Romero","33444595","juan.sebastian.romero@gmail.com","+54 9 2582 0532","Alumno","DNI","Item Created"
"003bm000011c9qnAAA","Bruno","Pereyra","37253616","bruno.pereyra@gmail.com","+54 9 3157 6195","Alumno","DNI","Item Created"
"003bm000011c9qoAAA","Alma Valentina","Molina","30782743","alma.valentina.molina@outlook.com","+54 9 2479 6504","Alumno","DNI","Item Created"
"003bm000011c9qpAAA","Julieta","Figueroa","38724522","julieta.figueroa@outlook.com","+54 9 3893 0912","Alumno","DNI","Item Created"
"003bm000011c9qqAAA","Juana","Gomez","33857648","juana.gomez@yahoo.com","+54 9 3375 2886","Alumno","DNI","Item Created"
"003bm000011c9qrAAA","Victoria","Bustos","35471829","victoria.bustos@yahoo.com","+54 9 3491 4998","Alumno","DNI","Item Created"
"003bm000011c9qsAAA","Benjamin","Herrera","40051444","benjamin.herrera@yahoo.com","+54 9 3584 5295","Alumno","DNI","Item Created"
"003bm000011c9qtAAA","Emma","Vazquez","44912505","emma.vazquez@outlook.com","+54 9 2537 3053","Alumno","DNI","Item Created"
"003bm000011c9quAAA","Delfina","Aguirre","32864447","delfina.aguirre@yahoo.com","+54 9 2228 1078","Alumno","DNI","Item Created"
"003bm000011c9qvAAA","Bautista","Torres","43991901","bautista.torres@yahoo.com","+54 9 3821 7001","Alumno","DNI","Item Created"
"003bm000011c9qwAAA","Benjamin","Sosa","33696189","benjamin.sosa@yahoo.com","+54 9 3981 2286","Alumno","DNI","Item Created"
"003bm000011c9qxAAA","Alfonsina","Medina","41848705","alfonsina.medina@outlook.com","+54 9 3389 8678","Alumno","DNI","Item Created"
"003bm000011c9qyAAA","Juan Manuel","Castro","38114009","juan.manuel.castro@yahoo.com","+54 9 3346 6462","Alumno","DNI","Item Created"
"003bm000011c9qzAAA","Francesca","Martinez","33488611","francesca.martinez@yahoo.com","+54 9 2945 3631","Alumno","DNI","Item Created"
"003bm000011c9r0AAA","Catalina","Rodriguez","36286352","catalina.rodriguez@gmail.com","+54 9 3577 2423","Alumno","DNI","Item Created"
"003bm000011c9r1AAA","Francisco","Gonzalez","39264124","francisco.gonzalez@outlook.com","+54 9 2204 3954","Alumno","DNI","Item Created"
"003bm000011c9r2AAA","Santiago","Godoy","35965210","santiago.godoy@outlook.com","+54 9 2885 4543","Alumno","DNI","Item Created"
"003bm000011c9r3AAA","Maria Paz","Gutierrez","45298142","maria.paz.gutierrez@hotmail.com","+54 9 2616 1530","Alumno","DNI","Item Created"
"003bm000011c9r4AAA","Santino","Lopez","34265698","santino.lopez@hotmail.com","+54 9 2408 8377","Alumno","DNI","Item Created"
"003bm000011c9r5AAA","Rafael","Flores","40579606","rafael.flores@outlook.com","+54 9 2952 1963","Alumno","DNI","Item Created"
"003bm000011c9r6AAA","Emma","Valdez","43978117","emma.valdez@yahoo.com","+54 9 2552 3105","Alumno","DNI","Item Created"
"003bm000011c9r7AAA","Mia Jazmin","Castillo","32556008","mia.jazmin.castillo@gmail.com","+54 9 2104 5495","Alumno","DNI","Item Created"
"003bm000011c9r8AAA","Victoria","Fernandez","37326359","victoria.fernandez@outlook.com","+54 9 2172 0879","Alumno","DNI","Item Created"
"003bm000011c9r9AAA","Juan Martin","Rivero","43362081","juan.martin.rivero@outlook.com","+54 9 3784 9092","Alumno","DNI","Item Created"
"003bm000011c9rAAAQ","León","Blanco","42221418","leon.blanco@outlook.com","+54 9 2934 2600","Alumno","DNI","Item Created"
"003bm000011c9rBAAQ","Emma","Rodriguez","30974929","emma.rodriguez@yahoo.com","+54 9 3424 9857","Alumno","DNI","Item Created"
"003bm000011c9rCAAQ","Morena","Luna","37347578","morena.luna@yahoo.com","+54 9 3147 0669","Alumno","DNI","Item Created"
"003bm000011c9rDAAQ","Fausto","Gutierrez","40649002","fausto.gutierrez@outlook.com","+54 9 3283 3666","Alumno","DNI","Item Created"
"003bm000011c9rEAAQ","Lorenzo","Blanco","33115581","lorenzo.blanco@gmail.com","+54 9 2904 2649","Alumno","DNI","Item Created"
"003bm000011c9rFAAQ","Uma ","Martin","39405037","uma..martin@outlook.com","+54 9 2922 7871","Alumno","DNI","Item Created"
"003bm000011c9rGAAQ","Malena","Rios","37831209","malena.rios@yahoo.com","+54 9 2647 5314","Alumno","DNI","Item Created"
"003bm000011c9rHAAQ","Martina","Martinez","37179608","martina.martinez@outlook.com","+54 9 2879 0441","Alumno","DNI","Item Created"
"003bm000011c9rIAAQ","Felipe","Gonzalez","31399534","felipe.gonzalez@gmail.com","+54 9 2755 8309","Alumno","DNI","Item Created"
"003bm000011c9rJAAQ","Delfina","Acosta","45090532","delfina.acosta@yahoo.com","+54 9 3972 0578","Alumno","DNI","Item Created"
"003bm000011c9rKAAQ","Joaquin","Ledesma","33221169","joaquin.ledesma@gmail.com","+54 9 2581 8360","Alumno","DNI","Item Created"
"003bm000011c9rLAAQ","Ian Ezequiel","Paez","35810239","ian.ezequiel.paez@outlook.com","+54 9 2765 0639","Alumno","DNI","Item Created"
"003bm000011c9rMAAQ","Bruno","Gomez","37223015","bruno.gomez@hotmail.com","+54 9 3921 3077","Alumno","DNI","Item Created"
"003bm000011c9rNAAQ","Mateo Agustin","Cabrera","33049597","mateo.agustin.cabrera@hotmail.com","+54 9 3958 3082","Alumno","DNI","Item Created"
"003bm000011c9rOAAQ","Luz Milagros","Soria","37329041","luz.milagros.soria@yahoo.com","+54 9 3373 6824","Alumno","DNI","Item Created"
"003bm000011c9rPAAQ","Lautaro","Alvarez","40727710","lautaro.alvarez@hotmail.com","+54 9 2797 4272","Alumno","DNI","Item Created"
"003bm000011c9rQAAQ","Micaela","Sanchez","38048801","micaela.sanchez@gmail.com","+54 9 2165 0656","Alumno","DNI","Item Created"
"003bm000011c9rRAAQ","Felipe","Fernandez","44210932","felipe.fernandez@outlook.com","+54 9 2561 4109","Alumno","DNI","Item Created"
"003bm000011c9rSAAQ","Isabel","Rodriguez","39695989","isabel.rodriguez@gmail.com","+54 9 3625 1347","Alumno","DNI","Item Created"
"003bm000011c9rTAAQ","Valentin","Diaz","41147686","valentin.diaz@hotmail.com","+54 9 3886 3342","Alumno","DNI","Item Created"
"003bm000011c9rUAAQ","Matilda","Nuñez","34209869","matilda.nunez@yahoo.com","+54 9 2750 1204","Alumno","DNI","Item Created"
"003bm000011c9rVAAQ","Ana Paula","Cardozo","38485886","ana.paula.cardozo@hotmail.com","+54 9 3537 9742","Alumno","DNI","Item Created"
"003bm000011c9rWAAQ","Santino","Bustos","34363040","santino.bustos@hotmail.com","+54 9 2979 3338","Alumno","DNI","Item Created"
"003bm000011c9rXAAQ","Mia Morena","Ramos","35282987","mia.morena.ramos@yahoo.com","+54 9 2255 6382","Alumno","DNI","Item Created"
"003bm000011c9rYAAQ","Milagros","Perez","36935055","milagros.perez@yahoo.com","+54 9 3695 5944","Alumno","DNI","Item Created"
"003bm000011c9rZAAQ","Valentina","Vega","42509169","valentina.vega@outlook.com","+54 9 2541 0855","Alumno","DNI","Item Created"
"003bm000011c9raAAA","Gino","Rios","43802935","gino.rios@outlook.com","+54 9 2666 2954","Alumno","DNI","Item Created"
"003bm000011c9rbAAA","Juan Ignacio","Torres","38726954","juan.ignacio.torres@gmail.com","+54 9 3460 5839","Alumno","DNI","Item Created"
"003bm000011c9rcAAA","Valentina","Perez","41330737","valentina.perez@outlook.com","+54 9 3253 7935","Alumno","DNI","Item Created"
"003bm000011c9rdAAA","Nahiara","Luna","42024629","nahiara.luna@yahoo.com","+54 9 2751 6979","Alumno","DNI","Item Created"
"003bm000011c9reAAA","Juliana","Vera","44370456","juliana.vera@outlook.com","+54 9 2907 3012","Alumno","DNI","Item Created"
"003bm000011c9rfAAA","Santiago","Perez","33074317","santiago.perez@gmail.com","+54 9 3371 9288","Alumno","DNI","Item Created"
"003bm000011c9rgAAA","Malena","Fernandez","33957369","malena.fernandez@gmail.com","+54 9 2869 1744","Alumno","DNI","Item Created"
"003bm000011c9rhAAA","Lorenzo","Sosa","38451826","lorenzo.sosa@outlook.com","+54 9 2179 6644","Alumno","DNI","Item Created"
"003bm000011c9riAAA","Faustino","Roldan","38373582","faustino.roldan@yahoo.com","+54 9 2900 1671","Alumno","DNI","Item Created"
"003bm000011c9rjAAA","Mia","Villalba","31922848","mia.villalba@yahoo.com","+54 9 3660 2379","Alumno","DNI","Item Created"
"003bm000011c9rkAAA","Ana Paula","Martinez","39269288","ana.paula.martinez@hotmail.com","+54 9 2316 3329","Alumno","DNI","Item Created"
"003bm000011c9rlAAA","Joaquín","Castro","36702199","joaquin.castro@outlook.com","+54 9 2242 8548","Alumno","DNI","Item Created"
"003bm000011c9rmAAA","Mateo Agustin","Rodriguez","45039367","mateo.agustin.rodriguez@hotmail.com","+54 9 3653 9166","Alumno","DNI","Item Created"
"003bm000011c9rnAAA","Juan Pablo","Romero","36953747","juan.pablo.romero@gmail.com","+54 9 3361 8209","Alumno","DNI","Item Created"
"003bm000011c9roAAA","Simon","Dominguez","44910143","simon.dominguez@hotmail.com","+54 9 3132 8890","Alumno","DNI","Item Created"
"003bm000011c9rpAAA","Camila","Duarte","45265185","camila.duarte@gmail.com","+54 9 2702 2020","Alumno","DNI","Item Created"
"003bm000011c9rqAAA","Valentina","Soto","44617524","valentina.soto@outlook.com","+54 9 3624 2276","Alumno","DNI","Item Created"
"003bm000011c9rrAAA","Mia","Correa","39386861","mia.correa@hotmail.com","+54 9 3137 9865","Alumno","DNI","Item Created"
"003bm000011c9rsAAA","Ambar","Gomez","33827674","ambar.gomez@hotmail.com","+54 9 2614 8695","Alumno","DNI","Item Created"
"003bm000011c9rtAAA","Kiara","Ramos","31158762","kiara.ramos@outlook.com","+54 9 3473 8411","Alumno","DNI","Item Created"
"003bm000011c9ruAAA","Mia Valentina","Ojeda","42117900","mia.valentina.ojeda@gmail.com","+54 9 3757 7212","Alumno","DNI","Item Created"
"003bm000011c9rvAAA","Martina","Valdez","38218744","martina.valdez@outlook.com","+54 9 3549 9907","Alumno","DNI","Item Created"
"003bm000011c9rwAAA","Thiago Daniel","Gonzalez","31438742","thiago.daniel.gonzalez@gmail.com","+54 9 3758 6863","Alumno","DNI","Item Created"
"003bm000011c9rxAAA","Mateo","Gonzalez","43270052","mateo.gonzalez@outlook.com","+54 9 2136 5520","Alumno","DNI","Item Created"
"003bm000011c9ryAAA","Amparo","Ledesma","42706367","amparo.ledesma@outlook.com","+54 9 2660 1868","Alumno","DNI","Item Created"
"003bm000011c9rzAAA","Santino Agustin","Rojas","43159265","santino.agustin.rojas@yahoo.com","+54 9 3216 3261","Alumno","DNI","Item Created"
"003bm000011c9s0AAA","Santino","Perez","44654293","santino.perez@yahoo.com","+54 9 2194 4672","Alumno","DNI","Item Created"
"003bm000011c9s1AAA","Alma","Figueroa","41333233","alma.figueroa@hotmail.com","+54 9 3610 0018","Alumno","DNI","Item Created"
"003bm000011c9s2AAA","Sebastian","Peralta","30469731","sebastian.peralta@gmail.com","+54 9 3965 9347","Alumno","DNI","Item Created"
"003bm000011c9s3AAA","Thiago","Diaz","33910188","thiago.diaz@gmail.com","+54 9 3576 1975","Alumno","DNI","Item Created"
"003bm000011c9s4AAA","Lautaro","Silva","34971595","lautaro.silva@gmail.com","+54 9 3481 9495","Alumno","DNI","Item Created"
"003bm000011c9s5AAA","Santiago","Avila","40729905","santiago.avila@outlook.com","+54 9 3841 2532","Alumno","DNI","Item Created"
"003bm000011c9s6AAA","Valentina","Suarez","42757045","valentina.suarez@hotmail.com","+54 9 2634 5699","Alumno","DNI","Item Created"
"003bm000011c9s7AAA","Morena","Duarte","44308885","morena.duarte@outlook.com","+54 9 2249 9550","Alumno","DNI","Item Created"
"003bm000011c9s8AAA","Renzo","Gomez","35320655","renzo.gomez@outlook.com","+54 9 3182 6750","Alumno","DNI","Item Created"
"003bm000011c9s9AAA","Agustin","Suarez","38164166","agustin.suarez@hotmail.com","+54 9 3509 8099","Alumno","DNI","Item Created"
"003bm000011c9sAAAQ","Sofia","Godoy","30946614","sofia.godoy@hotmail.com","+54 9 2277 7438","Alumno","DNI","Item Created"
"003bm000011c9sBAAQ","Juan Francisco","Escobar","45417967","juan.francisco.escobar@yahoo.com","+54 9 3550 2492","Alumno","DNI","Item Created"
"003bm000011c9sCAAQ","Juan Ignacio","Lopez","34033433","juan.ignacio.lopez@gmail.com","+54 9 3734 1359","Alumno","DNI","Item Created"
"003bm000011c9sDAAQ","Oriana","Sanchez","34617592","oriana.sanchez@outlook.com","+54 9 2971 4369","Alumno","DNI","Item Created"
"003bm000011c9sEAAQ","Alejo","Acosta","37168127","alejo.acosta@outlook.com","+54 9 3574 5548","Alumno","DNI","Item Created"
"003bm000011c9sFAAQ","Ian Ezequiel","Sosa","40513724","ian.ezequiel.sosa@yahoo.com","+54 9 2709 1624","Alumno","DNI","Item Created"
"003bm000011c9sGAAQ","Martina","Soria","40980648","martina.soria@outlook.com","+54 9 2849 5957","Alumno","DNI","Item Created"
"003bm000011c9sHAAQ","Lara","Rodriguez","32357600","lara.rodriguez@hotmail.com","+54 9 3309 8485","Alumno","DNI","Item Created"
"003bm000011c9sIAAQ","Santino","Garcia","30985783","santino.garcia@yahoo.com","+54 9 3603 7412","Alumno","DNI","Item Created"
"003bm000011c9sJAAQ","Juan Cruz","Fernandez","32295114","juan.cruz.fernandez@yahoo.com","+54 9 2714 0828","Alumno","DNI","Item Created"
"003bm000011c9sKAAQ","Sofía","Gomez","38140531","sofia.gomez@outlook.com","+54 9 3718 4814","Alumno","DNI","Item Created"
"003bm000011c9sLAAQ","Tiziano","Nuñez","44528233","tiziano.nunez@outlook.com","+54 9 2975 8392","Alumno","DNI","Item Created"
"003bm000011c9sMAAQ","Maximo","Molina","30106929","maximo.molina@gmail.com","+54 9 3595 0394","Alumno","DNI","Item Created"
"003bm000011c9vbAAA","Juana","Cabrera","37605752","juana.cabrera@gmail.com","+54 9 2813 9806","Alumno","DNI","Item Created"
"003bm000011c9vcAAA","Bianca","Lopez","32440459","bianca.lopez@hotmail.com","+54 9 3173 2166","Alumno","DNI","Item Created"
"003bm000011c9vdAAA","Guadalupe","Gimenez","33352008","guadalupe.gimenez@gmail.com","+54 9 2941 1441","Alumno","DNI","Item Created"
"003bm000011c9veAAA","Amparo","Sosa","35625713","amparo.sosa@yahoo.com","+54 9 3242 9474","Alumno","DNI","Item Created"
"003bm000011c9vfAAA","Benicio","Gomez","36490297","benicio.gomez@yahoo.com","+54 9 3675 6025","Alumno","DNI","Item Created"
"003bm000011c9vgAAA","Thiago Benjamin","Benitez","31356012","thiago.benjamin.benitez@yahoo.com","+54 9 2522 7068","Alumno","DNI","Item Created"
"003bm000011c9vhAAA","Emma","Lucero","34446593","emma.lucero@outlook.com","+54 9 3142 8192","Alumno","DNI","Item Created"
"003bm000011c9viAAA","Thiago Daniel","Diaz","43864775","thiago.daniel.diaz@outlook.com","+54 9 3482 1035","Alumno","DNI","Item Created"
"003bm000011c9vjAAA","Ignacio","Castillo","42219949","ignacio.castillo@gmail.com","+54 9 2626 4764","Alumno","DNI","Item Created"
"003bm000011c9vkAAA","Julia","Flores","34039776","julia.flores@gmail.com","+54 9 3498 6730","Alumno","DNI","Item Created"
"003bm000011c9vlAAA","Benicio","Perez","39875233","benicio.perez@outlook.com","+54 9 2327 0125","Alumno","DNI","Item Created"
"003bm000011c9vmAAA","Felipe","Nuñez","30226372","felipe.nunez@gmail.com","+54 9 2202 2375","Alumno","DNI","Item Created"
"003bm000011c9vnAAA","Emma","Gomez","34912303","emma.gomez@yahoo.com","+54 9 3387 7261","Alumno","DNI","Item Created"
"003bm000011c9voAAA","Sofia","Ponce","43947996","sofia.ponce@gmail.com","+54 9 3483 1858","Alumno","DNI","Item Created"
"003bm000011c9vpAAA","Francesca","Bustos","44219639","francesca.bustos@yahoo.com","+54 9 2449 6552","Alumno","DNI","Item Created"
"003bm000011c9vqAAA","Tiziano Benjamin","Gonzalez","45941376","tiziano.benjamin.gonzalez@yahoo.com","+54 9 2202 1827","Alumno","DNI","Item Created"
"003bm000011c9vrAAA","Tiziano Benjamin","Acosta","32575818","tiziano.benjamin.acosta@yahoo.com","+54 9 2297 2531","Alumno","DNI","Item Created"
"003bm000011c9vsAAA","Isabella","Gimenez","34998039","","+54 9 3139 5102","Alumno","DNI","Item Created"
"003bm000011c9vtAAA","Violeta","Vazquez","31509667","","+54 9 3696 4967","Alumno","DNI","Item Created"
"003bm000011c9vuAAA","Lautaro","Figueroa","32702619","lautaro.figueroa@yahoo.com","+54 9 2667 1332","Alumno","DNI","Item Created"
"003bm000011c9vvAAA","Ludmila","Moreno","43663971","ludmila.moreno@hotmail.com","+54 9 3523 7374","Alumno","DNI","Item Created"
"003bm000011c9vwAAA","Priscila","Ortiz","37012198","priscila.ortiz@yahoo.com","+54 9 3538 1304","Alumno","DNI","Item Created"
"003bm000011c9vxAAA","Francisco","Caceres","41021877","francisco.caceres@outlook.com","+54 9 3650 9143","Alumno","DNI","Item Created"
"003bm000011c9vyAAA","Tomàs","Martinez","38370600","tomas.martinez@yahoo.com","+54 9 2854 5404","Alumno","DNI","Item Created"
"003bm000011c9vzAAA","Juan Ignacio","Barrios","31963378","juan.ignacio.barrios@yahoo.com","+54 9 2989 5261","Alumno","DNI","Item Created"
"003bm000011c9w0AAA","Antonia","Castillo","35111521","antonia.castillo@gmail.com","+54 9 3363 8314","Alumno","DNI","Item Created"
"003bm000011c9w1AAA","Lara","Gonzalez","38519723","lara.gonzalez@outlook.com","+54 9 3266 5415","Alumno","DNI","Item Created"
"003bm000011c9w2AAA","Sol","Gomez","38393673","sol.gomez@outlook.com","+54 9 2818 1789","Alumno","DNI","Item Created"
"003bm000011c9w3AAA","Valentina ","Gonzalez","44289991","valentina..gonzalez@hotmail.com","+54 9 3943 3955","Alumno","DNI","Item Created"
"003bm000011c9w4AAA","Isabella","Garcia","34078388","isabella.garcia@gmail.com","+54 9 3688 9612","Alumno","DNI","Item Created"
"003bm000011c9w5AAA","Juan Bautista","Vargas","30386383","juan.bautista.vargas@gmail.com","+54 9 2622 4096","Alumno","DNI","Item Created"
"003bm000011c9w6AAA","Giuliana","Gutierrez","30246491","giuliana.gutierrez@hotmail.com","+54 9 3452 0334","Alumno","DNI","Item Created"
"003bm000011c9w7AAA","Pedro","Silva","39341417","pedro.silva@hotmail.com","+54 9 2643 6929","Alumno","DNI","Item Created"
"003bm000011c9w8AAA","Juana","Ponce","36057182","juana.ponce@outlook.com","+54 9 2380 1772","Alumno","DNI","Item Created"
"003bm000011c9w9AAA","Sol","Gonzalez","41788868","sol.gonzalez@hotmail.com","+54 9 2884 2829","Alumno","DNI","Item Created"
"003bm000011c9wAAAQ","Agustin","Correa","35155914","agustin.correa@hotmail.com","+54 9 2626 1896","Alumno","DNI","Item Created"
"003bm000011c9wBAAQ","Benjamin","Garcia","38642477","benjamin.garcia@gmail.com","+54 9 3926 6299","Alumno","DNI","Item Created"
"003bm000011c9wCAAQ","Renata","Quiroga","40126484","renata.quiroga@hotmail.com","+54 9 3501 7223","Alumno","DNI","Item Created"
"003bm000011c9wDAAQ","Octavio","Gonzalez","45246102","octavio.gonzalez@gmail.com","+54 9 2417 1316","Alumno","DNI","Item Created"
"003bm000011c9wEAAQ","Sebastian","Ramos","33730130","sebastian.ramos@hotmail.com","+54 9 2745 9393","Alumno","DNI","Item Created"
"003bm000011c9wFAAQ","Nicolas","Lopez","36236123","nicolas.lopez@outlook.com","+54 9 2913 1391","Alumno","DNI","Item Created"
"003bm000011c9wGAAQ","Lautaro Benjamin","Alvarez","35468094","lautaro.benjamin.alvarez@outlook.com","+54 9 3414 2024","Alumno","DNI","Item Created"
"003bm000011c9wHAAQ","Juan Ignacio","Castillo","32150263","juan.ignacio.castillo@hotmail.com","+54 9 2722 2335","Alumno","DNI","Item Created"
"003bm000011c9wIAAQ","Thiago Daniel","Duarte","43750283","thiago.daniel.duarte@hotmail.com","+54 9 3489 6451","Alumno","DNI","Item Created"
"003bm000011c9wJAAQ","Santino","Diaz","37169999","santino.diaz@outlook.com","+54 9 3666 3683","Alumno","DNI","Item Created"
"003bm000011c9wKAAQ","Vicente","Sanchez","32811654","vicente.sanchez@hotmail.com","+54 9 2205 2983","Alumno","DNI","Item Created"
"003bm000011c9wLAAQ","Milena","Mendoza","32050515","milena.mendoza@yahoo.com","+54 9 3567 3099","Alumno","DNI","Item Created"
"003bm000011c9wMAAQ","Thiago Nahuel","Gomez","45605722","thiago.nahuel.gomez@gmail.com","+54 9 3705 5561","Alumno","DNI","Item Created"
"003bm000011c9wNAAQ","Tomas","Leiva","38268761","tomas.leiva@hotmail.com","+54 9 2513 5432","Alumno","DNI","Item Created"
"003bm000011c9wOAAQ","Octavio","Gomez","41620840","octavio.gomez@outlook.com","+54 9 3412 7365","Alumno","DNI","Item Created"
"003bm000011c9wPAAQ","Giovanni","Gomez","45068171","giovanni.gomez@hotmail.com","+54 9 3748 9979","Alumno","DNI","Item Created"
"003bm000011c9wQAAQ","Micaela","Miranda","38325772","micaela.miranda@hotmail.com","+54 9 3445 1776","Alumno","DNI","Item Created"
"003bm000011c9wRAAQ","Felipe","Ruiz","32682238","felipe.ruiz@yahoo.com","+54 9 3631 4213","Alumno","DNI","Item Created"
"003bm000011c9wSAAQ","Valentin","Suarez","37199951","valentin.suarez@hotmail.com","+54 9 2678 7699","Alumno","DNI","Item Created"
"003bm000011c9wTAAQ","Alma Mia","Carrizo","34494885","alma.mia.carrizo@outlook.com","+54 9 2129 3049","Alumno","DNI","Item Created"
"003bm000011c9wUAAQ","Morena","Soto","37915491","morena.soto@outlook.com","+54 9 2955 0590","Alumno","DNI","Item Created"
"003bm000011c9wVAAQ","Martina","Benitez","36470833","martina.benitez@hotmail.com","+54 9 3547 0946","Alumno","DNI","Item Created"
"003bm000011c9wWAAQ","Benicio","Acosta","34081471","benicio.acosta@hotmail.com","+54 9 2628 9859","Alumno","DNI","Item Created"
"003bm000011c9wXAAQ","Ciro","Lopez","30941372","ciro.lopez@yahoo.com","+54 9 3505 3066","Alumno","DNI","Item Created"
"003bm000011c9wYAAQ","Juana","Medina","31222266","juana.medina@gmail.com","+54 9 2646 9865","Alumno","DNI","Item Created"
"003bm000011c9wZAAQ","Zoe","Aguirre","45324229","zoe.aguirre@yahoo.com","+54 9 2495 8104","Alumno","DNI","Item Created"
"003bm000011c9waAAA","Valentina","Miranda","42693185","valentina.miranda@hotmail.com","+54 9 2941 4656","Alumno","DNI","Item Created"
"003bm000011c9wbAAA","Francisco","Ortiz","44513749","francisco.ortiz@gmail.com","+54 9 3294 3431","Alumno","DNI","Item Created"
"003bm000011c9wcAAA","Luisana","Sanchez","39605597","luisana.sanchez@gmail.com","+54 9 3474 8228","Alumno","DNI","Item Created"
"003bm000011c9wdAAA","Martin","Gutierrez","41702335","martin.gutierrez@outlook.com","+54 9 3704 6933","Alumno","DNI","Item Created"
"003bm000011c9weAAA","Guadalupe","Diaz","34731502","guadalupe.diaz@hotmail.com","+54 9 3562 8000","Alumno","DNI","Item Created"
"003bm000011c9wfAAA","Lautaro","Ramos","39563230","","+54 9 3436 0889","Alumno","DNI","Item Created"
"003bm000011c9wgAAA","Delfina","Medina","33436656","delfina.medina@gmail.com","+54 9 2175 2128","Alumno","DNI","Item Created"
"003bm000011c9whAAA","Ignacio","Diaz","44919962","ignacio.diaz@hotmail.com","+54 9 3949 0167","Alumno","DNI","Item Created"
"003bm000011c9wiAAA","Justina","Diaz","34657279","justina.diaz@hotmail.com","+54 9 2940 3217","Alumno","DNI","Item Created"
"003bm000011c9wjAAA","Kiara","Soria","36890268","kiara.soria@gmail.com","+54 9 3402 1940","Alumno","DNI","Item Created"
"003bm000011c9wkAAA","Benjamin","Valdez","37573276","benjamin.valdez@outlook.com","+54 9 2839 7571","Alumno","DNI","Item Created"
"003bm000011c9wlAAA","Mora","Valdez","45746270","mora.valdez@yahoo.com","+54 9 3416 1334","Alumno","DNI","Item Created"
"003bm000011c9wmAAA","Juan Ignacio","Gimenez","45331374","juan.ignacio.gimenez@gmail.com","+54 9 2865 1013","Alumno","DNI","Item Created"
"003bm000011c9wnAAA","Joaquin","Mansilla","34365303","joaquin.mansilla@hotmail.com","+54 9 2895 8083","Alumno","DNI","Item Created"
"003bm000011c9woAAA","Geronimo","Godoy","43043273","geronimo.godoy@yahoo.com","+54 9 2376 8022","Alumno","DNI","Item Created"
"003bm000011c9wpAAA","Agustín","Vargas","33037423","agustin.vargas@outlook.com","+54 9 2480 3891","Alumno","DNI","Item Created"
"003bm000011c9wqAAA","Isabella","Soto","41694165","isabella.soto@hotmail.com","+54 9 3558 2004","Alumno","DNI","Item Created"
"003bm000011c9wrAAA","Valentina ","Aguirre","33673050","valentina..aguirre@yahoo.com","+54 9 2325 1613","Alumno","DNI","Item Created"
"003bm000011c9wsAAA","Benjamin","Gomez","33386069","benjamin.gomez@gmail.com","+54 9 2999 3057","Alumno","DNI","Item Created"
"003bm000011c9wtAAA","Olivia","Villalba","36251602","olivia.villalba@yahoo.com","+54 9 2485 6233","Alumno","DNI","Item Created"
"003bm000011c9wuAAA","Tomas","Gomez","40059343","tomas.gomez@yahoo.com","+54 9 2591 5110","Alumno","DNI","Item Created"
"003bm000011c9wvAAA","Nina","Acosta","45908531","nina.acosta@yahoo.com","+54 9 2328 8839","Alumno","DNI","Item Created"
"003bm000011c9wwAAA","Santiago","Cardozo","45948143","santiago.cardozo@outlook.com","+54 9 3611 8096","Alumno","DNI","Item Created"
"003bm000011c9wxAAA","Thiago Agustin","Gomez","32180590","thiago.agustin.gomez@yahoo.com","+54 9 3993 3633","Alumno","DNI","Item Created"
"003bm000011c9wyAAA","Joaquin","Franco","30321355","joaquin.franco@yahoo.com","+54 9 2334 0837","Alumno","DNI","Item Created"
"003bm000011c9wzAAA","Victoria","Ramos","38567788","victoria.ramos@outlook.com","+54 9 3967 9507","Alumno","DNI","Item Created"
"003bm000011c9x0AAA","Josefina","Garcia","33547291","josefina.garcia@gmail.com","+54 9 2792 6449","Alumno","DNI","Item Created"
"003bm000011c9x1AAA","Santino","Gonzalez","45422028","santino.gonzalez@outlook.com","+54 9 2474 2803","Alumno","DNI","Item Created"
"003bm000011c9x2AAA","Maximiliano","Ramirez","41252196","maximiliano.ramirez@hotmail.com","+54 9 2194 0145","Alumno","DNI","Item Created"
"003bm000011c9x3AAA","Matias","Rivero","41174384","matias.rivero@yahoo.com","+54 9 3868 7669","Alumno","DNI","Item Created"
"003bm000011c9x4AAA","Simon","Ferreyra","42826422","simon.ferreyra@outlook.com","+54 9 2314 6197","Alumno","DNI","Item Created"
"003bm000011c9x5AAA","Mateo","Morales","43972226","mateo.morales@yahoo.com","+54 9 3643 2715","Alumno","DNI","Item Created"
"003bm000011c9x6AAA","Catalina","Martinez","44441151","catalina.martinez@gmail.com","+54 9 2473 8080","Alumno","DNI","Item Created"
"003bm000011c9x7AAA","Isabel","Diaz","43695277","","+54 9 3812 0948","Alumno","DNI","Item Created"
"003bm000011c9x8AAA","Abril","Morales","36800218","abril.morales@hotmail.com","+54 9 2710 3086","Alumno","DNI","Item Created"
"003bm000011c9x9AAA","Valentino","Martinez","33678309","","+54 9 2137 1058","Alumno","DNI","Item Created"
"003bm000011c9xAAAQ","Catalina","Quiroga","39224971","catalina.quiroga@outlook.com","+54 9 2268 0361","Alumno","DNI","Item Created"
"003bm000011c9xBAAQ","Joaquin","Romero","42905002","joaquin.romero@hotmail.com","+54 9 2595 2252","Alumno","DNI","Item Created"
"003bm000011c9xCAAQ","Tobias","Nuñez","34839561","tobias.nunez@yahoo.com","+54 9 3723 6714","Alumno","DNI","Item Created"
"003bm000011c9xDAAQ","Valentina","Ayala","32264676","valentina.ayala@yahoo.com","+54 9 3151 0774","Alumno","DNI","Item Created"
"003bm000011c9xEAAQ","Genaro","Valdez","40051802","genaro.valdez@outlook.com","+54 9 2691 5722","Alumno","DNI","Item Created"
"003bm000011c9xFAAQ","Rafael","Ledesma","30700814","rafael.ledesma@yahoo.com","+54 9 2976 2954","Alumno","DNI","Item Created"
"003bm000011c9xGAAQ","Rafael","Acuña","32134822","rafael.acuna@gmail.com","+54 9 3445 5159","Alumno","DNI","Item Created"
"003bm000011c9xHAAQ","Alma","Fernandez","32800317","alma.fernandez@yahoo.com","+54 9 3100 1657","Alumno","DNI","Item Created"
"003bm000011c9xIAAQ","Emma","Sosa","40220174","emma.sosa@hotmail.com","+54 9 2914 0113","Alumno","DNI","Item Created"
"003bm000011c9xJAAQ","Manuel","Ruiz","43496917","manuel.ruiz@gmail.com","+54 9 3722 2618","Alumno","DNI","Item Created"
"003bm000011c9xKAAQ","Alma","Ferreyra","33025091","alma.ferreyra@yahoo.com","+54 9 2291 1447","Alumno","DNI","Item Created"
"003bm000011c9xLAAQ","Delfina","Lopez","35569822","delfina.lopez@hotmail.com","+54 9 2250 8478","Alumno","DNI","Item Created"
"003bm000011c9xMAAQ","Lola","Lopez","42011137","lola.lopez@yahoo.com","+54 9 3894 4120","Alumno","DNI","Item Created"
"003bm000011c9xNAAQ","Valentina ","Flores","39679193","valentina..flores@hotmail.com","+54 9 2430 5261","Alumno","DNI","Item Created"
"003bm000011c9xOAAQ","Agustina","Olivera","33109769","agustina.olivera@outlook.com","+54 9 2368 8001","Alumno","DNI","Item Created"
"003bm000011c9xPAAQ","Lola","Aguirre","30300658","lola.aguirre@outlook.com","+54 9 2619 9992","Alumno","DNI","Item Created"
"003bm000011c9xQAAQ","Francisco","Ortiz","40863182","francisco.ortiz@outlook.com","+54 9 3575 7767","Alumno","DNI","Item Created"
"003bm000011c9xRAAQ","Lola","Caceres","34011987","lola.caceres@yahoo.com","+54 9 2996 4004","Alumno","DNI","Item Created"
"003bm000011c9xSAAQ","Maria Guadalupe","Ayala","45507315","maria.guadalupe.ayala@yahoo.com","+54 9 3647 1301","Alumno","DNI","Item Created"
"003bm000011c9xTAAQ","Thiago Valentin","Chavez","44427813","thiago.valentin.chavez@outlook.com","+54 9 3994 8024","Alumno","DNI","Item Created"
"003bm000011c9xUAAQ","Luna","Rojas","39921380","luna.rojas@outlook.com","+54 9 3575 8135","Alumno","DNI","Item Created"
"003bm000011c9xVAAQ","Antonella","Gimenez","42863827","antonella.gimenez@outlook.com","+54 9 2662 5205","Alumno","DNI","Item Created"
"003bm000011c9xWAAQ","Valentino","Gonzalez","44142004","valentino.gonzalez@outlook.com","+54 9 2245 3394","Alumno","DNI","Item Created"
"003bm000011c9xXAAQ","Luisana","Juarez","36462635","luisana.juarez@hotmail.com","+54 9 3608 6690","Alumno","DNI","Item Created"
"003bm000011c9xYAAQ","Santino","Gonzalez","38789605","santino.gonzalez@outlook.com","+54 9 3720 1467","Alumno","DNI","Item Created"
"003bm000011c9xZAAQ","Lucas","Gomez","32902968","lucas.gomez@gmail.com","+54 9 3456 0230","Alumno","DNI","Item Created"
"003bm000011c9xaAAA","Bruno","Moyano","31065119","bruno.moyano@yahoo.com","+54 9 2797 2420","Alumno","DNI","Item Created"
"003bm000011c9xbAAA","Juan Bautista","Gonzalez","41182374","juan.bautista.gonzalez@yahoo.com","+54 9 2662 2460","Alumno","DNI","Item Created"
"003bm000011c9xcAAA","Luna","Sanchez","43948943","luna.sanchez@hotmail.com","+54 9 2710 2305","Alumno","DNI","Item Created"
"003bm000011c9xdAAA","Valentino","Romero","42168576","valentino.romero@yahoo.com","+54 9 2742 3551","Alumno","DNI","Item Created"
"003bm000011c9xeAAA","Malena","Rodriguez","32487000","malena.rodriguez@hotmail.com","+54 9 3849 6653","Alumno","DNI","Item Created"
"003bm000011c9xfAAA","Santino","Ledesma","42954368","santino.ledesma@yahoo.com","+54 9 2214 7459","Alumno","DNI","Item Created"
"003bm000011c9xgAAA","Nina","Gomez","37665322","nina.gomez@hotmail.com","+54 9 3603 2237","Alumno","DNI","Item Created"
"003bm000011c9xhAAA","Mateo Ezequiel","Gomez","34457031","mateo.ezequiel.gomez@hotmail.com","+54 9 2178 0993","Alumno","DNI","Item Created"
"003bm000011c9xiAAA","Camila","Vargas","37123255","camila.vargas@yahoo.com","+54 9 2513 3451","Alumno","DNI","Item Created"
"003bm000011c9xjAAA","Nicolas","Lopez","36158336","nicolas.lopez@gmail.com","+54 9 2374 8631","Alumno","DNI","Item Created"
"003bm000011c9xkAAA","Tomàs","Villalba","34761805","tomas.villalba@outlook.com","+54 9 2388 0421","Alumno","DNI","Item Created"
"003bm000011c9xlAAA","Bruno","Ruiz","44831598","bruno.ruiz@outlook.com","+54 9 3965 7714","Alumno","DNI","Item Created"
"003bm000011c9xmAAA","Guillermina","Perez","44726844","guillermina.perez@yahoo.com","+54 9 2254 8542","Alumno","DNI","Item Created"
"003bm000011c9xnAAA","Amparo","Ojeda","30642032","amparo.ojeda@outlook.com","+54 9 2491 3594","Alumno","DNI","Item Created"
"003bm000011c9xoAAA","Tiziano Valentin","Rodriguez","34554870","tiziano.valentin.rodriguez@yahoo.com","+54 9 2399 3435","Alumno","DNI","Item Created"
"003bm000011c9xpAAA","Martina","Garcia","39724445","martina.garcia@yahoo.com","+54 9 3699 6992","Alumno","DNI","Item Created"
"003bm000011c9xqAAA","Juan Cruz","Gonzalez","44084939","juan.cruz.gonzalez@yahoo.com","+54 9 2792 1644","Alumno","DNI","Item Created"
"003bm000011c9xrAAA","Santiago","Maldonado","39839138","santiago.maldonado@gmail.com","+54 9 2354 9902","Alumno","DNI","Item Created"
"003bm000011c9xsAAA","Juan Ignacio","Juarez","43956427","juan.ignacio.juarez@hotmail.com","+54 9 2926 7185","Alumno","DNI","Item Created"
"003bm000011c9xtAAA","Sebastian","Gomez","41503023","sebastian.gomez@outlook.com","+54 9 2487 3994","Alumno","DNI","Item Created"
"003bm000011c9xuAAA","Paloma","Castro","32247069","paloma.castro@hotmail.com","+54 9 2200 1700","Alumno","DNI","Item Created"
"003bm000011c9xvAAA","Lucas Benjamin","Perez","36501353","lucas.benjamin.perez@outlook.com","+54 9 3997 1832","Alumno","DNI","Item Created"
"003bm000011c9xwAAA","Ciro","Ponce","30261560","ciro.ponce@gmail.com","+54 9 3375 2661","Alumno","DNI","Item Created"
"003bm000011c9xxAAA","Lucía","Bravo","36821499","lucia.bravo@yahoo.com","+54 9 2275 5768","Alumno","DNI","Item Created"
"003bm000011c9xyAAA","Antonio","Garcia","45140374","antonio.garcia@outlook.com","+54 9 3161 5962","Alumno","DNI","Item Created"
"003bm000011c9xzAAA","Juan Gabriel","Romero","44263113","juan.gabriel.romero@gmail.com","+54 9 3606 9023","Alumno","DNI","Item Created"
"003bm000011c9y0AAA","Lucía","Martinez","40237965","lucia.martinez@hotmail.com","+54 9 3634 6774","Alumno","DNI","Item Created"
"003bm000011c9y1AAA","Maria Belen","Benitez","31896700","maria.belen.benitez@outlook.com","+54 9 2269 3576","Alumno","DNI","Item Created"
"003bm000011c9y2AAA","Emilia","Luna","36985322","emilia.luna@outlook.com","+54 9 3150 4598","Alumno","DNI","Item Created"
"003bm000011c9y3AAA","Morena","Peralta","44047485","morena.peralta@hotmail.com","+54 9 3595 8344","Alumno","DNI","Item Created"
"003bm000011c9y4AAA","Dante","Suarez","43394175","dante.suarez@gmail.com","+54 9 2661 0611","Alumno","DNI","Item Created"
"003bm000011c9y5AAA","Helena","Lopez","32712408","helena.lopez@outlook.com","+54 9 2837 8733","Alumno","DNI","Item Created"
"003bm000011c9y6AAA","Juliana","Ortiz","40913314","juliana.ortiz@hotmail.com","+54 9 3356 4856","Alumno","DNI","Item Created"
"003bm000011c9y7AAA","Lisandro","Peralta","39479461","lisandro.peralta@yahoo.com","+54 9 2193 2637","Alumno","DNI","Item Created"
"003bm000011c9y8AAA","Juan Gabriel","Carrizo","39632675","juan.gabriel.carrizo@outlook.com","+54 9 3149 3579","Alumno","DNI","Item Created"
"003bm000011c9y9AAA","Francesca","Perez","38072230","francesca.perez@yahoo.com","+54 9 3556 0796","Alumno","DNI","Item Created"
"003bm000011c9yAAAQ","Thiago Benjamin","Soria","35213115","thiago.benjamin.soria@outlook.com","+54 9 3794 0567","Alumno","DNI","Item Created"
"003bm000011c9yBAAQ","Mateo","Vargas","31271467","mateo.vargas@yahoo.com","+54 9 2727 5989","Alumno","DNI","Item Created"
"003bm000011c9yCAAQ","Ambar","Vazquez","41813295","ambar.vazquez@yahoo.com","+54 9 2653 5052","Alumno","DNI","Item Created"
"003bm000011c9yDAAQ","Federico","Diaz","38941014","federico.diaz@hotmail.com","+54 9 2268 8021","Alumno","DNI","Item Created"
"003bm000011c9yEAAQ","Gael","Rojas","30815585","gael.rojas@outlook.com","+54 9 3945 8368","Alumno","DNI","Item Created"
"003bm000011c9yFAAQ","Julian","Bravo","37642410","julian.bravo@hotmail.com","+54 9 2473 0358","Alumno","DNI","Item Created"
"003bm000011c9yGAAQ","Ciro Benjamin","Molina","38480744","ciro.benjamin.molina@yahoo.com","+54 9 2573 6629","Alumno","DNI","Item Created"
"003bm000011c9yHAAQ","Paulina","Fernandez","36322281","paulina.fernandez@hotmail.com","+54 9 2896 3138","Alumno","DNI","Item Created"
"003bm000011c9yIAAQ","Lucas","Gutierrez","43554211","lucas.gutierrez@outlook.com","+54 9 3108 4040","Alumno","DNI","Item Created"
"003bm000011c9yJAAQ","Camila","Molina","42630421","camila.molina@gmail.com","+54 9 2273 5209","Alumno","DNI","Item Created"
"003bm000011c9yKAAQ","Bautista Benjamin","Godoy","39371126","bautista.benjamin.godoy@gmail.com","+54 9 2429 8619","Alumno","DNI","Item Created"
"003bm000011c9yLAAQ","Valentino","Garcia","39881121","valentino.garcia@gmail.com","+54 9 2377 5047","Alumno","DNI","Item Created"
"003bm000011c9yMAAQ","Francesca","Rodriguez","37284939","francesca.rodriguez@outlook.com","+54 9 3995 4462","Alumno","DNI","Item Created"
"003bm000011c9yNAAQ","Alma","Diaz","44059778","alma.diaz@gmail.com","+54 9 2522 7337","Alumno","DNI","Item Created"
"003bm000011c9yOAAQ","Lucas Benjamin","Sanchez","30445520","lucas.benjamin.sanchez@outlook.com","+54 9 2973 2240","Alumno","DNI","Item Created"
"003bm000011c9yPAAQ","Thiago Nicolas","Villalba","37239130","thiago.nicolas.villalba@yahoo.com","+54 9 3983 1375","Alumno","DNI","Item Created"
"003bm000011c9yQAAQ","Juan Ignacio","Ponce","34161904","juan.ignacio.ponce@yahoo.com","+54 9 2127 0479","Alumno","DNI","Item Created"
"003bm000011c9yRAAQ","Juan Cruz","Fernandez","31636346","juan.cruz.fernandez@gmail.com","+54 9 3794 6853","Alumno","DNI","Item Created"
"003bm000011c9ySAAQ","Camila","Correa","36050675","camila.correa@outlook.com","+54 9 3885 8201","Alumno","DNI","Item Created"
"003bm000011c9yTAAQ","Lourdes","Lopez","38221990","lourdes.lopez@yahoo.com","+54 9 2192 6523","Alumno","DNI","Item Created"
"003bm000011c9yUAAQ","Guadalupe","Rodriguez","35895932","guadalupe.rodriguez@yahoo.com","+54 9 2995 8689","Alumno","DNI","Item Created"
"003bm000011c9yVAAQ","Lorenzo","Martinez","34666804","lorenzo.martinez@gmail.com","+54 9 3740 2958","Alumno","DNI","Item Created"
"003bm000011c9yWAAQ","Renata","Medina","36514666","renata.medina@yahoo.com","+54 9 2518 2753","Alumno","DNI","Item Created"
"003bm000011c9yXAAQ","Valentin","Martinez","36948669","valentin.martinez@gmail.com","+54 9 2691 1897","Alumno","DNI","Item Created"
"003bm000011c9yYAAQ","Catalina","Gomez","41402719","catalina.gomez@outlook.com","+54 9 3917 2603","Alumno","DNI","Item Created"
"003bm000011c9yZAAQ","Luciano Benjamin","Fernandez","33033916","luciano.benjamin.fernandez@hotmail.com","+54 9 2147 0161","Alumno","DNI","Item Created"
"003bm000011c9yaAAA","Lara","Mendoza","37337493","lara.mendoza@outlook.com","+54 9 3486 2690","Alumno","DNI","Item Created"
"003bm000011c9ybAAA","Juan Ignacio","Fernandez","45931150","juan.ignacio.fernandez@outlook.com","+54 9 3568 1526","Alumno","DNI","Item Created"
"003bm000011c9ycAAA","Pedro","Torres","38749521","pedro.torres@hotmail.com","+54 9 3289 5543","Alumno","DNI","Item Created"
"003bm000011c9ydAAA","Antonio","Barrios","44778294","antonio.barrios@gmail.com","+54 9 2170 7223","Alumno","DNI","Item Created"
"003bm000011c9yeAAA","Rafael","Arias","41119537","rafael.arias@outlook.com","+54 9 3981 7786","Alumno","DNI","Item Created"
"003bm000011c9yfAAA","Delfina","Acuña","33567445","delfina.acuna@yahoo.com","+54 9 3150 4515","Alumno","DNI","Item Created"
"003bm000011c9ygAAA","Simon","Villalba","37242370","simon.villalba@hotmail.com","+54 9 2441 9233","Alumno","DNI","Item Created"
"003bm000011c9yhAAA","Luca","Correa","41291663","luca.correa@gmail.com","+54 9 3280 1478","Alumno","DNI","Item Created"
"003bm000011c9yiAAA","Julian","Aguirre","32540190","julian.aguirre@yahoo.com","+54 9 2472 5293","Alumno","DNI","Item Created"
"003bm000011c9yjAAA","Maximo","Gonzalez","30506093","maximo.gonzalez@gmail.com","+54 9 3902 8521","Alumno","DNI","Item Created"
"003bm000011c9ykAAA","Julia","Medina","38353339","julia.medina@gmail.com","+54 9 2309 9286","Alumno","DNI","Item Created"
"003bm000011c9ylAAA","Isabella","Torres","41866022","isabella.torres@yahoo.com","+54 9 2302 4235","Alumno","DNI","Item Created"
"003bm000011c9ymAAA","Valentino","Suarez","36892131","valentino.suarez@yahoo.com","+54 9 2390 7466","Alumno","DNI","Item Created"
"003bm000011cA1yAAE","Zoe Valentina","Torres","32686293","zoe.valentina.torres@gmail.com","+54 9 3833 9847","Alumno","DNI","Item Created"
"003bm000011cA1zAAE","Jeronimo","Vega","33076159","jeronimo.vega@yahoo.com","+54 9 2940 1402","Alumno","DNI","Item Created"
"003bm000011cA20AAE","Mia Jazmin","Gimenez","40775474","mia.jazmin.gimenez@outlook.com","+54 9 3883 8586","Alumno","DNI","Item Created"
"003bm000011cA21AAE","Helena","Ortiz","41017872","helena.ortiz@hotmail.com","+54 9 3261 1029","Alumno","DNI","Item Created"
"003bm000011cA22AAE","Catalina","Sosa","34554550","catalina.sosa@hotmail.com","+54 9 3904 7776","Alumno","DNI","Item Created"
"003bm000011cA23AAE","Benicio","Ponce","35915600","","+54 9 3718 2696","Alumno","DNI","Item Created"
"003bm000011cA24AAE","Lucia","Martin","45419935","lucia.martin@gmail.com","+54 9 2104 1490","Alumno","DNI","Item Created"
"003bm000011cA25AAE","Santiago","Gimenez","30197508","santiago.gimenez@outlook.com","+54 9 3196 0991","Alumno","DNI","Item Created"
"003bm000011cA26AAE","Guadalupe","Gutierrez","38917148","guadalupe.gutierrez@hotmail.com","+54 9 2787 4111","Alumno","DNI","Item Created"
"003bm000011cA27AAE","Ludmila","Herrera","36651921","ludmila.herrera@yahoo.com","+54 9 2113 3238","Alumno","DNI","Item Created"
"003bm000011cA28AAE","Bautista","Gimenez","43710760","bautista.gimenez@yahoo.com","+54 9 2374 8134","Alumno","DNI","Item Created"
"003bm000011cA29AAE","Tomàs","Campos","41437572","tomas.campos@yahoo.com","+54 9 2750 4287","Alumno","DNI","Item Created"
"003bm000011cA2AAAU","Victoria","Roldan","31731791","victoria.roldan@hotmail.com","+54 9 3469 4962","Alumno","DNI","Item Created"
"003bm000011cA2BAAU","Santino","Aguirre","37442207","santino.aguirre@gmail.com","+54 9 2225 8599","Alumno","DNI","Item Created"
"003bm000011cA2CAAU","Milena","Gonzalez","34485777","milena.gonzalez@gmail.com","+54 9 3226 4145","Alumno","DNI","Item Created"
"003bm000011cA2DAAU","Samuel","Rodriguez","43198246","samuel.rodriguez@gmail.com","+54 9 2751 2214","Alumno","DNI","Item Created"
"003bm000011cA2EAAU","Santiago","Hernandez","40746517","santiago.hernandez@yahoo.com","+54 9 3370 7661","Alumno","DNI","Item Created"
"003bm000011cA2FAAU","Ignacio","Martin","32151606","ignacio.martin@outlook.com","+54 9 3552 2221","Alumno","DNI","Item Created"
"003bm000011cA2GAAU","Dante","Castro","30616294","dante.castro@gmail.com","+54 9 2403 4212","Alumno","DNI","Item Created"
"003bm000011cA2HAAU","Mateo Benjamin","Cardozo","33619676","mateo.benjamin.cardozo@gmail.com","+54 9 3281 1836","Alumno","DNI","Item Created"
"003bm000011cA2IAAU","Florencia","Godoy","44358674","florencia.godoy@outlook.com","+54 9 2653 4149","Alumno","DNI","Item Created"
"003bm000011cA2JAAU","Lola","Ayala","39110609","lola.ayala@hotmail.com","+54 9 2444 5800","Alumno","DNI","Item Created"
"003bm000011cA2KAAU","Agustín","Perez","33722791","agustin.perez@outlook.com","+54 9 3301 9512","Alumno","DNI","Item Created"
"003bm000011cA2LAAU","Juan Martin","Medina","31835198","juan.martin.medina@outlook.com","+54 9 2676 9157","Alumno","DNI","Item Created"
"003bm000011cA2MAAU","Renata","Roldan","42473169","renata.roldan@outlook.com","+54 9 3585 9074","Alumno","DNI","Item Created"
"003bm000011cA2NAAU","Thiago","Fernandez","37332897","thiago.fernandez@yahoo.com","+54 9 2388 7647","Alumno","DNI","Item Created"
"003bm000011cA2OAAU","Mateo","Diaz","45341305","mateo.diaz@outlook.com","+54 9 3725 7654","Alumno","DNI","Item Created"
"003bm000011cA2PAAU","Valentin","Aguirre","36380821","valentin.aguirre@hotmail.com","+54 9 3529 3830","Alumno","DNI","Item Created"
"003bm000011cA2QAAU","Ambar","Peralta","39540425","ambar.peralta@hotmail.com","+54 9 3676 4024","Alumno","DNI","Item Created"
"003bm000011cA2RAAU","Alma","Gomez","38156702","alma.gomez@gmail.com","+54 9 3633 3162","Alumno","DNI","Item Created"
"003bm000011cA2SAAU","Maria Emilia","Suarez","32443281","maria.emilia.suarez@yahoo.com","+54 9 2564 4031","Alumno","DNI","Item Created"
"003bm000011cA2TAAU","Lola","Garcia","41726756","lola.garcia@gmail.com","+54 9 3148 1089","Alumno","DNI","Item Created"
"003bm000011cA2UAAU","Helena","Benitez","34844319","helena.benitez@outlook.com","+54 9 2759 4551","Alumno","DNI","Item Created"
"003bm000011cA2VAAU","Luciano","Fernandez","41177146","luciano.fernandez@hotmail.com","+54 9 2957 0125","Alumno","DNI","Item Created"
"003bm000011cA2WAAU","Nicolas","Perez","45426946","nicolas.perez@outlook.com","+54 9 2785 5741","Alumno","DNI","Item Created"
"003bm000011cA2XAAU","Sofia Belen","Romero","43914297","sofia.belen.romero@outlook.com","+54 9 2604 2249","Alumno","DNI","Item Created"
"003bm000011cA2YAAU","Nicolas","Escobar","43220086","nicolas.escobar@gmail.com","+54 9 2257 7210","Alumno","DNI","Item Created"
"003bm000011cA2ZAAU","Sofia","Ramirez","34027014","sofia.ramirez@gmail.com","+54 9 2685 1639","Alumno","DNI","Item Created"
"003bm000011cA2aAAE","Emilia","Pereyra","35412606","emilia.pereyra@yahoo.com","+54 9 2571 5226","Alumno","DNI","Item Created"
"003bm000011cA2bAAE","Bautista Benjamin","Figueroa","38282799","bautista.benjamin.figueroa@hotmail.com","+54 9 3128 5156","Alumno","DNI","Item Created"
"003bm000011cA2cAAE","Lautaro Benjamin","Bustos","31888081","lautaro.benjamin.bustos@hotmail.com","+54 9 2440 7477","Alumno","DNI","Item Created"
"003bm000011cA2dAAE","Valentino","Coronel","31834919","valentino.coronel@hotmail.com","+54 9 3460 1436","Alumno","DNI","Item Created"
"003bm000011cA2eAAE","Ana Paula","Peralta","35944501","ana.paula.peralta@gmail.com","+54 9 3102 7685","Alumno","DNI","Item Created"
"003bm000011cA2fAAE","Sofía","Garcia","41249420","sofia.garcia@yahoo.com","+54 9 3401 1529","Alumno","DNI","Item Created"
"003bm000011cA2gAAE","Juan Cruz","Moreno","32108091","juan.cruz.moreno@outlook.com","+54 9 2442 8391","Alumno","DNI","Item Created"
"003bm000011cA2hAAE","Agostina","Aguirre","30367040","agostina.aguirre@gmail.com","+54 9 2370 4341","Alumno","DNI","Item Created"
"003bm000011cA2iAAE","Sofia Belen","Bravo","41333709","sofia.belen.bravo@outlook.com","+54 9 2154 5398","Alumno","DNI","Item Created"
"003bm000011cA2jAAE","Juan Martin","Alvarez","35281520","juan.martin.alvarez@gmail.com","+54 9 2182 5400","Alumno","DNI","Item Created"
"003bm000011cA2kAAE","Morena","Sosa","36615209","morena.sosa@outlook.com","+54 9 2597 8577","Alumno","DNI","Item Created"
"003bm000011cA2lAAE","Isabella","Ruiz","31725100","isabella.ruiz@gmail.com","+54 9 3452 8176","Alumno","DNI","Item Created"
"003bm000011cA2mAAE","Benjamin Ezequiel","Medina","34704174","benjamin.ezequiel.medina@yahoo.com","+54 9 3235 6753","Alumno","DNI","Item Created"
"003bm000011cA2nAAE","Alfonsina","Duarte","44713441","alfonsina.duarte@hotmail.com","+54 9 2509 1276","Alumno","DNI","Item Created"
"003bm000011cA2oAAE","Julia","Bustos","38129607","julia.bustos@gmail.com","+54 9 2107 5921","Alumno","DNI","Item Created"
"003bm000011cA2pAAE","Mora","Sanchez","30530462","mora.sanchez@hotmail.com","+54 9 3753 2126","Alumno","DNI","Item Created"
"003bm000011cA2qAAE","Mora","Maldonado","39877132","mora.maldonado@yahoo.com","+54 9 3397 5284","Alumno","DNI","Item Created"
"003bm000011cA2rAAE","Enzo","Lopez","31036656","enzo.lopez@gmail.com","+54 9 3672 6666","Alumno","DNI","Item Created"
"003bm000011cA2sAAE","Ciro","Fernandez","35345987","ciro.fernandez@hotmail.com","+54 9 2757 8671","Alumno","DNI","Item Created"
"003bm000011cA2tAAE","Julieta","Gonzalez","44341695","julieta.gonzalez@gmail.com","+54 9 2636 7869","Alumno","DNI","Item Created"
"003bm000011cA2uAAE","Geronimo","Rodriguez","30757580","geronimo.rodriguez@outlook.com","+54 9 3637 9605","Alumno","DNI","Item Created"
"003bm000011cA2vAAE","Francesca","Ledesma","30398761","francesca.ledesma@gmail.com","+54 9 3128 2830","Alumno","DNI","Item Created"
"003bm000011cA2wAAE","Valentino","Farias","33730688","valentino.farias@hotmail.com","+54 9 2756 6066","Alumno","DNI","Item Created"
"003bm000011cA2xAAE","Catalina","Acosta","38632250","catalina.acosta@gmail.com","+54 9 3553 0248","Alumno","DNI","Item Created"
"003bm000011cA2yAAE","Emanuel","Aguero","33112320","emanuel.aguero@outlook.com","+54 9 3350 7122","Alumno","DNI","Item Created"
"003bm000011cA2zAAE","Sofia","Godoy","43671191","sofia.godoy@yahoo.com","+54 9 2656 8600","Alumno","DNI","Item Created"
"003bm000011cA30AAE","Victoria","Sosa","32412306","victoria.sosa@yahoo.com","+54 9 3962 9040","Alumno","DNI","Item Created"
"003bm000011cA31AAE","Salvador","Sanchez","45038314","salvador.sanchez@hotmail.com","+54 9 2988 1095","Alumno","DNI","Item Created"
"003bm000011cA32AAE","Mateo","Medina","41258011","mateo.medina@hotmail.com","+54 9 3598 1512","Alumno","DNI","Item Created"
"003bm000011cA33AAE","Pilar","Gimenez","45245358","pilar.gimenez@yahoo.com","+54 9 2318 9070","Alumno","DNI","Item Created"
"003bm000011cA34AAE","Morena","Escobar","32204161","morena.escobar@yahoo.com","+54 9 2172 9101","Alumno","DNI","Item Created"
"003bm000011cA35AAE","Angel Gabriel","Gonzalez","30961379","angel.gabriel.gonzalez@outlook.com","+54 9 3581 6868","Alumno","DNI","Item Created"
"003bm000011cA36AAE","Constanza","Flores","35565985","constanza.flores@hotmail.com","+54 9 2821 4246","Alumno","DNI","Item Created"
"003bm000011cA37AAE","Benjamin","Aguirre","42674907","benjamin.aguirre@outlook.com","+54 9 2922 4113","Alumno","DNI","Item Created"
"003bm000011cA38AAE","Tomàs","Gomez","30098040","tomas.gomez@outlook.com","+54 9 3603 6843","Alumno","DNI","Item Created"
"003bm000011cA39AAE","Felipe","Perez","30123333","felipe.perez@yahoo.com","+54 9 2604 0224","Alumno","DNI","Item Created"
"003bm000011cA3AAAU","Mateo","Vera","37814684","mateo.vera@hotmail.com","+54 9 2972 5933","Alumno","DNI","Item Created"
"003bm000011cA3BAAU","Valentina","Benitez","38856423","valentina.benitez@yahoo.com","+54 9 3211 7388","Alumno","DNI","Item Created"
"003bm000011cA3CAAU","Benicio","Fernandez","37244102","benicio.fernandez@gmail.com","+54 9 3916 6475","Alumno","DNI","Item Created"
"003bm000011cA3DAAU","Thiago","Escobar","33460388","thiago.escobar@outlook.com","+54 9 3540 9601","Alumno","DNI","Item Created"
"003bm000011cA3EAAU","Jazmin","Bravo","41664468","jazmin.bravo@hotmail.com","+54 9 3832 3094","Alumno","DNI","Item Created"
"003bm000011cA3FAAU","Valentin","Silva","44144505","valentin.silva@yahoo.com","+54 9 2553 3837","Alumno","DNI","Item Created"
"003bm000011cA3GAAU","Bautista","Acosta","34207249","bautista.acosta@gmail.com","+54 9 3355 7407","Alumno","DNI","Item Created"
"003bm000011cA3HAAU","Micaela","Martinez","37478367","micaela.martinez@yahoo.com","+54 9 3823 9483","Alumno","DNI","Item Created"
"003bm000011cA3IAAU","Juan Manuel","Gonzalez","43867075","juan.manuel.gonzalez@hotmail.com","+54 9 3148 6620","Alumno","DNI","Item Created"
"003bm000011cA3JAAU","Santino","Vega","42781956","santino.vega@yahoo.com","+54 9 3178 6657","Alumno","DNI","Item Created"
"003bm000011cA3KAAU","Ciro","Caceres","43942866","ciro.caceres@yahoo.com","+54 9 2810 8961","Alumno","DNI","Item Created"
"003bm000011cA3LAAU","Lola","Avila","42936217","lola.avila@hotmail.com","+54 9 3551 4356","Alumno","DNI","Item Created"
"003bm000011cA3MAAU","Agostina","Lopez","37495057","agostina.lopez@yahoo.com","+54 9 2198 0678","Alumno","DNI","Item Created"
"003bm000011cA3NAAU","Benicio","Sanchez","40840726","benicio.sanchez@outlook.com","+54 9 2767 4311","Alumno","DNI","Item Created"
"003bm000011cA3OAAU","Camilo","Acosta","33871049","camilo.acosta@outlook.com","+54 9 2260 1518","Alumno","DNI","Item Created"
"003bm000011cA3PAAU","Simon","Garcia","35552454","simon.garcia@gmail.com","+54 9 3854 8194","Alumno","DNI","Item Created"
"003bm000011cA3QAAU","Elena","Aguirre","41734135","elena.aguirre@outlook.com","+54 9 2405 2837","Alumno","DNI","Item Created"
"003bm000011cA3RAAU","Bautista","Cabrera","36296794","bautista.cabrera@hotmail.com","+54 9 2696 5764","Alumno","DNI","Item Created"
"003bm000011cA3SAAU","Ana Paula","Benitez","43110444","ana.paula.benitez@hotmail.com","+54 9 3322 9860","Alumno","DNI","Item Created"
"003bm000011cA3TAAU","Juan Cruz","Fernandez","30055060","juan.cruz.fernandez@outlook.com","+54 9 2364 0323","Alumno","DNI","Item Created"
"003bm000011cA3UAAU","Nahiara","Quiroga","40132599","nahiara.quiroga@yahoo.com","+54 9 2801 7393","Alumno","DNI","Item Created"
"003bm000011cA3VAAU","Emanuel","Rodriguez","44506499","emanuel.rodriguez@gmail.com","+54 9 2526 8888","Alumno","DNI","Item Created"
"003bm000011cA3WAAU","Isabella","Martinez","44141804","isabella.martinez@yahoo.com","+54 9 2321 2821","Alumno","DNI","Item Created"
"003bm000011cA3XAAU","Ana Paula","Perez","44228213","ana.paula.perez@gmail.com","+54 9 3447 0887","Alumno","DNI","Item Created"
"003bm000011cA3YAAU","Bautista","Ramirez","38406935","bautista.ramirez@outlook.com","+54 9 3650 6437","Alumno","DNI","Item Created"
"003bm000011cA3ZAAU","Maria Victoria","Castro","39684246","maria.victoria.castro@gmail.com","+54 9 3815 6300","Alumno","DNI","Item Created"
"003bm000011cA3aAAE","Juan Ignacio","Gonzalez","35842163","juan.ignacio.gonzalez@outlook.com","+54 9 2320 0749","Alumno","DNI","Item Created"
"003bm000011cA3bAAE","Julieta","Caceres","43799230","julieta.caceres@outlook.com","+54 9 2584 5613","Alumno","DNI","Item Created"
"003bm000011cA3cAAE","Santino Gabriel","Perez","31451368","santino.gabriel.perez@yahoo.com","+54 9 2955 9114","Alumno","DNI","Item Created"
"003bm000011cA3dAAE","Mia","Vazquez","43350438","mia.vazquez@yahoo.com","+54 9 2901 6454","Alumno","DNI","Item Created"
"003bm000011cA3eAAE","Thiago Agustin","Leiva","45170433","thiago.agustin.leiva@hotmail.com","+54 9 3752 4905","Alumno","DNI","Item Created"
"003bm000011cA3fAAE","Sofia","Torres","41824986","sofia.torres@hotmail.com","+54 9 3691 2568","Alumno","DNI","Item Created"
"003bm000011cA3gAAE","Benjamin","Franco","45970742","benjamin.franco@hotmail.com","+54 9 3255 0134","Alumno","DNI","Item Created"
"003bm000011cA3hAAE","Ignacio","Paz","42886191","ignacio.paz@hotmail.com","+54 9 3340 4530","Alumno","DNI","Item Created"
"003bm000011cA3iAAE","Helena","Rodriguez","37031483","helena.rodriguez@hotmail.com","+54 9 3784 0196","Alumno","DNI","Item Created"
"003bm000011cA3jAAE","Bautista","Carrizo","42411250","bautista.carrizo@hotmail.com","+54 9 3369 0463","Alumno","DNI","Item Created"
"003bm000011cA3kAAE","Angelina","Gomez","38290123","angelina.gomez@yahoo.com","+54 9 2809 2655","Alumno","DNI","Item Created"
"003bm000011cA3lAAE","Lucía","Avila","41765198","lucia.avila@outlook.com","+54 9 2765 7966","Alumno","DNI","Item Created"
"003bm000011cA3mAAE","Agustín","Silva","35605561","agustin.silva@outlook.com","+54 9 3533 4868","Alumno","DNI","Item Created"
"003bm000011cA3nAAE","Victoria","Ledesma","36928006","victoria.ledesma@yahoo.com","+54 9 3624 7141","Alumno","DNI","Item Created"
"003bm000011cA3oAAE","Luisina","Coronel","35278293","luisina.coronel@yahoo.com","+54 9 3150 0267","Alumno","DNI","Item Created"
"003bm000011cA3pAAE","Kiara","Gimenez","40583085","kiara.gimenez@hotmail.com","+54 9 3202 4623","Alumno","DNI","Item Created"
"003bm000011cA3qAAE","Lucia","Mendoza","43529073","lucia.mendoza@outlook.com","+54 9 2703 8970","Alumno","DNI","Item Created"
"003bm000011cA3rAAE","Sofia","Fernandez","35297114","sofia.fernandez@gmail.com","+54 9 3382 0868","Alumno","DNI","Item Created"
"003bm000011cA3sAAE","Santino","Sosa","32738313","santino.sosa@gmail.com","+54 9 2710 1644","Alumno","DNI","Item Created"
"003bm000011cA3tAAE","Morena Jazmin","Dominguez","41728313","morena.jazmin.dominguez@outlook.com","+54 9 3812 9863","Alumno","DNI","Item Created"
"003bm000011cA3uAAE","Agostina","Diaz","33693959","agostina.diaz@yahoo.com","+54 9 3888 6108","Alumno","DNI","Item Created"
"003bm000011cA3vAAE","Benicio","Barrios","33964267","benicio.barrios@hotmail.com","+54 9 2932 6960","Alumno","DNI","Item Created"
"003bm000011cA3wAAE","Fausto","Molina","41485165","fausto.molina@yahoo.com","+54 9 3123 4849","Alumno","DNI","Item Created"
"003bm000011cA3xAAE","Morena","Benitez","34198627","morena.benitez@gmail.com","+54 9 2661 0157","Alumno","DNI","Item Created"
"003bm000011cA3yAAE","Valentino","Sanchez","34687649","valentino.sanchez@yahoo.com","+54 9 3160 3255","Alumno","DNI","Item Created"
"003bm000011cA3zAAE","Martina","Coronel","31017566","martina.coronel@hotmail.com","+54 9 3675 7611","Alumno","DNI","Item Created"
"003bm000011cA40AAE","León","Chavez","42699425","leon.chavez@yahoo.com","+54 9 3724 7880","Alumno","DNI","Item Created"
"003bm000011cA41AAE","Sol","Aguirre","30088172","sol.aguirre@yahoo.com","+54 9 3580 2420","Alumno","DNI","Item Created"
"003bm000011cA42AAE","Benjamin","Acuña","43542005","benjamin.acuna@outlook.com","+54 9 2955 2425","Alumno","DNI","Item Created"
"003bm000011cA43AAE","Bautista","Toledo","32692729","bautista.toledo@hotmail.com","+54 9 2804 1173","Alumno","DNI","Item Created"
"003bm000011cA44AAE","Gael","Romero","41248088","gael.romero@hotmail.com","+54 9 2410 4043","Alumno","DNI","Item Created"
"003bm000011cA45AAE","Tomas","Rodriguez","35654379","tomas.rodriguez@outlook.com","+54 9 2448 6949","Alumno","DNI","Item Created"
"003bm000011cA46AAE","Bautista","Moyano","35242773","bautista.moyano@outlook.com","+54 9 2949 1350","Alumno","DNI","Item Created"
"003bm000011cA47AAE","Vicente","Sanchez","44436801","vicente.sanchez@outlook.com","+54 9 2388 6574","Alumno","DNI","Item Created"
"003bm000011cA48AAE","Alma","Caceres","33043866","alma.caceres@yahoo.com","+54 9 2263 5632","Alumno","DNI","Item Created"
"003bm000011cA49AAE","Juan Ignacio","Mendez","39695033","juan.ignacio.mendez@hotmail.com","+54 9 3662 3805","Alumno","DNI","Item Created"
"003bm000011cA4AAAU","Zoe Jazmin","Duarte","31102495","zoe.jazmin.duarte@hotmail.com","+54 9 2633 1110","Alumno","DNI","Item Created"
"003bm000011cA4BAAU","Julia","Garcia","43727225","julia.garcia@gmail.com","+54 9 3330 8895","Alumno","DNI","Item Created"
"003bm000011cA4CAAU","Angel Gabriel","Ayala","33828320","angel.gabriel.ayala@gmail.com","+54 9 2397 5222","Alumno","DNI","Item Created"
"003bm000011cA4DAAU","Valentino","Navarro","39515864","valentino.navarro@yahoo.com","+54 9 3422 5210","Alumno","DNI","Item Created"
"003bm000011cA4EAAU","Maria Emilia","Castro","33544470","maria.emilia.castro@hotmail.com","+54 9 3612 0639","Alumno","DNI","Item Created"
"003bm000011cA4FAAU","Emiliano","Alvarez","39314240","emiliano.alvarez@outlook.com","+54 9 2622 9740","Alumno","DNI","Item Created"
"003bm000011cA4GAAU","Victoria","Suarez","30735404","victoria.suarez@yahoo.com","+54 9 3900 1818","Alumno","DNI","Item Created"
"003bm000011cA4HAAU","Milagros","Hernandez","33133815","milagros.hernandez@hotmail.com","+54 9 2787 2709","Alumno","DNI","Item Created"
"003bm000011cA4IAAU","Emanuel","Silva","38133728","emanuel.silva@yahoo.com","+54 9 2443 7222","Alumno","DNI","Item Created"
"003bm000011cA4JAAU","Ambar","Carrizo","31071888","ambar.carrizo@gmail.com","+54 9 2204 2253","Alumno","DNI","Item Created"
"003bm000011cA4KAAU","Juan Ignacio","Diaz","45896651","juan.ignacio.diaz@yahoo.com","+54 9 2255 6956","Alumno","DNI","Item Created"
"003bm000011cA4LAAU","Jazmin","Silva","38137274","jazmin.silva@hotmail.com","+54 9 2881 1833","Alumno","DNI","Item Created"
"003bm000011cA4MAAU","Lola","Gonzalez","40306605","lola.gonzalez@yahoo.com","+54 9 2206 1641","Alumno","DNI","Item Created"
"003bm000011cA4NAAU","Martina","Perez","35906862","martina.perez@yahoo.com","+54 9 2179 3774","Alumno","DNI","Item Created"
"003bm000011cA4OAAU","Lautaro Benjamin","Figueroa","35511517","lautaro.benjamin.figueroa@outlook.com","+54 9 3728 4080","Alumno","DNI","Item Created"
"003bm000011cA4PAAU","Luciano","Soria","38717375","luciano.soria@outlook.com","+54 9 2316 8447","Alumno","DNI","Item Created"
"003bm000011cA4QAAU","Francisco","Sosa","35940256","francisco.sosa@gmail.com","+54 9 3712 7580","Alumno","DNI","Item Created"
"003bm000011cA4RAAU","Zoe Jazmin","Paez","40668065","zoe.jazmin.paez@yahoo.com","+54 9 3849 9314","Alumno","DNI","Item Created"
"003bm000011cA4SAAU","Ian Ezequiel","Silva","38188233","ian.ezequiel.silva@hotmail.com","+54 9 2481 4804","Alumno","DNI","Item Created"
"003bm000011cA4TAAU","Oriana","Gimenez","44516064","oriana.gimenez@gmail.com","+54 9 2210 8961","Alumno","DNI","Item Created"
"003bm000011cA4UAAU","Agustin","Perez","45544327","agustin.perez@hotmail.com","+54 9 2928 2857","Alumno","DNI","Item Created"
"003bm000011cA4VAAU","Renata","Perez","32231628","renata.perez@hotmail.com","+54 9 2513 8871","Alumno","DNI","Item Created"
"003bm000011cA4WAAU","Sofia Belen","Lucero","33423546","sofia.belen.lucero@gmail.com","+54 9 3644 8717","Alumno","DNI","Item Created"
"003bm000011cA4XAAU","Sofia","Rodriguez","34728997","sofia.rodriguez@hotmail.com","+54 9 2119 9773","Alumno","DNI","Item Created"
"003bm000011cA4YAAU","Lucas Benjamin","Roldan","30230499","lucas.benjamin.roldan@hotmail.com","+54 9 3838 9647","Alumno","DNI","Item Created"
"003bm000011cA4ZAAU","Francisco","Peralta","32673458","francisco.peralta@outlook.com","+54 9 2302 6935","Alumno","DNI","Item Created"
"003bm000011cA4aAAE","Renata","Fernandez","37239533","renata.fernandez@hotmail.com","+54 9 2664 1519","Alumno","DNI","Item Created"
"003bm000011cA4bAAE","Maria Belen","Ramos","38842716","maria.belen.ramos@yahoo.com","+54 9 2805 4050","Alumno","DNI","Item Created"
"003bm000011cA4cAAE","Pedro","Rodriguez","43733466","pedro.rodriguez@yahoo.com","+54 9 3809 4602","Alumno","DNI","Item Created"
"003bm000011cA4dAAE","Lucia","Soria","32901887","lucia.soria@hotmail.com","+54 9 2977 5530","Alumno","DNI","Item Created"
"003bm000011cA4eAAE","Santino Agustin","Ramirez","38081258","santino.agustin.ramirez@hotmail.com","+54 9 3836 4063","Alumno","DNI","Item Created"
"003bm000011cA4fAAE","Martin","Silva","30004548","martin.silva@gmail.com","+54 9 2719 3815","Alumno","DNI","Item Created"
"003bm000011cA4gAAE","Zoe Valentina","Romero","45692552","zoe.valentina.romero@outlook.com","+54 9 2433 5632","Alumno","DNI","Item Created"
"003bm000011cA4hAAE","Giuliana","Blanco","36520319","giuliana.blanco@yahoo.com","+54 9 3292 7786","Alumno","DNI","Item Created"
"003bm000011cA4iAAE","Emilia","Suarez","42082012","emilia.suarez@outlook.com","+54 9 2996 1754","Alumno","DNI","Item Created"
"003bm000011cA4jAAE","Ivan","Bustos","41310259","ivan.bustos@yahoo.com","+54 9 3849 1905","Alumno","DNI","Item Created"
"003bm000011cA4kAAE","Maria Victoria","Ramos","44492899","maria.victoria.ramos@outlook.com","+54 9 2283 0598","Alumno","DNI","Item Created"
"003bm000011cA4lAAE","Mora","Flores","40156501","mora.flores@outlook.com","+54 9 2254 7112","Alumno","DNI","Item Created"
"003bm000011cA4mAAE","Gonzalo","Muñoz","32919443","gonzalo.munoz@yahoo.com","+54 9 3424 3541","Alumno","DNI","Item Created"
"003bm000011cA4nAAE","Abril","Vazquez","33545850","abril.vazquez@yahoo.com","+54 9 2162 9761","Alumno","DNI","Item Created"
"003bm000011cA4oAAE","Ramiro","Olivera","41418439","ramiro.olivera@yahoo.com","+54 9 2332 6663","Alumno","DNI","Item Created"
"003bm000011cA4pAAE","Lautaro Nicolas","Diaz","38434835","lautaro.nicolas.diaz@hotmail.com","+54 9 2807 7144","Alumno","DNI","Item Created"
"003bm000011cA4qAAE","Lola","Martinez","36537106","lola.martinez@yahoo.com","+54 9 2594 0082","Alumno","DNI","Item Created"
"003bm000011cA4rAAE","Santino Agustin","Fernandez","41008531","santino.agustin.fernandez@gmail.com","+54 9 2582 8814","Alumno","DNI","Item Created"
"003bm000011cA4sAAE","Martina","Maldonado","41453617","martina.maldonado@yahoo.com","+54 9 2640 2672","Alumno","DNI","Item Created"
"003bm000011cA4tAAE","Facundo","Fernandez","38703238","facundo.fernandez@hotmail.com","+54 9 2866 4633","Alumno","DNI","Item Created"
"003bm000011cA4uAAE","Tobias","Diaz","43726508","tobias.diaz@gmail.com","+54 9 2885 2045","Alumno","DNI","Item Created"
"003bm000011cA4vAAE","Tomàs","Gonzalez","34447081","tomas.gonzalez@yahoo.com","+54 9 2731 0414","Alumno","DNI","Item Created"
"003bm000011cA4wAAE","Olivia","Perez","38703285","olivia.perez@gmail.com","+54 9 3131 1449","Alumno","DNI","Item Created"
"003bm000011cA4xAAE","Catalina","Caceres","44521824","catalina.caceres@outlook.com","+54 9 3718 0118","Alumno","DNI","Item Created"
"003bm000011cA4yAAE","Sebastian","Ledesma","35031297","sebastian.ledesma@outlook.com","+54 9 2757 4586","Alumno","DNI","Item Created"
"003bm000011cA4zAAE","Juan","Sanchez","32823541","juan.sanchez@hotmail.com","+54 9 3253 2696","Alumno","DNI","Item Created"
"003bm000011cA50AAE","Lourdes","Alvarez","45091268","lourdes.alvarez@hotmail.com","+54 9 3563 4379","Alumno","DNI","Item Created"
"003bm000011cA51AAE","Facundo","Paez","34641008","facundo.paez@gmail.com","+54 9 2340 6650","Alumno","DNI","Item Created"
"003bm000011cA52AAE","Matilda","Quiroga","30996789","matilda.quiroga@yahoo.com","+54 9 2743 4973","Alumno","DNI","Item Created"
"003bm000011cA53AAE","Benjamin","Aguirre","38027945","benjamin.aguirre@gmail.com","+54 9 3326 9109","Alumno","DNI","Item Created"
"003bm000011cA54AAE","Guillermina","Garcia","31591629","guillermina.garcia@outlook.com","+54 9 3905 4651","Alumno","DNI","Item Created"
"003bm000011cA84AAE","Lucía ","Campos","33688099","lucia..campos@yahoo.com","+54 9 2466 3766","Alumno","DNI","Item Created"
"003bm000011cA85AAE","Camila","Martinez","39208663","camila.martinez@outlook.com","+54 9 3443 3706","Alumno","DNI","Item Created"
"003bm000011cA86AAE","Nina","Diaz","30772589","nina.diaz@hotmail.com","+54 9 2815 3940","Alumno","DNI","Item Created"
"003bm000011cA87AAE","Ezequiel","Lopez","45532881","ezequiel.lopez@hotmail.com","+54 9 2824 5367","Alumno","DNI","Item Created"
"003bm000011cA88AAE","Nicolas","Cabrera","42026432","nicolas.cabrera@outlook.com","+54 9 2355 3045","Alumno","DNI","Item Created"
"003bm000011cA89AAE","Lautaro Ezequiel","Rojas","41660538","lautaro.ezequiel.rojas@hotmail.com","+54 9 3974 0906","Alumno","DNI","Item Created"
"003bm000011cA8AAAU","Geronimo","Castillo","32875207","geronimo.castillo@yahoo.com","+54 9 2399 2142","Alumno","DNI","Item Created"
"003bm000011cA8BAAU","Vicente","Nuñez","45878884","vicente.nunez@yahoo.com","+54 9 2773 9063","Alumno","DNI","Item Created"
"003bm000011cA8CAAU","Mateo Ezequiel","Silva","32838454","mateo.ezequiel.silva@outlook.com","+54 9 2800 0722","Alumno","DNI","Item Created"
"003bm000011cA8DAAU","Juan Gabriel","Cruz","42555362","juan.gabriel.cruz@gmail.com","+54 9 3279 0400","Alumno","DNI","Item Created"
"003bm000011cA8EAAU","Facundo","Flores","35961291","facundo.flores@outlook.com","+54 9 2995 1730","Alumno","DNI","Item Created"
"003bm000011cA8FAAU","Lautaro Benjamin","Campos","36847519","","+54 9 3441 3659","Alumno","DNI","Item Created"
"003bm000011cA8GAAU","Felipe","Sanchez","31695622","felipe.sanchez@yahoo.com","+54 9 2847 3851","Alumno","DNI","Item Created"
"003bm000011cA8HAAU","Alma","Rodriguez","45844538","alma.rodriguez@gmail.com","+54 9 3457 7978","Alumno","DNI","Item Created"
"003bm000011cA8IAAU","Felipe","Ramirez","43810640","felipe.ramirez@gmail.com","+54 9 3525 2675","Alumno","DNI","Item Created"
"003bm000011cA8JAAU","Isabella","Gonzalez","30763126","isabella.gonzalez@outlook.com","+54 9 3627 1435","Alumno","DNI","Item Created"
"003bm000011cA8KAAU","Sofia","Mendoza","30609077","sofia.mendoza@gmail.com","+54 9 3744 6115","Alumno","DNI","Item Created"
"003bm000011cA8LAAU","Benjamin","Morales","31704019","benjamin.morales@hotmail.com","+54 9 3856 1189","Alumno","DNI","Item Created"
"003bm000011cA8MAAU","Maximiliano","Rojas","44502106","maximiliano.rojas@hotmail.com","+54 9 2616 5886","Alumno","DNI","Item Created"
"003bm000011cA8NAAU","Juan Manuel","Cordoba","45666370","juan.manuel.cordoba@outlook.com","+54 9 2816 8960","Alumno","DNI","Item Created"
"003bm000011cA8OAAU","Delfina","Sosa","33883514","delfina.sosa@yahoo.com","+54 9 2737 3724","Alumno","DNI","Item Created"
"003bm000011cA8PAAU","Santiago Nicolas","Gomez","34452113","santiago.nicolas.gomez@yahoo.com","+54 9 2265 0546","Alumno","DNI","Item Created"
"003bm000011cA8QAAU","Thiago Ezequiel","Molina","32697331","thiago.ezequiel.molina@hotmail.com","+54 9 2584 9188","Alumno","DNI","Item Created"
"003bm000011cA8RAAU","Vicente","Medina","43777501","vicente.medina@yahoo.com","+54 9 3651 2667","Alumno","DNI","Item Created"
"003bm000011cA8SAAU","Tomas","Arias","33158030","tomas.arias@hotmail.com","+54 9 3217 9090","Alumno","DNI","Item Created"
"003bm000011cA8TAAU","Julieta","Martinez","32096884","julieta.martinez@outlook.com","+54 9 3160 1200","Alumno","DNI","Item Created"
"003bm000011cA8UAAU","Ema","Gomez","44946319","ema.gomez@outlook.com","+54 9 3594 4144","Alumno","DNI","Item Created"
"003bm000011cA8VAAU","Mateo Agustin","Ponce","32830740","mateo.agustin.ponce@outlook.com","+54 9 3386 4828","Alumno","DNI","Item Created"
"003bm000011cA8WAAU","Benjamin","Ayala","41240321","benjamin.ayala@gmail.com","+54 9 2960 3361","Alumno","DNI","Item Created"
"003bm000011cA8XAAU","Thiago","Vera","35904105","thiago.vera@yahoo.com","+54 9 3734 8232","Alumno","DNI","Item Created"
"003bm000011cA8YAAU","Ludmila","Martinez","35792864","ludmila.martinez@gmail.com","+54 9 2244 6550","Alumno","DNI","Item Created"
"003bm000011cA8ZAAU","Santino Ezequiel","Vega","36161620","santino.ezequiel.vega@yahoo.com","+54 9 3228 1663","Alumno","DNI","Item Created"
"003bm000011cA8aAAE","Paula","Martinez","31562479","paula.martinez@gmail.com","+54 9 3959 5067","Alumno","DNI","Item Created"
"003bm000011cA8bAAE","Milagros","Maldonado","34850065","milagros.maldonado@yahoo.com","+54 9 2282 4071","Alumno","DNI","Item Created"
"003bm000011cA8cAAE","Morena","Cordoba","45685363","morena.cordoba@hotmail.com","+54 9 2815 2647","Alumno","DNI","Item Created"
"003bm000011cA8dAAE","Helena","Suarez","41092656","helena.suarez@gmail.com","+54 9 3937 2670","Alumno","DNI","Item Created"
"003bm000011cA8eAAE","Juan","Aguirre","31500794","juan.aguirre@gmail.com","+54 9 2469 0424","Alumno","DNI","Item Created"
"003bm000011cA8fAAE","Lautaro","Moyano","33822169","lautaro.moyano@yahoo.com","+54 9 3952 4015","Alumno","DNI","Item Created"
"003bm000011cA8gAAE","Sofía","Martinez","31262811","sofia.martinez@yahoo.com","+54 9 2561 4182","Alumno","DNI","Item Created"
"003bm000011cA8hAAE","Juan Martin","Gutierrez","31305554","juan.martin.gutierrez@yahoo.com","+54 9 3538 5954","Alumno","DNI","Item Created"
"003bm000011cA8iAAE","Francisco","Gimenez","33212131","francisco.gimenez@outlook.com","+54 9 3836 6659","Alumno","DNI","Item Created"
"003bm000011cA8jAAE","Santino","Martinez","43970719","santino.martinez@outlook.com","+54 9 3687 1842","Alumno","DNI","Item Created"
"003bm000011cA8kAAE","Emilia","Moreno","35718936","emilia.moreno@gmail.com","+54 9 3588 3763","Alumno","DNI","Item Created"
"003bm000011cA8lAAE","Dylan","Torres","31668253","dylan.torres@outlook.com","+54 9 2282 5593","Alumno","DNI","Item Created"
"003bm000011cA8mAAE","Delfina","Fernandez","32284080","delfina.fernandez@gmail.com","+54 9 2224 9634","Alumno","DNI","Item Created"
"003bm000011cA8nAAE","Bruno","Romero","35690393","bruno.romero@outlook.com","+54 9 3164 0655","Alumno","DNI","Item Created"
"003bm000011cA8oAAE","Martina","Hernandez","32486624","","+54 9 2775 4922","Alumno","DNI","Item Created"
"003bm000011cA8pAAE","Martina","Leiva","41212075","martina.leiva@gmail.com","+54 9 3651 4360","Alumno","DNI","Item Created"
"003bm000011cA8qAAE","Agustina","Suarez","36867908","agustina.suarez@hotmail.com","+54 9 3232 9381","Alumno","DNI","Item Created"
"003bm000011cA8rAAE","Valentino","Figueroa","41511282","valentino.figueroa@gmail.com","+54 9 2236 6190","Alumno","DNI","Item Created"
"003bm000011cA8sAAE","Juana","Rios","32369229","juana.rios@yahoo.com","+54 9 2872 5176","Alumno","DNI","Item Created"
"003bm000011cA8tAAE","Lola","Vargas","44898507","lola.vargas@gmail.com","+54 9 2423 9477","Alumno","DNI","Item Created"
"003bm000011cA8uAAE","Benjamin","Martinez","43447193","benjamin.martinez@gmail.com","+54 9 2930 4243","Alumno","DNI","Item Created"
"003bm000011cA8vAAE","Victoria","Martin","39038900","victoria.martin@yahoo.com","+54 9 2568 6840","Alumno","DNI","Item Created"
"003bm000011cA8wAAE","Lorenzo","Garcia","37216255","lorenzo.garcia@yahoo.com","+54 9 2944 7867","Alumno","DNI","Item Created"
"003bm000011cA8xAAE","Santino Benjamin","Silva","34218122","santino.benjamin.silva@yahoo.com","+54 9 3466 1449","Alumno","DNI","Item Created"
"003bm000011cA8yAAE","Lorenzo","Sanchez","45320934","lorenzo.sanchez@hotmail.com","+54 9 2602 2743","Alumno","DNI","Item Created"
"003bm000011cA8zAAE","Alma","Acuña","40358012","alma.acuna@gmail.com","+54 9 2157 7844","Alumno","DNI","Item Created"
"003bm000011cA90AAE","Clara","Ojeda","37607894","clara.ojeda@outlook.com","+54 9 3692 7877","Alumno","DNI","Item Created"
"003bm000011cA91AAE","Delfina","Sosa","33555444","delfina.sosa@yahoo.com","+54 9 2699 7901","Alumno","DNI","Item Created"
"003bm000011cA92AAE","Genaro","Rodriguez","32659067","genaro.rodriguez@yahoo.com","+54 9 2945 2152","Alumno","DNI","Item Created"
"003bm000011cA93AAE","Thiago Benjamin","Medina","32033807","thiago.benjamin.medina@yahoo.com","+54 9 2962 4018","Alumno","DNI","Item Created"
"003bm000011cA94AAE","Ambar","Herrera","37531532","ambar.herrera@outlook.com","+54 9 3263 5421","Alumno","DNI","Item Created"
"003bm000011cA95AAE","Clara","Maidana","37564736","clara.maidana@yahoo.com","+54 9 2674 0946","Alumno","DNI","Item Created"
"003bm000011cA96AAE","Juana","Romero","37597528","juana.romero@gmail.com","+54 9 2737 5119","Alumno","DNI","Item Created"
"003bm000011cA97AAE","Bianca","Fernandez","45926308","bianca.fernandez@outlook.com","+54 9 2736 8279","Alumno","DNI","Item Created"
"003bm000011cA98AAE","Emilia","Diaz","44870664","emilia.diaz@hotmail.com","+54 9 3512 5116","Alumno","DNI","Item Created"
"003bm000011cA99AAE","Juan Ignacio","Fernandez","31404097","juan.ignacio.fernandez@hotmail.com","+54 9 2922 2941","Alumno","DNI","Item Created"
"003bm000011cA9AAAU","Renata","Bustos","38600036","renata.bustos@outlook.com","+54 9 2987 2630","Alumno","DNI","Item Created"
"003bm000011cA9BAAU","Martina","Benitez","43093166","martina.benitez@outlook.com","+54 9 2203 0629","Alumno","DNI","Item Created"
"003bm000011cA9CAAU","Ian Benjamin","Ruiz","35668496","ian.benjamin.ruiz@gmail.com","+54 9 2311 2335","Alumno","DNI","Item Created"
"003bm000011cA9DAAU","Luca","Gutierrez","44554723","luca.gutierrez@gmail.com","+54 9 3639 6498","Alumno","DNI","Item Created"
"003bm000011cA9EAAU","Ignacio","Valdez","44698429","ignacio.valdez@outlook.com","+54 9 2257 9840","Alumno","DNI","Item Created"
"003bm000011cA9FAAU","Felipe","Rodriguez","32785292","felipe.rodriguez@hotmail.com","+54 9 2526 8722","Alumno","DNI","Item Created"
"003bm000011cA9GAAU","Josefina","Garcia","32794495","josefina.garcia@outlook.com","+54 9 3391 7679","Alumno","DNI","Item Created"
"003bm000011cA9HAAU","Luca","Romero","33898883","luca.romero@gmail.com","+54 9 3911 9576","Alumno","DNI","Item Created"
"003bm000011cA9IAAU","Josefina","Vazquez","45116252","josefina.vazquez@yahoo.com","+54 9 3171 6830","Alumno","DNI","Item Created"
"003bm000011cA9JAAU","Valentino","Chavez","41235752","valentino.chavez@gmail.com","+54 9 2712 4622","Alumno","DNI","Item Created"
"003bm000011cA9KAAU","Lorenzo","Villalba","31544603","lorenzo.villalba@yahoo.com","+54 9 2924 0341","Alumno","DNI","Item Created"
"003bm000011cA9LAAU","Alma Valentina","Flores","34724187","alma.valentina.flores@gmail.com","+54 9 3323 2889","Alumno","DNI","Item Created"
"003bm000011cA9MAAU","Alejo","Juarez","36746458","alejo.juarez@outlook.com","+54 9 2558 7808","Alumno","DNI","Item Created"
"003bm000011cA9NAAU","Mateo","Fernandez","42622519","mateo.fernandez@hotmail.com","+54 9 2841 2021","Alumno","DNI","Item Created"
"003bm000011cA9OAAU","Sofia","Coronel","32120170","sofia.coronel@outlook.com","+54 9 2619 1417","Alumno","DNI","Item Created"
"003bm000011cA9PAAU","Alma Valentina","Gomez","30682265","alma.valentina.gomez@hotmail.com","+54 9 3561 3635","Alumno","DNI","Item Created"
"003bm000011cA9QAAU","Juliana","Leiva","37272214","juliana.leiva@outlook.com","+54 9 2206 6918","Alumno","DNI","Item Created"
"003bm000011cA9RAAU","Lucas","Acosta","37376900","lucas.acosta@gmail.com","+54 9 2332 2937","Alumno","DNI","Item Created"
"003bm000011cA9SAAU","Paulina","Sanchez","40391525","paulina.sanchez@yahoo.com","+54 9 3267 7615","Alumno","DNI","Item Created"
"003bm000011cA9TAAU","Gino","Martinez","45348552","gino.martinez@gmail.com","+54 9 3929 5140","Alumno","DNI","Item Created"
"003bm000011cA9UAAU","Sofia","Lopez","37032603","sofia.lopez@gmail.com","+54 9 3137 1964","Alumno","DNI","Item Created"
"003bm000011cA9VAAU","Nicolas","Perez","43990468","nicolas.perez@hotmail.com","+54 9 2251 4214","Alumno","DNI","Item Created"
"003bm000011cA9WAAU","Ignacio","Mansilla","39910307","","+54 9 2222 1032","Alumno","DNI","Item Created"
"003bm000011cA9XAAU","Matias","Martinez","31581376","matias.martinez@yahoo.com","+54 9 3995 4031","Alumno","DNI","Item Created"
"003bm000011cA9YAAU","Maria Victoria","Diaz","41289623","maria.victoria.diaz@gmail.com","+54 9 3904 6464","Alumno","DNI","Item Created"
"003bm000011cA9ZAAU","Ciro","Diaz","40965886","ciro.diaz@gmail.com","+54 9 2322 0571","Alumno","DNI","Item Created"
"003bm000011cA9aAAE","Lucia","Sanchez","38443830","lucia.sanchez@hotmail.com","+54 9 2715 6544","Alumno","DNI","Item Created"
"003bm000011cA9bAAE","Benjamin Ezequiel","Benitez","44900640","benjamin.ezequiel.benitez@hotmail.com","+54 9 3783 5346","Alumno","DNI","Item Created"
"003bm000011cA9cAAE","Alma","Correa","44067426","alma.correa@yahoo.com","+54 9 2178 3979","Alumno","DNI","Item Created"
"003bm000011cA9dAAE","Lisandro","Romero","38082801","lisandro.romero@yahoo.com","+54 9 2563 9978","Alumno","DNI","Item Created"
"003bm000011cA9eAAE","Isabella","Flores","31770202","isabella.flores@gmail.com","+54 9 3722 6093","Alumno","DNI","Item Created"
"003bm000011cA9fAAE","Lucas Ezequiel","Medina","32855448","lucas.ezequiel.medina@yahoo.com","+54 9 3910 1797","Alumno","DNI","Item Created"
"003bm000011cA9gAAE","Thiago Lionel","Gutierrez","41607939","thiago.lionel.gutierrez@outlook.com","+54 9 2764 4837","Alumno","DNI","Item Created"
"003bm000011cA9hAAE","Lautaro Nicolas","Rodriguez","41126806","lautaro.nicolas.rodriguez@hotmail.com","+54 9 2123 4531","Alumno","DNI","Item Created"
"003bm000011cA9iAAE","Felicitas","Cruz","30808302","felicitas.cruz@outlook.com","+54 9 2810 8883","Alumno","DNI","Item Created"
"003bm000011cA9jAAE","Alma","Bustos","42789411","alma.bustos@hotmail.com","+54 9 3778 8096","Alumno","DNI","Item Created"
"003bm000011cA9kAAE","Santiago","Bravo","39353079","santiago.bravo@outlook.com","+54 9 3274 3743","Alumno","DNI","Item Created"
"003bm000011cA9lAAE","Lautaro","Ledesma","34543225","lautaro.ledesma@gmail.com","+54 9 3896 5291","Alumno","DNI","Item Created"
"003bm000011cA9mAAE","Valentin","Sanchez","35975020","valentin.sanchez@outlook.com","+54 9 3910 3284","Alumno","DNI","Item Created"
"003bm000011cA9nAAE","Helena","Diaz","45908118","helena.diaz@outlook.com","+54 9 3788 2647","Alumno","DNI","Item Created"
"003bm000011cA9oAAE","Mia Morena","Rios","36377876","mia.morena.rios@hotmail.com","+54 9 3827 9824","Alumno","DNI","Item Created"
"003bm000011cA9pAAE","Thiago Valentin","Perez","45594124","thiago.valentin.perez@yahoo.com","+54 9 2463 3945","Alumno","DNI","Item Created"
"003bm000011cA9qAAE","Nicolas","Gimenez","39260956","nicolas.gimenez@hotmail.com","+54 9 2483 2272","Alumno","DNI","Item Created"
"003bm000011cA9rAAE","Geronimo","Mansilla","30716676","geronimo.mansilla@hotmail.com","+54 9 2783 8410","Alumno","DNI","Item Created"
"003bm000011cA9sAAE","Alfonsina","Martinez","45365573","alfonsina.martinez@gmail.com","+54 9 3555 6471","Alumno","DNI","Item Created"
"003bm000011cA9tAAE","Lucas Ezequiel","Rojas","43243328","lucas.ezequiel.rojas@yahoo.com","+54 9 3522 1137","Alumno","DNI","Item Created"
"003bm000011cA9uAAE","Dylan","Medina","34572098","dylan.medina@yahoo.com","+54 9 3870 2128","Alumno","DNI","Item Created"
"003bm000011cA9vAAE","Josefina","Ledesma","33693770","josefina.ledesma@outlook.com","+54 9 3303 0053","Alumno","DNI","Item Created"
"003bm000011cA9wAAE","Luisina","Quiroga","45128829","luisina.quiroga@hotmail.com","+54 9 2475 0424","Alumno","DNI","Item Created"
"003bm000011cA9xAAE","Valentin","Ramos","42974553","valentin.ramos@hotmail.com","+54 9 3683 6589","Alumno","DNI","Item Created"
"003bm000011cA9yAAE","Victoria","Muñoz","41938150","victoria.munoz@gmail.com","+54 9 2481 5226","Alumno","DNI","Item Created"
"003bm000011cA9zAAE","Bianca","Fernandez","36187665","bianca.fernandez@hotmail.com","+54 9 3974 5752","Alumno","DNI","Item Created"
"003bm000011cAA0AAM","Helena","Flores","38314294","helena.flores@yahoo.com","+54 9 2806 4366","Alumno","DNI","Item Created"
"003bm000011cAA1AAM","Matilda","Gonzalez","45801274","matilda.gonzalez@outlook.com","+54 9 2773 8058","Alumno","DNI","Item Created"
"003bm000011cAA2AAM","Lautaro Benjamin","Acuña","37026116","lautaro.benjamin.acuna@gmail.com","+54 9 2631 8719","Alumno","DNI","Item Created"
"003bm000011cAA3AAM","Vicente","Valdez","30894734","vicente.valdez@yahoo.com","+54 9 2331 7386","Alumno","DNI","Item Created"
"003bm000011cAA4AAM","Ian Benjamin","Sanchez","44456279","ian.benjamin.sanchez@hotmail.com","+54 9 3325 8497","Alumno","DNI","Item Created"
"003bm000011cAA5AAM","Bruno","Gonzalez","41570701","bruno.gonzalez@hotmail.com","+54 9 3214 5389","Alumno","DNI","Item Created"
"003bm000011cAA6AAM","Juliana","Miranda","32480053","juliana.miranda@outlook.com","+54 9 2443 7668","Alumno","DNI","Item Created"
"003bm000011cAA7AAM","Pilar","Ayala","32028899","pilar.ayala@outlook.com","+54 9 3376 7498","Alumno","DNI","Item Created"
"003bm000011cAA8AAM","Delfina","Sosa","45670602","delfina.sosa@yahoo.com","+54 9 3218 1150","Alumno","DNI","Item Created"
"003bm000011cAA9AAM","Mia Jazmin","Pereyra","30300948","mia.jazmin.pereyra@gmail.com","+54 9 2783 3656","Alumno","DNI","Item Created"
"003bm000011cAAAAA2","Juan Pablo","Sanchez","30898022","juan.pablo.sanchez@hotmail.com","+54 9 2692 3092","Alumno","DNI","Item Created"
"003bm000011cAABAA2","Luisana","Vega","44904880","luisana.vega@outlook.com","+54 9 3786 6783","Alumno","DNI","Item Created"
"003bm000011cAACAA2","Francisco","Romero","41150046","francisco.romero@outlook.com","+54 9 3799 7143","Alumno","DNI","Item Created"
"003bm000011cAADAA2","Benjamin Ezequiel","Acosta","43029052","benjamin.ezequiel.acosta@outlook.com","+54 9 2417 6210","Alumno","DNI","Item Created"
"003bm000011cAAEAA2","Maia","Gonzalez","32308961","maia.gonzalez@hotmail.com","+54 9 3418 9671","Alumno","DNI","Item Created"
"003bm000011cAAFAA2","Victoria","Gomez","37080082","victoria.gomez@yahoo.com","+54 9 2715 5198","Alumno","DNI","Item Created"
"003bm000011cAAGAA2","Camila","Franco","40626532","camila.franco@hotmail.com","+54 9 3580 9460","Alumno","DNI","Item Created"
"003bm000011cAAHAA2","Joaquin","Muñoz","36098117","joaquin.munoz@hotmail.com","+54 9 2690 8562","Alumno","DNI","Item Created"
"003bm000011cAAIAA2","Valentina Jazmin","Flores","35517461","valentina.jazmin.flores@yahoo.com","+54 9 2985 0324","Alumno","DNI","Item Created"
"003bm000011cAAJAA2","Carmela","Romero","43088662","carmela.romero@gmail.com","+54 9 2930 4997","Alumno","DNI","Item Created"
"003bm000011cAAKAA2","Santino","Castro","37682475","santino.castro@hotmail.com","+54 9 2368 3957","Alumno","DNI","Item Created"
"003bm000011cAALAA2","Dante","Diaz","35061213","dante.diaz@yahoo.com","+54 9 2564 4914","Alumno","DNI","Item Created"
"003bm000011cAAMAA2","Pilar","Rodriguez","42287708","pilar.rodriguez@yahoo.com","+54 9 2109 1532","Alumno","DNI","Item Created"
"003bm000011cAANAA2","Antonia","Aguirre","33648177","antonia.aguirre@gmail.com","+54 9 2118 0023","Alumno","DNI","Item Created"
"003bm000011cAAOAA2","Juan Pablo","Alvarez","41744958","juan.pablo.alvarez@outlook.com","+54 9 2711 6346","Alumno","DNI","Item Created"
"003bm000011cAAPAA2","Julia","Moreno","43313143","julia.moreno@gmail.com","+54 9 2578 5272","Alumno","DNI","Item Created"
"003bm000011cAAQAA2","Giuliana","Arias","37556007","giuliana.arias@hotmail.com","+54 9 3115 5139","Alumno","DNI","Item Created"
"003bm000011cAARAA2","Luciano","Ayala","35652925","luciano.ayala@yahoo.com","+54 9 3871 8403","Alumno","DNI","Item Created"
"003bm000011cAASAA2","Milena","Silva","43001086","milena.silva@gmail.com","+54 9 3819 6459","Alumno","DNI","Item Created"
"003bm000011cAATAA2","Giuliana","Ferreyra","33193102","giuliana.ferreyra@hotmail.com","+54 9 3979 5952","Alumno","DNI","Item Created"
"003bm000011cAAUAA2","Milagros","Aguirre","36861254","milagros.aguirre@outlook.com","+54 9 2541 3131","Alumno","DNI","Item Created"
"003bm000011cAAVAA2","Juan David","Fernandez","34933089","juan.david.fernandez@hotmail.com","+54 9 2663 2958","Alumno","DNI","Item Created"
"003bm000011cAAWAA2","Santiago Benjamin","Muñoz","34007375","santiago.benjamin.munoz@outlook.com","+54 9 3433 3070","Alumno","DNI","Item Created"
"003bm000011cAAXAA2","Lautaro Ezequiel","Martinez","43695489","lautaro.ezequiel.martinez@hotmail.com","+54 9 2735 5450","Alumno","DNI","Item Created"
"003bm000011cAAYAA2","Benicio","Farias","39251592","benicio.farias@hotmail.com","+54 9 3997 7083","Alumno","DNI","Item Created"
"003bm000011cAAZAA2","Delfina","Barrios","31301580","delfina.barrios@yahoo.com","+54 9 2404 3585","Alumno","DNI","Item Created"
"003bm000011cAAaAAM","Felipe","Flores","43583039","felipe.flores@outlook.com","+54 9 3811 7512","Alumno","DNI","Item Created"
"003bm000011cAAbAAM","Mora","Diaz","30081724","mora.diaz@gmail.com","+54 9 3924 6166","Alumno","DNI","Item Created"
"003bm000011cAAcAAM","Franco","Morales","38766730","franco.morales@outlook.com","+54 9 3970 3314","Alumno","DNI","Item Created"
"003bm000011cAAdAAM","Emilia","Miranda","40419585","emilia.miranda@hotmail.com","+54 9 3707 7251","Alumno","DNI","Item Created"
"003bm000011cAAeAAM","Julia","Suarez","40174122","julia.suarez@hotmail.com","+54 9 2909 1920","Alumno","DNI","Item Created"
"003bm000011cAAfAAM","Luisina","Acosta","30359807","luisina.acosta@yahoo.com","+54 9 2456 5564","Alumno","DNI","Item Created"
"003bm000011cAAgAAM","Camilo","Ramos","35927529","camilo.ramos@outlook.com","+54 9 3456 2380","Alumno","DNI","Item Created"
"003bm000011cAAhAAM","Franco","Medina","45660425","franco.medina@hotmail.com","+54 9 3778 2152","Alumno","DNI","Item Created"
"003bm000011cAAiAAM","Francesca","Arias","37927619","francesca.arias@yahoo.com","+54 9 3291 8567","Alumno","DNI","Item Created"
"003bm000011cAAjAAM","Alfonsina","Lopez","34130452","alfonsina.lopez@yahoo.com","+54 9 2830 3147","Alumno","DNI","Item Created"
"003bm000011cAAkAAM","Lucas","Ramirez","40038176","lucas.ramirez@hotmail.com","+54 9 3944 3657","Alumno","DNI","Item Created"
"003bm000011cAAlAAM","Nahiara Jazmin","Morales","36070932","nahiara.jazmin.morales@hotmail.com","+54 9 3983 4691","Alumno","DNI","Item Created"
"003bm000011cAAmAAM","Catalina","Rodriguez","44859529","catalina.rodriguez@yahoo.com","+54 9 3586 5103","Alumno","DNI","Item Created"
"003bm000011cAAnAAM","Antonella","Ramirez","38333929","antonella.ramirez@yahoo.com","+54 9 3260 2559","Alumno","DNI","Item Created"
"003bm000011cAAoAAM","Valentino","Soria","44483113","valentino.soria@gmail.com","+54 9 3320 3272","Alumno","DNI","Item Created"
