"ID","Numero_Documento__c","Codigo_Materia","ID_Importacion","Anio_Lectivo","STATUS"
"a0Bbm00000m7ArpEAE","45147679","GEN-101","45147679_GEN-101_2024-1","2024-1","Item Created"
"a0Bbm00000m7ArqEAE","33789545","DAT-201","33789545_DAT-201_2024-1","2024-1","Item Created"
"a0Bbm00000m7ArrEAE","34250668","DEV-101","34250668_DEV-101_2024-1","2024-1","Item Created"
"a0Bbm00000m7ArsEAE","41943395","GEN-101","41943395_GEN-101_2024-1","2024-1","Item Created"
"a0Bbm00000m7ArtEAE","37706458","IA-300","37706458_IA-300_2024-1","2024-1","Item Created"
"a0Bbm00000m7AruEAE","30309712","NEG-400","30309712_NEG-400_2024-1","2024-1","Item Created"
"a0Bbm00000m7ArvEAE","43539600","NEG-400","43539600_NEG-400_2024-1","2024-1","Item Created"
"a0Bbm00000m7ArwEAE","32343092","MKT-200","32343092_MKT-200_2024-1","2024-1","Item Created"
"a0Bbm00000m7ArxEAE","45688788","DAT-201","45688788_DAT-201_2024-1","2024-1","Item Created"
"a0Bbm00000m7AryEAE","45130131","IA-300","45130131_IA-300_2024-1","2024-1","Item Created"
"a0Bbm00000m7ArzEAE","41111676","DAT-201","41111676_DAT-201_2024-1","2024-1","Item Created"
"a0Bbm00000m7As0EAE","44047721","MKT-200","44047721_MKT-200_2024-1","2024-1","Item Created"
"a0Bbm00000m7As1EAE","37513790","UX-100","37513790_UX-100_2024-1","2024-1","Item Created"
"a0Bbm00000m7As2EAE","43449566","DEV-101","43449566_DEV-101_2024-1","2024-1","Item Created"
"a0Bbm00000m7As3EAE","31303564","DAT-201","31303564_DAT-201_2024-1","2024-1","Item Created"
"a0Bbm00000m7As4EAE","39074649","DEV-101","39074649_DEV-101_2024-1","2024-1","Item Created"
"a0Bbm00000m7As5EAE","30542692","NEG-400","30542692_NEG-400_2024-1","2024-1","Item Created"
"a0Bbm00000m7As6EAE","34508314","NEG-400","34508314_NEG-400_2024-1","2024-1","Item Created"
"a0Bbm00000m7As7EAE","38811418","NEG-400","38811418_NEG-400_2024-1","2024-1","Item Created"
"a0Bbm00000m7As8EAE","35891432","DAT-101","35891432_DAT-101_2024-1","2024-1","Item Created"
"a0Bbm00000m7As9EAE","36163868","DAT-101","36163868_DAT-101_2024-1","2024-1","Item Created"
"a0Bbm00000m7AsAEAU","38677145","DEV-101","38677145_DEV-101_2024-1","2024-1","Item Created"
"a0Bbm00000m7AsBEAU","32971550","UX-100","32971550_UX-100_2024-1","2024-1","Item Created"
"a0Bbm00000m7AsCEAU","30348701","IA-300","30348701_IA-300_2024-1","2024-1","Item Created"
"a0Bbm00000m7AsDEAU","41944353","DAT-101","41944353_DAT-101_2024-1","2024-1","Item Created"
"a0Bbm00000m7AsEEAU","44313136","DAT-101","44313136_DAT-101_2024-1","2024-1","Item Created"
"a0Bbm00000m7AsFEAU","31763113","UX-100","31763113_UX-100_2024-1","2024-1","Item Created"
"a0Bbm00000m7AsGEAU","37085503","DEV-101","37085503_DEV-101_2024-1","2024-1","Item Created"
"a0Bbm00000m7AsHEAU","40578248","MKT-200","40578248_MKT-200_2024-1","2024-1","Item Created"
"a0Bbm00000m7AsIEAU","33541682","UX-100","33541682_UX-100_2024-1","2024-1","Item Created"
"a0Bbm00000m7AsJEAU","44012569","GEN-101","44012569_GEN-101_2024-1","2024-1","Item Created"
"a0Bbm00000m7AsKEAU","42500015","DAT-101","42500015_DAT-101_2024-1","2024-1","Item Created"
"a0Bbm00000m7AsLEAU","45840080","DAT-101","45840080_DAT-101_2024-1","2024-1","Item Created"
"a0Bbm00000m7AsMEAU","35376871","NEG-400","35376871_NEG-400_2024-1","2024-1","Item Created"
"a0Bbm00000m7AsNEAU","39696052","GEN-101","39696052_GEN-101_2024-1","2024-1","Item Created"
"a0Bbm00000m7AsOEAU","30117903","IA-300","30117903_IA-300_2024-1","2024-1","Item Created"
"a0Bbm00000m7AsPEAU","41068300","IA-300","41068300_IA-300_2024-1","2024-1","Item Created"
"a0Bbm00000m7AsQEAU","35620137","NEG-400","35620137_NEG-400_2024-1","2024-1","Item Created"
"a0Bbm00000m7AsREAU","38207316","DEV-101","38207316_DEV-101_2024-1","2024-1","Item Created"
"a0Bbm00000m7AsSEAU","42254691","IA-300","42254691_IA-300_2024-1","2024-1","Item Created"
"a0Bbm00000m7AsTEAU","44635112","IA-300","44635112_IA-300_2024-1","2024-1","Item Created"
"a0Bbm00000m7AsUEAU","41289550","UX-100","41289550_UX-100_2024-1","2024-1","Item Created"
"a0Bbm00000m7AsVEAU","45656190","DAT-101","45656190_DAT-101_2024-1","2024-1","Item Created"
"a0Bbm00000m7AsWEAU","31621161","MKT-200","31621161_MKT-200_2024-1","2024-1","Item Created"
"a0Bbm00000m7AsXEAU","42845702","MKT-200","42845702_MKT-200_2024-1","2024-1","Item Created"
"a0Bbm00000m7AsYEAU","35420584","IA-300","35420584_IA-300_2024-1","2024-1","Item Created"
"a0Bbm00000m7AsZEAU","36369209","UX-100","36369209_UX-100_2024-1","2024-1","Item Created"
"a0Bbm00000m7AsaEAE","43625205","UX-100","43625205_UX-100_2024-1","2024-1","Item Created"
"a0Bbm00000m7AsbEAE","44094966","DAT-201","44094966_DAT-201_2024-1","2024-1","Item Created"
"a0Bbm00000m7AscEAE","35824110","GEN-101","35824110_GEN-101_2024-1","2024-1","Item Created"
"a0Bbm00000m7AsdEAE","40033579","UX-100","40033579_UX-100_2024-1","2024-1","Item Created"
"a0Bbm00000m7AseEAE","38194575","DAT-101","38194575_DAT-101_2024-1","2024-1","Item Created"
"a0Bbm00000m7AsfEAE","33952849","DAT-201","33952849_DAT-201_2024-1","2024-1","Item Created"
"a0Bbm00000m7AsgEAE","32991581","GEN-101","32991581_GEN-101_2024-1","2024-1","Item Created"
"a0Bbm00000m7AshEAE","41885509","NEG-400","41885509_NEG-400_2024-1","2024-1","Item Created"
"a0Bbm00000m7AsiEAE","33838303","GEN-101","33838303_GEN-101_2024-1","2024-1","Item Created"
"a0Bbm00000m7AsjEAE","36279807","NEG-400","36279807_NEG-400_2024-1","2024-1","Item Created"
"a0Bbm00000m7AskEAE","42208457","DAT-201","42208457_DAT-201_2024-1","2024-1","Item Created"
"a0Bbm00000m7AslEAE","38750180","UX-100","38750180_UX-100_2024-1","2024-1","Item Created"
"a0Bbm00000m7AsmEAE","37222211","DEV-101","37222211_DEV-101_2024-1","2024-1","Item Created"
"a0Bbm00000m7AsnEAE","38645258","MKT-200","38645258_MKT-200_2024-1","2024-1","Item Created"
"a0Bbm00000m7AsoEAE","37604035","DAT-201","37604035_DAT-201_2024-1","2024-1","Item Created"
"a0Bbm00000m7AspEAE","32160000","DEV-101","32160000_DEV-101_2024-1","2024-1","Item Created"
"a0Bbm00000m7AsqEAE","38223982","UX-100","38223982_UX-100_2024-1","2024-1","Item Created"
"a0Bbm00000m7AsrEAE","41289550","MKT-200","41289550_MKT-200_2024-1","2024-1","Item Created"
"a0Bbm00000m7AssEAE","33081027","UX-100","33081027_UX-100_2024-1","2024-1","Item Created"
"a0Bbm00000m7AstEAE","32349994","UX-100","32349994_UX-100_2024-1","2024-1","Item Created"
"a0Bbm00000m7AsuEAE","34636803","MKT-200","34636803_MKT-200_2024-1","2024-1","Item Created"
"a0Bbm00000m7AsvEAE","38629655","IA-300","38629655_IA-300_2024-1","2024-1","Item Created"
"a0Bbm00000m7AswEAE","36015798","UX-100","36015798_UX-100_2024-1","2024-1","Item Created"
"a0Bbm00000m7AsxEAE","37951141","DAT-101","37951141_DAT-101_2024-1","2024-1","Item Created"
"a0Bbm00000m7AsyEAE","39734889","GEN-101","39734889_GEN-101_2024-1","2024-1","Item Created"
"a0Bbm00000m7AszEAE","41134242","GEN-101","41134242_GEN-101_2024-1","2024-1","Item Created"
"a0Bbm00000m7At0EAE","31379964","GEN-101","31379964_GEN-101_2024-1","2024-1","Item Created"
"a0Bbm00000m7At1EAE","45752068","DAT-101","45752068_DAT-101_2024-1","2024-1","Item Created"
"a0Bbm00000m7At2EAE","37795993","DEV-101","37795993_DEV-101_2024-1","2024-1","Item Created"
"a0Bbm00000m7At3EAE","36128228","MKT-200","36128228_MKT-200_2024-1","2024-1","Item Created"
"a0Bbm00000m7At4EAE","33155313","DAT-101","33155313_DAT-101_2024-1","2024-1","Item Created"
"a0Bbm00000m7At5EAE","31187731","MKT-200","31187731_MKT-200_2024-1","2024-1","Item Created"
"a0Bbm00000m7At6EAE","30507337","IA-300","30507337_IA-300_2024-1","2024-1","Item Created"
"a0Bbm00000m7At7EAE","33195960","GEN-101","33195960_GEN-101_2024-1","2024-1","Item Created"
"a0Bbm00000m7At8EAE","35524090","MKT-200","35524090_MKT-200_2024-1","2024-1","Item Created"
"a0Bbm00000m7At9EAE","35081927","DAT-201","35081927_DAT-201_2024-1","2024-1","Item Created"
"a0Bbm00000m7AtAEAU","35845730","NEG-400","35845730_NEG-400_2024-1","2024-1","Item Created"
"a0Bbm00000m7AtBEAU","42574929","IA-300","42574929_IA-300_2024-1","2024-1","Item Created"
"a0Bbm00000m7AtCEAU","31370404","GEN-101","31370404_GEN-101_2024-1","2024-1","Item Created"
"a0Bbm00000m7AtDEAU","35915007","DAT-201","35915007_DAT-201_2024-1","2024-1","Item Created"
"a0Bbm00000m7AtEEAU","35589315","DEV-101","35589315_DEV-101_2024-1","2024-1","Item Created"
"a0Bbm00000m7AtFEAU","32200927","MKT-200","32200927_MKT-200_2024-1","2024-1","Item Created"
"a0Bbm00000m7AtGEAU","42305779","DAT-101","42305779_DAT-101_2024-1","2024-1","Item Created"
"a0Bbm00000m7AtHEAU","40988877","NEG-400","40988877_NEG-400_2024-1","2024-1","Item Created"
"a0Bbm00000m7AtIEAU","32150912","GEN-101","32150912_GEN-101_2024-1","2024-1","Item Created"
"a0Bbm00000m7AtJEAU","34471842","NEG-400","34471842_NEG-400_2024-1","2024-1","Item Created"
"a0Bbm00000m7AtKEAU","33988348","NEG-400","33988348_NEG-400_2024-1","2024-1","Item Created"
"a0Bbm00000m7AtLEAU","31554768","IA-300","31554768_IA-300_2024-1","2024-1","Item Created"
"a0Bbm00000m7AtMEAU","41754338","IA-300","41754338_IA-300_2024-1","2024-1","Item Created"
"a0Bbm00000m7AtNEAU","32474711","IA-300","32474711_IA-300_2024-1","2024-1","Item Created"
"a0Bbm00000m7AtOEAU","41591741","NEG-400","41591741_NEG-400_2024-1","2024-1","Item Created"
"a0Bbm00000m7AtPEAU","36117422","DAT-101","36117422_DAT-101_2024-1","2024-1","Item Created"
"a0Bbm00000m7AtQEAU","36005534","DAT-101","36005534_DAT-101_2024-1","2024-1","Item Created"
"a0Bbm00000m7AtREAU","32088271","MKT-200","32088271_MKT-200_2024-1","2024-1","Item Created"
"a0Bbm00000m7AtSEAU","42740444","MKT-200","42740444_MKT-200_2024-1","2024-1","Item Created"
"a0Bbm00000m7AtTEAU","36868365","UX-100","36868365_UX-100_2024-1","2024-1","Item Created"
"a0Bbm00000m7AtUEAU","43315303","GEN-101","43315303_GEN-101_2024-1","2024-1","Item Created"
"a0Bbm00000m7AtVEAU","37275248","DAT-201","37275248_DAT-201_2024-1","2024-1","Item Created"
"a0Bbm00000m7AtWEAU","43904609","DEV-101","43904609_DEV-101_2024-1","2024-1","Item Created"
"a0Bbm00000m7AtXEAU","42763799","DAT-201","42763799_DAT-201_2024-1","2024-1","Item Created"
"a0Bbm00000m7AtYEAU","33601032","DAT-201","33601032_DAT-201_2024-1","2024-1","Item Created"
"a0Bbm00000m7AtZEAU","31629308","DAT-201","31629308_DAT-201_2024-1","2024-1","Item Created"
"a0Bbm00000m7AtaEAE","42881854","MKT-200","42881854_MKT-200_2024-1","2024-1","Item Created"
"a0Bbm00000m7AtbEAE","33293475","UX-100","33293475_UX-100_2024-1","2024-1","Item Created"
"a0Bbm00000m7AtcEAE","37663002","DAT-101","37663002_DAT-101_2024-1","2024-1","Item Created"
"a0Bbm00000m7AtdEAE","37795993","GEN-101","37795993_GEN-101_2024-1","2024-1","Item Created"
"a0Bbm00000m7AteEAE","34343777","NEG-400","34343777_NEG-400_2024-1","2024-1","Item Created"
"a0Bbm00000m7AtfEAE","43888324","UX-100","43888324_UX-100_2024-1","2024-1","Item Created"
"a0Bbm00000m7AtgEAE","42645481","MKT-200","42645481_MKT-200_2024-1","2024-1","Item Created"
"a0Bbm00000m7AthEAE","42613265","IA-300","42613265_IA-300_2024-1","2024-1","Item Created"
"a0Bbm00000m7AtiEAE","40603350","DAT-101","40603350_DAT-101_2024-1","2024-1","Item Created"
"a0Bbm00000m7AtjEAE","35650079","DEV-101","35650079_DEV-101_2024-1","2024-1","Item Created"
"a0Bbm00000m7AtkEAE","36630045","MKT-200","36630045_MKT-200_2024-1","2024-1","Item Created"
"a0Bbm00000m7AtlEAE","34939319","DAT-201","34939319_DAT-201_2024-1","2024-1","Item Created"
"a0Bbm00000m7AtmEAE","39916823","IA-300","39916823_IA-300_2024-1","2024-1","Item Created"
"a0Bbm00000m7AtnEAE","36906085","UX-100","36906085_UX-100_2024-1","2024-1","Item Created"
"a0Bbm00000m7AtoEAE","34211417","DEV-101","34211417_DEV-101_2024-1","2024-1","Item Created"
"a0Bbm00000m7AtpEAE","45182848","IA-300","45182848_IA-300_2024-1","2024-1","Item Created"
"a0Bbm00000m7AtqEAE","40422549","MKT-200","40422549_MKT-200_2024-1","2024-1","Item Created"
"a0Bbm00000m7AtrEAE","31122274","IA-300","31122274_IA-300_2024-1","2024-1","Item Created"
"a0Bbm00000m7AtsEAE","32152121","MKT-200","32152121_MKT-200_2024-1","2024-1","Item Created"
"a0Bbm00000m7AttEAE","36362413","NEG-400","36362413_NEG-400_2024-1","2024-1","Item Created"
"a0Bbm00000m7AtuEAE","37856329","GEN-101","37856329_GEN-101_2024-1","2024-1","Item Created"
"a0Bbm00000m7AtvEAE","38934818","DAT-201","38934818_DAT-201_2024-1","2024-1","Item Created"
"a0Bbm00000m7AtwEAE","43651742","UX-100","43651742_UX-100_2024-1","2024-1","Item Created"
"a0Bbm00000m7AtxEAE","44661890","GEN-101","44661890_GEN-101_2024-1","2024-1","Item Created"
"a0Bbm00000m7AtyEAE","37706458","MKT-200","37706458_MKT-200_2024-1","2024-1","Item Created"
"a0Bbm00000m7AtzEAE","35648819","DAT-101","35648819_DAT-101_2024-1","2024-1","Item Created"
"a0Bbm00000m7Au0EAE","30680437","DEV-101","30680437_DEV-101_2024-1","2024-1","Item Created"
"a0Bbm00000m7Au1EAE","35915416","DAT-201","35915416_DAT-201_2024-1","2024-1","Item Created"
"a0Bbm00000m7Au2EAE","38526500","DAT-101","38526500_DAT-101_2024-1","2024-1","Item Created"
"a0Bbm00000m7Au3EAE","31629308","UX-100","31629308_UX-100_2024-1","2024-1","Item Created"
"a0Bbm00000m7Au4EAE","37869329","IA-300","37869329_IA-300_2024-1","2024-1","Item Created"
"a0Bbm00000m7Au5EAE","30856430","DAT-201","30856430_DAT-201_2024-1","2024-1","Item Created"
"a0Bbm00000m7Au6EAE","42760731","NEG-400","42760731_NEG-400_2024-1","2024-1","Item Created"
"a0Bbm00000m7Au7EAE","41332008","GEN-101","41332008_GEN-101_2024-1","2024-1","Item Created"
"a0Bbm00000m7Au8EAE","31767975","DAT-101","31767975_DAT-101_2024-1","2024-1","Item Created"
"a0Bbm00000m7Au9EAE","42254691","DAT-201","42254691_DAT-201_2024-1","2024-1","Item Created"
"a0Bbm00000m7AuAEAU","44536877","NEG-400","44536877_NEG-400_2024-1","2024-1","Item Created"
"a0Bbm00000m7AuBEAU","38877407","DEV-101","38877407_DEV-101_2024-1","2024-1","Item Created"
"a0Bbm00000m7AuCEAU","35049197","DAT-201","35049197_DAT-201_2024-1","2024-1","Item Created"
"a0Bbm00000m7AuDEAU","36629400","DEV-101","36629400_DEV-101_2024-1","2024-1","Item Created"
"a0Bbm00000m7AuEEAU","36701152","DAT-201","36701152_DAT-201_2024-1","2024-1","Item Created"
"a0Bbm00000m7AuFEAU","39775624","UX-100","39775624_UX-100_2024-1","2024-1","Item Created"
"a0Bbm00000m7AuGEAU","30362258","NEG-400","30362258_NEG-400_2024-1","2024-1","Item Created"
"a0Bbm00000m7AuHEAU","36309794","IA-300","36309794_IA-300_2024-1","2024-1","Item Created"
"a0Bbm00000m7AuIEAU","36727365","DAT-101","36727365_DAT-101_2024-1","2024-1","Item Created"
"a0Bbm00000m7AuJEAU","31087473","UX-100","31087473_UX-100_2024-1","2024-1","Item Created"
"a0Bbm00000m7AuKEAU","45561312","GEN-101","45561312_GEN-101_2024-1","2024-1","Item Created"
"a0Bbm00000m7AuLEAU","35515194","DAT-101","35515194_DAT-101_2024-1","2024-1","Item Created"
"a0Bbm00000m7AuMEAU","30279612","MKT-200","30279612_MKT-200_2024-1","2024-1","Item Created"
"a0Bbm00000m7AuNEAU","30252475","UX-100","30252475_UX-100_2024-1","2024-1","Item Created"
"a0Bbm00000m7AuOEAU","42727516","IA-300","42727516_IA-300_2024-1","2024-1","Item Created"
"a0Bbm00000m7AuPEAU","42208457","UX-100","42208457_UX-100_2024-1","2024-1","Item Created"
"a0Bbm00000m7AuQEAU","32349994","MKT-200","32349994_MKT-200_2024-1","2024-1","Item Created"
"a0Bbm00000m7AuREAU","44385458","DEV-101","44385458_DEV-101_2024-1","2024-1","Item Created"
"a0Bbm00000m7AuSEAU","34567608","DEV-101","34567608_DEV-101_2024-1","2024-1","Item Created"
"a0Bbm00000m7AuTEAU","42909942","DAT-201","42909942_DAT-201_2024-1","2024-1","Item Created"
"a0Bbm00000m7AuUEAU","38622234","MKT-200","38622234_MKT-200_2024-1","2024-1","Item Created"
"a0Bbm00000m7AuVEAU","44927685","MKT-200","44927685_MKT-200_2024-1","2024-1","Item Created"
"a0Bbm00000m7AuWEAU","35316729","MKT-200","35316729_MKT-200_2024-1","2024-1","Item Created"
"a0Bbm00000m7AuXEAU","38194575","DAT-201","38194575_DAT-201_2024-1","2024-1","Item Created"
"a0Bbm00000m7AuYEAU","41530667","GEN-101","41530667_GEN-101_2024-1","2024-1","Item Created"
"a0Bbm00000m7AuZEAU","34356381","UX-100","34356381_UX-100_2024-1","2024-1","Item Created"
"a0Bbm00000m7AuaEAE","43105183","GEN-101","43105183_GEN-101_2024-1","2024-1","Item Created"
"a0Bbm00000m7AubEAE","41112892","DEV-101","41112892_DEV-101_2024-1","2024-1","Item Created"
"a0Bbm00000m7AucEAE","32141644","DEV-101","32141644_DEV-101_2024-1","2024-1","Item Created"
"a0Bbm00000m7AudEAE","31061893","DAT-101","31061893_DAT-101_2024-1","2024-1","Item Created"
"a0Bbm00000m7AueEAE","40578248","DAT-201","40578248_DAT-201_2024-1","2024-1","Item Created"
"a0Bbm00000m7AufEAE","37674710","UX-100","37674710_UX-100_2024-1","2024-1","Item Created"
"a0Bbm00000m7AugEAE","39571770","IA-300","39571770_IA-300_2024-1","2024-1","Item Created"
"a0Bbm00000m7AuhEAE","36163868","GEN-101","36163868_GEN-101_2024-1","2024-1","Item Created"
"a0Bbm00000m7AuiEAE","39463207","IA-300","39463207_IA-300_2024-1","2024-1","Item Created"
"a0Bbm00000m7AujEAE","35517472","DAT-201","35517472_DAT-201_2024-1","2024-1","Item Created"
"a0Bbm00000m7AukEAE","37678418","DAT-101","37678418_DAT-101_2024-1","2024-1","Item Created"
"a0Bbm00000m7AulEAE","34635361","DAT-201","34635361_DAT-201_2024-1","2024-1","Item Created"
"a0Bbm00000m7AumEAE","42253635","MKT-200","42253635_MKT-200_2024-1","2024-1","Item Created"
"a0Bbm00000m7AunEAE","35501443","UX-100","35501443_UX-100_2024-1","2024-1","Item Created"
"a0Bbm00000m7AuoEAE","40245831","NEG-400","40245831_NEG-400_2024-1","2024-1","Item Created"
"a0Bbm00000m7AupEAE","39144752","DAT-201","39144752_DAT-201_2024-1","2024-1","Item Created"
"a0Bbm00000m7AuqEAE","41931470","IA-300","41931470_IA-300_2024-1","2024-1","Item Created"
"a0Bbm00000m7AurEAE","39386440","DAT-201","39386440_DAT-201_2024-1","2024-1","Item Created"
"a0Bbm00000m7AusEAE","36906085","DAT-201","36906085_DAT-201_2024-1","2024-1","Item Created"
"a0Bbm00000m7AutEAE","36948146","DEV-101","36948146_DEV-101_2024-1","2024-1","Item Created"
"a0Bbm00000m7AuuEAE","34092604","GEN-101","34092604_GEN-101_2024-1","2024-1","Item Created"
"a0Bbm00000m7AuvEAE","37505561","GEN-101","37505561_GEN-101_2024-1","2024-1","Item Created"
"a0Bbm00000m7AuwEAE","45419981","DEV-101","45419981_DEV-101_2024-1","2024-1","Item Created"
"a0Bbm00000m7AuxEAE","45503533","MKT-200","45503533_MKT-200_2024-1","2024-1","Item Created"
"a0Bbm00000m7AuyEAE","42500015","IA-300","42500015_IA-300_2024-1","2024-1","Item Created"
"a0Bbm00000m7AuzEAE","30966401","UX-100","30966401_UX-100_2024-1","2024-1","Item Created"
"a0Bbm00000m7Av0EAE","36456678","DAT-201","36456678_DAT-201_2024-1","2024-1","Item Created"
"a0Bbm00000m7Av1EAE","30465936","DAT-101","30465936_DAT-101_2024-1","2024-1","Item Created"
"a0Bbm00000m7Av2EAE","40764881","DEV-101","40764881_DEV-101_2024-1","2024-1","Item Created"
"a0Bbm00000m7Av3EAE","37142397","IA-300","37142397_IA-300_2024-1","2024-1","Item Created"
"a0Bbm00000m7Av4EAE","38481398","UX-100","38481398_UX-100_2024-1","2024-1","Item Created"
"a0Bbm00000m7Av5EAE","44654200","DAT-101","44654200_DAT-101_2024-1","2024-1","Item Created"
"a0Bbm00000m7Av6EAE","45171795","IA-300","45171795_IA-300_2024-1","2024-1","Item Created"
"a0Bbm00000m7Av7EAE","40167473","UX-100","40167473_UX-100_2024-1","2024-1","Item Created"
"a0Bbm00000m7Av8EAE","42002650","NEG-400","42002650_NEG-400_2024-1","2024-1","Item Created"
"a0Bbm00000m7Av9EAE","34758464","GEN-101","34758464_GEN-101_2024-1","2024-1","Item Created"
"a0Bbm00000m7AvAEAU","39194704","DEV-101","39194704_DEV-101_2024-1","2024-1","Item Created"
"a0Bbm00000m7AvBEAU","36489803","DAT-201","36489803_DAT-201_2024-1","2024-1","Item Created"
"a0Bbm00000m7AvCEAU","41915923","DAT-101","41915923_DAT-101_2024-1","2024-1","Item Created"
"a0Bbm00000m7AvDEAU","40421216","GEN-101","40421216_GEN-101_2024-1","2024-1","Item Created"
"a0Bbm00000m7AvEEAU","39747478","NEG-400","39747478_NEG-400_2024-1","2024-1","Item Created"
"a0Bbm00000m7AvFEAU","44765173","GEN-101","44765173_GEN-101_2024-1","2024-1","Item Created"
"a0Bbm00000m7AvGEAU","36594040","DAT-101","36594040_DAT-101_2024-1","2024-1","Item Created"
"a0Bbm00000m7AvHEAU","37444361","DAT-101","37444361_DAT-101_2024-1","2024-1","Item Created"
"a0Bbm00000m7AvIEAU","38446695","GEN-101","38446695_GEN-101_2024-1","2024-1","Item Created"
"a0Bbm00000m7AvJEAU","43062304","UX-100","43062304_UX-100_2024-1","2024-1","Item Created"
"a0Bbm00000m7AvKEAU","44412440","DAT-101","44412440_DAT-101_2024-1","2024-1","Item Created"
"a0Bbm00000m7AvLEAU","41748984","MKT-200","41748984_MKT-200_2024-1","2024-1","Item Created"
"a0Bbm00000m7AvMEAU","38038154","IA-300","38038154_IA-300_2024-1","2024-1","Item Created"
"a0Bbm00000m7AvNEAU","44753132","UX-100","44753132_UX-100_2024-1","2024-1","Item Created"
"a0Bbm00000m7AvOEAU","30619113","DEV-101","30619113_DEV-101_2024-1","2024-1","Item Created"
"a0Bbm00000m7AvPEAU","39641826","DAT-101","39641826_DAT-101_2024-1","2024-1","Item Created"
"a0Bbm00000m7AvQEAU","31442827","MKT-200","31442827_MKT-200_2024-1","2024-1","Item Created"
"a0Bbm00000m7AvREAU","41594052","GEN-101","41594052_GEN-101_2024-1","2024-1","Item Created"
"a0Bbm00000m7AvSEAU","44765173","DAT-101","44765173_DAT-101_2024-1","2024-1","Item Created"
"a0Bbm00000m7AvTEAU","44698831","IA-300","44698831_IA-300_2024-1","2024-1","Item Created"
"a0Bbm00000m7AvUEAU","41943395","IA-300","41943395_IA-300_2024-1","2024-1","Item Created"
"a0Bbm00000m7AvVEAU","37749075","MKT-200","37749075_MKT-200_2024-1","2024-1","Item Created"
"a0Bbm00000m7AvWEAU","37797988","NEG-400","37797988_NEG-400_2024-1","2024-1","Item Created"
"a0Bbm00000m7AvXEAU","31821525","DEV-101","31821525_DEV-101_2024-1","2024-1","Item Created"
"a0Bbm00000m7AvYEAU","38657054","MKT-200","38657054_MKT-200_2024-1","2024-1","Item Created"
"a0Bbm00000m7AvZEAU","31165911","NEG-400","31165911_NEG-400_2024-1","2024-1","Item Created"
"a0Bbm00000m7AvaEAE","31777177","DAT-201","31777177_DAT-201_2024-1","2024-1","Item Created"
"a0Bbm00000m7AvbEAE","39451059","GEN-101","39451059_GEN-101_2024-1","2024-1","Item Created"
"a0Bbm00000m7AvcEAE","42909942","NEG-400","42909942_NEG-400_2024-1","2024-1","Item Created"
"a0Bbm00000m7AvdEAE","39054820","DAT-201","39054820_DAT-201_2024-1","2024-1","Item Created"
"a0Bbm00000m7AveEAE","36016561","NEG-400","36016561_NEG-400_2024-1","2024-1","Item Created"
"a0Bbm00000m7AvfEAE","35745673","UX-100","35745673_UX-100_2024-1","2024-1","Item Created"
"a0Bbm00000m7AvgEAE","32416248","DEV-101","32416248_DEV-101_2024-1","2024-1","Item Created"
"a0Bbm00000m7AvhEAE","31162466","DEV-101","31162466_DEV-101_2024-1","2024-1","Item Created"
"a0Bbm00000m7AviEAE","42179672","IA-300","42179672_IA-300_2024-1","2024-1","Item Created"
"a0Bbm00000m7AvjEAE","30263228","IA-300","30263228_IA-300_2024-1","2024-1","Item Created"
"a0Bbm00000m7AvkEAE","36855486","DAT-201","36855486_DAT-201_2024-1","2024-1","Item Created"
"a0Bbm00000m7AvlEAE","31935757","DEV-101","31935757_DEV-101_2024-1","2024-1","Item Created"
"a0Bbm00000m7AvmEAE","35648819","DEV-101","35648819_DEV-101_2024-1","2024-1","Item Created"
"a0Bbm00000m7AvnEAE","36461761","DAT-101","36461761_DAT-101_2024-1","2024-1","Item Created"
"a0Bbm00000m7AvoEAE","31178906","UX-100","31178906_UX-100_2024-1","2024-1","Item Created"
"a0Bbm00000m7AvpEAE","39556507","IA-300","39556507_IA-300_2024-1","2024-1","Item Created"
"a0Bbm00000m7AvqEAE","37161768","UX-100","37161768_UX-100_2024-1","2024-1","Item Created"
"a0Bbm00000m7AvrEAE","44508081","DAT-101","44508081_DAT-101_2024-1","2024-1","Item Created"
"a0Bbm00000m7AvsEAE","45402891","MKT-200","45402891_MKT-200_2024-1","2024-1","Item Created"
"a0Bbm00000m7AvtEAE","30116169","MKT-200","30116169_MKT-200_2024-1","2024-1","Item Created"
"a0Bbm00000m7AvuEAE","44563667","DAT-201","44563667_DAT-201_2024-1","2024-1","Item Created"
"a0Bbm00000m7AvvEAE","38925094","DAT-101","38925094_DAT-101_2024-1","2024-1","Item Created"
"a0Bbm00000m7AvwEAE","45341622","NEG-400","45341622_NEG-400_2024-1","2024-1","Item Created"
"a0Bbm00000m7AvxEAE","41575887","GEN-101","41575887_GEN-101_2024-1","2024-1","Item Created"
"a0Bbm00000m7AvyEAE","44555423","MKT-200","44555423_MKT-200_2024-1","2024-1","Item Created"
"a0Bbm00000m7AvzEAE","40534516","DAT-101","40534516_DAT-101_2024-1","2024-1","Item Created"
"a0Bbm00000m7Aw0EAE","32932411","IA-300","32932411_IA-300_2024-1","2024-1","Item Created"
"a0Bbm00000m7Aw1EAE","41473248","IA-300","41473248_IA-300_2024-1","2024-1","Item Created"
"a0Bbm00000m7Aw2EAE","35990190","DEV-101","35990190_DEV-101_2024-1","2024-1","Item Created"
"a0Bbm00000m7Aw3EAE","40701939","DAT-101","40701939_DAT-101_2024-1","2024-1","Item Created"
"a0Bbm00000m7Aw4EAE","45788790","NEG-400","45788790_NEG-400_2024-1","2024-1","Item Created"
"a0Bbm00000m7Aw5EAE","43767499","DEV-101","43767499_DEV-101_2024-1","2024-1","Item Created"
"a0Bbm00000m7Aw6EAE","34508314","GEN-101","34508314_GEN-101_2024-1","2024-1","Item Created"
"a0Bbm00000m7Aw7EAE","35023742","DAT-101","35023742_DAT-101_2024-1","2024-1","Item Created"
"a0Bbm00000m7Aw8EAE","39463207","DAT-201","39463207_DAT-201_2024-1","2024-1","Item Created"
"a0Bbm00000m7Aw9EAE","34146531","IA-300","34146531_IA-300_2024-1","2024-1","Item Created"
"a0Bbm00000m7AwAEAU","30370016","MKT-200","30370016_MKT-200_2024-1","2024-1","Item Created"
"a0Bbm00000m7AwBEAU","30058812","IA-300","30058812_IA-300_2024-1","2024-1","Item Created"
"a0Bbm00000m7AwCEAU","36083652","DEV-101","36083652_DEV-101_2024-1","2024-1","Item Created"
"a0Bbm00000m7AwDEAU","44419194","IA-300","44419194_IA-300_2024-1","2024-1","Item Created"
"a0Bbm00000m7AwEEAU","30309712","MKT-200","30309712_MKT-200_2024-1","2024-1","Item Created"
"a0Bbm00000m7AwFEAU","45341622","DEV-101","45341622_DEV-101_2024-1","2024-1","Item Created"
"a0Bbm00000m7AwGEAU","35437650","DAT-201","35437650_DAT-201_2024-1","2024-1","Item Created"
"a0Bbm00000m7AwHEAU","38388641","MKT-200","38388641_MKT-200_2024-1","2024-1","Item Created"
"a0Bbm00000m7AwIEAU","34166651","DEV-101","34166651_DEV-101_2024-1","2024-1","Item Created"
"a0Bbm00000m7AwJEAU","31593963","MKT-200","31593963_MKT-200_2024-1","2024-1","Item Created"
"a0Bbm00000m7AwKEAU","40167473","MKT-200","40167473_MKT-200_2024-1","2024-1","Item Created"
"a0Bbm00000m7AwLEAU","39129106","MKT-200","39129106_MKT-200_2024-1","2024-1","Item Created"
"a0Bbm00000m7AwMEAU","42002650","DAT-101","42002650_DAT-101_2024-1","2024-1","Item Created"
"a0Bbm00000m7AwNEAU","34059848","DAT-201","34059848_DAT-201_2024-1","2024-1","Item Created"
"a0Bbm00000m7AwOEAU","35598228","MKT-200","35598228_MKT-200_2024-1","2024-1","Item Created"
"a0Bbm00000m7AwPEAU","35196112","DEV-101","35196112_DEV-101_2024-1","2024-1","Item Created"
"a0Bbm00000m7AwQEAU","33665133","DAT-101","33665133_DAT-101_2024-1","2024-1","Item Created"
"a0Bbm00000m7AwREAU","31723879","IA-300","31723879_IA-300_2024-1","2024-1","Item Created"
"a0Bbm00000m7AwSEAU","42892502","UX-100","42892502_UX-100_2024-1","2024-1","Item Created"
"a0Bbm00000m7AwTEAU","36725023","NEG-400","36725023_NEG-400_2024-1","2024-1","Item Created"
"a0Bbm00000m7AwUEAU","35745673","NEG-400","35745673_NEG-400_2024-1","2024-1","Item Created"
"a0Bbm00000m7AwVEAU","43720785","GEN-101","43720785_GEN-101_2024-1","2024-1","Item Created"
"a0Bbm00000m7AwWEAU","30279612","DAT-201","30279612_DAT-201_2024-1","2024-1","Item Created"
"a0Bbm00000m7AwXEAU","31800702","DEV-101","31800702_DEV-101_2024-1","2024-1","Item Created"
"a0Bbm00000m7AwYEAU","42679506","IA-300","42679506_IA-300_2024-1","2024-1","Item Created"
"a0Bbm00000m7AwZEAU","40105729","GEN-101","40105729_GEN-101_2024-1","2024-1","Item Created"
"a0Bbm00000m7AwaEAE","40860494","DAT-201","40860494_DAT-201_2024-1","2024-1","Item Created"
"a0Bbm00000m7AwbEAE","42331291","NEG-400","42331291_NEG-400_2024-1","2024-1","Item Created"
"a0Bbm00000m7AwcEAE","44886400","DAT-201","44886400_DAT-201_2024-1","2024-1","Item Created"
"a0Bbm00000m7AwdEAE","45609644","UX-100","45609644_UX-100_2024-1","2024-1","Item Created"
"a0Bbm00000m7AweEAE","31453197","MKT-200","31453197_MKT-200_2024-1","2024-1","Item Created"
"a0Bbm00000m7AwfEAE","33601032","UX-100","33601032_UX-100_2024-1","2024-1","Item Created"
"a0Bbm00000m7AwgEAE","32196825","IA-300","32196825_IA-300_2024-1","2024-1","Item Created"
"a0Bbm00000m7AwhEAE","36392604","GEN-101","36392604_GEN-101_2024-1","2024-1","Item Created"
"a0Bbm00000m7AwiEAE","42331291","DAT-201","42331291_DAT-201_2024-1","2024-1","Item Created"
"a0Bbm00000m7AwjEAE","30174396","DEV-101","30174396_DEV-101_2024-1","2024-1","Item Created"
"a0Bbm00000m7AwkEAE","38657054","UX-100","38657054_UX-100_2024-1","2024-1","Item Created"
"a0Bbm00000m7AwlEAE","36630045","NEG-400","36630045_NEG-400_2024-1","2024-1","Item Created"
"a0Bbm00000m7AwmEAE","40532051","DAT-101","40532051_DAT-101_2024-1","2024-1","Item Created"
"a0Bbm00000m7AwnEAE","39003369","UX-100","39003369_UX-100_2024-1","2024-1","Item Created"
"a0Bbm00000m7AwoEAE","32272850","NEG-400","32272850_NEG-400_2024-1","2024-1","Item Created"
"a0Bbm00000m7AwpEAE","38406894","DAT-201","38406894_DAT-201_2024-1","2024-1","Item Created"
"a0Bbm00000m7AwqEAE","39718327","DEV-101","39718327_DEV-101_2024-1","2024-1","Item Created"
"a0Bbm00000m7AwrEAE","43736953","DEV-101","43736953_DEV-101_2024-1","2024-1","Item Created"
"a0Bbm00000m7AwsEAE","34443405","MKT-200","34443405_MKT-200_2024-1","2024-1","Item Created"
"a0Bbm00000m7AwtEAE","38750180","MKT-200","38750180_MKT-200_2024-1","2024-1","Item Created"
"a0Bbm00000m7AwuEAE","34711560","DEV-101","34711560_DEV-101_2024-1","2024-1","Item Created"
"a0Bbm00000m7AwvEAE","40446070","NEG-400","40446070_NEG-400_2024-1","2024-1","Item Created"
"a0Bbm00000m7AwwEAE","45427332","DEV-101","45427332_DEV-101_2024-1","2024-1","Item Created"
"a0Bbm00000m7AwxEAE","33665133","DAT-201","33665133_DAT-201_2024-1","2024-1","Item Created"
"a0Bbm00000m7AwyEAE","39308771","DEV-101","39308771_DEV-101_2024-1","2024-1","Item Created"
"a0Bbm00000m7AwzEAE","40496612","DAT-101","40496612_DAT-101_2024-1","2024-1","Item Created"
"a0Bbm00000m7Ax0EAE","40338924","NEG-400","40338924_NEG-400_2024-1","2024-1","Item Created"
"a0Bbm00000m7Ax1EAE","35155411","DAT-201","35155411_DAT-201_2024-1","2024-1","Item Created"
"a0Bbm00000m7Ax2EAE","36839899","NEG-400","36839899_NEG-400_2024-1","2024-1","Item Created"
"a0Bbm00000m7Ax3EAE","42208457","GEN-101","42208457_GEN-101_2024-1","2024-1","Item Created"
"a0Bbm00000m7Ax4EAE","43388966","IA-300","43388966_IA-300_2024-1","2024-1","Item Created"
"a0Bbm00000m7Ax5EAE","35409911","IA-300","35409911_IA-300_2024-1","2024-1","Item Created"
"a0Bbm00000m7Ax6EAE","37345680","UX-100","37345680_UX-100_2024-1","2024-1","Item Created"
"a0Bbm00000m7Ax7EAE","39500363","UX-100","39500363_UX-100_2024-1","2024-1","Item Created"
"a0Bbm00000m7Ax8EAE","43312078","IA-300","43312078_IA-300_2024-1","2024-1","Item Created"
"a0Bbm00000m7Ax9EAE","43549185","DAT-101","43549185_DAT-101_2024-1","2024-1","Item Created"
"a0Bbm00000m7AxAEAU","34508314","IA-300","34508314_IA-300_2024-1","2024-1","Item Created"
"a0Bbm00000m7AxBEAU","36392604","DAT-101","36392604_DAT-101_2024-1","2024-1","Item Created"
"a0Bbm00000m7AxCEAU","32430086","DAT-101","32430086_DAT-101_2024-1","2024-1","Item Created"
"a0Bbm00000m7AxDEAU","41886872","DAT-101","41886872_DAT-101_2024-1","2024-1","Item Created"
"a0Bbm00000m7AxEEAU","33663590","DEV-101","33663590_DEV-101_2024-1","2024-1","Item Created"
"a0Bbm00000m7AxFEAU","43483992","MKT-200","43483992_MKT-200_2024-1","2024-1","Item Created"
"a0Bbm00000m7AxGEAU","42758944","NEG-400","42758944_NEG-400_2024-1","2024-1","Item Created"
"a0Bbm00000m7AxHEAU","30348701","GEN-101","30348701_GEN-101_2024-1","2024-1","Item Created"
"a0Bbm00000m7AxIEAU","33353040","DAT-201","33353040_DAT-201_2024-1","2024-1","Item Created"
"a0Bbm00000m7AxJEAU","34759191","NEG-400","34759191_NEG-400_2024-1","2024-1","Item Created"
"a0Bbm00000m7AxKEAU","35212815","IA-300","35212815_IA-300_2024-1","2024-1","Item Created"
"a0Bbm00000m7AxLEAU","32143636","DAT-201","32143636_DAT-201_2024-1","2024-1","Item Created"
"a0Bbm00000m7AxMEAU","32449620","UX-100","32449620_UX-100_2024-1","2024-1","Item Created"
"a0Bbm00000m7AxNEAU","41883892","IA-300","41883892_IA-300_2024-1","2024-1","Item Created"
"a0Bbm00000m7AxOEAU","37155742","NEG-400","37155742_NEG-400_2024-1","2024-1","Item Created"
"a0Bbm00000m7AxPEAU","32272850","DAT-101","32272850_DAT-101_2024-1","2024-1","Item Created"
"a0Bbm00000m7AxQEAU","45743513","MKT-200","45743513_MKT-200_2024-1","2024-1","Item Created"
"a0Bbm00000m7AxREAU","41597245","DEV-101","41597245_DEV-101_2024-1","2024-1","Item Created"
"a0Bbm00000m7AxSEAU","31295512","DEV-101","31295512_DEV-101_2024-1","2024-1","Item Created"
"a0Bbm00000m7AxTEAU","36083652","NEG-400","36083652_NEG-400_2024-1","2024-1","Item Created"
"a0Bbm00000m7AxUEAU","42321650","DEV-101","42321650_DEV-101_2024-1","2024-1","Item Created"
"a0Bbm00000m7AxVEAU","31326547","IA-300","31326547_IA-300_2024-1","2024-1","Item Created"
"a0Bbm00000m7AxWEAU","42679506","GEN-101","42679506_GEN-101_2024-1","2024-1","Item Created"
"a0Bbm00000m7AxXEAU","38657054","IA-300","38657054_IA-300_2024-1","2024-1","Item Created"
"a0Bbm00000m7AxYEAU","38866674","NEG-400","38866674_NEG-400_2024-1","2024-1","Item Created"
"a0Bbm00000m7AxZEAU","41109574","DEV-101","41109574_DEV-101_2024-1","2024-1","Item Created"
"a0Bbm00000m7AxaEAE","44113409","DAT-101","44113409_DAT-101_2024-1","2024-1","Item Created"
"a0Bbm00000m7AxbEAE","40434897","GEN-101","40434897_GEN-101_2024-1","2024-1","Item Created"
"a0Bbm00000m7AxcEAE","34635361","MKT-200","34635361_MKT-200_2024-1","2024-1","Item Created"
"a0Bbm00000m7AxdEAE","42590810","DAT-101","42590810_DAT-101_2024-1","2024-1","Item Created"
"a0Bbm00000m7AxeEAE","38338168","DEV-101","38338168_DEV-101_2024-1","2024-1","Item Created"
"a0Bbm00000m7AxfEAE","42810923","UX-100","42810923_UX-100_2024-1","2024-1","Item Created"
"a0Bbm00000m7AxgEAE","31453197","DAT-201","31453197_DAT-201_2024-1","2024-1","Item Created"
"a0Bbm00000m7AxhEAE","35745673","GEN-101","35745673_GEN-101_2024-1","2024-1","Item Created"
"a0Bbm00000m7AxiEAE","33225144","IA-300","33225144_IA-300_2024-1","2024-1","Item Created"
"a0Bbm00000m7AxjEAE","38223982","DAT-101","38223982_DAT-101_2024-1","2024-1","Item Created"
"a0Bbm00000m7AxkEAE","33387615","DAT-201","33387615_DAT-201_2024-1","2024-1","Item Created"
"a0Bbm00000m7AxlEAE","39430035","DEV-101","39430035_DEV-101_2024-1","2024-1","Item Created"
"a0Bbm00000m7AxmEAE","35449166","MKT-200","35449166_MKT-200_2024-1","2024-1","Item Created"
"a0Bbm00000m7AxnEAE","44791193","DEV-101","44791193_DEV-101_2024-1","2024-1","Item Created"
"a0Bbm00000m7AxoEAE","34508314","UX-100","34508314_UX-100_2024-1","2024-1","Item Created"
"a0Bbm00000m7AxpEAE","41941216","IA-300","41941216_IA-300_2024-1","2024-1","Item Created"
"a0Bbm00000m7AxqEAE","31352683","MKT-200","31352683_MKT-200_2024-1","2024-1","Item Created"
"a0Bbm00000m7AxrEAE","43888324","GEN-101","43888324_GEN-101_2024-1","2024-1","Item Created"
"a0Bbm00000m7AxsEAE","39777873","DAT-201","39777873_DAT-201_2024-1","2024-1","Item Created"
"a0Bbm00000m7AxtEAE","31205804","NEG-400","31205804_NEG-400_2024-1","2024-1","Item Created"
"a0Bbm00000m7AxuEAE","38290265","NEG-400","38290265_NEG-400_2024-1","2024-1","Item Created"
"a0Bbm00000m7AxvEAE","43773004","NEG-400","43773004_NEG-400_2024-1","2024-1","Item Created"
"a0Bbm00000m7AxwEAE","40886471","DAT-101","40886471_DAT-101_2024-1","2024-1","Item Created"
"a0Bbm00000m7AxxEAE","30723545","UX-100","30723545_UX-100_2024-1","2024-1","Item Created"
"a0Bbm00000m7AxyEAE","39099433","NEG-400","39099433_NEG-400_2024-1","2024-1","Item Created"
"a0Bbm00000m7AxzEAE","42378567","IA-300","42378567_IA-300_2024-1","2024-1","Item Created"
"a0Bbm00000m7Ay0EAE","41171969","GEN-101","41171969_GEN-101_2024-1","2024-1","Item Created"
"a0Bbm00000m7Ay1EAE","40328227","IA-300","40328227_IA-300_2024-1","2024-1","Item Created"
"a0Bbm00000m7Ay2EAE","30126752","DAT-101","30126752_DAT-101_2024-1","2024-1","Item Created"
"a0Bbm00000m7Ay3EAE","30926558","UX-100","30926558_UX-100_2024-1","2024-1","Item Created"
"a0Bbm00000m7Ay4EAE","41297634","MKT-200","41297634_MKT-200_2024-1","2024-1","Item Created"
"a0Bbm00000m7Ay5EAE","35188238","UX-100","35188238_UX-100_2024-1","2024-1","Item Created"
"a0Bbm00000m7Ay6EAE","41829357","IA-300","41829357_IA-300_2024-1","2024-1","Item Created"
"a0Bbm00000m7Ay7EAE","39157120","IA-300","39157120_IA-300_2024-1","2024-1","Item Created"
"a0Bbm00000m7Ay8EAE","35440459","DAT-101","35440459_DAT-101_2024-1","2024-1","Item Created"
"a0Bbm00000m7Ay9EAE","42849061","IA-300","42849061_IA-300_2024-1","2024-1","Item Created"
"a0Bbm00000m7AyAEAU","37099184","UX-100","37099184_UX-100_2024-1","2024-1","Item Created"
"a0Bbm00000m7AyBEAU","32099618","MKT-200","32099618_MKT-200_2024-1","2024-1","Item Created"
"a0Bbm00000m7AyCEAU","45076126","IA-300","45076126_IA-300_2024-1","2024-1","Item Created"
"a0Bbm00000m7AyDEAU","40371152","DAT-201","40371152_DAT-201_2024-1","2024-1","Item Created"
"a0Bbm00000m7AyEEAU","31370404","DAT-201","31370404_DAT-201_2024-1","2024-1","Item Created"
"a0Bbm00000m7AyFEAU","31868622","MKT-200","31868622_MKT-200_2024-1","2024-1","Item Created"
"a0Bbm00000m7AyGEAU","39924190","GEN-101","39924190_GEN-101_2024-1","2024-1","Item Created"
"a0Bbm00000m7AyHEAU","42419781","UX-100","42419781_UX-100_2024-1","2024-1","Item Created"
"a0Bbm00000m7AyIEAU","36630045","DAT-201","36630045_DAT-201_2024-1","2024-1","Item Created"
"a0Bbm00000m7AyJEAU","30619113","MKT-200","30619113_MKT-200_2024-1","2024-1","Item Created"
"a0Bbm00000m7AyKEAU","43068884","NEG-400","43068884_NEG-400_2024-1","2024-1","Item Created"
"a0Bbm00000m7AyLEAU","39822223","IA-300","39822223_IA-300_2024-1","2024-1","Item Created"
"a0Bbm00000m7AyMEAU","37024637","UX-100","37024637_UX-100_2024-1","2024-1","Item Created"
"a0Bbm00000m7AyNEAU","45055136","UX-100","45055136_UX-100_2024-1","2024-1","Item Created"
"a0Bbm00000m7AyOEAU","42928321","MKT-200","42928321_MKT-200_2024-1","2024-1","Item Created"
"a0Bbm00000m7AyPEAU","31730247","NEG-400","31730247_NEG-400_2024-1","2024-1","Item Created"
"a0Bbm00000m7AyQEAU","35674650","DAT-201","35674650_DAT-201_2024-1","2024-1","Item Created"
"a0Bbm00000m7AyREAU","37949128","NEG-400","37949128_NEG-400_2024-1","2024-1","Item Created"
"a0Bbm00000m7AySEAU","34801591","GEN-101","34801591_GEN-101_2024-1","2024-1","Item Created"
"a0Bbm00000m7AyTEAU","43416352","DAT-101","43416352_DAT-101_2024-1","2024-1","Item Created"
"a0Bbm00000m7AyUEAU","45419981","GEN-101","45419981_GEN-101_2024-1","2024-1","Item Created"
"a0Bbm00000m7AyVEAU","41763206","DEV-101","41763206_DEV-101_2024-1","2024-1","Item Created"
"a0Bbm00000m7AyWEAU","36326296","IA-300","36326296_IA-300_2024-1","2024-1","Item Created"
"a0Bbm00000m7AyXEAU","32808702","DAT-201","32808702_DAT-201_2024-1","2024-1","Item Created"
"a0Bbm00000m7AyYEAU","34711560","DAT-201","34711560_DAT-201_2024-1","2024-1","Item Created"
"a0Bbm00000m7AyZEAU","30413264","IA-300","30413264_IA-300_2024-1","2024-1","Item Created"
"a0Bbm00000m7AyaEAE","42124538","UX-100","42124538_UX-100_2024-1","2024-1","Item Created"
"a0Bbm00000m7AybEAE","33493292","UX-100","33493292_UX-100_2024-1","2024-1","Item Created"
"a0Bbm00000m7AycEAE","44594931","DAT-201","44594931_DAT-201_2024-1","2024-1","Item Created"
"a0Bbm00000m7AydEAE","31366271","MKT-200","31366271_MKT-200_2024-1","2024-1","Item Created"
"a0Bbm00000m7AyeEAE","40665974","DAT-201","40665974_DAT-201_2024-1","2024-1","Item Created"
"a0Bbm00000m7AyfEAE","37268989","DAT-101","37268989_DAT-101_2024-1","2024-1","Item Created"
"a0Bbm00000m7AygEAE","33630695","DAT-101","33630695_DAT-101_2024-1","2024-1","Item Created"
"a0Bbm00000m7AyhEAE","33556417","NEG-400","33556417_NEG-400_2024-1","2024-1","Item Created"
"a0Bbm00000m7AyiEAE","32578687","DAT-101","32578687_DAT-101_2024-1","2024-1","Item Created"
"a0Bbm00000m7AyjEAE","40993683","DEV-101","40993683_DEV-101_2024-1","2024-1","Item Created"
"a0Bbm00000m7AykEAE","45842940","UX-100","45842940_UX-100_2024-1","2024-1","Item Created"
"a0Bbm00000m7AylEAE","39924190","IA-300","39924190_IA-300_2024-1","2024-1","Item Created"
"a0Bbm00000m7AymEAE","41950086","GEN-101","41950086_GEN-101_2024-1","2024-1","Item Created"
"a0Bbm00000m7AynEAE","36794996","UX-100","36794996_UX-100_2024-1","2024-1","Item Created"
"a0Bbm00000m7AyoEAE","33601032","IA-300","33601032_IA-300_2024-1","2024-1","Item Created"
"a0Bbm00000m7AypEAE","37706458","DAT-101","37706458_DAT-101_2024-1","2024-1","Item Created"
"a0Bbm00000m7AyqEAE","39579403","DAT-101","39579403_DAT-101_2024-1","2024-1","Item Created"
"a0Bbm00000m7AyrEAE","38038154","MKT-200","38038154_MKT-200_2024-1","2024-1","Item Created"
"a0Bbm00000m7AysEAE","45819512","NEG-400","45819512_NEG-400_2024-1","2024-1","Item Created"
"a0Bbm00000m7AytEAE","33429749","DAT-101","33429749_DAT-101_2024-1","2024-1","Item Created"
"a0Bbm00000m7AyuEAE","33035804","MKT-200","33035804_MKT-200_2024-1","2024-1","Item Created"
"a0Bbm00000m7AyvEAE","45743513","UX-100","45743513_UX-100_2024-1","2024-1","Item Created"
"a0Bbm00000m7AywEAE","45170259","UX-100","45170259_UX-100_2024-1","2024-1","Item Created"
"a0Bbm00000m7AyxEAE","36031653","IA-300","36031653_IA-300_2024-1","2024-1","Item Created"
"a0Bbm00000m7AyyEAE","38866674","MKT-200","38866674_MKT-200_2024-1","2024-1","Item Created"
"a0Bbm00000m7AyzEAE","41065435","GEN-101","41065435_GEN-101_2024-1","2024-1","Item Created"
"a0Bbm00000m7Az0EAE","35627041","DAT-101","35627041_DAT-101_2024-1","2024-1","Item Created"
"a0Bbm00000m7Az1EAE","33753511","UX-100","33753511_UX-100_2024-1","2024-1","Item Created"
"a0Bbm00000m7Az2EAE","36878477","DAT-201","36878477_DAT-201_2024-1","2024-1","Item Created"
"a0Bbm00000m7Az3EAE","45968790","DAT-201","45968790_DAT-201_2024-1","2024-1","Item Created"
"a0Bbm00000m7Az4EAE","31188805","NEG-400","31188805_NEG-400_2024-1","2024-1","Item Created"
"a0Bbm00000m7Az5EAE","33247205","GEN-101","33247205_GEN-101_2024-1","2024-1","Item Created"
"a0Bbm00000m7Az6EAE","42002650","DEV-101","42002650_DEV-101_2024-1","2024-1","Item Created"
"a0Bbm00000m7Az7EAE","44594931","DAT-101","44594931_DAT-101_2024-1","2024-1","Item Created"
"a0Bbm00000m7Az8EAE","30763137","DAT-101","30763137_DAT-101_2024-1","2024-1","Item Created"
"a0Bbm00000m7Az9EAE","36629400","DAT-101","36629400_DAT-101_2024-1","2024-1","Item Created"
"a0Bbm00000m7AzAEAU","37678418","DAT-201","37678418_DAT-201_2024-1","2024-1","Item Created"
"a0Bbm00000m7AzBEAU","41077276","GEN-101","41077276_GEN-101_2024-1","2024-1","Item Created"
"a0Bbm00000m7AzCEAU","45303367","UX-100","45303367_UX-100_2024-1","2024-1","Item Created"
"a0Bbm00000m7AzDEAU","30089193","DAT-101","30089193_DAT-101_2024-1","2024-1","Item Created"
"a0Bbm00000m7AzEEAU","36456678","DEV-101","36456678_DEV-101_2024-1","2024-1","Item Created"
"a0Bbm00000m7AzFEAU","30445334","GEN-101","30445334_GEN-101_2024-1","2024-1","Item Created"
"a0Bbm00000m7AzGEAU","36659139","DAT-101","36659139_DAT-101_2024-1","2024-1","Item Created"
"a0Bbm00000m7AzHEAU","32698751","IA-300","32698751_IA-300_2024-1","2024-1","Item Created"
"a0Bbm00000m7AzIEAU","41998415","DAT-101","41998415_DAT-101_2024-1","2024-1","Item Created"
"a0Bbm00000m7AzJEAU","45383156","DAT-201","45383156_DAT-201_2024-1","2024-1","Item Created"
"a0Bbm00000m7AzKEAU","44713988","MKT-200","44713988_MKT-200_2024-1","2024-1","Item Created"
"a0Bbm00000m7AzLEAU","36349870","DAT-101","36349870_DAT-101_2024-1","2024-1","Item Created"
"a0Bbm00000m7AzMEAU","31230787","DEV-101","31230787_DEV-101_2024-1","2024-1","Item Created"
"a0Bbm00000m7AzNEAU","42242735","MKT-200","42242735_MKT-200_2024-1","2024-1","Item Created"
"a0Bbm00000m7AzOEAU","45385368","DAT-101","45385368_DAT-101_2024-1","2024-1","Item Created"
"a0Bbm00000m7AzPEAU","44807676","GEN-101","44807676_GEN-101_2024-1","2024-1","Item Created"
"a0Bbm00000m7AzQEAU","31263287","IA-300","31263287_IA-300_2024-1","2024-1","Item Created"
"a0Bbm00000m7AzREAU","31730247","DEV-101","31730247_DEV-101_2024-1","2024-1","Item Created"
"a0Bbm00000m7AzSEAU","34864189","IA-300","34864189_IA-300_2024-1","2024-1","Item Created"
"a0Bbm00000m7AzTEAU","34077479","GEN-101","34077479_GEN-101_2024-1","2024-1","Item Created"
"a0Bbm00000m7AzUEAU","39164387","UX-100","39164387_UX-100_2024-1","2024-1","Item Created"
"a0Bbm00000m7AzVEAU","33267106","MKT-200","33267106_MKT-200_2024-1","2024-1","Item Created"
"a0Bbm00000m7AzWEAU","44242303","DEV-101","44242303_DEV-101_2024-1","2024-1","Item Created"
"a0Bbm00000m7AzXEAU","35620137","IA-300","35620137_IA-300_2024-1","2024-1","Item Created"
"a0Bbm00000m7AzYEAU","31692100","UX-100","31692100_UX-100_2024-1","2024-1","Item Created"
"a0Bbm00000m7AzZEAU","37949128","UX-100","37949128_UX-100_2024-1","2024-1","Item Created"
"a0Bbm00000m7AzaEAE","42132790","IA-300","42132790_IA-300_2024-1","2024-1","Item Created"
"a0Bbm00000m7AzbEAE","39842417","DEV-101","39842417_DEV-101_2024-1","2024-1","Item Created"
"a0Bbm00000m7AzcEAE","44120543","MKT-200","44120543_MKT-200_2024-1","2024-1","Item Created"
"a0Bbm00000m7AzdEAE","38290265","DEV-101","38290265_DEV-101_2024-1","2024-1","Item Created"
"a0Bbm00000m7AzeEAE","31379248","MKT-200","31379248_MKT-200_2024-1","2024-1","Item Created"
"a0Bbm00000m7AzfEAE","33885760","DEV-101","33885760_DEV-101_2024-1","2024-1","Item Created"
"a0Bbm00000m7AzgEAE","33338311","NEG-400","33338311_NEG-400_2024-1","2024-1","Item Created"
"a0Bbm00000m7AzhEAE","38877407","DAT-201","38877407_DAT-201_2024-1","2024-1","Item Created"
"a0Bbm00000m7AziEAE","45633220","NEG-400","45633220_NEG-400_2024-1","2024-1","Item Created"
"a0Bbm00000m7AzjEAE","33387615","IA-300","33387615_IA-300_2024-1","2024-1","Item Created"
"a0Bbm00000m7AzkEAE","45303367","DAT-201","45303367_DAT-201_2024-1","2024-1","Item Created"
"a0Bbm00000m7AzlEAE","41003214","IA-300","41003214_IA-300_2024-1","2024-1","Item Created"
"a0Bbm00000m7AzmEAE","31593963","DAT-201","31593963_DAT-201_2024-1","2024-1","Item Created"
"a0Bbm00000m7AznEAE","40348880","DAT-201","40348880_DAT-201_2024-1","2024-1","Item Created"
"a0Bbm00000m7AzoEAE","31438321","NEG-400","31438321_NEG-400_2024-1","2024-1","Item Created"
"a0Bbm00000m7AzpEAE","35845730","MKT-200","35845730_MKT-200_2024-1","2024-1","Item Created"
"a0Bbm00000m7AzqEAE","31185224","NEG-400","31185224_NEG-400_2024-1","2024-1","Item Created"
"a0Bbm00000m7AzrEAE","32349994","IA-300","32349994_IA-300_2024-1","2024-1","Item Created"
"a0Bbm00000m7AzsEAE","31134185","NEG-400","31134185_NEG-400_2024-1","2024-1","Item Created"
"a0Bbm00000m7AztEAE","38542906","UX-100","38542906_UX-100_2024-1","2024-1","Item Created"
"a0Bbm00000m7AzuEAE","35740137","MKT-200","35740137_MKT-200_2024-1","2024-1","Item Created"
"a0Bbm00000m7AzvEAE","44753132","IA-300","44753132_IA-300_2024-1","2024-1","Item Created"
"a0Bbm00000m7AzwEAE","38832034","NEG-400","38832034_NEG-400_2024-1","2024-1","Item Created"
"a0Bbm00000m7AzxEAE","45256650","NEG-400","45256650_NEG-400_2024-1","2024-1","Item Created"
"a0Bbm00000m7AzyEAE","43720785","DAT-201","43720785_DAT-201_2024-1","2024-1","Item Created"
"a0Bbm00000m7AzzEAE","39129106","GEN-101","39129106_GEN-101_2024-1","2024-1","Item Created"
"a0Bbm00000m7B00EAE","36313373","IA-300","36313373_IA-300_2024-1","2024-1","Item Created"
"a0Bbm00000m7B01EAE","45850941","GEN-101","45850941_GEN-101_2024-1","2024-1","Item Created"
"a0Bbm00000m7B02EAE","44775708","GEN-101","44775708_GEN-101_2024-1","2024-1","Item Created"
"a0Bbm00000m7B03EAE","42331291","DAT-101","42331291_DAT-101_2024-1","2024-1","Item Created"
"a0Bbm00000m7B04EAE","32085812","DAT-201","32085812_DAT-201_2024-1","2024-1","Item Created"
"a0Bbm00000m7B05EAE","37935165","DAT-101","37935165_DAT-101_2024-1","2024-1","Item Created"
"a0Bbm00000m7B06EAE","36744678","DAT-201","36744678_DAT-201_2024-1","2024-1","Item Created"
"a0Bbm00000m7B07EAE","40069107","MKT-200","40069107_MKT-200_2024-1","2024-1","Item Created"
"a0Bbm00000m7B08EAE","33155313","DEV-101","33155313_DEV-101_2024-1","2024-1","Item Created"
"a0Bbm00000m7B09EAE","42574929","DAT-101","42574929_DAT-101_2024-1","2024-1","Item Created"
"a0Bbm00000m7B0AEAU","42881854","DAT-201","42881854_DAT-201_2024-1","2024-1","Item Created"
"a0Bbm00000m7B0BEAU","40214433","DAT-101","40214433_DAT-101_2024-1","2024-1","Item Created"
"a0Bbm00000m7B0CEAU","32259990","UX-100","32259990_UX-100_2024-1","2024-1","Item Created"
"a0Bbm00000m7B0DEAU","30437958","MKT-200","30437958_MKT-200_2024-1","2024-1","Item Created"
"a0Bbm00000m7B0EEAU","31921360","GEN-101","31921360_GEN-101_2024-1","2024-1","Item Created"
"a0Bbm00000m7B0FEAU","32343092","NEG-400","32343092_NEG-400_2024-1","2024-1","Item Created"
"a0Bbm00000m7B0GEAU","39268069","NEG-400","39268069_NEG-400_2024-1","2024-1","Item Created"
"a0Bbm00000m7B0HEAU","38689454","MKT-200","38689454_MKT-200_2024-1","2024-1","Item Created"
"a0Bbm00000m7B0IEAU","34845546","DAT-201","34845546_DAT-201_2024-1","2024-1","Item Created"
"a0Bbm00000m7B0JEAU","43023911","DAT-101","43023911_DAT-101_2024-1","2024-1","Item Created"
"a0Bbm00000m7B0KEAU","42928321","DEV-101","42928321_DEV-101_2024-1","2024-1","Item Created"
"a0Bbm00000m7B0LEAU","39777873","NEG-400","39777873_NEG-400_2024-1","2024-1","Item Created"
"a0Bbm00000m7B0MEAU","33663590","DAT-101","33663590_DAT-101_2024-1","2024-1","Item Created"
"a0Bbm00000m7B0NEAU","36907787","UX-100","36907787_UX-100_2024-1","2024-1","Item Created"
"a0Bbm00000m7B0OEAU","30566758","UX-100","30566758_UX-100_2024-1","2024-1","Item Created"
"a0Bbm00000m7B0PEAU","37261587","DAT-101","37261587_DAT-101_2024-1","2024-1","Item Created"
"a0Bbm00000m7B0QEAU","39041016","DEV-101","39041016_DEV-101_2024-1","2024-1","Item Created"
"a0Bbm00000m7B0REAU","32169352","IA-300","32169352_IA-300_2024-1","2024-1","Item Created"
"a0Bbm00000m7B0SEAU","37795993","DAT-101","37795993_DAT-101_2024-1","2024-1","Item Created"
"a0Bbm00000m7B0TEAU","41885509","MKT-200","41885509_MKT-200_2024-1","2024-1","Item Created"
"a0Bbm00000m7B0UEAU","33922912","DEV-101","33922912_DEV-101_2024-1","2024-1","Item Created"
"a0Bbm00000m7B0VEAU","45752068","GEN-101","45752068_GEN-101_2024-1","2024-1","Item Created"
"a0Bbm00000m7B0WEAU","31594777","DAT-101","31594777_DAT-101_2024-1","2024-1","Item Created"
"a0Bbm00000m7B0XEAU","42266843","NEG-400","42266843_NEG-400_2024-1","2024-1","Item Created"
"a0Bbm00000m7B0YEAU","45826183","MKT-200","45826183_MKT-200_2024-1","2024-1","Item Created"
"a0Bbm00000m7B0ZEAU","32578687","NEG-400","32578687_NEG-400_2024-1","2024-1","Item Created"
"a0Bbm00000m7B0aEAE","37454570","DAT-101","37454570_DAT-101_2024-1","2024-1","Item Created"
"a0Bbm00000m7B0bEAE","41129177","NEG-400","41129177_NEG-400_2024-1","2024-1","Item Created"
"a0Bbm00000m7B0cEAE","32099297","IA-300","32099297_IA-300_2024-1","2024-1","Item Created"
"a0Bbm00000m7B0dEAE","31599603","MKT-200","31599603_MKT-200_2024-1","2024-1","Item Created"
"a0Bbm00000m7B0eEAE","33699765","UX-100","33699765_UX-100_2024-1","2024-1","Item Created"
"a0Bbm00000m7B0fEAE","45842940","NEG-400","45842940_NEG-400_2024-1","2024-1","Item Created"
"a0Bbm00000m7B0gEAE","31821525","DAT-201","31821525_DAT-201_2024-1","2024-1","Item Created"
"a0Bbm00000m7B0hEAE","35579453","DAT-201","35579453_DAT-201_2024-1","2024-1","Item Created"
"a0Bbm00000m7B0iEAE","43904609","NEG-400","43904609_NEG-400_2024-1","2024-1","Item Created"
"a0Bbm00000m7B0jEAE","34070539","GEN-101","34070539_GEN-101_2024-1","2024-1","Item Created"
"a0Bbm00000m7B0kEAE","37054065","DEV-101","37054065_DEV-101_2024-1","2024-1","Item Created"
"a0Bbm00000m7B0lEAE","38622234","DAT-201","38622234_DAT-201_2024-1","2024-1","Item Created"
"a0Bbm00000m7B0mEAE","31800702","GEN-101","31800702_GEN-101_2024-1","2024-1","Item Created"
"a0Bbm00000m7B0nEAE","34631318","DEV-101","34631318_DEV-101_2024-1","2024-1","Item Created"
"a0Bbm00000m7B0oEAE","45181550","UX-100","45181550_UX-100_2024-1","2024-1","Item Created"
"a0Bbm00000m7B0pEAE","45385368","DAT-201","45385368_DAT-201_2024-1","2024-1","Item Created"
"a0Bbm00000m7B0qEAE","40818237","GEN-101","40818237_GEN-101_2024-1","2024-1","Item Created"
"a0Bbm00000m7B0rEAE","45426738","NEG-400","45426738_NEG-400_2024-1","2024-1","Item Created"
"a0Bbm00000m7B0sEAE","45171795","DEV-101","45171795_DEV-101_2024-1","2024-1","Item Created"
"a0Bbm00000m7B0tEAE","35543489","UX-100","35543489_UX-100_2024-1","2024-1","Item Created"
"a0Bbm00000m7B0uEAE","40776019","GEN-101","40776019_GEN-101_2024-1","2024-1","Item Created"
"a0Bbm00000m7B0vEAE","43771658","DAT-201","43771658_DAT-201_2024-1","2024-1","Item Created"
"a0Bbm00000m7B0wEAE","34715773","DEV-101","34715773_DEV-101_2024-1","2024-1","Item Created"
"a0Bbm00000m7B0xEAE","43695456","MKT-200","43695456_MKT-200_2024-1","2024-1","Item Created"
"a0Bbm00000m7B0yEAE","32151241","UX-100","32151241_UX-100_2024-1","2024-1","Item Created"
"a0Bbm00000m7B0zEAE","33130984","DAT-101","33130984_DAT-101_2024-1","2024-1","Item Created"
"a0Bbm00000m7B10EAE","42280040","NEG-400","42280040_NEG-400_2024-1","2024-1","Item Created"
"a0Bbm00000m7B11EAE","31263287","UX-100","31263287_UX-100_2024-1","2024-1","Item Created"
"a0Bbm00000m7B12EAE","35325959","MKT-200","35325959_MKT-200_2024-1","2024-1","Item Created"
"a0Bbm00000m7B13EAE","39402003","DAT-101","39402003_DAT-101_2024-1","2024-1","Item Created"
"a0Bbm00000m7B14EAE","37083223","DAT-101","37083223_DAT-101_2024-1","2024-1","Item Created"
"a0Bbm00000m7B15EAE","32259990","IA-300","32259990_IA-300_2024-1","2024-1","Item Created"
"a0Bbm00000m7B16EAE","44780393","NEG-400","44780393_NEG-400_2024-1","2024-1","Item Created"
"a0Bbm00000m7B17EAE","33506985","UX-100","33506985_UX-100_2024-1","2024-1","Item Created"
"a0Bbm00000m7B18EAE","42576713","DAT-101","42576713_DAT-101_2024-1","2024-1","Item Created"
"a0Bbm00000m7B19EAE","39856178","DAT-101","39856178_DAT-101_2024-1","2024-1","Item Created"
"a0Bbm00000m7B1AEAU","43010564","DAT-201","43010564_DAT-201_2024-1","2024-1","Item Created"
"a0Bbm00000m7B1BEAU","30339434","DAT-201","30339434_DAT-201_2024-1","2024-1","Item Created"
"a0Bbm00000m7B1CEAU","33130984","DAT-201","33130984_DAT-201_2024-1","2024-1","Item Created"
"a0Bbm00000m7B1DEAU","40133866","NEG-400","40133866_NEG-400_2024-1","2024-1","Item Created"
"a0Bbm00000m7B1EEAU","42799422","DAT-201","42799422_DAT-201_2024-1","2024-1","Item Created"
"a0Bbm00000m7B1FEAU","38162732","NEG-400","38162732_NEG-400_2024-1","2024-1","Item Created"
"a0Bbm00000m7B1GEAU","39216162","MKT-200","39216162_MKT-200_2024-1","2024-1","Item Created"
"a0Bbm00000m7B1HEAU","30365765","GEN-101","30365765_GEN-101_2024-1","2024-1","Item Created"
"a0Bbm00000m7B1IEAU","31370404","IA-300","31370404_IA-300_2024-1","2024-1","Item Created"
"a0Bbm00000m7B1JEAU","44536877","DAT-201","44536877_DAT-201_2024-1","2024-1","Item Created"
"a0Bbm00000m7B1KEAU","38481398","NEG-400","38481398_NEG-400_2024-1","2024-1","Item Created"
"a0Bbm00000m7B1LEAU","39579403","UX-100","39579403_UX-100_2024-1","2024-1","Item Created"
"a0Bbm00000m7B1MEAU","37550168","IA-300","37550168_IA-300_2024-1","2024-1","Item Created"
"a0Bbm00000m7B1NEAU","39691054","UX-100","39691054_UX-100_2024-1","2024-1","Item Created"
"a0Bbm00000m7B1OEAU","34529542","DAT-101","34529542_DAT-101_2024-1","2024-1","Item Created"
"a0Bbm00000m7B1PEAU","34255143","DEV-101","34255143_DEV-101_2024-1","2024-1","Item Created"
"a0Bbm00000m7B1QEAU","41943395","DAT-101","41943395_DAT-101_2024-1","2024-1","Item Created"
"a0Bbm00000m7B1REAU","44886400","DEV-101","44886400_DEV-101_2024-1","2024-1","Item Created"
"a0Bbm00000m7B1SEAU","45402891","UX-100","45402891_UX-100_2024-1","2024-1","Item Created"
"a0Bbm00000m7B1TEAU","39001607","DAT-201","39001607_DAT-201_2024-1","2024-1","Item Created"
"a0Bbm00000m7B1UEAU","30619113","GEN-101","30619113_GEN-101_2024-1","2024-1","Item Created"
"a0Bbm00000m7B1VEAU","37849139","DAT-101","37849139_DAT-101_2024-1","2024-1","Item Created"
"a0Bbm00000m7B1WEAU","34636803","IA-300","34636803_IA-300_2024-1","2024-1","Item Created"
"a0Bbm00000m7B1XEAU","40578248","IA-300","40578248_IA-300_2024-1","2024-1","Item Created"
"a0Bbm00000m7B1YEAU","42677307","GEN-101","42677307_GEN-101_2024-1","2024-1","Item Created"
"a0Bbm00000m7B1ZEAU","31061893","IA-300","31061893_IA-300_2024-1","2024-1","Item Created"
"a0Bbm00000m7B1aEAE","36514168","DEV-101","36514168_DEV-101_2024-1","2024-1","Item Created"
"a0Bbm00000m7B1bEAE","33444595","DAT-201","33444595_DAT-201_2024-1","2024-1","Item Created"
"a0Bbm00000m7B1cEAE","37949128","IA-300","37949128_IA-300_2024-1","2024-1","Item Created"
"a0Bbm00000m7B1dEAE","42208457","DAT-101","42208457_DAT-101_2024-1","2024-1","Item Created"
"a0Bbm00000m7B1eEAE","37253616","DAT-201","37253616_DAT-201_2024-1","2024-1","Item Created"
"a0Bbm00000m7B1fEAE","32808702","UX-100","32808702_UX-100_2024-1","2024-1","Item Created"
"a0Bbm00000m7B1gEAE","30782743","IA-300","30782743_IA-300_2024-1","2024-1","Item Created"
"a0Bbm00000m7B1hEAE","39001607","UX-100","39001607_UX-100_2024-1","2024-1","Item Created"
"a0Bbm00000m7B1iEAE","34864189","GEN-101","34864189_GEN-101_2024-1","2024-1","Item Created"
"a0Bbm00000m7B1jEAE","38724522","UX-100","38724522_UX-100_2024-1","2024-1","Item Created"
"a0Bbm00000m7B1kEAE","33857648","DAT-101","33857648_DAT-101_2024-1","2024-1","Item Created"
"a0Bbm00000m7B1lEAE","35471829","DEV-101","35471829_DEV-101_2024-1","2024-1","Item Created"
"a0Bbm00000m7B1mEAE","40051444","GEN-101","40051444_GEN-101_2024-1","2024-1","Item Created"
"a0Bbm00000m7B1nEAE","36369209","DAT-201","36369209_DAT-201_2024-1","2024-1","Item Created"
"a0Bbm00000m7B1oEAE","44912505","IA-300","44912505_IA-300_2024-1","2024-1","Item Created"
"a0Bbm00000m7B1pEAE","32864447","NEG-400","32864447_NEG-400_2024-1","2024-1","Item Created"
"a0Bbm00000m7B1qEAE","35891432","IA-300","35891432_IA-300_2024-1","2024-1","Item Created"
"a0Bbm00000m7B1rEAE","43991901","DAT-101","43991901_DAT-101_2024-1","2024-1","Item Created"
"a0Bbm00000m7B1sEAE","42576713","DEV-101","42576713_DEV-101_2024-1","2024-1","Item Created"
"a0Bbm00000m7B1tEAE","43105183","IA-300","43105183_IA-300_2024-1","2024-1","Item Created"
"a0Bbm00000m7B1uEAE","33696189","GEN-101","33696189_GEN-101_2024-1","2024-1","Item Created"
"a0Bbm00000m7B1vEAE","44775708","IA-300","44775708_IA-300_2024-1","2024-1","Item Created"
"a0Bbm00000m7B1wEAE","41848705","DAT-201","41848705_DAT-201_2024-1","2024-1","Item Created"
"a0Bbm00000m7B1xEAE","38114009","DEV-101","38114009_DEV-101_2024-1","2024-1","Item Created"
"a0Bbm00000m7B1yEAE","33488611","UX-100","33488611_UX-100_2024-1","2024-1","Item Created"
"a0Bbm00000m7B1zEAE","36286352","NEG-400","36286352_NEG-400_2024-1","2024-1","Item Created"
"a0Bbm00000m7B20EAE","41594052","UX-100","41594052_UX-100_2024-1","2024-1","Item Created"
"a0Bbm00000m7B21EAE","39129106","DAT-201","39129106_DAT-201_2024-1","2024-1","Item Created"
"a0Bbm00000m7B22EAE","43539600","GEN-101","43539600_GEN-101_2024-1","2024-1","Item Created"
"a0Bbm00000m7B23EAE","42576713","UX-100","42576713_UX-100_2024-1","2024-1","Item Created"
"a0Bbm00000m7B24EAE","39264124","DEV-101","39264124_DEV-101_2024-1","2024-1","Item Created"
"a0Bbm00000m7B25EAE","35965210","UX-100","35965210_UX-100_2024-1","2024-1","Item Created"
"a0Bbm00000m7B26EAE","45298142","DEV-101","45298142_DEV-101_2024-1","2024-1","Item Created"
"a0Bbm00000m7B27EAE","35915416","IA-300","35915416_IA-300_2024-1","2024-1","Item Created"
"a0Bbm00000m7B28EAE","30126752","GEN-101","30126752_GEN-101_2024-1","2024-1","Item Created"
"a0Bbm00000m7B29EAE","34265698","MKT-200","34265698_MKT-200_2024-1","2024-1","Item Created"
"a0Bbm00000m7B2AEAU","41111676","NEG-400","41111676_NEG-400_2024-1","2024-1","Item Created"
"a0Bbm00000m7B2BEAU","40105729","MKT-200","40105729_MKT-200_2024-1","2024-1","Item Created"
"a0Bbm00000m7B2CEAU","40579606","UX-100","40579606_UX-100_2024-1","2024-1","Item Created"
"a0Bbm00000m7B2DEAU","43978117","DAT-101","43978117_DAT-101_2024-1","2024-1","Item Created"
"a0Bbm00000m7B2EEAU","32556008","DAT-101","32556008_DAT-101_2024-1","2024-1","Item Created"
"a0Bbm00000m7B2FEAU","36362413","DAT-101","36362413_DAT-101_2024-1","2024-1","Item Created"
"a0Bbm00000m7B2GEAU","41003214","NEG-400","41003214_NEG-400_2024-1","2024-1","Item Created"
"a0Bbm00000m7B2HEAU","37326359","DEV-101","37326359_DEV-101_2024-1","2024-1","Item Created"
"a0Bbm00000m7B2IEAU","44508081","MKT-200","44508081_MKT-200_2024-1","2024-1","Item Created"
"a0Bbm00000m7B2JEAU","43362081","DAT-101","43362081_DAT-101_2024-1","2024-1","Item Created"
"a0Bbm00000m7B2KEAU","42221418","NEG-400","42221418_NEG-400_2024-1","2024-1","Item Created"
"a0Bbm00000m7B2LEAU","30974929","MKT-200","30974929_MKT-200_2024-1","2024-1","Item Created"
"a0Bbm00000m7B2MEAU","37347578","IA-300","37347578_IA-300_2024-1","2024-1","Item Created"
"a0Bbm00000m7B2NEAU","40649002","DEV-101","40649002_DEV-101_2024-1","2024-1","Item Created"
"a0Bbm00000m7B2OEAU","33115581","DAT-201","33115581_DAT-201_2024-1","2024-1","Item Created"
"a0Bbm00000m7B2PEAU","39144752","IA-300","39144752_IA-300_2024-1","2024-1","Item Created"
"a0Bbm00000m7B2QEAU","35543489","DAT-101","35543489_DAT-101_2024-1","2024-1","Item Created"
"a0Bbm00000m7B2REAU","39405037","GEN-101","39405037_GEN-101_2024-1","2024-1","Item Created"
"a0Bbm00000m7B2SEAU","41347543","GEN-101","41347543_GEN-101_2024-1","2024-1","Item Created"
"a0Bbm00000m7B2TEAU","37831209","DEV-101","37831209_DEV-101_2024-1","2024-1","Item Created"
"a0Bbm00000m7B2UEAU","36727365","DEV-101","36727365_DEV-101_2024-1","2024-1","Item Created"
"a0Bbm00000m7B2VEAU","37179608","UX-100","37179608_UX-100_2024-1","2024-1","Item Created"
"a0Bbm00000m7B2WEAU","31399534","NEG-400","31399534_NEG-400_2024-1","2024-1","Item Created"
"a0Bbm00000m7B2XEAU","45090532","MKT-200","45090532_MKT-200_2024-1","2024-1","Item Created"
"a0Bbm00000m7B2YEAU","33221169","IA-300","33221169_IA-300_2024-1","2024-1","Item Created"
"a0Bbm00000m7B2ZEAU","35810239","IA-300","35810239_IA-300_2024-1","2024-1","Item Created"
"a0Bbm00000m7B2aEAE","37223015","DAT-201","37223015_DAT-201_2024-1","2024-1","Item Created"
"a0Bbm00000m7B2bEAE","34845546","DAT-101","34845546_DAT-101_2024-1","2024-1","Item Created"
"a0Bbm00000m7B2cEAE","33049597","IA-300","33049597_IA-300_2024-1","2024-1","Item Created"
"a0Bbm00000m7B2dEAE","37329041","IA-300","37329041_IA-300_2024-1","2024-1","Item Created"
"a0Bbm00000m7B2eEAE","31379964","NEG-400","31379964_NEG-400_2024-1","2024-1","Item Created"
"a0Bbm00000m7B2fEAE","40727710","MKT-200","40727710_MKT-200_2024-1","2024-1","Item Created"
"a0Bbm00000m7B2gEAE","38048801","IA-300","38048801_IA-300_2024-1","2024-1","Item Created"
"a0Bbm00000m7B2hEAE","44210932","UX-100","44210932_UX-100_2024-1","2024-1","Item Created"
"a0Bbm00000m7B2iEAE","40338924","DAT-201","40338924_DAT-201_2024-1","2024-1","Item Created"
"a0Bbm00000m7B2jEAE","39695989","UX-100","39695989_UX-100_2024-1","2024-1","Item Created"
"a0Bbm00000m7B2kEAE","41147686","DAT-101","41147686_DAT-101_2024-1","2024-1","Item Created"
"a0Bbm00000m7B2lEAE","34209869","IA-300","34209869_IA-300_2024-1","2024-1","Item Created"
"a0Bbm00000m7B2mEAE","38485886","DEV-101","38485886_DEV-101_2024-1","2024-1","Item Created"
"a0Bbm00000m7B2nEAE","34363040","DAT-201","34363040_DAT-201_2024-1","2024-1","Item Created"
"a0Bbm00000m7B2oEAE","35282987","IA-300","35282987_IA-300_2024-1","2024-1","Item Created"
"a0Bbm00000m7B2pEAE","36935055","MKT-200","36935055_MKT-200_2024-1","2024-1","Item Created"
"a0Bbm00000m7B2qEAE","37604035","NEG-400","37604035_NEG-400_2024-1","2024-1","Item Created"
"a0Bbm00000m7B2rEAE","42509169","MKT-200","42509169_MKT-200_2024-1","2024-1","Item Created"
"a0Bbm00000m7B2sEAE","43802935","DEV-101","43802935_DEV-101_2024-1","2024-1","Item Created"
"a0Bbm00000m7B2tEAE","38726954","DAT-201","38726954_DAT-201_2024-1","2024-1","Item Created"
"a0Bbm00000m7B2uEAE","41330737","MKT-200","41330737_MKT-200_2024-1","2024-1","Item Created"
"a0Bbm00000m7B2vEAE","37797988","DAT-201","37797988_DAT-201_2024-1","2024-1","Item Created"
"a0Bbm00000m7B2wEAE","42024629","GEN-101","42024629_GEN-101_2024-1","2024-1","Item Created"
"a0Bbm00000m7B2xEAE","45419981","UX-100","45419981_UX-100_2024-1","2024-1","Item Created"
"a0Bbm00000m7B2yEAE","44370456","DAT-101","44370456_DAT-101_2024-1","2024-1","Item Created"
"a0Bbm00000m7B2zEAE","31295512","DAT-201","31295512_DAT-201_2024-1","2024-1","Item Created"
"a0Bbm00000m7B30EAE","30309712","DAT-101","30309712_DAT-101_2024-1","2024-1","Item Created"
"a0Bbm00000m7B31EAE","35589315","DAT-201","35589315_DAT-201_2024-1","2024-1","Item Created"
"a0Bbm00000m7B32EAE","33074317","DEV-101","33074317_DEV-101_2024-1","2024-1","Item Created"
"a0Bbm00000m7B33EAE","45090532","DEV-101","45090532_DEV-101_2024-1","2024-1","Item Created"
"a0Bbm00000m7B34EAE","33957369","DAT-201","33957369_DAT-201_2024-1","2024-1","Item Created"
"a0Bbm00000m7B35EAE","38451826","GEN-101","38451826_GEN-101_2024-1","2024-1","Item Created"
"a0Bbm00000m7B36EAE","38373582","GEN-101","38373582_GEN-101_2024-1","2024-1","Item Created"
"a0Bbm00000m7B37EAE","31922848","DEV-101","31922848_DEV-101_2024-1","2024-1","Item Created"
"a0Bbm00000m7B38EAE","39269288","DAT-101","39269288_DAT-101_2024-1","2024-1","Item Created"
"a0Bbm00000m7B39EAE","36702199","IA-300","36702199_IA-300_2024-1","2024-1","Item Created"
"a0Bbm00000m7B3AEAU","33630695","UX-100","33630695_UX-100_2024-1","2024-1","Item Created"
"a0Bbm00000m7B3BEAU","38446695","IA-300","38446695_IA-300_2024-1","2024-1","Item Created"
"a0Bbm00000m7B3CEAU","45039367","DAT-101","45039367_DAT-101_2024-1","2024-1","Item Created"
"a0Bbm00000m7B3DEAU","36953747","DAT-201","36953747_DAT-201_2024-1","2024-1","Item Created"
"a0Bbm00000m7B3EEAU","44910143","MKT-200","44910143_MKT-200_2024-1","2024-1","Item Created"
"a0Bbm00000m7B3FEAU","45265185","NEG-400","45265185_NEG-400_2024-1","2024-1","Item Created"
"a0Bbm00000m7B3GEAU","44617524","DAT-101","44617524_DAT-101_2024-1","2024-1","Item Created"
"a0Bbm00000m7B3HEAU","39386861","DAT-201","39386861_DAT-201_2024-1","2024-1","Item Created"
"a0Bbm00000m7B3IEAU","33827674","UX-100","33827674_UX-100_2024-1","2024-1","Item Created"
"a0Bbm00000m7B3JEAU","31158762","IA-300","31158762_IA-300_2024-1","2024-1","Item Created"
"a0Bbm00000m7B3KEAU","42117900","GEN-101","42117900_GEN-101_2024-1","2024-1","Item Created"
"a0Bbm00000m7B3LEAU","36392604","IA-300","36392604_IA-300_2024-1","2024-1","Item Created"
"a0Bbm00000m7B3MEAU","43767499","DAT-201","43767499_DAT-201_2024-1","2024-1","Item Created"
"a0Bbm00000m7B3NEAU","38218744","UX-100","38218744_UX-100_2024-1","2024-1","Item Created"
"a0Bbm00000m7B3OEAU","36163868","IA-300","36163868_IA-300_2024-1","2024-1","Item Created"
"a0Bbm00000m7B3PEAU","34758464","NEG-400","34758464_NEG-400_2024-1","2024-1","Item Created"
"a0Bbm00000m7B3QEAU","42849061","GEN-101","42849061_GEN-101_2024-1","2024-1","Item Created"
"a0Bbm00000m7B3REAU","31438742","DEV-101","31438742_DEV-101_2024-1","2024-1","Item Created"
"a0Bbm00000m7B3SEAU","43270052","MKT-200","43270052_MKT-200_2024-1","2024-1","Item Created"
"a0Bbm00000m7B3TEAU","42706367","NEG-400","42706367_NEG-400_2024-1","2024-1","Item Created"
"a0Bbm00000m7B3UEAU","43159265","DEV-101","43159265_DEV-101_2024-1","2024-1","Item Created"
"a0Bbm00000m7B3VEAU","34250668","MKT-200","34250668_MKT-200_2024-1","2024-1","Item Created"
"a0Bbm00000m7B3WEAU","44654293","DAT-201","44654293_DAT-201_2024-1","2024-1","Item Created"
"a0Bbm00000m7B3XEAU","41333233","DAT-101","41333233_DAT-101_2024-1","2024-1","Item Created"
"a0Bbm00000m7B3YEAU","30469731","GEN-101","30469731_GEN-101_2024-1","2024-1","Item Created"
"a0Bbm00000m7B3ZEAU","33910188","NEG-400","33910188_NEG-400_2024-1","2024-1","Item Created"
"a0Bbm00000m7B3aEAE","37935165","MKT-200","37935165_MKT-200_2024-1","2024-1","Item Created"
"a0Bbm00000m7B3bEAE","34971595","IA-300","34971595_IA-300_2024-1","2024-1","Item Created"
"a0Bbm00000m7B3cEAE","39386861","UX-100","39386861_UX-100_2024-1","2024-1","Item Created"
"a0Bbm00000m7B3dEAE","41077276","IA-300","41077276_IA-300_2024-1","2024-1","Item Created"
"a0Bbm00000m7B3eEAE","33630695","IA-300","33630695_IA-300_2024-1","2024-1","Item Created"
"a0Bbm00000m7B3fEAE","31621161","IA-300","31621161_IA-300_2024-1","2024-1","Item Created"
"a0Bbm00000m7B3gEAE","40729905","DAT-101","40729905_DAT-101_2024-1","2024-1","Item Created"
"a0Bbm00000m7B3hEAE","42757045","MKT-200","42757045_MKT-200_2024-1","2024-1","Item Created"
"a0Bbm00000m7B3iEAE","44308885","UX-100","44308885_UX-100_2024-1","2024-1","Item Created"
"a0Bbm00000m7B3jEAE","34092604","IA-300","34092604_IA-300_2024-1","2024-1","Item Created"
"a0Bbm00000m7B3kEAE","35320655","DAT-201","35320655_DAT-201_2024-1","2024-1","Item Created"
"a0Bbm00000m7B3lEAE","38164166","MKT-200","38164166_MKT-200_2024-1","2024-1","Item Created"
"a0Bbm00000m7B3mEAE","32971550","IA-300","32971550_IA-300_2024-1","2024-1","Item Created"
"a0Bbm00000m7B3nEAE","30946614","MKT-200","30946614_MKT-200_2024-1","2024-1","Item Created"
"a0Bbm00000m7B3oEAE","41829357","MKT-200","41829357_MKT-200_2024-1","2024-1","Item Created"
"a0Bbm00000m7B3pEAE","45417967","NEG-400","45417967_NEG-400_2024-1","2024-1","Item Created"
"a0Bbm00000m7B3qEAE","34033433","NEG-400","34033433_NEG-400_2024-1","2024-1","Item Created"
"a0Bbm00000m7B3rEAE","33035804","GEN-101","33035804_GEN-101_2024-1","2024-1","Item Created"
"a0Bbm00000m7B3sEAE","34617592","MKT-200","34617592_MKT-200_2024-1","2024-1","Item Created"
"a0Bbm00000m7B3tEAE","36855486","MKT-200","36855486_MKT-200_2024-1","2024-1","Item Created"
"a0Bbm00000m7B3uEAE","37168127","GEN-101","37168127_GEN-101_2024-1","2024-1","Item Created"
"a0Bbm00000m7B3vEAE","40513724","DAT-201","40513724_DAT-201_2024-1","2024-1","Item Created"
"a0Bbm00000m7B3wEAE","33541682","IA-300","33541682_IA-300_2024-1","2024-1","Item Created"
"a0Bbm00000m7B3xEAE","36489803","UX-100","36489803_UX-100_2024-1","2024-1","Item Created"
"a0Bbm00000m7B3yEAE","43315303","MKT-200","43315303_MKT-200_2024-1","2024-1","Item Created"
"a0Bbm00000m7B3zEAE","44047721","DAT-201","44047721_DAT-201_2024-1","2024-1","Item Created"
"a0Bbm00000m7B40EAE","42024629","DEV-101","42024629_DEV-101_2024-1","2024-1","Item Created"
"a0Bbm00000m7B41EAE","40980648","DAT-201","40980648_DAT-201_2024-1","2024-1","Item Created"
"a0Bbm00000m7B42EAE","32357600","GEN-101","32357600_GEN-101_2024-1","2024-1","Item Created"
"a0Bbm00000m7B43EAE","30985783","DAT-101","30985783_DAT-101_2024-1","2024-1","Item Created"
"a0Bbm00000m7B44EAE","34209869","UX-100","34209869_UX-100_2024-1","2024-1","Item Created"
"a0Bbm00000m7B45EAE","32295114","IA-300","32295114_IA-300_2024-1","2024-1","Item Created"
"a0Bbm00000m7B46EAE","38140531","IA-300","38140531_IA-300_2024-1","2024-1","Item Created"
"a0Bbm00000m7B47EAE","44528233","IA-300","44528233_IA-300_2024-1","2024-1","Item Created"
"a0Bbm00000m7B48EAE","30106929","DAT-201","30106929_DAT-201_2024-1","2024-1","Item Created"
"a0Bbm00000m7B49EAE","37856329","NEG-400","37856329_NEG-400_2024-1","2024-1","Item Created"
"a0Bbm00000m7B4AEAU","31593963","UX-100","31593963_UX-100_2024-1","2024-1","Item Created"
"a0Bbm00000m7B4BEAU","32698751","GEN-101","32698751_GEN-101_2024-1","2024-1","Item Created"
"a0Bbm00000m7B4CEAU","37605752","UX-100","37605752_UX-100_2024-1","2024-1","Item Created"
"a0Bbm00000m7B4DEAU","32440459","GEN-101","32440459_GEN-101_2024-1","2024-1","Item Created"
"a0Bbm00000m7B4EEAU","33352008","DAT-101","33352008_DAT-101_2024-1","2024-1","Item Created"
"a0Bbm00000m7B4FEAU","35625713","GEN-101","35625713_GEN-101_2024-1","2024-1","Item Created"
"a0Bbm00000m7B4GEAU","36490297","DAT-201","36490297_DAT-201_2024-1","2024-1","Item Created"
"a0Bbm00000m7B4HEAU","31356012","MKT-200","31356012_MKT-200_2024-1","2024-1","Item Created"
"a0Bbm00000m7B4IEAU","34446593","NEG-400","34446593_NEG-400_2024-1","2024-1","Item Created"
"a0Bbm00000m7B4JEAU","43864775","DEV-101","43864775_DEV-101_2024-1","2024-1","Item Created"
"a0Bbm00000m7B4KEAU","42219949","UX-100","42219949_UX-100_2024-1","2024-1","Item Created"
"a0Bbm00000m7B4LEAU","31352683","UX-100","31352683_UX-100_2024-1","2024-1","Item Created"
"a0Bbm00000m7B4MEAU","34211417","GEN-101","34211417_GEN-101_2024-1","2024-1","Item Created"
"a0Bbm00000m7B4NEAU","34039776","NEG-400","34039776_NEG-400_2024-1","2024-1","Item Created"
"a0Bbm00000m7B4OEAU","39875233","NEG-400","39875233_NEG-400_2024-1","2024-1","Item Created"
"a0Bbm00000m7B4PEAU","30226372","NEG-400","30226372_NEG-400_2024-1","2024-1","Item Created"
"a0Bbm00000m7B4QEAU","34912303","NEG-400","34912303_NEG-400_2024-1","2024-1","Item Created"
"a0Bbm00000m7B4REAU","43947996","IA-300","43947996_IA-300_2024-1","2024-1","Item Created"
"a0Bbm00000m7B4SEAU","44219639","GEN-101","44219639_GEN-101_2024-1","2024-1","Item Created"
"a0Bbm00000m7B4TEAU","45941376","DAT-101","45941376_DAT-101_2024-1","2024-1","Item Created"
"a0Bbm00000m7B4UEAU","32575818","IA-300","32575818_IA-300_2024-1","2024-1","Item Created"
"a0Bbm00000m7B4VEAU","34998039","IA-300","34998039_IA-300_2024-1","2024-1","Item Created"
"a0Bbm00000m7B4WEAU","31509667","NEG-400","31509667_NEG-400_2024-1","2024-1","Item Created"
"a0Bbm00000m7B4XEAU","38207316","GEN-101","38207316_GEN-101_2024-1","2024-1","Item Created"
"a0Bbm00000m7B4YEAU","42500015","MKT-200","42500015_MKT-200_2024-1","2024-1","Item Created"
"a0Bbm00000m7B4ZEAU","32702619","DAT-101","32702619_DAT-101_2024-1","2024-1","Item Created"
"a0Bbm00000m7B4aEAE","43663971","IA-300","43663971_IA-300_2024-1","2024-1","Item Created"
"a0Bbm00000m7B4bEAE","37012198","DAT-201","37012198_DAT-201_2024-1","2024-1","Item Created"
"a0Bbm00000m7B4cEAE","41021877","UX-100","41021877_UX-100_2024-1","2024-1","Item Created"
"a0Bbm00000m7B4dEAE","36855486","NEG-400","36855486_NEG-400_2024-1","2024-1","Item Created"
"a0Bbm00000m7B4eEAE","38370600","DAT-101","38370600_DAT-101_2024-1","2024-1","Item Created"
"a0Bbm00000m7B4fEAE","31963378","DEV-101","31963378_DEV-101_2024-1","2024-1","Item Created"
"a0Bbm00000m7B4gEAE","38934818","UX-100","38934818_UX-100_2024-1","2024-1","Item Created"
"a0Bbm00000m7B4hEAE","35437650","DEV-101","35437650_DEV-101_2024-1","2024-1","Item Created"
"a0Bbm00000m7B4iEAE","35111521","MKT-200","35111521_MKT-200_2024-1","2024-1","Item Created"
"a0Bbm00000m7B4jEAE","33663590","UX-100","33663590_UX-100_2024-1","2024-1","Item Created"
"a0Bbm00000m7B4kEAE","38519723","MKT-200","38519723_MKT-200_2024-1","2024-1","Item Created"
"a0Bbm00000m7B4lEAE","38393673","IA-300","38393673_IA-300_2024-1","2024-1","Item Created"
"a0Bbm00000m7B4mEAE","44289991","MKT-200","44289991_MKT-200_2024-1","2024-1","Item Created"
"a0Bbm00000m7B4nEAE","34078388","MKT-200","34078388_MKT-200_2024-1","2024-1","Item Created"
"a0Bbm00000m7B4oEAE","41129177","GEN-101","41129177_GEN-101_2024-1","2024-1","Item Created"
"a0Bbm00000m7B4pEAE","30386383","DAT-201","30386383_DAT-201_2024-1","2024-1","Item Created"
"a0Bbm00000m7B4qEAE","43695456","NEG-400","43695456_NEG-400_2024-1","2024-1","Item Created"
"a0Bbm00000m7B4rEAE","30246491","IA-300","30246491_IA-300_2024-1","2024-1","Item Created"
"a0Bbm00000m7B4sEAE","36725023","GEN-101","36725023_GEN-101_2024-1","2024-1","Item Created"
"a0Bbm00000m7B4tEAE","39341417","NEG-400","39341417_NEG-400_2024-1","2024-1","Item Created"
"a0Bbm00000m7B4uEAE","36057182","DAT-201","36057182_DAT-201_2024-1","2024-1","Item Created"
"a0Bbm00000m7B4vEAE","41788868","NEG-400","41788868_NEG-400_2024-1","2024-1","Item Created"
"a0Bbm00000m7B4wEAE","35155914","NEG-400","35155914_NEG-400_2024-1","2024-1","Item Created"
"a0Bbm00000m7B4xEAE","45090532","IA-300","45090532_IA-300_2024-1","2024-1","Item Created"
"a0Bbm00000m7B4yEAE","30246491","DEV-101","30246491_DEV-101_2024-1","2024-1","Item Created"
"a0Bbm00000m7B4zEAE","38642477","MKT-200","38642477_MKT-200_2024-1","2024-1","Item Created"
"a0Bbm00000m7B50EAE","40126484","DAT-101","40126484_DAT-101_2024-1","2024-1","Item Created"
"a0Bbm00000m7B51EAE","37223015","GEN-101","37223015_GEN-101_2024-1","2024-1","Item Created"
"a0Bbm00000m7B52EAE","45246102","DAT-201","45246102_DAT-201_2024-1","2024-1","Item Created"
"a0Bbm00000m7B53EAE","30386383","DAT-101","30386383_DAT-101_2024-1","2024-1","Item Created"
"a0Bbm00000m7B54EAE","35501443","DEV-101","35501443_DEV-101_2024-1","2024-1","Item Created"
"a0Bbm00000m7B55EAE","35188238","MKT-200","35188238_MKT-200_2024-1","2024-1","Item Created"
"a0Bbm00000m7B56EAE","44508081","DAT-201","44508081_DAT-201_2024-1","2024-1","Item Created"
"a0Bbm00000m7B57EAE","33730130","NEG-400","33730130_NEG-400_2024-1","2024-1","Item Created"
"a0Bbm00000m7B58EAE","36236123","DAT-201","36236123_DAT-201_2024-1","2024-1","Item Created"
"a0Bbm00000m7B59EAE","35468094","IA-300","35468094_IA-300_2024-1","2024-1","Item Created"
"a0Bbm00000m7B5AEAU","32150263","DEV-101","32150263_DEV-101_2024-1","2024-1","Item Created"
"a0Bbm00000m7B5BEAU","44419194","DEV-101","44419194_DEV-101_2024-1","2024-1","Item Created"
"a0Bbm00000m7B5CEAU","35325959","UX-100","35325959_UX-100_2024-1","2024-1","Item Created"
"a0Bbm00000m7B5DEAU","39341417","DAT-201","39341417_DAT-201_2024-1","2024-1","Item Created"
"a0Bbm00000m7B5EEAU","41473248","DAT-101","41473248_DAT-101_2024-1","2024-1","Item Created"
"a0Bbm00000m7B5FEAU","43750283","DAT-101","43750283_DAT-101_2024-1","2024-1","Item Created"
"a0Bbm00000m7B5GEAU","37169999","NEG-400","37169999_NEG-400_2024-1","2024-1","Item Created"
"a0Bbm00000m7B5HEAU","32811654","MKT-200","32811654_MKT-200_2024-1","2024-1","Item Created"
"a0Bbm00000m7B5IEAU","32050515","GEN-101","32050515_GEN-101_2024-1","2024-1","Item Created"
"a0Bbm00000m7B5JEAU","45605722","MKT-200","45605722_MKT-200_2024-1","2024-1","Item Created"
"a0Bbm00000m7B5KEAU","38268761","NEG-400","38268761_NEG-400_2024-1","2024-1","Item Created"
"a0Bbm00000m7B5LEAU","41620840","GEN-101","41620840_GEN-101_2024-1","2024-1","Item Created"
"a0Bbm00000m7B5MEAU","38657054","DAT-201","38657054_DAT-201_2024-1","2024-1","Item Created"
"a0Bbm00000m7B5NEAU","41333233","DEV-101","41333233_DEV-101_2024-1","2024-1","Item Created"
"a0Bbm00000m7B5OEAU","33444595","DAT-101","33444595_DAT-101_2024-1","2024-1","Item Created"
"a0Bbm00000m7B5PEAU","45068171","GEN-101","45068171_GEN-101_2024-1","2024-1","Item Created"
"a0Bbm00000m7B5QEAU","38325772","IA-300","38325772_IA-300_2024-1","2024-1","Item Created"
"a0Bbm00000m7B5REAU","32682238","NEG-400","32682238_NEG-400_2024-1","2024-1","Item Created"
"a0Bbm00000m7B5SEAU","37199951","DEV-101","37199951_DEV-101_2024-1","2024-1","Item Created"
"a0Bbm00000m7B5TEAU","34494885","GEN-101","34494885_GEN-101_2024-1","2024-1","Item Created"
"a0Bbm00000m7B5UEAU","37915491","UX-100","37915491_UX-100_2024-1","2024-1","Item Created"
"a0Bbm00000m7B5VEAU","36470833","IA-300","36470833_IA-300_2024-1","2024-1","Item Created"
"a0Bbm00000m7B5WEAU","34081471","DAT-101","34081471_DAT-101_2024-1","2024-1","Item Created"
"a0Bbm00000m7B5XEAU","34636803","GEN-101","34636803_GEN-101_2024-1","2024-1","Item Created"
"a0Bbm00000m7B5YEAU","45182848","GEN-101","45182848_GEN-101_2024-1","2024-1","Item Created"
"a0Bbm00000m7B5ZEAU","30941372","UX-100","30941372_UX-100_2024-1","2024-1","Item Created"
"a0Bbm00000m7B5aEAE","31222266","IA-300","31222266_IA-300_2024-1","2024-1","Item Created"
"a0Bbm00000m7B5bEAE","41171969","DAT-101","41171969_DAT-101_2024-1","2024-1","Item Created"
"a0Bbm00000m7B5cEAE","36016561","IA-300","36016561_IA-300_2024-1","2024-1","Item Created"
"a0Bbm00000m7B5dEAE","45324229","NEG-400","45324229_NEG-400_2024-1","2024-1","Item Created"
"a0Bbm00000m7B5eEAE","42693185","MKT-200","42693185_MKT-200_2024-1","2024-1","Item Created"
"a0Bbm00000m7B5fEAE","44513749","NEG-400","44513749_NEG-400_2024-1","2024-1","Item Created"
"a0Bbm00000m7B5gEAE","39605597","DAT-101","39605597_DAT-101_2024-1","2024-1","Item Created"
"a0Bbm00000m7B5hEAE","45068171","DEV-101","45068171_DEV-101_2024-1","2024-1","Item Created"
"a0Bbm00000m7B5iEAE","33081027","MKT-200","33081027_MKT-200_2024-1","2024-1","Item Created"
"a0Bbm00000m7B5jEAE","41702335","IA-300","41702335_IA-300_2024-1","2024-1","Item Created"
"a0Bbm00000m7B5kEAE","34731502","MKT-200","34731502_MKT-200_2024-1","2024-1","Item Created"
"a0Bbm00000m7B5lEAE","39563230","DAT-201","39563230_DAT-201_2024-1","2024-1","Item Created"
"a0Bbm00000m7B5mEAE","33436656","DAT-201","33436656_DAT-201_2024-1","2024-1","Item Created"
"a0Bbm00000m7B5nEAE","33493292","NEG-400","33493292_NEG-400_2024-1","2024-1","Item Created"
"a0Bbm00000m7B5oEAE","44919962","UX-100","44919962_UX-100_2024-1","2024-1","Item Created"
"a0Bbm00000m7B5pEAE","33115581","MKT-200","33115581_MKT-200_2024-1","2024-1","Item Created"
"a0Bbm00000m7B5qEAE","41702335","DAT-201","41702335_DAT-201_2024-1","2024-1","Item Created"
"a0Bbm00000m7B5rEAE","34657279","DAT-201","34657279_DAT-201_2024-1","2024-1","Item Created"
"a0Bbm00000m7B5sEAE","34077479","DAT-201","34077479_DAT-201_2024-1","2024-1","Item Created"
"a0Bbm00000m7B5tEAE","36890268","MKT-200","36890268_MKT-200_2024-1","2024-1","Item Created"
"a0Bbm00000m7B5uEAE","36725023","DAT-201","36725023_DAT-201_2024-1","2024-1","Item Created"
"a0Bbm00000m7B5vEAE","44594931","MKT-200","44594931_MKT-200_2024-1","2024-1","Item Created"
"a0Bbm00000m7B5wEAE","43736953","NEG-400","43736953_NEG-400_2024-1","2024-1","Item Created"
"a0Bbm00000m7B5xEAE","37573276","DAT-101","37573276_DAT-101_2024-1","2024-1","Item Created"
"a0Bbm00000m7B5yEAE","34635361","NEG-400","34635361_NEG-400_2024-1","2024-1","Item Created"
"a0Bbm00000m7B5zEAE","35620137","DEV-101","35620137_DEV-101_2024-1","2024-1","Item Created"
"a0Bbm00000m7B60EAE","37869329","GEN-101","37869329_GEN-101_2024-1","2024-1","Item Created"
"a0Bbm00000m7B61EAE","45746270","DAT-101","45746270_DAT-101_2024-1","2024-1","Item Created"
"a0Bbm00000m7B62EAE","31205804","DAT-101","31205804_DAT-101_2024-1","2024-1","Item Created"
"a0Bbm00000m7B63EAE","45331374","MKT-200","45331374_MKT-200_2024-1","2024-1","Item Created"
"a0Bbm00000m7B64EAE","42219949","NEG-400","42219949_NEG-400_2024-1","2024-1","Item Created"
"a0Bbm00000m7B65EAE","34365303","GEN-101","34365303_GEN-101_2024-1","2024-1","Item Created"
"a0Bbm00000m7B66EAE","36236123","MKT-200","36236123_MKT-200_2024-1","2024-1","Item Created"
"a0Bbm00000m7B67EAE","34631318","MKT-200","34631318_MKT-200_2024-1","2024-1","Item Created"
"a0Bbm00000m7B68EAE","39734889","UX-100","39734889_UX-100_2024-1","2024-1","Item Created"
"a0Bbm00000m7B69EAE","31935757","UX-100","31935757_UX-100_2024-1","2024-1","Item Created"
"a0Bbm00000m7B6AEAU","30680437","MKT-200","30680437_MKT-200_2024-1","2024-1","Item Created"
"a0Bbm00000m7B6BEAU","43043273","MKT-200","43043273_MKT-200_2024-1","2024-1","Item Created"
"a0Bbm00000m7B6CEAU","31185224","IA-300","31185224_IA-300_2024-1","2024-1","Item Created"
"a0Bbm00000m7B6DEAU","33037423","IA-300","33037423_IA-300_2024-1","2024-1","Item Created"
"a0Bbm00000m7B6EEAU","41694165","DAT-101","41694165_DAT-101_2024-1","2024-1","Item Created"
"a0Bbm00000m7B6FEAU","33673050","NEG-400","33673050_NEG-400_2024-1","2024-1","Item Created"
"a0Bbm00000m7B6GEAU","33386069","DAT-101","33386069_DAT-101_2024-1","2024-1","Item Created"
"a0Bbm00000m7B6HEAU","39579403","DAT-201","39579403_DAT-201_2024-1","2024-1","Item Created"
"a0Bbm00000m7B6IEAU","36251602","IA-300","36251602_IA-300_2024-1","2024-1","Item Created"
"a0Bbm00000m7B6JEAU","40059343","GEN-101","40059343_GEN-101_2024-1","2024-1","Item Created"
"a0Bbm00000m7B6KEAU","30507337","DEV-101","30507337_DEV-101_2024-1","2024-1","Item Created"
"a0Bbm00000m7B6LEAU","45908531","DEV-101","45908531_DEV-101_2024-1","2024-1","Item Created"
"a0Bbm00000m7B6MEAU","45948143","GEN-101","45948143_GEN-101_2024-1","2024-1","Item Created"
"a0Bbm00000m7B6NEAU","32180590","GEN-101","32180590_GEN-101_2024-1","2024-1","Item Created"
"a0Bbm00000m7B6OEAU","33556417","IA-300","33556417_IA-300_2024-1","2024-1","Item Created"
"a0Bbm00000m7B6PEAU","30321355","NEG-400","30321355_NEG-400_2024-1","2024-1","Item Created"
"a0Bbm00000m7B6QEAU","38567788","DAT-101","38567788_DAT-101_2024-1","2024-1","Item Created"
"a0Bbm00000m7B6REAU","33547291","DAT-201","33547291_DAT-201_2024-1","2024-1","Item Created"
"a0Bbm00000m7B6SEAU","45422028","IA-300","45422028_IA-300_2024-1","2024-1","Item Created"
"a0Bbm00000m7B6TEAU","36727365","GEN-101","36727365_GEN-101_2024-1","2024-1","Item Created"
"a0Bbm00000m7B6UEAU","44370456","NEG-400","44370456_NEG-400_2024-1","2024-1","Item Created"
"a0Bbm00000m7B6VEAU","36349870","IA-300","36349870_IA-300_2024-1","2024-1","Item Created"
"a0Bbm00000m7B6WEAU","41252196","MKT-200","41252196_MKT-200_2024-1","2024-1","Item Created"
"a0Bbm00000m7B6XEAU","39269288","UX-100","39269288_UX-100_2024-1","2024-1","Item Created"
"a0Bbm00000m7B6YEAU","41174384","UX-100","41174384_UX-100_2024-1","2024-1","Item Created"
"a0Bbm00000m7B6ZEAU","38720883","GEN-101","38720883_GEN-101_2024-1","2024-1","Item Created"
"a0Bbm00000m7B6aEAE","42826422","IA-300","42826422_IA-300_2024-1","2024-1","Item Created"
"a0Bbm00000m7B6bEAE","43972226","MKT-200","43972226_MKT-200_2024-1","2024-1","Item Created"
"a0Bbm00000m7B6cEAE","44441151","DAT-101","44441151_DAT-101_2024-1","2024-1","Item Created"
"a0Bbm00000m7B6dEAE","43695277","IA-300","43695277_IA-300_2024-1","2024-1","Item Created"
"a0Bbm00000m7B6eEAE","34081471","UX-100","34081471_UX-100_2024-1","2024-1","Item Created"
"a0Bbm00000m7B6fEAE","31379964","IA-300","31379964_IA-300_2024-1","2024-1","Item Created"
"a0Bbm00000m7B6gEAE","36800218","DEV-101","36800218_DEV-101_2024-1","2024-1","Item Created"
"a0Bbm00000m7B6hEAE","37797988","IA-300","37797988_IA-300_2024-1","2024-1","Item Created"
"a0Bbm00000m7B6iEAE","33678309","UX-100","33678309_UX-100_2024-1","2024-1","Item Created"
"a0Bbm00000m7B6jEAE","39224971","NEG-400","39224971_NEG-400_2024-1","2024-1","Item Created"
"a0Bbm00000m7B6kEAE","35376871","MKT-200","35376871_MKT-200_2024-1","2024-1","Item Created"
"a0Bbm00000m7B6lEAE","42905002","MKT-200","42905002_MKT-200_2024-1","2024-1","Item Created"
"a0Bbm00000m7B6mEAE","34839561","IA-300","34839561_IA-300_2024-1","2024-1","Item Created"
"a0Bbm00000m7B6nEAE","32264676","DEV-101","32264676_DEV-101_2024-1","2024-1","Item Created"
"a0Bbm00000m7B6oEAE","40051802","IA-300","40051802_IA-300_2024-1","2024-1","Item Created"
"a0Bbm00000m7B6pEAE","37454570","DAT-201","37454570_DAT-201_2024-1","2024-1","Item Created"
"a0Bbm00000m7B6qEAE","41109574","UX-100","41109574_UX-100_2024-1","2024-1","Item Created"
"a0Bbm00000m7B6rEAE","32272850","UX-100","32272850_UX-100_2024-1","2024-1","Item Created"
"a0Bbm00000m7B6sEAE","30700814","DAT-101","30700814_DAT-101_2024-1","2024-1","Item Created"
"a0Bbm00000m7B6tEAE","38038154","UX-100","38038154_UX-100_2024-1","2024-1","Item Created"
"a0Bbm00000m7B6uEAE","43023911","UX-100","43023911_UX-100_2024-1","2024-1","Item Created"
"a0Bbm00000m7B6vEAE","30252475","GEN-101","30252475_GEN-101_2024-1","2024-1","Item Created"
"a0Bbm00000m7B6wEAE","35524090","DAT-201","35524090_DAT-201_2024-1","2024-1","Item Created"
"a0Bbm00000m7B6xEAE","32134822","NEG-400","32134822_NEG-400_2024-1","2024-1","Item Created"
"a0Bbm00000m7B6yEAE","32800317","GEN-101","32800317_GEN-101_2024-1","2024-1","Item Created"
"a0Bbm00000m7B6zEAE","37915491","IA-300","37915491_IA-300_2024-1","2024-1","Item Created"
"a0Bbm00000m7B70EAE","40220174","DEV-101","40220174_DEV-101_2024-1","2024-1","Item Created"
"a0Bbm00000m7B71EAE","43496917","IA-300","43496917_IA-300_2024-1","2024-1","Item Created"
"a0Bbm00000m7B72EAE","33025091","DAT-201","33025091_DAT-201_2024-1","2024-1","Item Created"
"a0Bbm00000m7B73EAE","35569822","MKT-200","35569822_MKT-200_2024-1","2024-1","Item Created"
"a0Bbm00000m7B74EAE","39605597","UX-100","39605597_UX-100_2024-1","2024-1","Item Created"
"a0Bbm00000m7B75EAE","31621161","DEV-101","31621161_DEV-101_2024-1","2024-1","Item Created"
"a0Bbm00000m7B76EAE","42011137","DAT-201","42011137_DAT-201_2024-1","2024-1","Item Created"
"a0Bbm00000m7B77EAE","39679193","MKT-200","39679193_MKT-200_2024-1","2024-1","Item Created"
"a0Bbm00000m7B78EAE","33109769","IA-300","33109769_IA-300_2024-1","2024-1","Item Created"
"a0Bbm00000m7B79EAE","31187731","IA-300","31187731_IA-300_2024-1","2024-1","Item Created"
"a0Bbm00000m7B7AEAU","35325959","IA-300","35325959_IA-300_2024-1","2024-1","Item Created"
"a0Bbm00000m7B7BEAU","30300658","DAT-201","30300658_DAT-201_2024-1","2024-1","Item Created"
"a0Bbm00000m7B7CEAU","39386861","DEV-101","39386861_DEV-101_2024-1","2024-1","Item Created"
"a0Bbm00000m7B7DEAU","33753511","IA-300","33753511_IA-300_2024-1","2024-1","Item Created"
"a0Bbm00000m7B7EEAU","36016561","DEV-101","36016561_DEV-101_2024-1","2024-1","Item Created"
"a0Bbm00000m7B7FEAU","40863182","DEV-101","40863182_DEV-101_2024-1","2024-1","Item Created"
"a0Bbm00000m7B7GEAU","44661890","MKT-200","44661890_MKT-200_2024-1","2024-1","Item Created"
"a0Bbm00000m7B7HEAU","37706458","DAT-201","37706458_DAT-201_2024-1","2024-1","Item Created"
"a0Bbm00000m7B7IEAU","34011987","MKT-200","34011987_MKT-200_2024-1","2024-1","Item Created"
"a0Bbm00000m7B7JEAU","45507315","UX-100","45507315_UX-100_2024-1","2024-1","Item Created"
"a0Bbm00000m7B7KEAU","44427813","DAT-101","44427813_DAT-101_2024-1","2024-1","Item Created"
"a0Bbm00000m7B7LEAU","39921380","DAT-201","39921380_DAT-201_2024-1","2024-1","Item Created"
"a0Bbm00000m7B7MEAU","42863827","GEN-101","42863827_GEN-101_2024-1","2024-1","Item Created"
"a0Bbm00000m7B7NEAU","44142004","GEN-101","44142004_GEN-101_2024-1","2024-1","Item Created"
"a0Bbm00000m7B7OEAU","36462635","MKT-200","36462635_MKT-200_2024-1","2024-1","Item Created"
"a0Bbm00000m7B7PEAU","38789605","DAT-201","38789605_DAT-201_2024-1","2024-1","Item Created"
"a0Bbm00000m7B7QEAU","42221418","DEV-101","42221418_DEV-101_2024-1","2024-1","Item Created"
"a0Bbm00000m7B7REAU","33225144","DAT-201","33225144_DAT-201_2024-1","2024-1","Item Created"
"a0Bbm00000m7B7SEAU","32902968","DAT-201","32902968_DAT-201_2024-1","2024-1","Item Created"
"a0Bbm00000m7B7TEAU","31065119","NEG-400","31065119_NEG-400_2024-1","2024-1","Item Created"
"a0Bbm00000m7B7UEAU","41182374","NEG-400","41182374_NEG-400_2024-1","2024-1","Item Created"
"a0Bbm00000m7B7VEAU","42763799","IA-300","42763799_IA-300_2024-1","2024-1","Item Created"
"a0Bbm00000m7B7WEAU","43948943","MKT-200","43948943_MKT-200_2024-1","2024-1","Item Created"
"a0Bbm00000m7B7XEAU","42168576","DEV-101","42168576_DEV-101_2024-1","2024-1","Item Created"
"a0Bbm00000m7B7YEAU","36629400","GEN-101","36629400_GEN-101_2024-1","2024-1","Item Created"
"a0Bbm00000m7B7ZEAU","31356012","DAT-101","31356012_DAT-101_2024-1","2024-1","Item Created"
"a0Bbm00000m7B7aEAE","32487000","MKT-200","32487000_MKT-200_2024-1","2024-1","Item Created"
"a0Bbm00000m7B7bEAE","35316729","UX-100","35316729_UX-100_2024-1","2024-1","Item Created"
"a0Bbm00000m7B7cEAE","43625205","DEV-101","43625205_DEV-101_2024-1","2024-1","Item Created"
"a0Bbm00000m7B7dEAE","37179608","MKT-200","37179608_MKT-200_2024-1","2024-1","Item Created"
"a0Bbm00000m7B7eEAE","42954368","MKT-200","42954368_MKT-200_2024-1","2024-1","Item Created"
"a0Bbm00000m7B7fEAE","40776019","DEV-101","40776019_DEV-101_2024-2","2024-2","Item Created"
"a0Bbm00000m7B7gEAE","36083652","UX-100","36083652_UX-100_2024-2","2024-2","Item Created"
"a0Bbm00000m7B7hEAE","37665322","DAT-101","37665322_DAT-101_2024-2","2024-2","Item Created"
"a0Bbm00000m7B7iEAE","31593963","UX-100","31593963_UX-100_2024-2","2024-2","Item Created"
"a0Bbm00000m7B7jEAE","34715773","DAT-201","34715773_DAT-201_2024-2","2024-2","Item Created"
"a0Bbm00000m7B7kEAE","34033433","IA-300","34033433_IA-300_2024-2","2024-2","Item Created"
"a0Bbm00000m7B7lEAE","32474711","MKT-200","32474711_MKT-200_2024-2","2024-2","Item Created"
"a0Bbm00000m7B7mEAE","34457031","IA-300","34457031_IA-300_2024-2","2024-2","Item Created"
"a0Bbm00000m7B7nEAE","40513724","DEV-101","40513724_DEV-101_2024-2","2024-2","Item Created"
"a0Bbm00000m7B7oEAE","36953747","IA-300","36953747_IA-300_2024-2","2024-2","Item Created"
"a0Bbm00000m7B7pEAE","34166651","NEG-400","34166651_NEG-400_2024-2","2024-2","Item Created"
"a0Bbm00000m7B7qEAE","36629400","MKT-200","36629400_MKT-200_2024-2","2024-2","Item Created"
"a0Bbm00000m7B7rEAE","37123255","NEG-400","37123255_NEG-400_2024-2","2024-2","Item Created"
"a0Bbm00000m7B7sEAE","36158336","NEG-400","36158336_NEG-400_2024-2","2024-2","Item Created"
"a0Bbm00000m7B7tEAE","42928321","DEV-101","42928321_DEV-101_2024-2","2024-2","Item Created"
"a0Bbm00000m7B7uEAE","34761805","NEG-400","34761805_NEG-400_2024-2","2024-2","Item Created"
"a0Bbm00000m7B7vEAE","38290265","IA-300","38290265_IA-300_2024-2","2024-2","Item Created"
"a0Bbm00000m7B7wEAE","44831598","UX-100","44831598_UX-100_2024-2","2024-2","Item Created"
"a0Bbm00000m78N1EAI","44726844","NEG-400","44726844_NEG-400_2024-2","2024-2","Item Created"
"a0Bbm00000m78N2EAI","30642032","NEG-400","30642032_NEG-400_2024-2","2024-2","Item Created"
"a0Bbm00000m78N3EAI","34554870","GEN-101","34554870_GEN-101_2024-2","2024-2","Item Created"
"a0Bbm00000m78N4EAI","39724445","IA-300","39724445_IA-300_2024-2","2024-2","Item Created"
"a0Bbm00000m78N5EAI","44084939","IA-300","44084939_IA-300_2024-2","2024-2","Item Created"
"a0Bbm00000m78N6EAI","39839138","DAT-201","39839138_DAT-201_2024-2","2024-2","Item Created"
"a0Bbm00000m78N7EAI","43956427","MKT-200","43956427_MKT-200_2024-2","2024-2","Item Created"
"a0Bbm00000m78N8EAI","37550168","IA-300","37550168_IA-300_2024-2","2024-2","Item Created"
"a0Bbm00000m78N9EAI","34529542","UX-100","34529542_UX-100_2024-2","2024-2","Item Created"
"a0Bbm00000m78NAEAY","40214433","DAT-101","40214433_DAT-101_2024-2","2024-2","Item Created"
"a0Bbm00000m78NBEAY","41503023","DAT-101","41503023_DAT-101_2024-2","2024-2","Item Created"
"a0Bbm00000m78NCEAY","32247069","GEN-101","32247069_GEN-101_2024-2","2024-2","Item Created"
"a0Bbm00000m78NDEAY","36501353","MKT-200","36501353_MKT-200_2024-2","2024-2","Item Created"
"a0Bbm00000m78NEEAY","37329041","UX-100","37329041_UX-100_2024-2","2024-2","Item Created"
"a0Bbm00000m78NFEAY","30261560","NEG-400","30261560_NEG-400_2024-2","2024-2","Item Created"
"a0Bbm00000m78NGEAY","37678418","IA-300","37678418_IA-300_2024-2","2024-2","Item Created"
"a0Bbm00000m78NHEAY","36821499","DAT-201","36821499_DAT-201_2024-2","2024-2","Item Created"
"a0Bbm00000m78NIEAY","40860494","UX-100","40860494_UX-100_2024-2","2024-2","Item Created"
"a0Bbm00000m78NJEAY","45140374","UX-100","45140374_UX-100_2024-2","2024-2","Item Created"
"a0Bbm00000m78NKEAY","37706458","GEN-101","37706458_GEN-101_2024-2","2024-2","Item Created"
"a0Bbm00000m78NLEAY","44263113","IA-300","44263113_IA-300_2024-2","2024-2","Item Created"
"a0Bbm00000m78NMEAY","40237965","UX-100","40237965_UX-100_2024-2","2024-2","Item Created"
"a0Bbm00000m78NNEAY","31896700","UX-100","31896700_UX-100_2024-2","2024-2","Item Created"
"a0Bbm00000m78NOEAY","36985322","IA-300","36985322_IA-300_2024-2","2024-2","Item Created"
"a0Bbm00000m78NPEAY","44047485","DAT-101","44047485_DAT-101_2024-2","2024-2","Item Created"
"a0Bbm00000m78NQEAY","43394175","DAT-101","43394175_DAT-101_2024-2","2024-2","Item Created"
"a0Bbm00000m78NREAY","36456678","NEG-400","36456678_NEG-400_2024-2","2024-2","Item Created"
"a0Bbm00000m78NSEAY","32712408","DAT-101","32712408_DAT-101_2024-2","2024-2","Item Created"
"a0Bbm00000m78NTEAY","40913314","GEN-101","40913314_GEN-101_2024-2","2024-2","Item Created"
"a0Bbm00000m78NUEAY","39479461","GEN-101","39479461_GEN-101_2024-2","2024-2","Item Created"
"a0Bbm00000m78NVEAY","36629400","GEN-101","36629400_GEN-101_2024-2","2024-2","Item Created"
"a0Bbm00000m78NWEAY","39875233","IA-300","39875233_IA-300_2024-2","2024-2","Item Created"
"a0Bbm00000m78NXEAY","40105729","DAT-101","40105729_DAT-101_2024-2","2024-2","Item Created"
"a0Bbm00000m78NYEAY","39129106","NEG-400","39129106_NEG-400_2024-2","2024-2","Item Created"
"a0Bbm00000m78NZEAY","39263332","UX-100","39263332_UX-100_2024-2","2024-2","Item Created"
"a0Bbm00000m78NaEAI","39632675","DEV-101","39632675_DEV-101_2024-2","2024-2","Item Created"
"a0Bbm00000m78NbEAI","32357600","DEV-101","32357600_DEV-101_2024-2","2024-2","Item Created"
"a0Bbm00000m78NcEAI","42849061","DAT-101","42849061_DAT-101_2024-2","2024-2","Item Created"
"a0Bbm00000m78NdEAI","42760731","NEG-400","42760731_NEG-400_2024-2","2024-2","Item Created"
"a0Bbm00000m78NeEAI","39099433","NEG-400","39099433_NEG-400_2024-2","2024-2","Item Created"
"a0Bbm00000m78NfEAI","38072230","MKT-200","38072230_MKT-200_2024-2","2024-2","Item Created"
"a0Bbm00000m78NgEAI","35213115","DAT-101","35213115_DAT-101_2024-2","2024-2","Item Created"
"a0Bbm00000m78NhEAI","44555423","MKT-200","44555423_MKT-200_2024-2","2024-2","Item Created"
"a0Bbm00000m78NiEAI","31271467","IA-300","31271467_IA-300_2024-2","2024-2","Item Created"
"a0Bbm00000m78NjEAI","33838303","MKT-200","33838303_MKT-200_2024-2","2024-2","Item Created"
"a0Bbm00000m78NkEAI","33857648","DAT-101","33857648_DAT-101_2024-2","2024-2","Item Created"
"a0Bbm00000m78NlEAI","41813295","DAT-201","41813295_DAT-201_2024-2","2024-2","Item Created"
"a0Bbm00000m78NmEAI","38941014","MKT-200","38941014_MKT-200_2024-2","2024-2","Item Created"
"a0Bbm00000m78NnEAI","30815585","IA-300","30815585_IA-300_2024-2","2024-2","Item Created"
"a0Bbm00000m78NoEAI","37642410","DEV-101","37642410_DEV-101_2024-2","2024-2","Item Created"
"a0Bbm00000m78NpEAI","37222211","UX-100","37222211_UX-100_2024-2","2024-2","Item Created"
"a0Bbm00000m78NqEAI","42799422","MKT-200","42799422_MKT-200_2024-2","2024-2","Item Created"
"a0Bbm00000m78NrEAI","38480744","DAT-201","38480744_DAT-201_2024-2","2024-2","Item Created"
"a0Bbm00000m78NsEAI","35420584","DAT-201","35420584_DAT-201_2024-2","2024-2","Item Created"
"a0Bbm00000m78NtEAI","35625713","GEN-101","35625713_GEN-101_2024-2","2024-2","Item Created"
"a0Bbm00000m78NuEAI","36985322","MKT-200","36985322_MKT-200_2024-2","2024-2","Item Created"
"a0Bbm00000m78NvEAI","36322281","IA-300","36322281_IA-300_2024-2","2024-2","Item Created"
"a0Bbm00000m78NwEAI","32272850","DAT-101","32272850_DAT-101_2024-2","2024-2","Item Created"
"a0Bbm00000m78NxEAI","44047721","UX-100","44047721_UX-100_2024-2","2024-2","Item Created"
"a0Bbm00000m78NyEAI","43554211","GEN-101","43554211_GEN-101_2024-2","2024-2","Item Created"
"a0Bbm00000m78NzEAI","44370456","UX-100","44370456_UX-100_2024-2","2024-2","Item Created"
"a0Bbm00000m78O0EAI","42630421","DAT-101","42630421_DAT-101_2024-2","2024-2","Item Created"
"a0Bbm00000m78O1EAI","39371126","DEV-101","39371126_DEV-101_2024-2","2024-2","Item Created"
"a0Bbm00000m78O2EAI","35111521","DAT-101","35111521_DAT-101_2024-2","2024-2","Item Created"
"a0Bbm00000m78O3EAI","39881121","UX-100","39881121_UX-100_2024-2","2024-2","Item Created"
"a0Bbm00000m78O4EAI","31165911","NEG-400","31165911_NEG-400_2024-2","2024-2","Item Created"
"a0Bbm00000m78O5EAI","43010564","NEG-400","43010564_NEG-400_2024-2","2024-2","Item Created"
"a0Bbm00000m78O6EAI","44508081","DEV-101","44508081_DEV-101_2024-2","2024-2","Item Created"
"a0Bbm00000m78O7EAI","42679506","GEN-101","42679506_GEN-101_2024-2","2024-2","Item Created"
"a0Bbm00000m78O8EAI","37284939","GEN-101","37284939_GEN-101_2024-2","2024-2","Item Created"
"a0Bbm00000m78O9EAI","41788868","MKT-200","41788868_MKT-200_2024-2","2024-2","Item Created"
"a0Bbm00000m78OAEAY","36128228","DAT-101","36128228_DAT-101_2024-2","2024-2","Item Created"
"a0Bbm00000m78OBEAY","44059778","DAT-101","44059778_DAT-101_2024-2","2024-2","Item Created"
"a0Bbm00000m78OCEAY","30445520","DAT-201","30445520_DAT-201_2024-2","2024-2","Item Created"
"a0Bbm00000m78ODEAY","40348880","UX-100","40348880_UX-100_2024-2","2024-2","Item Created"
"a0Bbm00000m78OEEAY","44886400","NEG-400","44886400_NEG-400_2024-2","2024-2","Item Created"
"a0Bbm00000m78OFEAY","37239130","NEG-400","37239130_NEG-400_2024-2","2024-2","Item Created"
"a0Bbm00000m78OGEAY","45507315","UX-100","45507315_UX-100_2024-2","2024-2","Item Created"
"a0Bbm00000m78OHEAY","34161904","DAT-101","34161904_DAT-101_2024-2","2024-2","Item Created"
"a0Bbm00000m78OIEAY","31636346","DEV-101","31636346_DEV-101_2024-2","2024-2","Item Created"
"a0Bbm00000m78OJEAY","45561312","DAT-201","45561312_DAT-201_2024-2","2024-2","Item Created"
"a0Bbm00000m78OKEAY","36050675","GEN-101","36050675_GEN-101_2024-2","2024-2","Item Created"
"a0Bbm00000m78OLEAY","44094966","DAT-201","44094966_DAT-201_2024-2","2024-2","Item Created"
"a0Bbm00000m78OMEAY","36470833","DAT-101","36470833_DAT-101_2024-2","2024-2","Item Created"
"a0Bbm00000m78ONEAY","36470833","MKT-200","36470833_MKT-200_2024-2","2024-2","Item Created"
"a0Bbm00000m78OOEAY","42740444","GEN-101","42740444_GEN-101_2024-2","2024-2","Item Created"
"a0Bbm00000m78OPEAY","38221990","DAT-201","38221990_DAT-201_2024-2","2024-2","Item Created"
"a0Bbm00000m78OQEAY","30246491","DAT-101","30246491_DAT-101_2024-2","2024-2","Item Created"
"a0Bbm00000m78OREAY","37915491","IA-300","37915491_IA-300_2024-2","2024-2","Item Created"
"a0Bbm00000m78OSEAY","36163868","DAT-101","36163868_DAT-101_2024-2","2024-2","Item Created"
"a0Bbm00000m78OTEAY","44753132","UX-100","44753132_UX-100_2024-2","2024-2","Item Created"
"a0Bbm00000m78OUEAY","35895932","DAT-201","35895932_DAT-201_2024-2","2024-2","Item Created"
"a0Bbm00000m78OVEAY","36461761","NEG-400","36461761_NEG-400_2024-2","2024-2","Item Created"
"a0Bbm00000m78OWEAY","34161904","GEN-101","34161904_GEN-101_2024-2","2024-2","Item Created"
"a0Bbm00000m78OXEAY","34666804","GEN-101","34666804_GEN-101_2024-2","2024-2","Item Created"
"a0Bbm00000m78OYEAY","30642032","DEV-101","30642032_DEV-101_2024-2","2024-2","Item Created"
"a0Bbm00000m78OZEAY","36514666","GEN-101","36514666_GEN-101_2024-2","2024-2","Item Created"
"a0Bbm00000m78OaEAI","43991901","DEV-101","43991901_DEV-101_2024-2","2024-2","Item Created"
"a0Bbm00000m7B7xEAE","36948669","IA-300","36948669_IA-300_2024-2","2024-2","Item Created"
"a0Bbm00000m7B7yEAE","41402719","UX-100","41402719_UX-100_2024-2","2024-2","Item Created"
"a0Bbm00000m7B7zEAE","33033916","GEN-101","33033916_GEN-101_2024-2","2024-2","Item Created"
"a0Bbm00000m7B80EAE","43736953","MKT-200","43736953_MKT-200_2024-2","2024-2","Item Created"
"a0Bbm00000m7B81EAE","37337493","UX-100","37337493_UX-100_2024-2","2024-2","Item Created"
"a0Bbm00000m7B82EAE","43771658","GEN-101","43771658_GEN-101_2024-2","2024-2","Item Created"
"a0Bbm00000m7B83EAE","45931150","DEV-101","45931150_DEV-101_2024-2","2024-2","Item Created"
"a0Bbm00000m7B84EAE","38749521","UX-100","38749521_UX-100_2024-2","2024-2","Item Created"
"a0Bbm00000m7B85EAE","44778294","GEN-101","44778294_GEN-101_2024-2","2024-2","Item Created"
"a0Bbm00000m7B86EAE","35648819","IA-300","35648819_IA-300_2024-2","2024-2","Item Created"
"a0Bbm00000m7B87EAE","41119537","DAT-201","41119537_DAT-201_2024-2","2024-2","Item Created"
"a0Bbm00000m7B88EAE","36935055","UX-100","36935055_UX-100_2024-2","2024-2","Item Created"
"a0Bbm00000m7B89EAE","39718327","DAT-201","39718327_DAT-201_2024-2","2024-2","Item Created"
"a0Bbm00000m7B8AEAU","34998039","DAT-101","34998039_DAT-101_2024-2","2024-2","Item Created"
"a0Bbm00000m7B8BEAU","30058812","DEV-101","30058812_DEV-101_2024-2","2024-2","Item Created"
"a0Bbm00000m7B8CEAU","33567445","GEN-101","33567445_GEN-101_2024-2","2024-2","Item Created"
"a0Bbm00000m7B8DEAU","39632675","DAT-101","39632675_DAT-101_2024-2","2024-2","Item Created"
"a0Bbm00000m7B8EEAU","43695277","GEN-101","43695277_GEN-101_2024-2","2024-2","Item Created"
"a0Bbm00000m7B8FEAU","39001607","GEN-101","39001607_GEN-101_2024-2","2024-2","Item Created"
"a0Bbm00000m7B8GEAU","37242370","DAT-201","37242370_DAT-201_2024-2","2024-2","Item Created"
"a0Bbm00000m7B8HEAU","41291663","DAT-201","41291663_DAT-201_2024-2","2024-2","Item Created"
"a0Bbm00000m7B8IEAU","32540190","UX-100","32540190_UX-100_2024-2","2024-2","Item Created"
"a0Bbm00000m7B8JEAU","30279612","DAT-101","30279612_DAT-101_2024-2","2024-2","Item Created"
"a0Bbm00000m7B8KEAU","41330737","UX-100","41330737_UX-100_2024-2","2024-2","Item Created"
"a0Bbm00000m7B8LEAU","36031653","DAT-201","36031653_DAT-201_2024-2","2024-2","Item Created"
"a0Bbm00000m7B8MEAU","32449620","UX-100","32449620_UX-100_2024-2","2024-2","Item Created"
"a0Bbm00000m7B8NEAU","30506093","GEN-101","30506093_GEN-101_2024-2","2024-2","Item Created"
"a0Bbm00000m7B8OEAU","43010564","GEN-101","43010564_GEN-101_2024-2","2024-2","Item Created"
"a0Bbm00000m7B8PEAU","38353339","GEN-101","38353339_GEN-101_2024-2","2024-2","Item Created"
"a0Bbm00000m7B8QEAU","43773004","DAT-101","43773004_DAT-101_2024-2","2024-2","Item Created"
"a0Bbm00000m7B8REAU","41788868","IA-300","41788868_IA-300_2024-2","2024-2","Item Created"
"a0Bbm00000m7B8SEAU","39881121","IA-300","39881121_IA-300_2024-2","2024-2","Item Created"
"a0Bbm00000m7B8TEAU","41866022","DEV-101","41866022_DEV-101_2024-2","2024-2","Item Created"
"a0Bbm00000m7B8UEAU","36892131","DAT-101","36892131_DAT-101_2024-2","2024-2","Item Created"
"a0Bbm00000m7B8VEAU","33493292","DEV-101","33493292_DEV-101_2024-2","2024-2","Item Created"
"a0Bbm00000m7B8WEAU","36907787","DEV-101","36907787_DEV-101_2024-2","2024-2","Item Created"
"a0Bbm00000m7B8XEAU","32686293","GEN-101","32686293_GEN-101_2024-2","2024-2","Item Created"
"a0Bbm00000m7B8YEAU","33076159","IA-300","33076159_IA-300_2024-2","2024-2","Item Created"
"a0Bbm00000m7B8ZEAU","41112892","IA-300","41112892_IA-300_2024-2","2024-2","Item Created"
"a0Bbm00000m7B8aEAE","43105183","DEV-101","43105183_DEV-101_2024-2","2024-2","Item Created"
"a0Bbm00000m7B8bEAE","40775474","UX-100","40775474_UX-100_2024-2","2024-2","Item Created"
"a0Bbm00000m7B8cEAE","37123255","MKT-200","37123255_MKT-200_2024-2","2024-2","Item Created"
"a0Bbm00000m7B8dEAE","41017872","IA-300","41017872_IA-300_2024-2","2024-2","Item Created"
"a0Bbm00000m7B8eEAE","34554550","IA-300","34554550_IA-300_2024-2","2024-2","Item Created"
"a0Bbm00000m7B8fEAE","35915600","NEG-400","35915600_NEG-400_2024-2","2024-2","Item Created"
"a0Bbm00000m7B8gEAE","35325959","DEV-101","35325959_DEV-101_2024-2","2024-2","Item Created"
"a0Bbm00000m7B8hEAE","30926558","DEV-101","30926558_DEV-101_2024-2","2024-2","Item Created"
"a0Bbm00000m7B8iEAE","42179672","UX-100","42179672_UX-100_2024-2","2024-2","Item Created"
"a0Bbm00000m7B8jEAE","45419935","DAT-101","45419935_DAT-101_2024-2","2024-2","Item Created"
"a0Bbm00000m7B8kEAE","45948143","MKT-200","45948143_MKT-200_2024-2","2024-2","Item Created"
"a0Bbm00000m7B8lEAE","34146531","IA-300","34146531_IA-300_2024-2","2024-2","Item Created"
"a0Bbm00000m7B8mEAE","30197508","UX-100","30197508_UX-100_2024-2","2024-2","Item Created"
"a0Bbm00000m7B8nEAE","38917148","DAT-201","38917148_DAT-201_2024-2","2024-2","Item Created"
"a0Bbm00000m7B8oEAE","36651921","IA-300","36651921_IA-300_2024-2","2024-2","Item Created"
"a0Bbm00000m7B8pEAE","43710760","NEG-400","43710760_NEG-400_2024-2","2024-2","Item Created"
"a0Bbm00000m7B8qEAE","41437572","UX-100","41437572_UX-100_2024-2","2024-2","Item Created"
"a0Bbm00000m7B8rEAE","31731791","IA-300","31731791_IA-300_2024-2","2024-2","Item Created"
"a0Bbm00000m7B8sEAE","41943395","DEV-101","41943395_DEV-101_2024-2","2024-2","Item Created"
"a0Bbm00000m7B8tEAE","31388447","IA-300","31388447_IA-300_2024-2","2024-2","Item Created"
"a0Bbm00000m7B8uEAE","30058812","DAT-201","30058812_DAT-201_2024-2","2024-2","Item Created"
"a0Bbm00000m7B8vEAE","30367578","UX-100","30367578_UX-100_2024-2","2024-2","Item Created"
"a0Bbm00000m7B8wEAE","43888324","DAT-101","43888324_DAT-101_2024-2","2024-2","Item Created"
"a0Bbm00000m7B8xEAE","37442207","DEV-101","37442207_DEV-101_2024-2","2024-2","Item Created"
"a0Bbm00000m7B8yEAE","34485777","GEN-101","34485777_GEN-101_2024-2","2024-2","Item Created"
"a0Bbm00000m7B8zEAE","43864775","NEG-400","43864775_NEG-400_2024-2","2024-2","Item Created"
"a0Bbm00000m7B90EAE","43198246","DAT-101","43198246_DAT-101_2024-2","2024-2","Item Created"
"a0Bbm00000m7B91EAE","41575887","GEN-101","41575887_GEN-101_2024-2","2024-2","Item Created"
"a0Bbm00000m7B92EAE","32902968","MKT-200","32902968_MKT-200_2024-2","2024-2","Item Created"
"a0Bbm00000m7B93EAE","40746517","GEN-101","40746517_GEN-101_2024-2","2024-2","Item Created"
"a0Bbm00000m7B94EAE","44927685","DAT-201","44927685_DAT-201_2024-2","2024-2","Item Created"
"a0Bbm00000m7B95EAE","43496917","UX-100","43496917_UX-100_2024-2","2024-2","Item Created"
"a0Bbm00000m7B96EAE","43625205","DAT-101","43625205_DAT-101_2024-2","2024-2","Item Created"
"a0Bbm00000m7B97EAE","35501443","DAT-101","35501443_DAT-101_2024-2","2024-2","Item Created"
"a0Bbm00000m7B98EAE","32151606","DAT-201","32151606_DAT-201_2024-2","2024-2","Item Created"
"a0Bbm00000m7B99EAE","37949128","DAT-101","37949128_DAT-101_2024-2","2024-2","Item Created"
"a0Bbm00000m7B9AEAU","30616294","DAT-201","30616294_DAT-201_2024-2","2024-2","Item Created"
"a0Bbm00000m7B9BEAU","33619676","DEV-101","33619676_DEV-101_2024-2","2024-2","Item Created"
"a0Bbm00000m7B9CEAU","34635361","DAT-101","34635361_DAT-101_2024-2","2024-2","Item Created"
"a0Bbm00000m7B9DEAU","34801591","GEN-101","34801591_GEN-101_2024-2","2024-2","Item Created"
"a0Bbm00000m7B9EEAU","44142004","GEN-101","44142004_GEN-101_2024-2","2024-2","Item Created"
"a0Bbm00000m7B9FEAU","44358674","DAT-201","44358674_DAT-201_2024-2","2024-2","Item Created"
"a0Bbm00000m7B9GEAU","39110609","DEV-101","39110609_DEV-101_2024-2","2024-2","Item Created"
"a0Bbm00000m7B9HEAU","36839899","IA-300","36839899_IA-300_2024-2","2024-2","Item Created"
"a0Bbm00000m7B9IEAU","31800702","NEG-400","31800702_NEG-400_2024-2","2024-2","Item Created"
"a0Bbm00000m7B9JEAU","34636803","IA-300","34636803_IA-300_2024-2","2024-2","Item Created"
"a0Bbm00000m7B9KEAU","39041016","IA-300","39041016_IA-300_2024-2","2024-2","Item Created"
"a0Bbm00000m7B9LEAU","34365303","DAT-201","34365303_DAT-201_2024-2","2024-2","Item Created"
"a0Bbm00000m7B9MEAU","33722791","DEV-101","33722791_DEV-101_2024-2","2024-2","Item Created"
"a0Bbm00000m7B9NEAU","31835198","DAT-101","31835198_DAT-101_2024-2","2024-2","Item Created"
"a0Bbm00000m7B9OEAU","44370456","MKT-200","44370456_MKT-200_2024-2","2024-2","Item Created"
"a0Bbm00000m7B9PEAU","36907787","GEN-101","36907787_GEN-101_2024-2","2024-2","Item Created"
"a0Bbm00000m7B9QEAU","42473169","IA-300","42473169_IA-300_2024-2","2024-2","Item Created"
"a0Bbm00000m7B9REAU","37332897","MKT-200","37332897_MKT-200_2024-2","2024-2","Item Created"
"a0Bbm00000m7B9SEAU","45341305","UX-100","45341305_UX-100_2024-2","2024-2","Item Created"
"a0Bbm00000m7B9TEAU","40775474","IA-300","40775474_IA-300_2024-2","2024-2","Item Created"
"a0Bbm00000m7B9UEAU","36380821","DAT-201","36380821_DAT-201_2024-2","2024-2","Item Created"
"a0Bbm00000m7B9VEAU","43978117","GEN-101","43978117_GEN-101_2024-2","2024-2","Item Created"
"a0Bbm00000m7B9WEAU","42863827","MKT-200","42863827_MKT-200_2024-2","2024-2","Item Created"
"a0Bbm00000m7B9XEAU","43043273","UX-100","43043273_UX-100_2024-2","2024-2","Item Created"
"a0Bbm00000m7B9YEAU","39540425","DAT-201","39540425_DAT-201_2024-2","2024-2","Item Created"
"a0Bbm00000m7B9ZEAU","33025091","IA-300","33025091_IA-300_2024-2","2024-2","Item Created"
"a0Bbm00000m7B9aEAE","36380821","NEG-400","36380821_NEG-400_2024-2","2024-2","Item Created"
"a0Bbm00000m7BBBEA2","35589315","DAT-201","35589315_DAT-201_2024-2","2024-2","Item Created"
"a0Bbm00000m7BBCEA2","38156702","IA-300","38156702_IA-300_2024-2","2024-2","Item Created"
"a0Bbm00000m7BBDEA2","31763113","GEN-101","31763113_GEN-101_2024-2","2024-2","Item Created"
"a0Bbm00000m7BBEEA2","36251602","UX-100","36251602_UX-100_2024-2","2024-2","Item Created"
"a0Bbm00000m7BBFEA2","35188238","NEG-400","35188238_NEG-400_2024-2","2024-2","Item Created"
"a0Bbm00000m7BBGEA2","32443281","DAT-101","32443281_DAT-101_2024-2","2024-2","Item Created"
"a0Bbm00000m7BBHEA2","41726756","UX-100","41726756_UX-100_2024-2","2024-2","Item Created"
"a0Bbm00000m7BBIEA2","36279807","DAT-101","36279807_DAT-101_2024-2","2024-2","Item Created"
"a0Bbm00000m7BBJEA2","43043273","DAT-101","43043273_DAT-101_2024-2","2024-2","Item Created"
"a0Bbm00000m7BBKEA2","42208457","MKT-200","42208457_MKT-200_2024-2","2024-2","Item Created"
"a0Bbm00000m7BBLEA2","34844319","UX-100","34844319_UX-100_2024-2","2024-2","Item Created"
"a0Bbm00000m7BBMEA2","32682238","NEG-400","32682238_NEG-400_2024-2","2024-2","Item Created"
"a0Bbm00000m7BBNEA2","41177146","DAT-201","41177146_DAT-201_2024-2","2024-2","Item Created"
"a0Bbm00000m7BBOEA2","39777873","IA-300","39777873_IA-300_2024-2","2024-2","Item Created"
"a0Bbm00000m7BBPEA2","45426946","DEV-101","45426946_DEV-101_2024-2","2024-2","Item Created"
"a0Bbm00000m7BBQEA2","36326296","DEV-101","36326296_DEV-101_2024-2","2024-2","Item Created"
"a0Bbm00000m7BBREA2","43914297","DEV-101","43914297_DEV-101_2024-2","2024-2","Item Created"
"a0Bbm00000m7BBSEA2","43220086","DAT-101","43220086_DAT-101_2024-2","2024-2","Item Created"
"a0Bbm00000m7BBTEA2","34027014","NEG-400","34027014_NEG-400_2024-2","2024-2","Item Created"
"a0Bbm00000m7BBUEA2","45788790","IA-300","45788790_IA-300_2024-2","2024-2","Item Created"
"a0Bbm00000m7BBVEA2","35412606","IA-300","35412606_IA-300_2024-2","2024-2","Item Created"
"a0Bbm00000m7BBWEA2","38282799","NEG-400","38282799_NEG-400_2024-2","2024-2","Item Created"
"a0Bbm00000m7BBXEA2","43312078","DAT-101","43312078_DAT-101_2024-2","2024-2","Item Created"
"a0Bbm00000m7BBYEA2","32474711","GEN-101","32474711_GEN-101_2024-2","2024-2","Item Created"
"a0Bbm00000m7BBZEA2","37223015","MKT-200","37223015_MKT-200_2024-2","2024-2","Item Created"
"a0Bbm00000m7BBaEAM","31888081","DEV-101","31888081_DEV-101_2024-2","2024-2","Item Created"
"a0Bbm00000m7BBbEAM","31834919","IA-300","31834919_IA-300_2024-2","2024-2","Item Created"
"a0Bbm00000m7BBcEAM","35944501","NEG-400","35944501_NEG-400_2024-2","2024-2","Item Created"
"a0Bbm00000m7BBdEAM","41249420","DAT-201","41249420_DAT-201_2024-2","2024-2","Item Created"
"a0Bbm00000m7BBeEAM","32143636","NEG-400","32143636_NEG-400_2024-2","2024-2","Item Created"
"a0Bbm00000m7BBfEAM","41754338","IA-300","41754338_IA-300_2024-2","2024-2","Item Created"
"a0Bbm00000m7BBgEAM","32108091","GEN-101","32108091_GEN-101_2024-2","2024-2","Item Created"
"a0Bbm00000m7BBhEAM","30367040","IA-300","30367040_IA-300_2024-2","2024-2","Item Created"
"a0Bbm00000m7BBiEAM","41333709","DAT-101","41333709_DAT-101_2024-2","2024-2","Item Created"
"a0Bbm00000m7BBjEAM","35281520","NEG-400","35281520_NEG-400_2024-2","2024-2","Item Created"
"a0Bbm00000m7BBkEAM","44113409","IA-300","44113409_IA-300_2024-2","2024-2","Item Created"
"a0Bbm00000m7BBlEAM","41297634","GEN-101","41297634_GEN-101_2024-2","2024-2","Item Created"
"a0Bbm00000m7BBmEAM","36615209","GEN-101","36615209_GEN-101_2024-2","2024-2","Item Created"
"a0Bbm00000m7BBnEAM","36057182","DAT-101","36057182_DAT-101_2024-2","2024-2","Item Created"
"a0Bbm00000m7BBoEAM","41503023","UX-100","41503023_UX-100_2024-2","2024-2","Item Created"
"a0Bbm00000m7BBpEAM","34529542","IA-300","34529542_IA-300_2024-2","2024-2","Item Created"
"a0Bbm00000m7BBqEAM","38140531","DAT-201","38140531_DAT-201_2024-2","2024-2","Item Created"
"a0Bbm00000m7BBrEAM","35155914","MKT-200","35155914_MKT-200_2024-2","2024-2","Item Created"
"a0Bbm00000m7BBsEAM","31725100","NEG-400","31725100_NEG-400_2024-2","2024-2","Item Created"
"a0Bbm00000m7BBtEAM","34704174","DEV-101","34704174_DEV-101_2024-2","2024-2","Item Created"
"a0Bbm00000m7BBuEAM","44713441","GEN-101","44713441_GEN-101_2024-2","2024-2","Item Created"
"a0Bbm00000m7BBvEAM","33885760","UX-100","33885760_UX-100_2024-2","2024-2","Item Created"
"a0Bbm00000m7BBwEAM","35589315","DEV-101","35589315_DEV-101_2024-2","2024-2","Item Created"
"a0Bbm00000m7BBxEAM","45826183","DEV-101","45826183_DEV-101_2024-2","2024-2","Item Created"
"a0Bbm00000m7BByEAM","33247205","UX-100","33247205_UX-100_2024-2","2024-2","Item Created"
"a0Bbm00000m7BBzEAM","38129607","MKT-200","38129607_MKT-200_2024-2","2024-2","Item Created"
"a0Bbm00000m7BC0EAM","30530462","GEN-101","30530462_GEN-101_2024-2","2024-2","Item Created"
"a0Bbm00000m7BC1EAM","44513749","NEG-400","44513749_NEG-400_2024-2","2024-2","Item Created"
"a0Bbm00000m7BC2EAM","34704174","IA-300","34704174_IA-300_2024-2","2024-2","Item Created"
"a0Bbm00000m7BC3EAM","39877132","DAT-101","39877132_DAT-101_2024-2","2024-2","Item Created"
"a0Bbm00000m7BC4EAM","45840080","GEN-101","45840080_GEN-101_2024-2","2024-2","Item Created"
"a0Bbm00000m7BC5EAM","31036656","DAT-201","31036656_DAT-201_2024-2","2024-2","Item Created"
"a0Bbm00000m7BC6EAM","45385368","DEV-101","45385368_DEV-101_2024-2","2024-2","Item Created"
"a0Bbm00000m7BC7EAM","45130131","MKT-200","45130131_MKT-200_2024-2","2024-2","Item Created"
"a0Bbm00000m7BC8EAM","32259990","MKT-200","32259990_MKT-200_2024-2","2024-2","Item Created"
"a0Bbm00000m7BC9EAM","35345987","DAT-101","35345987_DAT-101_2024-2","2024-2","Item Created"
"a0Bbm00000m7BCAEA2","31922848","DAT-101","31922848_DAT-101_2024-2","2024-2","Item Created"
"a0Bbm00000m7BCBEA2","44341695","UX-100","44341695_UX-100_2024-2","2024-2","Item Created"
"a0Bbm00000m7BCCEA2","30757580","NEG-400","30757580_NEG-400_2024-2","2024-2","Item Created"
"a0Bbm00000m7BCDEA2","36005534","UX-100","36005534_UX-100_2024-2","2024-2","Item Created"
"a0Bbm00000m7BCEEA2","31730247","NEG-400","31730247_NEG-400_2024-2","2024-2","Item Created"
"a0Bbm00000m7BCFEA2","30398761","IA-300","30398761_IA-300_2024-2","2024-2","Item Created"
"a0Bbm00000m7BCGEA2","31922848","DEV-101","31922848_DEV-101_2024-2","2024-2","Item Created"
"a0Bbm00000m7BCHEA2","33730688","IA-300","33730688_IA-300_2024-2","2024-2","Item Created"
"a0Bbm00000m7BCIEA2","34617592","NEG-400","34617592_NEG-400_2024-2","2024-2","Item Created"
"a0Bbm00000m7BCJEA2","39924190","DAT-201","39924190_DAT-201_2024-2","2024-2","Item Created"
"a0Bbm00000m7BCKEA2","36727365","DAT-201","36727365_DAT-201_2024-2","2024-2","Item Created"
"a0Bbm00000m7BCLEA2","39041016","DAT-201","39041016_DAT-201_2024-2","2024-2","Item Created"
"a0Bbm00000m7BCMEA2","34864189","DEV-101","34864189_DEV-101_2024-2","2024-2","Item Created"
"a0Bbm00000m7BCNEA2","38406894","IA-300","38406894_IA-300_2024-2","2024-2","Item Created"
"a0Bbm00000m7BCOEA2","44775708","DAT-201","44775708_DAT-201_2024-2","2024-2","Item Created"
"a0Bbm00000m7BCPEA2","38632250","NEG-400","38632250_NEG-400_2024-2","2024-2","Item Created"
"a0Bbm00000m7BCQEA2","33112320","NEG-400","33112320_NEG-400_2024-2","2024-2","Item Created"
"a0Bbm00000m7BCREA2","34567608","DAT-101","34567608_DAT-101_2024-2","2024-2","Item Created"
"a0Bbm00000m7BCSEA2","43671191","DAT-101","43671191_DAT-101_2024-2","2024-2","Item Created"
"a0Bbm00000m7BCTEA2","32412306","MKT-200","32412306_MKT-200_2024-2","2024-2","Item Created"
"a0Bbm00000m7BCUEA2","30642032","DAT-201","30642032_DAT-201_2024-2","2024-2","Item Created"
"a0Bbm00000m7BCVEA2","45038314","NEG-400","45038314_NEG-400_2024-2","2024-2","Item Created"
"a0Bbm00000m7BCWEA2","32540190","MKT-200","32540190_MKT-200_2024-2","2024-2","Item Created"
"a0Bbm00000m7BCXEA2","38749521","MKT-200","38749521_MKT-200_2024-2","2024-2","Item Created"
"a0Bbm00000m7BCYEA2","42321650","DAT-101","42321650_DAT-101_2024-2","2024-2","Item Created"
"a0Bbm00000m7BCZEA2","41258011","DEV-101","41258011_DEV-101_2024-2","2024-2","Item Created"
"a0Bbm00000m7BCaEAM","34758464","IA-300","34758464_IA-300_2024-2","2024-2","Item Created"
"a0Bbm00000m7BCbEAM","41291663","DAT-101","41291663_DAT-101_2024-2","2024-2","Item Created"
"a0Bbm00000m7BCcEAM","39563230","NEG-400","39563230_NEG-400_2024-2","2024-2","Item Created"
"a0Bbm00000m7BCdEAM","39921380","MKT-200","39921380_MKT-200_2024-2","2024-2","Item Created"
"a0Bbm00000m7BCeEAM","45245358","IA-300","45245358_IA-300_2024-2","2024-2","Item Created"
"a0Bbm00000m7BCfEAM","32204161","MKT-200","32204161_MKT-200_2024-2","2024-2","Item Created"
"a0Bbm00000m7BCgEAM","44775708","MKT-200","44775708_MKT-200_2024-2","2024-2","Item Created"
"a0Bbm00000m7BChEAM","32150263","UX-100","32150263_UX-100_2024-2","2024-2","Item Created"
"a0Bbm00000m7BCiEAM","30961379","MKT-200","30961379_MKT-200_2024-2","2024-2","Item Created"
"a0Bbm00000m7BCjEAM","31922848","MKT-200","31922848_MKT-200_2024-2","2024-2","Item Created"
"a0Bbm00000m7BCkEAM","35565985","DAT-201","35565985_DAT-201_2024-2","2024-2","Item Created"
"a0Bbm00000m7BClEAM","36821499","GEN-101","36821499_GEN-101_2024-2","2024-2","Item Created"
"a0Bbm00000m7BCmEAM","42674907","MKT-200","42674907_MKT-200_2024-2","2024-2","Item Created"
"a0Bbm00000m7BCnEAM","30098040","GEN-101","30098040_GEN-101_2024-2","2024-2","Item Created"
"a0Bbm00000m7BCoEAM","43671191","UX-100","43671191_UX-100_2024-2","2024-2","Item Created"
"a0Bbm00000m7BCpEAM","32902968","UX-100","32902968_UX-100_2024-2","2024-2","Item Created"
"a0Bbm00000m7BCqEAM","42763799","GEN-101","42763799_GEN-101_2024-2","2024-2","Item Created"
"a0Bbm00000m7BCrEAM","45181550","NEG-400","45181550_NEG-400_2024-2","2024-2","Item Created"
"a0Bbm00000m7BCsEAM","30123333","NEG-400","30123333_NEG-400_2024-2","2024-2","Item Created"
"a0Bbm00000m7BCtEAM","37814684","DAT-101","37814684_DAT-101_2024-2","2024-2","Item Created"
"a0Bbm00000m7BCuEAM","33827674","DAT-101","33827674_DAT-101_2024-2","2024-2","Item Created"
"a0Bbm00000m7BCvEAM","39579403","GEN-101","39579403_GEN-101_2024-2","2024-2","Item Created"
"a0Bbm00000m7BCwEAM","43695277","NEG-400","43695277_NEG-400_2024-2","2024-2","Item Created"
"a0Bbm00000m7BCxEAM","33753511","UX-100","33753511_UX-100_2024-2","2024-2","Item Created"
"a0Bbm00000m7BCyEAM","38856423","MKT-200","38856423_MKT-200_2024-2","2024-2","Item Created"
"a0Bbm00000m7BCzEAM","33293475","DAT-101","33293475_DAT-101_2024-2","2024-2","Item Created"
"a0Bbm00000m7BD0EAM","37244102","DAT-101","37244102_DAT-101_2024-2","2024-2","Item Created"
"a0Bbm00000m7BD1EAM","30469731","DAT-101","30469731_DAT-101_2024-2","2024-2","Item Created"
"a0Bbm00000m7BD2EAM","30116169","GEN-101","30116169_GEN-101_2024-2","2024-2","Item Created"
"a0Bbm00000m7BD3EAM","33460388","DAT-101","33460388_DAT-101_2024-2","2024-2","Item Created"
"a0Bbm00000m7BD4EAM","45931150","MKT-200","45931150_MKT-200_2024-2","2024-2","Item Created"
"a0Bbm00000m7BD5EAM","44536877","NEG-400","44536877_NEG-400_2024-2","2024-2","Item Created"
"a0Bbm00000m7BD6EAM","41664468","IA-300","41664468_IA-300_2024-2","2024-2","Item Created"
"a0Bbm00000m7BD7EAM","45385368","IA-300","45385368_IA-300_2024-2","2024-2","Item Created"
"a0Bbm00000m7BD8EAM","44144505","IA-300","44144505_IA-300_2024-2","2024-2","Item Created"
"a0Bbm00000m7BD9EAM","30117903","IA-300","30117903_IA-300_2024-2","2024-2","Item Created"
"a0Bbm00000m7BDAEA2","42132790","GEN-101","42132790_GEN-101_2024-2","2024-2","Item Created"
"a0Bbm00000m7BDBEA2","34207249","UX-100","34207249_UX-100_2024-2","2024-2","Item Created"
"a0Bbm00000m7BDCEA2","41943395","UX-100","41943395_UX-100_2024-2","2024-2","Item Created"
"a0Bbm00000m7BDDEA2","31636346","DAT-101","31636346_DAT-101_2024-2","2024-2","Item Created"
"a0Bbm00000m7BDEEA2","37478367","NEG-400","37478367_NEG-400_2024-2","2024-2","Item Created"
"a0Bbm00000m7BDFEA2","43867075","UX-100","43867075_UX-100_2024-2","2024-2","Item Created"
"a0Bbm00000m7BDGEA2","32449620","MKT-200","32449620_MKT-200_2024-2","2024-2","Item Created"
"a0Bbm00000m7BDHEA2","39679193","DEV-101","39679193_DEV-101_2024-2","2024-2","Item Created"
"a0Bbm00000m7BDIEA2","37678418","GEN-101","37678418_GEN-101_2024-2","2024-2","Item Created"
"a0Bbm00000m7BDJEA2","37155742","UX-100","37155742_UX-100_2024-2","2024-2","Item Created"
"a0Bbm00000m7BDKEA2","42781956","MKT-200","42781956_MKT-200_2024-2","2024-2","Item Created"
"a0Bbm00000m7BDLEA2","33619676","DAT-101","33619676_DAT-101_2024-2","2024-2","Item Created"
"a0Bbm00000m7BDMEA2","31554768","DEV-101","31554768_DEV-101_2024-2","2024-2","Item Created"
"a0Bbm00000m7BDNEA2","40578248","DEV-101","40578248_DEV-101_2024-2","2024-2","Item Created"
"a0Bbm00000m7BDOEA2","42242735","GEN-101","42242735_GEN-101_2024-2","2024-2","Item Created"
"a0Bbm00000m7BDPEA2","39842417","DEV-101","39842417_DEV-101_2024-2","2024-2","Item Created"
"a0Bbm00000m7BDQEA2","43942866","MKT-200","43942866_MKT-200_2024-2","2024-2","Item Created"
"a0Bbm00000m7BDREA2","42590810","UX-100","42590810_UX-100_2024-2","2024-2","Item Created"
"a0Bbm00000m7BDSEA2","42936217","UX-100","42936217_UX-100_2024-2","2024-2","Item Created"
"a0Bbm00000m7BDTEA2","44144505","GEN-101","44144505_GEN-101_2024-2","2024-2","Item Created"
"a0Bbm00000m7BDUEA2","35589315","GEN-101","35589315_GEN-101_2024-2","2024-2","Item Created"
"a0Bbm00000m7BDVEA2","41268285","NEG-400","41268285_NEG-400_2024-2","2024-2","Item Created"
"a0Bbm00000m7BDWEA2","39341417","DEV-101","39341417_DEV-101_2024-2","2024-2","Item Created"
"a0Bbm00000m7BDXEA2","44775708","NEG-400","44775708_NEG-400_2024-2","2024-2","Item Created"
"a0Bbm00000m7BDYEA2","37678418","DAT-201","37678418_DAT-201_2024-2","2024-2","Item Created"
"a0Bbm00000m7BDZEA2","37495057","DEV-101","37495057_DEV-101_2024-2","2024-2","Item Created"
"a0Bbm00000m7BDaEAM","40840726","NEG-400","40840726_NEG-400_2024-2","2024-2","Item Created"
"a0Bbm00000m7BDbEAM","33130984","MKT-200","33130984_MKT-200_2024-2","2024-2","Item Created"
"a0Bbm00000m7BDcEAM","43539600","MKT-200","43539600_MKT-200_2024-2","2024-2","Item Created"
"a0Bbm00000m7BDdEAM","33871049","DAT-101","33871049_DAT-101_2024-2","2024-2","Item Created"
"a0Bbm00000m7BDeEAM","31922848","GEN-101","31922848_GEN-101_2024-2","2024-2","Item Created"
"a0Bbm00000m7BDfEAM","45417967","MKT-200","45417967_MKT-200_2024-2","2024-2","Item Created"
"a0Bbm00000m7BDgEAM","36727365","MKT-200","36727365_MKT-200_2024-2","2024-2","Item Created"
"a0Bbm00000m7BDhEAM","37244102","NEG-400","37244102_NEG-400_2024-2","2024-2","Item Created"
"a0Bbm00000m7BDiEAM","35552454","DAT-101","35552454_DAT-101_2024-2","2024-2","Item Created"
"a0Bbm00000m7BDjEAM","41734135","DAT-201","41734135_DAT-201_2024-2","2024-2","Item Created"
"a0Bbm00000m7BDkEAM","42693185","UX-100","42693185_UX-100_2024-2","2024-2","Item Created"
"a0Bbm00000m7BDlEAM","31921360","MKT-200","31921360_MKT-200_2024-2","2024-2","Item Created"
"a0Bbm00000m7BDmEAM","36890268","DAT-101","36890268_DAT-101_2024-2","2024-2","Item Created"
"a0Bbm00000m7BDnEAM","36296794","GEN-101","36296794_GEN-101_2024-2","2024-2","Item Created"
"a0Bbm00000m7BDoEAM","39157120","UX-100","39157120_UX-100_2024-2","2024-2","Item Created"
"a0Bbm00000m7BDpEAM","35953678","DEV-101","35953678_DEV-101_2024-2","2024-2","Item Created"
"a0Bbm00000m7BDqEAM","45842940","IA-300","45842940_IA-300_2024-2","2024-2","Item Created"
"a0Bbm00000m7BDrEAM","34070539","MKT-200","34070539_MKT-200_2024-2","2024-2","Item Created"
"a0Bbm00000m7BDsEAM","36907787","IA-300","36907787_IA-300_2024-2","2024-2","Item Created"
"a0Bbm00000m7BDtEAM","43110444","IA-300","43110444_IA-300_2024-2","2024-2","Item Created"
"a0Bbm00000m7BDuEAM","35023742","GEN-101","35023742_GEN-101_2024-2","2024-2","Item Created"
"a0Bbm00000m7BDvEAM","45383156","GEN-101","45383156_GEN-101_2024-2","2024-2","Item Created"
"a0Bbm00000m7BDwEAM","30055060","DAT-201","30055060_DAT-201_2024-2","2024-2","Item Created"
"a0Bbm00000m7BDxEAM","36236123","DAT-101","36236123_DAT-101_2024-2","2024-2","Item Created"
"a0Bbm00000m7BDyEAM","40132599","GEN-101","40132599_GEN-101_2024-2","2024-2","Item Created"
"a0Bbm00000m7BDzEAM","44506499","DEV-101","44506499_DEV-101_2024-2","2024-2","Item Created"
"a0Bbm00000m7BE0EAM","39579403","MKT-200","39579403_MKT-200_2024-2","2024-2","Item Created"
"a0Bbm00000m7BE1EAM","37495057","MKT-200","37495057_MKT-200_2024-2","2024-2","Item Created"
"a0Bbm00000m7BE2EAM","45850941","IA-300","45850941_IA-300_2024-2","2024-2","Item Created"
"a0Bbm00000m7BE3EAM","42706367","GEN-101","42706367_GEN-101_2024-2","2024-2","Item Created"
"a0Bbm00000m7BE4EAM","44513749","MKT-200","44513749_MKT-200_2024-2","2024-2","Item Created"
"a0Bbm00000m7BE5EAM","30941372","DEV-101","30941372_DEV-101_2024-2","2024-2","Item Created"
"a0Bbm00000m7BE6EAM","44141804","MKT-200","44141804_MKT-200_2024-2","2024-2","Item Created"
"a0Bbm00000m7BE7EAM","31295512","MKT-200","31295512_MKT-200_2024-2","2024-2","Item Created"
"a0Bbm00000m7BE8EAM","44228213","DAT-101","44228213_DAT-101_2024-2","2024-2","Item Created"
"a0Bbm00000m7BE9EAM","38406935","DAT-101","38406935_DAT-101_2024-2","2024-2","Item Created"
"a0Bbm00000m7BEAEA2","39684246","IA-300","39684246_IA-300_2024-2","2024-2","Item Created"
"a0Bbm00000m7BEBEA2","33049597","MKT-200","33049597_MKT-200_2024-2","2024-2","Item Created"
"a0Bbm00000m7BECEA2","38406894","DAT-101","38406894_DAT-101_2024-2","2024-2","Item Created"
"a0Bbm00000m7BEDEA2","35842163","UX-100","35842163_UX-100_2024-2","2024-2","Item Created"
"a0Bbm00000m7BEEEA2","33678309","DEV-101","33678309_DEV-101_2024-2","2024-2","Item Created"
"a0Bbm00000m7BEFEA2","43799230","DAT-101","43799230_DAT-101_2024-2","2024-2","Item Created"
"a0Bbm00000m7BEGEA2","31451368","DEV-101","31451368_DEV-101_2024-2","2024-2","Item Created"
"a0Bbm00000m7BEHEA2","42810923","UX-100","42810923_UX-100_2024-2","2024-2","Item Created"
"a0Bbm00000m7BEIEA2","43350438","DEV-101","43350438_DEV-101_2024-2","2024-2","Item Created"
"a0Bbm00000m7BEJEA2","43362081","DEV-101","43362081_DEV-101_2024-2","2024-2","Item Created"
"a0Bbm00000m7BEKEA2","45170433","DEV-101","45170433_DEV-101_2024-2","2024-2","Item Created"
"a0Bbm00000m7BELEA2","41824986","GEN-101","41824986_GEN-101_2024-2","2024-2","Item Created"
"a0Bbm00000m7BEMEA2","35388639","GEN-101","35388639_GEN-101_2024-2","2024-2","Item Created"
"a0Bbm00000m7BENEA2","35345987","DAT-201","35345987_DAT-201_2024-2","2024-2","Item Created"
"a0Bbm00000m7BEOEA2","45970742","NEG-400","45970742_NEG-400_2024-2","2024-2","Item Created"
"a0Bbm00000m7BEPEA2","33338311","DAT-101","33338311_DAT-101_2024-2","2024-2","Item Created"
"a0Bbm00000m7BEQEA2","30985783","MKT-200","30985783_MKT-200_2024-2","2024-2","Item Created"
"a0Bbm00000m7BEREA2","37275248","IA-300","37275248_IA-300_2024-2","2024-2","Item Created"
"a0Bbm00000m7BESEA2","42886191","DEV-101","42886191_DEV-101_2024-2","2024-2","Item Created"
"a0Bbm00000m7BETEA2","37031483","GEN-101","37031483_GEN-101_2024-2","2024-2","Item Created"
"a0Bbm00000m7BEUEA2","38325772","GEN-101","38325772_GEN-101_2024-2","2024-2","Item Created"
"a0Bbm00000m7BEVEA2","42411250","DAT-201","42411250_DAT-201_2024-2","2024-2","Item Created"
"a0Bbm00000m7BEWEA2","40665974","DAT-201","40665974_DAT-201_2024-2","2024-2","Item Created"
"a0Bbm00000m7BEXEA2","38290123","DAT-101","38290123_DAT-101_2024-2","2024-2","Item Created"
"a0Bbm00000m7BEYEA2","40701939","UX-100","40701939_UX-100_2024-2","2024-2","Item Created"
"a0Bbm00000m7BEZEA2","44084939","DAT-201","44084939_DAT-201_2024-2","2024-2","Item Created"
"a0Bbm00000m7BEaEAM","41765198","MKT-200","41765198_MKT-200_2024-2","2024-2","Item Created"
"a0Bbm00000m7BEbEAM","45383156","UX-100","45383156_UX-100_2024-2","2024-2","Item Created"
"a0Bbm00000m7BEcEAM","39264124","MKT-200","39264124_MKT-200_2024-2","2024-2","Item Created"
"a0Bbm00000m7BEdEAM","35891432","NEG-400","35891432_NEG-400_2024-2","2024-2","Item Created"
"a0Bbm00000m7BEeEAM","42024629","DEV-101","42024629_DEV-101_2024-2","2024-2","Item Created"
"a0Bbm00000m7BEfEAM","35605561","DEV-101","35605561_DEV-101_2024-2","2024-2","Item Created"
"a0Bbm00000m7BEgEAM","41333709","IA-300","41333709_IA-300_2024-2","2024-2","Item Created"
"a0Bbm00000m7BEhEAM","33601032","DAT-101","33601032_DAT-101_2024-2","2024-2","Item Created"
"a0Bbm00000m7BEiEAM","43651742","GEN-101","43651742_GEN-101_2024-2","2024-2","Item Created"
"a0Bbm00000m7BEjEAM","36928006","IA-300","36928006_IA-300_2024-2","2024-2","Item Created"
"a0Bbm00000m7BEkEAM","35278293","DEV-101","35278293_DEV-101_2024-2","2024-2","Item Created"
"a0Bbm00000m7BElEAM","40583085","GEN-101","40583085_GEN-101_2024-2","2024-2","Item Created"
"a0Bbm00000m7BEmEAM","35196112","DEV-101","35196112_DEV-101_2024-2","2024-2","Item Created"
"a0Bbm00000m7BEnEAM","32991581","MKT-200","32991581_MKT-200_2024-2","2024-2","Item Created"
"a0Bbm00000m7BEoEAM","40237965","MKT-200","40237965_MKT-200_2024-2","2024-2","Item Created"
"a0Bbm00000m7BEpEAM","43529073","NEG-400","43529073_NEG-400_2024-2","2024-2","Item Created"
"a0Bbm00000m7BEqEAM","44654293","MKT-200","44654293_MKT-200_2024-2","2024-2","Item Created"
"a0Bbm00000m7BErEAM","35437650","NEG-400","35437650_NEG-400_2024-2","2024-2","Item Created"
"a0Bbm00000m7BEsEAM","35297114","MKT-200","35297114_MKT-200_2024-2","2024-2","Item Created"
"a0Bbm00000m7BEtEAM","38526500","GEN-101","38526500_GEN-101_2024-2","2024-2","Item Created"
"a0Bbm00000m7BEuEAM","32738313","DAT-201","32738313_DAT-201_2024-2","2024-2","Item Created"
"a0Bbm00000m7BEvEAM","35111521","NEG-400","35111521_NEG-400_2024-2","2024-2","Item Created"
"a0Bbm00000m7BEwEAM","31767975","DAT-201","31767975_DAT-201_2024-2","2024-2","Item Created"
"a0Bbm00000m7BExEAM","30300658","UX-100","30300658_UX-100_2024-2","2024-2","Item Created"
"a0Bbm00000m7BEyEAM","39386440","DEV-101","39386440_DEV-101_2024-2","2024-2","Item Created"
"a0Bbm00000m7BEzEAM","41728313","GEN-101","41728313_GEN-101_2024-2","2024-2","Item Created"
"a0Bbm00000m7BF0EAM","33693959","UX-100","33693959_UX-100_2024-2","2024-2","Item Created"
"a0Bbm00000m7BF1EAM","33964267","MKT-200","33964267_MKT-200_2024-2","2024-2","Item Created"
"a0Bbm00000m7BF2EAM","41485165","IA-300","41485165_IA-300_2024-2","2024-2","Item Created"
"a0Bbm00000m7BF3EAM","35196112","NEG-400","35196112_NEG-400_2024-2","2024-2","Item Created"
"a0Bbm00000m7BF4EAM","40988877","GEN-101","40988877_GEN-101_2024-2","2024-2","Item Created"
"a0Bbm00000m7BF5EAM","38811418","GEN-101","38811418_GEN-101_2024-2","2024-2","Item Created"
"a0Bbm00000m7BF6EAM","31554768","DAT-101","31554768_DAT-101_2024-2","2024-2","Item Created"
"a0Bbm00000m7BF7EAM","34446593","NEG-400","34446593_NEG-400_2024-2","2024-2","Item Created"
"a0Bbm00000m7BF8EAM","34198627","IA-300","34198627_IA-300_2024-2","2024-2","Item Created"
"a0Bbm00000m7BF9EAM","40496612","UX-100","40496612_UX-100_2024-2","2024-2","Item Created"
"a0Bbm00000m7BFAEA2","45038314","IA-300","45038314_IA-300_2024-2","2024-2","Item Created"
"a0Bbm00000m7BFBEA2","34687649","DEV-101","34687649_DEV-101_2024-2","2024-2","Item Created"
"a0Bbm00000m7BFCEA2","35281520","DAT-101","35281520_DAT-101_2024-2","2024-2","Item Created"
"a0Bbm00000m7BFDEA2","31399534","DAT-101","31399534_DAT-101_2024-2","2024-2","Item Created"
"a0Bbm00000m7BFEEA2","34146531","UX-100","34146531_UX-100_2024-2","2024-2","Item Created"
"a0Bbm00000m7BFFEA2","36727365","IA-300","36727365_IA-300_2024-2","2024-2","Item Created"
"a0Bbm00000m7BFGEA2","33988348","IA-300","33988348_IA-300_2024-2","2024-2","Item Created"
"a0Bbm00000m7BFHEA2","40729905","MKT-200","40729905_MKT-200_2024-2","2024-2","Item Created"
"a0Bbm00000m7BFIEA2","39479461","DAT-201","39479461_DAT-201_2024-2","2024-2","Item Created"
"a0Bbm00000m7BFJEA2","45746270","GEN-101","45746270_GEN-101_2024-2","2024-2","Item Created"
"a0Bbm00000m7BFKEA2","40422549","DAT-201","40422549_DAT-201_2024-2","2024-2","Item Created"
"a0Bbm00000m7BFLEA2","31017566","MKT-200","31017566_MKT-200_2024-2","2024-2","Item Created"
"a0Bbm00000m7BFMEA2","42699425","DAT-201","42699425_DAT-201_2024-2","2024-2","Item Created"
"a0Bbm00000m7BFNEA2","36800218","GEN-101","36800218_GEN-101_2024-2","2024-2","Item Created"
"a0Bbm00000m7BFOEA2","30088172","DAT-101","30088172_DAT-101_2024-2","2024-2","Item Created"
"a0Bbm00000m7BFPEA2","39500363","IA-300","39500363_IA-300_2024-2","2024-2","Item Created"
"a0Bbm00000m7BFQEA2","43542005","UX-100","43542005_UX-100_2024-2","2024-2","Item Created"
"a0Bbm00000m7BFREA2","32692729","IA-300","32692729_IA-300_2024-2","2024-2","Item Created"
"a0Bbm00000m7BFSEA2","37326359","DAT-201","37326359_DAT-201_2024-2","2024-2","Item Created"
"a0Bbm00000m7BFTEA2","30367578","DAT-201","30367578_DAT-201_2024-2","2024-2","Item Created"
"a0Bbm00000m7BFUEA2","38726954","UX-100","38726954_UX-100_2024-2","2024-2","Item Created"
"a0Bbm00000m7BFVEA2","38290265","UX-100","38290265_UX-100_2024-2","2024-2","Item Created"
"a0Bbm00000m7BFWEA2","41248088","DAT-201","41248088_DAT-201_2024-2","2024-2","Item Created"
"a0Bbm00000m7BFXEA2","35654379","DEV-101","35654379_DEV-101_2024-2","2024-2","Item Created"
"a0Bbm00000m7BFYEA2","34864189","NEG-400","34864189_NEG-400_2024-2","2024-2","Item Created"
"a0Bbm00000m7BFZEA2","43948943","GEN-101","43948943_GEN-101_2024-2","2024-2","Item Created"
"a0Bbm00000m7BFaEAM","38832034","GEN-101","38832034_GEN-101_2024-2","2024-2","Item Created"
"a0Bbm00000m7BFbEAM","35242773","NEG-400","35242773_NEG-400_2024-2","2024-2","Item Created"
"a0Bbm00000m7BFcEAM","42810923","DAT-101","42810923_DAT-101_2024-2","2024-2","Item Created"
"a0Bbm00000m7BFdEAM","44436801","MKT-200","44436801_MKT-200_2024-2","2024-2","Item Created"
"a0Bbm00000m7BFeEAM","34250668","GEN-101","34250668_GEN-101_2024-2","2024-2","Item Created"
"a0Bbm00000m7BFfEAM","36906085","DEV-101","36906085_DEV-101_2024-2","2024-2","Item Created"
"a0Bbm00000m7BFgEAM","38689454","MKT-200","38689454_MKT-200_2024-2","2024-2","Item Created"
"a0Bbm00000m7BFhEAM","36651921","DEV-101","36651921_DEV-101_2024-2","2024-2","Item Created"
"a0Bbm00000m7BFiEAM","33043866","NEG-400","33043866_NEG-400_2024-2","2024-2","Item Created"
"a0Bbm00000m7BFjEAM","39695033","GEN-101","39695033_GEN-101_2024-2","2024-2","Item Created"
"a0Bbm00000m7BFkEAM","45130131","DAT-101","45130131_DAT-101_2024-2","2024-2","Item Created"
"a0Bbm00000m7BFlEAM","43799230","UX-100","43799230_UX-100_2024-2","2024-2","Item Created"
"a0Bbm00000m7BFmEAM","31102495","UX-100","31102495_UX-100_2024-2","2024-2","Item Created"
"a0Bbm00000m7BFnEAM","43727225","DEV-101","43727225_DEV-101_2024-2","2024-2","Item Created"
"a0Bbm00000m7BFoEAM","40069107","DEV-101","40069107_DEV-101_2024-2","2024-2","Item Created"
"a0Bbm00000m7BFpEAM","32556008","MKT-200","32556008_MKT-200_2024-2","2024-2","Item Created"
"a0Bbm00000m7BFqEAM","35155914","GEN-101","35155914_GEN-101_2024-2","2024-2","Item Created"
"a0Bbm00000m7BFrEAM","32864447","IA-300","32864447_IA-300_2024-2","2024-2","Item Created"
"a0Bbm00000m7BFsEAM","33828320","DEV-101","33828320_DEV-101_2024-2","2024-2","Item Created"
"a0Bbm00000m7BFtEAM","43799230","IA-300","43799230_IA-300_2024-2","2024-2","Item Created"
"a0Bbm00000m7BFuEAM","43362081","GEN-101","43362081_GEN-101_2024-2","2024-2","Item Created"
"a0Bbm00000m7BFvEAM","30123333","UX-100","30123333_UX-100_2024-2","2024-2","Item Created"
"a0Bbm00000m7BFwEAM","39515864","DAT-101","39515864_DAT-101_2024-2","2024-2","Item Created"
"a0Bbm00000m7BFxEAM","33544470","DAT-101","33544470_DAT-101_2024-2","2024-2","Item Created"
"a0Bbm00000m7BFyEAM","32152121","DEV-101","32152121_DEV-101_2024-2","2024-2","Item Created"
"a0Bbm00000m7BFzEAM","39314240","NEG-400","39314240_NEG-400_2024-2","2024-2","Item Created"
"a0Bbm00000m7BG0EAM","40860494","NEG-400","40860494_NEG-400_2024-2","2024-2","Item Created"
"a0Bbm00000m7BG1EAM","31271467","DEV-101","31271467_DEV-101_2024-2","2024-2","Item Created"
"a0Bbm00000m7BG2EAM","40348880","DAT-201","40348880_DAT-201_2024-2","2024-2","Item Created"
"a0Bbm00000m7BG3EAM","30735404","DEV-101","30735404_DEV-101_2024-2","2024-2","Item Created"
"a0Bbm00000m7BG4EAM","33133815","UX-100","33133815_UX-100_2024-2","2024-2","Item Created"
"a0Bbm00000m7BG5EAM","38133728","IA-300","38133728_IA-300_2024-2","2024-2","Item Created"
"a0Bbm00000m7BG6EAM","34529542","DAT-201","34529542_DAT-201_2024-2","2024-2","Item Created"
"a0Bbm00000m7BG7EAM","31071888","GEN-101","31071888_GEN-101_2024-2","2024-2","Item Created"
"a0Bbm00000m7BG8EAM","31102495","MKT-200","31102495_MKT-200_2024-2","2024-2","Item Created"
"a0Bbm00000m7BG9EAM","35543489","IA-300","35543489_IA-300_2024-2","2024-2","Item Created"
"a0Bbm00000m7BGAEA2","39540425","UX-100","39540425_UX-100_2024-2","2024-2","Item Created"
"a0Bbm00000m7BGBEA2","45896651","DAT-101","45896651_DAT-101_2024-2","2024-2","Item Created"
"a0Bbm00000m7BGCEA2","39641826","GEN-101","39641826_GEN-101_2024-2","2024-2","Item Created"
"a0Bbm00000m7BGDEA2","38137274","NEG-400","38137274_NEG-400_2024-2","2024-2","Item Created"
"a0Bbm00000m7BGEEA2","36890268","NEG-400","36890268_NEG-400_2024-2","2024-2","Item Created"
"a0Bbm00000m7BGFEA2","45427332","IA-300","45427332_IA-300_2024-2","2024-2","Item Created"
"a0Bbm00000m7BGGEA2","43394175","DEV-101","43394175_DEV-101_2024-2","2024-2","Item Created"
"a0Bbm00000m7BGHEA2","30566758","MKT-200","30566758_MKT-200_2024-2","2024-2","Item Created"
"a0Bbm00000m7BGIEA2","32050515","DEV-101","32050515_DEV-101_2024-2","2024-2","Item Created"
"a0Bbm00000m7BGJEA2","33109769","DAT-201","33109769_DAT-201_2024-2","2024-2","Item Created"
"a0Bbm00000m7BGKEA2","40306605","DEV-101","40306605_DEV-101_2024-2","2024-2","Item Created"
"a0Bbm00000m7BGLEA2","35906862","DEV-101","35906862_DEV-101_2024-2","2024-2","Item Created"
"a0Bbm00000m7BGMEA2","34077479","DAT-201","34077479_DAT-201_2024-2","2024-2","Item Created"
"a0Bbm00000m7BGNEA2","35511517","GEN-101","35511517_GEN-101_2024-2","2024-2","Item Created"
"a0Bbm00000m7BGOEA2","33429749","MKT-200","33429749_MKT-200_2024-2","2024-2","Item Created"
"a0Bbm00000m7BGPEA2","45055136","UX-100","45055136_UX-100_2024-2","2024-2","Item Created"
"a0Bbm00000m7BGQEA2","40840726","GEN-101","40840726_GEN-101_2024-2","2024-2","Item Created"
"a0Bbm00000m7BGREA2","38717375","GEN-101","38717375_GEN-101_2024-2","2024-2","Item Created"
"a0Bbm00000m7BGSEA2","35940256","MKT-200","35940256_MKT-200_2024-2","2024-2","Item Created"
"a0Bbm00000m7BGTEA2","36948669","DAT-201","36948669_DAT-201_2024-2","2024-2","Item Created"
"a0Bbm00000m7BGUEA2","40668065","DEV-101","40668065_DEV-101_2024-2","2024-2","Item Created"
"a0Bbm00000m7BGVEA2","38188233","UX-100","38188233_UX-100_2024-2","2024-2","Item Created"
"a0Bbm00000m7BGWEA2","30680437","MKT-200","30680437_MKT-200_2024-2","2024-2","Item Created"
"a0Bbm00000m7BGXEA2","43663971","DAT-101","43663971_DAT-101_2024-2","2024-2","Item Created"
"a0Bbm00000m7BGYEA2","44516064","UX-100","44516064_UX-100_2024-2","2024-2","Item Created"
"a0Bbm00000m7BGZEA2","41702335","DAT-201","41702335_DAT-201_2024-2","2024-2","Item Created"
"a0Bbm00000m7BGaEAM","41485165","DAT-201","41485165_DAT-201_2024-2","2024-2","Item Created"
"a0Bbm00000m7BGbEAM","38485886","DAT-101","38485886_DAT-101_2024-2","2024-2","Item Created"
"a0Bbm00000m7BGcEAM","45182848","IA-300","45182848_IA-300_2024-2","2024-2","Item Created"
"a0Bbm00000m7BGdEAM","36821499","NEG-400","36821499_NEG-400_2024-2","2024-2","Item Created"
"a0Bbm00000m7BGeEAM","45544327","DAT-201","45544327_DAT-201_2024-2","2024-2","Item Created"
"a0Bbm00000m7BGfEAM","41950086","MKT-200","41950086_MKT-200_2024-2","2024-2","Item Created"
"a0Bbm00000m7BGgEAM","31888081","NEG-400","31888081_NEG-400_2024-2","2024-2","Item Created"
"a0Bbm00000m7BGhEAM","36163868","GEN-101","36163868_GEN-101_2024-2","2024-2","Item Created"
"a0Bbm00000m7BGiEAM","32231628","UX-100","32231628_UX-100_2024-2","2024-2","Item Created"
"a0Bbm00000m7BGjEAM","33423546","UX-100","33423546_UX-100_2024-2","2024-2","Item Created"
"a0Bbm00000m7BGkEAM","43956427","UX-100","43956427_UX-100_2024-2","2024-2","Item Created"
"a0Bbm00000m7BGlEAM","44219639","GEN-101","44219639_GEN-101_2024-2","2024-2","Item Created"
"a0Bbm00000m7BGmEAM","34728997","NEG-400","34728997_NEG-400_2024-2","2024-2","Item Created"
"a0Bbm00000m7BGnEAM","32682238","DEV-101","32682238_DEV-101_2024-2","2024-2","Item Created"
"a0Bbm00000m7BGoEAM","31594777","DAT-101","31594777_DAT-101_2024-2","2024-2","Item Created"
"a0Bbm00000m7BGpEAM","30230499","GEN-101","30230499_GEN-101_2024-2","2024-2","Item Created"
"a0Bbm00000m7BGqEAM","30055060","DEV-101","30055060_DEV-101_2024-2","2024-2","Item Created"
"a0Bbm00000m7BGrEAM","41109574","DAT-201","41109574_DAT-201_2024-2","2024-2","Item Created"
"a0Bbm00000m7BGsEAM","32673458","NEG-400","32673458_NEG-400_2024-2","2024-2","Item Created"
"a0Bbm00000m7BGtEAM","43529073","DEV-101","43529073_DEV-101_2024-2","2024-2","Item Created"
"a0Bbm00000m7BGuEAM","37239533","NEG-400","37239533_NEG-400_2024-2","2024-2","Item Created"
"a0Bbm00000m7BGvEAM","38842716","DAT-101","38842716_DAT-101_2024-2","2024-2","Item Created"
"a0Bbm00000m7BGwEAM","36309794","DEV-101","36309794_DEV-101_2024-2","2024-2","Item Created"
"a0Bbm00000m7BGxEAM","43733466","NEG-400","43733466_NEG-400_2024-2","2024-2","Item Created"
"a0Bbm00000m7BGyEAM","31834919","MKT-200","31834919_MKT-200_2024-2","2024-2","Item Created"
"a0Bbm00000m7BGzEAM","32901887","DAT-201","32901887_DAT-201_2024-2","2024-2","Item Created"
"a0Bbm00000m7BH0EAM","30117903","DAT-201","30117903_DAT-201_2024-2","2024-2","Item Created"
"a0Bbm00000m7BH1EAM","38081258","GEN-101","38081258_GEN-101_2024-2","2024-2","Item Created"
"a0Bbm00000m7BH2EAM","31187731","NEG-400","31187731_NEG-400_2024-2","2024-2","Item Created"
"a0Bbm00000m7BH3EAM","36907787","DAT-201","36907787_DAT-201_2024-2","2024-2","Item Created"
"a0Bbm00000m7BH4EAM","30004548","DAT-101","30004548_DAT-101_2024-2","2024-2","Item Created"
"a0Bbm00000m7BH5EAM","34508314","IA-300","34508314_IA-300_2024-2","2024-2","Item Created"
"a0Bbm00000m7BH6EAM","45692552","DAT-201","45692552_DAT-201_2024-2","2024-2","Item Created"
"a0Bbm00000m7BH7EAM","32556008","GEN-101","32556008_GEN-101_2024-2","2024-2","Item Created"
"a0Bbm00000m7BH8EAM","36520319","IA-300","36520319_IA-300_2024-2","2024-2","Item Created"
"a0Bbm00000m7BH9EAM","42082012","IA-300","42082012_IA-300_2024-2","2024-2","Item Created"
"a0Bbm00000m7BHAEA2","41268285","GEN-101","41268285_GEN-101_2024-2","2024-2","Item Created"
"a0Bbm00000m7BHBEA2","38726954","MKT-200","38726954_MKT-200_2024-2","2024-2","Item Created"
"a0Bbm00000m7BHCEA2","41310259","DEV-101","41310259_DEV-101_2024-2","2024-2","Item Created"
"a0Bbm00000m7BHDEA2","44492899","DAT-201","44492899_DAT-201_2024-2","2024-2","Item Created"
"a0Bbm00000m7BHEEA2","43710760","DEV-101","43710760_DEV-101_2024-2","2024-2","Item Created"
"a0Bbm00000m7BHFEA2","33155313","NEG-400","33155313_NEG-400_2024-2","2024-2","Item Created"
"a0Bbm00000m7BHGEA2","40156501","MKT-200","40156501_MKT-200_2024-2","2024-2","Item Created"
"a0Bbm00000m7BHHEA2","32919443","DAT-101","32919443_DAT-101_2024-2","2024-2","Item Created"
"a0Bbm00000m7BHIEA2","38519723","UX-100","38519723_UX-100_2024-2","2024-2","Item Created"
"a0Bbm00000m7BHJEA2","33545850","DAT-201","33545850_DAT-201_2024-2","2024-2","Item Created"
"a0Bbm00000m7BHKEA2","38928581","DAT-201","38928581_DAT-201_2024-2","2024-2","Item Created"
"a0Bbm00000m7BHLEA2","36953747","DEV-101","36953747_DEV-101_2024-2","2024-2","Item Created"
"a0Bbm00000m7BHMEA2","34989772","GEN-101","34989772_GEN-101_2024-2","2024-2","Item Created"
"a0Bbm00000m7BHNEA2","41418439","DEV-101","41418439_DEV-101_2024-2","2024-2","Item Created"
"a0Bbm00000m7BHOEA2","43539600","GEN-101","43539600_GEN-101_2024-2","2024-2","Item Created"
"a0Bbm00000m7BHPEA2","38434835","MKT-200","38434835_MKT-200_2024-2","2024-2","Item Created"
"a0Bbm00000m7BHQEA2","42674907","GEN-101","42674907_GEN-101_2024-2","2024-2","Item Created"
"a0Bbm00000m7BHREA2","43388966","DEV-101","43388966_DEV-101_2024-2","2024-2","Item Created"
"a0Bbm00000m7BHSEA2","36537106","DEV-101","36537106_DEV-101_2024-2","2024-2","Item Created"
"a0Bbm00000m7BHTEA2","37347578","DAT-201","37347578_DAT-201_2024-2","2024-2","Item Created"
"a0Bbm00000m7BHUEA2","39268069","IA-300","39268069_IA-300_2024-2","2024-2","Item Created"
"a0Bbm00000m7BHVEA2","41008531","IA-300","41008531_IA-300_2024-2","2024-2","Item Created"
"a0Bbm00000m7BHWEA2","40746517","MKT-200","40746517_MKT-200_2024-2","2024-2","Item Created"
"a0Bbm00000m7BHXEA2","31134185","DAT-101","31134185_DAT-101_2024-2","2024-2","Item Created"
"a0Bbm00000m7BHYEA2","41453617","DAT-201","41453617_DAT-201_2024-2","2024-2","Item Created"
"a0Bbm00000m7BHZEA2","38703238","GEN-101","38703238_GEN-101_2024-2","2024-2","Item Created"
"a0Bbm00000m7BHaEAM","38856423","GEN-101","38856423_GEN-101_2024-2","2024-2","Item Created"
"a0Bbm00000m7BHbEAM","39463207","UX-100","39463207_UX-100_2024-2","2024-2","Item Created"
"a0Bbm00000m7BHcEAM","43726508","DEV-101","43726508_DEV-101_2024-2","2024-2","Item Created"
"a0Bbm00000m78q3EAA","34447081","DAT-101","34447081_DAT-101_2024-2","2024-2","Item Created"
"a0Bbm00000m78q4EAA","43449566","UX-100","43449566_UX-100_2024-2","2024-2","Item Created"
"a0Bbm00000m78q5EAA","38703285","NEG-400","38703285_NEG-400_2024-2","2024-2","Item Created"
"a0Bbm00000m78q6EAA","44521824","MKT-200","44521824_MKT-200_2024-2","2024-2","Item Created"
"a0Bbm00000m78q7EAA","35031297","DEV-101","35031297_DEV-101_2024-2","2024-2","Item Created"
"a0Bbm00000m78q8EAA","31777177","GEN-101","31777177_GEN-101_2024-2","2024-2","Item Created"
"a0Bbm00000m78q9EAA","44492899","UX-100","44492899_UX-100_2024-2","2024-2","Item Created"
"a0Bbm00000m78qAEAQ","30367578","DEV-101","30367578_DEV-101_2024-2","2024-2","Item Created"
"a0Bbm00000m78qBEAQ","33957369","GEN-101","33957369_GEN-101_2024-2","2024-2","Item Created"
"a0Bbm00000m78qCEAQ","32823541","UX-100","32823541_UX-100_2024-2","2024-2","Item Created"
"a0Bbm00000m78qDEAQ","39110609","DAT-201","39110609_DAT-201_2024-2","2024-2","Item Created"
"a0Bbm00000m78qEEAQ","44084939","NEG-400","44084939_NEG-400_2024-2","2024-2","Item Created"
"a0Bbm00000m78qFEAQ","45091268","IA-300","45091268_IA-300_2024-2","2024-2","Item Created"
"a0Bbm00000m78qGEAQ","41252196","IA-300","41252196_IA-300_2024-2","2024-2","Item Created"
"a0Bbm00000m78qHEAQ","41112892","UX-100","41112892_UX-100_2024-2","2024-2","Item Created"
"a0Bbm00000m78qIEAQ","34731502","IA-300","34731502_IA-300_2024-2","2024-2","Item Created"
"a0Bbm00000m78qJEAQ","40132599","DAT-201","40132599_DAT-201_2024-2","2024-2","Item Created"
"a0Bbm00000m78qKEAQ","34641008","DAT-101","34641008_DAT-101_2024-2","2024-2","Item Created"
"a0Bbm00000m78qLEAQ","30996789","UX-100","30996789_UX-100_2024-2","2024-2","Item Created"
"a0Bbm00000m78qMEAQ","43068884","DAT-101","43068884_DAT-101_2024-2","2024-2","Item Created"
"a0Bbm00000m78qNEAQ","31692100","NEG-400","31692100_NEG-400_2024-2","2024-2","Item Created"
"a0Bbm00000m78qOEAQ","30116169","UX-100","30116169_UX-100_2024-2","2024-2","Item Created"
"a0Bbm00000m78qPEAQ","35579453","MKT-200","35579453_MKT-200_2024-2","2024-2","Item Created"
"a0Bbm00000m78qQEAQ","31178906","NEG-400","31178906_NEG-400_2024-2","2024-2","Item Created"
"a0Bbm00000m78qREAQ","38027945","IA-300","38027945_IA-300_2024-2","2024-2","Item Created"
"a0Bbm00000m78qSEAQ","33957369","DEV-101","33957369_DEV-101_2024-2","2024-2","Item Created"
"a0Bbm00000m78qTEAQ","31591629","DEV-101","31591629_DEV-101_2024-2","2024-2","Item Created"
"a0Bbm00000m78qUEAQ","41915923","IA-300","41915923_IA-300_2024-2","2024-2","Item Created"
"a0Bbm00000m78qVEAQ","30365765","DEV-101","30365765_DEV-101_2024-2","2024-2","Item Created"
"a0Bbm00000m78qWEAQ","33688099","GEN-101","33688099_GEN-101_2024-2","2024-2","Item Created"
"a0Bbm00000m78qXEAQ","35196112","GEN-101","35196112_GEN-101_2024-2","2024-2","Item Created"
"a0Bbm00000m78qYEAQ","39208663","DEV-101","39208663_DEV-101_2024-2","2024-2","Item Created"
"a0Bbm00000m78qZEAQ","30772589","UX-100","30772589_UX-100_2024-2","2024-2","Item Created"
"a0Bbm00000m78qaEAA","36251602","NEG-400","36251602_NEG-400_2024-2","2024-2","Item Created"
"a0Bbm00000m78qbEAA","45532881","IA-300","45532881_IA-300_2024-2","2024-2","Item Created"
"a0Bbm00000m78qcEAA","41950086","DAT-201","41950086_DAT-201_2024-2","2024-2","Item Created"
"a0Bbm00000m78qdEAA","45826183","GEN-101","45826183_GEN-101_2024-2","2024-2","Item Created"
"a0Bbm00000m78qeEAA","38481398","DEV-101","38481398_DEV-101_2024-2","2024-2","Item Created"
"a0Bbm00000m78qfEAA","32151241","MKT-200","32151241_MKT-200_2024-2","2024-2","Item Created"
"a0Bbm00000m78qgEAA","42026432","GEN-101","42026432_GEN-101_2024-2","2024-2","Item Created"
"a0Bbm00000m78qhEAA","42740444","DAT-101","42740444_DAT-101_2024-2","2024-2","Item Created"
"a0Bbm00000m78qiEAA","41660538","IA-300","41660538_IA-300_2024-2","2024-2","Item Created"
"a0Bbm00000m78qjEAA","43394175","IA-300","43394175_IA-300_2024-2","2024-2","Item Created"
"a0Bbm00000m78qkEAA","41310259","DAT-201","41310259_DAT-201_2024-2","2024-2","Item Created"
"a0Bbm00000m78qlEAA","32875207","NEG-400","32875207_NEG-400_2024-2","2024-2","Item Created"
"a0Bbm00000m78qmEAA","30116169","IA-300","30116169_IA-300_2024-2","2024-2","Item Created"
"a0Bbm00000m78qnEAA","33506985","DAT-101","33506985_DAT-101_2024-2","2024-2","Item Created"
"a0Bbm00000m78qoEAA","37244102","UX-100","37244102_UX-100_2024-2","2024-2","Item Created"
"a0Bbm00000m78qpEAA","44289991","DEV-101","44289991_DEV-101_2024-2","2024-2","Item Created"
"a0Bbm00000m78qqEAA","39696052","DAT-101","39696052_DAT-101_2024-2","2024-2","Item Created"
"a0Bbm00000m78qrEAA","45878884","UX-100","45878884_UX-100_2024-2","2024-2","Item Created"
"a0Bbm00000m78qsEAA","32838454","DAT-101","32838454_DAT-101_2024-2","2024-2","Item Created"
"a0Bbm00000m78qtEAA","30106929","DAT-201","30106929_DAT-201_2024-2","2024-2","Item Created"
"a0Bbm00000m78quEAA","42555362","DAT-101","42555362_DAT-101_2024-2","2024-2","Item Created"
"a0Bbm00000m78qvEAA","43771658","DEV-101","43771658_DEV-101_2024-2","2024-2","Item Created"
"a0Bbm00000m78qwEAA","40583085","DAT-201","40583085_DAT-201_2024-2","2024-2","Item Created"
"a0Bbm00000m78qxEAA","30117903","DEV-101","30117903_DEV-101_2024-2","2024-2","Item Created"
"a0Bbm00000m78qyEAA","33696189","GEN-101","33696189_GEN-101_2024-2","2024-2","Item Created"
"a0Bbm00000m78qzEAA","35961291","NEG-400","35961291_NEG-400_2024-2","2024-2","Item Created"
"a0Bbm00000m78r0EAA","33506985","GEN-101","33506985_GEN-101_2024-2","2024-2","Item Created"
"a0Bbm00000m78r1EAA","35906862","NEG-400","35906862_NEG-400_2024-2","2024-2","Item Created"
"a0Bbm00000m78r2EAA","38353339","DAT-101","38353339_DAT-101_2024-2","2024-2","Item Created"
"a0Bbm00000m78r3EAA","40701939","IA-300","40701939_IA-300_2024-2","2024-2","Item Created"
"a0Bbm00000m78r4EAA","42740444","DEV-101","42740444_DEV-101_2024-2","2024-2","Item Created"
"a0Bbm00000m78r5EAA","36847519","DAT-101","36847519_DAT-101_2024-2","2024-2","Item Created"
"a0Bbm00000m78r6EAA","31695622","NEG-400","31695622_NEG-400_2024-2","2024-2","Item Created"
"a0Bbm00000m78r7EAA","45844538","MKT-200","45844538_MKT-200_2024-2","2024-2","Item Created"
"a0Bbm00000m78r8EAA","34081471","NEG-400","34081471_NEG-400_2024-2","2024-2","Item Created"
"a0Bbm00000m78r9EAA","32151606","IA-300","32151606_IA-300_2024-2","2024-2","Item Created"
"a0Bbm00000m78rAEAQ","35915416","DAT-101","35915416_DAT-101_2024-2","2024-2","Item Created"
"a0Bbm00000m78rBEAQ","41788868","DAT-201","41788868_DAT-201_2024-2","2024-2","Item Created"
"a0Bbm00000m78rCEAQ","40422549","MKT-200","40422549_MKT-200_2024-2","2024-2","Item Created"
"a0Bbm00000m78rDEAQ","43810640","MKT-200","43810640_MKT-200_2024-2","2024-2","Item Created"
"a0Bbm00000m78rEEAQ","30763126","DAT-201","30763126_DAT-201_2024-2","2024-2","Item Created"
"a0Bbm00000m78rFEAQ","30609077","GEN-101","30609077_GEN-101_2024-2","2024-2","Item Created"
"a0Bbm00000m78rGEAQ","40421216","DAT-101","40421216_DAT-101_2024-2","2024-2","Item Created"
"a0Bbm00000m78rHEAQ","35449166","NEG-400","35449166_NEG-400_2024-2","2024-2","Item Created"
"a0Bbm00000m78rIEAQ","37083223","IA-300","37083223_IA-300_2024-2","2024-2","Item Created"
"a0Bbm00000m78rJEAQ","41437572","GEN-101","41437572_GEN-101_2024-2","2024-2","Item Created"
"a0Bbm00000m78rKEAQ","41258011","DAT-101","41258011_DAT-101_2024-2","2024-2","Item Created"
"a0Bbm00000m78rLEAQ","38567788","UX-100","38567788_UX-100_2024-2","2024-2","Item Created"
"a0Bbm00000m78rMEAQ","39749714","MKT-200","39749714_MKT-200_2024-2","2024-2","Item Created"
"a0Bbm00000m78rNEAQ","33567445","NEG-400","33567445_NEG-400_2024-2","2024-2","Item Created"
"a0Bbm00000m78rOEAQ","45544327","DAT-101","45544327_DAT-101_2024-2","2024-2","Item Created"
"a0Bbm00000m78rPEAQ","31366271","IA-300","31366271_IA-300_2024-2","2024-2","Item Created"
"a0Bbm00000m78rQEAQ","45427332","MKT-200","45427332_MKT-200_2024-2","2024-2","Item Created"
"a0Bbm00000m78rREAQ","33878037","IA-300","33878037_IA-300_2024-2","2024-2","Item Created"
"a0Bbm00000m78rSEAQ","44617524","GEN-101","44617524_GEN-101_2024-2","2024-2","Item Created"
"a0Bbm00000m78rTEAQ","43625205","GEN-101","43625205_GEN-101_2024-2","2024-2","Item Created"
"a0Bbm00000m78rUEAQ","31704019","UX-100","31704019_UX-100_2024-2","2024-2","Item Created"
"a0Bbm00000m78rVEAQ","39571770","GEN-101","39571770_GEN-101_2024-2","2024-2","Item Created"
"a0Bbm00000m78rWEAQ","43978117","MKT-200","43978117_MKT-200_2024-2","2024-2","Item Created"
"a0Bbm00000m78rXEAQ","43727225","UX-100","43727225_UX-100_2024-2","2024-2","Item Created"
"a0Bbm00000m78rYEAQ","44502106","UX-100","44502106_UX-100_2024-2","2024-2","Item Created"
"a0Bbm00000m78rZEAQ","41594052","MKT-200","41594052_MKT-200_2024-2","2024-2","Item Created"
"a0Bbm00000m78raEAA","41664468","UX-100","41664468_UX-100_2024-2","2024-2","Item Created"
"a0Bbm00000m78rbEAA","41402719","DAT-101","41402719_DAT-101_2024-2","2024-2","Item Created"
"a0Bbm00000m78rcEAA","33081027","DAT-201","33081027_DAT-201_2024-2","2024-2","Item Created"
"a0Bbm00000m7BHdEAM","38717375","IA-300","38717375_IA-300_2024-2","2024-2","Item Created"
"a0Bbm00000m7BHeEAM","41003214","NEG-400","41003214_NEG-400_2024-2","2024-2","Item Created"
"a0Bbm00000m7BHfEAM","45303367","MKT-200","45303367_MKT-200_2024-2","2024-2","Item Created"
"a0Bbm00000m7BHgEAM","40764881","IA-300","40764881_IA-300_2024-2","2024-2","Item Created"
"a0Bbm00000m7BHhEAM","36514666","DAT-101","36514666_DAT-101_2024-2","2024-2","Item Created"
"a0Bbm00000m7BHiEAM","45666370","UX-100","45666370_UX-100_2024-2","2024-2","Item Created"
"a0Bbm00000m7BHjEAM","44513749","DAT-201","44513749_DAT-201_2024-2","2024-2","Item Created"
"a0Bbm00000m7BHkEAM","30642032","MKT-200","30642032_MKT-200_2024-2","2024-2","Item Created"
"a0Bbm00000m7BHlEAM","38072230","UX-100","38072230_UX-100_2024-2","2024-2","Item Created"
"a0Bbm00000m7BHmEAM","40421216","DEV-101","40421216_DEV-101_2024-2","2024-2","Item Created"
"a0Bbm00000m7BHnEAM","45170433","IA-300","45170433_IA-300_2024-2","2024-2","Item Created"
"a0Bbm00000m7BHoEAM","33883514","MKT-200","33883514_MKT-200_2024-2","2024-2","Item Created"
"a0Bbm00000m7BHpEAM","41788868","GEN-101","41788868_GEN-101_2024-2","2024-2","Item Created"
"a0Bbm00000m7BHqEAM","35854507","DAT-101","35854507_DAT-101_2024-2","2024-2","Item Created"
"a0Bbm00000m7BHrEAM","34452113","DAT-101","34452113_DAT-101_2024-2","2024-2","Item Created"
"a0Bbm00000m7BHsEAM","41726756","NEG-400","41726756_NEG-400_2024-2","2024-2","Item Created"
"a0Bbm00000m7BHtEAM","35517472","IA-300","35517472_IA-300_2024-2","2024-2","Item Created"
"a0Bbm00000m7BHuEAM","30966401","UX-100","30966401_UX-100_2024-2","2024-2","Item Created"
"a0Bbm00000m7BHvEAM","45341622","NEG-400","45341622_NEG-400_2024-2","2024-2","Item Created"
"a0Bbm00000m7BHwEAM","32697331","NEG-400","32697331_NEG-400_2024-2","2024-2","Item Created"
"a0Bbm00000m7BHxEAM","45850941","NEG-400","45850941_NEG-400_2024-2","2024-2","Item Created"
"a0Bbm00000m7BHyEAM","43777501","IA-300","43777501_IA-300_2024-2","2024-2","Item Created"
"a0Bbm00000m7BHzEAM","33158030","MKT-200","33158030_MKT-200_2024-2","2024-2","Item Created"
"a0Bbm00000m7BI0EAM","32096884","DEV-101","32096884_DEV-101_2024-2","2024-2","Item Created"
"a0Bbm00000m7BI1EAM","41252196","MKT-200","41252196_MKT-200_2024-2","2024-2","Item Created"
"a0Bbm00000m7BI2EAM","40214433","GEN-101","40214433_GEN-101_2024-2","2024-2","Item Created"
"a0Bbm00000m7BI3EAM","44946319","MKT-200","44946319_MKT-200_2024-2","2024-2","Item Created"
"a0Bbm00000m7BI4EAM","32830740","IA-300","32830740_IA-300_2024-2","2024-2","Item Created"
"a0Bbm00000m7BI5EAM","35409911","UX-100","35409911_UX-100_2024-2","2024-2","Item Created"
"a0Bbm00000m7BI6EAM","41332008","DAT-101","41332008_DAT-101_2024-2","2024-2","Item Created"
"a0Bbm00000m7BI7EAM","39696052","DEV-101","39696052_DEV-101_2024-2","2024-2","Item Created"
"a0Bbm00000m7BI8EAM","41240321","GEN-101","41240321_GEN-101_2024-2","2024-2","Item Created"
"a0Bbm00000m7BI9EAM","37149339","UX-100","37149339_UX-100_2024-2","2024-2","Item Created"
"a0Bbm00000m7BIAEA2","34452113","NEG-400","34452113_NEG-400_2024-2","2024-2","Item Created"
"a0Bbm00000m7BIBEA2","35904105","DEV-101","35904105_DEV-101_2024-2","2024-2","Item Created"
"a0Bbm00000m7BICEA2","35792864","DAT-201","35792864_DAT-201_2024-2","2024-2","Item Created"
"a0Bbm00000m7BIDEA2","37239130","UX-100","37239130_UX-100_2024-2","2024-2","Item Created"
"a0Bbm00000m7BIEEA2","31071888","IA-300","31071888_IA-300_2024-2","2024-2","Item Created"
"a0Bbm00000m7BIFEA2","36161620","DAT-201","36161620_DAT-201_2024-2","2024-2","Item Created"
"a0Bbm00000m7BIGEA2","35409911","NEG-400","35409911_NEG-400_2024-2","2024-2","Item Created"
"a0Bbm00000m7BIHEA2","37332897","DAT-201","37332897_DAT-201_2024-2","2024-2","Item Created"
"a0Bbm00000m7BIIEA2","38657054","DEV-101","38657054_DEV-101_2024-2","2024-2","Item Created"
"a0Bbm00000m7BIJEA2","40764881","MKT-200","40764881_MKT-200_2024-2","2024-2","Item Created"
"a0Bbm00000m7BIKEA2","31562479","MKT-200","31562479_MKT-200_2024-2","2024-2","Item Created"
"a0Bbm00000m7BILEA2","33423546","DAT-201","33423546_DAT-201_2024-2","2024-2","Item Created"
"a0Bbm00000m7BIMEA2","35944501","UX-100","35944501_UX-100_2024-2","2024-2","Item Created"
"a0Bbm00000m7BINEA2","42706367","DEV-101","42706367_DEV-101_2024-2","2024-2","Item Created"
"a0Bbm00000m7BIOEA2","35953678","MKT-200","35953678_MKT-200_2024-2","2024-2","Item Created"
"a0Bbm00000m7BIPEA2","34850065","DEV-101","34850065_DEV-101_2024-2","2024-2","Item Created"
"a0Bbm00000m7BIQEA2","35891432","DEV-101","35891432_DEV-101_2024-2","2024-2","Item Created"
"a0Bbm00000m7BIREA2","45685363","UX-100","45685363_UX-100_2024-2","2024-2","Item Created"
"a0Bbm00000m7BISEA2","41092656","GEN-101","41092656_GEN-101_2024-2","2024-2","Item Created"
"a0Bbm00000m7BITEA2","31500794","UX-100","31500794_UX-100_2024-2","2024-2","Item Created"
"a0Bbm00000m7BIUEA2","33488611","DEV-101","33488611_DEV-101_2024-2","2024-2","Item Created"
"a0Bbm00000m7BIVEA2","33822169","GEN-101","33822169_GEN-101_2024-2","2024-2","Item Created"
"a0Bbm00000m7BIWEA2","38282799","UX-100","38282799_UX-100_2024-2","2024-2","Item Created"
"a0Bbm00000m7BIXEA2","44492899","DEV-101","44492899_DEV-101_2024-2","2024-2","Item Created"
"a0Bbm00000m7BIYEA2","31262811","MKT-200","31262811_MKT-200_2024-2","2024-2","Item Created"
"a0Bbm00000m7BIZEA2","38406894","UX-100","38406894_UX-100_2024-2","2024-2","Item Created"
"a0Bbm00000m7BIaEAM","40980648","DAT-101","40980648_DAT-101_2024-2","2024-2","Item Created"
"a0Bbm00000m7BIbEAM","30506093","NEG-400","30506093_NEG-400_2024-2","2024-2","Item Created"
"a0Bbm00000m7BIcEAM","31305554","IA-300","31305554_IA-300_2024-2","2024-2","Item Created"
"a0Bbm00000m7BIdEAM","33212131","DEV-101","33212131_DEV-101_2024-2","2024-2","Item Created"
"a0Bbm00000m7BIeEAM","43970719","DAT-101","43970719_DAT-101_2024-2","2024-2","Item Created"
"a0Bbm00000m7BIfEAM","35718936","MKT-200","35718936_MKT-200_2024-2","2024-2","Item Created"
"a0Bbm00000m7BIgEAM","31668253","DEV-101","31668253_DEV-101_2024-2","2024-2","Item Created"
"a0Bbm00000m7BIhEAM","31800702","GEN-101","31800702_GEN-101_2024-2","2024-2","Item Created"
"a0Bbm00000m7BIiEAM","32284080","DAT-101","32284080_DAT-101_2024-2","2024-2","Item Created"
"a0Bbm00000m7BIjEAM","35690393","DAT-101","35690393_DAT-101_2024-2","2024-2","Item Created"
"a0Bbm00000m7BIkEAM","38519723","NEG-400","38519723_NEG-400_2024-2","2024-2","Item Created"
"a0Bbm00000m7BIlEAM","38325772","IA-300","38325772_IA-300_2024-2","2024-2","Item Created"
"a0Bbm00000m7BImEAM","32152121","UX-100","32152121_UX-100_2024-2","2024-2","Item Created"
"a0Bbm00000m7BInEAM","36702199","GEN-101","36702199_GEN-101_2024-2","2024-2","Item Created"
"a0Bbm00000m7BIoEAM","42677307","DAT-201","42677307_DAT-201_2024-2","2024-2","Item Created"
"a0Bbm00000m7BIpEAM","31379964","IA-300","31379964_IA-300_2024-2","2024-2","Item Created"
"a0Bbm00000m7BIqEAM","32486624","GEN-101","32486624_GEN-101_2024-2","2024-2","Item Created"
"a0Bbm00000m7BIrEAM","41109574","MKT-200","41109574_MKT-200_2024-2","2024-2","Item Created"
"a0Bbm00000m7BIsEAM","41886872","NEG-400","41886872_NEG-400_2024-2","2024-2","Item Created"
"a0Bbm00000m7BItEAM","36906085","MKT-200","36906085_MKT-200_2024-2","2024-2","Item Created"
"a0Bbm00000m7BIuEAM","34839561","MKT-200","34839561_MKT-200_2024-2","2024-2","Item Created"
"a0Bbm00000m7BIvEAM","41212075","UX-100","41212075_UX-100_2024-2","2024-2","Item Created"
"a0Bbm00000m7BIwEAM","36867908","NEG-400","36867908_NEG-400_2024-2","2024-2","Item Created"
"a0Bbm00000m7BIxEAM","37749075","NEG-400","37749075_NEG-400_2024-2","2024-2","Item Created"
"a0Bbm00000m7BIyEAM","40306605","DAT-201","40306605_DAT-201_2024-2","2024-2","Item Created"
"a0Bbm00000m7BIzEAM","44419194","NEG-400","44419194_NEG-400_2024-2","2024-2","Item Created"
"a0Bbm00000m7BJ0EAM","41511282","DAT-201","41511282_DAT-201_2024-2","2024-2","Item Created"
"a0Bbm00000m7BJ1EAM","35449166","DAT-201","35449166_DAT-201_2024-2","2024-2","Item Created"
"a0Bbm00000m7BJ2EAM","41664468","MKT-200","41664468_MKT-200_2024-2","2024-2","Item Created"
"a0Bbm00000m7BJ3EAM","32369229","MKT-200","32369229_MKT-200_2024-2","2024-2","Item Created"
"a0Bbm00000m7BJ4EAM","41077276","NEG-400","41077276_NEG-400_2024-2","2024-2","Item Created"
"a0Bbm00000m7BJ5EAM","45788790","DAT-101","45788790_DAT-101_2024-2","2024-2","Item Created"
"a0Bbm00000m7BJ6EAM","37665322","UX-100","37665322_UX-100_2024-2","2024-2","Item Created"
"a0Bbm00000m7BJ7EAM","39386440","UX-100","39386440_UX-100_2024-2","2024-2","Item Created"
"a0Bbm00000m7BJ8EAM","44898507","DAT-101","44898507_DAT-101_2024-2","2024-2","Item Created"
"a0Bbm00000m7BJ9EAM","31162466","DAT-101","31162466_DAT-101_2024-2","2024-2","Item Created"
"a0Bbm00000m7BJAEA2","43447193","MKT-200","43447193_MKT-200_2024-2","2024-2","Item Created"
"a0Bbm00000m7BJBEA2","32151606","UX-100","32151606_UX-100_2024-2","2024-2","Item Created"
"a0Bbm00000m7BJCEA2","34998039","NEG-400","34998039_NEG-400_2024-2","2024-2","Item Created"
"a0Bbm00000m7BJDEA2","45941376","UX-100","45941376_UX-100_2024-2","2024-2","Item Created"
"a0Bbm00000m7BJEEA2","39038900","UX-100","39038900_UX-100_2024-2","2024-2","Item Created"
"a0Bbm00000m7BJFEA2","33665133","GEN-101","33665133_GEN-101_2024-2","2024-2","Item Created"
"a0Bbm00000m7BJGEA2","32099618","GEN-101","32099618_GEN-101_2024-2","2024-2","Item Created"
"a0Bbm00000m6xQBEAY","45256650","UX-100","45256650_UX-100_2024-2","2024-2","Item Created"
"a0Bbm00000m6xQCEAY","38446695","UX-100","38446695_UX-100_2024-2","2024-2","Item Created"
"a0Bbm00000m6xQDEAY","40988877","DEV-101","40988877_DEV-101_2024-2","2024-2","Item Created"
"a0Bbm00000m6xQEEAY","37216255","MKT-200","37216255_MKT-200_2024-2","2024-2","Item Created"
"a0Bbm00000m6xQFEAY","33883514","IA-300","33883514_IA-300_2024-2","2024-2","Item Created"
"a0Bbm00000m6xQGEAY","34209869","DEV-101","34209869_DEV-101_2024-2","2024-2","Item Created"
"a0Bbm00000m6xQHEAY","40603350","NEG-400","40603350_NEG-400_2024-2","2024-2","Item Created"
"a0Bbm00000m6xQIEAY","37550168","DAT-201","37550168_DAT-201_2024-2","2024-2","Item Created"
"a0Bbm00000m6xQJEAY","34218122","UX-100","34218122_UX-100_2024-2","2024-2","Item Created"
"a0Bbm00000m6xQKEAY","35810239","DAT-101","35810239_DAT-101_2024-2","2024-2","Item Created"
"a0Bbm00000m6xQLEAY","45417967","GEN-101","45417967_GEN-101_2024-2","2024-2","Item Created"
"a0Bbm00000m6xQMEAY","44289991","GEN-101","44289991_GEN-101_2024-2","2024-2","Item Created"
"a0Bbm00000m6xQNEAY","32578687","MKT-200","32578687_MKT-200_2024-2","2024-2","Item Created"
"a0Bbm00000m6xQOEAY","31356012","UX-100","31356012_UX-100_2024-2","2024-2","Item Created"
"a0Bbm00000m6xQPEAY","35297114","DAT-201","35297114_DAT-201_2024-2","2024-2","Item Created"
"a0Bbm00000m6xQQEAY","40578248","IA-300","40578248_IA-300_2024-2","2024-2","Item Created"
"a0Bbm00000m6xQREAY","34731502","DEV-101","34731502_DEV-101_2024-2","2024-2","Item Created"
"a0Bbm00000m6xQSEAY","45320934","NEG-400","45320934_NEG-400_2024-2","2024-2","Item Created"
"a0Bbm00000m6xQTEAY","40358012","UX-100","40358012_UX-100_2024-2","2024-2","Item Created"
"a0Bbm00000m6xQUEAY","31636346","NEG-400","31636346_NEG-400_2024-2","2024-2","Item Created"
"a0Bbm00000m6xQVEAY","45609644","DAT-201","45609644_DAT-201_2024-2","2024-2","Item Created"
"a0Bbm00000m6xQWEAY","42727516","UX-100","42727516_UX-100_2024-2","2024-2","Item Created"
"a0Bbm00000m6xQXEAY","37607894","UX-100","37607894_UX-100_2024-2","2024-2","Item Created"
"a0Bbm00000m6xQYEAY","33555444","MKT-200","33555444_MKT-200_2024-2","2024-2","Item Created"
"a0Bbm00000m6xQZEAY","36279807","MKT-200","36279807_MKT-200_2024-2","2024-2","Item Created"
"a0Bbm00000m6xQaEAI","37054065","NEG-400","37054065_NEG-400_2024-2","2024-2","Item Created"
"a0Bbm00000m6xQbEAI","32659067","NEG-400","32659067_NEG-400_2024-2","2024-2","Item Created"
"a0Bbm00000m6xQcEAI","37179608","DAT-201","37179608_DAT-201_2024-2","2024-2","Item Created"
"a0Bbm00000m6xQdEAI","39839138","MKT-200","39839138_MKT-200_2024-2","2024-2","Item Created"
"a0Bbm00000m6xQeEAI","40727710","GEN-101","40727710_GEN-101_2024-2","2024-2","Item Created"
"a0Bbm00000m6xQfEAI","33037423","DEV-101","33037423_DEV-101_2024-2","2024-2","Item Created"
"a0Bbm00000m6xQgEAI","36794996","NEG-400","36794996_NEG-400_2024-2","2024-2","Item Created"
"a0Bbm00000m6xQhEAI","32033807","MKT-200","32033807_MKT-200_2024-2","2024-2","Item Created"
"a0Bbm00000m6xQiEAI","33247205","NEG-400","33247205_NEG-400_2024-2","2024-2","Item Created"
"a0Bbm00000m6xQjEAI","37531532","NEG-400","37531532_NEG-400_2024-2","2024-2","Item Created"
"a0Bbm00000m6xQkEAI","37223015","DAT-201","37223015_DAT-201_2024-2","2024-2","Item Created"
"a0Bbm00000m6xQlEAI","33693959","DEV-101","33693959_DEV-101_2024-2","2024-2","Item Created"
"a0Bbm00000m6xQmEAI","43767499","IA-300","43767499_IA-300_2024-2","2024-2","Item Created"
"a0Bbm00000m6xQnEAI","37564736","GEN-101","37564736_GEN-101_2024-2","2024-2","Item Created"
"a0Bbm00000m6xQoEAI","39822223","MKT-200","39822223_MKT-200_2024-2","2024-2","Item Created"
"a0Bbm00000m6xQpEAI","39264124","DAT-101","39264124_DAT-101_2024-2","2024-2","Item Created"
"a0Bbm00000m6xQqEAI","30398761","DAT-101","30398761_DAT-101_2024-2","2024-2","Item Created"
"a0Bbm00000m6xQrEAI","32349994","IA-300","32349994_IA-300_2024-2","2024-2","Item Created"
"a0Bbm00000m6xQsEAI","37597528","MKT-200","37597528_MKT-200_2024-2","2024-2","Item Created"
"a0Bbm00000m6xQtEAI","45926308","IA-300","45926308_IA-300_2024-2","2024-2","Item Created"
"a0Bbm00000m6xQuEAI","37268989","NEG-400","37268989_NEG-400_2024-2","2024-2","Item Created"
"a0Bbm00000m6xQvEAI","44870664","DAT-201","44870664_DAT-201_2024-2","2024-2","Item Created"
"a0Bbm00000m6xQwEAI","34761805","DEV-101","34761805_DEV-101_2024-2","2024-2","Item Created"
"a0Bbm00000m6xQxEAI","44927685","DEV-101","44927685_DEV-101_2024-2","2024-2","Item Created"
"a0Bbm00000m6xQyEAI","34759191","MKT-200","34759191_MKT-200_2024-2","2024-2","Item Created"
"a0Bbm00000m6xQzEAI","44492899","NEG-400","44492899_NEG-400_2024-2","2024-2","Item Created"
"a0Bbm00000m6xR0EAI","42826422","NEG-400","42826422_NEG-400_2024-2","2024-2","Item Created"
"a0Bbm00000m6xR1EAI","31404097","DAT-101","31404097_DAT-101_2024-2","2024-2","Item Created"
"a0Bbm00000m6xR2EAI","38600036","MKT-200","38600036_MKT-200_2024-2","2024-2","Item Created"
"a0Bbm00000m6xR3EAI","42799422","GEN-101","42799422_GEN-101_2024-2","2024-2","Item Created"
"a0Bbm00000m6xR4EAI","43727225","GEN-101","43727225_GEN-101_2024-2","2024-2","Item Created"
"a0Bbm00000m6xR5EAI","43093166","UX-100","43093166_UX-100_2024-2","2024-2","Item Created"
"a0Bbm00000m6xR6EAI","40579606","DAT-101","40579606_DAT-101_2024-2","2024-2","Item Created"
"a0Bbm00000m6xR7EAI","35668496","GEN-101","35668496_GEN-101_2024-2","2024-2","Item Created"
"a0Bbm00000m6xR8EAI","44554723","GEN-101","44554723_GEN-101_2024-2","2024-2","Item Created"
"a0Bbm00000m6xR9EAI","44698429","DAT-201","44698429_DAT-201_2024-2","2024-2","Item Created"
"a0Bbm00000m6xRAEAY","32785292","MKT-200","32785292_MKT-200_2024-2","2024-2","Item Created"
"a0Bbm00000m6xRBEAY","40069107","DAT-201","40069107_DAT-201_2024-2","2024-2","Item Created"
"a0Bbm00000m6xRCEAY","43726508","DAT-101","43726508_DAT-101_2024-2","2024-2","Item Created"
"a0Bbm00000m6xRDEAY","44113409","DAT-201","44113409_DAT-201_2024-2","2024-2","Item Created"
"a0Bbm00000m6xREEAY","32794495","NEG-400","32794495_NEG-400_2024-2","2024-2","Item Created"
"a0Bbm00000m6xRFEAY","42242735","DEV-101","42242735_DEV-101_2024-2","2024-2","Item Created"
"a0Bbm00000m6xRGEAY","33898883","IA-300","33898883_IA-300_2024-2","2024-2","Item Created"
"a0Bbm00000m6xRHEAY","32486624","UX-100","32486624_UX-100_2024-2","2024-2","Item Created"
"a0Bbm00000m6xRIEAY","35023742","DAT-101","35023742_DAT-101_2024-2","2024-2","Item Created"
"a0Bbm00000m6xRJEAY","32443281","DEV-101","32443281_DEV-101_2024-2","2024-2","Item Created"
"a0Bbm00000m6xRKEAY","38526500","MKT-200","38526500_MKT-200_2024-2","2024-2","Item Created"
"a0Bbm00000m6xRLEAY","35854507","DAT-201","35854507_DAT-201_2024-2","2024-2","Item Created"
"a0Bbm00000m6xRMEAY","37239130","DAT-101","37239130_DAT-101_2024-2","2024-2","Item Created"
"a0Bbm00000m6xRNEAY","34529542","NEG-400","34529542_NEG-400_2024-2","2024-2","Item Created"
"a0Bbm00000m6xROEAY","33247205","DEV-101","33247205_DEV-101_2024-2","2024-2","Item Created"
"a0Bbm00000m6xRPEAY","31442827","DEV-101","31442827_DEV-101_2024-2","2024-2","Item Created"
"a0Bbm00000m6xRQEAY","31399534","GEN-101","31399534_GEN-101_2024-2","2024-2","Item Created"
"a0Bbm00000m6xRREAY","40993683","DAT-201","40993683_DAT-201_2024-2","2024-2","Item Created"
"a0Bbm00000m6xRSEAY","36470833","GEN-101","36470833_GEN-101_2024-2","2024-2","Item Created"
"a0Bbm00000m6xRTEAY","34801591","MKT-200","34801591_MKT-200_2024-2","2024-2","Item Created"
"a0Bbm00000m6xRUEAY","36847519","MKT-200","36847519_MKT-200_2024-2","2024-2","Item Created"
"a0Bbm00000m6xRVEAY","31800702","DAT-101","31800702_DAT-101_2024-2","2024-2","Item Created"
"a0Bbm00000m6xRWEAY","45116252","DAT-201","45116252_DAT-201_2024-2","2024-2","Item Created"
"a0Bbm00000m6xRXEAY","39684246","GEN-101","39684246_GEN-101_2024-2","2024-2","Item Created"
"a0Bbm00000m6xRYEAY","38388641","IA-300","38388641_IA-300_2024-2","2024-2","Item Created"
"a0Bbm00000m7BKrEAM","41235752","UX-100","41235752_UX-100_2024-2","2024-2","Item Created"
"a0Bbm00000m7BKsEAM","34471842","GEN-101","34471842_GEN-101_2024-2","2024-2","Item Created"
"a0Bbm00000m7BKtEAM","31544603","NEG-400","31544603_NEG-400_2024-2","2024-2","Item Created"
"a0Bbm00000m7BKuEAM","34724187","DAT-101","34724187_DAT-101_2024-2","2024-2","Item Created"
"a0Bbm00000m7BKvEAM","36489803","IA-300","36489803_IA-300_2024-2","2024-2","Item Created"
"a0Bbm00000m7BKwEAM","39734889","DAT-101","39734889_DAT-101_2024-2","2024-2","Item Created"
"a0Bbm00000m7BKxEAM","36456678","UX-100","36456678_UX-100_2024-2","2024-2","Item Created"
"a0Bbm00000m7BKyEAM","39579403","DAT-101","39579403_DAT-101_2024-2","2024-2","Item Created"
"a0Bbm00000m7BKzEAM","35023742","DEV-101","35023742_DEV-101_2024-2","2024-2","Item Created"
"a0Bbm00000m7BL0EAM","45688788","GEN-101","45688788_GEN-101_2024-2","2024-2","Item Created"
"a0Bbm00000m7BL1EAM","43773004","DEV-101","43773004_DEV-101_2024-2","2024-2","Item Created"
"a0Bbm00000m7BL2EAM","36746458","DAT-101","36746458_DAT-101_2024-2","2024-2","Item Created"
"a0Bbm00000m7BL3EAM","34457031","GEN-101","34457031_GEN-101_2024-2","2024-2","Item Created"
"a0Bbm00000m7BL4EAM","33081027","DAT-101","33081027_DAT-101_2024-2","2024-2","Item Created"
"a0Bbm00000m7BL5EAM","42622519","UX-100","42622519_UX-100_2024-2","2024-2","Item Created"
"a0Bbm00000m7BL6EAM","42473169","GEN-101","42473169_GEN-101_2024-2","2024-2","Item Created"
"a0Bbm00000m7BL7EAM","43733466","GEN-101","43733466_GEN-101_2024-2","2024-2","Item Created"
"a0Bbm00000m7BL8EAM","42242735","NEG-400","42242735_NEG-400_2024-2","2024-2","Item Created"
"a0Bbm00000m7BL9EAM","44927685","UX-100","44927685_UX-100_2024-2","2024-2","Item Created"
"a0Bbm00000m7BLAEA2","37706458","DAT-101","37706458_DAT-101_2024-2","2024-2","Item Created"
"a0Bbm00000m7BLBEA2","31087473","IA-300","31087473_IA-300_2024-2","2024-2","Item Created"
"a0Bbm00000m7BLCEA2","37795993","GEN-101","37795993_GEN-101_2024-2","2024-2","Item Created"
"a0Bbm00000m7BLDEA2","37564736","NEG-400","37564736_NEG-400_2024-2","2024-2","Item Created"
"a0Bbm00000m7BLEEA2","36161620","GEN-101","36161620_GEN-101_2024-2","2024-2","Item Created"
"a0Bbm00000m7BLFEA2","41473248","MKT-200","41473248_MKT-200_2024-2","2024-2","Item Created"
"a0Bbm00000m7BLGEA2","32120170","GEN-101","32120170_GEN-101_2024-2","2024-2","Item Created"
"a0Bbm00000m7BLHEA2","31453197","GEN-101","31453197_GEN-101_2024-2","2024-2","Item Created"
"a0Bbm00000m7BLIEA2","31692100","MKT-200","31692100_MKT-200_2024-2","2024-2","Item Created"
"a0Bbm00000m7BLJEA2","30682265","DEV-101","30682265_DEV-101_2024-2","2024-2","Item Created"
"a0Bbm00000m7BLKEA2","41330737","DAT-201","41330737_DAT-201_2024-2","2024-2","Item Created"
"a0Bbm00000m7BLLEA2","38370600","UX-100","38370600_UX-100_2024-2","2024-2","Item Created"
"a0Bbm00000m7BLMEA2","43542005","GEN-101","43542005_GEN-101_2024-2","2024-2","Item Created"
"a0Bbm00000m7BLNEA2","42760731","IA-300","42760731_IA-300_2024-2","2024-2","Item Created"
"a0Bbm00000m7BLOEA2","32487000","DAT-201","32487000_DAT-201_2024-2","2024-2","Item Created"
"a0Bbm00000m7BLPEA2","34363040","DAT-201","34363040_DAT-201_2024-2","2024-2","Item Created"
"a0Bbm00000m7BLQEA2","37272214","DAT-101","37272214_DAT-101_2024-2","2024-2","Item Created"
"a0Bbm00000m7BLREA2","35589315","IA-300","35589315_IA-300_2024-2","2024-2","Item Created"
"a0Bbm00000m7BLSEA2","43023911","DAT-101","43023911_DAT-101_2024-2","2024-2","Item Created"
"a0Bbm00000m7BLTEA2","37376900","GEN-101","37376900_GEN-101_2024-2","2024-2","Item Created"
"a0Bbm00000m7BLUEA2","41564993","DAT-201","41564993_DAT-201_2024-2","2024-2","Item Created"
"a0Bbm00000m7BLVEA2","34657279","MKT-200","34657279_MKT-200_2024-2","2024-2","Item Created"
"a0Bbm00000m7BLWEA2","34761805","DAT-201","34761805_DAT-201_2024-2","2024-2","Item Created"
"a0Bbm00000m7BLXEA2","38485886","DAT-201","38485886_DAT-201_2024-2","2024-2","Item Created"
"a0Bbm00000m7BLYEA2","44910143","UX-100","44910143_UX-100_2024-2","2024-2","Item Created"
"a0Bbm00000m7BLZEA2","34617592","DAT-101","34617592_DAT-101_2024-2","2024-2","Item Created"
"a0Bbm00000m7BLaEAM","40391525","DAT-101","40391525_DAT-101_2024-2","2024-2","Item Created"
"a0Bbm00000m7BLbEAM","31438742","IA-300","31438742_IA-300_2024-2","2024-2","Item Created"
"a0Bbm00000m7BLcEAM","34731502","DAT-101","34731502_DAT-101_2024-2","2024-2","Item Created"
"a0Bbm00000m7BLdEAM","42266843","IA-300","42266843_IA-300_2024-2","2024-2","Item Created"
"a0Bbm00000m7BLeEAM","36016561","MKT-200","36016561_MKT-200_2024-2","2024-2","Item Created"
"a0Bbm00000m7BLfEAM","32864447","DEV-101","32864447_DEV-101_2024-2","2024-2","Item Created"
"a0Bbm00000m7BLgEAM","31356012","MKT-200","31356012_MKT-200_2024-2","2024-2","Item Created"
"a0Bbm00000m7BLhEAM","45348552","DAT-101","45348552_DAT-101_2024-2","2024-2","Item Created"
"a0Bbm00000m7BLiEAM","36839899","DAT-201","36839899_DAT-201_2024-2","2024-2","Item Created"
"a0Bbm00000m7BLjEAM","37495057","DAT-101","37495057_DAT-101_2024-2","2024-2","Item Created"
"a0Bbm00000m7BLkEAM","37032603","IA-300","37032603_IA-300_2024-2","2024-2","Item Created"
"a0Bbm00000m7BLlEAM","41944353","IA-300","41944353_IA-300_2024-2","2024-2","Item Created"
"a0Bbm00000m7BLmEAM","45746270","NEG-400","45746270_NEG-400_2024-2","2024-2","Item Created"
"a0Bbm00000m7BLnEAM","35915007","UX-100","35915007_UX-100_2024-2","2024-2","Item Created"
"a0Bbm00000m7BLoEAM","43990468","IA-300","43990468_IA-300_2024-2","2024-2","Item Created"
"a0Bbm00000m7BLpEAM","39910307","DAT-101","39910307_DAT-101_2024-2","2024-2","Item Created"
"a0Bbm00000m7BLqEAM","36456678","DEV-101","36456678_DEV-101_2024-2","2024-2","Item Created"
"a0Bbm00000m7BLrEAM","31581376","DEV-101","31581376_DEV-101_2024-2","2024-2","Item Created"
"a0Bbm00000m7BLsEAM","41289623","UX-100","41289623_UX-100_2024-2","2024-2","Item Created"
"a0Bbm00000m7BLtEAM","41941216","IA-300","41941216_IA-300_2024-2","2024-2","Item Created"
"a0Bbm00000m7BLuEAM","37663002","DEV-101","37663002_DEV-101_2024-2","2024-2","Item Created"
"a0Bbm00000m7BLvEAM","34759191","DEV-101","34759191_DEV-101_2024-2","2024-2","Item Created"
"a0Bbm00000m7BLwEAM","40965886","DAT-101","40965886_DAT-101_2024-2","2024-2","Item Created"
"a0Bbm00000m7BLxEAM","33730130","NEG-400","33730130_NEG-400_2024-2","2024-2","Item Created"
"a0Bbm00000m7BLyEAM","32349994","GEN-101","32349994_GEN-101_2024-2","2024-2","Item Created"
"a0Bbm00000m7BLzEAM","32811654","MKT-200","32811654_MKT-200_2024-2","2024-2","Item Created"
"a0Bbm00000m7BM0EAM","35961291","DEV-101","35961291_DEV-101_2024-2","2024-2","Item Created"
"a0Bbm00000m7BM1EAM","38443830","IA-300","38443830_IA-300_2024-2","2024-2","Item Created"
"a0Bbm00000m7BM2EAM","31599603","GEN-101","31599603_GEN-101_2024-2","2024-2","Item Created"
"a0Bbm00000m7BM3EAM","41702335","MKT-200","41702335_MKT-200_2024-2","2024-2","Item Created"
"a0Bbm00000m7BM4EAM","44900640","NEG-400","44900640_NEG-400_2024-2","2024-2","Item Created"
"a0Bbm00000m7BM5EAM","34250668","MKT-200","34250668_MKT-200_2024-2","2024-2","Item Created"
"a0Bbm00000m7BM6EAM","37856329","GEN-101","37856329_GEN-101_2024-2","2024-2","Item Created"
"a0Bbm00000m7BM7EAM","42622519","IA-300","42622519_IA-300_2024-2","2024-2","Item Created"
"a0Bbm00000m7BM8EAM","37478367","MKT-200","37478367_MKT-200_2024-2","2024-2","Item Created"
"a0Bbm00000m7BM9EAM","39110609","GEN-101","39110609_GEN-101_2024-2","2024-2","Item Created"
"a0Bbm00000m7BMAEA2","44067426","NEG-400","44067426_NEG-400_2024-2","2024-2","Item Created"
"a0Bbm00000m7BMBEA2","39910307","UX-100","39910307_UX-100_2024-2","2024-2","Item Created"
"a0Bbm00000m7BMCEA2","38388641","DAT-201","38388641_DAT-201_2024-2","2024-2","Item Created"
"a0Bbm00000m7BMDEA2","42740444","DAT-201","42740444_DAT-201_2024-2","2024-2","Item Created"
"a0Bbm00000m7BMEEA2","45419935","IA-300","45419935_IA-300_2024-2","2024-2","Item Created"
"a0Bbm00000m7BMFEA2","38082801","MKT-200","38082801_MKT-200_2024-2","2024-2","Item Created"
"a0Bbm00000m7BMGEA2","31770202","DAT-101","31770202_DAT-101_2024-2","2024-2","Item Created"
"a0Bbm00000m7BMHEA2","35824110","NEG-400","35824110_NEG-400_2024-2","2024-2","Item Created"
"a0Bbm00000m7BMIEA2","44441151","MKT-200","44441151_MKT-200_2024-2","2024-2","Item Created"
"a0Bbm00000m7BMJEA2","42124538","MKT-200","42124538_MKT-200_2024-2","2024-2","Item Created"
"a0Bbm00000m7BMKEA2","35915600","GEN-101","35915600_GEN-101_2024-2","2024-2","Item Created"
"a0Bbm00000m7BMLEA2","32855448","NEG-400","32855448_NEG-400_2024-2","2024-2","Item Created"
"a0Bbm00000m7BMMEA2","42613265","GEN-101","42613265_GEN-101_2024-2","2024-2","Item Created"
"a0Bbm00000m7BMNEA2","41607939","DEV-101","41607939_DEV-101_2024-2","2024-2","Item Created"
"a0Bbm00000m7BMOEA2","35668496","IA-300","35668496_IA-300_2024-2","2024-2","Item Created"
"a0Bbm00000m7BMPEA2","41126806","GEN-101","41126806_GEN-101_2024-2","2024-2","Item Created"
"a0Bbm00000m7BMQEA2","38223982","GEN-101","38223982_GEN-101_2024-2","2024-2","Item Created"
"a0Bbm00000m7BMREA2","30808302","GEN-101","30808302_GEN-101_2024-2","2024-2","Item Created"
"a0Bbm00000m7BMSEA2","41453617","NEG-400","41453617_NEG-400_2024-2","2024-2","Item Created"
"a0Bbm00000m7BMTEA2","33212131","MKT-200","33212131_MKT-200_2024-2","2024-2","Item Created"
"a0Bbm00000m7BMUEA2","42789411","IA-300","42789411_IA-300_2024-2","2024-2","Item Created"
"a0Bbm00000m7BMVEA2","44370456","NEG-400","44370456_NEG-400_2024-2","2024-2","Item Created"
"a0Bbm00000m7BMWEA2","42305779","GEN-101","42305779_GEN-101_2024-2","2024-2","Item Created"
"a0Bbm00000m7BMXEA2","35569822","DAT-201","35569822_DAT-201_2024-2","2024-2","Item Created"
"a0Bbm00000m7BMYEA2","39353079","UX-100","39353079_UX-100_2024-2","2024-2","Item Created"
"a0Bbm00000m7BMZEA2","41886872","DAT-101","41886872_DAT-101_2024-2","2024-2","Item Created"
"a0Bbm00000m7BMaEAM","38290265","NEG-400","38290265_NEG-400_2024-2","2024-2","Item Created"
"a0Bbm00000m7BMbEAM","45147679","MKT-200","45147679_MKT-200_2024-2","2024-2","Item Created"
"a0Bbm00000m7BMcEAM","33601032","NEG-400","33601032_NEG-400_2024-2","2024-2","Item Created"
"a0Bbm00000m7BMdEAM","34543225","IA-300","34543225_IA-300_2024-2","2024-2","Item Created"
"a0Bbm00000m7BMeEAM","43947996","DAT-101","43947996_DAT-101_2024-2","2024-2","Item Created"
"a0Bbm00000m7BMfEAM","42419781","NEG-400","42419781_NEG-400_2024-2","2024-2","Item Created"
"a0Bbm00000m7BMgEAM","35975020","MKT-200","35975020_MKT-200_2024-2","2024-2","Item Created"
"a0Bbm00000m7BO5EAM","44506499","IA-300","44506499_IA-300_2024-2","2024-2","Item Created"
"a0Bbm00000m7BO6EAM","45908118","GEN-101","45908118_GEN-101_2024-2","2024-2","Item Created"
"a0Bbm00000m7BO7EAM","43777501","GEN-101","43777501_GEN-101_2024-2","2024-2","Item Created"
"a0Bbm00000m7BO8EAM","44765173","GEN-101","44765173_GEN-101_2024-2","2024-2","Item Created"
"a0Bbm00000m7BO9EAM","41134242","GEN-101","41134242_GEN-101_2024-2","2024-2","Item Created"
"a0Bbm00000m7BOAEA2","39749714","IA-300","39749714_IA-300_2024-2","2024-2","Item Created"
"a0Bbm00000m7BOBEA2","45685363","DAT-201","45685363_DAT-201_2024-2","2024-2","Item Created"
"a0Bbm00000m7BOCEA2","36377876","NEG-400","36377876_NEG-400_2024-2","2024-2","Item Created"
"a0Bbm00000m7BODEA2","45594124","DAT-201","45594124_DAT-201_2024-2","2024-2","Item Created"
"a0Bbm00000m7BOEEA2","36948146","GEN-101","36948146_GEN-101_2024-2","2024-2","Item Created"
"a0Bbm00000m7BOFEA2","42677307","DEV-101","42677307_DEV-101_2024-2","2024-2","Item Created"
"a0Bbm00000m7BOGEA2","38567788","DEV-101","38567788_DEV-101_2024-2","2024-2","Item Created"
"a0Bbm00000m7BOHEA2","39260956","NEG-400","39260956_NEG-400_2024-2","2024-2","Item Created"
"a0Bbm00000m7BOIEA2","43010564","IA-300","43010564_IA-300_2024-2","2024-2","Item Created"
"a0Bbm00000m7BOJEA2","44289991","NEG-400","44289991_NEG-400_2024-2","2024-2","Item Created"
"a0Bbm00000m7BOKEA2","42706367","DAT-201","42706367_DAT-201_2024-2","2024-2","Item Created"
"a0Bbm00000m7BOLEA2","30716676","NEG-400","30716676_NEG-400_2024-2","2024-2","Item Created"
"a0Bbm00000m7BOMEA2","35031297","NEG-400","35031297_NEG-400_2024-2","2024-2","Item Created"
"a0Bbm00000m7BONEA2","30808302","MKT-200","30808302_MKT-200_2024-2","2024-2","Item Created"
"a0Bbm00000m7BOOEA2","36867908","GEN-101","36867908_GEN-101_2024-2","2024-2","Item Created"
"a0Bbm00000m7BOPEA2","31178906","GEN-101","31178906_GEN-101_2024-2","2024-2","Item Created"
"a0Bbm00000m7BOQEA2","39605597","DEV-101","39605597_DEV-101_2024-2","2024-2","Item Created"
"a0Bbm00000m7BOREA2","36031653","IA-300","36031653_IA-300_2024-2","2024-2","Item Created"
"a0Bbm00000m7BOSEA2","43062304","DEV-101","43062304_DEV-101_2024-2","2024-2","Item Created"
"a0Bbm00000m7BOTEA2","31263287","IA-300","31263287_IA-300_2024-2","2024-2","Item Created"
"a0Bbm00000m7BOUEA2","45365573","IA-300","45365573_IA-300_2024-2","2024-2","Item Created"
"a0Bbm00000m7BOVEA2","30413264","UX-100","30413264_UX-100_2024-2","2024-2","Item Created"
"a0Bbm00000m7BOWEA2","34636803","DAT-201","34636803_DAT-201_2024-2","2024-2","Item Created"
"a0Bbm00000m7BOXEA2","43243328","DAT-101","43243328_DAT-101_2024-2","2024-2","Item Created"
"a0Bbm00000m7BOYEA2","32416248","MKT-200","32416248_MKT-200_2024-2","2024-2","Item Created"
"a0Bbm00000m7BOZEA2","43948943","MKT-200","43948943_MKT-200_2024-2","2024-2","Item Created"
"a0Bbm00000m7BOaEAM","34572098","GEN-101","34572098_GEN-101_2024-2","2024-2","Item Created"
"a0Bbm00000m7BObEAM","34446593","GEN-101","34446593_GEN-101_2024-2","2024-2","Item Created"
"a0Bbm00000m7BOcEAM","33460388","GEN-101","33460388_GEN-101_2024-2","2024-2","Item Created"
"a0Bbm00000m7BOdEAM","33693770","UX-100","33693770_UX-100_2024-2","2024-2","Item Created"
"a0Bbm00000m7BOeEAM","45426738","DAT-201","45426738_DAT-201_2024-2","2024-2","Item Created"
"a0Bbm00000m7BOfEAM","32180590","DAT-101","32180590_DAT-101_2024-2","2024-2","Item Created"
"a0Bbm00000m7BOgEAM","45128829","MKT-200","45128829_MKT-200_2024-2","2024-2","Item Created"
"a0Bbm00000m7BOhEAM","38866674","GEN-101","38866674_GEN-101_2024-2","2024-2","Item Created"
"a0Bbm00000m7BOiEAM","45303367","DEV-101","45303367_DEV-101_2024-2","2024-2","Item Created"
"a0Bbm00000m7BOjEAM","42974553","UX-100","42974553_UX-100_2024-2","2024-2","Item Created"
"a0Bbm00000m7BOkEAM","30300658","IA-300","30300658_IA-300_2024-2","2024-2","Item Created"
"a0Bbm00000m7BOlEAM","39515864","IA-300","39515864_IA-300_2024-2","2024-2","Item Created"
"a0Bbm00000m7BOmEAM","43362081","NEG-400","43362081_NEG-400_2024-2","2024-2","Item Created"
"a0Bbm00000m7BOnEAM","41003214","DAT-101","41003214_DAT-101_2024-2","2024-2","Item Created"
"a0Bbm00000m7BOoEAM","41938150","UX-100","41938150_UX-100_2024-2","2024-2","Item Created"
"a0Bbm00000m7BOpEAM","35471829","DEV-101","35471829_DEV-101_2024-2","2024-2","Item Created"
"a0Bbm00000m7BOqEAM","30413264","DAT-101","30413264_DAT-101_2024-2","2024-2","Item Created"
"a0Bbm00000m7BOrEAM","35409911","DEV-101","35409911_DEV-101_2024-2","2024-2","Item Created"
"a0Bbm00000m7BOsEAM","43710760","DAT-201","43710760_DAT-201_2024-2","2024-2","Item Created"
"a0Bbm00000m7BOtEAM","31554768","DAT-201","31554768_DAT-201_2024-2","2024-2","Item Created"
"a0Bbm00000m7BOuEAM","39451059","NEG-400","39451059_NEG-400_2024-2","2024-2","Item Created"
"a0Bbm00000m7BOvEAM","37513790","IA-300","37513790_IA-300_2024-2","2024-2","Item Created"
"a0Bbm00000m7BOwEAM","36907787","NEG-400","36907787_NEG-400_2024-2","2024-2","Item Created"
"a0Bbm00000m7BOxEAM","43914297","DAT-201","43914297_DAT-201_2024-2","2024-2","Item Created"
"a0Bbm00000m7BOyEAM","32556008","DAT-101","32556008_DAT-101_2024-2","2024-2","Item Created"
"a0Bbm00000m7BOzEAM","31178906","DEV-101","31178906_DEV-101_2024-2","2024-2","Item Created"
"a0Bbm00000m7BP0EAM","45055136","MKT-200","45055136_MKT-200_2024-2","2024-2","Item Created"
"a0Bbm00000m7BP1EAM","31636346","GEN-101","31636346_GEN-101_2024-2","2024-2","Item Created"
"a0Bbm00000m7BP2EAM","36187665","IA-300","36187665_IA-300_2024-2","2024-2","Item Created"
"a0Bbm00000m7BP3EAM","38314294","IA-300","38314294_IA-300_2024-2","2024-2","Item Created"
"a0Bbm00000m7BP4EAM","30126752","DAT-201","30126752_DAT-201_2024-2","2024-2","Item Created"
"a0Bbm00000m7BP5EAM","45303367","NEG-400","45303367_NEG-400_2024-2","2024-2","Item Created"
"a0Bbm00000m7BP6EAM","45801274","MKT-200","45801274_MKT-200_2024-2","2024-2","Item Created"
"a0Bbm00000m7BP7EAM","36725023","DEV-101","36725023_DEV-101_2024-2","2024-2","Item Created"
"a0Bbm00000m7BP8EAM","44927685","MKT-200","44927685_MKT-200_2024-2","2024-2","Item Created"
"a0Bbm00000m7BP9EAM","37026116","GEN-101","37026116_GEN-101_2024-2","2024-2","Item Created"
"a0Bbm00000m7BPAEA2","30894734","NEG-400","30894734_NEG-400_2024-2","2024-2","Item Created"
"a0Bbm00000m7BPBEA2","43554211","UX-100","43554211_UX-100_2024-2","2024-2","Item Created"
"a0Bbm00000m7BPCEA2","38282799","GEN-101","38282799_GEN-101_2024-2","2024-2","Item Created"
"a0Bbm00000m7BPDEA2","44654200","DAT-201","44654200_DAT-201_2024-2","2024-2","Item Created"
"a0Bbm00000m7BPEEA2","30619113","NEG-400","30619113_NEG-400_2024-2","2024-2","Item Created"
"a0Bbm00000m7BPFEA2","43904609","DAT-101","43904609_DAT-101_2024-2","2024-2","Item Created"
"a0Bbm00000m7BPGEA2","34343777","NEG-400","34343777_NEG-400_2024-2","2024-2","Item Created"
"a0Bbm00000m7BPHEA2","40105729","MKT-200","40105729_MKT-200_2024-2","2024-2","Item Created"
"a0Bbm00000m7BPIEA2","44456279","IA-300","44456279_IA-300_2024-2","2024-2","Item Created"
"a0Bbm00000m7BPJEA2","31271467","MKT-200","31271467_MKT-200_2024-2","2024-2","Item Created"
"a0Bbm00000m7BPKEA2","41570701","IA-300","41570701_IA-300_2024-2","2024-2","Item Created"
"a0Bbm00000m7BPLEA2","37564736","MKT-200","37564736_MKT-200_2024-2","2024-2","Item Created"
"a0Bbm00000m7BPMEA2","32480053","DAT-201","32480053_DAT-201_2024-2","2024-2","Item Created"
"a0Bbm00000m7BPNEA2","35589315","UX-100","35589315_UX-100_2024-2","2024-2","Item Created"
"a0Bbm00000m7BPOEA2","42253635","UX-100","42253635_UX-100_2024-2","2024-2","Item Created"
"a0Bbm00000m7BPPEA2","44886400","DAT-201","44886400_DAT-201_2024-2","2024-2","Item Created"
"a0Bbm00000m7BPQEA2","39921380","DAT-201","39921380_DAT-201_2024-2","2024-2","Item Created"
"a0Bbm00000m7BPREA2","32096884","DAT-201","32096884_DAT-201_2024-2","2024-2","Item Created"
"a0Bbm00000m7BPSEA2","32028899","DEV-101","32028899_DEV-101_2024-2","2024-2","Item Created"
"a0Bbm00000m7BPTEA2","45670602","GEN-101","45670602_GEN-101_2024-2","2024-2","Item Created"
"a0Bbm00000m7BPUEA2","43864775","DAT-201","43864775_DAT-201_2024-2","2024-2","Item Created"
"a0Bbm00000m7BPVEA2","39371126","DAT-101","39371126_DAT-101_2024-2","2024-2","Item Created"
"a0Bbm00000m7BPWEA2","30370016","MKT-200","30370016_MKT-200_2024-2","2024-2","Item Created"
"a0Bbm00000m7BPXEA2","30300948","MKT-200","30300948_MKT-200_2024-2","2024-2","Item Created"
"a0Bbm00000m7BPYEA2","30469731","IA-300","30469731_IA-300_2024-2","2024-2","Item Created"
"a0Bbm00000m7BPZEA2","36537106","MKT-200","36537106_MKT-200_2024-2","2024-2","Item Created"
"a0Bbm00000m7BPaEAM","36083652","DAT-201","36083652_DAT-201_2024-2","2024-2","Item Created"
"a0Bbm00000m7BPbEAM","30898022","UX-100","30898022_UX-100_2024-2","2024-2","Item Created"
"a0Bbm00000m7BPcEAM","44904880","DEV-101","44904880_DEV-101_2024-2","2024-2","Item Created"
"a0Bbm00000m7BPdEAM","32200927","MKT-200","32200927_MKT-200_2024-2","2024-2","Item Created"
"a0Bbm00000m7BPeEAM","32085812","DAT-201","32085812_DAT-201_2024-2","2024-2","Item Created"
"a0Bbm00000m7BPfEAM","41150046","DAT-201","41150046_DAT-201_2024-2","2024-2","Item Created"
"a0Bbm00000m7BPgEAM","45130131","GEN-101","45130131_GEN-101_2024-2","2024-2","Item Created"
"a0Bbm00000m7BPhEAM","31271467","NEG-400","31271467_NEG-400_2024-2","2024-2","Item Created"
"a0Bbm00000m7BPiEAM","36651921","UX-100","36651921_UX-100_2024-2","2024-2","Item Created"
"a0Bbm00000m7BPjEAM","43947996","UX-100","43947996_UX-100_2024-2","2024-2","Item Created"
"a0Bbm00000m7BPkEAM","39924190","DAT-101","39924190_DAT-101_2024-2","2024-2","Item Created"
"a0Bbm00000m7BPlEAM","37275248","DAT-201","37275248_DAT-201_2024-2","2024-2","Item Created"
"a0Bbm00000m7BPmEAM","37915491","MKT-200","37915491_MKT-200_2024-2","2024-2","Item Created"
"a0Bbm00000m7BPnEAM","39749714","UX-100","39749714_UX-100_2024-2","2024-2","Item Created"
"a0Bbm00000m7BPoEAM","45385368","NEG-400","45385368_NEG-400_2024-2","2024-2","Item Created"
"a0Bbm00000m7BPpEAM","34207249","IA-300","34207249_IA-300_2024-2","2024-2","Item Created"
"a0Bbm00000m7BPqEAM","43029052","GEN-101","43029052_GEN-101_2024-2","2024-2","Item Created"
"a0Bbm00000m7BPrEAM","32369229","UX-100","32369229_UX-100_2024-2","2024-2","Item Created"
"a0Bbm00000m7BPsEAM","32308961","DAT-101","32308961_DAT-101_2024-2","2024-2","Item Created"
"a0Bbm00000m7BPtEAM","34446593","UX-100","34446593_UX-100_2024-2","2024-2","Item Created"
"a0Bbm00000m7BPuEAM","45147679","DAT-201","45147679_DAT-201_2024-2","2024-2","Item Created"
"a0Bbm00000m7BPvEAM","32480053","MKT-200","32480053_MKT-200_2024-2","2024-2","Item Created"
"a0Bbm00000m7BPwEAM","42221418","UX-100","42221418_UX-100_2024-2","2024-2","Item Created"
"a0Bbm00000m7BPxEAM","36380821","DAT-101","36380821_DAT-101_2024-2","2024-2","Item Created"
"a0Bbm00000m7BPyEAM","32160000","IA-300","32160000_IA-300_2024-2","2024-2","Item Created"
"a0Bbm00000m7BPzEAM","30089193","MKT-200","30089193_MKT-200_2024-2","2024-2","Item Created"
"a0Bbm00000m7BQ0EAM","35718936","DAT-101","35718936_DAT-101_2024-2","2024-2","Item Created"
"a0Bbm00000m7BQ1EAM","37678418","MKT-200","37678418_MKT-200_2024-2","2024-2","Item Created"
"a0Bbm00000m7BQ2EAM","37012198","NEG-400","37012198_NEG-400_2024-2","2024-2","Item Created"
"a0Bbm00000m7BQ3EAM","38542906","DEV-101","38542906_DEV-101_2024-2","2024-2","Item Created"
"a0Bbm00000m7BQ4EAM","44412440","DAT-101","44412440_DAT-101_2024-2","2024-2","Item Created"
"a0Bbm00000m7BQ5EAM","43062304","MKT-200","43062304_MKT-200_2024-2","2024-2","Item Created"
"a0Bbm00000m7BQ6EAM","43802935","DEV-101","43802935_DEV-101_2024-2","2024-2","Item Created"
"a0Bbm00000m7BQ7EAM","42826422","MKT-200","42826422_MKT-200_2024-2","2024-2","Item Created"
"a0Bbm00000m7BQ8EAM","41511282","DEV-101","41511282_DEV-101_2024-2","2024-2","Item Created"
"a0Bbm00000m7BQ9EAM","40358012","NEG-400","40358012_NEG-400_2024-2","2024-2","Item Created"
"a0Bbm00000m7BQAEA2","35810239","DAT-201","35810239_DAT-201_2024-2","2024-2","Item Created"
"a0Bbm00000m7BQBEA2","32556008","UX-100","32556008_UX-100_2024-2","2024-2","Item Created"
"a0Bbm00000m7BQCEA2","34758464","MKT-200","34758464_MKT-200_2024-2","2024-2","Item Created"
"a0Bbm00000m7BQDEA2","33693959","NEG-400","33693959_NEG-400_2024-2","2024-2","Item Created"
"a0Bbm00000m7BQEEA2","38129607","DAT-101","38129607_DAT-101_2024-2","2024-2","Item Created"
"a0Bbm00000m7BQFEA2","37080082","NEG-400","37080082_NEG-400_2024-2","2024-2","Item Created"
"a0Bbm00000m7BQGEA2","37253616","UX-100","37253616_UX-100_2024-2","2024-2","Item Created"
"a0Bbm00000m7BQHEA2","45170259","DAT-201","45170259_DAT-201_2024-2","2024-2","Item Created"
"a0Bbm00000m7BQIEA2","41824986","DEV-101","41824986_DEV-101_2024-2","2024-2","Item Created"
"a0Bbm00000m7BQJEA2","40626532","DAT-201","40626532_DAT-201_2024-2","2024-2","Item Created"
"a0Bbm00000m7BQKEA2","42826422","IA-300","42826422_IA-300_2024-2","2024-2","Item Created"
"a0Bbm00000m7BQLEA2","37604035","MKT-200","37604035_MKT-200_2024-2","2024-2","Item Created"
"a0Bbm00000m7BQMEA2","34077479","UX-100","34077479_UX-100_2024-2","2024-2","Item Created"
"a0Bbm00000m7BQNEA2","34218122","DAT-101","34218122_DAT-101_2024-2","2024-2","Item Created"
"a0Bbm00000m7BQOEA2","36098117","IA-300","36098117_IA-300_2024-2","2024-2","Item Created"
"a0Bbm00000m7BQPEA2","42789411","NEG-400","42789411_NEG-400_2024-2","2024-2","Item Created"
"a0Bbm00000m7BQQEA2","44870664","DAT-101","44870664_DAT-101_2024-2","2024-2","Item Created"
"a0Bbm00000m7BQREA2","39129106","DAT-101","39129106_DAT-101_2024-2","2024-2","Item Created"
"a0Bbm00000m7BQSEA2","35891432","DAT-101","35891432_DAT-101_2024-2","2024-2","Item Created"
"a0Bbm00000m7BQTEA2","36847519","GEN-101","36847519_GEN-101_2024-2","2024-2","Item Created"
"a0Bbm00000m7BQUEA2","31723879","MKT-200","31723879_MKT-200_2024-2","2024-2","Item Created"
"a0Bbm00000m7BQVEA2","31087473","UX-100","31087473_UX-100_2024-2","2024-2","Item Created"
"a0Bbm00000m7BQWEA2","33076159","DAT-201","33076159_DAT-201_2024-2","2024-2","Item Created"
"a0Bbm00000m7BQXEA2","33693959","DAT-201","33693959_DAT-201_2024-2","2024-2","Item Created"
"a0Bbm00000m7BQYEA2","32160000","DAT-201","32160000_DAT-201_2024-2","2024-2","Item Created"
"a0Bbm00000m7BQZEA2","42331291","DEV-101","42331291_DEV-101_2024-2","2024-2","Item Created"
"a0Bbm00000m7BQaEAM","41597245","NEG-400","41597245_NEG-400_2024-2","2024-2","Item Created"
"a0Bbm00000m7BQbEAM","41950086","DAT-101","41950086_DAT-101_2024-2","2024-2","Item Created"
"a0Bbm00000m7BQcEAM","34508314","UX-100","34508314_UX-100_2024-2","2024-2","Item Created"
"a0Bbm00000m7BQdEAM","43978117","IA-300","43978117_IA-300_2024-2","2024-2","Item Created"
"a0Bbm00000m7BQeEAM","31162466","MKT-200","31162466_MKT-200_2024-2","2024-2","Item Created"
"a0Bbm00000m7BQfEAM","35810239","MKT-200","35810239_MKT-200_2024-2","2024-2","Item Created"
"a0Bbm00000m7BQgEAM","40069107","GEN-101","40069107_GEN-101_2024-2","2024-2","Item Created"
"a0Bbm00000m7BQhEAM","35517461","NEG-400","35517461_NEG-400_2024-2","2024-2","Item Created"
"a0Bbm00000m7BQiEAM","41402719","NEG-400","41402719_NEG-400_2024-2","2024-2","Item Created"
"a0Bbm00000m7BQjEAM","44436801","GEN-101","44436801_GEN-101_2024-2","2024-2","Item Created"
"a0Bbm00000m7BQkEAM","33696189","DEV-101","33696189_DEV-101_2024-2","2024-2","Item Created"
"a0Bbm00000m7BQlEAM","43088662","NEG-400","43088662_NEG-400_2024-2","2024-2","Item Created"
"a0Bbm00000m7BQmEAM","31725100","UX-100","31725100_UX-100_2024-2","2024-2","Item Created"
"a0Bbm00000m7BQnEAM","32659067","MKT-200","32659067_MKT-200_2024-2","2024-2","Item Created"
"a0Bbm00000m7BQoEAM","33436656","DAT-201","33436656_DAT-201_2024-2","2024-2","Item Created"
"a0Bbm00000m7BQpEAM","32991581","DAT-101","32991581_DAT-101_2024-2","2024-2","Item Created"
"a0Bbm00000m7BQqEAM","35740137","DAT-101","35740137_DAT-101_2024-2","2024-2","Item Created"
"a0Bbm00000m7BQrEAM","37682475","DAT-101","37682475_DAT-101_2024-2","2024-2","Item Created"
"a0Bbm00000m7BQsEAM","33541682","DAT-201","33541682_DAT-201_2024-2","2024-2","Item Created"
"a0Bbm00000m7BQtEAM","44594931","DAT-201","44594931_DAT-201_2024-2","2024-2","Item Created"
"a0Bbm00000m7BQuEAM","30542692","GEN-101","30542692_GEN-101_2024-2","2024-2","Item Created"
"a0Bbm00000m7BQvEAM","34631318","DAT-201","34631318_DAT-201_2024-2","2024-2","Item Created"
"a0Bbm00000m7BQwEAM","42909942","DEV-101","42909942_DEV-101_2024-2","2024-2","Item Created"
"a0Bbm00000m7BQxEAM","34759191","DAT-101","34759191_DAT-101_2024-2","2024-2","Item Created"
"a0Bbm00000m7BQyEAM","45419935","NEG-400","45419935_NEG-400_2024-2","2024-2","Item Created"
"a0Bbm00000m7BQzEAM","45419935","DAT-201","45419935_DAT-201_2024-2","2024-2","Item Created"
"a0Bbm00000m7BR0EAM","43023911","UX-100","43023911_UX-100_2024-2","2024-2","Item Created"
"a0Bbm00000m7BR1EAM","35961291","GEN-101","35961291_GEN-101_2024-2","2024-2","Item Created"
"a0Bbm00000m7BR2EAM","32443281","GEN-101","32443281_GEN-101_2024-2","2024-2","Item Created"
"a0Bbm00000m7BR3EAM","32902968","NEG-400","32902968_NEG-400_2024-2","2024-2","Item Created"
"a0Bbm00000m7BR4EAM","45076126","DAT-201","45076126_DAT-201_2024-2","2024-2","Item Created"
"a0Bbm00000m7BR5EAM","41291663","NEG-400","41291663_NEG-400_2024-2","2024-2","Item Created"
"a0Bbm00000m7BR6EAM","37444361","GEN-101","37444361_GEN-101_2024-2","2024-2","Item Created"
"a0Bbm00000m7BR7EAM","33460388","NEG-400","33460388_NEG-400_2024-2","2024-2","Item Created"
"a0Bbm00000m7BR8EAM","33109769","DEV-101","33109769_DEV-101_2024-2","2024-2","Item Created"
"a0Bbm00000m7BR9EAM","36031653","DAT-101","36031653_DAT-101_2024-2","2024-2","Item Created"
"a0Bbm00000m7BRAEA2","45422028","DEV-101","45422028_DEV-101_2024-2","2024-2","Item Created"
"a0Bbm00000m7BRBEA2","33488611","DAT-201","33488611_DAT-201_2024-2","2024-2","Item Created"
"a0Bbm00000m7BRCEA2","37604035","UX-100","37604035_UX-100_2024-2","2024-2","Item Created"
"a0Bbm00000m7BRDEA2","35061213","IA-300","35061213_IA-300_2024-2","2024-2","Item Created"
"a0Bbm00000m7BREEA2","38622234","NEG-400","38622234_NEG-400_2024-2","2024-2","Item Created"
"a0Bbm00000m7BRFEA2","33699765","DAT-101","33699765_DAT-101_2024-2","2024-2","Item Created"
"a0Bbm00000m7BRGEA2","42287708","DAT-201","42287708_DAT-201_2024-2","2024-2","Item Created"
"a0Bbm00000m7BRHEA2","45422028","GEN-101","45422028_GEN-101_2024-2","2024-2","Item Created"
"a0Bbm00000m7BRIEA2","41664468","DEV-101","41664468_DEV-101_2024-2","2024-2","Item Created"
"a0Bbm00000m6jC9EAI","37272214","UX-100","37272214_UX-100_2024-2","2024-2","Item Created"
"a0Bbm00000m6jCAEAY","30763137","DAT-201","30763137_DAT-201_2024-2","2024-2","Item Created"
"a0Bbm00000m6jCBEAY","42645481","DAT-201","42645481_DAT-201_2024-2","2024-2","Item Created"
"a0Bbm00000m6jCCEAY","33648177","GEN-101","33648177_GEN-101_2024-2","2024-2","Item Created"
"a0Bbm00000m6jCDEAY","35654379","MKT-200","35654379_MKT-200_2024-2","2024-2","Item Created"
"a0Bbm00000m6jCEEAY","41744958","DAT-201","41744958_DAT-201_2024-2","2024-2","Item Created"
"a0Bbm00000m6jCFEAY","44059778","IA-300","44059778_IA-300_2024-2","2024-2","Item Created"
"a0Bbm00000m6jCGEAY","43159265","NEG-400","43159265_NEG-400_2024-2","2024-2","Item Created"
"a0Bbm00000m6jCHEAY","33957369","IA-300","33957369_IA-300_2024-2","2024-2","Item Created"
"a0Bbm00000m6jCIEAY","43313143","DEV-101","43313143_DEV-101_2024-2","2024-2","Item Created"
"a0Bbm00000m6jCJEAY","37573276","GEN-101","37573276_GEN-101_2024-2","2024-2","Item Created"
"a0Bbm00000m6jCKEAY","44113409","UX-100","44113409_UX-100_2024-2","2024-2","Item Created"
"a0Bbm00000m6jCLEAY","40965886","DAT-201","40965886_DAT-201_2024-2","2024-2","Item Created"
"a0Bbm00000m6jCMEAY","37556007","GEN-101","37556007_GEN-101_2024-2","2024-2","Item Created"
"a0Bbm00000m6jCNEAY","33910188","MKT-200","33910188_MKT-200_2024-2","2024-2","Item Created"
"a0Bbm00000m6jCOEAY","35652925","DEV-101","35652925_DEV-101_2024-2","2024-2","Item Created"
"a0Bbm00000m6jCPEAY","33722791","UX-100","33722791_UX-100_2024-2","2024-2","Item Created"
"a0Bbm00000m6jCQEAY","43001086","MKT-200","43001086_MKT-200_2024-2","2024-2","Item Created"
"a0Bbm00000m6jCREAY","30348701","GEN-101","30348701_GEN-101_2024-2","2024-2","Item Created"
"a0Bbm00000m6jCSEAY","31704019","NEG-400","31704019_NEG-400_2024-2","2024-2","Item Created"
"a0Bbm00000m6jCTEAY","33193102","GEN-101","33193102_GEN-101_2024-2","2024-2","Item Created"
"a0Bbm00000m6jCUEAY","31134185","MKT-200","31134185_MKT-200_2024-2","2024-2","Item Created"
"a0Bbm00000m6jCVEAY","30996789","IA-300","30996789_IA-300_2024-2","2024-2","Item Created"
"a0Bbm00000m6jCWEAY","41883892","MKT-200","41883892_MKT-200_2024-2","2024-2","Item Created"
"a0Bbm00000m6jCXEAY","36861254","DEV-101","36861254_DEV-101_2024-2","2024-2","Item Created"
"a0Bbm00000m6jCYEAY","38657054","DAT-201","38657054_DAT-201_2024-2","2024-2","Item Created"
"a0Bbm00000m6jCZEAY","45561312","NEG-400","45561312_NEG-400_2024-2","2024-2","Item Created"
"a0Bbm00000m6jCaEAI","34933089","MKT-200","34933089_MKT-200_2024-2","2024-2","Item Created"
"a0Bbm00000m6jCbEAI","34007375","UX-100","34007375_UX-100_2024-2","2024-2","Item Created"
"a0Bbm00000m6jCcEAI","44536877","GEN-101","44536877_GEN-101_2024-2","2024-2","Item Created"
"a0Bbm00000m6jCdEAI","32702619","DEV-101","32702619_DEV-101_2024-2","2024-2","Item Created"
"a0Bbm00000m6jCeEAI","45840080","DEV-101","45840080_DEV-101_2024-2","2024-2","Item Created"
"a0Bbm00000m6jCfEAI","39556507","DAT-201","39556507_DAT-201_2024-2","2024-2","Item Created"
"a0Bbm00000m6jCgEAI","31370404","IA-300","31370404_IA-300_2024-2","2024-2","Item Created"
"a0Bbm00000m6jChEAI","37326359","UX-100","37326359_UX-100_2024-2","2024-2","Item Created"
"a0Bbm00000m6jCiEAI","40214433","UX-100","40214433_UX-100_2024-2","2024-2","Item Created"
"a0Bbm00000m6jCjEAI","43695489","DEV-101","43695489_DEV-101_2024-2","2024-2","Item Created"
"a0Bbm00000m6jCkEAI","44713441","UX-100","44713441_UX-100_2024-2","2024-2","Item Created"
"a0Bbm00000m6jClEAI","31158762","DAT-201","31158762_DAT-201_2024-2","2024-2","Item Created"
"a0Bbm00000m6jCmEAI","34724187","GEN-101","34724187_GEN-101_2024-2","2024-2","Item Created"
"a0Bbm00000m6jCnEAI","44555423","IA-300","44555423_IA-300_2024-2","2024-2","Item Created"
"a0Bbm00000m6jCoEAI","36279807","UX-100","36279807_UX-100_2024-2","2024-2","Item Created"
"a0Bbm00000m6jCpEAI","31036656","IA-300","31036656_IA-300_2024-2","2024-2","Item Created"
"a0Bbm00000m6jCqEAI","35449166","GEN-101","35449166_GEN-101_2024-2","2024-2","Item Created"
"a0Bbm00000m6jCrEAI","32486624","NEG-400","32486624_NEG-400_2024-2","2024-2","Item Created"
"a0Bbm00000m6jCsEAI","43904609","MKT-200","43904609_MKT-200_2024-2","2024-2","Item Created"
"a0Bbm00000m6jCtEAI","36744678","UX-100","36744678_UX-100_2024-2","2024-2","Item Created"
"a0Bbm00000m6jCuEAI","39251592","GEN-101","39251592_GEN-101_2024-2","2024-2","Item Created"
"a0Bbm00000m6jCvEAI","37080082","DAT-101","37080082_DAT-101_2024-2","2024-2","Item Created"
"a0Bbm00000m6jCwEAI","31301580","MKT-200","31301580_MKT-200_2024-2","2024-2","Item Created"
"a0Bbm00000m6jCxEAI","35061213","DAT-201","35061213_DAT-201_2024-2","2024-2","Item Created"
"a0Bbm00000m6jCyEAI","42590810","GEN-101","42590810_GEN-101_2024-2","2024-2","Item Created"
"a0Bbm00000m6jCzEAI","43583039","NEG-400","43583039_NEG-400_2024-2","2024-2","Item Created"
"a0Bbm00000m6jD0EAI","38137274","UX-100","38137274_UX-100_2024-2","2024-2","Item Created"
"a0Bbm00000m6jD1EAI","42954368","DEV-101","42954368_DEV-101_2024-2","2024-2","Item Created"
"a0Bbm00000m6jD2EAI","33247205","DAT-201","33247205_DAT-201_2024-2","2024-2","Item Created"
"a0Bbm00000m6jD3EAI","33678309","DAT-201","33678309_DAT-201_2024-2","2024-2","Item Created"
"a0Bbm00000m6jD4EAI","36594040","MKT-200","36594040_MKT-200_2024-2","2024-2","Item Created"
"a0Bbm00000m6jD5EAI","30081724","NEG-400","30081724_NEG-400_2024-2","2024-2","Item Created"
"a0Bbm00000m6jD6EAI","32575818","GEN-101","32575818_GEN-101_2024-2","2024-2","Item Created"
"a0Bbm00000m6jD7EAI","45948143","GEN-101","45948143_GEN-101_2024-2","2024-2","Item Created"
"a0Bbm00000m6jD8EAI","45419981","NEG-400","45419981_NEG-400_2024-2","2024-2","Item Created"
"a0Bbm00000m6jD9EAI","38133728","NEG-400","38133728_NEG-400_2024-2","2024-2","Item Created"
"a0Bbm00000m6jDAEAY","44456279","DAT-201","44456279_DAT-201_2024-2","2024-2","Item Created"
"a0Bbm00000m6jDBEAY","33910188","DAT-201","33910188_DAT-201_2024-2","2024-2","Item Created"
"a0Bbm00000m6jDCEAY","38766730","IA-300","38766730_IA-300_2024-2","2024-2","Item Created"
"a0Bbm00000m6jDDEAY","31263287","GEN-101","31263287_GEN-101_2024-2","2024-2","Item Created"
"a0Bbm00000m6jDEEAY","43663971","NEG-400","43663971_NEG-400_2024-2","2024-2","Item Created"
"a0Bbm00000m6jDFEAY","40419585","IA-300","40419585_IA-300_2024-2","2024-2","Item Created"
"a0Bbm00000m6jDGEAY","45090532","MKT-200","45090532_MKT-200_2024-2","2024-2","Item Created"
"a0Bbm00000m6jDHEAY","45140374","DAT-101","45140374_DAT-101_2024-2","2024-2","Item Created"
"a0Bbm00000m6jDIEAY","40174122","DAT-101","40174122_DAT-101_2024-2","2024-2","Item Created"
"a0Bbm00000m7BRJEA2","30359807","MKT-200","30359807_MKT-200_2024-2","2024-2","Item Created"
"a0Bbm00000m7BRKEA2","36349870","DAT-201","36349870_DAT-201_2024-2","2024-2","Item Created"
"a0Bbm00000m7BRLEA2","31692100","DAT-101","31692100_DAT-101_2024-2","2024-2","Item Created"
"a0Bbm00000m7BRMEA2","31704019","GEN-101","31704019_GEN-101_2024-2","2024-2","Item Created"
"a0Bbm00000m7BRNEA2","35420584","UX-100","35420584_UX-100_2024-2","2024-2","Item Created"
"a0Bbm00000m7BROEA2","35940256","DEV-101","35940256_DEV-101_2024-2","2024-2","Item Created"
"a0Bbm00000m7BRPEA2","36630045","GEN-101","36630045_GEN-101_2024-2","2024-2","Item Created"
"a0Bbm00000m7BRQEA2","41333709","GEN-101","41333709_GEN-101_2024-2","2024-2","Item Created"
"a0Bbm00000m7BRREA2","39003369","DAT-201","39003369_DAT-201_2024-2","2024-2","Item Created"
"a0Bbm00000m7BRSEA2","44594931","IA-300","44594931_IA-300_2024-2","2024-2","Item Created"
"a0Bbm00000m7BRTEA2","45245358","NEG-400","45245358_NEG-400_2024-2","2024-2","Item Created"
"a0Bbm00000m7BRUEA2","40132599","MKT-200","40132599_MKT-200_2024-2","2024-2","Item Created"
"a0Bbm00000m7BRVEA2","30716676","UX-100","30716676_UX-100_2024-2","2024-2","Item Created"
"a0Bbm00000m7BRWEA2","43942866","DAT-101","43942866_DAT-101_2024-2","2024-2","Item Created"
"a0Bbm00000m7BRXEA2","32169352","MKT-200","32169352_MKT-200_2024-2","2024-2","Item Created"
"a0Bbm00000m7BRYEA2","40167473","IA-300","40167473_IA-300_2024-2","2024-2","Item Created"
"a0Bbm00000m7BRZEA2","30946614","DAT-201","30946614_DAT-201_2024-2","2024-2","Item Created"
"a0Bbm00000m7BRaEAM","45076126","UX-100","45076126_UX-100_2024-2","2024-2","Item Created"
"a0Bbm00000m7BRbEAM","37706458","UX-100","37706458_UX-100_2024-2","2024-2","Item Created"
"a0Bbm00000m7BRcEAM","30700814","DAT-201","30700814_DAT-201_2024-2","2024-2","Item Created"
"a0Bbm00000m7BRdEAM","35627041","DEV-101","35627041_DEV-101_2024-2","2024-2","Item Created"
"a0Bbm00000m7BReEAM","35468094","DEV-101","35468094_DEV-101_2024-2","2024-2","Item Created"
"a0Bbm00000m7BRfEAM","42590810","DAT-201","42590810_DAT-201_2024-2","2024-2","Item Created"
"a0Bbm00000m7BRgEAM","42473833","MKT-200","42473833_MKT-200_2024-2","2024-2","Item Created"
"a0Bbm00000m7BRhEAM","32099618","DAT-101","32099618_DAT-101_2024-2","2024-2","Item Created"
"a0Bbm00000m7BRiEAM","33033916","DAT-101","33033916_DAT-101_2024-2","2024-2","Item Created"
"a0Bbm00000m7BRjEAM","35927529","NEG-400","35927529_NEG-400_2024-2","2024-2","Item Created"
"a0Bbm00000m7BRkEAM","42331291","IA-300","42331291_IA-300_2024-2","2024-2","Item Created"
"a0Bbm00000m7BRlEAM","33789545","IA-300","33789545_IA-300_2024-2","2024-2","Item Created"
"a0Bbm00000m7BRmEAM","45660425","MKT-200","45660425_MKT-200_2024-2","2024-2","Item Created"
"a0Bbm00000m7BRnEAM","35569822","NEG-400","35569822_NEG-400_2024-2","2024-2","Item Created"
"a0Bbm00000m7BRoEAM","42280040","DEV-101","42280040_DEV-101_2024-2","2024-2","Item Created"
"a0Bbm00000m7BRpEAM","36878477","DAT-201","36878477_DAT-201_2024-2","2024-2","Item Created"
"a0Bbm00000m7BRqEAM","36309794","DAT-101","36309794_DAT-101_2024-2","2024-2","Item Created"
"a0Bbm00000m7BRrEAM","40358012","DAT-101","40358012_DAT-101_2024-2","2024-2","Item Created"
"a0Bbm00000m7BRsEAM","36392604","IA-300","36392604_IA-300_2024-2","2024-2","Item Created"
"a0Bbm00000m7BRtEAM","34070539","DEV-101","34070539_DEV-101_2024-2","2024-2","Item Created"
"a0Bbm00000m7BRuEAM","36313373","MKT-200","36313373_MKT-200_2024-2","2024-2","Item Created"
"a0Bbm00000m7BRvEAM","36461761","GEN-101","36461761_GEN-101_2024-2","2024-2","Item Created"
"a0Bbm00000m7BRwEAM","44713988","NEG-400","44713988_NEG-400_2024-2","2024-2","Item Created"
"a0Bbm00000m7BRxEAM","37268989","DAT-101","37268989_DAT-101_2024-2","2024-2","Item Created"
"a0Bbm00000m7BRyEAM","35081927","GEN-101","35081927_GEN-101_2024-2","2024-2","Item Created"
"a0Bbm00000m7BRzEAM","39038900","DAT-201","39038900_DAT-201_2024-2","2024-2","Item Created"
"a0Bbm00000m7BS0EAM","34758464","NEG-400","34758464_NEG-400_2024-2","2024-2","Item Created"
"a0Bbm00000m7BS1EAM","34631318","GEN-101","34631318_GEN-101_2024-2","2024-2","Item Created"
"a0Bbm00000m7BS2EAM","31509667","MKT-200","31509667_MKT-200_2024-2","2024-2","Item Created"
"a0Bbm00000m7BS3EAM","30609077","DAT-201","30609077_DAT-201_2024-2","2024-2","Item Created"
"a0Bbm00000m7BS4EAM","44047721","DAT-101","44047721_DAT-101_2024-2","2024-2","Item Created"
"a0Bbm00000m7BS5EAM","39269288","MKT-200","39269288_MKT-200_2024-2","2024-2","Item Created"
"a0Bbm00000m7BS6EAM","31591629","IA-300","31591629_IA-300_2024-2","2024-2","Item Created"
"a0Bbm00000m7BS7EAM","35854507","IA-300","35854507_IA-300_2024-2","2024-2","Item Created"
"a0Bbm00000m7BS8EAM","31162466","DAT-201","31162466_DAT-201_2024-2","2024-2","Item Created"
"a0Bbm00000m7BS9EAM","33827674","UX-100","33827674_UX-100_2024-2","2024-2","Item Created"
"a0Bbm00000m7BSAEA2","35674650","DEV-101","35674650_DEV-101_2024-2","2024-2","Item Created"
"a0Bbm00000m7BSBEA2","38164166","IA-300","38164166_IA-300_2024-2","2024-2","Item Created"
"a0Bbm00000m7BSCEA2","30226372","IA-300","30226372_IA-300_2024-2","2024-2","Item Created"
"a0Bbm00000m7BSDEA2","31205804","GEN-101","31205804_GEN-101_2024-2","2024-2","Item Created"
"a0Bbm00000m7BSEEA2","37674710","DEV-101","37674710_DEV-101_2024-2","2024-2","Item Created"
"a0Bbm00000m7BSFEA2","38290123","NEG-400","38290123_NEG-400_2024-2","2024-2","Item Created"
"a0Bbm00000m7BSGEA2","30910226","DEV-101","30910226_DEV-101_2024-2","2024-2","Item Created"
"a0Bbm00000m7BSHEA2","33130984","DAT-201","33130984_DAT-201_2024-2","2024-2","Item Created"
"a0Bbm00000m7BSIEA2","37927619","IA-300","37927619_IA-300_2024-2","2024-2","Item Created"
"a0Bbm00000m7BSJEA2","35915600","UX-100","35915600_UX-100_2024-2","2024-2","Item Created"
"a0Bbm00000m7BSKEA2","39916823","UX-100","39916823_UX-100_2024-2","2024-2","Item Created"
"a0Bbm00000m7BSLEA2","34130452","MKT-200","34130452_MKT-200_2024-2","2024-2","Item Created"
"a0Bbm00000m7BSMEA2","40038176","UX-100","40038176_UX-100_2024-2","2024-2","Item Created"
"a0Bbm00000m7BSNEA2","33567445","DEV-101","33567445_DEV-101_2024-2","2024-2","Item Created"
"a0Bbm00000m7BSOEA2","44753132","GEN-101","44753132_GEN-101_2024-2","2024-2","Item Created"
"a0Bbm00000m7BSPEA2","36070932","NEG-400","36070932_NEG-400_2024-2","2024-2","Item Created"
"a0Bbm00000m7BSQEA2","32196825","UX-100","32196825_UX-100_2024-2","2024-2","Item Created"
"a0Bbm00000m7BSREA2","34146531","DEV-101","34146531_DEV-101_2024-2","2024-2","Item Created"
"a0Bbm00000m7BSSEA2","42826422","DEV-101","42826422_DEV-101_2024-2","2024-2","Item Created"
"a0Bbm00000m7BSTEA2","45331374","DAT-201","45331374_DAT-201_2024-2","2024-2","Item Created"
"a0Bbm00000m7BSUEA2","42613265","NEG-400","42613265_NEG-400_2024-2","2024-2","Item Created"
"a0Bbm00000m7BSVEA2","44859529","DAT-201","44859529_DAT-201_2024-2","2024-2","Item Created"
"a0Bbm00000m7BSWEA2","38333929","UX-100","38333929_UX-100_2024-2","2024-2","Item Created"
"a0Bbm00000m7BSXEA2","32369229","DAT-201","32369229_DAT-201_2024-2","2024-2","Item Created"
"a0Bbm00000m7BSYEA2","36489803","NEG-400","36489803_NEG-400_2024-2","2024-2","Item Created"
"a0Bbm00000m7BSZEA2","44483113","DAT-101","44483113_DAT-101_2024-2","2024-2","Item Created"
"a0Bbm00000m7BSaEAM","36629400","DEV-101","36629400_DEV-101_2024-2","2024-2","Item Created"
"a0Bbm00000m7BSbEAM","37222211","GEN-101","37222211_GEN-101_2024-2","2024-2","Item Created"
"a0Bbm00000m7BScEAM","42253635","DAT-201","42253635_DAT-201_2024-2","2024-2","Item Created"
"a0Bbm00000m7BSdEAM","39074649","NEG-400","39074649_NEG-400_2024-2","2024-2","Item Created"
"a0Bbm00000m7BSeEAM","33665133","DAT-101","33665133_DAT-101_2024-2","2024-2","Item Created"
"a0Bbm00000m7BSfEAM","45908531","IA-300","45908531_IA-300_2024-2","2024-2","Item Created"
"a0Bbm00000m7BSgEAM","41111676","IA-300","41111676_IA-300_2024-2","2024-2","Item Created"
