"ID","ID_Evaluacion","ID_Inscripcion","Fecha_Lista","Nota","Estado","STATUS"
"a0Abm000006rhZeEAI","45147679_GEN-101_2024-1_2024-03-01","45147679_GEN-101_2024-1","2024-03-01","10","Aprobado","Item Created"
"a0Abm000006rhZfEAI","33789545_DAT-201_2024-1_2024-03-01","33789545_DAT-201_2024-1","2024-03-01","1","Desaprobado","Item Created"
"a0Abm000006rhZgEAI","34250668_DEV-101_2024-1_2024-03-01","34250668_DEV-101_2024-1","2024-03-01","7","Aprobado","Item Created"
"a0Abm000006rhZhEAI","41943395_GEN-101_2024-1_2024-03-01","41943395_GEN-101_2024-1","2024-03-01","8","Aprobado","Item Created"
"a0Abm000006rhZiEAI","37706458_IA-300_2024-1_2024-03-01","37706458_IA-300_2024-1","2024-03-01","5","Aprobado","Item Created"
"a0Abm000006rhZjEAI","30309712_NEG-400_2024-1_2024-03-01","30309712_NEG-400_2024-1","2024-03-01","3","Desaprobado","Item Created"
"a0Abm000006rhZkEAI","43539600_NEG-400_2024-1_2024-03-02","43539600_NEG-400_2024-1","2024-03-02","5","Aprobado","Item Created"
"a0Abm000006rhZlEAI","32343092_MKT-200_2024-1_2024-03-02","32343092_MKT-200_2024-1","2024-03-02","3","Desaprobado","Item Created"
"a0Abm000006rhZmEAI","45688788_DAT-201_2024-1_2024-03-02","45688788_DAT-201_2024-1","2024-03-02","10","Aprobado","Item Created"
"a0Abm000006rhZnEAI","45130131_IA-300_2024-1_2024-03-02","45130131_IA-300_2024-1","2024-03-02","8","Aprobado","Item Created"
"a0Abm000006rhZoEAI","41111676_DAT-201_2024-1_2024-03-02","41111676_DAT-201_2024-1","2024-03-02","2","Desaprobado","Item Created"
"a0Abm000006rhZpEAI","44047721_MKT-200_2024-1_2024-03-02","44047721_MKT-200_2024-1","2024-03-02","4","Aprobado","Item Created"
"a0Abm000006rhZqEAI","37513790_UX-100_2024-1_2024-03-02","37513790_UX-100_2024-1","2024-03-02","5","Aprobado","Item Created"
"a0Abm000006rhZrEAI","43449566_DEV-101_2024-1_2024-03-02","43449566_DEV-101_2024-1","2024-03-02","6","Aprobado","Item Created"
"a0Abm000006rhZsEAI","31303564_DAT-201_2024-1_2024-03-03","31303564_DAT-201_2024-1","2024-03-03","6","Aprobado","Item Created"
"a0Abm000006rhZtEAI","39074649_DEV-101_2024-1_2024-03-03","39074649_DEV-101_2024-1","2024-03-03","9","Aprobado","Item Created"
"a0Abm000006rhZuEAI","30542692_NEG-400_2024-1_2024-03-03","30542692_NEG-400_2024-1","2024-03-03","10","Aprobado","Item Created"
"a0Abm000006rhZvEAI","34508314_NEG-400_2024-1_2024-03-03","34508314_NEG-400_2024-1","2024-03-03","10","Aprobado","Item Created"
"a0Abm000006rhZwEAI","38811418_NEG-400_2024-1_2024-03-03","38811418_NEG-400_2024-1","2024-03-03","6","Aprobado","Item Created"
"a0Abm000006rhZxEAI","35891432_DAT-101_2024-1_2024-03-03","35891432_DAT-101_2024-1","2024-03-03","3","Desaprobado","Item Created"
"a0Abm000006rhZyEAI","36163868_DAT-101_2024-1_2024-03-04","36163868_DAT-101_2024-1","2024-03-04","7","Aprobado","Item Created"
"a0Abm000006rhZzEAI","38677145_DEV-101_2024-1_2024-03-04","38677145_DEV-101_2024-1","2024-03-04","4","Aprobado","Item Created"
"a0Abm000006rha0EAA","32971550_UX-100_2024-1_2024-03-04","32971550_UX-100_2024-1","2024-03-04","3","Desaprobado","Item Created"
"a0Abm000006rha1EAA","30348701_IA-300_2024-1_2024-03-04","30348701_IA-300_2024-1","2024-03-04","9","Aprobado","Item Created"
"a0Abm000006rha2EAA","41944353_DAT-101_2024-1_2024-03-04","41944353_DAT-101_2024-1","2024-03-04","7","Aprobado","Item Created"
"a0Abm000006rha3EAA","44313136_DAT-101_2024-1_2024-03-04","44313136_DAT-101_2024-1","2024-03-04","2","Desaprobado","Item Created"
"a0Abm000006rha4EAA","31763113_UX-100_2024-1_2024-03-04","31763113_UX-100_2024-1","2024-03-04","4","Aprobado","Item Created"
"a0Abm000006rha5EAA","37085503_DEV-101_2024-1_2024-03-05","37085503_DEV-101_2024-1","2024-03-05","2","Desaprobado","Item Created"
"a0Abm000006rha6EAA","40578248_MKT-200_2024-1_2024-03-05","40578248_MKT-200_2024-1","2024-03-05","10","Aprobado","Item Created"
"a0Abm000006rha7EAA","33541682_UX-100_2024-1_2024-03-05","33541682_UX-100_2024-1","2024-03-05","4","Aprobado","Item Created"
"a0Abm000006rha8EAA","44012569_GEN-101_2024-1_2024-03-05","44012569_GEN-101_2024-1","2024-03-05","9","Aprobado","Item Created"
"a0Abm000006rha9EAA","42500015_DAT-101_2024-1_2024-03-05","42500015_DAT-101_2024-1","2024-03-05","2","Desaprobado","Item Created"
"a0Abm000006rhaAEAQ","45840080_DAT-101_2024-1_2024-03-05","45840080_DAT-101_2024-1","2024-03-05","10","Aprobado","Item Created"
"a0Abm000006rhaBEAQ","35376871_NEG-400_2024-1_2024-03-05","35376871_NEG-400_2024-1","2024-03-05","1","Desaprobado","Item Created"
"a0Abm000006rhaCEAQ","39696052_GEN-101_2024-1_2024-03-05","39696052_GEN-101_2024-1","2024-03-05","8","Aprobado","Item Created"
"a0Abm000006rhaDEAQ","30117903_IA-300_2024-1_2024-03-05","30117903_IA-300_2024-1","2024-03-05","7","Aprobado","Item Created"
"a0Abm000006rhaEEAQ","41068300_IA-300_2024-1_2024-03-05","41068300_IA-300_2024-1","2024-03-05","3","Desaprobado","Item Created"
"a0Abm000006rhaFEAQ","35620137_NEG-400_2024-1_2024-03-05","35620137_NEG-400_2024-1","2024-03-05","1","Desaprobado","Item Created"
"a0Abm000006rhaGEAQ","38207316_DEV-101_2024-1_2024-03-05","38207316_DEV-101_2024-1","2024-03-05","4","Aprobado","Item Created"
"a0Abm000006rhaHEAQ","42254691_IA-300_2024-1_2024-03-06","42254691_IA-300_2024-1","2024-03-06","8","Aprobado","Item Created"
"a0Abm000006rhaIEAQ","44635112_IA-300_2024-1_2024-03-06","44635112_IA-300_2024-1","2024-03-06","6","Aprobado","Item Created"
"a0Abm000006rhaJEAQ","41289550_UX-100_2024-1_2024-03-06","41289550_UX-100_2024-1","2024-03-06","9","Aprobado","Item Created"
"a0Abm000006rhaKEAQ","45656190_DAT-101_2024-1_2024-03-06","45656190_DAT-101_2024-1","2024-03-06","5","Aprobado","Item Created"
"a0Abm000006rhaLEAQ","31621161_MKT-200_2024-1_2024-03-06","31621161_MKT-200_2024-1","2024-03-06","7","Aprobado","Item Created"
"a0Abm000006rhaMEAQ","42845702_MKT-200_2024-1_2024-03-06","42845702_MKT-200_2024-1","2024-03-06","5","Aprobado","Item Created"
"a0Abm000006rhaNEAQ","35420584_IA-300_2024-1_2024-03-06","35420584_IA-300_2024-1","2024-03-06","10","Aprobado","Item Created"
"a0Abm000006rhaOEAQ","36369209_UX-100_2024-1_2024-03-06","36369209_UX-100_2024-1","2024-03-06","9","Aprobado","Item Created"
"a0Abm000006rhaPEAQ","43625205_UX-100_2024-1_2024-03-06","43625205_UX-100_2024-1","2024-03-06","1","Desaprobado","Item Created"
"a0Abm000006rhaQEAQ","44094966_DAT-201_2024-1_2024-03-07","44094966_DAT-201_2024-1","2024-03-07","10","Aprobado","Item Created"
"a0Abm000006rhaREAQ","35824110_GEN-101_2024-1_2024-03-07","35824110_GEN-101_2024-1","2024-03-07","6","Aprobado","Item Created"
"a0Abm000006rhaSEAQ","40033579_UX-100_2024-1_2024-03-07","40033579_UX-100_2024-1","2024-03-07","8","Aprobado","Item Created"
"a0Abm000006rhaTEAQ","38194575_DAT-101_2024-1_2024-03-07","38194575_DAT-101_2024-1","2024-03-07","6","Aprobado","Item Created"
"a0Abm000006rhaUEAQ","33952849_DAT-201_2024-1_2024-03-07","33952849_DAT-201_2024-1","2024-03-07","5","Aprobado","Item Created"
"a0Abm000006rhaVEAQ","32991581_GEN-101_2024-1_2024-03-08","32991581_GEN-101_2024-1","2024-03-08","5","Aprobado","Item Created"
"a0Abm000006rhaWEAQ","41885509_NEG-400_2024-1_2024-03-08","41885509_NEG-400_2024-1","2024-03-08","4","Aprobado","Item Created"
"a0Abm000006rhaXEAQ","33838303_GEN-101_2024-1_2024-03-08","33838303_GEN-101_2024-1","2024-03-08","10","Aprobado","Item Created"
"a0Abm000006rhaYEAQ","36279807_NEG-400_2024-1_2024-03-08","36279807_NEG-400_2024-1","2024-03-08","7","Aprobado","Item Created"
"a0Abm000006rhaZEAQ","42208457_DAT-201_2024-1_2024-03-08","42208457_DAT-201_2024-1","2024-03-08","7","Aprobado","Item Created"
"a0Abm000006rhaaEAA","38750180_UX-100_2024-1_2024-03-08","38750180_UX-100_2024-1","2024-03-08","5","Aprobado","Item Created"
"a0Abm000006rhabEAA","37222211_DEV-101_2024-1_2024-03-08","37222211_DEV-101_2024-1","2024-03-08","2","Desaprobado","Item Created"
"a0Abm000006rhacEAA","38645258_MKT-200_2024-1_2024-03-09","38645258_MKT-200_2024-1","2024-03-09","6","Aprobado","Item Created"
"a0Abm000006rhadEAA","37604035_DAT-201_2024-1_2024-03-09","37604035_DAT-201_2024-1","2024-03-09","1","Desaprobado","Item Created"
"a0Abm000006rhaeEAA","32160000_DEV-101_2024-1_2024-03-09","32160000_DEV-101_2024-1","2024-03-09","4","Aprobado","Item Created"
"a0Abm000006rhafEAA","38223982_UX-100_2024-1_2024-03-09","38223982_UX-100_2024-1","2024-03-09","2","Desaprobado","Item Created"
"a0Abm000006rhagEAA","41289550_MKT-200_2024-1_2024-03-09","41289550_MKT-200_2024-1","2024-03-09","6","Aprobado","Item Created"
"a0Abm000006rhahEAA","33081027_UX-100_2024-1_2024-03-09","33081027_UX-100_2024-1","2024-03-09","9","Aprobado","Item Created"
"a0Abm000006rhaiEAA","32349994_UX-100_2024-1_2024-03-09","32349994_UX-100_2024-1","2024-03-09","9","Aprobado","Item Created"
"a0Abm000006rhajEAA","34636803_MKT-200_2024-1_2024-03-09","34636803_MKT-200_2024-1","2024-03-09","4","Aprobado","Item Created"
"a0Abm000006rhakEAA","38629655_IA-300_2024-1_2024-03-10","38629655_IA-300_2024-1","2024-03-10","3","Desaprobado","Item Created"
"a0Abm000006rhalEAA","36015798_UX-100_2024-1_2024-03-10","36015798_UX-100_2024-1","2024-03-10","10","Aprobado","Item Created"
"a0Abm000006rhamEAA","37951141_DAT-101_2024-1_2024-03-10","37951141_DAT-101_2024-1","2024-03-10","4","Aprobado","Item Created"
"a0Abm000006rhanEAA","39734889_GEN-101_2024-1_2024-03-10","39734889_GEN-101_2024-1","2024-03-10","2","Desaprobado","Item Created"
"a0Abm000006rhaoEAA","41134242_GEN-101_2024-1_2024-03-10","41134242_GEN-101_2024-1","2024-03-10","9","Aprobado","Item Created"
"a0Abm000006rhapEAA","31379964_GEN-101_2024-1_2024-03-10","31379964_GEN-101_2024-1","2024-03-10","9","Aprobado","Item Created"
"a0Abm000006rhaqEAA","45752068_DAT-101_2024-1_2024-03-10","45752068_DAT-101_2024-1","2024-03-10","1","Desaprobado","Item Created"
"a0Abm000006rharEAA","37795993_DEV-101_2024-1_2024-03-10","37795993_DEV-101_2024-1","2024-03-10","1","Desaprobado","Item Created"
"a0Abm000006rhasEAA","36128228_MKT-200_2024-1_2024-03-10","36128228_MKT-200_2024-1","2024-03-10","6","Aprobado","Item Created"
"a0Abm000006rhatEAA","33155313_DAT-101_2024-1_2024-03-11","33155313_DAT-101_2024-1","2024-03-11","7","Aprobado","Item Created"
"a0Abm000006rhauEAA","31187731_MKT-200_2024-1_2024-03-11","31187731_MKT-200_2024-1","2024-03-11","9","Aprobado","Item Created"
"a0Abm000006rhavEAA","30507337_IA-300_2024-1_2024-03-11","30507337_IA-300_2024-1","2024-03-11","3","Desaprobado","Item Created"
"a0Abm000006rhawEAA","33195960_GEN-101_2024-1_2024-03-11","33195960_GEN-101_2024-1","2024-03-11","6","Aprobado","Item Created"
"a0Abm000006rhaxEAA","35524090_MKT-200_2024-1_2024-03-11","35524090_MKT-200_2024-1","2024-03-11","6","Aprobado","Item Created"
"a0Abm000006rhayEAA","35081927_DAT-201_2024-1_2024-03-12","35081927_DAT-201_2024-1","2024-03-12","5","Aprobado","Item Created"
"a0Abm000006rhazEAA","35845730_NEG-400_2024-1_2024-03-12","35845730_NEG-400_2024-1","2024-03-12","5","Aprobado","Item Created"
"a0Abm000006rhb0EAA","42574929_IA-300_2024-1_2024-03-12","42574929_IA-300_2024-1","2024-03-12","8","Aprobado","Item Created"
"a0Abm000006rhb1EAA","31370404_GEN-101_2024-1_2024-03-12","31370404_GEN-101_2024-1","2024-03-12","3","Desaprobado","Item Created"
"a0Abm000006rhb2EAA","35915007_DAT-201_2024-1_2024-03-12","35915007_DAT-201_2024-1","2024-03-12","8","Aprobado","Item Created"
"a0Abm000006rhb3EAA","35589315_DEV-101_2024-1_2024-03-12","35589315_DEV-101_2024-1","2024-03-12","6","Aprobado","Item Created"
"a0Abm000006rhb4EAA","32200927_MKT-200_2024-1_2024-03-12","32200927_MKT-200_2024-1","2024-03-12","10","Aprobado","Item Created"
"a0Abm000006rhb5EAA","42305779_DAT-101_2024-1_2024-03-13","42305779_DAT-101_2024-1","2024-03-13","5","Aprobado","Item Created"
"a0Abm000006rhb6EAA","40988877_NEG-400_2024-1_2024-03-13","40988877_NEG-400_2024-1","2024-03-13","9","Aprobado","Item Created"
"a0Abm000006rhb7EAA","32150912_GEN-101_2024-1_2024-03-13","32150912_GEN-101_2024-1","2024-03-13","4","Aprobado","Item Created"
"a0Abm000006rhb8EAA","34471842_NEG-400_2024-1_2024-03-13","34471842_NEG-400_2024-1","2024-03-13","7","Aprobado","Item Created"
"a0Abm000006rhb9EAA","33988348_NEG-400_2024-1_2024-03-13","33988348_NEG-400_2024-1","2024-03-13","1","Desaprobado","Item Created"
"a0Abm000006rhbAEAQ","31554768_IA-300_2024-1_2024-03-13","31554768_IA-300_2024-1","2024-03-13","3","Desaprobado","Item Created"
"a0Abm000006rhbBEAQ","41754338_IA-300_2024-1_2024-03-14","41754338_IA-300_2024-1","2024-03-14","1","Desaprobado","Item Created"
"a0Abm000006rhbCEAQ","32474711_IA-300_2024-1_2024-03-14","32474711_IA-300_2024-1","2024-03-14","6","Aprobado","Item Created"
"a0Abm000006rhbDEAQ","41591741_NEG-400_2024-1_2024-03-14","41591741_NEG-400_2024-1","2024-03-14","1","Desaprobado","Item Created"
"a0Abm000006rhbEEAQ","36117422_DAT-101_2024-1_2024-03-14","36117422_DAT-101_2024-1","2024-03-14","7","Aprobado","Item Created"
"a0Abm000006rhmXEAQ","36005534_DAT-101_2024-1_2024-03-14","36005534_DAT-101_2024-1","2024-03-14","5","Aprobado","Item Created"
"a0Abm000006rhmYEAQ","32088271_MKT-200_2024-1_2024-03-14","32088271_MKT-200_2024-1","2024-03-14","1","Desaprobado","Item Created"
"a0Abm000006rhmZEAQ","37795993_GEN-101_2024-1_2024-03-16","37795993_GEN-101_2024-1","2024-03-16","8","Aprobado","Item Created"
"a0Abm000006rhmaEAA","37795993_GEN-101_2024-1_2024-03-17","37795993_GEN-101_2024-1","2024-03-17","1","Desaprobado","Item Created"
"a0Abm000006rhmbEAA","37706458_MKT-200_2024-1_2024-03-18","37706458_MKT-200_2024-1","2024-03-18","8","Aprobado","Item Created"
"a0Abm000006rhmcEAA","42254691_DAT-201_2024-1_2024-03-20","42254691_DAT-201_2024-1","2024-03-20","5","Aprobado","Item Created"
"a0Abm000006rhmdEAA","42208457_UX-100_2024-1_2024-03-22","42208457_UX-100_2024-1","2024-03-22","2","Desaprobado","Item Created"
"a0Abm000006rhmeEAA","32349994_MKT-200_2024-1_2024-03-22","32349994_MKT-200_2024-1","2024-03-22","4","Aprobado","Item Created"
"a0Abm000006rhmfEAA","38194575_DAT-201_2024-1_2024-03-22","38194575_DAT-201_2024-1","2024-03-22","1","Desaprobado","Item Created"
"a0Abm000006rhmgEAA","40578248_DAT-201_2024-1_2024-03-23","40578248_DAT-201_2024-1","2024-03-23","8","Aprobado","Item Created"
"a0Abm000006rhmhEAA","36163868_GEN-101_2024-1_2024-03-24","36163868_GEN-101_2024-1","2024-03-24","3","Desaprobado","Item Created"
"a0Abm000006rhmiEAA","42500015_IA-300_2024-1_2024-03-26","42500015_IA-300_2024-1","2024-03-26","10","Aprobado","Item Created"
"a0Abm000006rhmjEAA","41943395_IA-300_2024-1_2024-03-29","41943395_IA-300_2024-1","2024-03-29","10","Aprobado","Item Created"
"a0Abm000006rhmkEAA","34508314_GEN-101_2024-1_2024-04-02","34508314_GEN-101_2024-1","2024-04-02","2","Desaprobado","Item Created"
"a0Abm000006rhmlEAA","30309712_MKT-200_2024-1_2024-04-03","30309712_MKT-200_2024-1","2024-04-03","7","Aprobado","Item Created"
"a0Abm000006rhmmEAA","38750180_MKT-200_2024-1_2024-04-07","38750180_MKT-200_2024-1","2024-04-07","2","Desaprobado","Item Created"
"a0Abm000006rhmnEAA","42208457_GEN-101_2024-1_2024-04-08","42208457_GEN-101_2024-1","2024-04-08","4","Aprobado","Item Created"
"a0Abm000006rhmoEAA","34508314_IA-300_2024-1_2024-04-09","34508314_IA-300_2024-1","2024-04-09","4","Aprobado","Item Created"
"a0Abm000006rhmpEAA","30348701_GEN-101_2024-1_2024-04-10","30348701_GEN-101_2024-1","2024-04-10","8","Aprobado","Item Created"
"a0Abm000006rhmqEAA","38223982_DAT-101_2024-1_2024-04-13","38223982_DAT-101_2024-1","2024-04-13","8","Aprobado","Item Created"
"a0Abm000006rhmrEAA","45147679_GEN-101_2024-1_2024-04-13","45147679_GEN-101_2024-1","2024-04-13","2","Desaprobado","Item Created"
"a0Abm000006rhmsEAA","34508314_UX-100_2024-1_2024-04-14","34508314_UX-100_2024-1","2024-04-14","4","Aprobado","Item Created"
"a0Abm000006rhmtEAA","31370404_DAT-201_2024-1_2024-04-17","31370404_DAT-201_2024-1","2024-04-17","3","Desaprobado","Item Created"
"a0Abm000006rhmuEAA","44635112_IA-300_2024-1_2024-04-18","44635112_IA-300_2024-1","2024-04-18","4","Aprobado","Item Created"
"a0Abm000006rhmvEAA","37706458_DAT-101_2024-1_2024-04-22","37706458_DAT-101_2024-1","2024-04-22","3","Desaprobado","Item Created"
"a0Abm000006rhmwEAA","35620137_IA-300_2024-1_2024-04-27","35620137_IA-300_2024-1","2024-04-27","5","Aprobado","Item Created"
"a0Abm000006rhmxEAA","35845730_NEG-400_2024-1_2024-04-27","35845730_NEG-400_2024-1","2024-04-27","3","Desaprobado","Item Created"
"a0Abm000006rhmyEAA","35845730_MKT-200_2024-1_2024-04-28","35845730_MKT-200_2024-1","2024-04-28","2","Desaprobado","Item Created"
"a0Abm000006rhmzEAA","32349994_IA-300_2024-1_2024-04-29","32349994_IA-300_2024-1","2024-04-29","3","Desaprobado","Item Created"
"a0Abm000006rhn0EAA","31370404_DAT-201_2024-1_2024-05-01","31370404_DAT-201_2024-1","2024-05-01","10","Aprobado","Item Created"
"a0Abm000006rhn1EAA","33155313_DEV-101_2024-1_2024-05-01","33155313_DEV-101_2024-1","2024-05-01","10","Aprobado","Item Created"
"a0Abm000006rhn2EAA","42574929_DAT-101_2024-1_2024-05-02","42574929_DAT-101_2024-1","2024-05-02","10","Aprobado","Item Created"
"a0Abm000006rhn3EAA","42208457_DAT-201_2024-1_2024-05-02","42208457_DAT-201_2024-1","2024-05-02","10","Aprobado","Item Created"
"a0Abm000006rhn4EAA","32343092_NEG-400_2024-1_2024-05-03","32343092_NEG-400_2024-1","2024-05-03","3","Desaprobado","Item Created"
"a0Abm000006rhn5EAA","37795993_DAT-101_2024-1_2024-05-04","37795993_DAT-101_2024-1","2024-05-04","8","Aprobado","Item Created"
"a0Abm000006rhn6EAA","41885509_MKT-200_2024-1_2024-05-04","41885509_MKT-200_2024-1","2024-05-04","9","Aprobado","Item Created"
"a0Abm000006rhn7EAA","45752068_GEN-101_2024-1_2024-05-04","45752068_GEN-101_2024-1","2024-05-04","3","Desaprobado","Item Created"
"a0Abm000006rhn8EAA","31370404_IA-300_2024-1_2024-05-10","31370404_IA-300_2024-1","2024-05-10","10","Aprobado","Item Created"
"a0Abm000006rhn9EAA","41943395_DAT-101_2024-1_2024-05-10","41943395_DAT-101_2024-1","2024-05-10","2","Desaprobado","Item Created"
"a0Abm000006rhnAEAQ","33838303_GEN-101_2024-1_2024-05-11","33838303_GEN-101_2024-1","2024-05-11","7","Aprobado","Item Created"
"a0Abm000006rhnBEAQ","34636803_IA-300_2024-1_2024-05-11","34636803_IA-300_2024-1","2024-05-11","10","Aprobado","Item Created"
"a0Abm000006rhnCEAQ","40578248_IA-300_2024-1_2024-05-12","40578248_IA-300_2024-1","2024-05-12","4","Aprobado","Item Created"
"a0Abm000006rhnDEAQ","37706458_MKT-200_2024-1_2024-05-12","37706458_MKT-200_2024-1","2024-05-12","4","Aprobado","Item Created"
"a0Abm000006rhnEEAQ","42208457_DAT-101_2024-1_2024-05-13","42208457_DAT-101_2024-1","2024-05-13","9","Aprobado","Item Created"
"a0Abm000006rhnFEAQ","36369209_DAT-201_2024-1_2024-05-15","36369209_DAT-201_2024-1","2024-05-15","5","Aprobado","Item Created"
"a0Abm000006rhnGEAQ","35891432_IA-300_2024-1_2024-05-15","35891432_IA-300_2024-1","2024-05-15","4","Aprobado","Item Created"
"a0Abm000006rhnHEAQ","43539600_GEN-101_2024-1_2024-05-16","43539600_GEN-101_2024-1","2024-05-16","8","Aprobado","Item Created"
"a0Abm000006rhnIEAQ","41111676_NEG-400_2024-1_2024-05-18","41111676_NEG-400_2024-1","2024-05-18","7","Aprobado","Item Created"
"a0Abm000006rhnJEAQ","31379964_NEG-400_2024-1_2024-05-21","31379964_NEG-400_2024-1","2024-05-21","1","Desaprobado","Item Created"
"a0Abm000006rhnKEAQ","37604035_NEG-400_2024-1_2024-05-23","37604035_NEG-400_2024-1","2024-05-23","2","Desaprobado","Item Created"
"a0Abm000006rhnLEAQ","30309712_DAT-101_2024-1_2024-05-24","30309712_DAT-101_2024-1","2024-05-24","10","Aprobado","Item Created"
"a0Abm000006rhnMEAQ","35589315_DAT-201_2024-1_2024-05-24","35589315_DAT-201_2024-1","2024-05-24","10","Aprobado","Item Created"
"a0Abm000006rhnNEAQ","36163868_IA-300_2024-1_2024-05-27","36163868_IA-300_2024-1","2024-05-27","8","Aprobado","Item Created"
"a0Abm000006rhnOEAQ","34250668_MKT-200_2024-1_2024-05-28","34250668_MKT-200_2024-1","2024-05-28","2","Desaprobado","Item Created"
"a0Abm000006rhnPEAQ","31621161_IA-300_2024-1_2024-05-29","31621161_IA-300_2024-1","2024-05-29","1","Desaprobado","Item Created"
"a0Abm000006rhnQEAQ","32971550_IA-300_2024-1_2024-05-30","32971550_IA-300_2024-1","2024-05-30","8","Aprobado","Item Created"
"a0Abm000006rhnREAQ","33541682_IA-300_2024-1_2024-06-01","33541682_IA-300_2024-1","2024-06-01","5","Aprobado","Item Created"
"a0Abm000006rhnSEAQ","44047721_DAT-201_2024-1_2024-06-01","44047721_DAT-201_2024-1","2024-06-01","4","Aprobado","Item Created"
"a0Abm000006rhnTEAQ","38207316_GEN-101_2024-1_2024-06-05","38207316_GEN-101_2024-1","2024-06-05","7","Aprobado","Item Created"
"a0Abm000006rhnUEAQ","42500015_MKT-200_2024-1_2024-06-05","42500015_MKT-200_2024-1","2024-06-05","3","Desaprobado","Item Created"
"a0Abm000006rhnVEAQ","31303564_DAT-201_2024-1_2024-06-06","31303564_DAT-201_2024-1","2024-06-06","5","Aprobado","Item Created"
"a0Abm000006rhnWEAQ","34636803_GEN-101_2024-1_2024-06-13","34636803_GEN-101_2024-1","2024-06-13","2","Desaprobado","Item Created"
"a0Abm000006rhnXEAQ","31554768_IA-300_2024-1_2024-06-14","31554768_IA-300_2024-1","2024-06-14","10","Aprobado","Item Created"
"a0Abm000006rhnYEAQ","33081027_MKT-200_2024-1_2024-06-14","33081027_MKT-200_2024-1","2024-06-14","4","Aprobado","Item Created"
"a0Abm000006rhnZEAQ","35620137_DEV-101_2024-1_2024-06-17","35620137_DEV-101_2024-1","2024-06-17","5","Aprobado","Item Created"
"a0Abm000006rhnaEAA","39734889_UX-100_2024-1_2024-06-18","39734889_UX-100_2024-1","2024-06-18","10","Aprobado","Item Created"
"a0Abm000006rhnbEAA","35376871_NEG-400_2024-1_2024-06-18","35376871_NEG-400_2024-1","2024-06-18","2","Desaprobado","Item Created"
"a0Abm000006rhncEAA","30507337_DEV-101_2024-1_2024-06-20","30507337_DEV-101_2024-1","2024-06-20","3","Desaprobado","Item Created"
"a0Abm000006rhndEAA","31379964_IA-300_2024-1_2024-06-22","31379964_IA-300_2024-1","2024-06-22","6","Aprobado","Item Created"
"a0Abm000006rhneEAA","35376871_MKT-200_2024-1_2024-06-23","35376871_MKT-200_2024-1","2024-06-23","2","Desaprobado","Item Created"
"a0Abm000006rhnfEAA","32150912_GEN-101_2024-1_2024-06-24","32150912_GEN-101_2024-1","2024-06-24","8","Aprobado","Item Created"
"a0Abm000006rhngEAA","35524090_DAT-201_2024-1_2024-06-25","35524090_DAT-201_2024-1","2024-06-25","1","Desaprobado","Item Created"
"a0Abm000006rhnhEAA","32349994_MKT-200_2024-1_2024-06-26","32349994_MKT-200_2024-1","2024-06-26","3","Desaprobado","Item Created"
"a0Abm000006rhniEAA","31621161_DEV-101_2024-1_2024-06-26","31621161_DEV-101_2024-1","2024-06-26","10","Aprobado","Item Created"
"a0Abm000006rhnjEAA","31187731_IA-300_2024-1_2024-06-26","31187731_IA-300_2024-1","2024-06-26","7","Aprobado","Item Created"
"a0Abm000006rhnkEAA","32150912_GEN-101_2024-1_2024-06-27","32150912_GEN-101_2024-1","2024-06-27","3","Desaprobado","Item Created"
"a0Abm000006rhnlEAA","37706458_DAT-201_2024-1_2024-06-27","37706458_DAT-201_2024-1","2024-06-27","7","Aprobado","Item Created"
"a0Abm000006rhnmEAA","38223982_DAT-101_2024-1_2024-06-28","38223982_DAT-101_2024-1","2024-06-28","5","Aprobado","Item Created"
"a0Abm000006rhnnEAA","43625205_DEV-101_2024-1_2024-06-30","43625205_DEV-101_2024-1","2024-06-30","2","Desaprobado","Item Created"
"a0Abm000006rhnoEAA","32474711_MKT-200_2024-2_2024-07-02","32474711_MKT-200_2024-2","2024-07-02","6","Aprobado","Item Created"
"a0Abm000006rhnpEAA","37706458_GEN-101_2024-2_2024-07-05","37706458_GEN-101_2024-2","2024-07-05","9","Aprobado","Item Created"
"a0Abm000006rhnqEAA","33838303_MKT-200_2024-2_2024-07-08","33838303_MKT-200_2024-2","2024-07-08","2","Desaprobado","Item Created"
"a0Abm000006rhnrEAA","37222211_UX-100_2024-2_2024-07-09","37222211_UX-100_2024-2","2024-07-09","1","Desaprobado","Item Created"
"a0Abm000006rhnsEAA","35420584_DAT-201_2024-2_2024-07-10","35420584_DAT-201_2024-2","2024-07-10","7","Aprobado","Item Created"
"a0Abm000006rhntEAA","44047721_UX-100_2024-2_2024-07-10","44047721_UX-100_2024-2","2024-07-10","3","Desaprobado","Item Created"
"a0Abm000006rhnuEAA","36128228_DAT-101_2024-2_2024-07-11","36128228_DAT-101_2024-2","2024-07-11","2","Desaprobado","Item Created"
"a0Abm000006rhnvEAA","44094966_DAT-201_2024-2_2024-07-13","44094966_DAT-201_2024-2","2024-07-13","9","Aprobado","Item Created"
"a0Abm000006rhnwEAA","36163868_DAT-101_2024-2_2024-07-14","36163868_DAT-101_2024-2","2024-07-14","7","Aprobado","Item Created"
"a0Abm000006rhnxEAA","41943395_DEV-101_2024-2_2024-07-21","41943395_DEV-101_2024-2","2024-07-21","7","Aprobado","Item Created"
"a0Abm000006rhnyEAA","43625205_DAT-101_2024-2_2024-07-23","43625205_DAT-101_2024-2","2024-07-23","2","Desaprobado","Item Created"
"a0Abm000006rhnzEAA","34636803_IA-300_2024-2_2024-07-24","34636803_IA-300_2024-2","2024-07-24","3","Desaprobado","Item Created"
"a0Abm000006rho0EAA","35589315_DAT-201_2024-2_2024-07-27","35589315_DAT-201_2024-2","2024-07-27","9","Aprobado","Item Created"
"a0Abm000006rho1EAA","31763113_GEN-101_2024-2_2024-07-27","31763113_GEN-101_2024-2","2024-07-27","10","Aprobado","Item Created"
"a0Abm000006rho2EAA","36279807_DAT-101_2024-2_2024-07-28","36279807_DAT-101_2024-2","2024-07-28","8","Aprobado","Item Created"
"a0Abm000006rho3EAA","42208457_MKT-200_2024-2_2024-07-28","42208457_MKT-200_2024-2","2024-07-28","10","Aprobado","Item Created"
"a0Abm000006rho4EAA","32474711_GEN-101_2024-2_2024-07-29","32474711_GEN-101_2024-2","2024-07-29","1","Desaprobado","Item Created"
"a0Abm000006rho5EAA","41754338_IA-300_2024-2_2024-07-30","41754338_IA-300_2024-2","2024-07-30","9","Aprobado","Item Created"
"a0Abm000006rho6EAA","35589315_DEV-101_2024-2_2024-08-01","35589315_DEV-101_2024-2","2024-08-01","9","Aprobado","Item Created"
"a0Abm000006rho7EAA","45840080_GEN-101_2024-2_2024-08-01","45840080_GEN-101_2024-2","2024-08-01","2","Desaprobado","Item Created"
"a0Abm000006rho8EAA","45130131_MKT-200_2024-2_2024-08-02","45130131_MKT-200_2024-2","2024-08-02","5","Aprobado","Item Created"
"a0Abm000006rho9EAA","36005534_UX-100_2024-2_2024-08-02","36005534_UX-100_2024-2","2024-08-02","1","Desaprobado","Item Created"
"a0Abm000006rhplEAA","30117903_IA-300_2024-2_2024-08-10","30117903_IA-300_2024-2","2024-08-10","10","Aprobado","Item Created"
"a0Abm000006rhpmEAA","41943395_UX-100_2024-2_2024-08-10","41943395_UX-100_2024-2","2024-08-10","6","Aprobado","Item Created"
"a0Abm000006rhpnEAA","31554768_DEV-101_2024-2_2024-08-11","31554768_DEV-101_2024-2","2024-08-11","7","Aprobado","Item Created"
"a0Abm000006rhpoEAA","40578248_DEV-101_2024-2_2024-08-11","40578248_DEV-101_2024-2","2024-08-11","10","Aprobado","Item Created"
"a0Abm000006rhppEAA","35589315_GEN-101_2024-2_2024-08-12","35589315_GEN-101_2024-2","2024-08-12","5","Aprobado","Item Created"
"a0Abm000006rhpqEAA","43539600_MKT-200_2024-2_2024-08-13","43539600_MKT-200_2024-2","2024-08-13","6","Aprobado","Item Created"
"a0Abm000006rhprEAA","35891432_NEG-400_2024-2_2024-08-21","35891432_NEG-400_2024-2","2024-08-21","8","Aprobado","Item Created"
"a0Abm000006rhpsEAA","32991581_MKT-200_2024-2_2024-08-22","32991581_MKT-200_2024-2","2024-08-22","8","Aprobado","Item Created"
"a0Abm000006rhptEAA","32991581_MKT-200_2024-2_2024-08-23","32991581_MKT-200_2024-2","2024-08-23","6","Aprobado","Item Created"
"a0Abm000006rhpuEAA","40988877_GEN-101_2024-2_2024-08-24","40988877_GEN-101_2024-2","2024-08-24","2","Desaprobado","Item Created"
"a0Abm000006rhpvEAA","38811418_GEN-101_2024-2_2024-08-24","38811418_GEN-101_2024-2","2024-08-24","2","Desaprobado","Item Created"
"a0Abm000006rhpwEAA","31554768_DAT-101_2024-2_2024-08-24","31554768_DAT-101_2024-2","2024-08-24","10","Aprobado","Item Created"
"a0Abm000006rhpxEAA","33988348_IA-300_2024-2_2024-08-25","33988348_IA-300_2024-2","2024-08-25","7","Aprobado","Item Created"
"a0Abm000006rhpyEAA","34250668_GEN-101_2024-2_2024-08-28","34250668_GEN-101_2024-2","2024-08-28","4","Aprobado","Item Created"
"a0Abm000006rhpzEAA","45130131_DAT-101_2024-2_2024-08-29","45130131_DAT-101_2024-2","2024-08-29","4","Aprobado","Item Created"
"a0Abm000006rhq0EAA","36163868_GEN-101_2024-2_2024-09-06","36163868_GEN-101_2024-2","2024-09-06","6","Aprobado","Item Created"
"a0Abm000006rhq1EAA","30117903_DAT-201_2024-2_2024-09-08","30117903_DAT-201_2024-2","2024-09-08","6","Aprobado","Item Created"
"a0Abm000006rhq2EAA","31187731_NEG-400_2024-2_2024-09-09","31187731_NEG-400_2024-2","2024-09-09","4","Aprobado","Item Created"
"a0Abm000006rhq3EAA","34508314_IA-300_2024-2_2024-09-09","34508314_IA-300_2024-2","2024-09-09","4","Aprobado","Item Created"
"a0Abm000006rhq4EAA","33155313_NEG-400_2024-2_2024-09-09","33155313_NEG-400_2024-2","2024-09-09","8","Aprobado","Item Created"
"a0Abm000006rhq5EAA","43539600_GEN-101_2024-2_2024-09-11","43539600_GEN-101_2024-2","2024-09-11","3","Desaprobado","Item Created"
"a0Abm000006rhq6EAA","43449566_UX-100_2024-2_2024-09-12","43449566_UX-100_2024-2","2024-09-12","2","Desaprobado","Item Created"
"a0Abm000006rhq7EAA","39696052_DAT-101_2024-2_2024-09-16","39696052_DAT-101_2024-2","2024-09-16","4","Aprobado","Item Created"
"a0Abm000006rhq8EAA","30117903_DEV-101_2024-2_2024-09-17","30117903_DEV-101_2024-2","2024-09-17","2","Desaprobado","Item Created"
"a0Abm000006rhq9EAA","43625205_GEN-101_2024-2_2024-09-21","43625205_GEN-101_2024-2","2024-09-21","3","Desaprobado","Item Created"
"a0Abm000006rhqAEAQ","33081027_DAT-201_2024-2_2024-09-22","33081027_DAT-201_2024-2","2024-09-22","6","Aprobado","Item Created"
"a0Abm000006rhqBEAQ","36163868_DAT-101_2024-2_2024-09-25","36163868_DAT-101_2024-2","2024-09-25","6","Aprobado","Item Created"
"a0Abm000006rhqCEAQ","39696052_DEV-101_2024-2_2024-09-26","39696052_DEV-101_2024-2","2024-09-26","2","Desaprobado","Item Created"
"a0Abm000006rhqDEAQ","35891432_DEV-101_2024-2_2024-09-28","35891432_DEV-101_2024-2","2024-09-28","7","Aprobado","Item Created"
"a0Abm000006rhqEEAQ","31379964_IA-300_2024-2_2024-10-01","31379964_IA-300_2024-2","2024-10-01","5","Aprobado","Item Created"
"a0Abm000006rhqFEAQ","40988877_DEV-101_2024-2_2024-10-04","40988877_DEV-101_2024-2","2024-10-04","1","Desaprobado","Item Created"
"a0Abm000006rhqGEAQ","40578248_IA-300_2024-2_2024-10-06","40578248_IA-300_2024-2","2024-10-06","1","Desaprobado","Item Created"
"a0Abm000006rhqHEAQ","36279807_MKT-200_2024-2_2024-10-08","36279807_MKT-200_2024-2","2024-10-08","8","Aprobado","Item Created"
"a0Abm000006rhqIEAQ","32349994_IA-300_2024-2_2024-10-10","32349994_IA-300_2024-2","2024-10-10","7","Aprobado","Item Created"
"a0Abm000006rhqJEAQ","34471842_GEN-101_2024-2_2024-10-15","34471842_GEN-101_2024-2","2024-10-15","2","Desaprobado","Item Created"
"a0Abm000006rhqKEAQ","39734889_DAT-101_2024-2_2024-10-16","39734889_DAT-101_2024-2","2024-10-16","6","Aprobado","Item Created"
"a0Abm000006rhqLEAQ","45688788_GEN-101_2024-2_2024-10-17","45688788_GEN-101_2024-2","2024-10-17","3","Desaprobado","Item Created"
"a0Abm000006rhqMEAQ","33081027_DAT-101_2024-2_2024-10-18","33081027_DAT-101_2024-2","2024-10-18","5","Aprobado","Item Created"
"a0Abm000006rhqNEAQ","37706458_DAT-101_2024-2_2024-10-18","37706458_DAT-101_2024-2","2024-10-18","1","Desaprobado","Item Created"
"a0Abm000006rhqOEAQ","37795993_GEN-101_2024-2_2024-10-18","37795993_GEN-101_2024-2","2024-10-18","1","Desaprobado","Item Created"
"a0Abm000006rhqPEAQ","35589315_IA-300_2024-2_2024-10-20","35589315_IA-300_2024-2","2024-10-20","1","Desaprobado","Item Created"
"a0Abm000006rhqQEAQ","41944353_IA-300_2024-2_2024-10-22","41944353_IA-300_2024-2","2024-10-22","8","Aprobado","Item Created"
"a0Abm000006rhqREAQ","35915007_UX-100_2024-2_2024-10-22","35915007_UX-100_2024-2","2024-10-22","6","Aprobado","Item Created"
"a0Abm000006rhqSEAQ","32349994_GEN-101_2024-2_2024-10-23","32349994_GEN-101_2024-2","2024-10-23","7","Aprobado","Item Created"
"a0Abm000006rhqTEAQ","34250668_MKT-200_2024-2_2024-10-24","34250668_MKT-200_2024-2","2024-10-24","6","Aprobado","Item Created"
"a0Abm000006rhqUEAQ","35824110_NEG-400_2024-2_2024-10-26","35824110_NEG-400_2024-2","2024-10-26","4","Aprobado","Item Created"
"a0Abm000006rhqVEAQ","38223982_GEN-101_2024-2_2024-10-28","38223982_GEN-101_2024-2","2024-10-28","7","Aprobado","Item Created"
"a0Abm000006rhqWEAQ","42305779_GEN-101_2024-2_2024-10-29","42305779_GEN-101_2024-2","2024-10-29","3","Desaprobado","Item Created"
"a0Abm000006rhqXEAQ","45147679_MKT-200_2024-2_2024-10-30","45147679_MKT-200_2024-2","2024-10-30","5","Aprobado","Item Created"
"a0Abm000006rhqYEAQ","41134242_GEN-101_2024-2_2024-10-31","41134242_GEN-101_2024-2","2024-10-31","1","Desaprobado","Item Created"
"a0Abm000006rhqZEAQ","34636803_DAT-201_2024-2_2024-11-04","34636803_DAT-201_2024-2","2024-11-04","1","Desaprobado","Item Created"
"a0Abm000006rhqaEAA","37222211_UX-100_2024-2_2024-11-06","37222211_UX-100_2024-2","2024-11-06","2","Desaprobado","Item Created"
"a0Abm000006rhqbEAA","31554768_DAT-201_2024-2_2024-11-07","31554768_DAT-201_2024-2","2024-11-07","2","Desaprobado","Item Created"
"a0Abm000006rhqcEAA","37513790_IA-300_2024-2_2024-11-07","37513790_IA-300_2024-2","2024-11-07","8","Aprobado","Item Created"
"a0Abm000006rhqdEAA","45840080_GEN-101_2024-2_2024-11-09","45840080_GEN-101_2024-2","2024-11-09","2","Desaprobado","Item Created"
"a0Abm000006rhqeEAA","35589315_UX-100_2024-2_2024-11-11","35589315_UX-100_2024-2","2024-11-11","7","Aprobado","Item Created"
"a0Abm000006rhqfEAA","32200927_MKT-200_2024-2_2024-11-14","32200927_MKT-200_2024-2","2024-11-14","2","Desaprobado","Item Created"
"a0Abm000006rhqgEAA","45130131_GEN-101_2024-2_2024-11-14","45130131_GEN-101_2024-2","2024-11-14","2","Desaprobado","Item Created"
"a0Abm000006rhqhEAA","45147679_DAT-201_2024-2_2024-11-15","45147679_DAT-201_2024-2","2024-11-15","7","Aprobado","Item Created"
"a0Abm000006rhqiEAA","32160000_IA-300_2024-2_2024-11-16","32160000_IA-300_2024-2","2024-11-16","4","Aprobado","Item Created"
"a0Abm000006rhqjEAA","37604035_MKT-200_2024-2_2024-11-19","37604035_MKT-200_2024-2","2024-11-19","4","Aprobado","Item Created"
"a0Abm000006rhqkEAA","40988877_DEV-101_2024-2_2024-11-21","40988877_DEV-101_2024-2","2024-11-21","6","Aprobado","Item Created"
"a0Abm000006rhqlEAA","35891432_DAT-101_2024-2_2024-11-21","35891432_DAT-101_2024-2","2024-11-21","8","Aprobado","Item Created"
"a0Abm000006rhqmEAA","32160000_DAT-201_2024-2_2024-11-21","32160000_DAT-201_2024-2","2024-11-21","8","Aprobado","Item Created"
"a0Abm000006rhqnEAA","36163868_DAT-101_2024-2_2024-11-22","36163868_DAT-101_2024-2","2024-11-22","5","Aprobado","Item Created"
"a0Abm000006rhqoEAA","34508314_UX-100_2024-2_2024-11-22","34508314_UX-100_2024-2","2024-11-22","8","Aprobado","Item Created"
"a0Abm000006rhqpEAA","32991581_DAT-101_2024-2_2024-11-24","32991581_DAT-101_2024-2","2024-11-24","1","Desaprobado","Item Created"
"a0Abm000006rhqqEAA","33541682_DAT-201_2024-2_2024-11-24","33541682_DAT-201_2024-2","2024-11-24","4","Aprobado","Item Created"
"a0Abm000006rhqrEAA","30542692_GEN-101_2024-2_2024-11-24","30542692_GEN-101_2024-2","2024-11-24","2","Desaprobado","Item Created"
"a0Abm000006rhqsEAA","37604035_UX-100_2024-2_2024-11-26","37604035_UX-100_2024-2","2024-11-26","3","Desaprobado","Item Created"
"a0Abm000006rhqtEAA","30348701_GEN-101_2024-2_2024-11-28","30348701_GEN-101_2024-2","2024-11-28","7","Aprobado","Item Created"
"a0Abm000006rhquEAA","45840080_DEV-101_2024-2_2024-11-29","45840080_DEV-101_2024-2","2024-11-29","6","Aprobado","Item Created"
"a0Abm000006rhqvEAA","31370404_IA-300_2024-2_2024-11-30","31370404_IA-300_2024-2","2024-11-30","2","Desaprobado","Item Created"
"a0Abm000006rhqwEAA","36279807_UX-100_2024-2_2024-11-30","36279807_UX-100_2024-2","2024-11-30","6","Aprobado","Item Created"
"a0Abm000006rhqxEAA","35420584_UX-100_2024-2_2024-12-04","35420584_UX-100_2024-2","2024-12-04","7","Aprobado","Item Created"
"a0Abm000006rhqyEAA","37706458_UX-100_2024-2_2024-12-07","37706458_UX-100_2024-2","2024-12-07","10","Aprobado","Item Created"
"a0Abm000006rhqzEAA","33789545_IA-300_2024-2_2024-12-08","33789545_IA-300_2024-2","2024-12-08","9","Aprobado","Item Created"
"a0Abm000006rhr0EAA","35081927_GEN-101_2024-2_2024-12-10","35081927_GEN-101_2024-2","2024-12-10","2","Desaprobado","Item Created"
"a0Abm000006rhr1EAA","44047721_DAT-101_2024-2_2024-12-11","44047721_DAT-101_2024-2","2024-12-11","6","Aprobado","Item Created"
"a0Abm000006rhr2EAA","37222211_GEN-101_2024-2_2024-12-14","37222211_GEN-101_2024-2","2024-12-14","10","Aprobado","Item Created"
"a0Abm000006rhr3EAA","39074649_NEG-400_2024-2_2024-12-14","39074649_NEG-400_2024-2","2024-12-14","1","Desaprobado","Item Created"
"a0Abm000006rhr4EAA","41111676_IA-300_2024-2_2024-12-14","41111676_IA-300_2024-2","2024-12-14","4","Aprobado","Item Created"
"a0Abm000006rhr5EAA","34223113_IA-400_2025-1_2025-03-01","34223113_IA-400_2025-1","2025-03-01","8","Aprobado","Item Created"
"a0Abm000006rhr6EAA","41907942_NEG-400_2025-1_2025-03-01","41907942_NEG-400_2025-1","2025-03-01","1","Desaprobado","Item Created"
"a0Abm000006rhr7EAA","31153469_UX-100_2025-1_2025-03-01","31153469_UX-100_2025-1","2025-03-01","7","Aprobado","Item Created"
"a0Abm000006rhr8EAA","36511898_DAT-305_2025-1_2025-03-01","36511898_DAT-305_2025-1","2025-03-01","10","Aprobado","Item Created"
"a0Abm000006rhr9EAA","44383216_UX-100_2025-1_2025-03-01","44383216_UX-100_2025-1","2025-03-01","7","Aprobado","Item Created"
"a0Abm000006rhrAEAQ","40284355_NEG-400_2025-1_2025-03-01","40284355_NEG-400_2025-1","2025-03-01","4","Aprobado","Item Created"
"a0Abm000006rhrBEAQ","46410216_GEN-101_2025-1_2025-03-01","46410216_GEN-101_2025-1","2025-03-01","2","Desaprobado","Item Created"
"a0Abm000006rhrCEAQ","44844263_UX-100_2025-1_2025-03-01","44844263_UX-100_2025-1","2025-03-01","7","Aprobado","Item Created"
"a0Abm000006rhrDEAQ","40833222_DAT-305_2025-1_2025-03-01","40833222_DAT-305_2025-1","2025-03-01","2","Desaprobado","Item Created"
"a0Abm000006rhrEEAQ","40852091_DAT-305_2025-1_2025-03-01","40852091_DAT-305_2025-1","2025-03-01","10","Aprobado","Item Created"
"a0Abm000006rhrFEAQ","43342517_DAT-305_2025-1_2025-03-01","43342517_DAT-305_2025-1","2025-03-01","8","Aprobado","Item Created"
"a0Abm000006rhrGEAQ","44730308_NEG-400_2025-1_2025-03-01","44730308_NEG-400_2025-1","2025-03-01","3","Desaprobado","Item Created"
"a0Abm000006rhrHEAQ","44445238_DAT-101_2025-1_2025-03-01","44445238_DAT-101_2025-1","2025-03-01","1","Desaprobado","Item Created"
"a0Abm000006rhrIEAQ","40269989_DAT-201_2025-1_2025-03-01","40269989_DAT-201_2025-1","2025-03-01","1","Desaprobado","Item Created"
"a0Abm000006rhrJEAQ","30277884_MKT-200_2025-1_2025-03-01","30277884_MKT-200_2025-1","2025-03-01","3","Desaprobado","Item Created"
"a0Abm000006rhrKEAQ","35310111_DAT-305_2025-1_2025-03-01","35310111_DAT-305_2025-1","2025-03-01","8","Aprobado","Item Created"
"a0Abm000006rhrLEAQ","33362152_DAT-201_2025-1_2025-03-01","33362152_DAT-201_2025-1","2025-03-01","4","Aprobado","Item Created"
"a0Abm000006rhrMEAQ","40204911_DEV-101_2025-1_2025-03-01","40204911_DEV-101_2025-1","2025-03-01","9","Aprobado","Item Created"
"a0Abm000006rhrNEAQ","47320705_NEG-400_2025-1_2025-03-01","47320705_NEG-400_2025-1","2025-03-01","9","Aprobado","Item Created"
"a0Abm000006rhrOEAQ","44724307_DAT-101_2025-1_2025-03-01","44724307_DAT-101_2025-1","2025-03-01","8","Aprobado","Item Created"
"a0Abm000006rhrPEAQ","41016204_DAT-305_2025-1_2025-03-01","41016204_DAT-305_2025-1","2025-03-01","9","Aprobado","Item Created"
"a0Abm000006rhrQEAQ","32844429_DAT-305_2025-1_2025-03-01","32844429_DAT-305_2025-1","2025-03-01","1","Desaprobado","Item Created"
"a0Abm000006rhrREAQ","44286872_GEN-101_2025-1_2025-03-02","44286872_GEN-101_2025-1","2025-03-02","1","Desaprobado","Item Created"
"a0Abm000006rhrSEAQ","37090862_DAT-201_2025-1_2025-03-02","37090862_DAT-201_2025-1","2025-03-02","1","Desaprobado","Item Created"
"a0Abm000006rhrTEAQ","32027618_GEN-101_2025-1_2025-03-02","32027618_GEN-101_2025-1","2025-03-02","6","Aprobado","Item Created"
"a0Abm000006rhrUEAQ","45280236_DEV-101_2025-1_2025-03-02","45280236_DEV-101_2025-1","2025-03-02","9","Aprobado","Item Created"
"a0Abm000006rhrVEAQ","30224289_MKT-200_2025-1_2025-03-02","30224289_MKT-200_2025-1","2025-03-02","10","Aprobado","Item Created"
"a0Abm000006rhrWEAQ","40437078_DAT-101_2025-1_2025-03-02","40437078_DAT-101_2025-1","2025-03-02","1","Desaprobado","Item Created"
"a0Abm000006rhrXEAQ","30808375_UX-100_2025-1_2025-03-02","30808375_UX-100_2025-1","2025-03-02","5","Aprobado","Item Created"
"a0Abm000006rhrYEAQ","34223113_DAT-101_2025-1_2025-03-02","34223113_DAT-101_2025-1","2025-03-02","3","Desaprobado","Item Created"
"a0Abm000006rhrZEAQ","37412229_IA-400_2025-1_2025-03-02","37412229_IA-400_2025-1","2025-03-02","3","Desaprobado","Item Created"
"a0Abm000006rhraEAA","33697024_MKT-200_2025-1_2025-03-02","33697024_MKT-200_2025-1","2025-03-02","8","Aprobado","Item Created"
"a0Abm000006rhrbEAA","30520054_DEV-101_2025-1_2025-03-02","30520054_DEV-101_2025-1","2025-03-02","7","Aprobado","Item Created"
"a0Abm000006rhrcEAA","35077928_IA-400_2025-1_2025-03-02","35077928_IA-400_2025-1","2025-03-02","6","Aprobado","Item Created"
"a0Abm000006rhrdEAA","44343339_DAT-201_2025-1_2025-03-02","44343339_DAT-201_2025-1","2025-03-02","5","Aprobado","Item Created"
"a0Abm000006rhreEAA","43729856_NEG-400_2025-1_2025-03-03","43729856_NEG-400_2025-1","2025-03-03","2","Desaprobado","Item Created"
"a0Abm000006rhrfEAA","31445923_IA-300_2025-1_2025-03-03","31445923_IA-300_2025-1","2025-03-03","10","Aprobado","Item Created"
"a0Abm000006rhrgEAA","38405437_IA-300_2025-1_2025-03-03","38405437_IA-300_2025-1","2025-03-03","2","Desaprobado","Item Created"
"a0Abm000006rhrhEAA","46585675_IA-300_2025-1_2025-03-03","46585675_IA-300_2025-1","2025-03-03","4","Aprobado","Item Created"
"a0Abm000006rhriEAA","40235116_DAT-201_2025-1_2025-03-03","40235116_DAT-201_2025-1","2025-03-03","6","Aprobado","Item Created"
"a0Abm000006rhrjEAA","31221480_IA-400_2025-1_2025-03-03","31221480_IA-400_2025-1","2025-03-03","3","Desaprobado","Item Created"
"a0Abm000006rhrkEAA","40104822_MKT-200_2025-1_2025-03-03","40104822_MKT-200_2025-1","2025-03-03","8","Aprobado","Item Created"
"a0Abm000006rhrlEAA","37639684_DAT-305_2025-1_2025-03-03","37639684_DAT-305_2025-1","2025-03-03","1","Desaprobado","Item Created"
"a0Abm000006rhrmEAA","33800391_IA-300_2025-1_2025-03-03","33800391_IA-300_2025-1","2025-03-03","5","Aprobado","Item Created"
"a0Abm000006rhrnEAA","44415606_GEN-101_2025-1_2025-03-03","44415606_GEN-101_2025-1","2025-03-03","1","Desaprobado","Item Created"
"a0Abm000006rhroEAA","31136038_DAT-201_2025-1_2025-03-03","31136038_DAT-201_2025-1","2025-03-03","5","Aprobado","Item Created"
"a0Abm000006rhrpEAA","32459600_DAT-101_2025-1_2025-03-03","32459600_DAT-101_2025-1","2025-03-03","9","Aprobado","Item Created"
"a0Abm000006rhrqEAA","33568791_IA-300_2025-1_2025-03-03","33568791_IA-300_2025-1","2025-03-03","4","Aprobado","Item Created"
"a0Abm000006rhrrEAA","43507384_DAT-101_2025-1_2025-03-03","43507384_DAT-101_2025-1","2025-03-03","7","Aprobado","Item Created"
"a0Abm000006rhrsEAA","32604998_IA-400_2025-1_2025-03-03","32604998_IA-400_2025-1","2025-03-03","1","Desaprobado","Item Created"
"a0Abm000006rhrtEAA","44544802_IA-300_2025-1_2025-03-04","44544802_IA-300_2025-1","2025-03-04","7","Aprobado","Item Created"
"a0Abm000006rhruEAA","33418893_GEN-101_2025-1_2025-03-04","33418893_GEN-101_2025-1","2025-03-04","6","Aprobado","Item Created"
"a0Abm000006rhrvEAA","33201122_DAT-101_2025-1_2025-03-04","33201122_DAT-101_2025-1","2025-03-04","1","Desaprobado","Item Created"
"a0Abm000006rhrwEAA","33792064_DAT-101_2025-1_2025-03-04","33792064_DAT-101_2025-1","2025-03-04","9","Aprobado","Item Created"
"a0Abm000006rhrxEAA","31786305_NEG-400_2025-1_2025-03-04","31786305_NEG-400_2025-1","2025-03-04","2","Desaprobado","Item Created"
"a0Abm000006rhryEAA","43678310_DAT-305_2025-1_2025-03-04","43678310_DAT-305_2025-1","2025-03-04","10","Aprobado","Item Created"
"a0Abm000006rhrzEAA","43690930_DAT-101_2025-1_2025-03-04","43690930_DAT-101_2025-1","2025-03-04","9","Aprobado","Item Created"
"a0Abm000006rhs0EAA","31221561_GEN-101_2025-1_2025-03-04","31221561_GEN-101_2025-1","2025-03-04","9","Aprobado","Item Created"
"a0Abm000006rhs1EAA","47731681_DAT-305_2025-1_2025-03-04","47731681_DAT-305_2025-1","2025-03-04","1","Desaprobado","Item Created"
"a0Abm000006rhs2EAA","41016204_UX-100_2025-1_2025-03-04","41016204_UX-100_2025-1","2025-03-04","6","Aprobado","Item Created"
"a0Abm000006rhs3EAA","37799625_DEV-101_2025-1_2025-03-04","37799625_DEV-101_2025-1","2025-03-04","3","Desaprobado","Item Created"
"a0Abm000006rhs4EAA","46890428_DEV-101_2025-1_2025-03-04","46890428_DEV-101_2025-1","2025-03-04","9","Aprobado","Item Created"
"a0Abm000006rhs5EAA","34316765_DAT-305_2025-1_2025-03-04","34316765_DAT-305_2025-1","2025-03-04","4","Aprobado","Item Created"
"a0Abm000006rhs6EAA","32935035_DAT-101_2025-1_2025-03-04","32935035_DAT-101_2025-1","2025-03-04","7","Aprobado","Item Created"
"a0Abm000006rhs7EAA","44190336_DAT-305_2025-1_2025-03-04","44190336_DAT-305_2025-1","2025-03-04","9","Aprobado","Item Created"
"a0Abm000006rhs8EAA","40175984_IA-400_2025-1_2025-03-05","40175984_IA-400_2025-1","2025-03-05","9","Aprobado","Item Created"
"a0Abm000006rhs9EAA","31239788_DEV-101_2025-1_2025-03-05","31239788_DEV-101_2025-1","2025-03-05","3","Desaprobado","Item Created"
"a0Abm000006rhsAEAQ","30674136_NEG-400_2025-1_2025-03-05","30674136_NEG-400_2025-1","2025-03-05","10","Aprobado","Item Created"
"a0Abm000006rhsBEAQ","44197978_IA-400_2025-1_2025-03-05","44197978_IA-400_2025-1","2025-03-05","3","Desaprobado","Item Created"
"a0Abm000006rhsCEAQ","45663240_GEN-101_2025-1_2025-03-05","45663240_GEN-101_2025-1","2025-03-05","9","Aprobado","Item Created"
"a0Abm000006rhsDEAQ","36996781_IA-400_2025-1_2025-03-05","36996781_IA-400_2025-1","2025-03-05","9","Aprobado","Item Created"
"a0Abm000006rhsEEAQ","33518284_DAT-201_2025-1_2025-03-05","33518284_DAT-201_2025-1","2025-03-05","7","Aprobado","Item Created"
"a0Abm000006rhsFEAQ","38714246_IA-300_2025-1_2025-03-05","38714246_IA-300_2025-1","2025-03-05","2","Desaprobado","Item Created"
"a0Abm000006rhsGEAQ","33614240_GEN-101_2025-1_2025-03-05","33614240_GEN-101_2025-1","2025-03-05","5","Aprobado","Item Created"
"a0Abm000006rhsHEAQ","47075635_DAT-305_2025-1_2025-03-05","47075635_DAT-305_2025-1","2025-03-05","4","Aprobado","Item Created"
"a0Abm000006rhsIEAQ","38040781_NEG-400_2025-1_2025-03-05","38040781_NEG-400_2025-1","2025-03-05","4","Aprobado","Item Created"
"a0Abm000006rhsJEAQ","34364066_NEG-400_2025-1_2025-03-05","34364066_NEG-400_2025-1","2025-03-05","2","Desaprobado","Item Created"
"a0Abm000006rhsKEAQ","43558573_DAT-201_2025-1_2025-03-05","43558573_DAT-201_2025-1","2025-03-05","6","Aprobado","Item Created"
"a0Abm000006rhsLEAQ","45280236_NEG-400_2025-1_2025-03-06","45280236_NEG-400_2025-1","2025-03-06","2","Desaprobado","Item Created"
"a0Abm000006rhsMEAQ","32270986_MKT-200_2025-1_2025-03-06","32270986_MKT-200_2025-1","2025-03-06","5","Aprobado","Item Created"
"a0Abm000006rhsNEAQ","45225711_UX-100_2025-1_2025-03-06","45225711_UX-100_2025-1","2025-03-06","2","Desaprobado","Item Created"
"a0Abm000006rhsOEAQ","46193548_DAT-305_2025-1_2025-03-06","46193548_DAT-305_2025-1","2025-03-06","1","Desaprobado","Item Created"
"a0Abm000006rhsPEAQ","43037722_DAT-101_2025-1_2025-03-06","43037722_DAT-101_2025-1","2025-03-06","9","Aprobado","Item Created"
"a0Abm000006rhsQEAQ","36742732_DAT-101_2025-1_2025-03-06","36742732_DAT-101_2025-1","2025-03-06","4","Aprobado","Item Created"
"a0Abm000006rhsREAQ","37091816_DAT-305_2025-1_2025-03-06","37091816_DAT-305_2025-1","2025-03-06","1","Desaprobado","Item Created"
"a0Abm000006rhsSEAQ","43871938_DEV-101_2025-1_2025-03-06","43871938_DEV-101_2025-1","2025-03-06","4","Aprobado","Item Created"
"a0Abm000006rhsTEAQ","37335497_IA-400_2025-1_2025-03-06","37335497_IA-400_2025-1","2025-03-06","9","Aprobado","Item Created"
"a0Abm000006rhsUEAQ","37639684_DAT-101_2025-1_2025-03-06","37639684_DAT-101_2025-1","2025-03-06","9","Aprobado","Item Created"
"a0Abm000006rhsVEAQ","44086116_UX-100_2025-1_2025-03-06","44086116_UX-100_2025-1","2025-03-06","1","Desaprobado","Item Created"
"a0Abm000006rhsWEAQ","31681085_DEV-101_2025-1_2025-03-06","31681085_DEV-101_2025-1","2025-03-06","5","Aprobado","Item Created"
"a0Abm000006rhsXEAQ","41785959_IA-300_2025-1_2025-03-06","41785959_IA-300_2025-1","2025-03-06","2","Desaprobado","Item Created"
"a0Abm000006rhsYEAQ","47223646_DAT-101_2025-1_2025-03-06","47223646_DAT-101_2025-1","2025-03-06","8","Aprobado","Item Created"
"a0Abm000006rhsZEAQ","35844073_NEG-400_2025-1_2025-03-06","35844073_NEG-400_2025-1","2025-03-06","10","Aprobado","Item Created"
"a0Abm000006rhsaEAA","34341037_IA-400_2025-1_2025-03-06","34341037_IA-400_2025-1","2025-03-06","2","Desaprobado","Item Created"
"a0Abm000006rhsbEAA","44476887_GEN-101_2025-1_2025-03-06","44476887_GEN-101_2025-1","2025-03-06","5","Aprobado","Item Created"
"a0Abm000006rhscEAA","37412229_DEV-101_2025-1_2025-03-06","37412229_DEV-101_2025-1","2025-03-06","4","Aprobado","Item Created"
"a0Abm000006rhsdEAA","45311516_IA-400_2025-1_2025-03-06","45311516_IA-400_2025-1","2025-03-06","4","Aprobado","Item Created"
"a0Abm000006rhseEAA","45368291_UX-100_2025-1_2025-03-06","45368291_UX-100_2025-1","2025-03-06","7","Aprobado","Item Created"
"a0Abm000006rhsfEAA","39796864_IA-400_2025-1_2025-03-06","39796864_IA-400_2025-1","2025-03-06","10","Aprobado","Item Created"
"a0Abm000006rhsgEAA","43652049_NEG-400_2025-1_2025-03-06","43652049_NEG-400_2025-1","2025-03-06","6","Aprobado","Item Created"
"a0Abm000006rhshEAA","31332769_UX-100_2025-1_2025-03-06","31332769_UX-100_2025-1","2025-03-06","1","Desaprobado","Item Created"
"a0Abm000006rhsiEAA","36219416_MKT-200_2025-1_2025-03-06","36219416_MKT-200_2025-1","2025-03-06","6","Aprobado","Item Created"
"a0Abm000006rhsjEAA","47221206_GEN-101_2025-1_2025-03-06","47221206_GEN-101_2025-1","2025-03-06","8","Aprobado","Item Created"
"a0Abm000006rhskEAA","31239788_GEN-101_2025-1_2025-03-06","31239788_GEN-101_2025-1","2025-03-06","10","Aprobado","Item Created"
"a0Abm000006rhslEAA","30301798_DEV-101_2025-1_2025-03-07","30301798_DEV-101_2025-1","2025-03-07","5","Aprobado","Item Created"
"a0Abm000006rhsmEAA","31848115_DAT-305_2025-1_2025-03-07","31848115_DAT-305_2025-1","2025-03-07","7","Aprobado","Item Created"
"a0Abm000006rhsnEAA","47075635_UX-100_2025-1_2025-03-07","47075635_UX-100_2025-1","2025-03-07","7","Aprobado","Item Created"
"a0Abm000006rhsoEAA","46193548_IA-400_2025-1_2025-03-07","46193548_IA-400_2025-1","2025-03-07","5","Aprobado","Item Created"
"a0Abm000006rhspEAA","31332769_NEG-400_2025-1_2025-03-08","31332769_NEG-400_2025-1","2025-03-08","4","Aprobado","Item Created"
"a0Abm000006rhsqEAA","31681085_UX-100_2025-1_2025-03-08","31681085_UX-100_2025-1","2025-03-08","4","Aprobado","Item Created"
"a0Abm000006rhsrEAA","33201122_DAT-305_2025-1_2025-03-08","33201122_DAT-305_2025-1","2025-03-08","1","Desaprobado","Item Created"
"a0Abm000006rhssEAA","39796864_IA-400_2025-1_2025-03-09","39796864_IA-400_2025-1","2025-03-09","2","Desaprobado","Item Created"
"a0Abm000006rhstEAA","46193548_DAT-201_2025-1_2025-03-10","46193548_DAT-201_2025-1","2025-03-10","2","Desaprobado","Item Created"
"a0Abm000006rhsuEAA","47221206_DAT-201_2025-1_2025-03-10","47221206_DAT-201_2025-1","2025-03-10","3","Desaprobado","Item Created"
"a0Abm000006rhsvEAA","34316765_NEG-400_2025-1_2025-03-10","34316765_NEG-400_2025-1","2025-03-10","8","Aprobado","Item Created"
"a0Abm000006rhswEAA","43690930_GEN-101_2025-1_2025-03-11","43690930_GEN-101_2025-1","2025-03-11","4","Aprobado","Item Created"
"a0Abm000006rhsxEAA","31153469_IA-400_2025-1_2025-03-11","31153469_IA-400_2025-1","2025-03-11","3","Desaprobado","Item Created"
"a0Abm000006rhsyEAA","37799625_GEN-101_2025-1_2025-03-12","37799625_GEN-101_2025-1","2025-03-12","6","Aprobado","Item Created"
"a0Abm000006rhszEAA","43558573_GEN-101_2025-1_2025-03-12","43558573_GEN-101_2025-1","2025-03-12","1","Desaprobado","Item Created"
"a0Abm000006rht0EAA","45311516_IA-300_2025-1_2025-03-12","45311516_IA-300_2025-1","2025-03-12","1","Desaprobado","Item Created"
"a0Abm000006rht1EAA","33362152_IA-300_2025-1_2025-03-14","33362152_IA-300_2025-1","2025-03-14","8","Aprobado","Item Created"
"a0Abm000006rht2EAA","43652049_DAT-101_2025-1_2025-03-14","43652049_DAT-101_2025-1","2025-03-14","10","Aprobado","Item Created"
"a0Abm000006rht3EAA","37639684_MKT-200_2025-1_2025-03-14","37639684_MKT-200_2025-1","2025-03-14","4","Aprobado","Item Created"
"a0Abm000006rht4EAA","35077928_DAT-305_2025-1_2025-03-15","35077928_DAT-305_2025-1","2025-03-15","7","Aprobado","Item Created"
"a0Abm000006rht5EAA","44730308_DAT-305_2025-1_2025-03-15","44730308_DAT-305_2025-1","2025-03-15","2","Desaprobado","Item Created"
"a0Abm000006rht6EAA","31848115_IA-400_2025-1_2025-03-15","31848115_IA-400_2025-1","2025-03-15","4","Aprobado","Item Created"
"a0Abm000006rht7EAA","33568791_DAT-305_2025-1_2025-03-15","33568791_DAT-305_2025-1","2025-03-15","2","Desaprobado","Item Created"
"a0Abm000006rht8EAA","43729856_NEG-400_2025-1_2025-03-16","43729856_NEG-400_2025-1","2025-03-16","5","Aprobado","Item Created"
"a0Abm000006rht9EAA","41785959_GEN-101_2025-1_2025-03-16","41785959_GEN-101_2025-1","2025-03-16","6","Aprobado","Item Created"
"a0Abm000006rhtAEAQ","46890428_DAT-101_2025-1_2025-03-16","46890428_DAT-101_2025-1","2025-03-16","9","Aprobado","Item Created"
"a0Abm000006rhtBEAQ","36996781_GEN-101_2025-1_2025-03-18","36996781_GEN-101_2025-1","2025-03-18","1","Desaprobado","Item Created"
"a0Abm000006rhtCEAQ","44190336_MKT-200_2025-1_2025-03-19","44190336_MKT-200_2025-1","2025-03-19","6","Aprobado","Item Created"
"a0Abm000006rhtDEAQ","33418893_DAT-101_2025-1_2025-03-19","33418893_DAT-101_2025-1","2025-03-19","10","Aprobado","Item Created"
"a0Abm000006rhtEEAQ","33362152_NEG-400_2025-1_2025-03-21","33362152_NEG-400_2025-1","2025-03-21","7","Aprobado","Item Created"
"a0Abm000006rhtFEAQ","41785959_IA-300_2025-1_2025-03-22","41785959_IA-300_2025-1","2025-03-22","10","Aprobado","Item Created"
"a0Abm000006rhtGEAQ","32935035_DEV-101_2025-1_2025-03-22","32935035_DEV-101_2025-1","2025-03-22","10","Aprobado","Item Created"
"a0Abm000006rhtHEAQ","32459600_UX-100_2025-1_2025-03-23","32459600_UX-100_2025-1","2025-03-23","1","Desaprobado","Item Created"
"a0Abm000006rhtIEAQ","31153469_NEG-400_2025-1_2025-03-23","31153469_NEG-400_2025-1","2025-03-23","7","Aprobado","Item Created"
"a0Abm000006rhtJEAQ","31445923_DEV-101_2025-1_2025-03-26","31445923_DEV-101_2025-1","2025-03-26","5","Aprobado","Item Created"
"a0Abm000006rhtKEAQ","46193548_DAT-101_2025-1_2025-03-26","46193548_DAT-101_2025-1","2025-03-26","4","Aprobado","Item Created"
"a0Abm000006rhtLEAQ","36996781_DAT-101_2025-1_2025-03-30","36996781_DAT-101_2025-1","2025-03-30","9","Aprobado","Item Created"
"a0Abm000006rhtMEAQ","33614240_IA-400_2025-1_2025-03-30","33614240_IA-400_2025-1","2025-03-30","4","Aprobado","Item Created"
"a0Abm000006rhtNEAQ","44476887_GEN-101_2025-1_2025-03-31","44476887_GEN-101_2025-1","2025-03-31","10","Aprobado","Item Created"
"a0Abm000006rhtOEAQ","43558573_MKT-200_2025-1_2025-04-01","43558573_MKT-200_2025-1","2025-04-01","3","Desaprobado","Item Created"
"a0Abm000006rhtPEAQ","43678310_DAT-201_2025-1_2025-04-01","43678310_DAT-201_2025-1","2025-04-01","5","Aprobado","Item Created"
"a0Abm000006rhtQEAQ","31239788_IA-400_2025-1_2025-04-01","31239788_IA-400_2025-1","2025-04-01","2","Desaprobado","Item Created"
"a0Abm000006rhtREAQ","36511898_GEN-101_2025-1_2025-04-02","36511898_GEN-101_2025-1","2025-04-02","2","Desaprobado","Item Created"
"a0Abm000006rhtSEAQ","40235116_MKT-200_2025-1_2025-04-02","40235116_MKT-200_2025-1","2025-04-02","5","Aprobado","Item Created"
"a0Abm000006rhtTEAQ","33418893_DAT-201_2025-1_2025-04-02","33418893_DAT-201_2025-1","2025-04-02","10","Aprobado","Item Created"
"a0Abm000006rhtUEAQ","43871938_DAT-305_2025-1_2025-04-02","43871938_DAT-305_2025-1","2025-04-02","8","Aprobado","Item Created"
"a0Abm000006rhtVEAQ","46585675_DEV-101_2025-1_2025-04-03","46585675_DEV-101_2025-1","2025-04-03","8","Aprobado","Item Created"
"a0Abm000006rhtWEAQ","40204911_MKT-200_2025-1_2025-04-05","40204911_MKT-200_2025-1","2025-04-05","4","Aprobado","Item Created"
"a0Abm000006rhtXEAQ","34316765_GEN-101_2025-1_2025-04-05","34316765_GEN-101_2025-1","2025-04-05","2","Desaprobado","Item Created"
"a0Abm000006rhtYEAQ","40175984_UX-100_2025-1_2025-04-06","40175984_UX-100_2025-1","2025-04-06","4","Aprobado","Item Created"
"a0Abm000006rhtZEAQ","41016204_DAT-201_2025-1_2025-04-06","41016204_DAT-201_2025-1","2025-04-06","10","Aprobado","Item Created"
"a0Abm000006rhtaEAA","30520054_MKT-200_2025-1_2025-04-07","30520054_MKT-200_2025-1","2025-04-07","10","Aprobado","Item Created"
"a0Abm000006rhtbEAA","35077928_GEN-101_2025-1_2025-04-07","35077928_GEN-101_2025-1","2025-04-07","6","Aprobado","Item Created"
"a0Abm000006rhtcEAA","33614240_GEN-101_2025-1_2025-04-08","33614240_GEN-101_2025-1","2025-04-08","4","Aprobado","Item Created"
"a0Abm000006rhtdEAA","37412229_UX-100_2025-1_2025-04-08","37412229_UX-100_2025-1","2025-04-08","10","Aprobado","Item Created"
"a0Abm000006rhteEAA","37335497_NEG-400_2025-1_2025-04-09","37335497_NEG-400_2025-1","2025-04-09","5","Aprobado","Item Created"
"a0Abm000006rhtfEAA","45663240_DAT-305_2025-1_2025-04-09","45663240_DAT-305_2025-1","2025-04-09","9","Aprobado","Item Created"
"a0Abm000006rhtgEAA","30301798_DAT-101_2025-1_2025-04-09","30301798_DAT-101_2025-1","2025-04-09","10","Aprobado","Item Created"
"a0Abm000006rhthEAA","43507384_IA-400_2025-1_2025-04-10","43507384_IA-400_2025-1","2025-04-10","2","Desaprobado","Item Created"
"a0Abm000006rhtiEAA","43652049_MKT-200_2025-1_2025-04-10","43652049_MKT-200_2025-1","2025-04-10","4","Aprobado","Item Created"
"a0Abm000006rhtjEAA","36742732_DAT-101_2025-1_2025-04-11","36742732_DAT-101_2025-1","2025-04-11","9","Aprobado","Item Created"
"a0Abm000006rhtkEAA","37090862_UX-100_2025-1_2025-04-11","37090862_UX-100_2025-1","2025-04-11","6","Aprobado","Item Created"
"a0Abm000006rhtlEAA","32027618_UX-100_2025-1_2025-04-12","32027618_UX-100_2025-1","2025-04-12","4","Aprobado","Item Created"
"a0Abm000006rhtmEAA","30301798_IA-400_2025-1_2025-04-13","30301798_IA-400_2025-1","2025-04-13","7","Aprobado","Item Created"
"a0Abm000006rhtnEAA","43871938_IA-400_2025-1_2025-04-14","43871938_IA-400_2025-1","2025-04-14","8","Aprobado","Item Created"
"a0Abm000006rhtoEAA","44197978_UX-100_2025-1_2025-04-15","44197978_UX-100_2025-1","2025-04-15","3","Desaprobado","Item Created"
"a0Abm000006rhtpEAA","31221480_UX-100_2025-1_2025-04-16","31221480_UX-100_2025-1","2025-04-16","10","Aprobado","Item Created"
"a0Abm000006rhtqEAA","31221480_DAT-305_2025-1_2025-04-16","31221480_DAT-305_2025-1","2025-04-16","2","Desaprobado","Item Created"
"a0Abm000006rhtrEAA","46410216_NEG-400_2025-1_2025-04-16","46410216_NEG-400_2025-1","2025-04-16","9","Aprobado","Item Created"
"a0Abm000006rhtsEAA","31136038_DAT-201_2025-1_2025-04-18","31136038_DAT-201_2025-1","2025-04-18","5","Aprobado","Item Created"
"a0Abm000006rhttEAA","43690930_GEN-101_2025-1_2025-04-19","43690930_GEN-101_2025-1","2025-04-19","10","Aprobado","Item Created"
"a0Abm000006rhtuEAA","32027618_DAT-305_2025-1_2025-04-20","32027618_DAT-305_2025-1","2025-04-20","10","Aprobado","Item Created"
"a0Abm000006rhtvEAA","31332769_DAT-305_2025-1_2025-04-22","31332769_DAT-305_2025-1","2025-04-22","1","Desaprobado","Item Created"
"a0Abm000006rhtwEAA","44724307_DAT-101_2025-1_2025-04-22","44724307_DAT-101_2025-1","2025-04-22","6","Aprobado","Item Created"
"a0Abm000006rhtxEAA","31786305_NEG-400_2025-1_2025-04-22","31786305_NEG-400_2025-1","2025-04-22","9","Aprobado","Item Created"
"a0Abm000006rhtyEAA","43342517_MKT-200_2025-1_2025-04-22","43342517_MKT-200_2025-1","2025-04-22","1","Desaprobado","Item Created"
"a0Abm000006rhtzEAA","31445923_IA-300_2025-1_2025-04-23","31445923_IA-300_2025-1","2025-04-23","7","Aprobado","Item Created"
"a0Abm000006rhu0EAA","31332769_UX-100_2025-1_2025-04-24","31332769_UX-100_2025-1","2025-04-24","2","Desaprobado","Item Created"
"a0Abm000006rhu1EAA","45280236_DAT-201_2025-1_2025-04-25","45280236_DAT-201_2025-1","2025-04-25","4","Aprobado","Item Created"
"a0Abm000006rhu2EAA","47221206_DEV-101_2025-1_2025-04-25","47221206_DEV-101_2025-1","2025-04-25","3","Desaprobado","Item Created"
"a0Abm000006rhu3EAA","41016204_DAT-305_2025-1_2025-04-25","41016204_DAT-305_2025-1","2025-04-25","4","Aprobado","Item Created"
"a0Abm000006rhu4EAA","44286872_MKT-200_2025-1_2025-04-28","44286872_MKT-200_2025-1","2025-04-28","5","Aprobado","Item Created"
"a0Abm000006rhu5EAA","31221561_IA-400_2025-1_2025-04-28","31221561_IA-400_2025-1","2025-04-28","3","Desaprobado","Item Created"
"a0Abm000006rhu6EAA","37412229_IA-300_2025-1_2025-04-28","37412229_IA-300_2025-1","2025-04-28","6","Aprobado","Item Created"
"a0Abm000006rhu7EAA","47320705_NEG-400_2025-1_2025-04-29","47320705_NEG-400_2025-1","2025-04-29","6","Aprobado","Item Created"
"a0Abm000006rhu8EAA","44190336_UX-100_2025-1_2025-05-01","44190336_UX-100_2025-1","2025-05-01","7","Aprobado","Item Created"
"a0Abm000006rhu9EAA","34341037_GEN-101_2025-1_2025-05-01","34341037_GEN-101_2025-1","2025-05-01","8","Aprobado","Item Created"
"a0Abm000006rhuAEAQ","44343339_DAT-305_2025-1_2025-05-03","44343339_DAT-305_2025-1","2025-05-03","2","Desaprobado","Item Created"
"a0Abm000006rhuBEAQ","37639684_NEG-400_2025-1_2025-05-03","37639684_NEG-400_2025-1","2025-05-03","9","Aprobado","Item Created"
"a0Abm000006rhuCEAQ","34341037_IA-300_2025-1_2025-05-03","34341037_IA-300_2025-1","2025-05-03","1","Desaprobado","Item Created"
"a0Abm000006rhuDEAQ","38714246_DAT-201_2025-1_2025-05-03","38714246_DAT-201_2025-1","2025-05-03","10","Aprobado","Item Created"
"a0Abm000006rhuEEAQ","43652049_DAT-201_2025-1_2025-05-04","43652049_DAT-201_2025-1","2025-05-04","2","Desaprobado","Item Created"
"a0Abm000006rhuFEAQ","33800391_DAT-201_2025-1_2025-05-05","33800391_DAT-201_2025-1","2025-05-05","2","Desaprobado","Item Created"
"a0Abm000006rhuGEAQ","43558573_UX-100_2025-1_2025-05-05","43558573_UX-100_2025-1","2025-05-05","2","Desaprobado","Item Created"
"a0Abm000006rhuHEAQ","44724307_DAT-305_2025-1_2025-05-06","44724307_DAT-305_2025-1","2025-05-06","5","Aprobado","Item Created"
"a0Abm000006rhuIEAQ","31786305_NEG-400_2025-1_2025-05-07","31786305_NEG-400_2025-1","2025-05-07","2","Desaprobado","Item Created"
"a0Abm000006rhuJEAQ","32604998_DEV-101_2025-1_2025-05-10","32604998_DEV-101_2025-1","2025-05-10","1","Desaprobado","Item Created"
"a0Abm000006rhuKEAQ","33614240_DEV-101_2025-1_2025-05-10","33614240_DEV-101_2025-1","2025-05-10","7","Aprobado","Item Created"
"a0Abm000006rhuLEAQ","38405437_MKT-200_2025-1_2025-05-11","38405437_MKT-200_2025-1","2025-05-11","5","Aprobado","Item Created"
"a0Abm000006rhuMEAQ","30808375_DAT-201_2025-1_2025-05-12","30808375_DAT-201_2025-1","2025-05-12","4","Aprobado","Item Created"
"a0Abm000006rhuNEAQ","32935035_UX-100_2025-1_2025-05-15","32935035_UX-100_2025-1","2025-05-15","9","Aprobado","Item Created"
"a0Abm000006rhuOEAQ","31332769_GEN-101_2025-1_2025-05-16","31332769_GEN-101_2025-1","2025-05-16","9","Aprobado","Item Created"
"a0Abm000006rhuPEAQ","44197978_IA-300_2025-1_2025-05-16","44197978_IA-300_2025-1","2025-05-16","8","Aprobado","Item Created"
"a0Abm000006rhuQEAQ","45368291_UX-100_2025-1_2025-05-16","45368291_UX-100_2025-1","2025-05-16","6","Aprobado","Item Created"
"a0Abm000006rhuREAQ","40204911_DAT-305_2025-1_2025-05-17","40204911_DAT-305_2025-1","2025-05-17","4","Aprobado","Item Created"
"a0Abm000006rhuSEAQ","31681085_MKT-200_2025-1_2025-05-19","31681085_MKT-200_2025-1","2025-05-19","8","Aprobado","Item Created"
"a0Abm000006rhuTEAQ","31136038_NEG-400_2025-1_2025-05-19","31136038_NEG-400_2025-1","2025-05-19","8","Aprobado","Item Created"
"a0Abm000006rhuUEAQ","43871938_DEV-101_2025-1_2025-05-19","43871938_DEV-101_2025-1","2025-05-19","7","Aprobado","Item Created"
"a0Abm000006rhuVEAQ","40852091_MKT-200_2025-1_2025-05-20","40852091_MKT-200_2025-1","2025-05-20","9","Aprobado","Item Created"
"a0Abm000006rhuWEAQ","32459600_IA-300_2025-1_2025-05-22","32459600_IA-300_2025-1","2025-05-22","7","Aprobado","Item Created"
"a0Abm000006rhuXEAQ","33697024_MKT-200_2025-1_2025-05-22","33697024_MKT-200_2025-1","2025-05-22","7","Aprobado","Item Created"
"a0Abm000006rhuYEAQ","45663240_MKT-200_2025-1_2025-05-23","45663240_MKT-200_2025-1","2025-05-23","9","Aprobado","Item Created"
"a0Abm000006rhuZEAQ","30224289_GEN-101_2025-1_2025-05-25","30224289_GEN-101_2025-1","2025-05-25","7","Aprobado","Item Created"
"a0Abm000006rhuaEAA","39796864_GEN-101_2025-1_2025-05-25","39796864_GEN-101_2025-1","2025-05-25","6","Aprobado","Item Created"
"a0Abm000006rhubEAA","34364066_MKT-200_2025-1_2025-05-25","34364066_MKT-200_2025-1","2025-05-25","8","Aprobado","Item Created"
"a0Abm000006rhucEAA","32027618_IA-300_2025-1_2025-05-26","32027618_IA-300_2025-1","2025-05-26","6","Aprobado","Item Created"
"a0Abm000006rhudEAA","43037722_DAT-201_2025-1_2025-05-28","43037722_DAT-201_2025-1","2025-05-28","1","Desaprobado","Item Created"
"a0Abm000006rhueEAA","45663240_DAT-101_2025-1_2025-05-28","45663240_DAT-101_2025-1","2025-05-28","1","Desaprobado","Item Created"
"a0Abm000006rhufEAA","33800391_GEN-101_2025-1_2025-05-28","33800391_GEN-101_2025-1","2025-05-28","2","Desaprobado","Item Created"
"a0Abm000006rhugEAA","34223113_IA-300_2025-1_2025-05-28","34223113_IA-300_2025-1","2025-05-28","3","Desaprobado","Item Created"
"a0Abm000006rhuhEAA","45225711_DEV-101_2025-1_2025-05-30","45225711_DEV-101_2025-1","2025-05-30","4","Aprobado","Item Created"
"a0Abm000006rhuiEAA","47075635_UX-100_2025-1_2025-05-31","47075635_UX-100_2025-1","2025-05-31","8","Aprobado","Item Created"
"a0Abm000006rhujEAA","35844073_NEG-400_2025-1_2025-05-31","35844073_NEG-400_2025-1","2025-05-31","9","Aprobado","Item Created"
"a0Abm000006rhukEAA","30277884_GEN-101_2025-1_2025-06-01","30277884_GEN-101_2025-1","2025-06-01","6","Aprobado","Item Created"
"a0Abm000006rhulEAA","43871938_DAT-101_2025-1_2025-06-01","43871938_DAT-101_2025-1","2025-06-01","3","Desaprobado","Item Created"
"a0Abm000006rhumEAA","30808375_DEV-101_2025-1_2025-06-01","30808375_DEV-101_2025-1","2025-06-01","8","Aprobado","Item Created"
"a0Abm000006rhunEAA","43678310_DAT-101_2025-1_2025-06-02","43678310_DAT-101_2025-1","2025-06-02","9","Aprobado","Item Created"
"a0Abm000006rhuoEAA","33418893_IA-400_2025-1_2025-06-03","33418893_IA-400_2025-1","2025-06-03","5","Aprobado","Item Created"
"a0Abm000006rhupEAA","45311516_DAT-101_2025-1_2025-06-03","45311516_DAT-101_2025-1","2025-06-03","6","Aprobado","Item Created"
"a0Abm000006rhuqEAA","30301798_IA-300_2025-1_2025-06-04","30301798_IA-300_2025-1","2025-06-04","6","Aprobado","Item Created"
"a0Abm000006rhurEAA","45225711_GEN-101_2025-1_2025-06-05","45225711_GEN-101_2025-1","2025-06-05","2","Desaprobado","Item Created"
"a0Abm000006rhusEAA","46585675_DAT-101_2025-1_2025-06-05","46585675_DAT-101_2025-1","2025-06-05","4","Aprobado","Item Created"
"a0Abm000006rhutEAA","46890428_DAT-305_2025-1_2025-06-05","46890428_DAT-305_2025-1","2025-06-05","3","Desaprobado","Item Created"
"a0Abm000006rhuuEAA","30301798_GEN-101_2025-1_2025-06-05","30301798_GEN-101_2025-1","2025-06-05","7","Aprobado","Item Created"
"a0Abm000006rhuvEAA","37412229_GEN-101_2025-1_2025-06-06","37412229_GEN-101_2025-1","2025-06-06","1","Desaprobado","Item Created"
"a0Abm000006rhuwEAA","44197978_DAT-201_2025-1_2025-06-06","44197978_DAT-201_2025-1","2025-06-06","5","Aprobado","Item Created"
"a0Abm000006rhuxEAA","41016204_GEN-101_2025-1_2025-06-06","41016204_GEN-101_2025-1","2025-06-06","8","Aprobado","Item Created"
"a0Abm000006rhuyEAA","45225711_DAT-101_2025-1_2025-06-06","45225711_DAT-101_2025-1","2025-06-06","5","Aprobado","Item Created"
"a0Abm000006rhuzEAA","44190336_MKT-200_2025-1_2025-06-06","44190336_MKT-200_2025-1","2025-06-06","9","Aprobado","Item Created"
"a0Abm000006rhv0EAA","38405437_DAT-305_2025-1_2025-06-07","38405437_DAT-305_2025-1","2025-06-07","3","Desaprobado","Item Created"
"a0Abm000006rhv1EAA","37412229_DAT-201_2025-1_2025-06-07","37412229_DAT-201_2025-1","2025-06-07","6","Aprobado","Item Created"
"a0Abm000006rhv2EAA","47075635_IA-300_2025-1_2025-06-07","47075635_IA-300_2025-1","2025-06-07","9","Aprobado","Item Created"
"a0Abm000006rhv3EAA","32844429_NEG-400_2025-1_2025-06-08","32844429_NEG-400_2025-1","2025-06-08","1","Desaprobado","Item Created"
"a0Abm000006rhv4EAA","45225711_NEG-400_2025-1_2025-06-09","45225711_NEG-400_2025-1","2025-06-09","8","Aprobado","Item Created"
"a0Abm000006rhv5EAA","40104822_DEV-101_2025-1_2025-06-09","40104822_DEV-101_2025-1","2025-06-09","10","Aprobado","Item Created"
"a0Abm000006rhv6EAA","41016204_GEN-101_2025-1_2025-06-10","41016204_GEN-101_2025-1","2025-06-10","5","Aprobado","Item Created"
"a0Abm000006rhv7EAA","44086116_IA-300_2025-1_2025-06-11","44086116_IA-300_2025-1","2025-06-11","6","Aprobado","Item Created"
"a0Abm000006rhv8EAA","43037722_MKT-200_2025-1_2025-06-13","43037722_MKT-200_2025-1","2025-06-13","2","Desaprobado","Item Created"
"a0Abm000006rhv9EAA","30277884_DAT-305_2025-1_2025-06-14","30277884_DAT-305_2025-1","2025-06-14","8","Aprobado","Item Created"
"a0Abm000006rhvAEAQ","43652049_IA-300_2025-1_2025-06-14","43652049_IA-300_2025-1","2025-06-14","4","Aprobado","Item Created"
"a0Abm000006rhvBEAQ","47075635_IA-400_2025-1_2025-06-14","47075635_IA-400_2025-1","2025-06-14","8","Aprobado","Item Created"
"a0Abm000006rhvCEAQ","32935035_DAT-101_2025-1_2025-06-15","32935035_DAT-101_2025-1","2025-06-15","8","Aprobado","Item Created"
"a0Abm000006rhvDEAQ","38405437_DAT-305_2025-1_2025-06-16","38405437_DAT-305_2025-1","2025-06-16","3","Desaprobado","Item Created"
"a0Abm000006rhvEEAQ","40852091_UX-100_2025-1_2025-06-16","40852091_UX-100_2025-1","2025-06-16","7","Aprobado","Item Created"
"a0Abm000006rhvFEAQ","34364066_GEN-101_2025-1_2025-06-18","34364066_GEN-101_2025-1","2025-06-18","2","Desaprobado","Item Created"
"a0Abm000006rhvGEAQ","39796864_IA-400_2025-1_2025-06-18","39796864_IA-400_2025-1","2025-06-18","6","Aprobado","Item Created"
"a0Abm000006rhvHEAQ","44286872_MKT-200_2025-1_2025-06-19","44286872_MKT-200_2025-1","2025-06-19","3","Desaprobado","Item Created"
"a0Abm000006rhvIEAQ","37091816_GEN-101_2025-1_2025-06-19","37091816_GEN-101_2025-1","2025-06-19","8","Aprobado","Item Created"
"a0Abm000006rhvJEAQ","41907942_DAT-201_2025-1_2025-06-20","41907942_DAT-201_2025-1","2025-06-20","2","Desaprobado","Item Created"
"a0Abm000006rhvKEAQ","31332769_MKT-200_2025-1_2025-06-20","31332769_MKT-200_2025-1","2025-06-20","4","Aprobado","Item Created"
"a0Abm000006rhvLEAQ","41016204_MKT-200_2025-1_2025-06-23","41016204_MKT-200_2025-1","2025-06-23","1","Desaprobado","Item Created"
"a0Abm000006rhvMEAQ","39796864_IA-300_2025-1_2025-06-26","39796864_IA-300_2025-1","2025-06-26","10","Aprobado","Item Created"
"a0Abm000006rhvNEAQ","40284355_IA-300_2025-1_2025-06-28","40284355_IA-300_2025-1","2025-06-28","9","Aprobado","Item Created"
"a0Abm000006rhvOEAQ","44343339_DAT-201_2025-1_2025-06-28","44343339_DAT-201_2025-1","2025-06-28","4","Aprobado","Item Created"
"a0Abm000006rhvPEAQ","40852091_IA-300_2025-1_2025-06-28","40852091_IA-300_2025-1","2025-06-28","3","Desaprobado","Item Created"
"a0Abm000006rhvQEAQ","46890428_DEV-101_2025-1_2025-06-29","46890428_DEV-101_2025-1","2025-06-29","5","Aprobado","Item Created"
"a0Abm000006rhvREAQ","45311516_IA-400_2025-1_2025-06-30","45311516_IA-400_2025-1","2025-06-30","8","Aprobado","Item Created"
"a0Abm000006rhvSEAQ","47320705_NEG-400_2025-1_2025-06-30","47320705_NEG-400_2025-1","2025-06-30","8","Aprobado","Item Created"
"a0Abm000006rhvTEAQ","41785959_DAT-101_2025-1_2025-06-30","41785959_DAT-101_2025-1","2025-06-30","4","Aprobado","Item Created"
"a0Abm000006rhvUEAQ","40284355_IA-400_2025-1_2025-06-30","40284355_IA-400_2025-1","2025-06-30","1","Desaprobado","Item Created"
"a0Abm000006rhvVEAQ","30224289_IA-300_2025-1_2025-06-30","30224289_IA-300_2025-1","2025-06-30","9","Aprobado","Item Created"
"a0Abm000006rhvWEAQ","40833222_IA-400_2025-2_2025-07-02","40833222_IA-400_2025-2","2025-07-02","1","Desaprobado","Item Created"
"a0Abm000006rhvXEAQ","47731681_GEN-101_2025-2_2025-07-02","47731681_GEN-101_2025-2","2025-07-02","4","Aprobado","Item Created"
"a0Abm000006rhvYEAQ","37335497_DEV-101_2025-2_2025-07-03","37335497_DEV-101_2025-2","2025-07-03","4","Aprobado","Item Created"
"a0Abm000006rhvZEAQ","45663240_IA-300_2025-2_2025-07-04","45663240_IA-300_2025-2","2025-07-04","4","Aprobado","Item Created"
"a0Abm000006rhvaEAA","33418893_GEN-101_2025-2_2025-07-04","33418893_GEN-101_2025-2","2025-07-04","8","Aprobado","Item Created"
"a0Abm000006rhvbEAA","44415606_DEV-101_2025-2_2025-07-05","44415606_DEV-101_2025-2","2025-07-05","2","Desaprobado","Item Created"
"a0Abm000006rhvcEAA","31221480_GEN-101_2025-2_2025-07-05","31221480_GEN-101_2025-2","2025-07-05","7","Aprobado","Item Created"
"a0Abm000006rhvdEAA","44476887_IA-400_2025-2_2025-07-06","44476887_IA-400_2025-2","2025-07-06","8","Aprobado","Item Created"
"a0Abm000006rhveEAA","34223113_NEG-400_2025-2_2025-07-07","34223113_NEG-400_2025-2","2025-07-07","4","Aprobado","Item Created"
"a0Abm000006rhvfEAA","36511898_DEV-101_2025-2_2025-07-08","36511898_DEV-101_2025-2","2025-07-08","4","Aprobado","Item Created"
"a0Abm000006rhvgEAA","44730308_MKT-200_2025-2_2025-07-08","44730308_MKT-200_2025-2","2025-07-08","7","Aprobado","Item Created"
"a0Abm000006rhvhEAA","33201122_IA-300_2025-2_2025-07-08","33201122_IA-300_2025-2","2025-07-08","8","Aprobado","Item Created"
"a0Abm000006rhviEAA","41785959_DAT-305_2025-2_2025-07-10","41785959_DAT-305_2025-2","2025-07-10","3","Desaprobado","Item Created"
"a0Abm000006rhvjEAA","44445238_DAT-201_2025-2_2025-07-10","44445238_DAT-201_2025-2","2025-07-10","8","Aprobado","Item Created"
"a0Abm000006rhvkEAA","37335497_GEN-101_2025-2_2025-07-10","37335497_GEN-101_2025-2","2025-07-10","4","Aprobado","Item Created"
"a0Abm000006rhvlEAA","44286872_DEV-101_2025-2_2025-07-10","44286872_DEV-101_2025-2","2025-07-10","6","Aprobado","Item Created"
"a0Abm000006rhvmEAA","44844263_IA-400_2025-2_2025-07-11","44844263_IA-400_2025-2","2025-07-11","5","Aprobado","Item Created"
"a0Abm000006rhvnEAA","45663240_DEV-101_2025-2_2025-07-11","45663240_DEV-101_2025-2","2025-07-11","10","Aprobado","Item Created"
"a0Abm000006rhvoEAA","41907942_IA-300_2025-2_2025-07-12","41907942_IA-300_2025-2","2025-07-12","9","Aprobado","Item Created"
"a0Abm000006rhvpEAA","40284355_DAT-201_2025-2_2025-07-13","40284355_DAT-201_2025-2","2025-07-13","8","Aprobado","Item Created"
"a0Abm000006rhvqEAA","37090862_IA-300_2025-2_2025-07-13","37090862_IA-300_2025-2","2025-07-13","4","Aprobado","Item Created"
"a0Abm000006rhvrEAA","33201122_UX-100_2025-2_2025-07-13","33201122_UX-100_2025-2","2025-07-13","10","Aprobado","Item Created"
"a0Abm000006rhvsEAA","33614240_DAT-101_2025-2_2025-07-14","33614240_DAT-101_2025-2","2025-07-14","7","Aprobado","Item Created"
"a0Abm000006rhvtEAA","32935035_GEN-101_2025-2_2025-07-14","32935035_GEN-101_2025-2","2025-07-14","2","Desaprobado","Item Created"
"a0Abm000006rhvuEAA","31848115_IA-400_2025-2_2025-07-15","31848115_IA-400_2025-2","2025-07-15","7","Aprobado","Item Created"
"a0Abm000006rhvvEAA","43678310_DEV-101_2025-2_2025-07-16","43678310_DEV-101_2025-2","2025-07-16","1","Desaprobado","Item Created"
"a0Abm000006rhvwEAA","37090862_DEV-101_2025-2_2025-07-17","37090862_DEV-101_2025-2","2025-07-17","7","Aprobado","Item Created"
"a0Abm000006rhvxEAA","41907942_IA-300_2025-2_2025-07-18","41907942_IA-300_2025-2","2025-07-18","8","Aprobado","Item Created"
"a0Abm000006rhvyEAA","35310111_IA-400_2025-2_2025-07-18","35310111_IA-400_2025-2","2025-07-18","4","Aprobado","Item Created"
"a0Abm000006rhvzEAA","40235116_IA-300_2025-2_2025-07-19","40235116_IA-300_2025-2","2025-07-19","6","Aprobado","Item Created"
"a0Abm000006rhw0EAA","41907942_MKT-200_2025-2_2025-07-19","41907942_MKT-200_2025-2","2025-07-19","1","Desaprobado","Item Created"
"a0Abm000006rhw1EAA","32604998_DEV-101_2025-2_2025-07-19","32604998_DEV-101_2025-2","2025-07-19","6","Aprobado","Item Created"
"a0Abm000006rhw2EAA","32459600_DAT-305_2025-2_2025-07-20","32459600_DAT-305_2025-2","2025-07-20","10","Aprobado","Item Created"
"a0Abm000006rhw3EAA","33800391_MKT-200_2025-2_2025-07-21","33800391_MKT-200_2025-2","2025-07-21","5","Aprobado","Item Created"
"a0Abm000006rhw4EAA","31445923_DEV-101_2025-2_2025-07-22","31445923_DEV-101_2025-2","2025-07-22","2","Desaprobado","Item Created"
"a0Abm000006rhw5EAA","34316765_IA-300_2025-2_2025-07-22","34316765_IA-300_2025-2","2025-07-22","4","Aprobado","Item Created"
"a0Abm000006rhw6EAA","44445238_DAT-201_2025-2_2025-07-22","44445238_DAT-201_2025-2","2025-07-22","8","Aprobado","Item Created"
"a0Abm000006rhw7EAA","45225711_DAT-305_2025-2_2025-07-23","45225711_DAT-305_2025-2","2025-07-23","2","Desaprobado","Item Created"
"a0Abm000006rhw8EAA","37412229_DAT-101_2025-2_2025-07-24","37412229_DAT-101_2025-2","2025-07-24","1","Desaprobado","Item Created"
"a0Abm000006rhw9EAA","43037722_DEV-101_2025-2_2025-07-24","43037722_DEV-101_2025-2","2025-07-24","10","Aprobado","Item Created"
"a0Abm000006rhwAEAQ","38405437_DAT-101_2025-2_2025-07-25","38405437_DAT-101_2025-2","2025-07-25","4","Aprobado","Item Created"
"a0Abm000006rhwBEAQ","44197978_UX-100_2025-2_2025-07-26","44197978_UX-100_2025-2","2025-07-26","3","Desaprobado","Item Created"
"a0Abm000006rhwCEAQ","33697024_GEN-101_2025-2_2025-07-26","33697024_GEN-101_2025-2","2025-07-26","6","Aprobado","Item Created"
"a0Abm000006rhwDEAQ","32844429_UX-100_2025-2_2025-07-27","32844429_UX-100_2025-2","2025-07-27","8","Aprobado","Item Created"
"a0Abm000006rhwEEAQ","43690930_DAT-201_2025-2_2025-07-29","43690930_DAT-201_2025-2","2025-07-29","6","Aprobado","Item Created"
"a0Abm000006rhwFEAQ","44724307_IA-300_2025-2_2025-07-30","44724307_IA-300_2025-2","2025-07-30","4","Aprobado","Item Created"
"a0Abm000006rhwGEAQ","36219416_DAT-101_2025-2_2025-07-30","36219416_DAT-101_2025-2","2025-07-30","2","Desaprobado","Item Created"
"a0Abm000006rhwHEAQ","37335497_MKT-200_2025-2_2025-07-30","37335497_MKT-200_2025-2","2025-07-30","1","Desaprobado","Item Created"
"a0Abm000006rhwIEAQ","37799625_DAT-201_2025-2_2025-07-30","37799625_DAT-201_2025-2","2025-07-30","3","Desaprobado","Item Created"
"a0Abm000006rhwJEAQ","45311516_IA-300_2025-2_2025-07-30","45311516_IA-300_2025-2","2025-07-30","9","Aprobado","Item Created"
"a0Abm000006rhwKEAQ","33518284_MKT-200_2025-2_2025-07-30","33518284_MKT-200_2025-2","2025-07-30","9","Aprobado","Item Created"
"a0Abm000006rhwLEAQ","38714246_UX-100_2025-2_2025-07-31","38714246_UX-100_2025-2","2025-07-31","9","Aprobado","Item Created"
"a0Abm000006rhwMEAQ","31221561_DAT-305_2025-2_2025-07-31","31221561_DAT-305_2025-2","2025-07-31","10","Aprobado","Item Created"
"a0Abm000006rhwNEAQ","37091816_NEG-400_2025-2_2025-07-31","37091816_NEG-400_2025-2","2025-07-31","5","Aprobado","Item Created"
"a0Abm000006rhwOEAQ","31221480_IA-300_2025-2_2025-08-01","31221480_IA-300_2025-2","2025-08-01","7","Aprobado","Item Created"
"a0Abm000006rhwPEAQ","36219416_DAT-101_2025-2_2025-08-02","36219416_DAT-101_2025-2","2025-08-02","6","Aprobado","Item Created"
"a0Abm000006rhwQEAQ","47221206_MKT-200_2025-2_2025-08-02","47221206_MKT-200_2025-2","2025-08-02","1","Desaprobado","Item Created"
"a0Abm000006rhwREAQ","32027618_UX-100_2025-2_2025-08-03","32027618_UX-100_2025-2","2025-08-03","10","Aprobado","Item Created"
"a0Abm000006rhwSEAQ","43342517_IA-400_2025-2_2025-08-03","43342517_IA-400_2025-2","2025-08-03","10","Aprobado","Item Created"
"a0Abm000006rhwTEAQ","31332769_MKT-200_2025-2_2025-08-03","31332769_MKT-200_2025-2","2025-08-03","8","Aprobado","Item Created"
"a0Abm000006rhwUEAQ","43690930_UX-100_2025-2_2025-08-05","43690930_UX-100_2025-2","2025-08-05","7","Aprobado","Item Created"
"a0Abm000006rhwVEAQ","40175984_UX-100_2025-2_2025-08-05","40175984_UX-100_2025-2","2025-08-05","9","Aprobado","Item Created"
"a0Abm000006rhwWEAQ","33362152_IA-300_2025-2_2025-08-05","33362152_IA-300_2025-2","2025-08-05","9","Aprobado","Item Created"
"a0Abm000006rhwXEAQ","36511898_DAT-201_2025-2_2025-08-05","36511898_DAT-201_2025-2","2025-08-05","2","Desaprobado","Item Created"
"a0Abm000006rhwYEAQ","44476887_NEG-400_2025-2_2025-08-05","44476887_NEG-400_2025-2","2025-08-05","1","Desaprobado","Item Created"
"a0Abm000006rhwZEAQ","40284355_DAT-201_2025-2_2025-08-07","40284355_DAT-201_2025-2","2025-08-07","5","Aprobado","Item Created"
"a0Abm000006rhwaEAA","35077928_MKT-200_2025-2_2025-08-08","35077928_MKT-200_2025-2","2025-08-08","6","Aprobado","Item Created"
"a0Abm000006rhwbEAA","31848115_DAT-305_2025-2_2025-08-09","31848115_DAT-305_2025-2","2025-08-09","8","Aprobado","Item Created"
"a0Abm000006rhwcEAA","33614240_IA-300_2025-2_2025-08-10","33614240_IA-300_2025-2","2025-08-10","8","Aprobado","Item Created"
"a0Abm000006rhwdEAA","35310111_UX-100_2025-2_2025-08-10","35310111_UX-100_2025-2","2025-08-10","1","Desaprobado","Item Created"
"a0Abm000006rhweEAA","31239788_DAT-101_2025-2_2025-08-11","31239788_DAT-101_2025-2","2025-08-11","4","Aprobado","Item Created"
"a0Abm000006rhwfEAA","46410216_DEV-101_2025-2_2025-08-11","46410216_DEV-101_2025-2","2025-08-11","1","Desaprobado","Item Created"
"a0Abm000006rhwgEAA","32270986_UX-100_2025-2_2025-08-11","32270986_UX-100_2025-2","2025-08-11","6","Aprobado","Item Created"
"a0Abm000006rhwhEAA","43037722_IA-400_2025-2_2025-08-12","43037722_IA-400_2025-2","2025-08-12","7","Aprobado","Item Created"
"a0Abm000006rhwiEAA","44544802_UX-100_2025-2_2025-08-12","44544802_UX-100_2025-2","2025-08-12","7","Aprobado","Item Created"
"a0Abm000006rhwjEAA","40437078_UX-100_2025-2_2025-08-13","40437078_UX-100_2025-2","2025-08-13","7","Aprobado","Item Created"
"a0Abm000006rhwkEAA","43037722_DAT-305_2025-2_2025-08-15","43037722_DAT-305_2025-2","2025-08-15","5","Aprobado","Item Created"
"a0Abm000006rhwlEAA","31136038_UX-100_2025-2_2025-08-15","31136038_UX-100_2025-2","2025-08-15","1","Desaprobado","Item Created"
"a0Abm000006rhwmEAA","45280236_NEG-400_2025-2_2025-08-18","45280236_NEG-400_2025-2","2025-08-18","1","Desaprobado","Item Created"
"a0Abm000006rhwnEAA","47320705_DEV-101_2025-2_2025-08-19","47320705_DEV-101_2025-2","2025-08-19","5","Aprobado","Item Created"
"a0Abm000006rhwoEAA","37335497_DEV-101_2025-2_2025-08-19","37335497_DEV-101_2025-2","2025-08-19","8","Aprobado","Item Created"
"a0Abm000006rhwpEAA","45368291_GEN-101_2025-2_2025-08-20","45368291_GEN-101_2025-2","2025-08-20","9","Aprobado","Item Created"
"a0Abm000006rhwqEAA","44445238_DEV-101_2025-2_2025-08-20","44445238_DEV-101_2025-2","2025-08-20","2","Desaprobado","Item Created"
"a0Abm000006rhwrEAA","31153469_GEN-101_2025-2_2025-08-20","31153469_GEN-101_2025-2","2025-08-20","1","Desaprobado","Item Created"
"a0Abm000006rhwsEAA","45311516_UX-100_2025-2_2025-08-26","45311516_UX-100_2025-2","2025-08-26","6","Aprobado","Item Created"
"a0Abm000006rhwtEAA","40284355_NEG-400_2025-2_2025-08-26","40284355_NEG-400_2025-2","2025-08-26","5","Aprobado","Item Created"
"a0Abm000006rhwuEAA","33800391_MKT-200_2025-2_2025-08-26","33800391_MKT-200_2025-2","2025-08-26","2","Desaprobado","Item Created"
"a0Abm000006rhwvEAA","45225711_DAT-305_2025-2_2025-08-29","45225711_DAT-305_2025-2","2025-08-29","5","Aprobado","Item Created"
"a0Abm000006rhwwEAA","31221561_UX-100_2025-2_2025-08-29","31221561_UX-100_2025-2","2025-08-29","2","Desaprobado","Item Created"
"a0Abm000006rhwxEAA","31681085_NEG-400_2025-2_2025-08-31","31681085_NEG-400_2025-2","2025-08-31","3","Desaprobado","Item Created"
"a0Abm000006rhwyEAA","44343339_IA-300_2025-2_2025-09-01","44343339_IA-300_2025-2","2025-09-01","8","Aprobado","Item Created"
"a0Abm000006rhwzEAA","44476887_IA-400_2025-2_2025-09-02","44476887_IA-400_2025-2","2025-09-02","2","Desaprobado","Item Created"
"a0Abm000006rhx0EAA","31445923_GEN-101_2025-2_2025-09-03","31445923_GEN-101_2025-2","2025-09-03","10","Aprobado","Item Created"
"a0Abm000006rhx1EAA","33418893_UX-100_2025-2_2025-09-04","33418893_UX-100_2025-2","2025-09-04","1","Desaprobado","Item Created"
"a0Abm000006rhx2EAA","40269989_IA-400_2025-2_2025-09-06","40269989_IA-400_2025-2","2025-09-06","6","Aprobado","Item Created"
"a0Abm000006rhx3EAA","40437078_DAT-305_2025-2_2025-09-06","40437078_DAT-305_2025-2","2025-09-06","8","Aprobado","Item Created"
"a0Abm000006rhx4EAA","32270986_IA-300_2025-2_2025-09-07","32270986_IA-300_2025-2","2025-09-07","10","Aprobado","Item Created"
"a0Abm000006rhx5EAA","31136038_MKT-200_2025-2_2025-09-08","31136038_MKT-200_2025-2","2025-09-08","10","Aprobado","Item Created"
"a0Abm000006rhx6EAA","44190336_IA-400_2025-2_2025-09-08","44190336_IA-400_2025-2","2025-09-08","6","Aprobado","Item Created"
"a0Abm000006rhx7EAA","36996781_IA-400_2025-2_2025-09-09","36996781_IA-400_2025-2","2025-09-09","8","Aprobado","Item Created"
"a0Abm000006rhx8EAA","40235116_IA-400_2025-2_2025-09-09","40235116_IA-400_2025-2","2025-09-09","2","Desaprobado","Item Created"
"a0Abm000006rhx9EAA","46410216_MKT-200_2025-2_2025-09-10","46410216_MKT-200_2025-2","2025-09-10","9","Aprobado","Item Created"
"a0Abm000006rhxAEAQ","43558573_DAT-101_2025-2_2025-09-10","43558573_DAT-101_2025-2","2025-09-10","1","Desaprobado","Item Created"
"a0Abm000006rhxBEAQ","39796864_IA-300_2025-2_2025-09-11","39796864_IA-300_2025-2","2025-09-11","2","Desaprobado","Item Created"
"a0Abm000006rhxCEAQ","45368291_MKT-200_2025-2_2025-09-12","45368291_MKT-200_2025-2","2025-09-12","4","Aprobado","Item Created"
"a0Abm000006rhxDEAQ","46890428_DEV-101_2025-2_2025-09-13","46890428_DEV-101_2025-2","2025-09-13","1","Desaprobado","Item Created"
"a0Abm000006rhxEEAQ","46890428_DEV-101_2025-2_2025-09-14","46890428_DEV-101_2025-2","2025-09-14","10","Aprobado","Item Created"
"a0Abm000006rhxFEAQ","36511898_GEN-101_2025-2_2025-09-14","36511898_GEN-101_2025-2","2025-09-14","4","Aprobado","Item Created"
"a0Abm000006rhxGEAQ","44730308_MKT-200_2025-2_2025-09-14","44730308_MKT-200_2025-2","2025-09-14","5","Aprobado","Item Created"
"a0Abm000006rhxHEAQ","37639684_DEV-101_2025-2_2025-09-14","37639684_DEV-101_2025-2","2025-09-14","5","Aprobado","Item Created"
"a0Abm000006rhxIEAQ","44197978_DAT-201_2025-2_2025-09-15","44197978_DAT-201_2025-2","2025-09-15","8","Aprobado","Item Created"
"a0Abm000006rhxJEAQ","30301798_GEN-101_2025-2_2025-09-15","30301798_GEN-101_2025-2","2025-09-15","7","Aprobado","Item Created"
"a0Abm000006rhxKEAQ","40833222_NEG-400_2025-2_2025-09-15","40833222_NEG-400_2025-2","2025-09-15","8","Aprobado","Item Created"
"a0Abm000006rhxLEAQ","44730308_DAT-305_2025-2_2025-09-16","44730308_DAT-305_2025-2","2025-09-16","2","Desaprobado","Item Created"
"a0Abm000006rhxMEAQ","45663240_DAT-201_2025-2_2025-09-16","45663240_DAT-201_2025-2","2025-09-16","9","Aprobado","Item Created"
"a0Abm000006rhxNEAQ","32604998_MKT-200_2025-2_2025-09-18","32604998_MKT-200_2025-2","2025-09-18","10","Aprobado","Item Created"
"a0Abm000006rhxOEAQ","30808375_IA-400_2025-2_2025-09-18","30808375_IA-400_2025-2","2025-09-18","5","Aprobado","Item Created"
"a0Abm000006rhxPEAQ","44197978_DAT-201_2025-2_2025-09-19","44197978_DAT-201_2025-2","2025-09-19","3","Desaprobado","Item Created"
"a0Abm000006rhxQEAQ","33518284_GEN-101_2025-2_2025-09-19","33518284_GEN-101_2025-2","2025-09-19","7","Aprobado","Item Created"
"a0Abm000006rhxREAQ","30224289_DAT-101_2025-2_2025-09-19","30224289_DAT-101_2025-2","2025-09-19","9","Aprobado","Item Created"
"a0Abm000006rhxSEAQ","30520054_MKT-200_2025-2_2025-09-19","30520054_MKT-200_2025-2","2025-09-19","10","Aprobado","Item Created"
"a0Abm000006rhxTEAQ","36511898_MKT-200_2025-2_2025-09-20","36511898_MKT-200_2025-2","2025-09-20","6","Aprobado","Item Created"
"a0Abm000006rhxUEAQ","31332769_IA-300_2025-2_2025-09-20","31332769_IA-300_2025-2","2025-09-20","4","Aprobado","Item Created"
"a0Abm000006rhxVEAQ","44197978_DEV-101_2025-2_2025-09-20","44197978_DEV-101_2025-2","2025-09-20","4","Aprobado","Item Created"
"a0Abm000006rhxWEAQ","44415606_UX-100_2025-2_2025-09-21","44415606_UX-100_2025-2","2025-09-21","4","Aprobado","Item Created"
"a0Abm000006rhxXEAQ","43690930_DAT-201_2025-2_2025-09-21","43690930_DAT-201_2025-2","2025-09-21","2","Desaprobado","Item Created"
"a0Abm000006rhxYEAQ","40437078_NEG-400_2025-2_2025-09-22","40437078_NEG-400_2025-2","2025-09-22","9","Aprobado","Item Created"
"a0Abm000006rhxZEAQ","37639684_IA-300_2025-2_2025-09-22","37639684_IA-300_2025-2","2025-09-22","8","Aprobado","Item Created"
"a0Abm000006rhxaEAA","44190336_NEG-400_2025-2_2025-09-23","44190336_NEG-400_2025-2","2025-09-23","2","Desaprobado","Item Created"
"a0Abm000006rhxbEAA","44343339_GEN-101_2025-2_2025-09-25","44343339_GEN-101_2025-2","2025-09-25","6","Aprobado","Item Created"
"a0Abm000006rhxcEAA","45280236_MKT-200_2025-2_2025-09-25","45280236_MKT-200_2025-2","2025-09-25","7","Aprobado","Item Created"
"a0Abm000006rhxdEAA","30808375_NEG-400_2025-2_2025-09-25","30808375_NEG-400_2025-2","2025-09-25","1","Desaprobado","Item Created"
"a0Abm000006rhxeEAA","39796864_IA-300_2025-2_2025-09-25","39796864_IA-300_2025-2","2025-09-25","4","Aprobado","Item Created"
"a0Abm000006rhxfEAA","37335497_IA-300_2025-2_2025-09-26","37335497_IA-300_2025-2","2025-09-26","1","Desaprobado","Item Created"
"a0Abm000006rhxgEAA","37091816_IA-400_2025-2_2025-09-27","37091816_IA-400_2025-2","2025-09-27","1","Desaprobado","Item Created"
"a0Abm000006rhxhEAA","45280236_IA-300_2025-2_2025-09-28","45280236_IA-300_2025-2","2025-09-28","1","Desaprobado","Item Created"
"a0Abm000006rhxiEAA","41907942_DAT-201_2025-2_2025-09-28","41907942_DAT-201_2025-2","2025-09-28","2","Desaprobado","Item Created"
"a0Abm000006rhxjEAA","44544802_DAT-201_2025-2_2025-09-29","44544802_DAT-201_2025-2","2025-09-29","6","Aprobado","Item Created"
"a0Abm000006rhxkEAA","44197978_DAT-305_2025-2_2025-09-29","44197978_DAT-305_2025-2","2025-09-29","1","Desaprobado","Item Created"
"a0Abm000006rhxlEAA","32459600_DAT-201_2025-2_2025-09-30","32459600_DAT-201_2025-2","2025-09-30","6","Aprobado","Item Created"
"a0Abm000006rhxmEAA","47075635_DEV-101_2025-2_2025-09-30","47075635_DEV-101_2025-2","2025-09-30","8","Aprobado","Item Created"
"a0Abm000006rhxnEAA","47320705_UX-100_2025-2_2025-10-02","47320705_UX-100_2025-2","2025-10-02","1","Desaprobado","Item Created"
"a0Abm000006rhxoEAA","44544802_DAT-305_2025-2_2025-10-04","44544802_DAT-305_2025-2","2025-10-04","1","Desaprobado","Item Created"
"a0Abm000006rhxpEAA","46410216_MKT-200_2025-2_2025-10-05","46410216_MKT-200_2025-2","2025-10-05","6","Aprobado","Item Created"
"a0Abm000006rhxqEAA","31786305_DAT-101_2025-2_2025-10-05","31786305_DAT-101_2025-2","2025-10-05","3","Desaprobado","Item Created"
"a0Abm000006rhxrEAA","33792064_MKT-200_2025-2_2025-10-05","33792064_MKT-200_2025-2","2025-10-05","2","Desaprobado","Item Created"
"a0Abm000006rhxsEAA","45311516_MKT-200_2025-2_2025-10-05","45311516_MKT-200_2025-2","2025-10-05","3","Desaprobado","Item Created"
"a0Abm000006rhxtEAA","45225711_DAT-101_2025-2_2025-10-05","45225711_DAT-101_2025-2","2025-10-05","3","Desaprobado","Item Created"
"a0Abm000006rhxuEAA","46890428_UX-100_2025-2_2025-10-07","46890428_UX-100_2025-2","2025-10-07","5","Aprobado","Item Created"
"a0Abm000006rhxvEAA","32844429_DEV-101_2025-2_2025-10-07","32844429_DEV-101_2025-2","2025-10-07","1","Desaprobado","Item Created"
"a0Abm000006rhxwEAA","31786305_DAT-305_2025-2_2025-10-08","31786305_DAT-305_2025-2","2025-10-08","7","Aprobado","Item Created"
"a0Abm000006rhxxEAA","33568791_IA-300_2025-2_2025-10-09","33568791_IA-300_2025-2","2025-10-09","7","Aprobado","Item Created"
"a0Abm000006rhxyEAA","45368291_MKT-200_2025-2_2025-10-09","45368291_MKT-200_2025-2","2025-10-09","7","Aprobado","Item Created"
"a0Abm000006rhxzEAA","31332769_UX-100_2025-2_2025-10-10","31332769_UX-100_2025-2","2025-10-10","4","Aprobado","Item Created"
"a0Abm000006rhy0EAA","33201122_DAT-305_2025-2_2025-10-11","33201122_DAT-305_2025-2","2025-10-11","8","Aprobado","Item Created"
"a0Abm000006rhy1EAA","40104822_GEN-101_2025-2_2025-10-12","40104822_GEN-101_2025-2","2025-10-12","1","Desaprobado","Item Created"
"a0Abm000006rhy2EAA","40833222_MKT-200_2025-2_2025-10-12","40833222_MKT-200_2025-2","2025-10-12","5","Aprobado","Item Created"
"a0Abm000006rhy3EAA","33614240_IA-400_2025-2_2025-10-12","33614240_IA-400_2025-2","2025-10-12","3","Desaprobado","Item Created"
"a0Abm000006rhy4EAA","38714246_IA-300_2025-2_2025-10-12","38714246_IA-300_2025-2","2025-10-12","3","Desaprobado","Item Created"
"a0Abm000006rhy5EAA","31848115_IA-300_2025-2_2025-10-12","31848115_IA-300_2025-2","2025-10-12","3","Desaprobado","Item Created"
"a0Abm000006rhy6EAA","45311516_IA-300_2025-2_2025-10-13","45311516_IA-300_2025-2","2025-10-13","2","Desaprobado","Item Created"
"a0Abm000006rhy7EAA","40175984_DAT-305_2025-2_2025-10-13","40175984_DAT-305_2025-2","2025-10-13","5","Aprobado","Item Created"
"a0Abm000006rhy8EAA","32844429_NEG-400_2025-2_2025-10-14","32844429_NEG-400_2025-2","2025-10-14","3","Desaprobado","Item Created"
"a0Abm000006rhy9EAA","43729856_GEN-101_2025-2_2025-10-15","43729856_GEN-101_2025-2","2025-10-15","3","Desaprobado","Item Created"
"a0Abm000006rhyAEAQ","44286872_DEV-101_2025-2_2025-10-15","44286872_DEV-101_2025-2","2025-10-15","7","Aprobado","Item Created"
"a0Abm000006rhyBEAQ","40284355_DEV-101_2025-2_2025-10-16","40284355_DEV-101_2025-2","2025-10-16","1","Desaprobado","Item Created"
"a0Abm000006rhyCEAQ","40437078_DEV-101_2025-2_2025-10-16","40437078_DEV-101_2025-2","2025-10-16","5","Aprobado","Item Created"
"a0Abm000006rhyDEAQ","44724307_DAT-201_2025-2_2025-10-17","44724307_DAT-201_2025-2","2025-10-17","3","Desaprobado","Item Created"
"a0Abm000006rhyEEAQ","41016204_IA-300_2025-2_2025-10-17","41016204_IA-300_2025-2","2025-10-17","9","Aprobado","Item Created"
"a0Abm000006rhyFEAQ","32027618_NEG-400_2025-2_2025-10-18","32027618_NEG-400_2025-2","2025-10-18","10","Aprobado","Item Created"
"a0Abm000006rhyGEAQ","35077928_UX-100_2025-2_2025-10-19","35077928_UX-100_2025-2","2025-10-19","10","Aprobado","Item Created"
"a0Abm000006rhyHEAQ","37799625_DAT-305_2025-2_2025-10-21","37799625_DAT-305_2025-2","2025-10-21","1","Desaprobado","Item Created"
"a0Abm000006rhyIEAQ","44544802_GEN-101_2025-2_2025-10-21","44544802_GEN-101_2025-2","2025-10-21","5","Aprobado","Item Created"
"a0Abm000006rhyJEAQ","38714246_MKT-200_2025-2_2025-10-22","38714246_MKT-200_2025-2","2025-10-22","1","Desaprobado","Item Created"
"a0Abm000006rhyKEAQ","44730308_NEG-400_2025-2_2025-10-22","44730308_NEG-400_2025-2","2025-10-22","8","Aprobado","Item Created"
"a0Abm000006rhyLEAQ","43507384_DEV-101_2025-2_2025-10-22","43507384_DEV-101_2025-2","2025-10-22","2","Desaprobado","Item Created"
"a0Abm000006rhyMEAQ","30674136_UX-100_2025-2_2025-10-23","30674136_UX-100_2025-2","2025-10-23","9","Aprobado","Item Created"
"a0Abm000006rhyNEAQ","36219416_GEN-101_2025-2_2025-10-23","36219416_GEN-101_2025-2","2025-10-23","8","Aprobado","Item Created"
"a0Abm000006rhyOEAQ","33792064_DAT-101_2025-2_2025-10-23","33792064_DAT-101_2025-2","2025-10-23","5","Aprobado","Item Created"
"a0Abm000006rhyPEAQ","43558573_MKT-200_2025-2_2025-10-25","43558573_MKT-200_2025-2","2025-10-25","9","Aprobado","Item Created"
"a0Abm000006rhyQEAQ","31681085_DAT-305_2025-2_2025-10-25","31681085_DAT-305_2025-2","2025-10-25","9","Aprobado","Item Created"
"a0Abm000006rhyREAQ","43871938_NEG-400_2025-2_2025-10-26","43871938_NEG-400_2025-2","2025-10-26","3","Desaprobado","Item Created"
"a0Abm000006rhySEAQ","30277884_GEN-101_2025-2_2025-10-26","30277884_GEN-101_2025-2","2025-10-26","9","Aprobado","Item Created"
"a0Abm000006rhyTEAQ","43652049_IA-400_2025-2_2025-10-26","43652049_IA-400_2025-2","2025-10-26","6","Aprobado","Item Created"
"a0Abm000006rhyUEAQ","36742732_NEG-400_2025-2_2025-10-27","36742732_NEG-400_2025-2","2025-10-27","1","Desaprobado","Item Created"
"a0Abm000006rhyVEAQ","37799625_GEN-101_2025-2_2025-10-28","37799625_GEN-101_2025-2","2025-10-28","7","Aprobado","Item Created"
"a0Abm000006rhyWEAQ","44286872_UX-100_2025-2_2025-10-29","44286872_UX-100_2025-2","2025-10-29","4","Aprobado","Item Created"
"a0Abm000006rhyXEAQ","37335497_MKT-200_2025-2_2025-10-29","37335497_MKT-200_2025-2","2025-10-29","5","Aprobado","Item Created"
"a0Abm000006rhyYEAQ","32604998_MKT-200_2025-2_2025-10-30","32604998_MKT-200_2025-2","2025-10-30","2","Desaprobado","Item Created"
"a0Abm000006rhyZEAQ","33201122_MKT-200_2025-2_2025-10-31","33201122_MKT-200_2025-2","2025-10-31","6","Aprobado","Item Created"
"a0Abm000006rhyaEAA","33800391_GEN-101_2025-2_2025-11-01","33800391_GEN-101_2025-2","2025-11-01","7","Aprobado","Item Created"
"a0Abm000006rhybEAA","45368291_GEN-101_2025-2_2025-11-01","45368291_GEN-101_2025-2","2025-11-01","4","Aprobado","Item Created"
"a0Abm000006rhycEAA","32027618_MKT-200_2025-2_2025-11-01","32027618_MKT-200_2025-2","2025-11-01","7","Aprobado","Item Created"
"a0Abm000006rhydEAA","40235116_DAT-305_2025-2_2025-11-02","40235116_DAT-305_2025-2","2025-11-02","5","Aprobado","Item Created"
"a0Abm000006rhyeEAA","46410216_NEG-400_2025-2_2025-11-03","46410216_NEG-400_2025-2","2025-11-03","7","Aprobado","Item Created"
"a0Abm000006rhyfEAA","35844073_DAT-305_2025-2_2025-11-04","35844073_DAT-305_2025-2","2025-11-04","10","Aprobado","Item Created"
"a0Abm000006rhygEAA","44190336_DAT-201_2025-2_2025-11-05","44190336_DAT-201_2025-2","2025-11-05","3","Desaprobado","Item Created"
"a0Abm000006rhyhEAA","37091816_IA-300_2025-2_2025-11-06","37091816_IA-300_2025-2","2025-11-06","6","Aprobado","Item Created"
"a0Abm000006rhyiEAA","31332769_IA-400_2025-2_2025-11-07","31332769_IA-400_2025-2","2025-11-07","3","Desaprobado","Item Created"
"a0Abm000006rhyjEAA","35077928_DEV-101_2025-2_2025-11-08","35077928_DEV-101_2025-2","2025-11-08","8","Aprobado","Item Created"
"a0Abm000006rhykEAA","38714246_DEV-101_2025-2_2025-11-11","38714246_DEV-101_2025-2","2025-11-11","9","Aprobado","Item Created"
"a0Abm000006rhylEAA","43871938_NEG-400_2025-2_2025-11-12","43871938_NEG-400_2025-2","2025-11-12","5","Aprobado","Item Created"
"a0Abm000006rhymEAA","34341037_UX-100_2025-2_2025-11-12","34341037_UX-100_2025-2","2025-11-12","1","Desaprobado","Item Created"
"a0Abm000006rhynEAA","46890428_GEN-101_2025-2_2025-11-17","46890428_GEN-101_2025-2","2025-11-17","3","Desaprobado","Item Created"
"a0Abm000006rhyoEAA","43558573_GEN-101_2025-2_2025-11-18","43558573_GEN-101_2025-2","2025-11-18","10","Aprobado","Item Created"
"a0Abm000006rhypEAA","44286872_NEG-400_2025-2_2025-11-18","44286872_NEG-400_2025-2","2025-11-18","4","Aprobado","Item Created"
"a0Abm000006rhyqEAA","41016204_DAT-305_2025-2_2025-11-18","41016204_DAT-305_2025-2","2025-11-18","3","Desaprobado","Item Created"
"a0Abm000006rhyrEAA","32935035_NEG-400_2025-2_2025-11-18","32935035_NEG-400_2025-2","2025-11-18","4","Aprobado","Item Created"
"a0Abm000006rhysEAA","40833222_IA-300_2025-2_2025-11-20","40833222_IA-300_2025-2","2025-11-20","5","Aprobado","Item Created"
"a0Abm000006rhytEAA","40437078_MKT-200_2025-2_2025-11-20","40437078_MKT-200_2025-2","2025-11-20","2","Desaprobado","Item Created"
"a0Abm000006rhyuEAA","44730308_DAT-201_2025-2_2025-11-20","44730308_DAT-201_2025-2","2025-11-20","7","Aprobado","Item Created"
"a0Abm000006rhyvEAA","34223113_GEN-101_2025-2_2025-11-21","34223113_GEN-101_2025-2","2025-11-21","3","Desaprobado","Item Created"
"a0Abm000006rhywEAA","43342517_GEN-101_2025-2_2025-11-22","43342517_GEN-101_2025-2","2025-11-22","10","Aprobado","Item Created"
"a0Abm000006rhyxEAA","31445923_IA-400_2025-2_2025-11-24","31445923_IA-400_2025-2","2025-11-24","10","Aprobado","Item Created"
"a0Abm000006rhyyEAA","41785959_DAT-101_2025-2_2025-11-25","41785959_DAT-101_2025-2","2025-11-25","6","Aprobado","Item Created"
"a0Abm000006rhyzEAA","39796864_DAT-101_2025-2_2025-11-26","39796864_DAT-101_2025-2","2025-11-26","9","Aprobado","Item Created"
"a0Abm000006rhz0EAA","40437078_NEG-400_2025-2_2025-11-26","40437078_NEG-400_2025-2","2025-11-26","10","Aprobado","Item Created"
"a0Abm000006rhz1EAA","38040781_NEG-400_2025-2_2025-11-26","38040781_NEG-400_2025-2","2025-11-26","9","Aprobado","Item Created"
"a0Abm000006rhz2EAA","46585675_DAT-101_2025-2_2025-11-26","46585675_DAT-101_2025-2","2025-11-26","7","Aprobado","Item Created"
"a0Abm000006rhz3EAA","31221480_IA-400_2025-2_2025-11-27","31221480_IA-400_2025-2","2025-11-27","5","Aprobado","Item Created"
"a0Abm000006rhz4EAA","41016204_MKT-200_2025-2_2025-11-28","41016204_MKT-200_2025-2","2025-11-28","9","Aprobado","Item Created"
"a0Abm000006rhz5EAA","34316765_GEN-101_2025-2_2025-11-29","34316765_GEN-101_2025-2","2025-11-29","6","Aprobado","Item Created"
"a0Abm000006rhz6EAA","44343339_MKT-200_2025-2_2025-11-29","44343339_MKT-200_2025-2","2025-11-29","4","Aprobado","Item Created"
"a0Abm000006rhz7EAA","44343339_IA-400_2025-2_2025-11-30","44343339_IA-400_2025-2","2025-11-30","1","Desaprobado","Item Created"
"a0Abm000006rhz8EAA","38040781_DAT-305_2025-2_2025-11-30","38040781_DAT-305_2025-2","2025-11-30","10","Aprobado","Item Created"
"a0Abm000006rhz9EAA","34341037_MKT-200_2025-2_2025-11-30","34341037_MKT-200_2025-2","2025-11-30","8","Aprobado","Item Created"
"a0Abm000006rhzAEAQ","44343339_DAT-101_2025-2_2025-11-30","44343339_DAT-101_2025-2","2025-11-30","7","Aprobado","Item Created"
"a0Abm000006rhzBEAQ","41016204_IA-400_2025-2_2025-12-01","41016204_IA-400_2025-2","2025-12-01","8","Aprobado","Item Created"
"a0Abm000006rhzCEAQ","47731681_GEN-101_2025-2_2025-12-01","47731681_GEN-101_2025-2","2025-12-01","9","Aprobado","Item Created"
"a0Abm000006rhzDEAQ","36996781_GEN-101_2025-2_2025-12-02","36996781_GEN-101_2025-2","2025-12-02","4","Aprobado","Item Created"
"a0Abm000006rhzEEAQ","47221206_GEN-101_2025-2_2025-12-02","47221206_GEN-101_2025-2","2025-12-02","5","Aprobado","Item Created"
"a0Abm000006rhzFEAQ","41907942_IA-400_2025-2_2025-12-02","41907942_IA-400_2025-2","2025-12-02","3","Desaprobado","Item Created"
"a0Abm000006rhzGEAQ","38714246_MKT-200_2025-2_2025-12-02","38714246_MKT-200_2025-2","2025-12-02","3","Desaprobado","Item Created"
"a0Abm000006rhzHEAQ","30674136_IA-400_2025-2_2025-12-03","30674136_IA-400_2025-2","2025-12-03","4","Aprobado","Item Created"
"a0Abm000006rhzIEAQ","43678310_UX-100_2025-2_2025-12-04","43678310_UX-100_2025-2","2025-12-04","5","Aprobado","Item Created"
"a0Abm000006rhzJEAQ","44544802_DAT-305_2025-2_2025-12-04","44544802_DAT-305_2025-2","2025-12-04","1","Desaprobado","Item Created"
"a0Abm000006rhzKEAQ","33614240_DAT-201_2025-2_2025-12-04","33614240_DAT-201_2025-2","2025-12-04","8","Aprobado","Item Created"
"a0Abm000006rhzLEAQ","45225711_DEV-101_2025-2_2025-12-05","45225711_DEV-101_2025-2","2025-12-05","9","Aprobado","Item Created"
"a0Abm000006rhzMEAQ","44415606_DAT-201_2025-2_2025-12-05","44415606_DAT-201_2025-2","2025-12-05","8","Aprobado","Item Created"
"a0Abm000006rhzNEAQ","43558573_NEG-400_2025-2_2025-12-06","43558573_NEG-400_2025-2","2025-12-06","3","Desaprobado","Item Created"
"a0Abm000006rhzOEAQ","40235116_NEG-400_2025-2_2025-12-06","40235116_NEG-400_2025-2","2025-12-06","8","Aprobado","Item Created"
"a0Abm000006rhzPEAQ","40269989_DAT-305_2025-2_2025-12-06","40269989_DAT-305_2025-2","2025-12-06","6","Aprobado","Item Created"
"a0Abm000006rhzQEAQ","41785959_DAT-305_2025-2_2025-12-06","41785959_DAT-305_2025-2","2025-12-06","6","Aprobado","Item Created"
"a0Abm000006rhzREAQ","46585675_UX-100_2025-2_2025-12-06","46585675_UX-100_2025-2","2025-12-06","8","Aprobado","Item Created"
"a0Abm000006rhzSEAQ","46890428_IA-300_2025-2_2025-12-07","46890428_IA-300_2025-2","2025-12-07","7","Aprobado","Item Created"
"a0Abm000006rhzTEAQ","40204911_DAT-305_2025-2_2025-12-08","40204911_DAT-305_2025-2","2025-12-08","5","Aprobado","Item Created"
"a0Abm000006rhzUEAQ","45311516_MKT-200_2025-2_2025-12-10","45311516_MKT-200_2025-2","2025-12-10","6","Aprobado","Item Created"
"a0Abm000006rhzVEAQ","35844073_DAT-201_2025-2_2025-12-10","35844073_DAT-201_2025-2","2025-12-10","2","Desaprobado","Item Created"
"a0Abm000006rhzWEAQ","33614240_GEN-101_2025-2_2025-12-11","33614240_GEN-101_2025-2","2025-12-11","8","Aprobado","Item Created"
"a0Abm000006rhzXEAQ","35310111_NEG-400_2025-2_2025-12-11","35310111_NEG-400_2025-2","2025-12-11","6","Aprobado","Item Created"
"a0Abm000006rhzYEAQ","46193548_DAT-305_2025-2_2025-12-11","46193548_DAT-305_2025-2","2025-12-11","1","Desaprobado","Item Created"
"a0Abm000006rhzZEAQ","31136038_DAT-305_2025-2_2025-12-13","31136038_DAT-305_2025-2","2025-12-13","5","Aprobado","Item Created"
"a0Abm000006rhzaEAA","33792064_IA-400_2025-2_2025-12-13","33792064_IA-400_2025-2","2025-12-13","2","Desaprobado","Item Created"
"a0Abm000006rhzbEAA","33568791_GEN-101_2025-2_2025-12-14","33568791_GEN-101_2025-2","2025-12-14","5","Aprobado","Item Created"
"a0Abm000006rhzcEAA","45225711_IA-400_2025-2_2025-12-15","45225711_IA-400_2025-2","2025-12-15","5","Aprobado","Item Created"
"a0Abm000006rhzdEAA","34364066_IA-300_2025-2_2025-12-18","34364066_IA-300_2025-2","2025-12-18","9","Aprobado","Item Created"
"a0Abm000006rhzeEAA","35077928_MKT-200_2025-2_2025-12-18","35077928_MKT-200_2025-2","2025-12-18","10","Aprobado","Item Created"
"a0Abm000006rhzfEAA","37335497_IA-300_2025-2_2025-12-19","37335497_IA-300_2025-2","2025-12-19","10","Aprobado","Item Created"
